Copyright 1986-2019 Xilinx, Inc. All Rights Reserved.
------------------------------------------------------------------------------------------------------------------------------------------
| Tool Version : Vivado v.2019.1 (lin64) Build 2552052 Fri May 24 14:47:09 MDT 2019
| Date         : Wed Jun 17 10:25:46 2026
| Host         : valmyrsilva07-B760M-AORUS-ELITE running 64-bit Ubuntu 20.04.6 LTS
| Command      : report_bus_skew -warn_on_violation -file top_bus_skew_routed.rpt -pb top_bus_skew_routed.pb -rpx top_bus_skew_routed.rpx
| Design       : top
| Device       : 7vx690t-ffg1927
| Speed File   : -2  PRODUCTION 1.11 2014-09-11
------------------------------------------------------------------------------------------------------------------------------------------

Bus Skew Report

Table of Contents
-----------------
1. Bus Skew Report Summary
2. Bus Skew Report Per Constraint

1. Bus Skew Report Summary
--------------------------

Id  Position  From                            To                              Corner  Requirement(ns)  Actual(ns)  Slack(ns)
--  --------  ------------------------------  ------------------------------  ------  ---------------  ----------  ---------
1   279       [get_cells [list {ethernet_one_gbe_skarab_loopback1_tx_one_gbe/kat_ten_gb_eth_0/tge_rx_inst/rx_packet_ctrl_fifo_inst/U0/inst_fifo_gen/gconvfifo.rf/grf.rf/gntv_or_sync_fifo.gcx.clkx/rd_pntr_cdc_inst/src_gray_ff_reg[0]} {ethernet_one_gbe_skarab_loopback1_tx_one_gbe/kat_ten_gb_eth_0/tge_rx_inst/rx_packet_ctrl_fifo_inst/U0/inst_fifo_gen/gconvfifo.rf/grf.rf/gntv_or_sync_fifo.gcx.clkx/rd_pntr_cdc_inst/src_gray_ff_reg[1]} {ethernet_one_gbe_skarab_loopback1_tx_one_gbe/kat_ten_gb_eth_0/tge_rx_inst/rx_packet_ctrl_fifo_inst/U0/inst_fifo_gen/gconvfifo.rf/grf.rf/gntv_or_sync_fifo.gcx.clkx/rd_pntr_cdc_inst/src_gray_ff_reg[2]} {ethernet_one_gbe_skarab_loopback1_tx_one_gbe/kat_ten_gb_eth_0/tge_rx_inst/rx_packet_ctrl_fifo_inst/U0/inst_fifo_gen/gconvfifo.rf/grf.rf/gntv_or_sync_fifo.gcx.clkx/rd_pntr_cdc_inst/src_gray_ff_reg[3]}]]
                                              [get_cells [list {ethernet_one_gbe_skarab_loopback1_tx_one_gbe/kat_ten_gb_eth_0/tge_rx_inst/rx_packet_ctrl_fifo_inst/U0/inst_fifo_gen/gconvfifo.rf/grf.rf/gntv_or_sync_fifo.gcx.clkx/rd_pntr_cdc_inst/dest_graysync_ff_reg[0][0]} {ethernet_one_gbe_skarab_loopback1_tx_one_gbe/kat_ten_gb_eth_0/tge_rx_inst/rx_packet_ctrl_fifo_inst/U0/inst_fifo_gen/gconvfifo.rf/grf.rf/gntv_or_sync_fifo.gcx.clkx/rd_pntr_cdc_inst/dest_graysync_ff_reg[0][1]} {ethernet_one_gbe_skarab_loopback1_tx_one_gbe/kat_ten_gb_eth_0/tge_rx_inst/rx_packet_ctrl_fifo_inst/U0/inst_fifo_gen/gconvfifo.rf/grf.rf/gntv_or_sync_fifo.gcx.clkx/rd_pntr_cdc_inst/dest_graysync_ff_reg[0][2]} {ethernet_one_gbe_skarab_loopback1_tx_one_gbe/kat_ten_gb_eth_0/tge_rx_inst/rx_packet_ctrl_fifo_inst/U0/inst_fifo_gen/gconvfifo.rf/grf.rf/gntv_or_sync_fifo.gcx.clkx/rd_pntr_cdc_inst/dest_graysync_ff_reg[0][3]}]]
                                                                              Slow              4.335       1.425      2.910
2   281       [get_cells [list {ethernet_one_gbe_skarab_loopback1_tx_one_gbe/kat_ten_gb_eth_0/tge_rx_inst/rx_packet_ctrl_fifo_inst/U0/inst_fifo_gen/gconvfifo.rf/grf.rf/gntv_or_sync_fifo.gcx.clkx/wr_pntr_cdc_inst/src_gray_ff_reg[0]} {ethernet_one_gbe_skarab_loopback1_tx_one_gbe/kat_ten_gb_eth_0/tge_rx_inst/rx_packet_ctrl_fifo_inst/U0/inst_fifo_gen/gconvfifo.rf/grf.rf/gntv_or_sync_fifo.gcx.clkx/wr_pntr_cdc_inst/src_gray_ff_reg[1]} {ethernet_one_gbe_skarab_loopback1_tx_one_gbe/kat_ten_gb_eth_0/tge_rx_inst/rx_packet_ctrl_fifo_inst/U0/inst_fifo_gen/gconvfifo.rf/grf.rf/gntv_or_sync_fifo.gcx.clkx/wr_pntr_cdc_inst/src_gray_ff_reg[2]} {ethernet_one_gbe_skarab_loopback1_tx_one_gbe/kat_ten_gb_eth_0/tge_rx_inst/rx_packet_ctrl_fifo_inst/U0/inst_fifo_gen/gconvfifo.rf/grf.rf/gntv_or_sync_fifo.gcx.clkx/wr_pntr_cdc_inst/src_gray_ff_reg[3]}]]
                                              [get_cells [list {ethernet_one_gbe_skarab_loopback1_tx_one_gbe/kat_ten_gb_eth_0/tge_rx_inst/rx_packet_ctrl_fifo_inst/U0/inst_fifo_gen/gconvfifo.rf/grf.rf/gntv_or_sync_fifo.gcx.clkx/wr_pntr_cdc_inst/dest_graysync_ff_reg[0][0]} {ethernet_one_gbe_skarab_loopback1_tx_one_gbe/kat_ten_gb_eth_0/tge_rx_inst/rx_packet_ctrl_fifo_inst/U0/inst_fifo_gen/gconvfifo.rf/grf.rf/gntv_or_sync_fifo.gcx.clkx/wr_pntr_cdc_inst/dest_graysync_ff_reg[0][1]} {ethernet_one_gbe_skarab_loopback1_tx_one_gbe/kat_ten_gb_eth_0/tge_rx_inst/rx_packet_ctrl_fifo_inst/U0/inst_fifo_gen/gconvfifo.rf/grf.rf/gntv_or_sync_fifo.gcx.clkx/wr_pntr_cdc_inst/dest_graysync_ff_reg[0][2]} {ethernet_one_gbe_skarab_loopback1_tx_one_gbe/kat_ten_gb_eth_0/tge_rx_inst/rx_packet_ctrl_fifo_inst/U0/inst_fifo_gen/gconvfifo.rf/grf.rf/gntv_or_sync_fifo.gcx.clkx/wr_pntr_cdc_inst/dest_graysync_ff_reg[0][3]}]]
                                                                              Slow              4.335       1.393      2.942
3   283       [get_cells [list {ethernet_one_gbe_skarab_loopback1_tx_one_gbe/kat_ten_gb_eth_0/tge_rx_inst/use_bram.rx_packet_fifo_bram_inst/U0/inst_fifo_gen/gconvfifo.rf/grf.rf/gntv_or_sync_fifo.gcx.clkx/rd_pntr_cdc_inst/src_gray_ff_reg[0]} {ethernet_one_gbe_skarab_loopback1_tx_one_gbe/kat_ten_gb_eth_0/tge_rx_inst/use_bram.rx_packet_fifo_bram_inst/U0/inst_fifo_gen/gconvfifo.rf/grf.rf/gntv_or_sync_fifo.gcx.clkx/rd_pntr_cdc_inst/src_gray_ff_reg[1]} {ethernet_one_gbe_skarab_loopback1_tx_one_gbe/kat_ten_gb_eth_0/tge_rx_inst/use_bram.rx_packet_fifo_bram_inst/U0/inst_fifo_gen/gconvfifo.rf/grf.rf/gntv_or_sync_fifo.gcx.clkx/rd_pntr_cdc_inst/src_gray_ff_reg[2]} {ethernet_one_gbe_skarab_loopback1_tx_one_gbe/kat_ten_gb_eth_0/tge_rx_inst/use_bram.rx_packet_fifo_bram_inst/U0/inst_fifo_gen/gconvfifo.rf/grf.rf/gntv_or_sync_fifo.gcx.clkx/rd_pntr_cdc_inst/src_gray_ff_reg[3]} {ethernet_one_gbe_skarab_loopback1_tx_one_gbe/kat_ten_gb_eth_0/tge_rx_inst/use_bram.rx_packet_fifo_bram_inst/U0/inst_fifo_gen/gconvfifo.rf/grf.rf/gntv_or_sync_fifo.gcx.clkx/rd_pntr_cdc_inst/src_gray_ff_reg[4]} {ethernet_one_gbe_skarab_loopback1_tx_one_gbe/kat_ten_gb_eth_0/tge_rx_inst/use_bram.rx_packet_fifo_bram_inst/U0/inst_fifo_gen/gconvfifo.rf/grf.rf/gntv_or_sync_fifo.gcx.clkx/rd_pntr_cdc_inst/src_gray_ff_reg[5]} {ethernet_one_gbe_skarab_loopback1_tx_one_gbe/kat_ten_gb_eth_0/tge_rx_inst/use_bram.rx_packet_fifo_bram_inst/U0/inst_fifo_gen/gconvfifo.rf/grf.rf/gntv_or_sync_fifo.gcx.clkx/rd_pntr_cdc_inst/src_gray_ff_reg[6]} {ethernet_one_gbe_skarab_loopback1_tx_one_gbe/kat_ten_gb_eth_0/tge_rx_inst/use_bram.rx_packet_fifo_bram_inst/U0/inst_fifo_gen/gconvfifo.rf/grf.rf/gntv_or_sync_fifo.gcx.clkx/rd_pntr_cdc_inst/src_gray_ff_reg[7]} {ethernet_one_gbe_skarab_loopback1_tx_one_gbe/kat_ten_gb_eth_0/tge_rx_inst/use_bram.rx_packet_fifo_bram_inst/U0/inst_fifo_gen/gconvfifo.rf/grf.rf/gntv_or_sync_fifo.gcx.clkx/rd_pntr_cdc_inst/src_gray_ff_reg[8]} {ethernet_one_gbe_skarab_loopback1_tx_one_gbe/kat_ten_gb_eth_0/tge_rx_inst/use_bram.rx_packet_fifo_bram_inst/U0/inst_fifo_gen/gconvfifo.rf/grf.rf/gntv_or_sync_fifo.gcx.clkx/rd_pntr_cdc_inst/src_gray_ff_reg[9]}]]
                                              [get_cells [list {ethernet_one_gbe_skarab_loopback1_tx_one_gbe/kat_ten_gb_eth_0/tge_rx_inst/use_bram.rx_packet_fifo_bram_inst/U0/inst_fifo_gen/gconvfifo.rf/grf.rf/gntv_or_sync_fifo.gcx.clkx/rd_pntr_cdc_inst/dest_graysync_ff_reg[0][0]} {ethernet_one_gbe_skarab_loopback1_tx_one_gbe/kat_ten_gb_eth_0/tge_rx_inst/use_bram.rx_packet_fifo_bram_inst/U0/inst_fifo_gen/gconvfifo.rf/grf.rf/gntv_or_sync_fifo.gcx.clkx/rd_pntr_cdc_inst/dest_graysync_ff_reg[0][1]} {ethernet_one_gbe_skarab_loopback1_tx_one_gbe/kat_ten_gb_eth_0/tge_rx_inst/use_bram.rx_packet_fifo_bram_inst/U0/inst_fifo_gen/gconvfifo.rf/grf.rf/gntv_or_sync_fifo.gcx.clkx/rd_pntr_cdc_inst/dest_graysync_ff_reg[0][2]} {ethernet_one_gbe_skarab_loopback1_tx_one_gbe/kat_ten_gb_eth_0/tge_rx_inst/use_bram.rx_packet_fifo_bram_inst/U0/inst_fifo_gen/gconvfifo.rf/grf.rf/gntv_or_sync_fifo.gcx.clkx/rd_pntr_cdc_inst/dest_graysync_ff_reg[0][3]} {ethernet_one_gbe_skarab_loopback1_tx_one_gbe/kat_ten_gb_eth_0/tge_rx_inst/use_bram.rx_packet_fifo_bram_inst/U0/inst_fifo_gen/gconvfifo.rf/grf.rf/gntv_or_sync_fifo.gcx.clkx/rd_pntr_cdc_inst/dest_graysync_ff_reg[0][4]} {ethernet_one_gbe_skarab_loopback1_tx_one_gbe/kat_ten_gb_eth_0/tge_rx_inst/use_bram.rx_packet_fifo_bram_inst/U0/inst_fifo_gen/gconvfifo.rf/grf.rf/gntv_or_sync_fifo.gcx.clkx/rd_pntr_cdc_inst/dest_graysync_ff_reg[0][5]} {ethernet_one_gbe_skarab_loopback1_tx_one_gbe/kat_ten_gb_eth_0/tge_rx_inst/use_bram.rx_packet_fifo_bram_inst/U0/inst_fifo_gen/gconvfifo.rf/grf.rf/gntv_or_sync_fifo.gcx.clkx/rd_pntr_cdc_inst/dest_graysync_ff_reg[0][6]} {ethernet_one_gbe_skarab_loopback1_tx_one_gbe/kat_ten_gb_eth_0/tge_rx_inst/use_bram.rx_packet_fifo_bram_inst/U0/inst_fifo_gen/gconvfifo.rf/grf.rf/gntv_or_sync_fifo.gcx.clkx/rd_pntr_cdc_inst/dest_graysync_ff_reg[0][7]} {ethernet_one_gbe_skarab_loopback1_tx_one_gbe/kat_ten_gb_eth_0/tge_rx_inst/use_bram.rx_packet_fifo_bram_inst/U0/inst_fifo_gen/gconvfifo.rf/grf.rf/gntv_or_sync_fifo.gcx.clkx/rd_pntr_cdc_inst/dest_graysync_ff_reg[0][8]} {ethernet_one_gbe_skarab_loopback1_tx_one_gbe/kat_ten_gb_eth_0/tge_rx_inst/use_bram.rx_packet_fifo_bram_inst/U0/inst_fifo_gen/gconvfifo.rf/grf.rf/gntv_or_sync_fifo.gcx.clkx/rd_pntr_cdc_inst/dest_graysync_ff_reg[0][9]}]]
                                                                              Slow              4.335       1.506      2.829
4   285       [get_cells [list {ethernet_one_gbe_skarab_loopback1_tx_one_gbe/kat_ten_gb_eth_0/tge_rx_inst/use_bram.rx_packet_fifo_bram_inst/U0/inst_fifo_gen/gconvfifo.rf/grf.rf/gntv_or_sync_fifo.gcx.clkx/wr_pntr_cdc_inst/src_gray_ff_reg[0]} {ethernet_one_gbe_skarab_loopback1_tx_one_gbe/kat_ten_gb_eth_0/tge_rx_inst/use_bram.rx_packet_fifo_bram_inst/U0/inst_fifo_gen/gconvfifo.rf/grf.rf/gntv_or_sync_fifo.gcx.clkx/wr_pntr_cdc_inst/src_gray_ff_reg[1]} {ethernet_one_gbe_skarab_loopback1_tx_one_gbe/kat_ten_gb_eth_0/tge_rx_inst/use_bram.rx_packet_fifo_bram_inst/U0/inst_fifo_gen/gconvfifo.rf/grf.rf/gntv_or_sync_fifo.gcx.clkx/wr_pntr_cdc_inst/src_gray_ff_reg[2]} {ethernet_one_gbe_skarab_loopback1_tx_one_gbe/kat_ten_gb_eth_0/tge_rx_inst/use_bram.rx_packet_fifo_bram_inst/U0/inst_fifo_gen/gconvfifo.rf/grf.rf/gntv_or_sync_fifo.gcx.clkx/wr_pntr_cdc_inst/src_gray_ff_reg[3]} {ethernet_one_gbe_skarab_loopback1_tx_one_gbe/kat_ten_gb_eth_0/tge_rx_inst/use_bram.rx_packet_fifo_bram_inst/U0/inst_fifo_gen/gconvfifo.rf/grf.rf/gntv_or_sync_fifo.gcx.clkx/wr_pntr_cdc_inst/src_gray_ff_reg[4]} {ethernet_one_gbe_skarab_loopback1_tx_one_gbe/kat_ten_gb_eth_0/tge_rx_inst/use_bram.rx_packet_fifo_bram_inst/U0/inst_fifo_gen/gconvfifo.rf/grf.rf/gntv_or_sync_fifo.gcx.clkx/wr_pntr_cdc_inst/src_gray_ff_reg[5]} {ethernet_one_gbe_skarab_loopback1_tx_one_gbe/kat_ten_gb_eth_0/tge_rx_inst/use_bram.rx_packet_fifo_bram_inst/U0/inst_fifo_gen/gconvfifo.rf/grf.rf/gntv_or_sync_fifo.gcx.clkx/wr_pntr_cdc_inst/src_gray_ff_reg[6]} {ethernet_one_gbe_skarab_loopback1_tx_one_gbe/kat_ten_gb_eth_0/tge_rx_inst/use_bram.rx_packet_fifo_bram_inst/U0/inst_fifo_gen/gconvfifo.rf/grf.rf/gntv_or_sync_fifo.gcx.clkx/wr_pntr_cdc_inst/src_gray_ff_reg[7]} {ethernet_one_gbe_skarab_loopback1_tx_one_gbe/kat_ten_gb_eth_0/tge_rx_inst/use_bram.rx_packet_fifo_bram_inst/U0/inst_fifo_gen/gconvfifo.rf/grf.rf/gntv_or_sync_fifo.gcx.clkx/wr_pntr_cdc_inst/src_gray_ff_reg[8]} {ethernet_one_gbe_skarab_loopback1_tx_one_gbe/kat_ten_gb_eth_0/tge_rx_inst/use_bram.rx_packet_fifo_bram_inst/U0/inst_fifo_gen/gconvfifo.rf/grf.rf/gntv_or_sync_fifo.gcx.clkx/wr_pntr_cdc_inst/src_gray_ff_reg[9]}]]
                                              [get_cells [list {ethernet_one_gbe_skarab_loopback1_tx_one_gbe/kat_ten_gb_eth_0/tge_rx_inst/use_bram.rx_packet_fifo_bram_inst/U0/inst_fifo_gen/gconvfifo.rf/grf.rf/gntv_or_sync_fifo.gcx.clkx/wr_pntr_cdc_inst/dest_graysync_ff_reg[0][0]} {ethernet_one_gbe_skarab_loopback1_tx_one_gbe/kat_ten_gb_eth_0/tge_rx_inst/use_bram.rx_packet_fifo_bram_inst/U0/inst_fifo_gen/gconvfifo.rf/grf.rf/gntv_or_sync_fifo.gcx.clkx/wr_pntr_cdc_inst/dest_graysync_ff_reg[0][1]} {ethernet_one_gbe_skarab_loopback1_tx_one_gbe/kat_ten_gb_eth_0/tge_rx_inst/use_bram.rx_packet_fifo_bram_inst/U0/inst_fifo_gen/gconvfifo.rf/grf.rf/gntv_or_sync_fifo.gcx.clkx/wr_pntr_cdc_inst/dest_graysync_ff_reg[0][2]} {ethernet_one_gbe_skarab_loopback1_tx_one_gbe/kat_ten_gb_eth_0/tge_rx_inst/use_bram.rx_packet_fifo_bram_inst/U0/inst_fifo_gen/gconvfifo.rf/grf.rf/gntv_or_sync_fifo.gcx.clkx/wr_pntr_cdc_inst/dest_graysync_ff_reg[0][3]} {ethernet_one_gbe_skarab_loopback1_tx_one_gbe/kat_ten_gb_eth_0/tge_rx_inst/use_bram.rx_packet_fifo_bram_inst/U0/inst_fifo_gen/gconvfifo.rf/grf.rf/gntv_or_sync_fifo.gcx.clkx/wr_pntr_cdc_inst/dest_graysync_ff_reg[0][4]} {ethernet_one_gbe_skarab_loopback1_tx_one_gbe/kat_ten_gb_eth_0/tge_rx_inst/use_bram.rx_packet_fifo_bram_inst/U0/inst_fifo_gen/gconvfifo.rf/grf.rf/gntv_or_sync_fifo.gcx.clkx/wr_pntr_cdc_inst/dest_graysync_ff_reg[0][5]} {ethernet_one_gbe_skarab_loopback1_tx_one_gbe/kat_ten_gb_eth_0/tge_rx_inst/use_bram.rx_packet_fifo_bram_inst/U0/inst_fifo_gen/gconvfifo.rf/grf.rf/gntv_or_sync_fifo.gcx.clkx/wr_pntr_cdc_inst/dest_graysync_ff_reg[0][6]} {ethernet_one_gbe_skarab_loopback1_tx_one_gbe/kat_ten_gb_eth_0/tge_rx_inst/use_bram.rx_packet_fifo_bram_inst/U0/inst_fifo_gen/gconvfifo.rf/grf.rf/gntv_or_sync_fifo.gcx.clkx/wr_pntr_cdc_inst/dest_graysync_ff_reg[0][7]} {ethernet_one_gbe_skarab_loopback1_tx_one_gbe/kat_ten_gb_eth_0/tge_rx_inst/use_bram.rx_packet_fifo_bram_inst/U0/inst_fifo_gen/gconvfifo.rf/grf.rf/gntv_or_sync_fifo.gcx.clkx/wr_pntr_cdc_inst/dest_graysync_ff_reg[0][8]} {ethernet_one_gbe_skarab_loopback1_tx_one_gbe/kat_ten_gb_eth_0/tge_rx_inst/use_bram.rx_packet_fifo_bram_inst/U0/inst_fifo_gen/gconvfifo.rf/grf.rf/gntv_or_sync_fifo.gcx.clkx/wr_pntr_cdc_inst/dest_graysync_ff_reg[0][9]}]]
                                                                              Slow              4.335       1.648      2.687
5   287       [get_cells [list {ethernet_one_gbe_skarab_loopback1_tx_one_gbe/kat_ten_gb_eth_0/tge_tx_inst/tx_packet_ctrl_fifo_inst/U0/inst_fifo_gen/gconvfifo.rf/grf.rf/gntv_or_sync_fifo.gcx.clkx/rd_pntr_cdc_inst/src_gray_ff_reg[0]} {ethernet_one_gbe_skarab_loopback1_tx_one_gbe/kat_ten_gb_eth_0/tge_tx_inst/tx_packet_ctrl_fifo_inst/U0/inst_fifo_gen/gconvfifo.rf/grf.rf/gntv_or_sync_fifo.gcx.clkx/rd_pntr_cdc_inst/src_gray_ff_reg[1]} {ethernet_one_gbe_skarab_loopback1_tx_one_gbe/kat_ten_gb_eth_0/tge_tx_inst/tx_packet_ctrl_fifo_inst/U0/inst_fifo_gen/gconvfifo.rf/grf.rf/gntv_or_sync_fifo.gcx.clkx/rd_pntr_cdc_inst/src_gray_ff_reg[2]} {ethernet_one_gbe_skarab_loopback1_tx_one_gbe/kat_ten_gb_eth_0/tge_tx_inst/tx_packet_ctrl_fifo_inst/U0/inst_fifo_gen/gconvfifo.rf/grf.rf/gntv_or_sync_fifo.gcx.clkx/rd_pntr_cdc_inst/src_gray_ff_reg[3]}]]
                                              [get_cells [list {ethernet_one_gbe_skarab_loopback1_tx_one_gbe/kat_ten_gb_eth_0/tge_tx_inst/tx_packet_ctrl_fifo_inst/U0/inst_fifo_gen/gconvfifo.rf/grf.rf/gntv_or_sync_fifo.gcx.clkx/rd_pntr_cdc_inst/dest_graysync_ff_reg[0][0]} {ethernet_one_gbe_skarab_loopback1_tx_one_gbe/kat_ten_gb_eth_0/tge_tx_inst/tx_packet_ctrl_fifo_inst/U0/inst_fifo_gen/gconvfifo.rf/grf.rf/gntv_or_sync_fifo.gcx.clkx/rd_pntr_cdc_inst/dest_graysync_ff_reg[0][1]} {ethernet_one_gbe_skarab_loopback1_tx_one_gbe/kat_ten_gb_eth_0/tge_tx_inst/tx_packet_ctrl_fifo_inst/U0/inst_fifo_gen/gconvfifo.rf/grf.rf/gntv_or_sync_fifo.gcx.clkx/rd_pntr_cdc_inst/dest_graysync_ff_reg[0][2]} {ethernet_one_gbe_skarab_loopback1_tx_one_gbe/kat_ten_gb_eth_0/tge_tx_inst/tx_packet_ctrl_fifo_inst/U0/inst_fifo_gen/gconvfifo.rf/grf.rf/gntv_or_sync_fifo.gcx.clkx/rd_pntr_cdc_inst/dest_graysync_ff_reg[0][3]}]]
                                                                              Slow              4.335       1.414      2.921
6   289       [get_cells [list {ethernet_one_gbe_skarab_loopback1_tx_one_gbe/kat_ten_gb_eth_0/tge_tx_inst/tx_packet_ctrl_fifo_inst/U0/inst_fifo_gen/gconvfifo.rf/grf.rf/gntv_or_sync_fifo.gcx.clkx/wr_pntr_cdc_inst/src_gray_ff_reg[0]} {ethernet_one_gbe_skarab_loopback1_tx_one_gbe/kat_ten_gb_eth_0/tge_tx_inst/tx_packet_ctrl_fifo_inst/U0/inst_fifo_gen/gconvfifo.rf/grf.rf/gntv_or_sync_fifo.gcx.clkx/wr_pntr_cdc_inst/src_gray_ff_reg[1]} {ethernet_one_gbe_skarab_loopback1_tx_one_gbe/kat_ten_gb_eth_0/tge_tx_inst/tx_packet_ctrl_fifo_inst/U0/inst_fifo_gen/gconvfifo.rf/grf.rf/gntv_or_sync_fifo.gcx.clkx/wr_pntr_cdc_inst/src_gray_ff_reg[2]} {ethernet_one_gbe_skarab_loopback1_tx_one_gbe/kat_ten_gb_eth_0/tge_tx_inst/tx_packet_ctrl_fifo_inst/U0/inst_fifo_gen/gconvfifo.rf/grf.rf/gntv_or_sync_fifo.gcx.clkx/wr_pntr_cdc_inst/src_gray_ff_reg[3]}]]
                                              [get_cells [list {ethernet_one_gbe_skarab_loopback1_tx_one_gbe/kat_ten_gb_eth_0/tge_tx_inst/tx_packet_ctrl_fifo_inst/U0/inst_fifo_gen/gconvfifo.rf/grf.rf/gntv_or_sync_fifo.gcx.clkx/wr_pntr_cdc_inst/dest_graysync_ff_reg[0][0]} {ethernet_one_gbe_skarab_loopback1_tx_one_gbe/kat_ten_gb_eth_0/tge_tx_inst/tx_packet_ctrl_fifo_inst/U0/inst_fifo_gen/gconvfifo.rf/grf.rf/gntv_or_sync_fifo.gcx.clkx/wr_pntr_cdc_inst/dest_graysync_ff_reg[0][1]} {ethernet_one_gbe_skarab_loopback1_tx_one_gbe/kat_ten_gb_eth_0/tge_tx_inst/tx_packet_ctrl_fifo_inst/U0/inst_fifo_gen/gconvfifo.rf/grf.rf/gntv_or_sync_fifo.gcx.clkx/wr_pntr_cdc_inst/dest_graysync_ff_reg[0][2]} {ethernet_one_gbe_skarab_loopback1_tx_one_gbe/kat_ten_gb_eth_0/tge_tx_inst/tx_packet_ctrl_fifo_inst/U0/inst_fifo_gen/gconvfifo.rf/grf.rf/gntv_or_sync_fifo.gcx.clkx/wr_pntr_cdc_inst/dest_graysync_ff_reg[0][3]}]]
                                                                              Slow              4.335       1.455      2.880
7   291       [get_cells [list {ethernet_one_gbe_skarab_loopback1_tx_one_gbe/kat_ten_gb_eth_0/tge_tx_inst/tx_packet_fifo_inst/U0/inst_fifo_gen/gconvfifo.rf/grf.rf/gntv_or_sync_fifo.gcx.clkx/rd_pntr_cdc_inst/src_gray_ff_reg[0]} {ethernet_one_gbe_skarab_loopback1_tx_one_gbe/kat_ten_gb_eth_0/tge_tx_inst/tx_packet_fifo_inst/U0/inst_fifo_gen/gconvfifo.rf/grf.rf/gntv_or_sync_fifo.gcx.clkx/rd_pntr_cdc_inst/src_gray_ff_reg[1]} {ethernet_one_gbe_skarab_loopback1_tx_one_gbe/kat_ten_gb_eth_0/tge_tx_inst/tx_packet_fifo_inst/U0/inst_fifo_gen/gconvfifo.rf/grf.rf/gntv_or_sync_fifo.gcx.clkx/rd_pntr_cdc_inst/src_gray_ff_reg[2]} {ethernet_one_gbe_skarab_loopback1_tx_one_gbe/kat_ten_gb_eth_0/tge_tx_inst/tx_packet_fifo_inst/U0/inst_fifo_gen/gconvfifo.rf/grf.rf/gntv_or_sync_fifo.gcx.clkx/rd_pntr_cdc_inst/src_gray_ff_reg[3]} {ethernet_one_gbe_skarab_loopback1_tx_one_gbe/kat_ten_gb_eth_0/tge_tx_inst/tx_packet_fifo_inst/U0/inst_fifo_gen/gconvfifo.rf/grf.rf/gntv_or_sync_fifo.gcx.clkx/rd_pntr_cdc_inst/src_gray_ff_reg[4]} {ethernet_one_gbe_skarab_loopback1_tx_one_gbe/kat_ten_gb_eth_0/tge_tx_inst/tx_packet_fifo_inst/U0/inst_fifo_gen/gconvfifo.rf/grf.rf/gntv_or_sync_fifo.gcx.clkx/rd_pntr_cdc_inst/src_gray_ff_reg[5]} {ethernet_one_gbe_skarab_loopback1_tx_one_gbe/kat_ten_gb_eth_0/tge_tx_inst/tx_packet_fifo_inst/U0/inst_fifo_gen/gconvfifo.rf/grf.rf/gntv_or_sync_fifo.gcx.clkx/rd_pntr_cdc_inst/src_gray_ff_reg[6]} {ethernet_one_gbe_skarab_loopback1_tx_one_gbe/kat_ten_gb_eth_0/tge_tx_inst/tx_packet_fifo_inst/U0/inst_fifo_gen/gconvfifo.rf/grf.rf/gntv_or_sync_fifo.gcx.clkx/rd_pntr_cdc_inst/src_gray_ff_reg[7]} {ethernet_one_gbe_skarab_loopback1_tx_one_gbe/kat_ten_gb_eth_0/tge_tx_inst/tx_packet_fifo_inst/U0/inst_fifo_gen/gconvfifo.rf/grf.rf/gntv_or_sync_fifo.gcx.clkx/rd_pntr_cdc_inst/src_gray_ff_reg[8]} {ethernet_one_gbe_skarab_loopback1_tx_one_gbe/kat_ten_gb_eth_0/tge_tx_inst/tx_packet_fifo_inst/U0/inst_fifo_gen/gconvfifo.rf/grf.rf/gntv_or_sync_fifo.gcx.clkx/rd_pntr_cdc_inst/src_gray_ff_reg[9]}]]
                                              [get_cells [list {ethernet_one_gbe_skarab_loopback1_tx_one_gbe/kat_ten_gb_eth_0/tge_tx_inst/tx_packet_fifo_inst/U0/inst_fifo_gen/gconvfifo.rf/grf.rf/gntv_or_sync_fifo.gcx.clkx/rd_pntr_cdc_inst/dest_graysync_ff_reg[0][0]} {ethernet_one_gbe_skarab_loopback1_tx_one_gbe/kat_ten_gb_eth_0/tge_tx_inst/tx_packet_fifo_inst/U0/inst_fifo_gen/gconvfifo.rf/grf.rf/gntv_or_sync_fifo.gcx.clkx/rd_pntr_cdc_inst/dest_graysync_ff_reg[0][1]} {ethernet_one_gbe_skarab_loopback1_tx_one_gbe/kat_ten_gb_eth_0/tge_tx_inst/tx_packet_fifo_inst/U0/inst_fifo_gen/gconvfifo.rf/grf.rf/gntv_or_sync_fifo.gcx.clkx/rd_pntr_cdc_inst/dest_graysync_ff_reg[0][2]} {ethernet_one_gbe_skarab_loopback1_tx_one_gbe/kat_ten_gb_eth_0/tge_tx_inst/tx_packet_fifo_inst/U0/inst_fifo_gen/gconvfifo.rf/grf.rf/gntv_or_sync_fifo.gcx.clkx/rd_pntr_cdc_inst/dest_graysync_ff_reg[0][3]} {ethernet_one_gbe_skarab_loopback1_tx_one_gbe/kat_ten_gb_eth_0/tge_tx_inst/tx_packet_fifo_inst/U0/inst_fifo_gen/gconvfifo.rf/grf.rf/gntv_or_sync_fifo.gcx.clkx/rd_pntr_cdc_inst/dest_graysync_ff_reg[0][4]} {ethernet_one_gbe_skarab_loopback1_tx_one_gbe/kat_ten_gb_eth_0/tge_tx_inst/tx_packet_fifo_inst/U0/inst_fifo_gen/gconvfifo.rf/grf.rf/gntv_or_sync_fifo.gcx.clkx/rd_pntr_cdc_inst/dest_graysync_ff_reg[0][5]} {ethernet_one_gbe_skarab_loopback1_tx_one_gbe/kat_ten_gb_eth_0/tge_tx_inst/tx_packet_fifo_inst/U0/inst_fifo_gen/gconvfifo.rf/grf.rf/gntv_or_sync_fifo.gcx.clkx/rd_pntr_cdc_inst/dest_graysync_ff_reg[0][6]} {ethernet_one_gbe_skarab_loopback1_tx_one_gbe/kat_ten_gb_eth_0/tge_tx_inst/tx_packet_fifo_inst/U0/inst_fifo_gen/gconvfifo.rf/grf.rf/gntv_or_sync_fifo.gcx.clkx/rd_pntr_cdc_inst/dest_graysync_ff_reg[0][7]} {ethernet_one_gbe_skarab_loopback1_tx_one_gbe/kat_ten_gb_eth_0/tge_tx_inst/tx_packet_fifo_inst/U0/inst_fifo_gen/gconvfifo.rf/grf.rf/gntv_or_sync_fifo.gcx.clkx/rd_pntr_cdc_inst/dest_graysync_ff_reg[0][8]} {ethernet_one_gbe_skarab_loopback1_tx_one_gbe/kat_ten_gb_eth_0/tge_tx_inst/tx_packet_fifo_inst/U0/inst_fifo_gen/gconvfifo.rf/grf.rf/gntv_or_sync_fifo.gcx.clkx/rd_pntr_cdc_inst/dest_graysync_ff_reg[0][9]}]]
                                                                              Slow              4.335       1.564      2.771
8   293       [get_cells [list {ethernet_one_gbe_skarab_loopback1_tx_one_gbe/kat_ten_gb_eth_0/tge_tx_inst/tx_packet_fifo_inst/U0/inst_fifo_gen/gconvfifo.rf/grf.rf/gntv_or_sync_fifo.gcx.clkx/wr_pntr_cdc_inst/src_gray_ff_reg[0]} {ethernet_one_gbe_skarab_loopback1_tx_one_gbe/kat_ten_gb_eth_0/tge_tx_inst/tx_packet_fifo_inst/U0/inst_fifo_gen/gconvfifo.rf/grf.rf/gntv_or_sync_fifo.gcx.clkx/wr_pntr_cdc_inst/src_gray_ff_reg[1]} {ethernet_one_gbe_skarab_loopback1_tx_one_gbe/kat_ten_gb_eth_0/tge_tx_inst/tx_packet_fifo_inst/U0/inst_fifo_gen/gconvfifo.rf/grf.rf/gntv_or_sync_fifo.gcx.clkx/wr_pntr_cdc_inst/src_gray_ff_reg[2]} {ethernet_one_gbe_skarab_loopback1_tx_one_gbe/kat_ten_gb_eth_0/tge_tx_inst/tx_packet_fifo_inst/U0/inst_fifo_gen/gconvfifo.rf/grf.rf/gntv_or_sync_fifo.gcx.clkx/wr_pntr_cdc_inst/src_gray_ff_reg[3]} {ethernet_one_gbe_skarab_loopback1_tx_one_gbe/kat_ten_gb_eth_0/tge_tx_inst/tx_packet_fifo_inst/U0/inst_fifo_gen/gconvfifo.rf/grf.rf/gntv_or_sync_fifo.gcx.clkx/wr_pntr_cdc_inst/src_gray_ff_reg[4]} {ethernet_one_gbe_skarab_loopback1_tx_one_gbe/kat_ten_gb_eth_0/tge_tx_inst/tx_packet_fifo_inst/U0/inst_fifo_gen/gconvfifo.rf/grf.rf/gntv_or_sync_fifo.gcx.clkx/wr_pntr_cdc_inst/src_gray_ff_reg[5]} {ethernet_one_gbe_skarab_loopback1_tx_one_gbe/kat_ten_gb_eth_0/tge_tx_inst/tx_packet_fifo_inst/U0/inst_fifo_gen/gconvfifo.rf/grf.rf/gntv_or_sync_fifo.gcx.clkx/wr_pntr_cdc_inst/src_gray_ff_reg[6]} {ethernet_one_gbe_skarab_loopback1_tx_one_gbe/kat_ten_gb_eth_0/tge_tx_inst/tx_packet_fifo_inst/U0/inst_fifo_gen/gconvfifo.rf/grf.rf/gntv_or_sync_fifo.gcx.clkx/wr_pntr_cdc_inst/src_gray_ff_reg[7]} {ethernet_one_gbe_skarab_loopback1_tx_one_gbe/kat_ten_gb_eth_0/tge_tx_inst/tx_packet_fifo_inst/U0/inst_fifo_gen/gconvfifo.rf/grf.rf/gntv_or_sync_fifo.gcx.clkx/wr_pntr_cdc_inst/src_gray_ff_reg[8]} {ethernet_one_gbe_skarab_loopback1_tx_one_gbe/kat_ten_gb_eth_0/tge_tx_inst/tx_packet_fifo_inst/U0/inst_fifo_gen/gconvfifo.rf/grf.rf/gntv_or_sync_fifo.gcx.clkx/wr_pntr_cdc_inst/src_gray_ff_reg[9]}]]
                                              [get_cells [list {ethernet_one_gbe_skarab_loopback1_tx_one_gbe/kat_ten_gb_eth_0/tge_tx_inst/tx_packet_fifo_inst/U0/inst_fifo_gen/gconvfifo.rf/grf.rf/gntv_or_sync_fifo.gcx.clkx/wr_pntr_cdc_inst/dest_graysync_ff_reg[0][0]} {ethernet_one_gbe_skarab_loopback1_tx_one_gbe/kat_ten_gb_eth_0/tge_tx_inst/tx_packet_fifo_inst/U0/inst_fifo_gen/gconvfifo.rf/grf.rf/gntv_or_sync_fifo.gcx.clkx/wr_pntr_cdc_inst/dest_graysync_ff_reg[0][1]} {ethernet_one_gbe_skarab_loopback1_tx_one_gbe/kat_ten_gb_eth_0/tge_tx_inst/tx_packet_fifo_inst/U0/inst_fifo_gen/gconvfifo.rf/grf.rf/gntv_or_sync_fifo.gcx.clkx/wr_pntr_cdc_inst/dest_graysync_ff_reg[0][2]} {ethernet_one_gbe_skarab_loopback1_tx_one_gbe/kat_ten_gb_eth_0/tge_tx_inst/tx_packet_fifo_inst/U0/inst_fifo_gen/gconvfifo.rf/grf.rf/gntv_or_sync_fifo.gcx.clkx/wr_pntr_cdc_inst/dest_graysync_ff_reg[0][3]} {ethernet_one_gbe_skarab_loopback1_tx_one_gbe/kat_ten_gb_eth_0/tge_tx_inst/tx_packet_fifo_inst/U0/inst_fifo_gen/gconvfifo.rf/grf.rf/gntv_or_sync_fifo.gcx.clkx/wr_pntr_cdc_inst/dest_graysync_ff_reg[0][4]} {ethernet_one_gbe_skarab_loopback1_tx_one_gbe/kat_ten_gb_eth_0/tge_tx_inst/tx_packet_fifo_inst/U0/inst_fifo_gen/gconvfifo.rf/grf.rf/gntv_or_sync_fifo.gcx.clkx/wr_pntr_cdc_inst/dest_graysync_ff_reg[0][5]} {ethernet_one_gbe_skarab_loopback1_tx_one_gbe/kat_ten_gb_eth_0/tge_tx_inst/tx_packet_fifo_inst/U0/inst_fifo_gen/gconvfifo.rf/grf.rf/gntv_or_sync_fifo.gcx.clkx/wr_pntr_cdc_inst/dest_graysync_ff_reg[0][6]} {ethernet_one_gbe_skarab_loopback1_tx_one_gbe/kat_ten_gb_eth_0/tge_tx_inst/tx_packet_fifo_inst/U0/inst_fifo_gen/gconvfifo.rf/grf.rf/gntv_or_sync_fifo.gcx.clkx/wr_pntr_cdc_inst/dest_graysync_ff_reg[0][7]} {ethernet_one_gbe_skarab_loopback1_tx_one_gbe/kat_ten_gb_eth_0/tge_tx_inst/tx_packet_fifo_inst/U0/inst_fifo_gen/gconvfifo.rf/grf.rf/gntv_or_sync_fifo.gcx.clkx/wr_pntr_cdc_inst/dest_graysync_ff_reg[0][8]} {ethernet_one_gbe_skarab_loopback1_tx_one_gbe/kat_ten_gb_eth_0/tge_tx_inst/tx_packet_fifo_inst/U0/inst_fifo_gen/gconvfifo.rf/grf.rf/gntv_or_sync_fifo.gcx.clkx/wr_pntr_cdc_inst/dest_graysync_ff_reg[0][9]}]]
                                                                              Slow              4.335       2.115      2.220


2. Bus Skew Report Per Constraint
---------------------------------

Id: 1
set_bus_skew -from [get_cells [list {ethernet_one_gbe_skarab_loopback1_tx_one_gbe/kat_ten_gb_eth_0/tge_rx_inst/rx_packet_ctrl_fifo_inst/U0/inst_fifo_gen/gconvfifo.rf/grf.rf/gntv_or_sync_fifo.gcx.clkx/rd_pntr_cdc_inst/src_gray_ff_reg[0]} {ethernet_one_gbe_skarab_loopback1_tx_one_gbe/kat_ten_gb_eth_0/tge_rx_inst/rx_packet_ctrl_fifo_inst/U0/inst_fifo_gen/gconvfifo.rf/grf.rf/gntv_or_sync_fifo.gcx.clkx/rd_pntr_cdc_inst/src_gray_ff_reg[1]} {ethernet_one_gbe_skarab_loopback1_tx_one_gbe/kat_ten_gb_eth_0/tge_rx_inst/rx_packet_ctrl_fifo_inst/U0/inst_fifo_gen/gconvfifo.rf/grf.rf/gntv_or_sync_fifo.gcx.clkx/rd_pntr_cdc_inst/src_gray_ff_reg[2]} {ethernet_one_gbe_skarab_loopback1_tx_one_gbe/kat_ten_gb_eth_0/tge_rx_inst/rx_packet_ctrl_fifo_inst/U0/inst_fifo_gen/gconvfifo.rf/grf.rf/gntv_or_sync_fifo.gcx.clkx/rd_pntr_cdc_inst/src_gray_ff_reg[3]}]] -to [get_cells [list {ethernet_one_gbe_skarab_loopback1_tx_one_gbe/kat_ten_gb_eth_0/tge_rx_inst/rx_packet_ctrl_fifo_inst/U0/inst_fifo_gen/gconvfifo.rf/grf.rf/gntv_or_sync_fifo.gcx.clkx/rd_pntr_cdc_inst/dest_graysync_ff_reg[0][0]} {ethernet_one_gbe_skarab_loopback1_tx_one_gbe/kat_ten_gb_eth_0/tge_rx_inst/rx_packet_ctrl_fifo_inst/U0/inst_fifo_gen/gconvfifo.rf/grf.rf/gntv_or_sync_fifo.gcx.clkx/rd_pntr_cdc_inst/dest_graysync_ff_reg[0][1]} {ethernet_one_gbe_skarab_loopback1_tx_one_gbe/kat_ten_gb_eth_0/tge_rx_inst/rx_packet_ctrl_fifo_inst/U0/inst_fifo_gen/gconvfifo.rf/grf.rf/gntv_or_sync_fifo.gcx.clkx/rd_pntr_cdc_inst/dest_graysync_ff_reg[0][2]} {ethernet_one_gbe_skarab_loopback1_tx_one_gbe/kat_ten_gb_eth_0/tge_rx_inst/rx_packet_ctrl_fifo_inst/U0/inst_fifo_gen/gconvfifo.rf/grf.rf/gntv_or_sync_fifo.gcx.clkx/rd_pntr_cdc_inst/dest_graysync_ff_reg[0][3]}]] 4.335
Requirement: 4.335ns
Endpoints: 4

From Clock            To Clock              Endpoint Pin                    Reference Pin                   Corner  Actual(ns)  Slack(ns)
--------------------  --------------------  ------------------------------  ------------------------------  ------  ----------  ---------
user_clk_mmcm         sys_clk_mmcm          ethernet_one_gbe_skarab_loopback1_tx_one_gbe/kat_ten_gb_eth_0/tge_rx_inst/rx_packet_ctrl_fifo_inst/U0/inst_fifo_gen/gconvfifo.rf/grf.rf/gntv_or_sync_fifo.gcx.clkx/rd_pntr_cdc_inst/dest_graysync_ff_reg[0][0]/D
                                                                            ethernet_one_gbe_skarab_loopback1_tx_one_gbe/kat_ten_gb_eth_0/tge_rx_inst/rx_packet_ctrl_fifo_inst/U0/inst_fifo_gen/gconvfifo.rf/grf.rf/gntv_or_sync_fifo.gcx.clkx/rd_pntr_cdc_inst/dest_graysync_ff_reg[0][2]/D
                                                                                                            Slow         1.425      2.910


Slack (MET) :             2.910ns  (requirement - actual skew)
  Endpoint Source:        ethernet_one_gbe_skarab_loopback1_tx_one_gbe/kat_ten_gb_eth_0/tge_rx_inst/rx_packet_ctrl_fifo_inst/U0/inst_fifo_gen/gconvfifo.rf/grf.rf/gntv_or_sync_fifo.gcx.clkx/rd_pntr_cdc_inst/src_gray_ff_reg[0]/C
                            (rising edge-triggered cell FDRE clocked by user_clk_mmcm)
  Endpoint Destination:   ethernet_one_gbe_skarab_loopback1_tx_one_gbe/kat_ten_gb_eth_0/tge_rx_inst/rx_packet_ctrl_fifo_inst/U0/inst_fifo_gen/gconvfifo.rf/grf.rf/gntv_or_sync_fifo.gcx.clkx/rd_pntr_cdc_inst/dest_graysync_ff_reg[0][0]/D
                            (rising edge-triggered cell FDRE clocked by sys_clk_mmcm)
  Reference Source:       ethernet_one_gbe_skarab_loopback1_tx_one_gbe/kat_ten_gb_eth_0/tge_rx_inst/rx_packet_ctrl_fifo_inst/U0/inst_fifo_gen/gconvfifo.rf/grf.rf/gntv_or_sync_fifo.gcx.clkx/rd_pntr_cdc_inst/src_gray_ff_reg[2]/C
                            (rising edge-triggered cell FDRE clocked by user_clk_mmcm)
  Reference Destination:  ethernet_one_gbe_skarab_loopback1_tx_one_gbe/kat_ten_gb_eth_0/tge_rx_inst/rx_packet_ctrl_fifo_inst/U0/inst_fifo_gen/gconvfifo.rf/grf.rf/gntv_or_sync_fifo.gcx.clkx/rd_pntr_cdc_inst/dest_graysync_ff_reg[0][2]/D
                            (rising edge-triggered cell FDRE clocked by sys_clk_mmcm)
  Path Type:              Bus Skew (Max at Slow Process Corner)
  Requirement:            4.335ns
  Endpoint Relative Delay:    1.038ns
  Reference Relative Delay:  -0.018ns
  Relative CRPR:              0.677ns
  Uncertainty:                1.046ns
  Actual Bus Skew:            1.425ns  (Endpoint Relative Delay - Reference Relative Delay - Relative CRPR + Uncertainty)

Endpoint path:
    Location             Delay type                Incr(ns)  Path(ns)    Netlist Resource(s)
  -------------------------------------------------------------------    -------------------
                         (clock user_clk_mmcm rise edge)
                                                      0.000     0.000 r  
    AU15                                              0.000     0.000 r  FPGA_REFCLK_BUF0_P (IN)
                         net (fo=0)                   0.000     0.000    skarab_infr/FPGA_REFCLK_BUF0_P
    AU15                 IBUFDS (Prop_ibufds_I_O)     0.958     0.958 r  skarab_infr/refclk_0_ibufgds/O
                         net (fo=2, routed)           1.121     2.079    skarab_infr/refclk_0
    MMCME2_ADV_X1Y5      MMCME2_ADV (Prop_mmcme2_adv_CLKIN1_CLKOUT0)
                                                      0.077     2.156 r  skarab_infr/USER_CLK_MMCM_inst/CLKOUT0
                         net (fo=1, routed)           1.463     3.619    skarab_infr/user_clk_mmcm
    BUFGCTRL_X0Y19       BUFG (Prop_bufg_I_O)         0.093     3.712 r  skarab_infr/user_clk_BUFG_inst/O
                         net (fo=5085, routed)        1.468     5.180    ethernet_one_gbe_skarab_loopback1_tx_one_gbe/kat_ten_gb_eth_0/tge_rx_inst/rx_packet_ctrl_fifo_inst/U0/inst_fifo_gen/gconvfifo.rf/grf.rf/gntv_or_sync_fifo.gcx.clkx/rd_pntr_cdc_inst/src_clk
    SLICE_X134Y189       FDRE                                         r  ethernet_one_gbe_skarab_loopback1_tx_one_gbe/kat_ten_gb_eth_0/tge_rx_inst/rx_packet_ctrl_fifo_inst/U0/inst_fifo_gen/gconvfifo.rf/grf.rf/gntv_or_sync_fifo.gcx.clkx/rd_pntr_cdc_inst/src_gray_ff_reg[0]/C
  -------------------------------------------------------------------    -------------------
    SLICE_X134Y189       FDRE (Prop_fdre_C_Q)         0.259     5.439 r  ethernet_one_gbe_skarab_loopback1_tx_one_gbe/kat_ten_gb_eth_0/tge_rx_inst/rx_packet_ctrl_fifo_inst/U0/inst_fifo_gen/gconvfifo.rf/grf.rf/gntv_or_sync_fifo.gcx.clkx/rd_pntr_cdc_inst/src_gray_ff_reg[0]/Q
                         net (fo=1, routed)           0.367     5.806    ethernet_one_gbe_skarab_loopback1_tx_one_gbe/kat_ten_gb_eth_0/tge_rx_inst/rx_packet_ctrl_fifo_inst/U0/inst_fifo_gen/gconvfifo.rf/grf.rf/gntv_or_sync_fifo.gcx.clkx/rd_pntr_cdc_inst/async_path[0]
    SLICE_X133Y190       FDRE                                         r  ethernet_one_gbe_skarab_loopback1_tx_one_gbe/kat_ten_gb_eth_0/tge_rx_inst/rx_packet_ctrl_fifo_inst/U0/inst_fifo_gen/gconvfifo.rf/grf.rf/gntv_or_sync_fifo.gcx.clkx/rd_pntr_cdc_inst/dest_graysync_ff_reg[0][0]/D
  -------------------------------------------------------------------    -------------------

                         (clock sys_clk_mmcm rise edge)
                                                      0.000     0.000 r  
    AU15                                              0.000     0.000 r  FPGA_REFCLK_BUF0_P (IN)
                         net (fo=0)                   0.000     0.000    skarab_infr/FPGA_REFCLK_BUF0_P
    AU15                 IBUFDS (Prop_ibufds_I_O)     0.855     0.855 r  skarab_infr/refclk_0_ibufgds/O
                         net (fo=2, routed)           0.986     1.841    skarab_infr/refclk_0
    MMCME2_ADV_X1Y4      MMCME2_ADV (Prop_mmcme2_adv_CLKIN1_CLKOUT0)
                                                      0.073     1.914 r  skarab_infr/SYS_CLK_MMCM_inst/CLKOUT0
                         net (fo=1, routed)           1.350     3.264    skarab_infr/sys_clk_mmcm
    BUFGCTRL_X0Y0        BUFG (Prop_bufg_I_O)         0.083     3.347 r  skarab_infr/sys_clk_BUFG_inst/O
                         net (fo=2840, routed)        1.327     4.674    ethernet_one_gbe_skarab_loopback1_tx_one_gbe/kat_ten_gb_eth_0/tge_rx_inst/rx_packet_ctrl_fifo_inst/U0/inst_fifo_gen/gconvfifo.rf/grf.rf/gntv_or_sync_fifo.gcx.clkx/rd_pntr_cdc_inst/dest_clk
    SLICE_X133Y190       FDRE                                         r  ethernet_one_gbe_skarab_loopback1_tx_one_gbe/kat_ten_gb_eth_0/tge_rx_inst/rx_packet_ctrl_fifo_inst/U0/inst_fifo_gen/gconvfifo.rf/grf.rf/gntv_or_sync_fifo.gcx.clkx/rd_pntr_cdc_inst/dest_graysync_ff_reg[0][0]/C
                         clock pessimism              0.103     4.777    
    SLICE_X133Y190       FDRE (Setup_fdre_C_D)       -0.009     4.768    ethernet_one_gbe_skarab_loopback1_tx_one_gbe/kat_ten_gb_eth_0/tge_rx_inst/rx_packet_ctrl_fifo_inst/U0/inst_fifo_gen/gconvfifo.rf/grf.rf/gntv_or_sync_fifo.gcx.clkx/rd_pntr_cdc_inst/dest_graysync_ff_reg[0][0]
  -------------------------------------------------------------------
                         data arrival                           5.806    
                         clock arrival                          4.768    
  -------------------------------------------------------------------
                         relative delay                         1.038    

Reference path:
    Location             Delay type                Incr(ns)  Path(ns)    Netlist Resource(s)
  -------------------------------------------------------------------    -------------------
                         (clock user_clk_mmcm rise edge)
                                                      0.000     0.000 r  
    AU15                                              0.000     0.000 r  FPGA_REFCLK_BUF0_P (IN)
                         net (fo=0)                   0.000     0.000    skarab_infr/FPGA_REFCLK_BUF0_P
    AU15                 IBUFDS (Prop_ibufds_I_O)     0.855     0.855 r  skarab_infr/refclk_0_ibufgds/O
                         net (fo=2, routed)           1.018     1.873    skarab_infr/refclk_0
    MMCME2_ADV_X1Y5      MMCME2_ADV (Prop_mmcme2_adv_CLKIN1_CLKOUT0)
                                                      0.073     1.946 r  skarab_infr/USER_CLK_MMCM_inst/CLKOUT0
                         net (fo=1, routed)           1.350     3.296    skarab_infr/user_clk_mmcm
    BUFGCTRL_X0Y19       BUFG (Prop_bufg_I_O)         0.083     3.379 r  skarab_infr/user_clk_BUFG_inst/O
                         net (fo=5085, routed)        1.331     4.710    ethernet_one_gbe_skarab_loopback1_tx_one_gbe/kat_ten_gb_eth_0/tge_rx_inst/rx_packet_ctrl_fifo_inst/U0/inst_fifo_gen/gconvfifo.rf/grf.rf/gntv_or_sync_fifo.gcx.clkx/rd_pntr_cdc_inst/src_clk
    SLICE_X134Y189       FDRE                                         r  ethernet_one_gbe_skarab_loopback1_tx_one_gbe/kat_ten_gb_eth_0/tge_rx_inst/rx_packet_ctrl_fifo_inst/U0/inst_fifo_gen/gconvfifo.rf/grf.rf/gntv_or_sync_fifo.gcx.clkx/rd_pntr_cdc_inst/src_gray_ff_reg[2]/C
  -------------------------------------------------------------------    -------------------
    SLICE_X134Y189       FDRE (Prop_fdre_C_Q)         0.206     4.916 r  ethernet_one_gbe_skarab_loopback1_tx_one_gbe/kat_ten_gb_eth_0/tge_rx_inst/rx_packet_ctrl_fifo_inst/U0/inst_fifo_gen/gconvfifo.rf/grf.rf/gntv_or_sync_fifo.gcx.clkx/rd_pntr_cdc_inst/src_gray_ff_reg[2]/Q
                         net (fo=1, routed)           0.255     5.171    ethernet_one_gbe_skarab_loopback1_tx_one_gbe/kat_ten_gb_eth_0/tge_rx_inst/rx_packet_ctrl_fifo_inst/U0/inst_fifo_gen/gconvfifo.rf/grf.rf/gntv_or_sync_fifo.gcx.clkx/rd_pntr_cdc_inst/async_path[2]
    SLICE_X134Y190       FDRE                                         r  ethernet_one_gbe_skarab_loopback1_tx_one_gbe/kat_ten_gb_eth_0/tge_rx_inst/rx_packet_ctrl_fifo_inst/U0/inst_fifo_gen/gconvfifo.rf/grf.rf/gntv_or_sync_fifo.gcx.clkx/rd_pntr_cdc_inst/dest_graysync_ff_reg[0][2]/D
  -------------------------------------------------------------------    -------------------

                         (clock sys_clk_mmcm rise edge)
                                                      0.000     0.000 r  
    AU15                                              0.000     0.000 r  FPGA_REFCLK_BUF0_P (IN)
                         net (fo=0)                   0.000     0.000    skarab_infr/FPGA_REFCLK_BUF0_P
    AU15                 IBUFDS (Prop_ibufds_I_O)     0.958     0.958 r  skarab_infr/refclk_0_ibufgds/O
                         net (fo=2, routed)           1.081     2.039    skarab_infr/refclk_0
    MMCME2_ADV_X1Y4      MMCME2_ADV (Prop_mmcme2_adv_CLKIN1_CLKOUT0)
                                                      0.077     2.116 r  skarab_infr/SYS_CLK_MMCM_inst/CLKOUT0
                         net (fo=1, routed)           1.463     3.579    skarab_infr/sys_clk_mmcm
    BUFGCTRL_X0Y0        BUFG (Prop_bufg_I_O)         0.093     3.672 r  skarab_infr/sys_clk_BUFG_inst/O
                         net (fo=2840, routed)        1.467     5.139    ethernet_one_gbe_skarab_loopback1_tx_one_gbe/kat_ten_gb_eth_0/tge_rx_inst/rx_packet_ctrl_fifo_inst/U0/inst_fifo_gen/gconvfifo.rf/grf.rf/gntv_or_sync_fifo.gcx.clkx/rd_pntr_cdc_inst/dest_clk
    SLICE_X134Y190       FDRE                                         r  ethernet_one_gbe_skarab_loopback1_tx_one_gbe/kat_ten_gb_eth_0/tge_rx_inst/rx_packet_ctrl_fifo_inst/U0/inst_fifo_gen/gconvfifo.rf/grf.rf/gntv_or_sync_fifo.gcx.clkx/rd_pntr_cdc_inst/dest_graysync_ff_reg[0][2]/C
                         clock pessimism             -0.103     5.036    
    SLICE_X134Y190       FDRE (Hold_fdre_C_D)         0.153     5.189    ethernet_one_gbe_skarab_loopback1_tx_one_gbe/kat_ten_gb_eth_0/tge_rx_inst/rx_packet_ctrl_fifo_inst/U0/inst_fifo_gen/gconvfifo.rf/grf.rf/gntv_or_sync_fifo.gcx.clkx/rd_pntr_cdc_inst/dest_graysync_ff_reg[0][2]
  -------------------------------------------------------------------
                         data arrival                           5.171    
                         clock arrival                          5.189    
  -------------------------------------------------------------------
                         relative delay                        -0.018    



Id: 2
set_bus_skew -from [get_cells [list {ethernet_one_gbe_skarab_loopback1_tx_one_gbe/kat_ten_gb_eth_0/tge_rx_inst/rx_packet_ctrl_fifo_inst/U0/inst_fifo_gen/gconvfifo.rf/grf.rf/gntv_or_sync_fifo.gcx.clkx/wr_pntr_cdc_inst/src_gray_ff_reg[0]} {ethernet_one_gbe_skarab_loopback1_tx_one_gbe/kat_ten_gb_eth_0/tge_rx_inst/rx_packet_ctrl_fifo_inst/U0/inst_fifo_gen/gconvfifo.rf/grf.rf/gntv_or_sync_fifo.gcx.clkx/wr_pntr_cdc_inst/src_gray_ff_reg[1]} {ethernet_one_gbe_skarab_loopback1_tx_one_gbe/kat_ten_gb_eth_0/tge_rx_inst/rx_packet_ctrl_fifo_inst/U0/inst_fifo_gen/gconvfifo.rf/grf.rf/gntv_or_sync_fifo.gcx.clkx/wr_pntr_cdc_inst/src_gray_ff_reg[2]} {ethernet_one_gbe_skarab_loopback1_tx_one_gbe/kat_ten_gb_eth_0/tge_rx_inst/rx_packet_ctrl_fifo_inst/U0/inst_fifo_gen/gconvfifo.rf/grf.rf/gntv_or_sync_fifo.gcx.clkx/wr_pntr_cdc_inst/src_gray_ff_reg[3]}]] -to [get_cells [list {ethernet_one_gbe_skarab_loopback1_tx_one_gbe/kat_ten_gb_eth_0/tge_rx_inst/rx_packet_ctrl_fifo_inst/U0/inst_fifo_gen/gconvfifo.rf/grf.rf/gntv_or_sync_fifo.gcx.clkx/wr_pntr_cdc_inst/dest_graysync_ff_reg[0][0]} {ethernet_one_gbe_skarab_loopback1_tx_one_gbe/kat_ten_gb_eth_0/tge_rx_inst/rx_packet_ctrl_fifo_inst/U0/inst_fifo_gen/gconvfifo.rf/grf.rf/gntv_or_sync_fifo.gcx.clkx/wr_pntr_cdc_inst/dest_graysync_ff_reg[0][1]} {ethernet_one_gbe_skarab_loopback1_tx_one_gbe/kat_ten_gb_eth_0/tge_rx_inst/rx_packet_ctrl_fifo_inst/U0/inst_fifo_gen/gconvfifo.rf/grf.rf/gntv_or_sync_fifo.gcx.clkx/wr_pntr_cdc_inst/dest_graysync_ff_reg[0][2]} {ethernet_one_gbe_skarab_loopback1_tx_one_gbe/kat_ten_gb_eth_0/tge_rx_inst/rx_packet_ctrl_fifo_inst/U0/inst_fifo_gen/gconvfifo.rf/grf.rf/gntv_or_sync_fifo.gcx.clkx/wr_pntr_cdc_inst/dest_graysync_ff_reg[0][3]}]] 4.335
Requirement: 4.335ns
Endpoints: 4

From Clock            To Clock              Endpoint Pin                    Reference Pin                   Corner  Actual(ns)  Slack(ns)
--------------------  --------------------  ------------------------------  ------------------------------  ------  ----------  ---------
sys_clk_mmcm          user_clk_mmcm         ethernet_one_gbe_skarab_loopback1_tx_one_gbe/kat_ten_gb_eth_0/tge_rx_inst/rx_packet_ctrl_fifo_inst/U0/inst_fifo_gen/gconvfifo.rf/grf.rf/gntv_or_sync_fifo.gcx.clkx/wr_pntr_cdc_inst/dest_graysync_ff_reg[0][3]/D
                                                                            ethernet_one_gbe_skarab_loopback1_tx_one_gbe/kat_ten_gb_eth_0/tge_rx_inst/rx_packet_ctrl_fifo_inst/U0/inst_fifo_gen/gconvfifo.rf/grf.rf/gntv_or_sync_fifo.gcx.clkx/wr_pntr_cdc_inst/dest_graysync_ff_reg[0][0]/D
                                                                                                            Slow         1.393      2.942


Slack (MET) :             2.942ns  (requirement - actual skew)
  Endpoint Source:        ethernet_one_gbe_skarab_loopback1_tx_one_gbe/kat_ten_gb_eth_0/tge_rx_inst/rx_packet_ctrl_fifo_inst/U0/inst_fifo_gen/gconvfifo.rf/grf.rf/gntv_or_sync_fifo.gcx.clkx/wr_pntr_cdc_inst/src_gray_ff_reg[3]/C
                            (rising edge-triggered cell FDRE clocked by sys_clk_mmcm)
  Endpoint Destination:   ethernet_one_gbe_skarab_loopback1_tx_one_gbe/kat_ten_gb_eth_0/tge_rx_inst/rx_packet_ctrl_fifo_inst/U0/inst_fifo_gen/gconvfifo.rf/grf.rf/gntv_or_sync_fifo.gcx.clkx/wr_pntr_cdc_inst/dest_graysync_ff_reg[0][3]/D
                            (rising edge-triggered cell FDRE clocked by user_clk_mmcm)
  Reference Source:       ethernet_one_gbe_skarab_loopback1_tx_one_gbe/kat_ten_gb_eth_0/tge_rx_inst/rx_packet_ctrl_fifo_inst/U0/inst_fifo_gen/gconvfifo.rf/grf.rf/gntv_or_sync_fifo.gcx.clkx/wr_pntr_cdc_inst/src_gray_ff_reg[0]/C
                            (rising edge-triggered cell FDRE clocked by sys_clk_mmcm)
  Reference Destination:  ethernet_one_gbe_skarab_loopback1_tx_one_gbe/kat_ten_gb_eth_0/tge_rx_inst/rx_packet_ctrl_fifo_inst/U0/inst_fifo_gen/gconvfifo.rf/grf.rf/gntv_or_sync_fifo.gcx.clkx/wr_pntr_cdc_inst/dest_graysync_ff_reg[0][0]/D
                            (rising edge-triggered cell FDRE clocked by user_clk_mmcm)
  Path Type:              Bus Skew (Max at Slow Process Corner)
  Requirement:            4.335ns
  Endpoint Relative Delay:    0.930ns
  Reference Relative Delay:  -0.117ns
  Relative CRPR:              0.701ns
  Uncertainty:                1.046ns
  Actual Bus Skew:            1.393ns  (Endpoint Relative Delay - Reference Relative Delay - Relative CRPR + Uncertainty)

Endpoint path:
    Location             Delay type                Incr(ns)  Path(ns)    Netlist Resource(s)
  -------------------------------------------------------------------    -------------------
                         (clock sys_clk_mmcm rise edge)
                                                      0.000     0.000 r  
    AU15                                              0.000     0.000 r  FPGA_REFCLK_BUF0_P (IN)
                         net (fo=0)                   0.000     0.000    skarab_infr/FPGA_REFCLK_BUF0_P
    AU15                 IBUFDS (Prop_ibufds_I_O)     0.958     0.958 r  skarab_infr/refclk_0_ibufgds/O
                         net (fo=2, routed)           1.081     2.039    skarab_infr/refclk_0
    MMCME2_ADV_X1Y4      MMCME2_ADV (Prop_mmcme2_adv_CLKIN1_CLKOUT0)
                                                      0.077     2.116 r  skarab_infr/SYS_CLK_MMCM_inst/CLKOUT0
                         net (fo=1, routed)           1.463     3.579    skarab_infr/sys_clk_mmcm
    BUFGCTRL_X0Y0        BUFG (Prop_bufg_I_O)         0.093     3.672 r  skarab_infr/sys_clk_BUFG_inst/O
                         net (fo=2840, routed)        1.465     5.137    ethernet_one_gbe_skarab_loopback1_tx_one_gbe/kat_ten_gb_eth_0/tge_rx_inst/rx_packet_ctrl_fifo_inst/U0/inst_fifo_gen/gconvfifo.rf/grf.rf/gntv_or_sync_fifo.gcx.clkx/wr_pntr_cdc_inst/src_clk
    SLICE_X136Y187       FDRE                                         r  ethernet_one_gbe_skarab_loopback1_tx_one_gbe/kat_ten_gb_eth_0/tge_rx_inst/rx_packet_ctrl_fifo_inst/U0/inst_fifo_gen/gconvfifo.rf/grf.rf/gntv_or_sync_fifo.gcx.clkx/wr_pntr_cdc_inst/src_gray_ff_reg[3]/C
  -------------------------------------------------------------------    -------------------
    SLICE_X136Y187       FDRE (Prop_fdre_C_Q)         0.259     5.396 r  ethernet_one_gbe_skarab_loopback1_tx_one_gbe/kat_ten_gb_eth_0/tge_rx_inst/rx_packet_ctrl_fifo_inst/U0/inst_fifo_gen/gconvfifo.rf/grf.rf/gntv_or_sync_fifo.gcx.clkx/wr_pntr_cdc_inst/src_gray_ff_reg[3]/Q
                         net (fo=1, routed)           0.366     5.762    ethernet_one_gbe_skarab_loopback1_tx_one_gbe/kat_ten_gb_eth_0/tge_rx_inst/rx_packet_ctrl_fifo_inst/U0/inst_fifo_gen/gconvfifo.rf/grf.rf/gntv_or_sync_fifo.gcx.clkx/wr_pntr_cdc_inst/async_path[3]
    SLICE_X136Y184       FDRE                                         r  ethernet_one_gbe_skarab_loopback1_tx_one_gbe/kat_ten_gb_eth_0/tge_rx_inst/rx_packet_ctrl_fifo_inst/U0/inst_fifo_gen/gconvfifo.rf/grf.rf/gntv_or_sync_fifo.gcx.clkx/wr_pntr_cdc_inst/dest_graysync_ff_reg[0][3]/D
  -------------------------------------------------------------------    -------------------

                         (clock user_clk_mmcm rise edge)
                                                      0.000     0.000 r  
    AU15                                              0.000     0.000 r  FPGA_REFCLK_BUF0_P (IN)
                         net (fo=0)                   0.000     0.000    skarab_infr/FPGA_REFCLK_BUF0_P
    AU15                 IBUFDS (Prop_ibufds_I_O)     0.855     0.855 r  skarab_infr/refclk_0_ibufgds/O
                         net (fo=2, routed)           1.018     1.873    skarab_infr/refclk_0
    MMCME2_ADV_X1Y5      MMCME2_ADV (Prop_mmcme2_adv_CLKIN1_CLKOUT0)
                                                      0.073     1.946 r  skarab_infr/USER_CLK_MMCM_inst/CLKOUT0
                         net (fo=1, routed)           1.350     3.296    skarab_infr/user_clk_mmcm
    BUFGCTRL_X0Y19       BUFG (Prop_bufg_I_O)         0.083     3.379 r  skarab_infr/user_clk_BUFG_inst/O
                         net (fo=5085, routed)        1.328     4.707    ethernet_one_gbe_skarab_loopback1_tx_one_gbe/kat_ten_gb_eth_0/tge_rx_inst/rx_packet_ctrl_fifo_inst/U0/inst_fifo_gen/gconvfifo.rf/grf.rf/gntv_or_sync_fifo.gcx.clkx/wr_pntr_cdc_inst/dest_clk
    SLICE_X136Y184       FDRE                                         r  ethernet_one_gbe_skarab_loopback1_tx_one_gbe/kat_ten_gb_eth_0/tge_rx_inst/rx_packet_ctrl_fifo_inst/U0/inst_fifo_gen/gconvfifo.rf/grf.rf/gntv_or_sync_fifo.gcx.clkx/wr_pntr_cdc_inst/dest_graysync_ff_reg[0][3]/C
                         clock pessimism              0.103     4.810    
    SLICE_X136Y184       FDRE (Setup_fdre_C_D)        0.022     4.832    ethernet_one_gbe_skarab_loopback1_tx_one_gbe/kat_ten_gb_eth_0/tge_rx_inst/rx_packet_ctrl_fifo_inst/U0/inst_fifo_gen/gconvfifo.rf/grf.rf/gntv_or_sync_fifo.gcx.clkx/wr_pntr_cdc_inst/dest_graysync_ff_reg[0][3]
  -------------------------------------------------------------------
                         data arrival                           5.762    
                         clock arrival                          4.832    
  -------------------------------------------------------------------
                         relative delay                         0.930    

Reference path:
    Location             Delay type                Incr(ns)  Path(ns)    Netlist Resource(s)
  -------------------------------------------------------------------    -------------------
                         (clock sys_clk_mmcm rise edge)
                                                      0.000     0.000 r  
    AU15                                              0.000     0.000 r  FPGA_REFCLK_BUF0_P (IN)
                         net (fo=0)                   0.000     0.000    skarab_infr/FPGA_REFCLK_BUF0_P
    AU15                 IBUFDS (Prop_ibufds_I_O)     0.855     0.855 r  skarab_infr/refclk_0_ibufgds/O
                         net (fo=2, routed)           0.986     1.841    skarab_infr/refclk_0
    MMCME2_ADV_X1Y4      MMCME2_ADV (Prop_mmcme2_adv_CLKIN1_CLKOUT0)
                                                      0.073     1.914 r  skarab_infr/SYS_CLK_MMCM_inst/CLKOUT0
                         net (fo=1, routed)           1.350     3.264    skarab_infr/sys_clk_mmcm
    BUFGCTRL_X0Y0        BUFG (Prop_bufg_I_O)         0.083     3.347 r  skarab_infr/sys_clk_BUFG_inst/O
                         net (fo=2840, routed)        1.328     4.675    ethernet_one_gbe_skarab_loopback1_tx_one_gbe/kat_ten_gb_eth_0/tge_rx_inst/rx_packet_ctrl_fifo_inst/U0/inst_fifo_gen/gconvfifo.rf/grf.rf/gntv_or_sync_fifo.gcx.clkx/wr_pntr_cdc_inst/src_clk
    SLICE_X136Y187       FDRE                                         r  ethernet_one_gbe_skarab_loopback1_tx_one_gbe/kat_ten_gb_eth_0/tge_rx_inst/rx_packet_ctrl_fifo_inst/U0/inst_fifo_gen/gconvfifo.rf/grf.rf/gntv_or_sync_fifo.gcx.clkx/wr_pntr_cdc_inst/src_gray_ff_reg[0]/C
  -------------------------------------------------------------------    -------------------
    SLICE_X136Y187       FDRE (Prop_fdre_C_Q)         0.206     4.881 r  ethernet_one_gbe_skarab_loopback1_tx_one_gbe/kat_ten_gb_eth_0/tge_rx_inst/rx_packet_ctrl_fifo_inst/U0/inst_fifo_gen/gconvfifo.rf/grf.rf/gntv_or_sync_fifo.gcx.clkx/wr_pntr_cdc_inst/src_gray_ff_reg[0]/Q
                         net (fo=1, routed)           0.227     5.108    ethernet_one_gbe_skarab_loopback1_tx_one_gbe/kat_ten_gb_eth_0/tge_rx_inst/rx_packet_ctrl_fifo_inst/U0/inst_fifo_gen/gconvfifo.rf/grf.rf/gntv_or_sync_fifo.gcx.clkx/wr_pntr_cdc_inst/async_path[0]
    SLICE_X136Y185       FDRE                                         r  ethernet_one_gbe_skarab_loopback1_tx_one_gbe/kat_ten_gb_eth_0/tge_rx_inst/rx_packet_ctrl_fifo_inst/U0/inst_fifo_gen/gconvfifo.rf/grf.rf/gntv_or_sync_fifo.gcx.clkx/wr_pntr_cdc_inst/dest_graysync_ff_reg[0][0]/D
  -------------------------------------------------------------------    -------------------

                         (clock user_clk_mmcm rise edge)
                                                      0.000     0.000 r  
    AU15                                              0.000     0.000 r  FPGA_REFCLK_BUF0_P (IN)
                         net (fo=0)                   0.000     0.000    skarab_infr/FPGA_REFCLK_BUF0_P
    AU15                 IBUFDS (Prop_ibufds_I_O)     0.958     0.958 r  skarab_infr/refclk_0_ibufgds/O
                         net (fo=2, routed)           1.121     2.079    skarab_infr/refclk_0
    MMCME2_ADV_X1Y5      MMCME2_ADV (Prop_mmcme2_adv_CLKIN1_CLKOUT0)
                                                      0.077     2.156 r  skarab_infr/USER_CLK_MMCM_inst/CLKOUT0
                         net (fo=1, routed)           1.463     3.619    skarab_infr/user_clk_mmcm
    BUFGCTRL_X0Y19       BUFG (Prop_bufg_I_O)         0.093     3.712 r  skarab_infr/user_clk_BUFG_inst/O
                         net (fo=5085, routed)        1.464     5.176    ethernet_one_gbe_skarab_loopback1_tx_one_gbe/kat_ten_gb_eth_0/tge_rx_inst/rx_packet_ctrl_fifo_inst/U0/inst_fifo_gen/gconvfifo.rf/grf.rf/gntv_or_sync_fifo.gcx.clkx/wr_pntr_cdc_inst/dest_clk
    SLICE_X136Y185       FDRE                                         r  ethernet_one_gbe_skarab_loopback1_tx_one_gbe/kat_ten_gb_eth_0/tge_rx_inst/rx_packet_ctrl_fifo_inst/U0/inst_fifo_gen/gconvfifo.rf/grf.rf/gntv_or_sync_fifo.gcx.clkx/wr_pntr_cdc_inst/dest_graysync_ff_reg[0][0]/C
                         clock pessimism             -0.103     5.073    
    SLICE_X136Y185       FDRE (Hold_fdre_C_D)         0.152     5.225    ethernet_one_gbe_skarab_loopback1_tx_one_gbe/kat_ten_gb_eth_0/tge_rx_inst/rx_packet_ctrl_fifo_inst/U0/inst_fifo_gen/gconvfifo.rf/grf.rf/gntv_or_sync_fifo.gcx.clkx/wr_pntr_cdc_inst/dest_graysync_ff_reg[0][0]
  -------------------------------------------------------------------
                         data arrival                           5.108    
                         clock arrival                          5.225    
  -------------------------------------------------------------------
                         relative delay                        -0.117    



Id: 3
set_bus_skew -from [get_cells [list {ethernet_one_gbe_skarab_loopback1_tx_one_gbe/kat_ten_gb_eth_0/tge_rx_inst/use_bram.rx_packet_fifo_bram_inst/U0/inst_fifo_gen/gconvfifo.rf/grf.rf/gntv_or_sync_fifo.gcx.clkx/rd_pntr_cdc_inst/src_gray_ff_reg[0]} {ethernet_one_gbe_skarab_loopback1_tx_one_gbe/kat_ten_gb_eth_0/tge_rx_inst/use_bram.rx_packet_fifo_bram_inst/U0/inst_fifo_gen/gconvfifo.rf/grf.rf/gntv_or_sync_fifo.gcx.clkx/rd_pntr_cdc_inst/src_gray_ff_reg[1]} {ethernet_one_gbe_skarab_loopback1_tx_one_gbe/kat_ten_gb_eth_0/tge_rx_inst/use_bram.rx_packet_fifo_bram_inst/U0/inst_fifo_gen/gconvfifo.rf/grf.rf/gntv_or_sync_fifo.gcx.clkx/rd_pntr_cdc_inst/src_gray_ff_reg[2]} {ethernet_one_gbe_skarab_loopback1_tx_one_gbe/kat_ten_gb_eth_0/tge_rx_inst/use_bram.rx_packet_fifo_bram_inst/U0/inst_fifo_gen/gconvfifo.rf/grf.rf/gntv_or_sync_fifo.gcx.clkx/rd_pntr_cdc_inst/src_gray_ff_reg[3]} {ethernet_one_gbe_skarab_loopback1_tx_one_gbe/kat_ten_gb_eth_0/tge_rx_inst/use_bram.rx_packet_fifo_bram_inst/U0/inst_fifo_gen/gconvfifo.rf/grf.rf/gntv_or_sync_fifo.gcx.clkx/rd_pntr_cdc_inst/src_gray_ff_reg[4]} {ethernet_one_gbe_skarab_loopback1_tx_one_gbe/kat_ten_gb_eth_0/tge_rx_inst/use_bram.rx_packet_fifo_bram_inst/U0/inst_fifo_gen/gconvfifo.rf/grf.rf/gntv_or_sync_fifo.gcx.clkx/rd_pntr_cdc_inst/src_gray_ff_reg[5]} {ethernet_one_gbe_skarab_loopback1_tx_one_gbe/kat_ten_gb_eth_0/tge_rx_inst/use_bram.rx_packet_fifo_bram_inst/U0/inst_fifo_gen/gconvfifo.rf/grf.rf/gntv_or_sync_fifo.gcx.clkx/rd_pntr_cdc_inst/src_gray_ff_reg[6]} {ethernet_one_gbe_skarab_loopback1_tx_one_gbe/kat_ten_gb_eth_0/tge_rx_inst/use_bram.rx_packet_fifo_bram_inst/U0/inst_fifo_gen/gconvfifo.rf/grf.rf/gntv_or_sync_fifo.gcx.clkx/rd_pntr_cdc_inst/src_gray_ff_reg[7]} {ethernet_one_gbe_skarab_loopback1_tx_one_gbe/kat_ten_gb_eth_0/tge_rx_inst/use_bram.rx_packet_fifo_bram_inst/U0/inst_fifo_gen/gconvfifo.rf/grf.rf/gntv_or_sync_fifo.gcx.clkx/rd_pntr_cdc_inst/src_gray_ff_reg[8]} {ethernet_one_gbe_skarab_loopback1_tx_one_gbe/kat_ten_gb_eth_0/tge_rx_inst/use_bram.rx_packet_fifo_bram_inst/U0/inst_fifo_gen/gconvfifo.rf/grf.rf/gntv_or_sync_fifo.gcx.clkx/rd_pntr_cdc_inst/src_gray_ff_reg[9]}]] -to [get_cells [list {ethernet_one_gbe_skarab_loopback1_tx_one_gbe/kat_ten_gb_eth_0/tge_rx_inst/use_bram.rx_packet_fifo_bram_inst/U0/inst_fifo_gen/gconvfifo.rf/grf.rf/gntv_or_sync_fifo.gcx.clkx/rd_pntr_cdc_inst/dest_graysync_ff_reg[0][0]} {ethernet_one_gbe_skarab_loopback1_tx_one_gbe/kat_ten_gb_eth_0/tge_rx_inst/use_bram.rx_packet_fifo_bram_inst/U0/inst_fifo_gen/gconvfifo.rf/grf.rf/gntv_or_sync_fifo.gcx.clkx/rd_pntr_cdc_inst/dest_graysync_ff_reg[0][1]} {ethernet_one_gbe_skarab_loopback1_tx_one_gbe/kat_ten_gb_eth_0/tge_rx_inst/use_bram.rx_packet_fifo_bram_inst/U0/inst_fifo_gen/gconvfifo.rf/grf.rf/gntv_or_sync_fifo.gcx.clkx/rd_pntr_cdc_inst/dest_graysync_ff_reg[0][2]} {ethernet_one_gbe_skarab_loopback1_tx_one_gbe/kat_ten_gb_eth_0/tge_rx_inst/use_bram.rx_packet_fifo_bram_inst/U0/inst_fifo_gen/gconvfifo.rf/grf.rf/gntv_or_sync_fifo.gcx.clkx/rd_pntr_cdc_inst/dest_graysync_ff_reg[0][3]} {ethernet_one_gbe_skarab_loopback1_tx_one_gbe/kat_ten_gb_eth_0/tge_rx_inst/use_bram.rx_packet_fifo_bram_inst/U0/inst_fifo_gen/gconvfifo.rf/grf.rf/gntv_or_sync_fifo.gcx.clkx/rd_pntr_cdc_inst/dest_graysync_ff_reg[0][4]} {ethernet_one_gbe_skarab_loopback1_tx_one_gbe/kat_ten_gb_eth_0/tge_rx_inst/use_bram.rx_packet_fifo_bram_inst/U0/inst_fifo_gen/gconvfifo.rf/grf.rf/gntv_or_sync_fifo.gcx.clkx/rd_pntr_cdc_inst/dest_graysync_ff_reg[0][5]} {ethernet_one_gbe_skarab_loopback1_tx_one_gbe/kat_ten_gb_eth_0/tge_rx_inst/use_bram.rx_packet_fifo_bram_inst/U0/inst_fifo_gen/gconvfifo.rf/grf.rf/gntv_or_sync_fifo.gcx.clkx/rd_pntr_cdc_inst/dest_graysync_ff_reg[0][6]} {ethernet_one_gbe_skarab_loopback1_tx_one_gbe/kat_ten_gb_eth_0/tge_rx_inst/use_bram.rx_packet_fifo_bram_inst/U0/inst_fifo_gen/gconvfifo.rf/grf.rf/gntv_or_sync_fifo.gcx.clkx/rd_pntr_cdc_inst/dest_graysync_ff_reg[0][7]} {ethernet_one_gbe_skarab_loopback1_tx_one_gbe/kat_ten_gb_eth_0/tge_rx_inst/use_bram.rx_packet_fifo_bram_inst/U0/inst_fifo_gen/gconvfifo.rf/grf.rf/gntv_or_sync_fifo.gcx.clkx/rd_pntr_cdc_inst/dest_graysync_ff_reg[0][8]} {ethernet_one_gbe_skarab_loopback1_tx_one_gbe/kat_ten_gb_eth_0/tge_rx_inst/use_bram.rx_packet_fifo_bram_inst/U0/inst_fifo_gen/gconvfifo.rf/grf.rf/gntv_or_sync_fifo.gcx.clkx/rd_pntr_cdc_inst/dest_graysync_ff_reg[0][9]}]] 4.335
Requirement: 4.335ns
Endpoints: 10

From Clock            To Clock              Endpoint Pin                    Reference Pin                   Corner  Actual(ns)  Slack(ns)
--------------------  --------------------  ------------------------------  ------------------------------  ------  ----------  ---------
user_clk_mmcm         sys_clk_mmcm          ethernet_one_gbe_skarab_loopback1_tx_one_gbe/kat_ten_gb_eth_0/tge_rx_inst/use_bram.rx_packet_fifo_bram_inst/U0/inst_fifo_gen/gconvfifo.rf/grf.rf/gntv_or_sync_fifo.gcx.clkx/rd_pntr_cdc_inst/dest_graysync_ff_reg[0][9]/D
                                                                            ethernet_one_gbe_skarab_loopback1_tx_one_gbe/kat_ten_gb_eth_0/tge_rx_inst/use_bram.rx_packet_fifo_bram_inst/U0/inst_fifo_gen/gconvfifo.rf/grf.rf/gntv_or_sync_fifo.gcx.clkx/rd_pntr_cdc_inst/dest_graysync_ff_reg[0][6]/D
                                                                                                            Slow         1.506      2.829


Slack (MET) :             2.829ns  (requirement - actual skew)
  Endpoint Source:        ethernet_one_gbe_skarab_loopback1_tx_one_gbe/kat_ten_gb_eth_0/tge_rx_inst/use_bram.rx_packet_fifo_bram_inst/U0/inst_fifo_gen/gconvfifo.rf/grf.rf/gntv_or_sync_fifo.gcx.clkx/rd_pntr_cdc_inst/src_gray_ff_reg[9]/C
                            (rising edge-triggered cell FDRE clocked by user_clk_mmcm)
  Endpoint Destination:   ethernet_one_gbe_skarab_loopback1_tx_one_gbe/kat_ten_gb_eth_0/tge_rx_inst/use_bram.rx_packet_fifo_bram_inst/U0/inst_fifo_gen/gconvfifo.rf/grf.rf/gntv_or_sync_fifo.gcx.clkx/rd_pntr_cdc_inst/dest_graysync_ff_reg[0][9]/D
                            (rising edge-triggered cell FDRE clocked by sys_clk_mmcm)
  Reference Source:       ethernet_one_gbe_skarab_loopback1_tx_one_gbe/kat_ten_gb_eth_0/tge_rx_inst/use_bram.rx_packet_fifo_bram_inst/U0/inst_fifo_gen/gconvfifo.rf/grf.rf/gntv_or_sync_fifo.gcx.clkx/rd_pntr_cdc_inst/src_gray_ff_reg[6]/C
                            (rising edge-triggered cell FDRE clocked by user_clk_mmcm)
  Reference Destination:  ethernet_one_gbe_skarab_loopback1_tx_one_gbe/kat_ten_gb_eth_0/tge_rx_inst/use_bram.rx_packet_fifo_bram_inst/U0/inst_fifo_gen/gconvfifo.rf/grf.rf/gntv_or_sync_fifo.gcx.clkx/rd_pntr_cdc_inst/dest_graysync_ff_reg[0][6]/D
                            (rising edge-triggered cell FDRE clocked by sys_clk_mmcm)
  Path Type:              Bus Skew (Max at Slow Process Corner)
  Requirement:            4.335ns
  Endpoint Relative Delay:    1.094ns
  Reference Relative Delay:   0.006ns
  Relative CRPR:              0.628ns
  Uncertainty:                1.046ns
  Actual Bus Skew:            1.506ns  (Endpoint Relative Delay - Reference Relative Delay - Relative CRPR + Uncertainty)

Endpoint path:
    Location             Delay type                Incr(ns)  Path(ns)    Netlist Resource(s)
  -------------------------------------------------------------------    -------------------
                         (clock user_clk_mmcm rise edge)
                                                      0.000     0.000 r  
    AU15                                              0.000     0.000 r  FPGA_REFCLK_BUF0_P (IN)
                         net (fo=0)                   0.000     0.000    skarab_infr/FPGA_REFCLK_BUF0_P
    AU15                 IBUFDS (Prop_ibufds_I_O)     0.958     0.958 r  skarab_infr/refclk_0_ibufgds/O
                         net (fo=2, routed)           1.121     2.079    skarab_infr/refclk_0
    MMCME2_ADV_X1Y5      MMCME2_ADV (Prop_mmcme2_adv_CLKIN1_CLKOUT0)
                                                      0.077     2.156 r  skarab_infr/USER_CLK_MMCM_inst/CLKOUT0
                         net (fo=1, routed)           1.463     3.619    skarab_infr/user_clk_mmcm
    BUFGCTRL_X0Y19       BUFG (Prop_bufg_I_O)         0.093     3.712 r  skarab_infr/user_clk_BUFG_inst/O
                         net (fo=5085, routed)        1.471     5.183    ethernet_one_gbe_skarab_loopback1_tx_one_gbe/kat_ten_gb_eth_0/tge_rx_inst/use_bram.rx_packet_fifo_bram_inst/U0/inst_fifo_gen/gconvfifo.rf/grf.rf/gntv_or_sync_fifo.gcx.clkx/rd_pntr_cdc_inst/src_clk
    SLICE_X134Y198       FDRE                                         r  ethernet_one_gbe_skarab_loopback1_tx_one_gbe/kat_ten_gb_eth_0/tge_rx_inst/use_bram.rx_packet_fifo_bram_inst/U0/inst_fifo_gen/gconvfifo.rf/grf.rf/gntv_or_sync_fifo.gcx.clkx/rd_pntr_cdc_inst/src_gray_ff_reg[9]/C
  -------------------------------------------------------------------    -------------------
    SLICE_X134Y198       FDRE (Prop_fdre_C_Q)         0.236     5.419 r  ethernet_one_gbe_skarab_loopback1_tx_one_gbe/kat_ten_gb_eth_0/tge_rx_inst/use_bram.rx_packet_fifo_bram_inst/U0/inst_fifo_gen/gconvfifo.rf/grf.rf/gntv_or_sync_fifo.gcx.clkx/rd_pntr_cdc_inst/src_gray_ff_reg[9]/Q
                         net (fo=1, routed)           0.366     5.785    ethernet_one_gbe_skarab_loopback1_tx_one_gbe/kat_ten_gb_eth_0/tge_rx_inst/use_bram.rx_packet_fifo_bram_inst/U0/inst_fifo_gen/gconvfifo.rf/grf.rf/gntv_or_sync_fifo.gcx.clkx/rd_pntr_cdc_inst/async_path[9]
    SLICE_X135Y198       FDRE                                         r  ethernet_one_gbe_skarab_loopback1_tx_one_gbe/kat_ten_gb_eth_0/tge_rx_inst/use_bram.rx_packet_fifo_bram_inst/U0/inst_fifo_gen/gconvfifo.rf/grf.rf/gntv_or_sync_fifo.gcx.clkx/rd_pntr_cdc_inst/dest_graysync_ff_reg[0][9]/D
  -------------------------------------------------------------------    -------------------

                         (clock sys_clk_mmcm rise edge)
                                                      0.000     0.000 r  
    AU15                                              0.000     0.000 r  FPGA_REFCLK_BUF0_P (IN)
                         net (fo=0)                   0.000     0.000    skarab_infr/FPGA_REFCLK_BUF0_P
    AU15                 IBUFDS (Prop_ibufds_I_O)     0.855     0.855 r  skarab_infr/refclk_0_ibufgds/O
                         net (fo=2, routed)           0.986     1.841    skarab_infr/refclk_0
    MMCME2_ADV_X1Y4      MMCME2_ADV (Prop_mmcme2_adv_CLKIN1_CLKOUT0)
                                                      0.073     1.914 r  skarab_infr/SYS_CLK_MMCM_inst/CLKOUT0
                         net (fo=1, routed)           1.350     3.264    skarab_infr/sys_clk_mmcm
    BUFGCTRL_X0Y0        BUFG (Prop_bufg_I_O)         0.083     3.347 r  skarab_infr/sys_clk_BUFG_inst/O
                         net (fo=2840, routed)        1.332     4.679    ethernet_one_gbe_skarab_loopback1_tx_one_gbe/kat_ten_gb_eth_0/tge_rx_inst/use_bram.rx_packet_fifo_bram_inst/U0/inst_fifo_gen/gconvfifo.rf/grf.rf/gntv_or_sync_fifo.gcx.clkx/rd_pntr_cdc_inst/dest_clk
    SLICE_X135Y198       FDRE                                         r  ethernet_one_gbe_skarab_loopback1_tx_one_gbe/kat_ten_gb_eth_0/tge_rx_inst/use_bram.rx_packet_fifo_bram_inst/U0/inst_fifo_gen/gconvfifo.rf/grf.rf/gntv_or_sync_fifo.gcx.clkx/rd_pntr_cdc_inst/dest_graysync_ff_reg[0][9]/C
                         clock pessimism              0.103     4.782    
    SLICE_X135Y198       FDRE (Setup_fdre_C_D)       -0.091     4.691    ethernet_one_gbe_skarab_loopback1_tx_one_gbe/kat_ten_gb_eth_0/tge_rx_inst/use_bram.rx_packet_fifo_bram_inst/U0/inst_fifo_gen/gconvfifo.rf/grf.rf/gntv_or_sync_fifo.gcx.clkx/rd_pntr_cdc_inst/dest_graysync_ff_reg[0][9]
  -------------------------------------------------------------------
                         data arrival                           5.785    
                         clock arrival                          4.691    
  -------------------------------------------------------------------
                         relative delay                         1.094    

Reference path:
    Location             Delay type                Incr(ns)  Path(ns)    Netlist Resource(s)
  -------------------------------------------------------------------    -------------------
                         (clock user_clk_mmcm rise edge)
                                                      0.000     0.000 r  
    AU15                                              0.000     0.000 r  FPGA_REFCLK_BUF0_P (IN)
                         net (fo=0)                   0.000     0.000    skarab_infr/FPGA_REFCLK_BUF0_P
    AU15                 IBUFDS (Prop_ibufds_I_O)     0.855     0.855 r  skarab_infr/refclk_0_ibufgds/O
                         net (fo=2, routed)           1.018     1.873    skarab_infr/refclk_0
    MMCME2_ADV_X1Y5      MMCME2_ADV (Prop_mmcme2_adv_CLKIN1_CLKOUT0)
                                                      0.073     1.946 r  skarab_infr/USER_CLK_MMCM_inst/CLKOUT0
                         net (fo=1, routed)           1.350     3.296    skarab_infr/user_clk_mmcm
    BUFGCTRL_X0Y19       BUFG (Prop_bufg_I_O)         0.083     3.379 r  skarab_infr/user_clk_BUFG_inst/O
                         net (fo=5085, routed)        1.329     4.708    ethernet_one_gbe_skarab_loopback1_tx_one_gbe/kat_ten_gb_eth_0/tge_rx_inst/use_bram.rx_packet_fifo_bram_inst/U0/inst_fifo_gen/gconvfifo.rf/grf.rf/gntv_or_sync_fifo.gcx.clkx/rd_pntr_cdc_inst/src_clk
    SLICE_X130Y196       FDRE                                         r  ethernet_one_gbe_skarab_loopback1_tx_one_gbe/kat_ten_gb_eth_0/tge_rx_inst/use_bram.rx_packet_fifo_bram_inst/U0/inst_fifo_gen/gconvfifo.rf/grf.rf/gntv_or_sync_fifo.gcx.clkx/rd_pntr_cdc_inst/src_gray_ff_reg[6]/C
  -------------------------------------------------------------------    -------------------
    SLICE_X130Y196       FDRE (Prop_fdre_C_Q)         0.206     4.914 r  ethernet_one_gbe_skarab_loopback1_tx_one_gbe/kat_ten_gb_eth_0/tge_rx_inst/use_bram.rx_packet_fifo_bram_inst/U0/inst_fifo_gen/gconvfifo.rf/grf.rf/gntv_or_sync_fifo.gcx.clkx/rd_pntr_cdc_inst/src_gray_ff_reg[6]/Q
                         net (fo=1, routed)           0.243     5.157    ethernet_one_gbe_skarab_loopback1_tx_one_gbe/kat_ten_gb_eth_0/tge_rx_inst/use_bram.rx_packet_fifo_bram_inst/U0/inst_fifo_gen/gconvfifo.rf/grf.rf/gntv_or_sync_fifo.gcx.clkx/rd_pntr_cdc_inst/async_path[6]
    SLICE_X131Y196       FDRE                                         r  ethernet_one_gbe_skarab_loopback1_tx_one_gbe/kat_ten_gb_eth_0/tge_rx_inst/use_bram.rx_packet_fifo_bram_inst/U0/inst_fifo_gen/gconvfifo.rf/grf.rf/gntv_or_sync_fifo.gcx.clkx/rd_pntr_cdc_inst/dest_graysync_ff_reg[0][6]/D
  -------------------------------------------------------------------    -------------------

                         (clock sys_clk_mmcm rise edge)
                                                      0.000     0.000 r  
    AU15                                              0.000     0.000 r  FPGA_REFCLK_BUF0_P (IN)
                         net (fo=0)                   0.000     0.000    skarab_infr/FPGA_REFCLK_BUF0_P
    AU15                 IBUFDS (Prop_ibufds_I_O)     0.958     0.958 r  skarab_infr/refclk_0_ibufgds/O
                         net (fo=2, routed)           1.081     2.039    skarab_infr/refclk_0
    MMCME2_ADV_X1Y4      MMCME2_ADV (Prop_mmcme2_adv_CLKIN1_CLKOUT0)
                                                      0.077     2.116 r  skarab_infr/SYS_CLK_MMCM_inst/CLKOUT0
                         net (fo=1, routed)           1.463     3.579    skarab_infr/sys_clk_mmcm
    BUFGCTRL_X0Y0        BUFG (Prop_bufg_I_O)         0.093     3.672 r  skarab_infr/sys_clk_BUFG_inst/O
                         net (fo=2840, routed)        1.464     5.136    ethernet_one_gbe_skarab_loopback1_tx_one_gbe/kat_ten_gb_eth_0/tge_rx_inst/use_bram.rx_packet_fifo_bram_inst/U0/inst_fifo_gen/gconvfifo.rf/grf.rf/gntv_or_sync_fifo.gcx.clkx/rd_pntr_cdc_inst/dest_clk
    SLICE_X131Y196       FDRE                                         r  ethernet_one_gbe_skarab_loopback1_tx_one_gbe/kat_ten_gb_eth_0/tge_rx_inst/use_bram.rx_packet_fifo_bram_inst/U0/inst_fifo_gen/gconvfifo.rf/grf.rf/gntv_or_sync_fifo.gcx.clkx/rd_pntr_cdc_inst/dest_graysync_ff_reg[0][6]/C
                         clock pessimism             -0.103     5.033    
    SLICE_X131Y196       FDRE (Hold_fdre_C_D)         0.118     5.151    ethernet_one_gbe_skarab_loopback1_tx_one_gbe/kat_ten_gb_eth_0/tge_rx_inst/use_bram.rx_packet_fifo_bram_inst/U0/inst_fifo_gen/gconvfifo.rf/grf.rf/gntv_or_sync_fifo.gcx.clkx/rd_pntr_cdc_inst/dest_graysync_ff_reg[0][6]
  -------------------------------------------------------------------
                         data arrival                           5.157    
                         clock arrival                          5.151    
  -------------------------------------------------------------------
                         relative delay                         0.006    



Id: 4
set_bus_skew -from [get_cells [list {ethernet_one_gbe_skarab_loopback1_tx_one_gbe/kat_ten_gb_eth_0/tge_rx_inst/use_bram.rx_packet_fifo_bram_inst/U0/inst_fifo_gen/gconvfifo.rf/grf.rf/gntv_or_sync_fifo.gcx.clkx/wr_pntr_cdc_inst/src_gray_ff_reg[0]} {ethernet_one_gbe_skarab_loopback1_tx_one_gbe/kat_ten_gb_eth_0/tge_rx_inst/use_bram.rx_packet_fifo_bram_inst/U0/inst_fifo_gen/gconvfifo.rf/grf.rf/gntv_or_sync_fifo.gcx.clkx/wr_pntr_cdc_inst/src_gray_ff_reg[1]} {ethernet_one_gbe_skarab_loopback1_tx_one_gbe/kat_ten_gb_eth_0/tge_rx_inst/use_bram.rx_packet_fifo_bram_inst/U0/inst_fifo_gen/gconvfifo.rf/grf.rf/gntv_or_sync_fifo.gcx.clkx/wr_pntr_cdc_inst/src_gray_ff_reg[2]} {ethernet_one_gbe_skarab_loopback1_tx_one_gbe/kat_ten_gb_eth_0/tge_rx_inst/use_bram.rx_packet_fifo_bram_inst/U0/inst_fifo_gen/gconvfifo.rf/grf.rf/gntv_or_sync_fifo.gcx.clkx/wr_pntr_cdc_inst/src_gray_ff_reg[3]} {ethernet_one_gbe_skarab_loopback1_tx_one_gbe/kat_ten_gb_eth_0/tge_rx_inst/use_bram.rx_packet_fifo_bram_inst/U0/inst_fifo_gen/gconvfifo.rf/grf.rf/gntv_or_sync_fifo.gcx.clkx/wr_pntr_cdc_inst/src_gray_ff_reg[4]} {ethernet_one_gbe_skarab_loopback1_tx_one_gbe/kat_ten_gb_eth_0/tge_rx_inst/use_bram.rx_packet_fifo_bram_inst/U0/inst_fifo_gen/gconvfifo.rf/grf.rf/gntv_or_sync_fifo.gcx.clkx/wr_pntr_cdc_inst/src_gray_ff_reg[5]} {ethernet_one_gbe_skarab_loopback1_tx_one_gbe/kat_ten_gb_eth_0/tge_rx_inst/use_bram.rx_packet_fifo_bram_inst/U0/inst_fifo_gen/gconvfifo.rf/grf.rf/gntv_or_sync_fifo.gcx.clkx/wr_pntr_cdc_inst/src_gray_ff_reg[6]} {ethernet_one_gbe_skarab_loopback1_tx_one_gbe/kat_ten_gb_eth_0/tge_rx_inst/use_bram.rx_packet_fifo_bram_inst/U0/inst_fifo_gen/gconvfifo.rf/grf.rf/gntv_or_sync_fifo.gcx.clkx/wr_pntr_cdc_inst/src_gray_ff_reg[7]} {ethernet_one_gbe_skarab_loopback1_tx_one_gbe/kat_ten_gb_eth_0/tge_rx_inst/use_bram.rx_packet_fifo_bram_inst/U0/inst_fifo_gen/gconvfifo.rf/grf.rf/gntv_or_sync_fifo.gcx.clkx/wr_pntr_cdc_inst/src_gray_ff_reg[8]} {ethernet_one_gbe_skarab_loopback1_tx_one_gbe/kat_ten_gb_eth_0/tge_rx_inst/use_bram.rx_packet_fifo_bram_inst/U0/inst_fifo_gen/gconvfifo.rf/grf.rf/gntv_or_sync_fifo.gcx.clkx/wr_pntr_cdc_inst/src_gray_ff_reg[9]}]] -to [get_cells [list {ethernet_one_gbe_skarab_loopback1_tx_one_gbe/kat_ten_gb_eth_0/tge_rx_inst/use_bram.rx_packet_fifo_bram_inst/U0/inst_fifo_gen/gconvfifo.rf/grf.rf/gntv_or_sync_fifo.gcx.clkx/wr_pntr_cdc_inst/dest_graysync_ff_reg[0][0]} {ethernet_one_gbe_skarab_loopback1_tx_one_gbe/kat_ten_gb_eth_0/tge_rx_inst/use_bram.rx_packet_fifo_bram_inst/U0/inst_fifo_gen/gconvfifo.rf/grf.rf/gntv_or_sync_fifo.gcx.clkx/wr_pntr_cdc_inst/dest_graysync_ff_reg[0][1]} {ethernet_one_gbe_skarab_loopback1_tx_one_gbe/kat_ten_gb_eth_0/tge_rx_inst/use_bram.rx_packet_fifo_bram_inst/U0/inst_fifo_gen/gconvfifo.rf/grf.rf/gntv_or_sync_fifo.gcx.clkx/wr_pntr_cdc_inst/dest_graysync_ff_reg[0][2]} {ethernet_one_gbe_skarab_loopback1_tx_one_gbe/kat_ten_gb_eth_0/tge_rx_inst/use_bram.rx_packet_fifo_bram_inst/U0/inst_fifo_gen/gconvfifo.rf/grf.rf/gntv_or_sync_fifo.gcx.clkx/wr_pntr_cdc_inst/dest_graysync_ff_reg[0][3]} {ethernet_one_gbe_skarab_loopback1_tx_one_gbe/kat_ten_gb_eth_0/tge_rx_inst/use_bram.rx_packet_fifo_bram_inst/U0/inst_fifo_gen/gconvfifo.rf/grf.rf/gntv_or_sync_fifo.gcx.clkx/wr_pntr_cdc_inst/dest_graysync_ff_reg[0][4]} {ethernet_one_gbe_skarab_loopback1_tx_one_gbe/kat_ten_gb_eth_0/tge_rx_inst/use_bram.rx_packet_fifo_bram_inst/U0/inst_fifo_gen/gconvfifo.rf/grf.rf/gntv_or_sync_fifo.gcx.clkx/wr_pntr_cdc_inst/dest_graysync_ff_reg[0][5]} {ethernet_one_gbe_skarab_loopback1_tx_one_gbe/kat_ten_gb_eth_0/tge_rx_inst/use_bram.rx_packet_fifo_bram_inst/U0/inst_fifo_gen/gconvfifo.rf/grf.rf/gntv_or_sync_fifo.gcx.clkx/wr_pntr_cdc_inst/dest_graysync_ff_reg[0][6]} {ethernet_one_gbe_skarab_loopback1_tx_one_gbe/kat_ten_gb_eth_0/tge_rx_inst/use_bram.rx_packet_fifo_bram_inst/U0/inst_fifo_gen/gconvfifo.rf/grf.rf/gntv_or_sync_fifo.gcx.clkx/wr_pntr_cdc_inst/dest_graysync_ff_reg[0][7]} {ethernet_one_gbe_skarab_loopback1_tx_one_gbe/kat_ten_gb_eth_0/tge_rx_inst/use_bram.rx_packet_fifo_bram_inst/U0/inst_fifo_gen/gconvfifo.rf/grf.rf/gntv_or_sync_fifo.gcx.clkx/wr_pntr_cdc_inst/dest_graysync_ff_reg[0][8]} {ethernet_one_gbe_skarab_loopback1_tx_one_gbe/kat_ten_gb_eth_0/tge_rx_inst/use_bram.rx_packet_fifo_bram_inst/U0/inst_fifo_gen/gconvfifo.rf/grf.rf/gntv_or_sync_fifo.gcx.clkx/wr_pntr_cdc_inst/dest_graysync_ff_reg[0][9]}]] 4.335
Requirement: 4.335ns
Endpoints: 10

From Clock            To Clock              Endpoint Pin                    Reference Pin                   Corner  Actual(ns)  Slack(ns)
--------------------  --------------------  ------------------------------  ------------------------------  ------  ----------  ---------
sys_clk_mmcm          user_clk_mmcm         ethernet_one_gbe_skarab_loopback1_tx_one_gbe/kat_ten_gb_eth_0/tge_rx_inst/use_bram.rx_packet_fifo_bram_inst/U0/inst_fifo_gen/gconvfifo.rf/grf.rf/gntv_or_sync_fifo.gcx.clkx/wr_pntr_cdc_inst/dest_graysync_ff_reg[0][4]/D
                                                                            ethernet_one_gbe_skarab_loopback1_tx_one_gbe/kat_ten_gb_eth_0/tge_rx_inst/use_bram.rx_packet_fifo_bram_inst/U0/inst_fifo_gen/gconvfifo.rf/grf.rf/gntv_or_sync_fifo.gcx.clkx/wr_pntr_cdc_inst/dest_graysync_ff_reg[0][7]/D
                                                                                                            Slow         1.648      2.687


Slack (MET) :             2.687ns  (requirement - actual skew)
  Endpoint Source:        ethernet_one_gbe_skarab_loopback1_tx_one_gbe/kat_ten_gb_eth_0/tge_rx_inst/use_bram.rx_packet_fifo_bram_inst/U0/inst_fifo_gen/gconvfifo.rf/grf.rf/gntv_or_sync_fifo.gcx.clkx/wr_pntr_cdc_inst/src_gray_ff_reg[4]/C
                            (rising edge-triggered cell FDRE clocked by sys_clk_mmcm)
  Endpoint Destination:   ethernet_one_gbe_skarab_loopback1_tx_one_gbe/kat_ten_gb_eth_0/tge_rx_inst/use_bram.rx_packet_fifo_bram_inst/U0/inst_fifo_gen/gconvfifo.rf/grf.rf/gntv_or_sync_fifo.gcx.clkx/wr_pntr_cdc_inst/dest_graysync_ff_reg[0][4]/D
                            (rising edge-triggered cell FDRE clocked by user_clk_mmcm)
  Reference Source:       ethernet_one_gbe_skarab_loopback1_tx_one_gbe/kat_ten_gb_eth_0/tge_rx_inst/use_bram.rx_packet_fifo_bram_inst/U0/inst_fifo_gen/gconvfifo.rf/grf.rf/gntv_or_sync_fifo.gcx.clkx/wr_pntr_cdc_inst/src_gray_ff_reg[7]/C
                            (rising edge-triggered cell FDRE clocked by sys_clk_mmcm)
  Reference Destination:  ethernet_one_gbe_skarab_loopback1_tx_one_gbe/kat_ten_gb_eth_0/tge_rx_inst/use_bram.rx_packet_fifo_bram_inst/U0/inst_fifo_gen/gconvfifo.rf/grf.rf/gntv_or_sync_fifo.gcx.clkx/wr_pntr_cdc_inst/dest_graysync_ff_reg[0][7]/D
                            (rising edge-triggered cell FDRE clocked by user_clk_mmcm)
  Path Type:              Bus Skew (Max at Slow Process Corner)
  Requirement:            4.335ns
  Endpoint Relative Delay:    1.130ns
  Reference Relative Delay:  -0.099ns
  Relative CRPR:              0.628ns
  Uncertainty:                1.046ns
  Actual Bus Skew:            1.648ns  (Endpoint Relative Delay - Reference Relative Delay - Relative CRPR + Uncertainty)

Endpoint path:
    Location             Delay type                Incr(ns)  Path(ns)    Netlist Resource(s)
  -------------------------------------------------------------------    -------------------
                         (clock sys_clk_mmcm rise edge)
                                                      0.000     0.000 r  
    AU15                                              0.000     0.000 r  FPGA_REFCLK_BUF0_P (IN)
                         net (fo=0)                   0.000     0.000    skarab_infr/FPGA_REFCLK_BUF0_P
    AU15                 IBUFDS (Prop_ibufds_I_O)     0.958     0.958 r  skarab_infr/refclk_0_ibufgds/O
                         net (fo=2, routed)           1.081     2.039    skarab_infr/refclk_0
    MMCME2_ADV_X1Y4      MMCME2_ADV (Prop_mmcme2_adv_CLKIN1_CLKOUT0)
                                                      0.077     2.116 r  skarab_infr/SYS_CLK_MMCM_inst/CLKOUT0
                         net (fo=1, routed)           1.463     3.579    skarab_infr/sys_clk_mmcm
    BUFGCTRL_X0Y0        BUFG (Prop_bufg_I_O)         0.093     3.672 r  skarab_infr/sys_clk_BUFG_inst/O
                         net (fo=2840, routed)        1.464     5.136    ethernet_one_gbe_skarab_loopback1_tx_one_gbe/kat_ten_gb_eth_0/tge_rx_inst/use_bram.rx_packet_fifo_bram_inst/U0/inst_fifo_gen/gconvfifo.rf/grf.rf/gntv_or_sync_fifo.gcx.clkx/wr_pntr_cdc_inst/src_clk
    SLICE_X131Y196       FDRE                                         r  ethernet_one_gbe_skarab_loopback1_tx_one_gbe/kat_ten_gb_eth_0/tge_rx_inst/use_bram.rx_packet_fifo_bram_inst/U0/inst_fifo_gen/gconvfifo.rf/grf.rf/gntv_or_sync_fifo.gcx.clkx/wr_pntr_cdc_inst/src_gray_ff_reg[4]/C
  -------------------------------------------------------------------    -------------------
    SLICE_X131Y196       FDRE (Prop_fdre_C_Q)         0.223     5.359 r  ethernet_one_gbe_skarab_loopback1_tx_one_gbe/kat_ten_gb_eth_0/tge_rx_inst/use_bram.rx_packet_fifo_bram_inst/U0/inst_fifo_gen/gconvfifo.rf/grf.rf/gntv_or_sync_fifo.gcx.clkx/wr_pntr_cdc_inst/src_gray_ff_reg[4]/Q
                         net (fo=1, routed)           0.573     5.932    ethernet_one_gbe_skarab_loopback1_tx_one_gbe/kat_ten_gb_eth_0/tge_rx_inst/use_bram.rx_packet_fifo_bram_inst/U0/inst_fifo_gen/gconvfifo.rf/grf.rf/gntv_or_sync_fifo.gcx.clkx/wr_pntr_cdc_inst/async_path[4]
    SLICE_X131Y194       FDRE                                         r  ethernet_one_gbe_skarab_loopback1_tx_one_gbe/kat_ten_gb_eth_0/tge_rx_inst/use_bram.rx_packet_fifo_bram_inst/U0/inst_fifo_gen/gconvfifo.rf/grf.rf/gntv_or_sync_fifo.gcx.clkx/wr_pntr_cdc_inst/dest_graysync_ff_reg[0][4]/D
  -------------------------------------------------------------------    -------------------

                         (clock user_clk_mmcm rise edge)
                                                      0.000     0.000 r  
    AU15                                              0.000     0.000 r  FPGA_REFCLK_BUF0_P (IN)
                         net (fo=0)                   0.000     0.000    skarab_infr/FPGA_REFCLK_BUF0_P
    AU15                 IBUFDS (Prop_ibufds_I_O)     0.855     0.855 r  skarab_infr/refclk_0_ibufgds/O
                         net (fo=2, routed)           1.018     1.873    skarab_infr/refclk_0
    MMCME2_ADV_X1Y5      MMCME2_ADV (Prop_mmcme2_adv_CLKIN1_CLKOUT0)
                                                      0.073     1.946 r  skarab_infr/USER_CLK_MMCM_inst/CLKOUT0
                         net (fo=1, routed)           1.350     3.296    skarab_infr/user_clk_mmcm
    BUFGCTRL_X0Y19       BUFG (Prop_bufg_I_O)         0.083     3.379 r  skarab_infr/user_clk_BUFG_inst/O
                         net (fo=5085, routed)        1.329     4.708    ethernet_one_gbe_skarab_loopback1_tx_one_gbe/kat_ten_gb_eth_0/tge_rx_inst/use_bram.rx_packet_fifo_bram_inst/U0/inst_fifo_gen/gconvfifo.rf/grf.rf/gntv_or_sync_fifo.gcx.clkx/wr_pntr_cdc_inst/dest_clk
    SLICE_X131Y194       FDRE                                         r  ethernet_one_gbe_skarab_loopback1_tx_one_gbe/kat_ten_gb_eth_0/tge_rx_inst/use_bram.rx_packet_fifo_bram_inst/U0/inst_fifo_gen/gconvfifo.rf/grf.rf/gntv_or_sync_fifo.gcx.clkx/wr_pntr_cdc_inst/dest_graysync_ff_reg[0][4]/C
                         clock pessimism              0.103     4.811    
    SLICE_X131Y194       FDRE (Setup_fdre_C_D)       -0.009     4.802    ethernet_one_gbe_skarab_loopback1_tx_one_gbe/kat_ten_gb_eth_0/tge_rx_inst/use_bram.rx_packet_fifo_bram_inst/U0/inst_fifo_gen/gconvfifo.rf/grf.rf/gntv_or_sync_fifo.gcx.clkx/wr_pntr_cdc_inst/dest_graysync_ff_reg[0][4]
  -------------------------------------------------------------------
                         data arrival                           5.932    
                         clock arrival                          4.802    
  -------------------------------------------------------------------
                         relative delay                         1.130    

Reference path:
    Location             Delay type                Incr(ns)  Path(ns)    Netlist Resource(s)
  -------------------------------------------------------------------    -------------------
                         (clock sys_clk_mmcm rise edge)
                                                      0.000     0.000 r  
    AU15                                              0.000     0.000 r  FPGA_REFCLK_BUF0_P (IN)
                         net (fo=0)                   0.000     0.000    skarab_infr/FPGA_REFCLK_BUF0_P
    AU15                 IBUFDS (Prop_ibufds_I_O)     0.855     0.855 r  skarab_infr/refclk_0_ibufgds/O
                         net (fo=2, routed)           0.986     1.841    skarab_infr/refclk_0
    MMCME2_ADV_X1Y4      MMCME2_ADV (Prop_mmcme2_adv_CLKIN1_CLKOUT0)
                                                      0.073     1.914 r  skarab_infr/SYS_CLK_MMCM_inst/CLKOUT0
                         net (fo=1, routed)           1.350     3.264    skarab_infr/sys_clk_mmcm
    BUFGCTRL_X0Y0        BUFG (Prop_bufg_I_O)         0.083     3.347 r  skarab_infr/sys_clk_BUFG_inst/O
                         net (fo=2840, routed)        1.329     4.676    ethernet_one_gbe_skarab_loopback1_tx_one_gbe/kat_ten_gb_eth_0/tge_rx_inst/use_bram.rx_packet_fifo_bram_inst/U0/inst_fifo_gen/gconvfifo.rf/grf.rf/gntv_or_sync_fifo.gcx.clkx/wr_pntr_cdc_inst/src_clk
    SLICE_X133Y196       FDRE                                         r  ethernet_one_gbe_skarab_loopback1_tx_one_gbe/kat_ten_gb_eth_0/tge_rx_inst/use_bram.rx_packet_fifo_bram_inst/U0/inst_fifo_gen/gconvfifo.rf/grf.rf/gntv_or_sync_fifo.gcx.clkx/wr_pntr_cdc_inst/src_gray_ff_reg[7]/C
  -------------------------------------------------------------------    -------------------
    SLICE_X133Y196       FDRE (Prop_fdre_C_Q)         0.162     4.838 r  ethernet_one_gbe_skarab_loopback1_tx_one_gbe/kat_ten_gb_eth_0/tge_rx_inst/use_bram.rx_packet_fifo_bram_inst/U0/inst_fifo_gen/gconvfifo.rf/grf.rf/gntv_or_sync_fifo.gcx.clkx/wr_pntr_cdc_inst/src_gray_ff_reg[7]/Q
                         net (fo=1, routed)           0.229     5.067    ethernet_one_gbe_skarab_loopback1_tx_one_gbe/kat_ten_gb_eth_0/tge_rx_inst/use_bram.rx_packet_fifo_bram_inst/U0/inst_fifo_gen/gconvfifo.rf/grf.rf/gntv_or_sync_fifo.gcx.clkx/wr_pntr_cdc_inst/async_path[7]
    SLICE_X132Y195       FDRE                                         r  ethernet_one_gbe_skarab_loopback1_tx_one_gbe/kat_ten_gb_eth_0/tge_rx_inst/use_bram.rx_packet_fifo_bram_inst/U0/inst_fifo_gen/gconvfifo.rf/grf.rf/gntv_or_sync_fifo.gcx.clkx/wr_pntr_cdc_inst/dest_graysync_ff_reg[0][7]/D
  -------------------------------------------------------------------    -------------------

                         (clock user_clk_mmcm rise edge)
                                                      0.000     0.000 r  
    AU15                                              0.000     0.000 r  FPGA_REFCLK_BUF0_P (IN)
                         net (fo=0)                   0.000     0.000    skarab_infr/FPGA_REFCLK_BUF0_P
    AU15                 IBUFDS (Prop_ibufds_I_O)     0.958     0.958 r  skarab_infr/refclk_0_ibufgds/O
                         net (fo=2, routed)           1.121     2.079    skarab_infr/refclk_0
    MMCME2_ADV_X1Y5      MMCME2_ADV (Prop_mmcme2_adv_CLKIN1_CLKOUT0)
                                                      0.077     2.156 r  skarab_infr/USER_CLK_MMCM_inst/CLKOUT0
                         net (fo=1, routed)           1.463     3.619    skarab_infr/user_clk_mmcm
    BUFGCTRL_X0Y19       BUFG (Prop_bufg_I_O)         0.093     3.712 r  skarab_infr/user_clk_BUFG_inst/O
                         net (fo=5085, routed)        1.469     5.181    ethernet_one_gbe_skarab_loopback1_tx_one_gbe/kat_ten_gb_eth_0/tge_rx_inst/use_bram.rx_packet_fifo_bram_inst/U0/inst_fifo_gen/gconvfifo.rf/grf.rf/gntv_or_sync_fifo.gcx.clkx/wr_pntr_cdc_inst/dest_clk
    SLICE_X132Y195       FDRE                                         r  ethernet_one_gbe_skarab_loopback1_tx_one_gbe/kat_ten_gb_eth_0/tge_rx_inst/use_bram.rx_packet_fifo_bram_inst/U0/inst_fifo_gen/gconvfifo.rf/grf.rf/gntv_or_sync_fifo.gcx.clkx/wr_pntr_cdc_inst/dest_graysync_ff_reg[0][7]/C
                         clock pessimism             -0.103     5.078    
    SLICE_X132Y195       FDRE (Hold_fdre_C_D)         0.088     5.166    ethernet_one_gbe_skarab_loopback1_tx_one_gbe/kat_ten_gb_eth_0/tge_rx_inst/use_bram.rx_packet_fifo_bram_inst/U0/inst_fifo_gen/gconvfifo.rf/grf.rf/gntv_or_sync_fifo.gcx.clkx/wr_pntr_cdc_inst/dest_graysync_ff_reg[0][7]
  -------------------------------------------------------------------
                         data arrival                           5.067    
                         clock arrival                          5.166    
  -------------------------------------------------------------------
                         relative delay                        -0.099    



Id: 5
set_bus_skew -from [get_cells [list {ethernet_one_gbe_skarab_loopback1_tx_one_gbe/kat_ten_gb_eth_0/tge_tx_inst/tx_packet_ctrl_fifo_inst/U0/inst_fifo_gen/gconvfifo.rf/grf.rf/gntv_or_sync_fifo.gcx.clkx/rd_pntr_cdc_inst/src_gray_ff_reg[0]} {ethernet_one_gbe_skarab_loopback1_tx_one_gbe/kat_ten_gb_eth_0/tge_tx_inst/tx_packet_ctrl_fifo_inst/U0/inst_fifo_gen/gconvfifo.rf/grf.rf/gntv_or_sync_fifo.gcx.clkx/rd_pntr_cdc_inst/src_gray_ff_reg[1]} {ethernet_one_gbe_skarab_loopback1_tx_one_gbe/kat_ten_gb_eth_0/tge_tx_inst/tx_packet_ctrl_fifo_inst/U0/inst_fifo_gen/gconvfifo.rf/grf.rf/gntv_or_sync_fifo.gcx.clkx/rd_pntr_cdc_inst/src_gray_ff_reg[2]} {ethernet_one_gbe_skarab_loopback1_tx_one_gbe/kat_ten_gb_eth_0/tge_tx_inst/tx_packet_ctrl_fifo_inst/U0/inst_fifo_gen/gconvfifo.rf/grf.rf/gntv_or_sync_fifo.gcx.clkx/rd_pntr_cdc_inst/src_gray_ff_reg[3]}]] -to [get_cells [list {ethernet_one_gbe_skarab_loopback1_tx_one_gbe/kat_ten_gb_eth_0/tge_tx_inst/tx_packet_ctrl_fifo_inst/U0/inst_fifo_gen/gconvfifo.rf/grf.rf/gntv_or_sync_fifo.gcx.clkx/rd_pntr_cdc_inst/dest_graysync_ff_reg[0][0]} {ethernet_one_gbe_skarab_loopback1_tx_one_gbe/kat_ten_gb_eth_0/tge_tx_inst/tx_packet_ctrl_fifo_inst/U0/inst_fifo_gen/gconvfifo.rf/grf.rf/gntv_or_sync_fifo.gcx.clkx/rd_pntr_cdc_inst/dest_graysync_ff_reg[0][1]} {ethernet_one_gbe_skarab_loopback1_tx_one_gbe/kat_ten_gb_eth_0/tge_tx_inst/tx_packet_ctrl_fifo_inst/U0/inst_fifo_gen/gconvfifo.rf/grf.rf/gntv_or_sync_fifo.gcx.clkx/rd_pntr_cdc_inst/dest_graysync_ff_reg[0][2]} {ethernet_one_gbe_skarab_loopback1_tx_one_gbe/kat_ten_gb_eth_0/tge_tx_inst/tx_packet_ctrl_fifo_inst/U0/inst_fifo_gen/gconvfifo.rf/grf.rf/gntv_or_sync_fifo.gcx.clkx/rd_pntr_cdc_inst/dest_graysync_ff_reg[0][3]}]] 4.335
Requirement: 4.335ns
Endpoints: 4

From Clock            To Clock              Endpoint Pin                    Reference Pin                   Corner  Actual(ns)  Slack(ns)
--------------------  --------------------  ------------------------------  ------------------------------  ------  ----------  ---------
sys_clk_mmcm          user_clk_mmcm         ethernet_one_gbe_skarab_loopback1_tx_one_gbe/kat_ten_gb_eth_0/tge_tx_inst/tx_packet_ctrl_fifo_inst/U0/inst_fifo_gen/gconvfifo.rf/grf.rf/gntv_or_sync_fifo.gcx.clkx/rd_pntr_cdc_inst/dest_graysync_ff_reg[0][3]/D
                                                                            ethernet_one_gbe_skarab_loopback1_tx_one_gbe/kat_ten_gb_eth_0/tge_tx_inst/tx_packet_ctrl_fifo_inst/U0/inst_fifo_gen/gconvfifo.rf/grf.rf/gntv_or_sync_fifo.gcx.clkx/rd_pntr_cdc_inst/dest_graysync_ff_reg[0][2]/D
                                                                                                            Slow         1.414      2.921


Slack (MET) :             2.921ns  (requirement - actual skew)
  Endpoint Source:        ethernet_one_gbe_skarab_loopback1_tx_one_gbe/kat_ten_gb_eth_0/tge_tx_inst/tx_packet_ctrl_fifo_inst/U0/inst_fifo_gen/gconvfifo.rf/grf.rf/gntv_or_sync_fifo.gcx.clkx/rd_pntr_cdc_inst/src_gray_ff_reg[3]/C
                            (rising edge-triggered cell FDRE clocked by sys_clk_mmcm)
  Endpoint Destination:   ethernet_one_gbe_skarab_loopback1_tx_one_gbe/kat_ten_gb_eth_0/tge_tx_inst/tx_packet_ctrl_fifo_inst/U0/inst_fifo_gen/gconvfifo.rf/grf.rf/gntv_or_sync_fifo.gcx.clkx/rd_pntr_cdc_inst/dest_graysync_ff_reg[0][3]/D
                            (rising edge-triggered cell FDRE clocked by user_clk_mmcm)
  Reference Source:       ethernet_one_gbe_skarab_loopback1_tx_one_gbe/kat_ten_gb_eth_0/tge_tx_inst/tx_packet_ctrl_fifo_inst/U0/inst_fifo_gen/gconvfifo.rf/grf.rf/gntv_or_sync_fifo.gcx.clkx/rd_pntr_cdc_inst/src_gray_ff_reg[2]/C
                            (rising edge-triggered cell FDRE clocked by sys_clk_mmcm)
  Reference Destination:  ethernet_one_gbe_skarab_loopback1_tx_one_gbe/kat_ten_gb_eth_0/tge_tx_inst/tx_packet_ctrl_fifo_inst/U0/inst_fifo_gen/gconvfifo.rf/grf.rf/gntv_or_sync_fifo.gcx.clkx/rd_pntr_cdc_inst/dest_graysync_ff_reg[0][2]/D
                            (rising edge-triggered cell FDRE clocked by user_clk_mmcm)
  Path Type:              Bus Skew (Max at Slow Process Corner)
  Requirement:            4.335ns
  Endpoint Relative Delay:    0.915ns
  Reference Relative Delay:  -0.130ns
  Relative CRPR:              0.678ns
  Uncertainty:                1.046ns
  Actual Bus Skew:            1.414ns  (Endpoint Relative Delay - Reference Relative Delay - Relative CRPR + Uncertainty)

Endpoint path:
    Location             Delay type                Incr(ns)  Path(ns)    Netlist Resource(s)
  -------------------------------------------------------------------    -------------------
                         (clock sys_clk_mmcm rise edge)
                                                      0.000     0.000 r  
    AU15                                              0.000     0.000 r  FPGA_REFCLK_BUF0_P (IN)
                         net (fo=0)                   0.000     0.000    skarab_infr/FPGA_REFCLK_BUF0_P
    AU15                 IBUFDS (Prop_ibufds_I_O)     0.958     0.958 r  skarab_infr/refclk_0_ibufgds/O
                         net (fo=2, routed)           1.081     2.039    skarab_infr/refclk_0
    MMCME2_ADV_X1Y4      MMCME2_ADV (Prop_mmcme2_adv_CLKIN1_CLKOUT0)
                                                      0.077     2.116 r  skarab_infr/SYS_CLK_MMCM_inst/CLKOUT0
                         net (fo=1, routed)           1.463     3.579    skarab_infr/sys_clk_mmcm
    BUFGCTRL_X0Y0        BUFG (Prop_bufg_I_O)         0.093     3.672 r  skarab_infr/sys_clk_BUFG_inst/O
                         net (fo=2840, routed)        1.479     5.151    ethernet_one_gbe_skarab_loopback1_tx_one_gbe/kat_ten_gb_eth_0/tge_tx_inst/tx_packet_ctrl_fifo_inst/U0/inst_fifo_gen/gconvfifo.rf/grf.rf/gntv_or_sync_fifo.gcx.clkx/rd_pntr_cdc_inst/src_clk
    SLICE_X159Y190       FDRE                                         r  ethernet_one_gbe_skarab_loopback1_tx_one_gbe/kat_ten_gb_eth_0/tge_tx_inst/tx_packet_ctrl_fifo_inst/U0/inst_fifo_gen/gconvfifo.rf/grf.rf/gntv_or_sync_fifo.gcx.clkx/rd_pntr_cdc_inst/src_gray_ff_reg[3]/C
  -------------------------------------------------------------------    -------------------
    SLICE_X159Y190       FDRE (Prop_fdre_C_Q)         0.223     5.374 r  ethernet_one_gbe_skarab_loopback1_tx_one_gbe/kat_ten_gb_eth_0/tge_tx_inst/tx_packet_ctrl_fifo_inst/U0/inst_fifo_gen/gconvfifo.rf/grf.rf/gntv_or_sync_fifo.gcx.clkx/rd_pntr_cdc_inst/src_gray_ff_reg[3]/Q
                         net (fo=1, routed)           0.388     5.762    ethernet_one_gbe_skarab_loopback1_tx_one_gbe/kat_ten_gb_eth_0/tge_tx_inst/tx_packet_ctrl_fifo_inst/U0/inst_fifo_gen/gconvfifo.rf/grf.rf/gntv_or_sync_fifo.gcx.clkx/rd_pntr_cdc_inst/async_path[3]
    SLICE_X158Y190       FDRE                                         r  ethernet_one_gbe_skarab_loopback1_tx_one_gbe/kat_ten_gb_eth_0/tge_tx_inst/tx_packet_ctrl_fifo_inst/U0/inst_fifo_gen/gconvfifo.rf/grf.rf/gntv_or_sync_fifo.gcx.clkx/rd_pntr_cdc_inst/dest_graysync_ff_reg[0][3]/D
  -------------------------------------------------------------------    -------------------

                         (clock user_clk_mmcm rise edge)
                                                      0.000     0.000 r  
    AU15                                              0.000     0.000 r  FPGA_REFCLK_BUF0_P (IN)
                         net (fo=0)                   0.000     0.000    skarab_infr/FPGA_REFCLK_BUF0_P
    AU15                 IBUFDS (Prop_ibufds_I_O)     0.855     0.855 r  skarab_infr/refclk_0_ibufgds/O
                         net (fo=2, routed)           1.018     1.873    skarab_infr/refclk_0
    MMCME2_ADV_X1Y5      MMCME2_ADV (Prop_mmcme2_adv_CLKIN1_CLKOUT0)
                                                      0.073     1.946 r  skarab_infr/USER_CLK_MMCM_inst/CLKOUT0
                         net (fo=1, routed)           1.350     3.296    skarab_infr/user_clk_mmcm
    BUFGCTRL_X0Y19       BUFG (Prop_bufg_I_O)         0.083     3.379 r  skarab_infr/user_clk_BUFG_inst/O
                         net (fo=5085, routed)        1.343     4.722    ethernet_one_gbe_skarab_loopback1_tx_one_gbe/kat_ten_gb_eth_0/tge_tx_inst/tx_packet_ctrl_fifo_inst/U0/inst_fifo_gen/gconvfifo.rf/grf.rf/gntv_or_sync_fifo.gcx.clkx/rd_pntr_cdc_inst/dest_clk
    SLICE_X158Y190       FDRE                                         r  ethernet_one_gbe_skarab_loopback1_tx_one_gbe/kat_ten_gb_eth_0/tge_tx_inst/tx_packet_ctrl_fifo_inst/U0/inst_fifo_gen/gconvfifo.rf/grf.rf/gntv_or_sync_fifo.gcx.clkx/rd_pntr_cdc_inst/dest_graysync_ff_reg[0][3]/C
                         clock pessimism              0.103     4.825    
    SLICE_X158Y190       FDRE (Setup_fdre_C_D)        0.022     4.847    ethernet_one_gbe_skarab_loopback1_tx_one_gbe/kat_ten_gb_eth_0/tge_tx_inst/tx_packet_ctrl_fifo_inst/U0/inst_fifo_gen/gconvfifo.rf/grf.rf/gntv_or_sync_fifo.gcx.clkx/rd_pntr_cdc_inst/dest_graysync_ff_reg[0][3]
  -------------------------------------------------------------------
                         data arrival                           5.762    
                         clock arrival                          4.847    
  -------------------------------------------------------------------
                         relative delay                         0.915    

Reference path:
    Location             Delay type                Incr(ns)  Path(ns)    Netlist Resource(s)
  -------------------------------------------------------------------    -------------------
                         (clock sys_clk_mmcm rise edge)
                                                      0.000     0.000 r  
    AU15                                              0.000     0.000 r  FPGA_REFCLK_BUF0_P (IN)
                         net (fo=0)                   0.000     0.000    skarab_infr/FPGA_REFCLK_BUF0_P
    AU15                 IBUFDS (Prop_ibufds_I_O)     0.855     0.855 r  skarab_infr/refclk_0_ibufgds/O
                         net (fo=2, routed)           0.986     1.841    skarab_infr/refclk_0
    MMCME2_ADV_X1Y4      MMCME2_ADV (Prop_mmcme2_adv_CLKIN1_CLKOUT0)
                                                      0.073     1.914 r  skarab_infr/SYS_CLK_MMCM_inst/CLKOUT0
                         net (fo=1, routed)           1.350     3.264    skarab_infr/sys_clk_mmcm
    BUFGCTRL_X0Y0        BUFG (Prop_bufg_I_O)         0.083     3.347 r  skarab_infr/sys_clk_BUFG_inst/O
                         net (fo=2840, routed)        1.341     4.688    ethernet_one_gbe_skarab_loopback1_tx_one_gbe/kat_ten_gb_eth_0/tge_tx_inst/tx_packet_ctrl_fifo_inst/U0/inst_fifo_gen/gconvfifo.rf/grf.rf/gntv_or_sync_fifo.gcx.clkx/rd_pntr_cdc_inst/src_clk
    SLICE_X161Y190       FDRE                                         r  ethernet_one_gbe_skarab_loopback1_tx_one_gbe/kat_ten_gb_eth_0/tge_tx_inst/tx_packet_ctrl_fifo_inst/U0/inst_fifo_gen/gconvfifo.rf/grf.rf/gntv_or_sync_fifo.gcx.clkx/rd_pntr_cdc_inst/src_gray_ff_reg[2]/C
  -------------------------------------------------------------------    -------------------
    SLICE_X161Y190       FDRE (Prop_fdre_C_Q)         0.178     4.866 r  ethernet_one_gbe_skarab_loopback1_tx_one_gbe/kat_ten_gb_eth_0/tge_tx_inst/tx_packet_ctrl_fifo_inst/U0/inst_fifo_gen/gconvfifo.rf/grf.rf/gntv_or_sync_fifo.gcx.clkx/rd_pntr_cdc_inst/src_gray_ff_reg[2]/Q
                         net (fo=1, routed)           0.247     5.113    ethernet_one_gbe_skarab_loopback1_tx_one_gbe/kat_ten_gb_eth_0/tge_tx_inst/tx_packet_ctrl_fifo_inst/U0/inst_fifo_gen/gconvfifo.rf/grf.rf/gntv_or_sync_fifo.gcx.clkx/rd_pntr_cdc_inst/async_path[2]
    SLICE_X160Y190       FDRE                                         r  ethernet_one_gbe_skarab_loopback1_tx_one_gbe/kat_ten_gb_eth_0/tge_tx_inst/tx_packet_ctrl_fifo_inst/U0/inst_fifo_gen/gconvfifo.rf/grf.rf/gntv_or_sync_fifo.gcx.clkx/rd_pntr_cdc_inst/dest_graysync_ff_reg[0][2]/D
  -------------------------------------------------------------------    -------------------

                         (clock user_clk_mmcm rise edge)
                                                      0.000     0.000 r  
    AU15                                              0.000     0.000 r  FPGA_REFCLK_BUF0_P (IN)
                         net (fo=0)                   0.000     0.000    skarab_infr/FPGA_REFCLK_BUF0_P
    AU15                 IBUFDS (Prop_ibufds_I_O)     0.958     0.958 r  skarab_infr/refclk_0_ibufgds/O
                         net (fo=2, routed)           1.121     2.079    skarab_infr/refclk_0
    MMCME2_ADV_X1Y5      MMCME2_ADV (Prop_mmcme2_adv_CLKIN1_CLKOUT0)
                                                      0.077     2.156 r  skarab_infr/USER_CLK_MMCM_inst/CLKOUT0
                         net (fo=1, routed)           1.463     3.619    skarab_infr/user_clk_mmcm
    BUFGCTRL_X0Y19       BUFG (Prop_bufg_I_O)         0.093     3.712 r  skarab_infr/user_clk_BUFG_inst/O
                         net (fo=5085, routed)        1.481     5.193    ethernet_one_gbe_skarab_loopback1_tx_one_gbe/kat_ten_gb_eth_0/tge_tx_inst/tx_packet_ctrl_fifo_inst/U0/inst_fifo_gen/gconvfifo.rf/grf.rf/gntv_or_sync_fifo.gcx.clkx/rd_pntr_cdc_inst/dest_clk
    SLICE_X160Y190       FDRE                                         r  ethernet_one_gbe_skarab_loopback1_tx_one_gbe/kat_ten_gb_eth_0/tge_tx_inst/tx_packet_ctrl_fifo_inst/U0/inst_fifo_gen/gconvfifo.rf/grf.rf/gntv_or_sync_fifo.gcx.clkx/rd_pntr_cdc_inst/dest_graysync_ff_reg[0][2]/C
                         clock pessimism             -0.103     5.090    
    SLICE_X160Y190       FDRE (Hold_fdre_C_D)         0.153     5.243    ethernet_one_gbe_skarab_loopback1_tx_one_gbe/kat_ten_gb_eth_0/tge_tx_inst/tx_packet_ctrl_fifo_inst/U0/inst_fifo_gen/gconvfifo.rf/grf.rf/gntv_or_sync_fifo.gcx.clkx/rd_pntr_cdc_inst/dest_graysync_ff_reg[0][2]
  -------------------------------------------------------------------
                         data arrival                           5.113    
                         clock arrival                          5.243    
  -------------------------------------------------------------------
                         relative delay                        -0.130    



Id: 6
set_bus_skew -from [get_cells [list {ethernet_one_gbe_skarab_loopback1_tx_one_gbe/kat_ten_gb_eth_0/tge_tx_inst/tx_packet_ctrl_fifo_inst/U0/inst_fifo_gen/gconvfifo.rf/grf.rf/gntv_or_sync_fifo.gcx.clkx/wr_pntr_cdc_inst/src_gray_ff_reg[0]} {ethernet_one_gbe_skarab_loopback1_tx_one_gbe/kat_ten_gb_eth_0/tge_tx_inst/tx_packet_ctrl_fifo_inst/U0/inst_fifo_gen/gconvfifo.rf/grf.rf/gntv_or_sync_fifo.gcx.clkx/wr_pntr_cdc_inst/src_gray_ff_reg[1]} {ethernet_one_gbe_skarab_loopback1_tx_one_gbe/kat_ten_gb_eth_0/tge_tx_inst/tx_packet_ctrl_fifo_inst/U0/inst_fifo_gen/gconvfifo.rf/grf.rf/gntv_or_sync_fifo.gcx.clkx/wr_pntr_cdc_inst/src_gray_ff_reg[2]} {ethernet_one_gbe_skarab_loopback1_tx_one_gbe/kat_ten_gb_eth_0/tge_tx_inst/tx_packet_ctrl_fifo_inst/U0/inst_fifo_gen/gconvfifo.rf/grf.rf/gntv_or_sync_fifo.gcx.clkx/wr_pntr_cdc_inst/src_gray_ff_reg[3]}]] -to [get_cells [list {ethernet_one_gbe_skarab_loopback1_tx_one_gbe/kat_ten_gb_eth_0/tge_tx_inst/tx_packet_ctrl_fifo_inst/U0/inst_fifo_gen/gconvfifo.rf/grf.rf/gntv_or_sync_fifo.gcx.clkx/wr_pntr_cdc_inst/dest_graysync_ff_reg[0][0]} {ethernet_one_gbe_skarab_loopback1_tx_one_gbe/kat_ten_gb_eth_0/tge_tx_inst/tx_packet_ctrl_fifo_inst/U0/inst_fifo_gen/gconvfifo.rf/grf.rf/gntv_or_sync_fifo.gcx.clkx/wr_pntr_cdc_inst/dest_graysync_ff_reg[0][1]} {ethernet_one_gbe_skarab_loopback1_tx_one_gbe/kat_ten_gb_eth_0/tge_tx_inst/tx_packet_ctrl_fifo_inst/U0/inst_fifo_gen/gconvfifo.rf/grf.rf/gntv_or_sync_fifo.gcx.clkx/wr_pntr_cdc_inst/dest_graysync_ff_reg[0][2]} {ethernet_one_gbe_skarab_loopback1_tx_one_gbe/kat_ten_gb_eth_0/tge_tx_inst/tx_packet_ctrl_fifo_inst/U0/inst_fifo_gen/gconvfifo.rf/grf.rf/gntv_or_sync_fifo.gcx.clkx/wr_pntr_cdc_inst/dest_graysync_ff_reg[0][3]}]] 4.335
Requirement: 4.335ns
Endpoints: 4

From Clock            To Clock              Endpoint Pin                    Reference Pin                   Corner  Actual(ns)  Slack(ns)
--------------------  --------------------  ------------------------------  ------------------------------  ------  ----------  ---------
user_clk_mmcm         sys_clk_mmcm          ethernet_one_gbe_skarab_loopback1_tx_one_gbe/kat_ten_gb_eth_0/tge_tx_inst/tx_packet_ctrl_fifo_inst/U0/inst_fifo_gen/gconvfifo.rf/grf.rf/gntv_or_sync_fifo.gcx.clkx/wr_pntr_cdc_inst/dest_graysync_ff_reg[0][3]/D
                                                                            ethernet_one_gbe_skarab_loopback1_tx_one_gbe/kat_ten_gb_eth_0/tge_tx_inst/tx_packet_ctrl_fifo_inst/U0/inst_fifo_gen/gconvfifo.rf/grf.rf/gntv_or_sync_fifo.gcx.clkx/wr_pntr_cdc_inst/dest_graysync_ff_reg[0][1]/D
                                                                                                            Slow         1.455      2.880


Slack (MET) :             2.880ns  (requirement - actual skew)
  Endpoint Source:        ethernet_one_gbe_skarab_loopback1_tx_one_gbe/kat_ten_gb_eth_0/tge_tx_inst/tx_packet_ctrl_fifo_inst/U0/inst_fifo_gen/gconvfifo.rf/grf.rf/gntv_or_sync_fifo.gcx.clkx/wr_pntr_cdc_inst/src_gray_ff_reg[3]/C
                            (rising edge-triggered cell FDRE clocked by user_clk_mmcm)
  Endpoint Destination:   ethernet_one_gbe_skarab_loopback1_tx_one_gbe/kat_ten_gb_eth_0/tge_tx_inst/tx_packet_ctrl_fifo_inst/U0/inst_fifo_gen/gconvfifo.rf/grf.rf/gntv_or_sync_fifo.gcx.clkx/wr_pntr_cdc_inst/dest_graysync_ff_reg[0][3]/D
                            (rising edge-triggered cell FDRE clocked by sys_clk_mmcm)
  Reference Source:       ethernet_one_gbe_skarab_loopback1_tx_one_gbe/kat_ten_gb_eth_0/tge_tx_inst/tx_packet_ctrl_fifo_inst/U0/inst_fifo_gen/gconvfifo.rf/grf.rf/gntv_or_sync_fifo.gcx.clkx/wr_pntr_cdc_inst/src_gray_ff_reg[1]/C
                            (rising edge-triggered cell FDRE clocked by user_clk_mmcm)
  Reference Destination:  ethernet_one_gbe_skarab_loopback1_tx_one_gbe/kat_ten_gb_eth_0/tge_tx_inst/tx_packet_ctrl_fifo_inst/U0/inst_fifo_gen/gconvfifo.rf/grf.rf/gntv_or_sync_fifo.gcx.clkx/wr_pntr_cdc_inst/dest_graysync_ff_reg[0][1]/D
                            (rising edge-triggered cell FDRE clocked by sys_clk_mmcm)
  Path Type:              Bus Skew (Max at Slow Process Corner)
  Requirement:            4.335ns
  Endpoint Relative Delay:    1.324ns
  Reference Relative Delay:   0.187ns
  Relative CRPR:              0.728ns
  Uncertainty:                1.046ns
  Actual Bus Skew:            1.455ns  (Endpoint Relative Delay - Reference Relative Delay - Relative CRPR + Uncertainty)

Endpoint path:
    Location             Delay type                Incr(ns)  Path(ns)    Netlist Resource(s)
  -------------------------------------------------------------------    -------------------
                         (clock user_clk_mmcm rise edge)
                                                      0.000     0.000 r  
    AU15                                              0.000     0.000 r  FPGA_REFCLK_BUF0_P (IN)
                         net (fo=0)                   0.000     0.000    skarab_infr/FPGA_REFCLK_BUF0_P
    AU15                 IBUFDS (Prop_ibufds_I_O)     0.958     0.958 r  skarab_infr/refclk_0_ibufgds/O
                         net (fo=2, routed)           1.121     2.079    skarab_infr/refclk_0
    MMCME2_ADV_X1Y5      MMCME2_ADV (Prop_mmcme2_adv_CLKIN1_CLKOUT0)
                                                      0.077     2.156 r  skarab_infr/USER_CLK_MMCM_inst/CLKOUT0
                         net (fo=1, routed)           1.463     3.619    skarab_infr/user_clk_mmcm
    BUFGCTRL_X0Y19       BUFG (Prop_bufg_I_O)         0.093     3.712 r  skarab_infr/user_clk_BUFG_inst/O
                         net (fo=5085, routed)        1.539     5.251    ethernet_one_gbe_skarab_loopback1_tx_one_gbe/kat_ten_gb_eth_0/tge_tx_inst/tx_packet_ctrl_fifo_inst/U0/inst_fifo_gen/gconvfifo.rf/grf.rf/gntv_or_sync_fifo.gcx.clkx/wr_pntr_cdc_inst/src_clk
    SLICE_X163Y199       FDRE                                         r  ethernet_one_gbe_skarab_loopback1_tx_one_gbe/kat_ten_gb_eth_0/tge_tx_inst/tx_packet_ctrl_fifo_inst/U0/inst_fifo_gen/gconvfifo.rf/grf.rf/gntv_or_sync_fifo.gcx.clkx/wr_pntr_cdc_inst/src_gray_ff_reg[3]/C
  -------------------------------------------------------------------    -------------------
    SLICE_X163Y199       FDRE (Prop_fdre_C_Q)         0.204     5.455 r  ethernet_one_gbe_skarab_loopback1_tx_one_gbe/kat_ten_gb_eth_0/tge_tx_inst/tx_packet_ctrl_fifo_inst/U0/inst_fifo_gen/gconvfifo.rf/grf.rf/gntv_or_sync_fifo.gcx.clkx/wr_pntr_cdc_inst/src_gray_ff_reg[3]/Q
                         net (fo=1, routed)           0.458     5.913    ethernet_one_gbe_skarab_loopback1_tx_one_gbe/kat_ten_gb_eth_0/tge_tx_inst/tx_packet_ctrl_fifo_inst/U0/inst_fifo_gen/gconvfifo.rf/grf.rf/gntv_or_sync_fifo.gcx.clkx/wr_pntr_cdc_inst/async_path[3]
    SLICE_X163Y202       FDRE                                         r  ethernet_one_gbe_skarab_loopback1_tx_one_gbe/kat_ten_gb_eth_0/tge_tx_inst/tx_packet_ctrl_fifo_inst/U0/inst_fifo_gen/gconvfifo.rf/grf.rf/gntv_or_sync_fifo.gcx.clkx/wr_pntr_cdc_inst/dest_graysync_ff_reg[0][3]/D
  -------------------------------------------------------------------    -------------------

                         (clock sys_clk_mmcm rise edge)
                                                      0.000     0.000 r  
    AU15                                              0.000     0.000 r  FPGA_REFCLK_BUF0_P (IN)
                         net (fo=0)                   0.000     0.000    skarab_infr/FPGA_REFCLK_BUF0_P
    AU15                 IBUFDS (Prop_ibufds_I_O)     0.855     0.855 r  skarab_infr/refclk_0_ibufgds/O
                         net (fo=2, routed)           0.986     1.841    skarab_infr/refclk_0
    MMCME2_ADV_X1Y4      MMCME2_ADV (Prop_mmcme2_adv_CLKIN1_CLKOUT0)
                                                      0.073     1.914 r  skarab_infr/SYS_CLK_MMCM_inst/CLKOUT0
                         net (fo=1, routed)           1.350     3.264    skarab_infr/sys_clk_mmcm
    BUFGCTRL_X0Y0        BUFG (Prop_bufg_I_O)         0.083     3.347 r  skarab_infr/sys_clk_BUFG_inst/O
                         net (fo=2840, routed)        1.228     4.575    ethernet_one_gbe_skarab_loopback1_tx_one_gbe/kat_ten_gb_eth_0/tge_tx_inst/tx_packet_ctrl_fifo_inst/U0/inst_fifo_gen/gconvfifo.rf/grf.rf/gntv_or_sync_fifo.gcx.clkx/wr_pntr_cdc_inst/dest_clk
    SLICE_X163Y202       FDRE                                         r  ethernet_one_gbe_skarab_loopback1_tx_one_gbe/kat_ten_gb_eth_0/tge_tx_inst/tx_packet_ctrl_fifo_inst/U0/inst_fifo_gen/gconvfifo.rf/grf.rf/gntv_or_sync_fifo.gcx.clkx/wr_pntr_cdc_inst/dest_graysync_ff_reg[0][3]/C
                         clock pessimism              0.103     4.678    
    SLICE_X163Y202       FDRE (Setup_fdre_C_D)       -0.089     4.589    ethernet_one_gbe_skarab_loopback1_tx_one_gbe/kat_ten_gb_eth_0/tge_tx_inst/tx_packet_ctrl_fifo_inst/U0/inst_fifo_gen/gconvfifo.rf/grf.rf/gntv_or_sync_fifo.gcx.clkx/wr_pntr_cdc_inst/dest_graysync_ff_reg[0][3]
  -------------------------------------------------------------------
                         data arrival                           5.913    
                         clock arrival                          4.589    
  -------------------------------------------------------------------
                         relative delay                         1.324    

Reference path:
    Location             Delay type                Incr(ns)  Path(ns)    Netlist Resource(s)
  -------------------------------------------------------------------    -------------------
                         (clock user_clk_mmcm rise edge)
                                                      0.000     0.000 r  
    AU15                                              0.000     0.000 r  FPGA_REFCLK_BUF0_P (IN)
                         net (fo=0)                   0.000     0.000    skarab_infr/FPGA_REFCLK_BUF0_P
    AU15                 IBUFDS (Prop_ibufds_I_O)     0.855     0.855 r  skarab_infr/refclk_0_ibufgds/O
                         net (fo=2, routed)           1.018     1.873    skarab_infr/refclk_0
    MMCME2_ADV_X1Y5      MMCME2_ADV (Prop_mmcme2_adv_CLKIN1_CLKOUT0)
                                                      0.073     1.946 r  skarab_infr/USER_CLK_MMCM_inst/CLKOUT0
                         net (fo=1, routed)           1.350     3.296    skarab_infr/user_clk_mmcm
    BUFGCTRL_X0Y19       BUFG (Prop_bufg_I_O)         0.083     3.379 r  skarab_infr/user_clk_BUFG_inst/O
                         net (fo=5085, routed)        1.400     4.779    ethernet_one_gbe_skarab_loopback1_tx_one_gbe/kat_ten_gb_eth_0/tge_tx_inst/tx_packet_ctrl_fifo_inst/U0/inst_fifo_gen/gconvfifo.rf/grf.rf/gntv_or_sync_fifo.gcx.clkx/wr_pntr_cdc_inst/src_clk
    SLICE_X163Y199       FDRE                                         r  ethernet_one_gbe_skarab_loopback1_tx_one_gbe/kat_ten_gb_eth_0/tge_tx_inst/tx_packet_ctrl_fifo_inst/U0/inst_fifo_gen/gconvfifo.rf/grf.rf/gntv_or_sync_fifo.gcx.clkx/wr_pntr_cdc_inst/src_gray_ff_reg[1]/C
  -------------------------------------------------------------------    -------------------
    SLICE_X163Y199       FDRE (Prop_fdre_C_Q)         0.162     4.941 r  ethernet_one_gbe_skarab_loopback1_tx_one_gbe/kat_ten_gb_eth_0/tge_tx_inst/tx_packet_ctrl_fifo_inst/U0/inst_fifo_gen/gconvfifo.rf/grf.rf/gntv_or_sync_fifo.gcx.clkx/wr_pntr_cdc_inst/src_gray_ff_reg[1]/Q
                         net (fo=1, routed)           0.231     5.172    ethernet_one_gbe_skarab_loopback1_tx_one_gbe/kat_ten_gb_eth_0/tge_tx_inst/tx_packet_ctrl_fifo_inst/U0/inst_fifo_gen/gconvfifo.rf/grf.rf/gntv_or_sync_fifo.gcx.clkx/wr_pntr_cdc_inst/async_path[1]
    SLICE_X163Y202       FDRE                                         r  ethernet_one_gbe_skarab_loopback1_tx_one_gbe/kat_ten_gb_eth_0/tge_tx_inst/tx_packet_ctrl_fifo_inst/U0/inst_fifo_gen/gconvfifo.rf/grf.rf/gntv_or_sync_fifo.gcx.clkx/wr_pntr_cdc_inst/dest_graysync_ff_reg[0][1]/D
  -------------------------------------------------------------------    -------------------

                         (clock sys_clk_mmcm rise edge)
                                                      0.000     0.000 r  
    AU15                                              0.000     0.000 r  FPGA_REFCLK_BUF0_P (IN)
                         net (fo=0)                   0.000     0.000    skarab_infr/FPGA_REFCLK_BUF0_P
    AU15                 IBUFDS (Prop_ibufds_I_O)     0.958     0.958 r  skarab_infr/refclk_0_ibufgds/O
                         net (fo=2, routed)           1.081     2.039    skarab_infr/refclk_0
    MMCME2_ADV_X1Y4      MMCME2_ADV (Prop_mmcme2_adv_CLKIN1_CLKOUT0)
                                                      0.077     2.116 r  skarab_infr/SYS_CLK_MMCM_inst/CLKOUT0
                         net (fo=1, routed)           1.463     3.579    skarab_infr/sys_clk_mmcm
    BUFGCTRL_X0Y0        BUFG (Prop_bufg_I_O)         0.093     3.672 r  skarab_infr/sys_clk_BUFG_inst/O
                         net (fo=2840, routed)        1.365     5.037    ethernet_one_gbe_skarab_loopback1_tx_one_gbe/kat_ten_gb_eth_0/tge_tx_inst/tx_packet_ctrl_fifo_inst/U0/inst_fifo_gen/gconvfifo.rf/grf.rf/gntv_or_sync_fifo.gcx.clkx/wr_pntr_cdc_inst/dest_clk
    SLICE_X163Y202       FDRE                                         r  ethernet_one_gbe_skarab_loopback1_tx_one_gbe/kat_ten_gb_eth_0/tge_tx_inst/tx_packet_ctrl_fifo_inst/U0/inst_fifo_gen/gconvfifo.rf/grf.rf/gntv_or_sync_fifo.gcx.clkx/wr_pntr_cdc_inst/dest_graysync_ff_reg[0][1]/C
                         clock pessimism             -0.103     4.934    
    SLICE_X163Y202       FDRE (Hold_fdre_C_D)         0.051     4.985    ethernet_one_gbe_skarab_loopback1_tx_one_gbe/kat_ten_gb_eth_0/tge_tx_inst/tx_packet_ctrl_fifo_inst/U0/inst_fifo_gen/gconvfifo.rf/grf.rf/gntv_or_sync_fifo.gcx.clkx/wr_pntr_cdc_inst/dest_graysync_ff_reg[0][1]
  -------------------------------------------------------------------
                         data arrival                           5.172    
                         clock arrival                          4.985    
  -------------------------------------------------------------------
                         relative delay                         0.187    



Id: 7
set_bus_skew -from [get_cells [list {ethernet_one_gbe_skarab_loopback1_tx_one_gbe/kat_ten_gb_eth_0/tge_tx_inst/tx_packet_fifo_inst/U0/inst_fifo_gen/gconvfifo.rf/grf.rf/gntv_or_sync_fifo.gcx.clkx/rd_pntr_cdc_inst/src_gray_ff_reg[0]} {ethernet_one_gbe_skarab_loopback1_tx_one_gbe/kat_ten_gb_eth_0/tge_tx_inst/tx_packet_fifo_inst/U0/inst_fifo_gen/gconvfifo.rf/grf.rf/gntv_or_sync_fifo.gcx.clkx/rd_pntr_cdc_inst/src_gray_ff_reg[1]} {ethernet_one_gbe_skarab_loopback1_tx_one_gbe/kat_ten_gb_eth_0/tge_tx_inst/tx_packet_fifo_inst/U0/inst_fifo_gen/gconvfifo.rf/grf.rf/gntv_or_sync_fifo.gcx.clkx/rd_pntr_cdc_inst/src_gray_ff_reg[2]} {ethernet_one_gbe_skarab_loopback1_tx_one_gbe/kat_ten_gb_eth_0/tge_tx_inst/tx_packet_fifo_inst/U0/inst_fifo_gen/gconvfifo.rf/grf.rf/gntv_or_sync_fifo.gcx.clkx/rd_pntr_cdc_inst/src_gray_ff_reg[3]} {ethernet_one_gbe_skarab_loopback1_tx_one_gbe/kat_ten_gb_eth_0/tge_tx_inst/tx_packet_fifo_inst/U0/inst_fifo_gen/gconvfifo.rf/grf.rf/gntv_or_sync_fifo.gcx.clkx/rd_pntr_cdc_inst/src_gray_ff_reg[4]} {ethernet_one_gbe_skarab_loopback1_tx_one_gbe/kat_ten_gb_eth_0/tge_tx_inst/tx_packet_fifo_inst/U0/inst_fifo_gen/gconvfifo.rf/grf.rf/gntv_or_sync_fifo.gcx.clkx/rd_pntr_cdc_inst/src_gray_ff_reg[5]} {ethernet_one_gbe_skarab_loopback1_tx_one_gbe/kat_ten_gb_eth_0/tge_tx_inst/tx_packet_fifo_inst/U0/inst_fifo_gen/gconvfifo.rf/grf.rf/gntv_or_sync_fifo.gcx.clkx/rd_pntr_cdc_inst/src_gray_ff_reg[6]} {ethernet_one_gbe_skarab_loopback1_tx_one_gbe/kat_ten_gb_eth_0/tge_tx_inst/tx_packet_fifo_inst/U0/inst_fifo_gen/gconvfifo.rf/grf.rf/gntv_or_sync_fifo.gcx.clkx/rd_pntr_cdc_inst/src_gray_ff_reg[7]} {ethernet_one_gbe_skarab_loopback1_tx_one_gbe/kat_ten_gb_eth_0/tge_tx_inst/tx_packet_fifo_inst/U0/inst_fifo_gen/gconvfifo.rf/grf.rf/gntv_or_sync_fifo.gcx.clkx/rd_pntr_cdc_inst/src_gray_ff_reg[8]} {ethernet_one_gbe_skarab_loopback1_tx_one_gbe/kat_ten_gb_eth_0/tge_tx_inst/tx_packet_fifo_inst/U0/inst_fifo_gen/gconvfifo.rf/grf.rf/gntv_or_sync_fifo.gcx.clkx/rd_pntr_cdc_inst/src_gray_ff_reg[9]}]] -to [get_cells [list {ethernet_one_gbe_skarab_loopback1_tx_one_gbe/kat_ten_gb_eth_0/tge_tx_inst/tx_packet_fifo_inst/U0/inst_fifo_gen/gconvfifo.rf/grf.rf/gntv_or_sync_fifo.gcx.clkx/rd_pntr_cdc_inst/dest_graysync_ff_reg[0][0]} {ethernet_one_gbe_skarab_loopback1_tx_one_gbe/kat_ten_gb_eth_0/tge_tx_inst/tx_packet_fifo_inst/U0/inst_fifo_gen/gconvfifo.rf/grf.rf/gntv_or_sync_fifo.gcx.clkx/rd_pntr_cdc_inst/dest_graysync_ff_reg[0][1]} {ethernet_one_gbe_skarab_loopback1_tx_one_gbe/kat_ten_gb_eth_0/tge_tx_inst/tx_packet_fifo_inst/U0/inst_fifo_gen/gconvfifo.rf/grf.rf/gntv_or_sync_fifo.gcx.clkx/rd_pntr_cdc_inst/dest_graysync_ff_reg[0][2]} {ethernet_one_gbe_skarab_loopback1_tx_one_gbe/kat_ten_gb_eth_0/tge_tx_inst/tx_packet_fifo_inst/U0/inst_fifo_gen/gconvfifo.rf/grf.rf/gntv_or_sync_fifo.gcx.clkx/rd_pntr_cdc_inst/dest_graysync_ff_reg[0][3]} {ethernet_one_gbe_skarab_loopback1_tx_one_gbe/kat_ten_gb_eth_0/tge_tx_inst/tx_packet_fifo_inst/U0/inst_fifo_gen/gconvfifo.rf/grf.rf/gntv_or_sync_fifo.gcx.clkx/rd_pntr_cdc_inst/dest_graysync_ff_reg[0][4]} {ethernet_one_gbe_skarab_loopback1_tx_one_gbe/kat_ten_gb_eth_0/tge_tx_inst/tx_packet_fifo_inst/U0/inst_fifo_gen/gconvfifo.rf/grf.rf/gntv_or_sync_fifo.gcx.clkx/rd_pntr_cdc_inst/dest_graysync_ff_reg[0][5]} {ethernet_one_gbe_skarab_loopback1_tx_one_gbe/kat_ten_gb_eth_0/tge_tx_inst/tx_packet_fifo_inst/U0/inst_fifo_gen/gconvfifo.rf/grf.rf/gntv_or_sync_fifo.gcx.clkx/rd_pntr_cdc_inst/dest_graysync_ff_reg[0][6]} {ethernet_one_gbe_skarab_loopback1_tx_one_gbe/kat_ten_gb_eth_0/tge_tx_inst/tx_packet_fifo_inst/U0/inst_fifo_gen/gconvfifo.rf/grf.rf/gntv_or_sync_fifo.gcx.clkx/rd_pntr_cdc_inst/dest_graysync_ff_reg[0][7]} {ethernet_one_gbe_skarab_loopback1_tx_one_gbe/kat_ten_gb_eth_0/tge_tx_inst/tx_packet_fifo_inst/U0/inst_fifo_gen/gconvfifo.rf/grf.rf/gntv_or_sync_fifo.gcx.clkx/rd_pntr_cdc_inst/dest_graysync_ff_reg[0][8]} {ethernet_one_gbe_skarab_loopback1_tx_one_gbe/kat_ten_gb_eth_0/tge_tx_inst/tx_packet_fifo_inst/U0/inst_fifo_gen/gconvfifo.rf/grf.rf/gntv_or_sync_fifo.gcx.clkx/rd_pntr_cdc_inst/dest_graysync_ff_reg[0][9]}]] 4.335
Requirement: 4.335ns
Endpoints: 10

From Clock            To Clock              Endpoint Pin                    Reference Pin                   Corner  Actual(ns)  Slack(ns)
--------------------  --------------------  ------------------------------  ------------------------------  ------  ----------  ---------
sys_clk_mmcm          user_clk_mmcm         ethernet_one_gbe_skarab_loopback1_tx_one_gbe/kat_ten_gb_eth_0/tge_tx_inst/tx_packet_fifo_inst/U0/inst_fifo_gen/gconvfifo.rf/grf.rf/gntv_or_sync_fifo.gcx.clkx/rd_pntr_cdc_inst/dest_graysync_ff_reg[0][1]/D
                                                                            ethernet_one_gbe_skarab_loopback1_tx_one_gbe/kat_ten_gb_eth_0/tge_tx_inst/tx_packet_fifo_inst/U0/inst_fifo_gen/gconvfifo.rf/grf.rf/gntv_or_sync_fifo.gcx.clkx/rd_pntr_cdc_inst/dest_graysync_ff_reg[0][4]/D
                                                                                                            Slow         1.564      2.771


Slack (MET) :             2.771ns  (requirement - actual skew)
  Endpoint Source:        ethernet_one_gbe_skarab_loopback1_tx_one_gbe/kat_ten_gb_eth_0/tge_tx_inst/tx_packet_fifo_inst/U0/inst_fifo_gen/gconvfifo.rf/grf.rf/gntv_or_sync_fifo.gcx.clkx/rd_pntr_cdc_inst/src_gray_ff_reg[1]/C
                            (rising edge-triggered cell FDRE clocked by sys_clk_mmcm)
  Endpoint Destination:   ethernet_one_gbe_skarab_loopback1_tx_one_gbe/kat_ten_gb_eth_0/tge_tx_inst/tx_packet_fifo_inst/U0/inst_fifo_gen/gconvfifo.rf/grf.rf/gntv_or_sync_fifo.gcx.clkx/rd_pntr_cdc_inst/dest_graysync_ff_reg[0][1]/D
                            (rising edge-triggered cell FDRE clocked by user_clk_mmcm)
  Reference Source:       ethernet_one_gbe_skarab_loopback1_tx_one_gbe/kat_ten_gb_eth_0/tge_tx_inst/tx_packet_fifo_inst/U0/inst_fifo_gen/gconvfifo.rf/grf.rf/gntv_or_sync_fifo.gcx.clkx/rd_pntr_cdc_inst/src_gray_ff_reg[4]/C
                            (rising edge-triggered cell FDRE clocked by sys_clk_mmcm)
  Reference Destination:  ethernet_one_gbe_skarab_loopback1_tx_one_gbe/kat_ten_gb_eth_0/tge_tx_inst/tx_packet_fifo_inst/U0/inst_fifo_gen/gconvfifo.rf/grf.rf/gntv_or_sync_fifo.gcx.clkx/rd_pntr_cdc_inst/dest_graysync_ff_reg[0][4]/D
                            (rising edge-triggered cell FDRE clocked by user_clk_mmcm)
  Path Type:              Bus Skew (Max at Slow Process Corner)
  Requirement:            4.335ns
  Endpoint Relative Delay:    1.044ns
  Reference Relative Delay:  -0.128ns
  Relative CRPR:              0.654ns
  Uncertainty:                1.046ns
  Actual Bus Skew:            1.564ns  (Endpoint Relative Delay - Reference Relative Delay - Relative CRPR + Uncertainty)

Endpoint path:
    Location             Delay type                Incr(ns)  Path(ns)    Netlist Resource(s)
  -------------------------------------------------------------------    -------------------
                         (clock sys_clk_mmcm rise edge)
                                                      0.000     0.000 r  
    AU15                                              0.000     0.000 r  FPGA_REFCLK_BUF0_P (IN)
                         net (fo=0)                   0.000     0.000    skarab_infr/FPGA_REFCLK_BUF0_P
    AU15                 IBUFDS (Prop_ibufds_I_O)     0.958     0.958 r  skarab_infr/refclk_0_ibufgds/O
                         net (fo=2, routed)           1.081     2.039    skarab_infr/refclk_0
    MMCME2_ADV_X1Y4      MMCME2_ADV (Prop_mmcme2_adv_CLKIN1_CLKOUT0)
                                                      0.077     2.116 r  skarab_infr/SYS_CLK_MMCM_inst/CLKOUT0
                         net (fo=1, routed)           1.463     3.579    skarab_infr/sys_clk_mmcm
    BUFGCTRL_X0Y0        BUFG (Prop_bufg_I_O)         0.093     3.672 r  skarab_infr/sys_clk_BUFG_inst/O
                         net (fo=2840, routed)        1.599     5.271    ethernet_one_gbe_skarab_loopback1_tx_one_gbe/kat_ten_gb_eth_0/tge_tx_inst/tx_packet_fifo_inst/U0/inst_fifo_gen/gconvfifo.rf/grf.rf/gntv_or_sync_fifo.gcx.clkx/rd_pntr_cdc_inst/src_clk
    SLICE_X180Y189       FDRE                                         r  ethernet_one_gbe_skarab_loopback1_tx_one_gbe/kat_ten_gb_eth_0/tge_tx_inst/tx_packet_fifo_inst/U0/inst_fifo_gen/gconvfifo.rf/grf.rf/gntv_or_sync_fifo.gcx.clkx/rd_pntr_cdc_inst/src_gray_ff_reg[1]/C
  -------------------------------------------------------------------    -------------------
    SLICE_X180Y189       FDRE (Prop_fdre_C_Q)         0.236     5.507 r  ethernet_one_gbe_skarab_loopback1_tx_one_gbe/kat_ten_gb_eth_0/tge_tx_inst/tx_packet_fifo_inst/U0/inst_fifo_gen/gconvfifo.rf/grf.rf/gntv_or_sync_fifo.gcx.clkx/rd_pntr_cdc_inst/src_gray_ff_reg[1]/Q
                         net (fo=1, routed)           0.389     5.896    ethernet_one_gbe_skarab_loopback1_tx_one_gbe/kat_ten_gb_eth_0/tge_tx_inst/tx_packet_fifo_inst/U0/inst_fifo_gen/gconvfifo.rf/grf.rf/gntv_or_sync_fifo.gcx.clkx/rd_pntr_cdc_inst/async_path[1]
    SLICE_X175Y189       FDRE                                         r  ethernet_one_gbe_skarab_loopback1_tx_one_gbe/kat_ten_gb_eth_0/tge_tx_inst/tx_packet_fifo_inst/U0/inst_fifo_gen/gconvfifo.rf/grf.rf/gntv_or_sync_fifo.gcx.clkx/rd_pntr_cdc_inst/dest_graysync_ff_reg[0][1]/D
  -------------------------------------------------------------------    -------------------

                         (clock user_clk_mmcm rise edge)
                                                      0.000     0.000 r  
    AU15                                              0.000     0.000 r  FPGA_REFCLK_BUF0_P (IN)
                         net (fo=0)                   0.000     0.000    skarab_infr/FPGA_REFCLK_BUF0_P
    AU15                 IBUFDS (Prop_ibufds_I_O)     0.855     0.855 r  skarab_infr/refclk_0_ibufgds/O
                         net (fo=2, routed)           1.018     1.873    skarab_infr/refclk_0
    MMCME2_ADV_X1Y5      MMCME2_ADV (Prop_mmcme2_adv_CLKIN1_CLKOUT0)
                                                      0.073     1.946 r  skarab_infr/USER_CLK_MMCM_inst/CLKOUT0
                         net (fo=1, routed)           1.350     3.296    skarab_infr/user_clk_mmcm
    BUFGCTRL_X0Y19       BUFG (Prop_bufg_I_O)         0.083     3.379 r  skarab_infr/user_clk_BUFG_inst/O
                         net (fo=5085, routed)        1.460     4.839    ethernet_one_gbe_skarab_loopback1_tx_one_gbe/kat_ten_gb_eth_0/tge_tx_inst/tx_packet_fifo_inst/U0/inst_fifo_gen/gconvfifo.rf/grf.rf/gntv_or_sync_fifo.gcx.clkx/rd_pntr_cdc_inst/dest_clk
    SLICE_X175Y189       FDRE                                         r  ethernet_one_gbe_skarab_loopback1_tx_one_gbe/kat_ten_gb_eth_0/tge_tx_inst/tx_packet_fifo_inst/U0/inst_fifo_gen/gconvfifo.rf/grf.rf/gntv_or_sync_fifo.gcx.clkx/rd_pntr_cdc_inst/dest_graysync_ff_reg[0][1]/C
                         clock pessimism              0.103     4.942    
    SLICE_X175Y189       FDRE (Setup_fdre_C_D)       -0.090     4.852    ethernet_one_gbe_skarab_loopback1_tx_one_gbe/kat_ten_gb_eth_0/tge_tx_inst/tx_packet_fifo_inst/U0/inst_fifo_gen/gconvfifo.rf/grf.rf/gntv_or_sync_fifo.gcx.clkx/rd_pntr_cdc_inst/dest_graysync_ff_reg[0][1]
  -------------------------------------------------------------------
                         data arrival                           5.896    
                         clock arrival                          4.852    
  -------------------------------------------------------------------
                         relative delay                         1.044    

Reference path:
    Location             Delay type                Incr(ns)  Path(ns)    Netlist Resource(s)
  -------------------------------------------------------------------    -------------------
                         (clock sys_clk_mmcm rise edge)
                                                      0.000     0.000 r  
    AU15                                              0.000     0.000 r  FPGA_REFCLK_BUF0_P (IN)
                         net (fo=0)                   0.000     0.000    skarab_infr/FPGA_REFCLK_BUF0_P
    AU15                 IBUFDS (Prop_ibufds_I_O)     0.855     0.855 r  skarab_infr/refclk_0_ibufgds/O
                         net (fo=2, routed)           0.986     1.841    skarab_infr/refclk_0
    MMCME2_ADV_X1Y4      MMCME2_ADV (Prop_mmcme2_adv_CLKIN1_CLKOUT0)
                                                      0.073     1.914 r  skarab_infr/SYS_CLK_MMCM_inst/CLKOUT0
                         net (fo=1, routed)           1.350     3.264    skarab_infr/sys_clk_mmcm
    BUFGCTRL_X0Y0        BUFG (Prop_bufg_I_O)         0.083     3.347 r  skarab_infr/sys_clk_BUFG_inst/O
                         net (fo=2840, routed)        1.461     4.808    ethernet_one_gbe_skarab_loopback1_tx_one_gbe/kat_ten_gb_eth_0/tge_tx_inst/tx_packet_fifo_inst/U0/inst_fifo_gen/gconvfifo.rf/grf.rf/gntv_or_sync_fifo.gcx.clkx/rd_pntr_cdc_inst/src_clk
    SLICE_X179Y190       FDRE                                         r  ethernet_one_gbe_skarab_loopback1_tx_one_gbe/kat_ten_gb_eth_0/tge_tx_inst/tx_packet_fifo_inst/U0/inst_fifo_gen/gconvfifo.rf/grf.rf/gntv_or_sync_fifo.gcx.clkx/rd_pntr_cdc_inst/src_gray_ff_reg[4]/C
  -------------------------------------------------------------------    -------------------
    SLICE_X179Y190       FDRE (Prop_fdre_C_Q)         0.178     4.986 r  ethernet_one_gbe_skarab_loopback1_tx_one_gbe/kat_ten_gb_eth_0/tge_tx_inst/tx_packet_fifo_inst/U0/inst_fifo_gen/gconvfifo.rf/grf.rf/gntv_or_sync_fifo.gcx.clkx/rd_pntr_cdc_inst/src_gray_ff_reg[4]/Q
                         net (fo=1, routed)           0.249     5.235    ethernet_one_gbe_skarab_loopback1_tx_one_gbe/kat_ten_gb_eth_0/tge_tx_inst/tx_packet_fifo_inst/U0/inst_fifo_gen/gconvfifo.rf/grf.rf/gntv_or_sync_fifo.gcx.clkx/rd_pntr_cdc_inst/async_path[4]
    SLICE_X178Y190       FDRE                                         r  ethernet_one_gbe_skarab_loopback1_tx_one_gbe/kat_ten_gb_eth_0/tge_tx_inst/tx_packet_fifo_inst/U0/inst_fifo_gen/gconvfifo.rf/grf.rf/gntv_or_sync_fifo.gcx.clkx/rd_pntr_cdc_inst/dest_graysync_ff_reg[0][4]/D
  -------------------------------------------------------------------    -------------------

                         (clock user_clk_mmcm rise edge)
                                                      0.000     0.000 r  
    AU15                                              0.000     0.000 r  FPGA_REFCLK_BUF0_P (IN)
                         net (fo=0)                   0.000     0.000    skarab_infr/FPGA_REFCLK_BUF0_P
    AU15                 IBUFDS (Prop_ibufds_I_O)     0.958     0.958 r  skarab_infr/refclk_0_ibufgds/O
                         net (fo=2, routed)           1.121     2.079    skarab_infr/refclk_0
    MMCME2_ADV_X1Y5      MMCME2_ADV (Prop_mmcme2_adv_CLKIN1_CLKOUT0)
                                                      0.077     2.156 r  skarab_infr/USER_CLK_MMCM_inst/CLKOUT0
                         net (fo=1, routed)           1.463     3.619    skarab_infr/user_clk_mmcm
    BUFGCTRL_X0Y19       BUFG (Prop_bufg_I_O)         0.093     3.712 r  skarab_infr/user_clk_BUFG_inst/O
                         net (fo=5085, routed)        1.602     5.314    ethernet_one_gbe_skarab_loopback1_tx_one_gbe/kat_ten_gb_eth_0/tge_tx_inst/tx_packet_fifo_inst/U0/inst_fifo_gen/gconvfifo.rf/grf.rf/gntv_or_sync_fifo.gcx.clkx/rd_pntr_cdc_inst/dest_clk
    SLICE_X178Y190       FDRE                                         r  ethernet_one_gbe_skarab_loopback1_tx_one_gbe/kat_ten_gb_eth_0/tge_tx_inst/tx_packet_fifo_inst/U0/inst_fifo_gen/gconvfifo.rf/grf.rf/gntv_or_sync_fifo.gcx.clkx/rd_pntr_cdc_inst/dest_graysync_ff_reg[0][4]/C
                         clock pessimism             -0.103     5.211    
    SLICE_X178Y190       FDRE (Hold_fdre_C_D)         0.152     5.363    ethernet_one_gbe_skarab_loopback1_tx_one_gbe/kat_ten_gb_eth_0/tge_tx_inst/tx_packet_fifo_inst/U0/inst_fifo_gen/gconvfifo.rf/grf.rf/gntv_or_sync_fifo.gcx.clkx/rd_pntr_cdc_inst/dest_graysync_ff_reg[0][4]
  -------------------------------------------------------------------
                         data arrival                           5.235    
                         clock arrival                          5.363    
  -------------------------------------------------------------------
                         relative delay                        -0.128    



Id: 8
set_bus_skew -from [get_cells [list {ethernet_one_gbe_skarab_loopback1_tx_one_gbe/kat_ten_gb_eth_0/tge_tx_inst/tx_packet_fifo_inst/U0/inst_fifo_gen/gconvfifo.rf/grf.rf/gntv_or_sync_fifo.gcx.clkx/wr_pntr_cdc_inst/src_gray_ff_reg[0]} {ethernet_one_gbe_skarab_loopback1_tx_one_gbe/kat_ten_gb_eth_0/tge_tx_inst/tx_packet_fifo_inst/U0/inst_fifo_gen/gconvfifo.rf/grf.rf/gntv_or_sync_fifo.gcx.clkx/wr_pntr_cdc_inst/src_gray_ff_reg[1]} {ethernet_one_gbe_skarab_loopback1_tx_one_gbe/kat_ten_gb_eth_0/tge_tx_inst/tx_packet_fifo_inst/U0/inst_fifo_gen/gconvfifo.rf/grf.rf/gntv_or_sync_fifo.gcx.clkx/wr_pntr_cdc_inst/src_gray_ff_reg[2]} {ethernet_one_gbe_skarab_loopback1_tx_one_gbe/kat_ten_gb_eth_0/tge_tx_inst/tx_packet_fifo_inst/U0/inst_fifo_gen/gconvfifo.rf/grf.rf/gntv_or_sync_fifo.gcx.clkx/wr_pntr_cdc_inst/src_gray_ff_reg[3]} {ethernet_one_gbe_skarab_loopback1_tx_one_gbe/kat_ten_gb_eth_0/tge_tx_inst/tx_packet_fifo_inst/U0/inst_fifo_gen/gconvfifo.rf/grf.rf/gntv_or_sync_fifo.gcx.clkx/wr_pntr_cdc_inst/src_gray_ff_reg[4]} {ethernet_one_gbe_skarab_loopback1_tx_one_gbe/kat_ten_gb_eth_0/tge_tx_inst/tx_packet_fifo_inst/U0/inst_fifo_gen/gconvfifo.rf/grf.rf/gntv_or_sync_fifo.gcx.clkx/wr_pntr_cdc_inst/src_gray_ff_reg[5]} {ethernet_one_gbe_skarab_loopback1_tx_one_gbe/kat_ten_gb_eth_0/tge_tx_inst/tx_packet_fifo_inst/U0/inst_fifo_gen/gconvfifo.rf/grf.rf/gntv_or_sync_fifo.gcx.clkx/wr_pntr_cdc_inst/src_gray_ff_reg[6]} {ethernet_one_gbe_skarab_loopback1_tx_one_gbe/kat_ten_gb_eth_0/tge_tx_inst/tx_packet_fifo_inst/U0/inst_fifo_gen/gconvfifo.rf/grf.rf/gntv_or_sync_fifo.gcx.clkx/wr_pntr_cdc_inst/src_gray_ff_reg[7]} {ethernet_one_gbe_skarab_loopback1_tx_one_gbe/kat_ten_gb_eth_0/tge_tx_inst/tx_packet_fifo_inst/U0/inst_fifo_gen/gconvfifo.rf/grf.rf/gntv_or_sync_fifo.gcx.clkx/wr_pntr_cdc_inst/src_gray_ff_reg[8]} {ethernet_one_gbe_skarab_loopback1_tx_one_gbe/kat_ten_gb_eth_0/tge_tx_inst/tx_packet_fifo_inst/U0/inst_fifo_gen/gconvfifo.rf/grf.rf/gntv_or_sync_fifo.gcx.clkx/wr_pntr_cdc_inst/src_gray_ff_reg[9]}]] -to [get_cells [list {ethernet_one_gbe_skarab_loopback1_tx_one_gbe/kat_ten_gb_eth_0/tge_tx_inst/tx_packet_fifo_inst/U0/inst_fifo_gen/gconvfifo.rf/grf.rf/gntv_or_sync_fifo.gcx.clkx/wr_pntr_cdc_inst/dest_graysync_ff_reg[0][0]} {ethernet_one_gbe_skarab_loopback1_tx_one_gbe/kat_ten_gb_eth_0/tge_tx_inst/tx_packet_fifo_inst/U0/inst_fifo_gen/gconvfifo.rf/grf.rf/gntv_or_sync_fifo.gcx.clkx/wr_pntr_cdc_inst/dest_graysync_ff_reg[0][1]} {ethernet_one_gbe_skarab_loopback1_tx_one_gbe/kat_ten_gb_eth_0/tge_tx_inst/tx_packet_fifo_inst/U0/inst_fifo_gen/gconvfifo.rf/grf.rf/gntv_or_sync_fifo.gcx.clkx/wr_pntr_cdc_inst/dest_graysync_ff_reg[0][2]} {ethernet_one_gbe_skarab_loopback1_tx_one_gbe/kat_ten_gb_eth_0/tge_tx_inst/tx_packet_fifo_inst/U0/inst_fifo_gen/gconvfifo.rf/grf.rf/gntv_or_sync_fifo.gcx.clkx/wr_pntr_cdc_inst/dest_graysync_ff_reg[0][3]} {ethernet_one_gbe_skarab_loopback1_tx_one_gbe/kat_ten_gb_eth_0/tge_tx_inst/tx_packet_fifo_inst/U0/inst_fifo_gen/gconvfifo.rf/grf.rf/gntv_or_sync_fifo.gcx.clkx/wr_pntr_cdc_inst/dest_graysync_ff_reg[0][4]} {ethernet_one_gbe_skarab_loopback1_tx_one_gbe/kat_ten_gb_eth_0/tge_tx_inst/tx_packet_fifo_inst/U0/inst_fifo_gen/gconvfifo.rf/grf.rf/gntv_or_sync_fifo.gcx.clkx/wr_pntr_cdc_inst/dest_graysync_ff_reg[0][5]} {ethernet_one_gbe_skarab_loopback1_tx_one_gbe/kat_ten_gb_eth_0/tge_tx_inst/tx_packet_fifo_inst/U0/inst_fifo_gen/gconvfifo.rf/grf.rf/gntv_or_sync_fifo.gcx.clkx/wr_pntr_cdc_inst/dest_graysync_ff_reg[0][6]} {ethernet_one_gbe_skarab_loopback1_tx_one_gbe/kat_ten_gb_eth_0/tge_tx_inst/tx_packet_fifo_inst/U0/inst_fifo_gen/gconvfifo.rf/grf.rf/gntv_or_sync_fifo.gcx.clkx/wr_pntr_cdc_inst/dest_graysync_ff_reg[0][7]} {ethernet_one_gbe_skarab_loopback1_tx_one_gbe/kat_ten_gb_eth_0/tge_tx_inst/tx_packet_fifo_inst/U0/inst_fifo_gen/gconvfifo.rf/grf.rf/gntv_or_sync_fifo.gcx.clkx/wr_pntr_cdc_inst/dest_graysync_ff_reg[0][8]} {ethernet_one_gbe_skarab_loopback1_tx_one_gbe/kat_ten_gb_eth_0/tge_tx_inst/tx_packet_fifo_inst/U0/inst_fifo_gen/gconvfifo.rf/grf.rf/gntv_or_sync_fifo.gcx.clkx/wr_pntr_cdc_inst/dest_graysync_ff_reg[0][9]}]] 4.335
Requirement: 4.335ns
Endpoints: 10

From Clock            To Clock              Endpoint Pin                    Reference Pin                   Corner  Actual(ns)  Slack(ns)
--------------------  --------------------  ------------------------------  ------------------------------  ------  ----------  ---------
user_clk_mmcm         sys_clk_mmcm          ethernet_one_gbe_skarab_loopback1_tx_one_gbe/kat_ten_gb_eth_0/tge_tx_inst/tx_packet_fifo_inst/U0/inst_fifo_gen/gconvfifo.rf/grf.rf/gntv_or_sync_fifo.gcx.clkx/wr_pntr_cdc_inst/dest_graysync_ff_reg[0][5]/D
                                                                            ethernet_one_gbe_skarab_loopback1_tx_one_gbe/kat_ten_gb_eth_0/tge_tx_inst/tx_packet_fifo_inst/U0/inst_fifo_gen/gconvfifo.rf/grf.rf/gntv_or_sync_fifo.gcx.clkx/wr_pntr_cdc_inst/dest_graysync_ff_reg[0][9]/D
                                                                                                            Slow         2.115      2.220


Slack (MET) :             2.220ns  (requirement - actual skew)
  Endpoint Source:        ethernet_one_gbe_skarab_loopback1_tx_one_gbe/kat_ten_gb_eth_0/tge_tx_inst/tx_packet_fifo_inst/U0/inst_fifo_gen/gconvfifo.rf/grf.rf/gntv_or_sync_fifo.gcx.clkx/wr_pntr_cdc_inst/src_gray_ff_reg[5]/C
                            (rising edge-triggered cell FDRE clocked by user_clk_mmcm)
  Endpoint Destination:   ethernet_one_gbe_skarab_loopback1_tx_one_gbe/kat_ten_gb_eth_0/tge_tx_inst/tx_packet_fifo_inst/U0/inst_fifo_gen/gconvfifo.rf/grf.rf/gntv_or_sync_fifo.gcx.clkx/wr_pntr_cdc_inst/dest_graysync_ff_reg[0][5]/D
                            (rising edge-triggered cell FDRE clocked by sys_clk_mmcm)
  Reference Source:       ethernet_one_gbe_skarab_loopback1_tx_one_gbe/kat_ten_gb_eth_0/tge_tx_inst/tx_packet_fifo_inst/U0/inst_fifo_gen/gconvfifo.rf/grf.rf/gntv_or_sync_fifo.gcx.clkx/wr_pntr_cdc_inst/src_gray_ff_reg[9]/C
                            (rising edge-triggered cell FDRE clocked by user_clk_mmcm)
  Reference Destination:  ethernet_one_gbe_skarab_loopback1_tx_one_gbe/kat_ten_gb_eth_0/tge_tx_inst/tx_packet_fifo_inst/U0/inst_fifo_gen/gconvfifo.rf/grf.rf/gntv_or_sync_fifo.gcx.clkx/wr_pntr_cdc_inst/dest_graysync_ff_reg[0][9]/D
                            (rising edge-triggered cell FDRE clocked by sys_clk_mmcm)
  Path Type:              Bus Skew (Max at Slow Process Corner)
  Requirement:            4.335ns
  Endpoint Relative Delay:    1.785ns
  Reference Relative Delay:   0.061ns
  Relative CRPR:              0.655ns
  Uncertainty:                1.046ns
  Actual Bus Skew:            2.115ns  (Endpoint Relative Delay - Reference Relative Delay - Relative CRPR + Uncertainty)

Endpoint path:
    Location             Delay type                Incr(ns)  Path(ns)    Netlist Resource(s)
  -------------------------------------------------------------------    -------------------
                         (clock user_clk_mmcm rise edge)
                                                      0.000     0.000 r  
    AU15                                              0.000     0.000 r  FPGA_REFCLK_BUF0_P (IN)
                         net (fo=0)                   0.000     0.000    skarab_infr/FPGA_REFCLK_BUF0_P
    AU15                 IBUFDS (Prop_ibufds_I_O)     0.958     0.958 r  skarab_infr/refclk_0_ibufgds/O
                         net (fo=2, routed)           1.121     2.079    skarab_infr/refclk_0
    MMCME2_ADV_X1Y5      MMCME2_ADV (Prop_mmcme2_adv_CLKIN1_CLKOUT0)
                                                      0.077     2.156 r  skarab_infr/USER_CLK_MMCM_inst/CLKOUT0
                         net (fo=1, routed)           1.463     3.619    skarab_infr/user_clk_mmcm
    BUFGCTRL_X0Y19       BUFG (Prop_bufg_I_O)         0.093     3.712 r  skarab_infr/user_clk_BUFG_inst/O
                         net (fo=5085, routed)        1.536     5.248    ethernet_one_gbe_skarab_loopback1_tx_one_gbe/kat_ten_gb_eth_0/tge_tx_inst/tx_packet_fifo_inst/U0/inst_fifo_gen/gconvfifo.rf/grf.rf/gntv_or_sync_fifo.gcx.clkx/wr_pntr_cdc_inst/src_clk
    SLICE_X165Y187       FDRE                                         r  ethernet_one_gbe_skarab_loopback1_tx_one_gbe/kat_ten_gb_eth_0/tge_tx_inst/tx_packet_fifo_inst/U0/inst_fifo_gen/gconvfifo.rf/grf.rf/gntv_or_sync_fifo.gcx.clkx/wr_pntr_cdc_inst/src_gray_ff_reg[5]/C
  -------------------------------------------------------------------    -------------------
    SLICE_X165Y187       FDRE (Prop_fdre_C_Q)         0.204     5.452 r  ethernet_one_gbe_skarab_loopback1_tx_one_gbe/kat_ten_gb_eth_0/tge_tx_inst/tx_packet_fifo_inst/U0/inst_fifo_gen/gconvfifo.rf/grf.rf/gntv_or_sync_fifo.gcx.clkx/wr_pntr_cdc_inst/src_gray_ff_reg[5]/Q
                         net (fo=1, routed)           1.184     6.636    ethernet_one_gbe_skarab_loopback1_tx_one_gbe/kat_ten_gb_eth_0/tge_tx_inst/tx_packet_fifo_inst/U0/inst_fifo_gen/gconvfifo.rf/grf.rf/gntv_or_sync_fifo.gcx.clkx/wr_pntr_cdc_inst/async_path[5]
    SLICE_X184Y189       FDRE                                         r  ethernet_one_gbe_skarab_loopback1_tx_one_gbe/kat_ten_gb_eth_0/tge_tx_inst/tx_packet_fifo_inst/U0/inst_fifo_gen/gconvfifo.rf/grf.rf/gntv_or_sync_fifo.gcx.clkx/wr_pntr_cdc_inst/dest_graysync_ff_reg[0][5]/D
  -------------------------------------------------------------------    -------------------

                         (clock sys_clk_mmcm rise edge)
                                                      0.000     0.000 r  
    AU15                                              0.000     0.000 r  FPGA_REFCLK_BUF0_P (IN)
                         net (fo=0)                   0.000     0.000    skarab_infr/FPGA_REFCLK_BUF0_P
    AU15                 IBUFDS (Prop_ibufds_I_O)     0.855     0.855 r  skarab_infr/refclk_0_ibufgds/O
                         net (fo=2, routed)           0.986     1.841    skarab_infr/refclk_0
    MMCME2_ADV_X1Y4      MMCME2_ADV (Prop_mmcme2_adv_CLKIN1_CLKOUT0)
                                                      0.073     1.914 r  skarab_infr/SYS_CLK_MMCM_inst/CLKOUT0
                         net (fo=1, routed)           1.350     3.264    skarab_infr/sys_clk_mmcm
    BUFGCTRL_X0Y0        BUFG (Prop_bufg_I_O)         0.083     3.347 r  skarab_infr/sys_clk_BUFG_inst/O
                         net (fo=2840, routed)        1.460     4.807    ethernet_one_gbe_skarab_loopback1_tx_one_gbe/kat_ten_gb_eth_0/tge_tx_inst/tx_packet_fifo_inst/U0/inst_fifo_gen/gconvfifo.rf/grf.rf/gntv_or_sync_fifo.gcx.clkx/wr_pntr_cdc_inst/dest_clk
    SLICE_X184Y189       FDRE                                         r  ethernet_one_gbe_skarab_loopback1_tx_one_gbe/kat_ten_gb_eth_0/tge_tx_inst/tx_packet_fifo_inst/U0/inst_fifo_gen/gconvfifo.rf/grf.rf/gntv_or_sync_fifo.gcx.clkx/wr_pntr_cdc_inst/dest_graysync_ff_reg[0][5]/C
                         clock pessimism              0.103     4.910    
    SLICE_X184Y189       FDRE (Setup_fdre_C_D)       -0.059     4.851    ethernet_one_gbe_skarab_loopback1_tx_one_gbe/kat_ten_gb_eth_0/tge_tx_inst/tx_packet_fifo_inst/U0/inst_fifo_gen/gconvfifo.rf/grf.rf/gntv_or_sync_fifo.gcx.clkx/wr_pntr_cdc_inst/dest_graysync_ff_reg[0][5]
  -------------------------------------------------------------------
                         data arrival                           6.636    
                         clock arrival                          4.851    
  -------------------------------------------------------------------
                         relative delay                         1.785    

Reference path:
    Location             Delay type                Incr(ns)  Path(ns)    Netlist Resource(s)
  -------------------------------------------------------------------    -------------------
                         (clock user_clk_mmcm rise edge)
                                                      0.000     0.000 r  
    AU15                                              0.000     0.000 r  FPGA_REFCLK_BUF0_P (IN)
                         net (fo=0)                   0.000     0.000    skarab_infr/FPGA_REFCLK_BUF0_P
    AU15                 IBUFDS (Prop_ibufds_I_O)     0.855     0.855 r  skarab_infr/refclk_0_ibufgds/O
                         net (fo=2, routed)           1.018     1.873    skarab_infr/refclk_0
    MMCME2_ADV_X1Y5      MMCME2_ADV (Prop_mmcme2_adv_CLKIN1_CLKOUT0)
                                                      0.073     1.946 r  skarab_infr/USER_CLK_MMCM_inst/CLKOUT0
                         net (fo=1, routed)           1.350     3.296    skarab_infr/user_clk_mmcm
    BUFGCTRL_X0Y19       BUFG (Prop_bufg_I_O)         0.083     3.379 r  skarab_infr/user_clk_BUFG_inst/O
                         net (fo=5085, routed)        1.463     4.842    ethernet_one_gbe_skarab_loopback1_tx_one_gbe/kat_ten_gb_eth_0/tge_tx_inst/tx_packet_fifo_inst/U0/inst_fifo_gen/gconvfifo.rf/grf.rf/gntv_or_sync_fifo.gcx.clkx/wr_pntr_cdc_inst/src_clk
    SLICE_X178Y191       FDRE                                         r  ethernet_one_gbe_skarab_loopback1_tx_one_gbe/kat_ten_gb_eth_0/tge_tx_inst/tx_packet_fifo_inst/U0/inst_fifo_gen/gconvfifo.rf/grf.rf/gntv_or_sync_fifo.gcx.clkx/wr_pntr_cdc_inst/src_gray_ff_reg[9]/C
  -------------------------------------------------------------------    -------------------
    SLICE_X178Y191       FDRE (Prop_fdre_C_Q)         0.206     5.048 r  ethernet_one_gbe_skarab_loopback1_tx_one_gbe/kat_ten_gb_eth_0/tge_tx_inst/tx_packet_fifo_inst/U0/inst_fifo_gen/gconvfifo.rf/grf.rf/gntv_or_sync_fifo.gcx.clkx/wr_pntr_cdc_inst/src_gray_ff_reg[9]/Q
                         net (fo=1, routed)           0.301     5.350    ethernet_one_gbe_skarab_loopback1_tx_one_gbe/kat_ten_gb_eth_0/tge_tx_inst/tx_packet_fifo_inst/U0/inst_fifo_gen/gconvfifo.rf/grf.rf/gntv_or_sync_fifo.gcx.clkx/wr_pntr_cdc_inst/async_path[9]
    SLICE_X183Y191       FDRE                                         r  ethernet_one_gbe_skarab_loopback1_tx_one_gbe/kat_ten_gb_eth_0/tge_tx_inst/tx_packet_fifo_inst/U0/inst_fifo_gen/gconvfifo.rf/grf.rf/gntv_or_sync_fifo.gcx.clkx/wr_pntr_cdc_inst/dest_graysync_ff_reg[0][9]/D
  -------------------------------------------------------------------    -------------------

                         (clock sys_clk_mmcm rise edge)
                                                      0.000     0.000 r  
    AU15                                              0.000     0.000 r  FPGA_REFCLK_BUF0_P (IN)
                         net (fo=0)                   0.000     0.000    skarab_infr/FPGA_REFCLK_BUF0_P
    AU15                 IBUFDS (Prop_ibufds_I_O)     0.958     0.958 r  skarab_infr/refclk_0_ibufgds/O
                         net (fo=2, routed)           1.081     2.039    skarab_infr/refclk_0
    MMCME2_ADV_X1Y4      MMCME2_ADV (Prop_mmcme2_adv_CLKIN1_CLKOUT0)
                                                      0.077     2.116 r  skarab_infr/SYS_CLK_MMCM_inst/CLKOUT0
                         net (fo=1, routed)           1.463     3.579    skarab_infr/sys_clk_mmcm
    BUFGCTRL_X0Y0        BUFG (Prop_bufg_I_O)         0.093     3.672 r  skarab_infr/sys_clk_BUFG_inst/O
                         net (fo=2840, routed)        1.601     5.273    ethernet_one_gbe_skarab_loopback1_tx_one_gbe/kat_ten_gb_eth_0/tge_tx_inst/tx_packet_fifo_inst/U0/inst_fifo_gen/gconvfifo.rf/grf.rf/gntv_or_sync_fifo.gcx.clkx/wr_pntr_cdc_inst/dest_clk
    SLICE_X183Y191       FDRE                                         r  ethernet_one_gbe_skarab_loopback1_tx_one_gbe/kat_ten_gb_eth_0/tge_tx_inst/tx_packet_fifo_inst/U0/inst_fifo_gen/gconvfifo.rf/grf.rf/gntv_or_sync_fifo.gcx.clkx/wr_pntr_cdc_inst/dest_graysync_ff_reg[0][9]/C
                         clock pessimism             -0.103     5.170    
    SLICE_X183Y191       FDRE (Hold_fdre_C_D)         0.118     5.288    ethernet_one_gbe_skarab_loopback1_tx_one_gbe/kat_ten_gb_eth_0/tge_tx_inst/tx_packet_fifo_inst/U0/inst_fifo_gen/gconvfifo.rf/grf.rf/gntv_or_sync_fifo.gcx.clkx/wr_pntr_cdc_inst/dest_graysync_ff_reg[0][9]
  -------------------------------------------------------------------
                         data arrival                           5.350    
                         clock arrival                          5.288    
  -------------------------------------------------------------------
                         relative delay                         0.061    



