
*** Running vivado
    with args -log top.vdi -applog -m64 -product Vivado -messageDb vivado.pb -mode batch -source top.tcl -notrace


****** Vivado v2019.1 (64-bit)
  **** SW Build 2552052 on Fri May 24 14:47:09 MDT 2019
  **** IP Build 2548770 on Fri May 24 18:01:18 MDT 2019
    ** Copyright 1986-2019 Xilinx, Inc. All Rights Reserved.

WARNING: [Runs 36-547] Tool Strategy 'Vivado Synthesis Defaults' from file '/usr/local/Xilinx/Vivado/2019.1/strategies/VDS2014.psg' discarded because strategy with same name already parsed from '/usr/local/Xilinx/Vivado/2019.1/strategies/VDS2014.psg'
WARNING: [Runs 36-547] Tool Strategy 'Flow_RuntimeOptimized' from file '/usr/local/Xilinx/Vivado/2019.1/strategies/VDS2014.psg' discarded because strategy with same name already parsed from '/usr/local/Xilinx/Vivado/2019.1/strategies/VDS2014.psg'
WARNING: [Runs 36-547] Tool Strategy 'Flow_AreaOptimized_High' from file '/usr/local/Xilinx/Vivado/2019.1/strategies/VDS2014.psg' discarded because strategy with same name already parsed from '/usr/local/Xilinx/Vivado/2019.1/strategies/VDS2014.psg'
WARNING: [Runs 36-547] Tool Strategy 'Flow_PerfOptimized_High' from file '/usr/local/Xilinx/Vivado/2019.1/strategies/VDS2014.psg' discarded because strategy with same name already parsed from '/usr/local/Xilinx/Vivado/2019.1/strategies/VDS2014.psg'
WARNING: [Runs 36-547] Tool Strategy 'Vivado Implementation Defaults' from file '/usr/local/Xilinx/Vivado/2019.1/strategies/VDI2014.psg' discarded because strategy with same name already parsed from '/usr/local/Xilinx/Vivado/2019.1/strategies/VDI2014.psg'
WARNING: [Runs 36-547] Tool Strategy 'Performance_Explore' from file '/usr/local/Xilinx/Vivado/2019.1/strategies/VDI2014.psg' discarded because strategy with same name already parsed from '/usr/local/Xilinx/Vivado/2019.1/strategies/VDI2014.psg'
WARNING: [Runs 36-547] Tool Strategy 'Performance_ExplorePostRoutePhysOpt' from file '/usr/local/Xilinx/Vivado/2019.1/strategies/VDI2014.psg' discarded because strategy with same name already parsed from '/usr/local/Xilinx/Vivado/2019.1/strategies/VDI2014.psg'
WARNING: [Runs 36-547] Tool Strategy 'Performance_RefinePlacement' from file '/usr/local/Xilinx/Vivado/2019.1/strategies/VDI2014.psg' discarded because strategy with same name already parsed from '/usr/local/Xilinx/Vivado/2019.1/strategies/VDI2014.psg'
WARNING: [Runs 36-547] Tool Strategy 'Performance_WLBlockPlacement' from file '/usr/local/Xilinx/Vivado/2019.1/strategies/VDI2014.psg' discarded because strategy with same name already parsed from '/usr/local/Xilinx/Vivado/2019.1/strategies/VDI2014.psg'
WARNING: [Runs 36-547] Tool Strategy 'Performance_WLBlockPlacementFanoutOpt' from file '/usr/local/Xilinx/Vivado/2019.1/strategies/VDI2014.psg' discarded because strategy with same name already parsed from '/usr/local/Xilinx/Vivado/2019.1/strategies/VDI2014.psg'
WARNING: [Runs 36-547] Tool Strategy 'Performance_LateBlockPlacement' from file '/usr/local/Xilinx/Vivado/2019.1/strategies/VDI2014.psg' discarded because strategy with same name already parsed from '/usr/local/Xilinx/Vivado/2019.1/strategies/VDI2014.psg'
WARNING: [Runs 36-547] Tool Strategy 'Performance_NetDelay_high' from file '/usr/local/Xilinx/Vivado/2019.1/strategies/VDI2014.psg' discarded because strategy with same name already parsed from '/usr/local/Xilinx/Vivado/2019.1/strategies/VDI2014.psg'
WARNING: [Runs 36-547] Tool Strategy 'Performance_NetDelay_medium' from file '/usr/local/Xilinx/Vivado/2019.1/strategies/VDI2014.psg' discarded because strategy with same name already parsed from '/usr/local/Xilinx/Vivado/2019.1/strategies/VDI2014.psg'
WARNING: [Runs 36-547] Tool Strategy 'Performance_NetDelay_low' from file '/usr/local/Xilinx/Vivado/2019.1/strategies/VDI2014.psg' discarded because strategy with same name already parsed from '/usr/local/Xilinx/Vivado/2019.1/strategies/VDI2014.psg'
WARNING: [Runs 36-547] Tool Strategy 'Performance_ExploreSLLs' from file '/usr/local/Xilinx/Vivado/2019.1/strategies/VDI2014.psg' discarded because strategy with same name already parsed from '/usr/local/Xilinx/Vivado/2019.1/strategies/VDI2014.psg'
WARNING: [Runs 36-547] Tool Strategy 'Performance_Retiming' from file '/usr/local/Xilinx/Vivado/2019.1/strategies/VDI2014.psg' discarded because strategy with same name already parsed from '/usr/local/Xilinx/Vivado/2019.1/strategies/VDI2014.psg'
WARNING: [Runs 36-547] Tool Strategy 'Area_Explore' from file '/usr/local/Xilinx/Vivado/2019.1/strategies/VDI2014.psg' discarded because strategy with same name already parsed from '/usr/local/Xilinx/Vivado/2019.1/strategies/VDI2014.psg'
WARNING: [Runs 36-547] Tool Strategy 'Power_DefaultOpt' from file '/usr/local/Xilinx/Vivado/2019.1/strategies/VDI2014.psg' discarded because strategy with same name already parsed from '/usr/local/Xilinx/Vivado/2019.1/strategies/VDI2014.psg'
WARNING: [Runs 36-547] Tool Strategy 'Flow_RunPhysOpt' from file '/usr/local/Xilinx/Vivado/2019.1/strategies/VDI2014.psg' discarded because strategy with same name already parsed from '/usr/local/Xilinx/Vivado/2019.1/strategies/VDI2014.psg'
WARNING: [Runs 36-547] Tool Strategy 'Flow_RunPostRoutePhysOpt' from file '/usr/local/Xilinx/Vivado/2019.1/strategies/VDI2014.psg' discarded because strategy with same name already parsed from '/usr/local/Xilinx/Vivado/2019.1/strategies/VDI2014.psg'
WARNING: [Runs 36-547] Tool Strategy 'Flow_RuntimeOptimized' from file '/usr/local/Xilinx/Vivado/2019.1/strategies/VDI2014.psg' discarded because strategy with same name already parsed from '/usr/local/Xilinx/Vivado/2019.1/strategies/VDI2014.psg'
WARNING: [Runs 36-547] Tool Strategy 'Flow_Quick' from file '/usr/local/Xilinx/Vivado/2019.1/strategies/VDI2014.psg' discarded because strategy with same name already parsed from '/usr/local/Xilinx/Vivado/2019.1/strategies/VDI2014.psg'
WARNING: [Runs 36-547] Tool Strategy 'Congestion_SpreadLogic_high' from file '/usr/local/Xilinx/Vivado/2019.1/strategies/VDI2014.psg' discarded because strategy with same name already parsed from '/usr/local/Xilinx/Vivado/2019.1/strategies/VDI2014.psg'
WARNING: [Runs 36-547] Tool Strategy 'Congestion_SpreadLogic_medium' from file '/usr/local/Xilinx/Vivado/2019.1/strategies/VDI2014.psg' discarded because strategy with same name already parsed from '/usr/local/Xilinx/Vivado/2019.1/strategies/VDI2014.psg'
WARNING: [Runs 36-547] Tool Strategy 'Congestion_SpreadLogic_low' from file '/usr/local/Xilinx/Vivado/2019.1/strategies/VDI2014.psg' discarded because strategy with same name already parsed from '/usr/local/Xilinx/Vivado/2019.1/strategies/VDI2014.psg'
WARNING: [Runs 36-547] Tool Strategy 'Congestion_SpreadLogicSLLs' from file '/usr/local/Xilinx/Vivado/2019.1/strategies/VDI2014.psg' discarded because strategy with same name already parsed from '/usr/local/Xilinx/Vivado/2019.1/strategies/VDI2014.psg'
WARNING: [Runs 36-547] Tool Strategy 'Congestion_BalanceSLLs' from file '/usr/local/Xilinx/Vivado/2019.1/strategies/VDI2014.psg' discarded because strategy with same name already parsed from '/usr/local/Xilinx/Vivado/2019.1/strategies/VDI2014.psg'
WARNING: [Runs 36-547] Tool Strategy 'Congestion_BalanceSLRs' from file '/usr/local/Xilinx/Vivado/2019.1/strategies/VDI2014.psg' discarded because strategy with same name already parsed from '/usr/local/Xilinx/Vivado/2019.1/strategies/VDI2014.psg'
WARNING: [Runs 36-547] Tool Strategy 'Congestion_CompressSLRs' from file '/usr/local/Xilinx/Vivado/2019.1/strategies/VDI2014.psg' discarded because strategy with same name already parsed from '/usr/local/Xilinx/Vivado/2019.1/strategies/VDI2014.psg'
WARNING: [Runs 36-547] Tool Strategy 'Vivado Synthesis Defaults' from file '/usr/local/Xilinx/Vivado/2019.1/strategies/VDS2018.psg' discarded because strategy with same name already parsed from '/usr/local/Xilinx/Vivado/2019.1/strategies/VDS2018.psg'
WARNING: [Runs 36-547] Tool Strategy 'Flow_AreaOptimized_high' from file '/usr/local/Xilinx/Vivado/2019.1/strategies/VDS2018.psg' discarded because strategy with same name already parsed from '/usr/local/Xilinx/Vivado/2019.1/strategies/VDS2018.psg'
WARNING: [Runs 36-547] Tool Strategy 'Flow_AreaOptimized_medium' from file '/usr/local/Xilinx/Vivado/2019.1/strategies/VDS2018.psg' discarded because strategy with same name already parsed from '/usr/local/Xilinx/Vivado/2019.1/strategies/VDS2018.psg'
WARNING: [Runs 36-547] Tool Strategy 'Flow_AreaMultThresholdDSP' from file '/usr/local/Xilinx/Vivado/2019.1/strategies/VDS2018.psg' discarded because strategy with same name already parsed from '/usr/local/Xilinx/Vivado/2019.1/strategies/VDS2018.psg'
WARNING: [Runs 36-547] Tool Strategy 'Flow_AlternateRoutability' from file '/usr/local/Xilinx/Vivado/2019.1/strategies/VDS2018.psg' discarded because strategy with same name already parsed from '/usr/local/Xilinx/Vivado/2019.1/strategies/VDS2018.psg'
WARNING: [Runs 36-547] Tool Strategy 'Flow_PerfOptimized_high' from file '/usr/local/Xilinx/Vivado/2019.1/strategies/VDS2018.psg' discarded because strategy with same name already parsed from '/usr/local/Xilinx/Vivado/2019.1/strategies/VDS2018.psg'
WARNING: [Runs 36-547] Tool Strategy 'Flow_PerfThresholdCarry' from file '/usr/local/Xilinx/Vivado/2019.1/strategies/VDS2018.psg' discarded because strategy with same name already parsed from '/usr/local/Xilinx/Vivado/2019.1/strategies/VDS2018.psg'
WARNING: [Runs 36-547] Tool Strategy 'Flow_RuntimeOptimized' from file '/usr/local/Xilinx/Vivado/2019.1/strategies/VDS2018.psg' discarded because strategy with same name already parsed from '/usr/local/Xilinx/Vivado/2019.1/strategies/VDS2018.psg'
WARNING: [Runs 36-547] Tool Strategy 'Rodin Implementation Defaults' from file '/usr/local/Xilinx/Vivado/2019.1/strategies/RDI13.psg' discarded because strategy with same name already parsed from '/usr/local/Xilinx/Vivado/2019.1/strategies/RDI13.psg'
WARNING: [Runs 36-547] Tool Strategy 'Vivado Synthesis Defaults' from file '/usr/local/Xilinx/Vivado/2019.1/strategies/VDS2019.psg' discarded because strategy with same name already parsed from '/usr/local/Xilinx/Vivado/2019.1/strategies/VDS2019.psg'
WARNING: [Runs 36-547] Tool Strategy 'Flow_AreaOptimized_high' from file '/usr/local/Xilinx/Vivado/2019.1/strategies/VDS2019.psg' discarded because strategy with same name already parsed from '/usr/local/Xilinx/Vivado/2019.1/strategies/VDS2019.psg'
WARNING: [Runs 36-547] Tool Strategy 'Flow_AreaOptimized_medium' from file '/usr/local/Xilinx/Vivado/2019.1/strategies/VDS2019.psg' discarded because strategy with same name already parsed from '/usr/local/Xilinx/Vivado/2019.1/strategies/VDS2019.psg'
WARNING: [Runs 36-547] Tool Strategy 'Flow_AreaMultThresholdDSP' from file '/usr/local/Xilinx/Vivado/2019.1/strategies/VDS2019.psg' discarded because strategy with same name already parsed from '/usr/local/Xilinx/Vivado/2019.1/strategies/VDS2019.psg'
WARNING: [Runs 36-547] Tool Strategy 'Flow_AlternateRoutability' from file '/usr/local/Xilinx/Vivado/2019.1/strategies/VDS2019.psg' discarded because strategy with same name already parsed from '/usr/local/Xilinx/Vivado/2019.1/strategies/VDS2019.psg'
WARNING: [Runs 36-547] Tool Strategy 'Flow_PerfOptimized_high' from file '/usr/local/Xilinx/Vivado/2019.1/strategies/VDS2019.psg' discarded because strategy with same name already parsed from '/usr/local/Xilinx/Vivado/2019.1/strategies/VDS2019.psg'
WARNING: [Runs 36-547] Tool Strategy 'Flow_PerfThresholdCarry' from file '/usr/local/Xilinx/Vivado/2019.1/strategies/VDS2019.psg' discarded because strategy with same name already parsed from '/usr/local/Xilinx/Vivado/2019.1/strategies/VDS2019.psg'
WARNING: [Runs 36-547] Tool Strategy 'Flow_RuntimeOptimized' from file '/usr/local/Xilinx/Vivado/2019.1/strategies/VDS2019.psg' discarded because strategy with same name already parsed from '/usr/local/Xilinx/Vivado/2019.1/strategies/VDS2019.psg'
WARNING: [Runs 36-547] Tool Strategy 'HLS Compile C Defaults' from file '/usr/local/Xilinx/Vivado/2019.1/strategies/CC2015.psg' discarded because strategy with same name already parsed from '/usr/local/Xilinx/Vivado/2019.1/strategies/CC2015.psg'
WARNING: [Runs 36-547] Tool Strategy 'Vivado Synthesis Defaults' from file '/usr/local/Xilinx/Vivado/2019.1/strategies/VDS2013.psg' discarded because strategy with same name already parsed from '/usr/local/Xilinx/Vivado/2019.1/strategies/VDS2013.psg'
WARNING: [Runs 36-547] Tool Strategy 'Flow_RuntimeOptimized' from file '/usr/local/Xilinx/Vivado/2019.1/strategies/VDS2013.psg' discarded because strategy with same name already parsed from '/usr/local/Xilinx/Vivado/2019.1/strategies/VDS2013.psg'
WARNING: [Runs 36-547] Tool Strategy 'Vivado Implementation Defaults' from file '/usr/local/Xilinx/Vivado/2019.1/strategies/VDI2013.psg' discarded because strategy with same name already parsed from '/usr/local/Xilinx/Vivado/2019.1/strategies/VDI2013.psg'
WARNING: [Runs 36-547] Tool Strategy 'Performance_Explore' from file '/usr/local/Xilinx/Vivado/2019.1/strategies/VDI2013.psg' discarded because strategy with same name already parsed from '/usr/local/Xilinx/Vivado/2019.1/strategies/VDI2013.psg'
WARNING: [Runs 36-547] Tool Strategy 'Performance_RefinePlacement' from file '/usr/local/Xilinx/Vivado/2019.1/strategies/VDI2013.psg' discarded because strategy with same name already parsed from '/usr/local/Xilinx/Vivado/2019.1/strategies/VDI2013.psg'
WARNING: [Runs 36-547] Tool Strategy 'Performance_WLBlockPlacement' from file '/usr/local/Xilinx/Vivado/2019.1/strategies/VDI2013.psg' discarded because strategy with same name already parsed from '/usr/local/Xilinx/Vivado/2019.1/strategies/VDI2013.psg'
WARNING: [Runs 36-547] Tool Strategy 'Performance_WLBlockPlacementFanoutOpt' from file '/usr/local/Xilinx/Vivado/2019.1/strategies/VDI2013.psg' discarded because strategy with same name already parsed from '/usr/local/Xilinx/Vivado/2019.1/strategies/VDI2013.psg'
WARNING: [Runs 36-547] Tool Strategy 'Performance_LateBlockPlacement' from file '/usr/local/Xilinx/Vivado/2019.1/strategies/VDI2013.psg' discarded because strategy with same name already parsed from '/usr/local/Xilinx/Vivado/2019.1/strategies/VDI2013.psg'
WARNING: [Runs 36-547] Tool Strategy 'Performance_NetDelay_high' from file '/usr/local/Xilinx/Vivado/2019.1/strategies/VDI2013.psg' discarded because strategy with same name already parsed from '/usr/local/Xilinx/Vivado/2019.1/strategies/VDI2013.psg'
WARNING: [Runs 36-547] Tool Strategy 'Performance_NetDelay_medium' from file '/usr/local/Xilinx/Vivado/2019.1/strategies/VDI2013.psg' discarded because strategy with same name already parsed from '/usr/local/Xilinx/Vivado/2019.1/strategies/VDI2013.psg'
WARNING: [Runs 36-547] Tool Strategy 'Performance_NetDelay_low' from file '/usr/local/Xilinx/Vivado/2019.1/strategies/VDI2013.psg' discarded because strategy with same name already parsed from '/usr/local/Xilinx/Vivado/2019.1/strategies/VDI2013.psg'
WARNING: [Runs 36-547] Tool Strategy 'Performance_ExploreSLLs' from file '/usr/local/Xilinx/Vivado/2019.1/strategies/VDI2013.psg' discarded because strategy with same name already parsed from '/usr/local/Xilinx/Vivado/2019.1/strategies/VDI2013.psg'
WARNING: [Runs 36-547] Tool Strategy 'Area_Explore' from file '/usr/local/Xilinx/Vivado/2019.1/strategies/VDI2013.psg' discarded because strategy with same name already parsed from '/usr/local/Xilinx/Vivado/2019.1/strategies/VDI2013.psg'
WARNING: [Runs 36-547] Tool Strategy 'Power_DefaultOpt' from file '/usr/local/Xilinx/Vivado/2019.1/strategies/VDI2013.psg' discarded because strategy with same name already parsed from '/usr/local/Xilinx/Vivado/2019.1/strategies/VDI2013.psg'
WARNING: [Runs 36-547] Tool Strategy 'Flow_RunPhysOpt' from file '/usr/local/Xilinx/Vivado/2019.1/strategies/VDI2013.psg' discarded because strategy with same name already parsed from '/usr/local/Xilinx/Vivado/2019.1/strategies/VDI2013.psg'
WARNING: [Runs 36-547] Tool Strategy 'Flow_RuntimeOptimized' from file '/usr/local/Xilinx/Vivado/2019.1/strategies/VDI2013.psg' discarded because strategy with same name already parsed from '/usr/local/Xilinx/Vivado/2019.1/strategies/VDI2013.psg'
WARNING: [Runs 36-547] Tool Strategy 'Flow_Quick' from file '/usr/local/Xilinx/Vivado/2019.1/strategies/VDI2013.psg' discarded because strategy with same name already parsed from '/usr/local/Xilinx/Vivado/2019.1/strategies/VDI2013.psg'
WARNING: [Runs 36-547] Tool Strategy 'Congestion_SpreadLogic_high' from file '/usr/local/Xilinx/Vivado/2019.1/strategies/VDI2013.psg' discarded because strategy with same name already parsed from '/usr/local/Xilinx/Vivado/2019.1/strategies/VDI2013.psg'
WARNING: [Runs 36-547] Tool Strategy 'Congestion_SpreadLogic_medium' from file '/usr/local/Xilinx/Vivado/2019.1/strategies/VDI2013.psg' discarded because strategy with same name already parsed from '/usr/local/Xilinx/Vivado/2019.1/strategies/VDI2013.psg'
WARNING: [Runs 36-547] Tool Strategy 'Congestion_SpreadLogic_low' from file '/usr/local/Xilinx/Vivado/2019.1/strategies/VDI2013.psg' discarded because strategy with same name already parsed from '/usr/local/Xilinx/Vivado/2019.1/strategies/VDI2013.psg'
WARNING: [Runs 36-547] Tool Strategy 'Congestion_SpreadLogicSLLs' from file '/usr/local/Xilinx/Vivado/2019.1/strategies/VDI2013.psg' discarded because strategy with same name already parsed from '/usr/local/Xilinx/Vivado/2019.1/strategies/VDI2013.psg'
WARNING: [Runs 36-547] Tool Strategy 'Congestion_BalanceSLLs' from file '/usr/local/Xilinx/Vivado/2019.1/strategies/VDI2013.psg' discarded because strategy with same name already parsed from '/usr/local/Xilinx/Vivado/2019.1/strategies/VDI2013.psg'
WARNING: [Runs 36-547] Tool Strategy 'Congestion_BalanceSLRs' from file '/usr/local/Xilinx/Vivado/2019.1/strategies/VDI2013.psg' discarded because strategy with same name already parsed from '/usr/local/Xilinx/Vivado/2019.1/strategies/VDI2013.psg'
WARNING: [Runs 36-547] Tool Strategy 'Congestion_CompressSLRs' from file '/usr/local/Xilinx/Vivado/2019.1/strategies/VDI2013.psg' discarded because strategy with same name already parsed from '/usr/local/Xilinx/Vivado/2019.1/strategies/VDI2013.psg'
WARNING: [Runs 36-547] Tool Strategy 'Vivado Synthesis Defaults' from file '/usr/local/Xilinx/Vivado/2019.1/strategies/VDS2012.psg' discarded because strategy with same name already parsed from '/usr/local/Xilinx/Vivado/2019.1/strategies/VDS2012.psg'
WARNING: [Runs 36-547] Tool Strategy 'Vivado Implementation Defaults' from file '/usr/local/Xilinx/Vivado/2019.1/strategies/VDI2016.psg' discarded because strategy with same name already parsed from '/usr/local/Xilinx/Vivado/2019.1/strategies/VDI2016.psg'
WARNING: [Runs 36-547] Tool Strategy 'Performance_Explore' from file '/usr/local/Xilinx/Vivado/2019.1/strategies/VDI2016.psg' discarded because strategy with same name already parsed from '/usr/local/Xilinx/Vivado/2019.1/strategies/VDI2016.psg'
WARNING: [Runs 36-547] Tool Strategy 'Performance_ExplorePostRoutePhysOpt' from file '/usr/local/Xilinx/Vivado/2019.1/strategies/VDI2016.psg' discarded because strategy with same name already parsed from '/usr/local/Xilinx/Vivado/2019.1/strategies/VDI2016.psg'
WARNING: [Runs 36-547] Tool Strategy 'Performance_WLBlockPlacement' from file '/usr/local/Xilinx/Vivado/2019.1/strategies/VDI2016.psg' discarded because strategy with same name already parsed from '/usr/local/Xilinx/Vivado/2019.1/strategies/VDI2016.psg'
WARNING: [Runs 36-547] Tool Strategy 'Performance_WLBlockPlacementFanoutOpt' from file '/usr/local/Xilinx/Vivado/2019.1/strategies/VDI2016.psg' discarded because strategy with same name already parsed from '/usr/local/Xilinx/Vivado/2019.1/strategies/VDI2016.psg'
WARNING: [Runs 36-547] Tool Strategy 'Performance_NetDelay_high' from file '/usr/local/Xilinx/Vivado/2019.1/strategies/VDI2016.psg' discarded because strategy with same name already parsed from '/usr/local/Xilinx/Vivado/2019.1/strategies/VDI2016.psg'
WARNING: [Runs 36-547] Tool Strategy 'Performance_NetDelay_low' from file '/usr/local/Xilinx/Vivado/2019.1/strategies/VDI2016.psg' discarded because strategy with same name already parsed from '/usr/local/Xilinx/Vivado/2019.1/strategies/VDI2016.psg'
WARNING: [Runs 36-547] Tool Strategy 'Performance_Retiming' from file '/usr/local/Xilinx/Vivado/2019.1/strategies/VDI2016.psg' discarded because strategy with same name already parsed from '/usr/local/Xilinx/Vivado/2019.1/strategies/VDI2016.psg'
WARNING: [Runs 36-547] Tool Strategy 'Performance_ExtraTimingOpt' from file '/usr/local/Xilinx/Vivado/2019.1/strategies/VDI2016.psg' discarded because strategy with same name already parsed from '/usr/local/Xilinx/Vivado/2019.1/strategies/VDI2016.psg'
WARNING: [Runs 36-547] Tool Strategy 'Performance_RefinePlacement' from file '/usr/local/Xilinx/Vivado/2019.1/strategies/VDI2016.psg' discarded because strategy with same name already parsed from '/usr/local/Xilinx/Vivado/2019.1/strategies/VDI2016.psg'
WARNING: [Runs 36-547] Tool Strategy 'Performance_SpreadSLLs' from file '/usr/local/Xilinx/Vivado/2019.1/strategies/VDI2016.psg' discarded because strategy with same name already parsed from '/usr/local/Xilinx/Vivado/2019.1/strategies/VDI2016.psg'
WARNING: [Runs 36-547] Tool Strategy 'Performance_BalanceSLLs' from file '/usr/local/Xilinx/Vivado/2019.1/strategies/VDI2016.psg' discarded because strategy with same name already parsed from '/usr/local/Xilinx/Vivado/2019.1/strategies/VDI2016.psg'
WARNING: [Runs 36-547] Tool Strategy 'Congestion_SpreadLogic_high' from file '/usr/local/Xilinx/Vivado/2019.1/strategies/VDI2016.psg' discarded because strategy with same name already parsed from '/usr/local/Xilinx/Vivado/2019.1/strategies/VDI2016.psg'
WARNING: [Runs 36-547] Tool Strategy 'Congestion_SpreadLogic_medium' from file '/usr/local/Xilinx/Vivado/2019.1/strategies/VDI2016.psg' discarded because strategy with same name already parsed from '/usr/local/Xilinx/Vivado/2019.1/strategies/VDI2016.psg'
WARNING: [Runs 36-547] Tool Strategy 'Congestion_SpreadLogic_low' from file '/usr/local/Xilinx/Vivado/2019.1/strategies/VDI2016.psg' discarded because strategy with same name already parsed from '/usr/local/Xilinx/Vivado/2019.1/strategies/VDI2016.psg'
WARNING: [Runs 36-547] Tool Strategy 'Congestion_SpreadLogic_Explore' from file '/usr/local/Xilinx/Vivado/2019.1/strategies/VDI2016.psg' discarded because strategy with same name already parsed from '/usr/local/Xilinx/Vivado/2019.1/strategies/VDI2016.psg'
WARNING: [Runs 36-547] Tool Strategy 'Congestion_SSI_SpreadLogic_high' from file '/usr/local/Xilinx/Vivado/2019.1/strategies/VDI2016.psg' discarded because strategy with same name already parsed from '/usr/local/Xilinx/Vivado/2019.1/strategies/VDI2016.psg'
WARNING: [Runs 36-547] Tool Strategy 'Congestion_SSI_SpreadLogic_low' from file '/usr/local/Xilinx/Vivado/2019.1/strategies/VDI2016.psg' discarded because strategy with same name already parsed from '/usr/local/Xilinx/Vivado/2019.1/strategies/VDI2016.psg'
WARNING: [Runs 36-547] Tool Strategy 'Congestion_SSI_SpreadLogic_Explore' from file '/usr/local/Xilinx/Vivado/2019.1/strategies/VDI2016.psg' discarded because strategy with same name already parsed from '/usr/local/Xilinx/Vivado/2019.1/strategies/VDI2016.psg'
WARNING: [Runs 36-547] Tool Strategy 'Area_Explore' from file '/usr/local/Xilinx/Vivado/2019.1/strategies/VDI2016.psg' discarded because strategy with same name already parsed from '/usr/local/Xilinx/Vivado/2019.1/strategies/VDI2016.psg'
WARNING: [Runs 36-547] Tool Strategy 'Area_ExploreSequential' from file '/usr/local/Xilinx/Vivado/2019.1/strategies/VDI2016.psg' discarded because strategy with same name already parsed from '/usr/local/Xilinx/Vivado/2019.1/strategies/VDI2016.psg'
WARNING: [Runs 36-547] Tool Strategy 'Area_ExploreWithRemap' from file '/usr/local/Xilinx/Vivado/2019.1/strategies/VDI2016.psg' discarded because strategy with same name already parsed from '/usr/local/Xilinx/Vivado/2019.1/strategies/VDI2016.psg'
WARNING: [Runs 36-547] Tool Strategy 'Power_DefaultOpt' from file '/usr/local/Xilinx/Vivado/2019.1/strategies/VDI2016.psg' discarded because strategy with same name already parsed from '/usr/local/Xilinx/Vivado/2019.1/strategies/VDI2016.psg'
WARNING: [Runs 36-547] Tool Strategy 'Power_ExploreArea' from file '/usr/local/Xilinx/Vivado/2019.1/strategies/VDI2016.psg' discarded because strategy with same name already parsed from '/usr/local/Xilinx/Vivado/2019.1/strategies/VDI2016.psg'
WARNING: [Runs 36-547] Tool Strategy 'Flow_RunPhysOpt' from file '/usr/local/Xilinx/Vivado/2019.1/strategies/VDI2016.psg' discarded because strategy with same name already parsed from '/usr/local/Xilinx/Vivado/2019.1/strategies/VDI2016.psg'
WARNING: [Runs 36-547] Tool Strategy 'Flow_RunPostRoutePhysOpt' from file '/usr/local/Xilinx/Vivado/2019.1/strategies/VDI2016.psg' discarded because strategy with same name already parsed from '/usr/local/Xilinx/Vivado/2019.1/strategies/VDI2016.psg'
WARNING: [Runs 36-547] Tool Strategy 'Flow_RuntimeOptimized' from file '/usr/local/Xilinx/Vivado/2019.1/strategies/VDI2016.psg' discarded because strategy with same name already parsed from '/usr/local/Xilinx/Vivado/2019.1/strategies/VDI2016.psg'
WARNING: [Runs 36-547] Tool Strategy 'Flow_Quick' from file '/usr/local/Xilinx/Vivado/2019.1/strategies/VDI2016.psg' discarded because strategy with same name already parsed from '/usr/local/Xilinx/Vivado/2019.1/strategies/VDI2016.psg'
INFO: [Common 17-14] Message 'Runs 36-547' appears 100 times and further instances of the messages will be disabled. Use the Tcl command set_msg_config to change the current settings.
WARNING: [Runs 36-546] Tool Report Strategy 'Vivado Synthesis Default Reports' from file '/usr/local/Xilinx/Vivado/2019.1/reportstrategies/VRS2019.psg' discarded because strategy with same name already parsed from '/usr/local/Xilinx/Vivado/2019.1/reportstrategies/VRS2019.psg'
WARNING: [Runs 36-546] Tool Report Strategy 'No Reports' from file '/usr/local/Xilinx/Vivado/2019.1/reportstrategies/VRS2019.psg' discarded because strategy with same name already parsed from '/usr/local/Xilinx/Vivado/2019.1/reportstrategies/VRS2019.psg'
WARNING: [Runs 36-546] Tool Report Strategy 'Vivado Implementation Default Reports' from file '/usr/local/Xilinx/Vivado/2019.1/reportstrategies/VRI2018.psg' discarded because strategy with same name already parsed from '/usr/local/Xilinx/Vivado/2019.1/reportstrategies/VRI2018.psg'
WARNING: [Runs 36-546] Tool Report Strategy 'UltraFast Design Methodology Reports' from file '/usr/local/Xilinx/Vivado/2019.1/reportstrategies/VRI2018.psg' discarded because strategy with same name already parsed from '/usr/local/Xilinx/Vivado/2019.1/reportstrategies/VRI2018.psg'
WARNING: [Runs 36-546] Tool Report Strategy 'Performance Explore Reports' from file '/usr/local/Xilinx/Vivado/2019.1/reportstrategies/VRI2018.psg' discarded because strategy with same name already parsed from '/usr/local/Xilinx/Vivado/2019.1/reportstrategies/VRI2018.psg'
WARNING: [Runs 36-546] Tool Report Strategy 'Timing Closure Reports' from file '/usr/local/Xilinx/Vivado/2019.1/reportstrategies/VRI2018.psg' discarded because strategy with same name already parsed from '/usr/local/Xilinx/Vivado/2019.1/reportstrategies/VRI2018.psg'
WARNING: [Runs 36-546] Tool Report Strategy 'No Reports' from file '/usr/local/Xilinx/Vivado/2019.1/reportstrategies/VRI2018.psg' discarded because strategy with same name already parsed from '/usr/local/Xilinx/Vivado/2019.1/reportstrategies/VRI2018.psg'
WARNING: [Runs 36-546] Tool Report Strategy 'Vivado Synthesis Default Reports' from file '/usr/local/Xilinx/Vivado/2019.1/reportstrategies/VRS2017.psg' discarded because strategy with same name already parsed from '/usr/local/Xilinx/Vivado/2019.1/reportstrategies/VRS2017.psg'
WARNING: [Runs 36-546] Tool Report Strategy 'No Reports' from file '/usr/local/Xilinx/Vivado/2019.1/reportstrategies/VRS2017.psg' discarded because strategy with same name already parsed from '/usr/local/Xilinx/Vivado/2019.1/reportstrategies/VRS2017.psg'
WARNING: [Runs 36-546] Tool Report Strategy 'Vivado Synthesis Default Reports' from file '/usr/local/Xilinx/Vivado/2019.1/reportstrategies/VRS2018.psg' discarded because strategy with same name already parsed from '/usr/local/Xilinx/Vivado/2019.1/reportstrategies/VRS2018.psg'
WARNING: [Runs 36-546] Tool Report Strategy 'No Reports' from file '/usr/local/Xilinx/Vivado/2019.1/reportstrategies/VRS2018.psg' discarded because strategy with same name already parsed from '/usr/local/Xilinx/Vivado/2019.1/reportstrategies/VRS2018.psg'
WARNING: [Runs 36-546] Tool Report Strategy 'Vivado Implementation Default Reports' from file '/usr/local/Xilinx/Vivado/2019.1/reportstrategies/VRI2017.psg' discarded because strategy with same name already parsed from '/usr/local/Xilinx/Vivado/2019.1/reportstrategies/VRI2017.psg'
WARNING: [Runs 36-546] Tool Report Strategy 'UltraFast Design Methodology Reports' from file '/usr/local/Xilinx/Vivado/2019.1/reportstrategies/VRI2017.psg' discarded because strategy with same name already parsed from '/usr/local/Xilinx/Vivado/2019.1/reportstrategies/VRI2017.psg'
WARNING: [Runs 36-546] Tool Report Strategy 'Performance Explore Reports' from file '/usr/local/Xilinx/Vivado/2019.1/reportstrategies/VRI2017.psg' discarded because strategy with same name already parsed from '/usr/local/Xilinx/Vivado/2019.1/reportstrategies/VRI2017.psg'
WARNING: [Runs 36-546] Tool Report Strategy 'Timing Closure Reports' from file '/usr/local/Xilinx/Vivado/2019.1/reportstrategies/VRI2017.psg' discarded because strategy with same name already parsed from '/usr/local/Xilinx/Vivado/2019.1/reportstrategies/VRI2017.psg'
WARNING: [Runs 36-546] Tool Report Strategy 'No Reports' from file '/usr/local/Xilinx/Vivado/2019.1/reportstrategies/VRI2017.psg' discarded because strategy with same name already parsed from '/usr/local/Xilinx/Vivado/2019.1/reportstrategies/VRI2017.psg'
WARNING: [Runs 36-546] Tool Report Strategy 'Vivado Implementation Default Reports' from file '/usr/local/Xilinx/Vivado/2019.1/reportstrategies/VRI2019.psg' discarded because strategy with same name already parsed from '/usr/local/Xilinx/Vivado/2019.1/reportstrategies/VRI2019.psg'
WARNING: [Runs 36-546] Tool Report Strategy 'UltraFast Design Methodology Reports' from file '/usr/local/Xilinx/Vivado/2019.1/reportstrategies/VRI2019.psg' discarded because strategy with same name already parsed from '/usr/local/Xilinx/Vivado/2019.1/reportstrategies/VRI2019.psg'
WARNING: [Runs 36-546] Tool Report Strategy 'Performance Explore Reports' from file '/usr/local/Xilinx/Vivado/2019.1/reportstrategies/VRI2019.psg' discarded because strategy with same name already parsed from '/usr/local/Xilinx/Vivado/2019.1/reportstrategies/VRI2019.psg'
WARNING: [Runs 36-546] Tool Report Strategy 'Timing Closure Reports' from file '/usr/local/Xilinx/Vivado/2019.1/reportstrategies/VRI2019.psg' discarded because strategy with same name already parsed from '/usr/local/Xilinx/Vivado/2019.1/reportstrategies/VRI2019.psg'
WARNING: [Runs 36-546] Tool Report Strategy 'No Reports' from file '/usr/local/Xilinx/Vivado/2019.1/reportstrategies/VRI2019.psg' discarded because strategy with same name already parsed from '/usr/local/Xilinx/Vivado/2019.1/reportstrategies/VRI2019.psg'
source top.tcl -notrace
Command: open_checkpoint /skarab/skarab-gbe-control/fpgs/ethernet_one_gbe_skarab_control/ethernet_one_gbe_skarab_axi/myproj/myproj.runs/impl_1/top.dcp

Starting open_checkpoint Task

Time (s): cpu = 00:00:00.03 ; elapsed = 00:00:00.04 . Memory (MB): peak = 1642.293 ; gain = 0.000 ; free physical = 16967 ; free virtual = 58290
INFO: [Device 21-403] Loading part xc7vx690tffg1927-2
INFO: [Netlist 29-17] Analyzing 15835 Unisim elements for replacement
INFO: [Netlist 29-28] Unisim Transformation completed in 1 CPU seconds
INFO: [Project 1-479] Netlist was created with Vivado 2019.1
INFO: [Project 1-570] Preparing netlist for logic optimization
INFO: [Timing 38-478] Restoring timing data from binary archive.
INFO: [Timing 38-479] Binary timing data restore complete.
INFO: [Project 1-856] Restoring constraints from binary archive.
INFO: [Project 1-853] Binary constraint restore complete.
Reading XDEF placement.
Reading placer database...
Reading XDEF routing.
Read XDEF File: Time (s): cpu = 00:00:00.06 ; elapsed = 00:00:00.08 . Memory (MB): peak = 3122.395 ; gain = 0.000 ; free physical = 15284 ; free virtual = 56620
Restored from archive | CPU: 0.080000 secs | Memory: 1.238678 MB |
Finished XDEF File Restore: Time (s): cpu = 00:00:00.06 ; elapsed = 00:00:00.08 . Memory (MB): peak = 3122.395 ; gain = 0.000 ; free physical = 15284 ; free virtual = 56620
Netlist sorting complete. Time (s): cpu = 00:00:00.01 ; elapsed = 00:00:00.01 . Memory (MB): peak = 3122.395 ; gain = 0.000 ; free physical = 15319 ; free virtual = 56654
INFO: [Project 1-111] Unisim Transformation Summary:
  A total of 8760 instances were transformed.
  IOBUF => IOBUF (IBUF, OBUFT): 31 instances
  LUT6_2 => LUT6_2 (LUT5, LUT6): 96 instances
  RAM16X1D => RAM32X1D (RAMD32, RAMD32): 32 instances
  RAM32M => RAM32M (RAMD32, RAMD32, RAMD32, RAMD32, RAMD32, RAMD32, RAMS32, RAMS32): 57 instances
  RAM64M => RAM64M (RAMD64E, RAMD64E, RAMD64E, RAMD64E): 8256 instances
  RAM64X1D => RAM64X1D (RAMD64E, RAMD64E): 288 instances

INFO: [Project 1-604] Checkpoint was created with Vivado v2019.1 (64-bit) build 2552052
open_checkpoint: Time (s): cpu = 00:00:18 ; elapsed = 00:00:21 . Memory (MB): peak = 3122.395 ; gain = 1480.102 ; free physical = 15319 ; free virtual = 56654
INFO: [IP_Flow 19-234] Refreshing IP repositories
INFO: [IP_Flow 19-1700] Loaded user IP repository '/skarab/tutorials_devel/skarab/mlib_devel/jasper_library/hdl_sources/skarab_infr/cont_microblaze/ipshared/peralex.com'.
INFO: [IP_Flow 19-2313] Loaded Vivado IP repository '/usr/local/Xilinx/Vivado/2019.1/data/ip'.
Command: opt_design
Attempting to get a license for feature 'Implementation' and/or device 'xc7vx690t'
INFO: [Common 17-349] Got license for feature 'Implementation' and/or device 'xc7vx690t'
Running DRC as a precondition to command opt_design

Starting DRC Task
INFO: [DRC 23-27] Running DRC with 8 threads
INFO: [Project 1-461] DRC finished with 0 Errors
INFO: [Project 1-462] Please refer to the DRC report (report_drc) for more information.

Time (s): cpu = 00:00:01 ; elapsed = 00:00:00.64 . Memory (MB): peak = 3194.430 ; gain = 64.031 ; free physical = 15298 ; free virtual = 56636

Starting Cache Timing Information Task
INFO: [Constraints 18-483] create_clock: no pin(s)/port(s)/net(s) specified as objects, only virtual clock 'virtual_emcc_clock' will be created. If you don't want this, please specify pin(s)/ports(s)/net(s) as objects to the command. [/skarab/skarab-gbe-control/fpgs/ethernet_one_gbe_skarab_control/ethernet_one_gbe_skarab_axi/myproj/myproj.srcs/constrs_1/imports/ethernet_one_gbe_skarab_axi/user_const.xdc:341]
INFO: [Timing 38-35] Done setting XDC timing constraints.
Ending Cache Timing Information Task | Checksum: 1fd23d3b7

Time (s): cpu = 00:00:04 ; elapsed = 00:00:02 . Memory (MB): peak = 3423.773 ; gain = 229.344 ; free physical = 15035 ; free virtual = 56374

Starting Logic Optimization Task

Phase 1 Retarget
INFO: [Opt 31-138] Pushed 4 inverter(s) to 5 load pin(s).
CRITICAL WARNING: [Opt 31-430] Found a FDRE that its data pin is undriven. Driver is required to prevent unexpected behavior:ethernet_one_gbe_skarab_axi_inst/ethernet_one_gbe_skarab_axi_struct/d3/ss/basic_ctrl/delay1/srl_delay.synth_reg_srl_inst/partial_one.last_srlc33e/reg_array[0].fde_used.u2
CRITICAL WARNING: [Opt 31-430] Found a FDRE that its data pin is undriven. Driver is required to prevent unexpected behavior:ethernet_one_gbe_skarab_axi_inst/ethernet_one_gbe_skarab_axi_struct/d4/ss/basic_ctrl/delay1/srl_delay.synth_reg_srl_inst/partial_one.last_srlc33e/reg_array[0].fde_used.u2
CRITICAL WARNING: [Opt 31-430] Found a FDRE that its data pin is undriven. Driver is required to prevent unexpected behavior:ethernet_one_gbe_skarab_axi_inst/ethernet_one_gbe_skarab_axi_struct/d5/ss/basic_ctrl/delay1/srl_delay.synth_reg_srl_inst/partial_one.last_srlc33e/reg_array[0].fde_used.u2
CRITICAL WARNING: [Opt 31-430] Found a FDRE that its data pin is undriven. Driver is required to prevent unexpected behavior:ethernet_one_gbe_skarab_axi_inst/ethernet_one_gbe_skarab_axi_struct/pkt_ctrs1/ss/basic_ctrl/delay1/srl_delay.synth_reg_srl_inst/partial_one.last_srlc33e/reg_array[0].fde_used.u2
CRITICAL WARNING: [Opt 31-430] Found a FDRE that its data pin is undriven. Driver is required to prevent unexpected behavior:ethernet_one_gbe_skarab_axi_inst/ethernet_one_gbe_skarab_axi_struct/pkt_ctrs_compare1/ss/basic_ctrl/delay1/srl_delay.synth_reg_srl_inst/partial_one.last_srlc33e/reg_array[0].fde_used.u2
INFO: [Opt 31-49] Retargeted 0 cell(s).
Phase 1 Retarget | Checksum: 239b27254

Time (s): cpu = 00:00:05 ; elapsed = 00:00:02 . Memory (MB): peak = 3590.613 ; gain = 57.027 ; free physical = 15166 ; free virtual = 56502
INFO: [Opt 31-389] Phase Retarget created 1085 cells and removed 1308 cells
INFO: [Opt 31-1021] In phase Retarget, 14 netlist objects are constrained preventing optimization. Please run opt_design with -debug_log to get more detail. 

Phase 2 Constant propagation
CRITICAL WARNING: [Opt 31-430] Found a FDRE that its data pin is undriven. Driver is required to prevent unexpected behavior:ethernet_one_gbe_skarab_axi_inst/ethernet_one_gbe_skarab_axi_struct/d3/ss/basic_ctrl/delay1/srl_delay.synth_reg_srl_inst/partial_one.last_srlc33e/reg_array[0].fde_used.u2
CRITICAL WARNING: [Opt 31-430] Found a FDRE that its data pin is undriven. Driver is required to prevent unexpected behavior:ethernet_one_gbe_skarab_axi_inst/ethernet_one_gbe_skarab_axi_struct/d4/ss/basic_ctrl/delay1/srl_delay.synth_reg_srl_inst/partial_one.last_srlc33e/reg_array[0].fde_used.u2
CRITICAL WARNING: [Opt 31-430] Found a FDRE that its data pin is undriven. Driver is required to prevent unexpected behavior:ethernet_one_gbe_skarab_axi_inst/ethernet_one_gbe_skarab_axi_struct/d5/ss/basic_ctrl/delay1/srl_delay.synth_reg_srl_inst/partial_one.last_srlc33e/reg_array[0].fde_used.u2
CRITICAL WARNING: [Opt 31-430] Found a FDRE that its data pin is undriven. Driver is required to prevent unexpected behavior:ethernet_one_gbe_skarab_axi_inst/ethernet_one_gbe_skarab_axi_struct/pkt_ctrs1/ss/basic_ctrl/delay1/srl_delay.synth_reg_srl_inst/partial_one.last_srlc33e/reg_array[0].fde_used.u2
CRITICAL WARNING: [Opt 31-430] Found a FDRE that its data pin is undriven. Driver is required to prevent unexpected behavior:ethernet_one_gbe_skarab_axi_inst/ethernet_one_gbe_skarab_axi_struct/pkt_ctrs_compare1/ss/basic_ctrl/delay1/srl_delay.synth_reg_srl_inst/partial_one.last_srlc33e/reg_array[0].fde_used.u2
INFO: [Opt 31-138] Pushed 0 inverter(s) to 0 load pin(s).
Phase 2 Constant propagation | Checksum: 23a7ed79a

Time (s): cpu = 00:00:06 ; elapsed = 00:00:03 . Memory (MB): peak = 3590.613 ; gain = 57.027 ; free physical = 15166 ; free virtual = 56502
INFO: [Opt 31-389] Phase Constant propagation created 149 cells and removed 1194 cells
INFO: [Opt 31-1021] In phase Constant propagation, 9 netlist objects are constrained preventing optimization. Please run opt_design with -debug_log to get more detail. 

Phase 3 Sweep
CRITICAL WARNING: [Opt 31-430] Found a FDRE that its data pin is undriven. Driver is required to prevent unexpected behavior:ethernet_one_gbe_skarab_axi_inst/ethernet_one_gbe_skarab_axi_struct/d3/ss/basic_ctrl/delay1/srl_delay.synth_reg_srl_inst/partial_one.last_srlc33e/reg_array[0].fde_used.u2
CRITICAL WARNING: [Opt 31-430] Found a FDRE that its data pin is undriven. Driver is required to prevent unexpected behavior:ethernet_one_gbe_skarab_axi_inst/ethernet_one_gbe_skarab_axi_struct/d4/ss/basic_ctrl/delay1/srl_delay.synth_reg_srl_inst/partial_one.last_srlc33e/reg_array[0].fde_used.u2
CRITICAL WARNING: [Opt 31-430] Found a FDRE that its data pin is undriven. Driver is required to prevent unexpected behavior:ethernet_one_gbe_skarab_axi_inst/ethernet_one_gbe_skarab_axi_struct/d5/ss/basic_ctrl/delay1/srl_delay.synth_reg_srl_inst/partial_one.last_srlc33e/reg_array[0].fde_used.u2
CRITICAL WARNING: [Opt 31-430] Found a FDRE that its data pin is undriven. Driver is required to prevent unexpected behavior:ethernet_one_gbe_skarab_axi_inst/ethernet_one_gbe_skarab_axi_struct/pkt_ctrs1/ss/basic_ctrl/delay1/srl_delay.synth_reg_srl_inst/partial_one.last_srlc33e/reg_array[0].fde_used.u2
CRITICAL WARNING: [Opt 31-430] Found a FDRE that its data pin is undriven. Driver is required to prevent unexpected behavior:ethernet_one_gbe_skarab_axi_inst/ethernet_one_gbe_skarab_axi_struct/pkt_ctrs_compare1/ss/basic_ctrl/delay1/srl_delay.synth_reg_srl_inst/partial_one.last_srlc33e/reg_array[0].fde_used.u2
Phase 3 Sweep | Checksum: 24ccb49be

Time (s): cpu = 00:00:10 ; elapsed = 00:00:07 . Memory (MB): peak = 3590.613 ; gain = 57.027 ; free physical = 15162 ; free virtual = 56501
INFO: [Opt 31-389] Phase Sweep created 1 cells and removed 30747 cells
INFO: [Opt 31-1021] In phase Sweep, 188 netlist objects are constrained preventing optimization. Please run opt_design with -debug_log to get more detail. 

Phase 4 BUFG optimization
Phase 4 BUFG optimization | Checksum: 24ccb49be

Time (s): cpu = 00:00:11 ; elapsed = 00:00:08 . Memory (MB): peak = 3590.613 ; gain = 57.027 ; free physical = 15161 ; free virtual = 56500
INFO: [Opt 31-662] Phase BUFG optimization created 0 cells of which 0 are BUFGs and removed 0 cells.

Phase 5 Shift Register Optimization
INFO: [Opt 31-1064] SRL Remap converted 0 SRLs to 0 registers and converted 0 registers of register chains to 0 SRLs
Phase 5 Shift Register Optimization | Checksum: 1bddfe8a0

Time (s): cpu = 00:00:11 ; elapsed = 00:00:08 . Memory (MB): peak = 3590.613 ; gain = 57.027 ; free physical = 15161 ; free virtual = 56500
INFO: [Opt 31-389] Phase Shift Register Optimization created 0 cells and removed 0 cells

Phase 6 Post Processing Netlist
Phase 6 Post Processing Netlist | Checksum: 175234391

Time (s): cpu = 00:00:12 ; elapsed = 00:00:09 . Memory (MB): peak = 3590.613 ; gain = 57.027 ; free physical = 15161 ; free virtual = 56500
INFO: [Opt 31-389] Phase Post Processing Netlist created 0 cells and removed 0 cells
INFO: [Opt 31-1021] In phase Post Processing Netlist, 28 netlist objects are constrained preventing optimization. Please run opt_design with -debug_log to get more detail. 
Opt_design Change Summary
=========================


-------------------------------------------------------------------------------------------------------------------------
|  Phase                        |  #Cells created  |  #Cells Removed  |  #Constrained objects preventing optimizations  |
-------------------------------------------------------------------------------------------------------------------------
|  Retarget                     |            1085  |            1308  |                                             14  |
|  Constant propagation         |             149  |            1194  |                                              9  |
|  Sweep                        |               1  |           30747  |                                            188  |
|  BUFG optimization            |               0  |               0  |                                              0  |
|  Shift Register Optimization  |               0  |               0  |                                              0  |
|  Post Processing Netlist      |               0  |               0  |                                             28  |
-------------------------------------------------------------------------------------------------------------------------



Starting Connectivity Check Task

Time (s): cpu = 00:00:00.04 ; elapsed = 00:00:00.05 . Memory (MB): peak = 3590.613 ; gain = 0.000 ; free physical = 15161 ; free virtual = 56500
Ending Logic Optimization Task | Checksum: 1f0ec8e09

Time (s): cpu = 00:00:12 ; elapsed = 00:00:09 . Memory (MB): peak = 3590.613 ; gain = 57.027 ; free physical = 15162 ; free virtual = 56501

Starting Power Optimization Task
INFO: [Pwropt 34-132] Skipping clock gating for clocks with a period < 2.00 ns.
INFO: [Constraints 18-483] create_clock: no pin(s)/port(s)/net(s) specified as objects, only virtual clock 'virtual_emcc_clock' will be created. If you don't want this, please specify pin(s)/ports(s)/net(s) as objects to the command. [/skarab/skarab-gbe-control/fpgs/ethernet_one_gbe_skarab_control/ethernet_one_gbe_skarab_axi/myproj/myproj.srcs/constrs_1/imports/ethernet_one_gbe_skarab_axi/user_const.xdc:341]
INFO: [Timing 38-35] Done setting XDC timing constraints.
INFO: [Pwropt 34-9] Applying IDT optimizations ...
INFO: [Pwropt 34-10] Applying ODC optimizations ...
INFO: [Physopt 32-619] Estimated Timing Summary | WNS=0.804 | TNS=0.000 |
INFO: [Power 33-23] Power model is not available for DNA_PORT_inst
INFO: [Power 33-23] Power model is not available for USR_ACCESSE2_0
Running Vector-less Activity Propagation...

Finished Running Vector-less Activity Propagation


Starting PowerOpt Patch Enables Task
INFO: [Pwropt 34-162] WRITE_MODE attribute of 162 BRAM(s) out of a total of 272 has been updated to save power. Run report_power_opt to get a complete listing of the BRAMs updated.
INFO: [Pwropt 34-201] Structural ODC has moved 4 WE to EN ports
Number of BRAM Ports augmented: 71 newly gated: 126 Total Ports: 544
Number of Flops added for Enable Generation: 1

Ending PowerOpt Patch Enables Task | Checksum: 20c88a035

Time (s): cpu = 00:00:00.60 ; elapsed = 00:00:00.56 . Memory (MB): peak = 4456.160 ; gain = 0.000 ; free physical = 14935 ; free virtual = 56276
Ending Power Optimization Task | Checksum: 20c88a035

Time (s): cpu = 00:00:28 ; elapsed = 00:00:12 . Memory (MB): peak = 4456.160 ; gain = 865.547 ; free physical = 15014 ; free virtual = 56356

Starting Final Cleanup Task

Starting Logic Optimization Task
INFO: [Constraints 18-483] create_clock: no pin(s)/port(s)/net(s) specified as objects, only virtual clock 'virtual_emcc_clock' will be created. If you don't want this, please specify pin(s)/ports(s)/net(s) as objects to the command. [/skarab/skarab-gbe-control/fpgs/ethernet_one_gbe_skarab_control/ethernet_one_gbe_skarab_axi/myproj/myproj.srcs/constrs_1/imports/ethernet_one_gbe_skarab_axi/user_const.xdc:341]
INFO: [Timing 38-35] Done setting XDC timing constraints.
Ending Logic Optimization Task | Checksum: 15c20da4b

Time (s): cpu = 00:00:06 ; elapsed = 00:00:03 . Memory (MB): peak = 4456.160 ; gain = 0.000 ; free physical = 15020 ; free virtual = 56360
Ending Final Cleanup Task | Checksum: 15c20da4b

Time (s): cpu = 00:00:07 ; elapsed = 00:00:04 . Memory (MB): peak = 4456.160 ; gain = 0.000 ; free physical = 15019 ; free virtual = 56360

Starting Netlist Obfuscation Task
Netlist sorting complete. Time (s): cpu = 00:00:00 ; elapsed = 00:00:00.01 . Memory (MB): peak = 4456.160 ; gain = 0.000 ; free physical = 15019 ; free virtual = 56360
Ending Netlist Obfuscation Task | Checksum: 15c20da4b

Time (s): cpu = 00:00:00 ; elapsed = 00:00:00.01 . Memory (MB): peak = 4456.160 ; gain = 0.000 ; free physical = 15019 ; free virtual = 56360
INFO: [Common 17-83] Releasing license: Implementation
47 Infos, 0 Warnings, 15 Critical Warnings and 0 Errors encountered.
opt_design completed successfully
opt_design: Time (s): cpu = 00:00:55 ; elapsed = 00:00:30 . Memory (MB): peak = 4456.160 ; gain = 1333.766 ; free physical = 15019 ; free virtual = 56360
Netlist sorting complete. Time (s): cpu = 00:00:00.01 ; elapsed = 00:00:00.01 . Memory (MB): peak = 4456.160 ; gain = 0.000 ; free physical = 15020 ; free virtual = 56360
INFO: [Timing 38-480] Writing timing data to binary archive.
Writing placer database...
Writing XDEF routing.
Writing XDEF routing logical nets.
Writing XDEF routing special nets.
Write XDEF Complete: Time (s): cpu = 00:00:00.05 ; elapsed = 00:00:00.01 . Memory (MB): peak = 4456.160 ; gain = 0.000 ; free physical = 15015 ; free virtual = 56359
INFO: [Common 17-1381] The checkpoint '/skarab/skarab-gbe-control/fpgs/ethernet_one_gbe_skarab_control/ethernet_one_gbe_skarab_axi/myproj/myproj.runs/impl_1/top_opt.dcp' has been generated.
write_checkpoint: Time (s): cpu = 00:00:09 ; elapsed = 00:00:07 . Memory (MB): peak = 4456.160 ; gain = 0.000 ; free physical = 15007 ; free virtual = 56363
INFO: [runtcl-4] Executing : report_drc -file top_drc_opted.rpt -pb top_drc_opted.pb -rpx top_drc_opted.rpx
Command: report_drc -file top_drc_opted.rpt -pb top_drc_opted.pb -rpx top_drc_opted.rpx
INFO: [IP_Flow 19-1839] IP Catalog is up to date.
INFO: [DRC 23-27] Running DRC with 8 threads
INFO: [Coretcl 2-168] The results of DRC are in file /skarab/skarab-gbe-control/fpgs/ethernet_one_gbe_skarab_control/ethernet_one_gbe_skarab_axi/myproj/myproj.runs/impl_1/top_drc_opted.rpt.
report_drc completed successfully
Command: place_design
Attempting to get a license for feature 'Implementation' and/or device 'xc7vx690t'
INFO: [Common 17-349] Got license for feature 'Implementation' and/or device 'xc7vx690t'
INFO: [DRC 23-27] Running DRC with 8 threads
INFO: [Vivado_Tcl 4-198] DRC finished with 0 Errors
INFO: [Vivado_Tcl 4-199] Please refer to the DRC report (report_drc) for more information.
Running DRC as a precondition to command place_design
INFO: [DRC 23-27] Running DRC with 8 threads
WARNING: [DRC CHECK-3] Report rule limit reached: REQP-1839 rule limit reached: 20 violations have been found.
WARNING: [DRC CHECK-3] Report rule limit reached: REQP-1840 rule limit reached: 20 violations have been found.
WARNING: [DRC REQP-1839] RAMB36 async control check: The RAMB36E1 ethernet_one_gbe_skarab_axi_tx_one_gbe/gmii_to_xaui_translator_0/gmii_to_xaui_fifo_0/U0/inst_fifo_gen/gconvfifo.rf/grf.rf/gntv_or_sync_fifo.mem/gbm.gbmg.gbmga.ngecc.bmg/inst_blk_mem_gen/gnbram.gnativebmg.native_blk_mem_gen/valid.cstr/ramloop[0].ram.r/prim_noinit.ram/DEVICE_7SERIES.NO_BMM_INFO.SDP.SIMPLE_PRIM36.ram has an input control pin ethernet_one_gbe_skarab_axi_tx_one_gbe/gmii_to_xaui_translator_0/gmii_to_xaui_fifo_0/U0/inst_fifo_gen/gconvfifo.rf/grf.rf/gntv_or_sync_fifo.mem/gbm.gbmg.gbmga.ngecc.bmg/inst_blk_mem_gen/gnbram.gnativebmg.native_blk_mem_gen/valid.cstr/ramloop[0].ram.r/prim_noinit.ram/DEVICE_7SERIES.NO_BMM_INFO.SDP.SIMPLE_PRIM36.ram/ENARDEN (net: ethernet_one_gbe_skarab_axi_tx_one_gbe/gmii_to_xaui_translator_0/gmii_to_xaui_fifo_0/U0/inst_fifo_gen/gconvfifo.rf/grf.rf/gntv_or_sync_fifo.mem/gbm.gbmg.gbmga.ngecc.bmg/inst_blk_mem_gen/gnbram.gnativebmg.native_blk_mem_gen/valid.cstr/ramloop[0].ram.r/prim_noinit.ram/DEVICE_7SERIES.NO_BMM_INFO.SDP.SIMPLE_PRIM36.ram_0) which is driven by a register (ethernet_one_gbe_skarab_axi_tx_one_gbe/gmii_to_xaui_translator_0/gmii_to_xaui_fifo_wr_en_reg) that has an active asychronous set or reset. This may cause corruption of the memory contents and/or read values when the set/reset is asserted and is not analyzed by the default static timing analysis. It is suggested to eliminate the use of a set/reset to registers driving this RAMB pin or else use a synchronous reset in which the assertion of the reset is timed by default.
WARNING: [DRC REQP-1839] RAMB36 async control check: The RAMB36E1 ethernet_one_gbe_skarab_axi_tx_one_gbe/gmii_to_xaui_translator_0/gmii_to_xaui_fifo_0/U0/inst_fifo_gen/gconvfifo.rf/grf.rf/gntv_or_sync_fifo.mem/gbm.gbmg.gbmga.ngecc.bmg/inst_blk_mem_gen/gnbram.gnativebmg.native_blk_mem_gen/valid.cstr/ramloop[0].ram.r/prim_noinit.ram/DEVICE_7SERIES.NO_BMM_INFO.SDP.SIMPLE_PRIM36.ram has an input control pin ethernet_one_gbe_skarab_axi_tx_one_gbe/gmii_to_xaui_translator_0/gmii_to_xaui_fifo_0/U0/inst_fifo_gen/gconvfifo.rf/grf.rf/gntv_or_sync_fifo.mem/gbm.gbmg.gbmga.ngecc.bmg/inst_blk_mem_gen/gnbram.gnativebmg.native_blk_mem_gen/valid.cstr/ramloop[0].ram.r/prim_noinit.ram/DEVICE_7SERIES.NO_BMM_INFO.SDP.SIMPLE_PRIM36.ram/ENBWREN (net: ethernet_one_gbe_skarab_axi_tx_one_gbe/gmii_to_xaui_translator_0/gmii_to_xaui_fifo_0/U0/inst_fifo_gen/gconvfifo.rf/grf.rf/gntv_or_sync_fifo.mem/gbm.gbmg.gbmga.ngecc.bmg/inst_blk_mem_gen/gnbram.gnativebmg.native_blk_mem_gen/valid.cstr/ramloop[0].ram.r/prim_noinit.ram/DEVICE_7SERIES.NO_BMM_INFO.SDP.SIMPLE_PRIM36.ram_ENBWREN_cooolgate_en_sig_114) which is driven by a register (ethernet_one_gbe_skarab_axi_tx_one_gbe/gmii_to_xaui_translator_0/FSM_onehot_current_gen_state_reg[2]) that has an active asychronous set or reset. This may cause corruption of the memory contents and/or read values when the set/reset is asserted and is not analyzed by the default static timing analysis. It is suggested to eliminate the use of a set/reset to registers driving this RAMB pin or else use a synchronous reset in which the assertion of the reset is timed by default.
WARNING: [DRC REQP-1839] RAMB36 async control check: The RAMB36E1 ethernet_one_gbe_skarab_axi_tx_one_gbe/gmii_to_xaui_translator_0/gmii_to_xaui_fifo_0/U0/inst_fifo_gen/gconvfifo.rf/grf.rf/gntv_or_sync_fifo.mem/gbm.gbmg.gbmga.ngecc.bmg/inst_blk_mem_gen/gnbram.gnativebmg.native_blk_mem_gen/valid.cstr/ramloop[0].ram.r/prim_noinit.ram/DEVICE_7SERIES.NO_BMM_INFO.SDP.SIMPLE_PRIM36.ram has an input control pin ethernet_one_gbe_skarab_axi_tx_one_gbe/gmii_to_xaui_translator_0/gmii_to_xaui_fifo_0/U0/inst_fifo_gen/gconvfifo.rf/grf.rf/gntv_or_sync_fifo.mem/gbm.gbmg.gbmga.ngecc.bmg/inst_blk_mem_gen/gnbram.gnativebmg.native_blk_mem_gen/valid.cstr/ramloop[0].ram.r/prim_noinit.ram/DEVICE_7SERIES.NO_BMM_INFO.SDP.SIMPLE_PRIM36.ram/ENBWREN (net: ethernet_one_gbe_skarab_axi_tx_one_gbe/gmii_to_xaui_translator_0/gmii_to_xaui_fifo_0/U0/inst_fifo_gen/gconvfifo.rf/grf.rf/gntv_or_sync_fifo.mem/gbm.gbmg.gbmga.ngecc.bmg/inst_blk_mem_gen/gnbram.gnativebmg.native_blk_mem_gen/valid.cstr/ramloop[0].ram.r/prim_noinit.ram/DEVICE_7SERIES.NO_BMM_INFO.SDP.SIMPLE_PRIM36.ram_ENBWREN_cooolgate_en_sig_114) which is driven by a register (skarab_infr/sync_sys_fpga_rst_reg) that has an active asychronous set or reset. This may cause corruption of the memory contents and/or read values when the set/reset is asserted and is not analyzed by the default static timing analysis. It is suggested to eliminate the use of a set/reset to registers driving this RAMB pin or else use a synchronous reset in which the assertion of the reset is timed by default.
WARNING: [DRC REQP-1839] RAMB36 async control check: The RAMB36E1 ethernet_one_gbe_skarab_axi_tx_one_gbe/gmii_to_xaui_translator_0/gmii_to_xaui_fifo_0/U0/inst_fifo_gen/gconvfifo.rf/grf.rf/gntv_or_sync_fifo.mem/gbm.gbmg.gbmga.ngecc.bmg/inst_blk_mem_gen/gnbram.gnativebmg.native_blk_mem_gen/valid.cstr/ramloop[0].ram.r/prim_noinit.ram/DEVICE_7SERIES.NO_BMM_INFO.SDP.SIMPLE_PRIM36.ram has an input control pin ethernet_one_gbe_skarab_axi_tx_one_gbe/gmii_to_xaui_translator_0/gmii_to_xaui_fifo_0/U0/inst_fifo_gen/gconvfifo.rf/grf.rf/gntv_or_sync_fifo.mem/gbm.gbmg.gbmga.ngecc.bmg/inst_blk_mem_gen/gnbram.gnativebmg.native_blk_mem_gen/valid.cstr/ramloop[0].ram.r/prim_noinit.ram/DEVICE_7SERIES.NO_BMM_INFO.SDP.SIMPLE_PRIM36.ram/ENBWREN (net: ethernet_one_gbe_skarab_axi_tx_one_gbe/gmii_to_xaui_translator_0/gmii_to_xaui_fifo_0/U0/inst_fifo_gen/gconvfifo.rf/grf.rf/gntv_or_sync_fifo.mem/gbm.gbmg.gbmga.ngecc.bmg/inst_blk_mem_gen/gnbram.gnativebmg.native_blk_mem_gen/valid.cstr/ramloop[0].ram.r/prim_noinit.ram/DEVICE_7SERIES.NO_BMM_INFO.SDP.SIMPLE_PRIM36.ram_ENBWREN_cooolgate_en_sig_114) which is driven by a register (skarab_infr/sys_fpga_rst_reg) that has an active asychronous set or reset. This may cause corruption of the memory contents and/or read values when the set/reset is asserted and is not analyzed by the default static timing analysis. It is suggested to eliminate the use of a set/reset to registers driving this RAMB pin or else use a synchronous reset in which the assertion of the reset is timed by default.
WARNING: [DRC REQP-1839] RAMB36 async control check: The RAMB36E1 ethernet_one_gbe_skarab_axi_tx_one_gbe/gmii_to_xaui_translator_0/gmii_to_xaui_fifo_0/U0/inst_fifo_gen/gconvfifo.rf/grf.rf/gntv_or_sync_fifo.mem/gbm.gbmg.gbmga.ngecc.bmg/inst_blk_mem_gen/gnbram.gnativebmg.native_blk_mem_gen/valid.cstr/ramloop[0].ram.r/prim_noinit.ram/DEVICE_7SERIES.NO_BMM_INFO.SDP.SIMPLE_PRIM36.ram has an input control pin ethernet_one_gbe_skarab_axi_tx_one_gbe/gmii_to_xaui_translator_0/gmii_to_xaui_fifo_0/U0/inst_fifo_gen/gconvfifo.rf/grf.rf/gntv_or_sync_fifo.mem/gbm.gbmg.gbmga.ngecc.bmg/inst_blk_mem_gen/gnbram.gnativebmg.native_blk_mem_gen/valid.cstr/ramloop[0].ram.r/prim_noinit.ram/DEVICE_7SERIES.NO_BMM_INFO.SDP.SIMPLE_PRIM36.ram/RSTRAMB (net: ethernet_one_gbe_skarab_axi_tx_one_gbe/gmii_to_xaui_translator_0/gmii_to_xaui_fifo_0/U0/inst_fifo_gen/gconvfifo.rf/grf.rf/gntv_or_sync_fifo.mem/gbm.gbmg.gbmga.ngecc.bmg/inst_blk_mem_gen/gnbram.gnativebmg.native_blk_mem_gen/valid.cstr/ramloop[0].ram.r/prim_noinit.ram/rd_rst) which is driven by a register (skarab_infr/sys_fpga_rst_reg) that has an active asychronous set or reset. This may cause corruption of the memory contents and/or read values when the set/reset is asserted and is not analyzed by the default static timing analysis. It is suggested to eliminate the use of a set/reset to registers driving this RAMB pin or else use a synchronous reset in which the assertion of the reset is timed by default.
WARNING: [DRC REQP-1839] RAMB36 async control check: The RAMB36E1 ethernet_one_gbe_skarab_axi_tx_one_gbe/gmii_to_xaui_translator_0/gmii_to_xaui_fifo_0/U0/inst_fifo_gen/gconvfifo.rf/grf.rf/gntv_or_sync_fifo.mem/gbm.gbmg.gbmga.ngecc.bmg/inst_blk_mem_gen/gnbram.gnativebmg.native_blk_mem_gen/valid.cstr/ramloop[0].ram.r/prim_noinit.ram/DEVICE_7SERIES.NO_BMM_INFO.SDP.SIMPLE_PRIM36.ram has an input control pin ethernet_one_gbe_skarab_axi_tx_one_gbe/gmii_to_xaui_translator_0/gmii_to_xaui_fifo_0/U0/inst_fifo_gen/gconvfifo.rf/grf.rf/gntv_or_sync_fifo.mem/gbm.gbmg.gbmga.ngecc.bmg/inst_blk_mem_gen/gnbram.gnativebmg.native_blk_mem_gen/valid.cstr/ramloop[0].ram.r/prim_noinit.ram/DEVICE_7SERIES.NO_BMM_INFO.SDP.SIMPLE_PRIM36.ram/WEA[0] (net: ethernet_one_gbe_skarab_axi_tx_one_gbe/gmii_to_xaui_translator_0/gmii_to_xaui_fifo_0/U0/inst_fifo_gen/gconvfifo.rf/grf.rf/gntv_or_sync_fifo.mem/gbm.gbmg.gbmga.ngecc.bmg/inst_blk_mem_gen/gnbram.gnativebmg.native_blk_mem_gen/valid.cstr/ramloop[0].ram.r/prim_noinit.ram/DEVICE_7SERIES.NO_BMM_INFO.SDP.SIMPLE_PRIM36.ram_0) which is driven by a register (ethernet_one_gbe_skarab_axi_tx_one_gbe/gmii_to_xaui_translator_0/gmii_to_xaui_fifo_wr_en_reg) that has an active asychronous set or reset. This may cause corruption of the memory contents and/or read values when the set/reset is asserted and is not analyzed by the default static timing analysis. It is suggested to eliminate the use of a set/reset to registers driving this RAMB pin or else use a synchronous reset in which the assertion of the reset is timed by default.
WARNING: [DRC REQP-1839] RAMB36 async control check: The RAMB36E1 ethernet_one_gbe_skarab_axi_tx_one_gbe/gmii_to_xaui_translator_0/gmii_to_xaui_fifo_0/U0/inst_fifo_gen/gconvfifo.rf/grf.rf/gntv_or_sync_fifo.mem/gbm.gbmg.gbmga.ngecc.bmg/inst_blk_mem_gen/gnbram.gnativebmg.native_blk_mem_gen/valid.cstr/ramloop[1].ram.r/prim_noinit.ram/DEVICE_7SERIES.NO_BMM_INFO.SDP.SIMPLE_PRIM36.ram has an input control pin ethernet_one_gbe_skarab_axi_tx_one_gbe/gmii_to_xaui_translator_0/gmii_to_xaui_fifo_0/U0/inst_fifo_gen/gconvfifo.rf/grf.rf/gntv_or_sync_fifo.mem/gbm.gbmg.gbmga.ngecc.bmg/inst_blk_mem_gen/gnbram.gnativebmg.native_blk_mem_gen/valid.cstr/ramloop[1].ram.r/prim_noinit.ram/DEVICE_7SERIES.NO_BMM_INFO.SDP.SIMPLE_PRIM36.ram/ENARDEN (net: ethernet_one_gbe_skarab_axi_tx_one_gbe/gmii_to_xaui_translator_0/gmii_to_xaui_fifo_0/U0/inst_fifo_gen/gconvfifo.rf/grf.rf/gntv_or_sync_fifo.mem/gbm.gbmg.gbmga.ngecc.bmg/inst_blk_mem_gen/gnbram.gnativebmg.native_blk_mem_gen/valid.cstr/ramloop[1].ram.r/prim_noinit.ram/DEVICE_7SERIES.NO_BMM_INFO.SDP.SIMPLE_PRIM36.ram_0) which is driven by a register (ethernet_one_gbe_skarab_axi_tx_one_gbe/gmii_to_xaui_translator_0/gmii_to_xaui_fifo_wr_en_reg) that has an active asychronous set or reset. This may cause corruption of the memory contents and/or read values when the set/reset is asserted and is not analyzed by the default static timing analysis. It is suggested to eliminate the use of a set/reset to registers driving this RAMB pin or else use a synchronous reset in which the assertion of the reset is timed by default.
WARNING: [DRC REQP-1839] RAMB36 async control check: The RAMB36E1 ethernet_one_gbe_skarab_axi_tx_one_gbe/gmii_to_xaui_translator_0/gmii_to_xaui_fifo_0/U0/inst_fifo_gen/gconvfifo.rf/grf.rf/gntv_or_sync_fifo.mem/gbm.gbmg.gbmga.ngecc.bmg/inst_blk_mem_gen/gnbram.gnativebmg.native_blk_mem_gen/valid.cstr/ramloop[1].ram.r/prim_noinit.ram/DEVICE_7SERIES.NO_BMM_INFO.SDP.SIMPLE_PRIM36.ram has an input control pin ethernet_one_gbe_skarab_axi_tx_one_gbe/gmii_to_xaui_translator_0/gmii_to_xaui_fifo_0/U0/inst_fifo_gen/gconvfifo.rf/grf.rf/gntv_or_sync_fifo.mem/gbm.gbmg.gbmga.ngecc.bmg/inst_blk_mem_gen/gnbram.gnativebmg.native_blk_mem_gen/valid.cstr/ramloop[1].ram.r/prim_noinit.ram/DEVICE_7SERIES.NO_BMM_INFO.SDP.SIMPLE_PRIM36.ram/ENBWREN (net: ethernet_one_gbe_skarab_axi_tx_one_gbe/gmii_to_xaui_translator_0/gmii_to_xaui_fifo_0/U0/inst_fifo_gen/gconvfifo.rf/grf.rf/gntv_or_sync_fifo.mem/gbm.gbmg.gbmga.ngecc.bmg/inst_blk_mem_gen/gnbram.gnativebmg.native_blk_mem_gen/valid.cstr/ramloop[1].ram.r/prim_noinit.ram/DEVICE_7SERIES.NO_BMM_INFO.SDP.SIMPLE_PRIM36.ram_ENBWREN_cooolgate_en_sig_115) which is driven by a register (ethernet_one_gbe_skarab_axi_tx_one_gbe/gmii_to_xaui_translator_0/FSM_onehot_current_gen_state_reg[2]) that has an active asychronous set or reset. This may cause corruption of the memory contents and/or read values when the set/reset is asserted and is not analyzed by the default static timing analysis. It is suggested to eliminate the use of a set/reset to registers driving this RAMB pin or else use a synchronous reset in which the assertion of the reset is timed by default.
WARNING: [DRC REQP-1839] RAMB36 async control check: The RAMB36E1 ethernet_one_gbe_skarab_axi_tx_one_gbe/gmii_to_xaui_translator_0/gmii_to_xaui_fifo_0/U0/inst_fifo_gen/gconvfifo.rf/grf.rf/gntv_or_sync_fifo.mem/gbm.gbmg.gbmga.ngecc.bmg/inst_blk_mem_gen/gnbram.gnativebmg.native_blk_mem_gen/valid.cstr/ramloop[1].ram.r/prim_noinit.ram/DEVICE_7SERIES.NO_BMM_INFO.SDP.SIMPLE_PRIM36.ram has an input control pin ethernet_one_gbe_skarab_axi_tx_one_gbe/gmii_to_xaui_translator_0/gmii_to_xaui_fifo_0/U0/inst_fifo_gen/gconvfifo.rf/grf.rf/gntv_or_sync_fifo.mem/gbm.gbmg.gbmga.ngecc.bmg/inst_blk_mem_gen/gnbram.gnativebmg.native_blk_mem_gen/valid.cstr/ramloop[1].ram.r/prim_noinit.ram/DEVICE_7SERIES.NO_BMM_INFO.SDP.SIMPLE_PRIM36.ram/ENBWREN (net: ethernet_one_gbe_skarab_axi_tx_one_gbe/gmii_to_xaui_translator_0/gmii_to_xaui_fifo_0/U0/inst_fifo_gen/gconvfifo.rf/grf.rf/gntv_or_sync_fifo.mem/gbm.gbmg.gbmga.ngecc.bmg/inst_blk_mem_gen/gnbram.gnativebmg.native_blk_mem_gen/valid.cstr/ramloop[1].ram.r/prim_noinit.ram/DEVICE_7SERIES.NO_BMM_INFO.SDP.SIMPLE_PRIM36.ram_ENBWREN_cooolgate_en_sig_115) which is driven by a register (skarab_infr/sync_sys_fpga_rst_reg) that has an active asychronous set or reset. This may cause corruption of the memory contents and/or read values when the set/reset is asserted and is not analyzed by the default static timing analysis. It is suggested to eliminate the use of a set/reset to registers driving this RAMB pin or else use a synchronous reset in which the assertion of the reset is timed by default.
WARNING: [DRC REQP-1839] RAMB36 async control check: The RAMB36E1 ethernet_one_gbe_skarab_axi_tx_one_gbe/gmii_to_xaui_translator_0/gmii_to_xaui_fifo_0/U0/inst_fifo_gen/gconvfifo.rf/grf.rf/gntv_or_sync_fifo.mem/gbm.gbmg.gbmga.ngecc.bmg/inst_blk_mem_gen/gnbram.gnativebmg.native_blk_mem_gen/valid.cstr/ramloop[1].ram.r/prim_noinit.ram/DEVICE_7SERIES.NO_BMM_INFO.SDP.SIMPLE_PRIM36.ram has an input control pin ethernet_one_gbe_skarab_axi_tx_one_gbe/gmii_to_xaui_translator_0/gmii_to_xaui_fifo_0/U0/inst_fifo_gen/gconvfifo.rf/grf.rf/gntv_or_sync_fifo.mem/gbm.gbmg.gbmga.ngecc.bmg/inst_blk_mem_gen/gnbram.gnativebmg.native_blk_mem_gen/valid.cstr/ramloop[1].ram.r/prim_noinit.ram/DEVICE_7SERIES.NO_BMM_INFO.SDP.SIMPLE_PRIM36.ram/ENBWREN (net: ethernet_one_gbe_skarab_axi_tx_one_gbe/gmii_to_xaui_translator_0/gmii_to_xaui_fifo_0/U0/inst_fifo_gen/gconvfifo.rf/grf.rf/gntv_or_sync_fifo.mem/gbm.gbmg.gbmga.ngecc.bmg/inst_blk_mem_gen/gnbram.gnativebmg.native_blk_mem_gen/valid.cstr/ramloop[1].ram.r/prim_noinit.ram/DEVICE_7SERIES.NO_BMM_INFO.SDP.SIMPLE_PRIM36.ram_ENBWREN_cooolgate_en_sig_115) which is driven by a register (skarab_infr/sys_fpga_rst_reg) that has an active asychronous set or reset. This may cause corruption of the memory contents and/or read values when the set/reset is asserted and is not analyzed by the default static timing analysis. It is suggested to eliminate the use of a set/reset to registers driving this RAMB pin or else use a synchronous reset in which the assertion of the reset is timed by default.
WARNING: [DRC REQP-1839] RAMB36 async control check: The RAMB36E1 ethernet_one_gbe_skarab_axi_tx_one_gbe/gmii_to_xaui_translator_0/gmii_to_xaui_fifo_0/U0/inst_fifo_gen/gconvfifo.rf/grf.rf/gntv_or_sync_fifo.mem/gbm.gbmg.gbmga.ngecc.bmg/inst_blk_mem_gen/gnbram.gnativebmg.native_blk_mem_gen/valid.cstr/ramloop[1].ram.r/prim_noinit.ram/DEVICE_7SERIES.NO_BMM_INFO.SDP.SIMPLE_PRIM36.ram has an input control pin ethernet_one_gbe_skarab_axi_tx_one_gbe/gmii_to_xaui_translator_0/gmii_to_xaui_fifo_0/U0/inst_fifo_gen/gconvfifo.rf/grf.rf/gntv_or_sync_fifo.mem/gbm.gbmg.gbmga.ngecc.bmg/inst_blk_mem_gen/gnbram.gnativebmg.native_blk_mem_gen/valid.cstr/ramloop[1].ram.r/prim_noinit.ram/DEVICE_7SERIES.NO_BMM_INFO.SDP.SIMPLE_PRIM36.ram/RSTRAMB (net: ethernet_one_gbe_skarab_axi_tx_one_gbe/gmii_to_xaui_translator_0/gmii_to_xaui_fifo_0/U0/inst_fifo_gen/gconvfifo.rf/grf.rf/gntv_or_sync_fifo.mem/gbm.gbmg.gbmga.ngecc.bmg/inst_blk_mem_gen/gnbram.gnativebmg.native_blk_mem_gen/valid.cstr/ramloop[1].ram.r/prim_noinit.ram/rd_rst) which is driven by a register (skarab_infr/sys_fpga_rst_reg) that has an active asychronous set or reset. This may cause corruption of the memory contents and/or read values when the set/reset is asserted and is not analyzed by the default static timing analysis. It is suggested to eliminate the use of a set/reset to registers driving this RAMB pin or else use a synchronous reset in which the assertion of the reset is timed by default.
WARNING: [DRC REQP-1839] RAMB36 async control check: The RAMB36E1 ethernet_one_gbe_skarab_axi_tx_one_gbe/gmii_to_xaui_translator_0/gmii_to_xaui_fifo_0/U0/inst_fifo_gen/gconvfifo.rf/grf.rf/gntv_or_sync_fifo.mem/gbm.gbmg.gbmga.ngecc.bmg/inst_blk_mem_gen/gnbram.gnativebmg.native_blk_mem_gen/valid.cstr/ramloop[1].ram.r/prim_noinit.ram/DEVICE_7SERIES.NO_BMM_INFO.SDP.SIMPLE_PRIM36.ram has an input control pin ethernet_one_gbe_skarab_axi_tx_one_gbe/gmii_to_xaui_translator_0/gmii_to_xaui_fifo_0/U0/inst_fifo_gen/gconvfifo.rf/grf.rf/gntv_or_sync_fifo.mem/gbm.gbmg.gbmga.ngecc.bmg/inst_blk_mem_gen/gnbram.gnativebmg.native_blk_mem_gen/valid.cstr/ramloop[1].ram.r/prim_noinit.ram/DEVICE_7SERIES.NO_BMM_INFO.SDP.SIMPLE_PRIM36.ram/WEA[0] (net: ethernet_one_gbe_skarab_axi_tx_one_gbe/gmii_to_xaui_translator_0/gmii_to_xaui_fifo_0/U0/inst_fifo_gen/gconvfifo.rf/grf.rf/gntv_or_sync_fifo.mem/gbm.gbmg.gbmga.ngecc.bmg/inst_blk_mem_gen/gnbram.gnativebmg.native_blk_mem_gen/valid.cstr/ramloop[1].ram.r/prim_noinit.ram/DEVICE_7SERIES.NO_BMM_INFO.SDP.SIMPLE_PRIM36.ram_0) which is driven by a register (ethernet_one_gbe_skarab_axi_tx_one_gbe/gmii_to_xaui_translator_0/gmii_to_xaui_fifo_wr_en_reg) that has an active asychronous set or reset. This may cause corruption of the memory contents and/or read values when the set/reset is asserted and is not analyzed by the default static timing analysis. It is suggested to eliminate the use of a set/reset to registers driving this RAMB pin or else use a synchronous reset in which the assertion of the reset is timed by default.
WARNING: [DRC REQP-1839] RAMB36 async control check: The RAMB36E1 ethernet_one_gbe_skarab_axi_tx_one_gbe/gmii_to_xaui_translator_0/gmii_to_xaui_fifo_0/U0/inst_fifo_gen/gconvfifo.rf/grf.rf/gntv_or_sync_fifo.mem/gbm.gbmg.gbmga.ngecc.bmg/inst_blk_mem_gen/gnbram.gnativebmg.native_blk_mem_gen/valid.cstr/ramloop[2].ram.r/prim_noinit.ram/DEVICE_7SERIES.NO_BMM_INFO.SDP.SIMPLE_PRIM36.ram has an input control pin ethernet_one_gbe_skarab_axi_tx_one_gbe/gmii_to_xaui_translator_0/gmii_to_xaui_fifo_0/U0/inst_fifo_gen/gconvfifo.rf/grf.rf/gntv_or_sync_fifo.mem/gbm.gbmg.gbmga.ngecc.bmg/inst_blk_mem_gen/gnbram.gnativebmg.native_blk_mem_gen/valid.cstr/ramloop[2].ram.r/prim_noinit.ram/DEVICE_7SERIES.NO_BMM_INFO.SDP.SIMPLE_PRIM36.ram/ENARDEN (net: ethernet_one_gbe_skarab_axi_tx_one_gbe/gmii_to_xaui_translator_0/gmii_to_xaui_fifo_0/U0/inst_fifo_gen/gconvfifo.rf/grf.rf/gntv_or_sync_fifo.mem/gbm.gbmg.gbmga.ngecc.bmg/inst_blk_mem_gen/gnbram.gnativebmg.native_blk_mem_gen/valid.cstr/ramloop[2].ram.r/prim_noinit.ram/DEVICE_7SERIES.NO_BMM_INFO.SDP.SIMPLE_PRIM36.ram_0) which is driven by a register (ethernet_one_gbe_skarab_axi_tx_one_gbe/gmii_to_xaui_translator_0/gmii_to_xaui_fifo_wr_en_reg) that has an active asychronous set or reset. This may cause corruption of the memory contents and/or read values when the set/reset is asserted and is not analyzed by the default static timing analysis. It is suggested to eliminate the use of a set/reset to registers driving this RAMB pin or else use a synchronous reset in which the assertion of the reset is timed by default.
WARNING: [DRC REQP-1839] RAMB36 async control check: The RAMB36E1 ethernet_one_gbe_skarab_axi_tx_one_gbe/gmii_to_xaui_translator_0/gmii_to_xaui_fifo_0/U0/inst_fifo_gen/gconvfifo.rf/grf.rf/gntv_or_sync_fifo.mem/gbm.gbmg.gbmga.ngecc.bmg/inst_blk_mem_gen/gnbram.gnativebmg.native_blk_mem_gen/valid.cstr/ramloop[2].ram.r/prim_noinit.ram/DEVICE_7SERIES.NO_BMM_INFO.SDP.SIMPLE_PRIM36.ram has an input control pin ethernet_one_gbe_skarab_axi_tx_one_gbe/gmii_to_xaui_translator_0/gmii_to_xaui_fifo_0/U0/inst_fifo_gen/gconvfifo.rf/grf.rf/gntv_or_sync_fifo.mem/gbm.gbmg.gbmga.ngecc.bmg/inst_blk_mem_gen/gnbram.gnativebmg.native_blk_mem_gen/valid.cstr/ramloop[2].ram.r/prim_noinit.ram/DEVICE_7SERIES.NO_BMM_INFO.SDP.SIMPLE_PRIM36.ram/ENBWREN (net: ethernet_one_gbe_skarab_axi_tx_one_gbe/gmii_to_xaui_translator_0/gmii_to_xaui_fifo_0/U0/inst_fifo_gen/gconvfifo.rf/grf.rf/gntv_or_sync_fifo.mem/gbm.gbmg.gbmga.ngecc.bmg/inst_blk_mem_gen/gnbram.gnativebmg.native_blk_mem_gen/valid.cstr/ramloop[2].ram.r/prim_noinit.ram/DEVICE_7SERIES.NO_BMM_INFO.SDP.SIMPLE_PRIM36.ram_ENBWREN_cooolgate_en_sig_116) which is driven by a register (ethernet_one_gbe_skarab_axi_tx_one_gbe/gmii_to_xaui_translator_0/FSM_onehot_current_gen_state_reg[2]) that has an active asychronous set or reset. This may cause corruption of the memory contents and/or read values when the set/reset is asserted and is not analyzed by the default static timing analysis. It is suggested to eliminate the use of a set/reset to registers driving this RAMB pin or else use a synchronous reset in which the assertion of the reset is timed by default.
WARNING: [DRC REQP-1839] RAMB36 async control check: The RAMB36E1 ethernet_one_gbe_skarab_axi_tx_one_gbe/gmii_to_xaui_translator_0/gmii_to_xaui_fifo_0/U0/inst_fifo_gen/gconvfifo.rf/grf.rf/gntv_or_sync_fifo.mem/gbm.gbmg.gbmga.ngecc.bmg/inst_blk_mem_gen/gnbram.gnativebmg.native_blk_mem_gen/valid.cstr/ramloop[2].ram.r/prim_noinit.ram/DEVICE_7SERIES.NO_BMM_INFO.SDP.SIMPLE_PRIM36.ram has an input control pin ethernet_one_gbe_skarab_axi_tx_one_gbe/gmii_to_xaui_translator_0/gmii_to_xaui_fifo_0/U0/inst_fifo_gen/gconvfifo.rf/grf.rf/gntv_or_sync_fifo.mem/gbm.gbmg.gbmga.ngecc.bmg/inst_blk_mem_gen/gnbram.gnativebmg.native_blk_mem_gen/valid.cstr/ramloop[2].ram.r/prim_noinit.ram/DEVICE_7SERIES.NO_BMM_INFO.SDP.SIMPLE_PRIM36.ram/ENBWREN (net: ethernet_one_gbe_skarab_axi_tx_one_gbe/gmii_to_xaui_translator_0/gmii_to_xaui_fifo_0/U0/inst_fifo_gen/gconvfifo.rf/grf.rf/gntv_or_sync_fifo.mem/gbm.gbmg.gbmga.ngecc.bmg/inst_blk_mem_gen/gnbram.gnativebmg.native_blk_mem_gen/valid.cstr/ramloop[2].ram.r/prim_noinit.ram/DEVICE_7SERIES.NO_BMM_INFO.SDP.SIMPLE_PRIM36.ram_ENBWREN_cooolgate_en_sig_116) which is driven by a register (skarab_infr/sync_sys_fpga_rst_reg) that has an active asychronous set or reset. This may cause corruption of the memory contents and/or read values when the set/reset is asserted and is not analyzed by the default static timing analysis. It is suggested to eliminate the use of a set/reset to registers driving this RAMB pin or else use a synchronous reset in which the assertion of the reset is timed by default.
WARNING: [DRC REQP-1839] RAMB36 async control check: The RAMB36E1 ethernet_one_gbe_skarab_axi_tx_one_gbe/gmii_to_xaui_translator_0/gmii_to_xaui_fifo_0/U0/inst_fifo_gen/gconvfifo.rf/grf.rf/gntv_or_sync_fifo.mem/gbm.gbmg.gbmga.ngecc.bmg/inst_blk_mem_gen/gnbram.gnativebmg.native_blk_mem_gen/valid.cstr/ramloop[2].ram.r/prim_noinit.ram/DEVICE_7SERIES.NO_BMM_INFO.SDP.SIMPLE_PRIM36.ram has an input control pin ethernet_one_gbe_skarab_axi_tx_one_gbe/gmii_to_xaui_translator_0/gmii_to_xaui_fifo_0/U0/inst_fifo_gen/gconvfifo.rf/grf.rf/gntv_or_sync_fifo.mem/gbm.gbmg.gbmga.ngecc.bmg/inst_blk_mem_gen/gnbram.gnativebmg.native_blk_mem_gen/valid.cstr/ramloop[2].ram.r/prim_noinit.ram/DEVICE_7SERIES.NO_BMM_INFO.SDP.SIMPLE_PRIM36.ram/ENBWREN (net: ethernet_one_gbe_skarab_axi_tx_one_gbe/gmii_to_xaui_translator_0/gmii_to_xaui_fifo_0/U0/inst_fifo_gen/gconvfifo.rf/grf.rf/gntv_or_sync_fifo.mem/gbm.gbmg.gbmga.ngecc.bmg/inst_blk_mem_gen/gnbram.gnativebmg.native_blk_mem_gen/valid.cstr/ramloop[2].ram.r/prim_noinit.ram/DEVICE_7SERIES.NO_BMM_INFO.SDP.SIMPLE_PRIM36.ram_ENBWREN_cooolgate_en_sig_116) which is driven by a register (skarab_infr/sys_fpga_rst_reg) that has an active asychronous set or reset. This may cause corruption of the memory contents and/or read values when the set/reset is asserted and is not analyzed by the default static timing analysis. It is suggested to eliminate the use of a set/reset to registers driving this RAMB pin or else use a synchronous reset in which the assertion of the reset is timed by default.
WARNING: [DRC REQP-1839] RAMB36 async control check: The RAMB36E1 ethernet_one_gbe_skarab_axi_tx_one_gbe/gmii_to_xaui_translator_0/gmii_to_xaui_fifo_0/U0/inst_fifo_gen/gconvfifo.rf/grf.rf/gntv_or_sync_fifo.mem/gbm.gbmg.gbmga.ngecc.bmg/inst_blk_mem_gen/gnbram.gnativebmg.native_blk_mem_gen/valid.cstr/ramloop[2].ram.r/prim_noinit.ram/DEVICE_7SERIES.NO_BMM_INFO.SDP.SIMPLE_PRIM36.ram has an input control pin ethernet_one_gbe_skarab_axi_tx_one_gbe/gmii_to_xaui_translator_0/gmii_to_xaui_fifo_0/U0/inst_fifo_gen/gconvfifo.rf/grf.rf/gntv_or_sync_fifo.mem/gbm.gbmg.gbmga.ngecc.bmg/inst_blk_mem_gen/gnbram.gnativebmg.native_blk_mem_gen/valid.cstr/ramloop[2].ram.r/prim_noinit.ram/DEVICE_7SERIES.NO_BMM_INFO.SDP.SIMPLE_PRIM36.ram/RSTRAMB (net: ethernet_one_gbe_skarab_axi_tx_one_gbe/gmii_to_xaui_translator_0/gmii_to_xaui_fifo_0/U0/inst_fifo_gen/gconvfifo.rf/grf.rf/gntv_or_sync_fifo.mem/gbm.gbmg.gbmga.ngecc.bmg/inst_blk_mem_gen/gnbram.gnativebmg.native_blk_mem_gen/valid.cstr/ramloop[2].ram.r/prim_noinit.ram/rd_rst) which is driven by a register (skarab_infr/sys_fpga_rst_reg) that has an active asychronous set or reset. This may cause corruption of the memory contents and/or read values when the set/reset is asserted and is not analyzed by the default static timing analysis. It is suggested to eliminate the use of a set/reset to registers driving this RAMB pin or else use a synchronous reset in which the assertion of the reset is timed by default.
WARNING: [DRC REQP-1839] RAMB36 async control check: The RAMB36E1 ethernet_one_gbe_skarab_axi_tx_one_gbe/gmii_to_xaui_translator_0/gmii_to_xaui_fifo_0/U0/inst_fifo_gen/gconvfifo.rf/grf.rf/gntv_or_sync_fifo.mem/gbm.gbmg.gbmga.ngecc.bmg/inst_blk_mem_gen/gnbram.gnativebmg.native_blk_mem_gen/valid.cstr/ramloop[2].ram.r/prim_noinit.ram/DEVICE_7SERIES.NO_BMM_INFO.SDP.SIMPLE_PRIM36.ram has an input control pin ethernet_one_gbe_skarab_axi_tx_one_gbe/gmii_to_xaui_translator_0/gmii_to_xaui_fifo_0/U0/inst_fifo_gen/gconvfifo.rf/grf.rf/gntv_or_sync_fifo.mem/gbm.gbmg.gbmga.ngecc.bmg/inst_blk_mem_gen/gnbram.gnativebmg.native_blk_mem_gen/valid.cstr/ramloop[2].ram.r/prim_noinit.ram/DEVICE_7SERIES.NO_BMM_INFO.SDP.SIMPLE_PRIM36.ram/WEA[0] (net: ethernet_one_gbe_skarab_axi_tx_one_gbe/gmii_to_xaui_translator_0/gmii_to_xaui_fifo_0/U0/inst_fifo_gen/gconvfifo.rf/grf.rf/gntv_or_sync_fifo.mem/gbm.gbmg.gbmga.ngecc.bmg/inst_blk_mem_gen/gnbram.gnativebmg.native_blk_mem_gen/valid.cstr/ramloop[2].ram.r/prim_noinit.ram/DEVICE_7SERIES.NO_BMM_INFO.SDP.SIMPLE_PRIM36.ram_0) which is driven by a register (ethernet_one_gbe_skarab_axi_tx_one_gbe/gmii_to_xaui_translator_0/gmii_to_xaui_fifo_wr_en_reg) that has an active asychronous set or reset. This may cause corruption of the memory contents and/or read values when the set/reset is asserted and is not analyzed by the default static timing analysis. It is suggested to eliminate the use of a set/reset to registers driving this RAMB pin or else use a synchronous reset in which the assertion of the reset is timed by default.
WARNING: [DRC REQP-1839] RAMB36 async control check: The RAMB36E1 ethernet_one_gbe_skarab_axi_tx_one_gbe/gmii_to_xaui_translator_0/gmii_to_xaui_fifo_0/U0/inst_fifo_gen/gconvfifo.rf/grf.rf/gntv_or_sync_fifo.mem/gbm.gbmg.gbmga.ngecc.bmg/inst_blk_mem_gen/gnbram.gnativebmg.native_blk_mem_gen/valid.cstr/ramloop[3].ram.r/prim_noinit.ram/DEVICE_7SERIES.NO_BMM_INFO.SDP.SIMPLE_PRIM36.ram has an input control pin ethernet_one_gbe_skarab_axi_tx_one_gbe/gmii_to_xaui_translator_0/gmii_to_xaui_fifo_0/U0/inst_fifo_gen/gconvfifo.rf/grf.rf/gntv_or_sync_fifo.mem/gbm.gbmg.gbmga.ngecc.bmg/inst_blk_mem_gen/gnbram.gnativebmg.native_blk_mem_gen/valid.cstr/ramloop[3].ram.r/prim_noinit.ram/DEVICE_7SERIES.NO_BMM_INFO.SDP.SIMPLE_PRIM36.ram/ENARDEN (net: ethernet_one_gbe_skarab_axi_tx_one_gbe/gmii_to_xaui_translator_0/gmii_to_xaui_fifo_0/U0/inst_fifo_gen/gconvfifo.rf/grf.rf/gntv_or_sync_fifo.mem/gbm.gbmg.gbmga.ngecc.bmg/inst_blk_mem_gen/gnbram.gnativebmg.native_blk_mem_gen/valid.cstr/ramloop[3].ram.r/prim_noinit.ram/DEVICE_7SERIES.NO_BMM_INFO.SDP.SIMPLE_PRIM36.ram_0) which is driven by a register (ethernet_one_gbe_skarab_axi_tx_one_gbe/gmii_to_xaui_translator_0/gmii_to_xaui_fifo_wr_en_reg) that has an active asychronous set or reset. This may cause corruption of the memory contents and/or read values when the set/reset is asserted and is not analyzed by the default static timing analysis. It is suggested to eliminate the use of a set/reset to registers driving this RAMB pin or else use a synchronous reset in which the assertion of the reset is timed by default.
WARNING: [DRC REQP-1839] RAMB36 async control check: The RAMB36E1 ethernet_one_gbe_skarab_axi_tx_one_gbe/gmii_to_xaui_translator_0/gmii_to_xaui_fifo_0/U0/inst_fifo_gen/gconvfifo.rf/grf.rf/gntv_or_sync_fifo.mem/gbm.gbmg.gbmga.ngecc.bmg/inst_blk_mem_gen/gnbram.gnativebmg.native_blk_mem_gen/valid.cstr/ramloop[3].ram.r/prim_noinit.ram/DEVICE_7SERIES.NO_BMM_INFO.SDP.SIMPLE_PRIM36.ram has an input control pin ethernet_one_gbe_skarab_axi_tx_one_gbe/gmii_to_xaui_translator_0/gmii_to_xaui_fifo_0/U0/inst_fifo_gen/gconvfifo.rf/grf.rf/gntv_or_sync_fifo.mem/gbm.gbmg.gbmga.ngecc.bmg/inst_blk_mem_gen/gnbram.gnativebmg.native_blk_mem_gen/valid.cstr/ramloop[3].ram.r/prim_noinit.ram/DEVICE_7SERIES.NO_BMM_INFO.SDP.SIMPLE_PRIM36.ram/ENBWREN (net: ethernet_one_gbe_skarab_axi_tx_one_gbe/gmii_to_xaui_translator_0/gmii_to_xaui_fifo_0/U0/inst_fifo_gen/gconvfifo.rf/grf.rf/gntv_or_sync_fifo.mem/gbm.gbmg.gbmga.ngecc.bmg/inst_blk_mem_gen/gnbram.gnativebmg.native_blk_mem_gen/valid.cstr/ramloop[3].ram.r/prim_noinit.ram/DEVICE_7SERIES.NO_BMM_INFO.SDP.SIMPLE_PRIM36.ram_ENBWREN_cooolgate_en_sig_117) which is driven by a register (ethernet_one_gbe_skarab_axi_tx_one_gbe/gmii_to_xaui_translator_0/FSM_onehot_current_gen_state_reg[2]) that has an active asychronous set or reset. This may cause corruption of the memory contents and/or read values when the set/reset is asserted and is not analyzed by the default static timing analysis. It is suggested to eliminate the use of a set/reset to registers driving this RAMB pin or else use a synchronous reset in which the assertion of the reset is timed by default.
WARNING: [DRC REQP-1840] RAMB18 async control check: The RAMB18E1 ethernet_one_gbe_skarab_axi_tx_one_gbe/kat_ten_gb_eth_0/tge_tx_inst/arp_cache_inst/U0/inst_blk_mem_gen/gnbram.gnativebmg.native_blk_mem_gen/valid.cstr/ramloop[0].ram.r/prim_init.ram/DEVICE_7SERIES.NO_BMM_INFO.TRUE_DP.SIMPLE_PRIM18.ram has an input control pin ethernet_one_gbe_skarab_axi_tx_one_gbe/kat_ten_gb_eth_0/tge_tx_inst/arp_cache_inst/U0/inst_blk_mem_gen/gnbram.gnativebmg.native_blk_mem_gen/valid.cstr/ramloop[0].ram.r/prim_init.ram/DEVICE_7SERIES.NO_BMM_INFO.TRUE_DP.SIMPLE_PRIM18.ram/ADDRBWRADDR[11] (net: ethernet_one_gbe_skarab_axi_tx_one_gbe/kat_ten_gb_eth_0/tge_tx_inst/arp_cache_inst/U0/inst_blk_mem_gen/gnbram.gnativebmg.native_blk_mem_gen/valid.cstr/ramloop[0].ram.r/prim_init.ram/addrb[7]) which is driven by a register (ethernet_one_gbe_skarab_axi_tx_one_gbe/kat_ten_gb_eth_0/tge_tx_inst/large_packet_gen.tx_ctrl_fifo_ext/U0/inst_fifo_gen/gconvfifo.rf/grf.rf/gntv_or_sync_fifo.mem/goreg_dm.dout_i_reg[0]) that has an active asychronous set or reset. This may cause corruption of the memory contents and/or read values when the set/reset is asserted and is not analyzed by the default static timing analysis. It is suggested to eliminate the use of a set/reset to registers driving this RAMB pin or else use a synchronous reset in which the assertion of the reset is timed by default.
WARNING: [DRC REQP-1840] RAMB18 async control check: The RAMB18E1 ethernet_one_gbe_skarab_axi_tx_one_gbe/kat_ten_gb_eth_0/tge_tx_inst/arp_cache_inst/U0/inst_blk_mem_gen/gnbram.gnativebmg.native_blk_mem_gen/valid.cstr/ramloop[0].ram.r/prim_init.ram/DEVICE_7SERIES.NO_BMM_INFO.TRUE_DP.SIMPLE_PRIM18.ram has an input control pin ethernet_one_gbe_skarab_axi_tx_one_gbe/kat_ten_gb_eth_0/tge_tx_inst/arp_cache_inst/U0/inst_blk_mem_gen/gnbram.gnativebmg.native_blk_mem_gen/valid.cstr/ramloop[0].ram.r/prim_init.ram/DEVICE_7SERIES.NO_BMM_INFO.TRUE_DP.SIMPLE_PRIM18.ram/ADDRBWRADDR[11] (net: ethernet_one_gbe_skarab_axi_tx_one_gbe/kat_ten_gb_eth_0/tge_tx_inst/arp_cache_inst/U0/inst_blk_mem_gen/gnbram.gnativebmg.native_blk_mem_gen/valid.cstr/ramloop[0].ram.r/prim_init.ram/addrb[7]) which is driven by a register (ethernet_one_gbe_skarab_axi_tx_one_gbe/kat_ten_gb_eth_0/tge_tx_inst/large_packet_gen.tx_ctrl_fifo_ext/U0/inst_fifo_gen/gconvfifo.rf/grf.rf/gntv_or_sync_fifo.mem/goreg_dm.dout_i_reg[10]) that has an active asychronous set or reset. This may cause corruption of the memory contents and/or read values when the set/reset is asserted and is not analyzed by the default static timing analysis. It is suggested to eliminate the use of a set/reset to registers driving this RAMB pin or else use a synchronous reset in which the assertion of the reset is timed by default.
WARNING: [DRC REQP-1840] RAMB18 async control check: The RAMB18E1 ethernet_one_gbe_skarab_axi_tx_one_gbe/kat_ten_gb_eth_0/tge_tx_inst/arp_cache_inst/U0/inst_blk_mem_gen/gnbram.gnativebmg.native_blk_mem_gen/valid.cstr/ramloop[0].ram.r/prim_init.ram/DEVICE_7SERIES.NO_BMM_INFO.TRUE_DP.SIMPLE_PRIM18.ram has an input control pin ethernet_one_gbe_skarab_axi_tx_one_gbe/kat_ten_gb_eth_0/tge_tx_inst/arp_cache_inst/U0/inst_blk_mem_gen/gnbram.gnativebmg.native_blk_mem_gen/valid.cstr/ramloop[0].ram.r/prim_init.ram/DEVICE_7SERIES.NO_BMM_INFO.TRUE_DP.SIMPLE_PRIM18.ram/ADDRBWRADDR[11] (net: ethernet_one_gbe_skarab_axi_tx_one_gbe/kat_ten_gb_eth_0/tge_tx_inst/arp_cache_inst/U0/inst_blk_mem_gen/gnbram.gnativebmg.native_blk_mem_gen/valid.cstr/ramloop[0].ram.r/prim_init.ram/addrb[7]) which is driven by a register (ethernet_one_gbe_skarab_axi_tx_one_gbe/kat_ten_gb_eth_0/tge_tx_inst/large_packet_gen.tx_ctrl_fifo_ext/U0/inst_fifo_gen/gconvfifo.rf/grf.rf/gntv_or_sync_fifo.mem/goreg_dm.dout_i_reg[11]) that has an active asychronous set or reset. This may cause corruption of the memory contents and/or read values when the set/reset is asserted and is not analyzed by the default static timing analysis. It is suggested to eliminate the use of a set/reset to registers driving this RAMB pin or else use a synchronous reset in which the assertion of the reset is timed by default.
WARNING: [DRC REQP-1840] RAMB18 async control check: The RAMB18E1 ethernet_one_gbe_skarab_axi_tx_one_gbe/kat_ten_gb_eth_0/tge_tx_inst/arp_cache_inst/U0/inst_blk_mem_gen/gnbram.gnativebmg.native_blk_mem_gen/valid.cstr/ramloop[0].ram.r/prim_init.ram/DEVICE_7SERIES.NO_BMM_INFO.TRUE_DP.SIMPLE_PRIM18.ram has an input control pin ethernet_one_gbe_skarab_axi_tx_one_gbe/kat_ten_gb_eth_0/tge_tx_inst/arp_cache_inst/U0/inst_blk_mem_gen/gnbram.gnativebmg.native_blk_mem_gen/valid.cstr/ramloop[0].ram.r/prim_init.ram/DEVICE_7SERIES.NO_BMM_INFO.TRUE_DP.SIMPLE_PRIM18.ram/ADDRBWRADDR[11] (net: ethernet_one_gbe_skarab_axi_tx_one_gbe/kat_ten_gb_eth_0/tge_tx_inst/arp_cache_inst/U0/inst_blk_mem_gen/gnbram.gnativebmg.native_blk_mem_gen/valid.cstr/ramloop[0].ram.r/prim_init.ram/addrb[7]) which is driven by a register (ethernet_one_gbe_skarab_axi_tx_one_gbe/kat_ten_gb_eth_0/tge_tx_inst/large_packet_gen.tx_ctrl_fifo_ext/U0/inst_fifo_gen/gconvfifo.rf/grf.rf/gntv_or_sync_fifo.mem/goreg_dm.dout_i_reg[12]) that has an active asychronous set or reset. This may cause corruption of the memory contents and/or read values when the set/reset is asserted and is not analyzed by the default static timing analysis. It is suggested to eliminate the use of a set/reset to registers driving this RAMB pin or else use a synchronous reset in which the assertion of the reset is timed by default.
WARNING: [DRC REQP-1840] RAMB18 async control check: The RAMB18E1 ethernet_one_gbe_skarab_axi_tx_one_gbe/kat_ten_gb_eth_0/tge_tx_inst/arp_cache_inst/U0/inst_blk_mem_gen/gnbram.gnativebmg.native_blk_mem_gen/valid.cstr/ramloop[0].ram.r/prim_init.ram/DEVICE_7SERIES.NO_BMM_INFO.TRUE_DP.SIMPLE_PRIM18.ram has an input control pin ethernet_one_gbe_skarab_axi_tx_one_gbe/kat_ten_gb_eth_0/tge_tx_inst/arp_cache_inst/U0/inst_blk_mem_gen/gnbram.gnativebmg.native_blk_mem_gen/valid.cstr/ramloop[0].ram.r/prim_init.ram/DEVICE_7SERIES.NO_BMM_INFO.TRUE_DP.SIMPLE_PRIM18.ram/ADDRBWRADDR[11] (net: ethernet_one_gbe_skarab_axi_tx_one_gbe/kat_ten_gb_eth_0/tge_tx_inst/arp_cache_inst/U0/inst_blk_mem_gen/gnbram.gnativebmg.native_blk_mem_gen/valid.cstr/ramloop[0].ram.r/prim_init.ram/addrb[7]) which is driven by a register (ethernet_one_gbe_skarab_axi_tx_one_gbe/kat_ten_gb_eth_0/tge_tx_inst/large_packet_gen.tx_ctrl_fifo_ext/U0/inst_fifo_gen/gconvfifo.rf/grf.rf/gntv_or_sync_fifo.mem/goreg_dm.dout_i_reg[13]) that has an active asychronous set or reset. This may cause corruption of the memory contents and/or read values when the set/reset is asserted and is not analyzed by the default static timing analysis. It is suggested to eliminate the use of a set/reset to registers driving this RAMB pin or else use a synchronous reset in which the assertion of the reset is timed by default.
WARNING: [DRC REQP-1840] RAMB18 async control check: The RAMB18E1 ethernet_one_gbe_skarab_axi_tx_one_gbe/kat_ten_gb_eth_0/tge_tx_inst/arp_cache_inst/U0/inst_blk_mem_gen/gnbram.gnativebmg.native_blk_mem_gen/valid.cstr/ramloop[0].ram.r/prim_init.ram/DEVICE_7SERIES.NO_BMM_INFO.TRUE_DP.SIMPLE_PRIM18.ram has an input control pin ethernet_one_gbe_skarab_axi_tx_one_gbe/kat_ten_gb_eth_0/tge_tx_inst/arp_cache_inst/U0/inst_blk_mem_gen/gnbram.gnativebmg.native_blk_mem_gen/valid.cstr/ramloop[0].ram.r/prim_init.ram/DEVICE_7SERIES.NO_BMM_INFO.TRUE_DP.SIMPLE_PRIM18.ram/ADDRBWRADDR[11] (net: ethernet_one_gbe_skarab_axi_tx_one_gbe/kat_ten_gb_eth_0/tge_tx_inst/arp_cache_inst/U0/inst_blk_mem_gen/gnbram.gnativebmg.native_blk_mem_gen/valid.cstr/ramloop[0].ram.r/prim_init.ram/addrb[7]) which is driven by a register (ethernet_one_gbe_skarab_axi_tx_one_gbe/kat_ten_gb_eth_0/tge_tx_inst/large_packet_gen.tx_ctrl_fifo_ext/U0/inst_fifo_gen/gconvfifo.rf/grf.rf/gntv_or_sync_fifo.mem/goreg_dm.dout_i_reg[14]) that has an active asychronous set or reset. This may cause corruption of the memory contents and/or read values when the set/reset is asserted and is not analyzed by the default static timing analysis. It is suggested to eliminate the use of a set/reset to registers driving this RAMB pin or else use a synchronous reset in which the assertion of the reset is timed by default.
WARNING: [DRC REQP-1840] RAMB18 async control check: The RAMB18E1 ethernet_one_gbe_skarab_axi_tx_one_gbe/kat_ten_gb_eth_0/tge_tx_inst/arp_cache_inst/U0/inst_blk_mem_gen/gnbram.gnativebmg.native_blk_mem_gen/valid.cstr/ramloop[0].ram.r/prim_init.ram/DEVICE_7SERIES.NO_BMM_INFO.TRUE_DP.SIMPLE_PRIM18.ram has an input control pin ethernet_one_gbe_skarab_axi_tx_one_gbe/kat_ten_gb_eth_0/tge_tx_inst/arp_cache_inst/U0/inst_blk_mem_gen/gnbram.gnativebmg.native_blk_mem_gen/valid.cstr/ramloop[0].ram.r/prim_init.ram/DEVICE_7SERIES.NO_BMM_INFO.TRUE_DP.SIMPLE_PRIM18.ram/ADDRBWRADDR[11] (net: ethernet_one_gbe_skarab_axi_tx_one_gbe/kat_ten_gb_eth_0/tge_tx_inst/arp_cache_inst/U0/inst_blk_mem_gen/gnbram.gnativebmg.native_blk_mem_gen/valid.cstr/ramloop[0].ram.r/prim_init.ram/addrb[7]) which is driven by a register (ethernet_one_gbe_skarab_axi_tx_one_gbe/kat_ten_gb_eth_0/tge_tx_inst/large_packet_gen.tx_ctrl_fifo_ext/U0/inst_fifo_gen/gconvfifo.rf/grf.rf/gntv_or_sync_fifo.mem/goreg_dm.dout_i_reg[15]) that has an active asychronous set or reset. This may cause corruption of the memory contents and/or read values when the set/reset is asserted and is not analyzed by the default static timing analysis. It is suggested to eliminate the use of a set/reset to registers driving this RAMB pin or else use a synchronous reset in which the assertion of the reset is timed by default.
WARNING: [DRC REQP-1840] RAMB18 async control check: The RAMB18E1 ethernet_one_gbe_skarab_axi_tx_one_gbe/kat_ten_gb_eth_0/tge_tx_inst/arp_cache_inst/U0/inst_blk_mem_gen/gnbram.gnativebmg.native_blk_mem_gen/valid.cstr/ramloop[0].ram.r/prim_init.ram/DEVICE_7SERIES.NO_BMM_INFO.TRUE_DP.SIMPLE_PRIM18.ram has an input control pin ethernet_one_gbe_skarab_axi_tx_one_gbe/kat_ten_gb_eth_0/tge_tx_inst/arp_cache_inst/U0/inst_blk_mem_gen/gnbram.gnativebmg.native_blk_mem_gen/valid.cstr/ramloop[0].ram.r/prim_init.ram/DEVICE_7SERIES.NO_BMM_INFO.TRUE_DP.SIMPLE_PRIM18.ram/ADDRBWRADDR[11] (net: ethernet_one_gbe_skarab_axi_tx_one_gbe/kat_ten_gb_eth_0/tge_tx_inst/arp_cache_inst/U0/inst_blk_mem_gen/gnbram.gnativebmg.native_blk_mem_gen/valid.cstr/ramloop[0].ram.r/prim_init.ram/addrb[7]) which is driven by a register (ethernet_one_gbe_skarab_axi_tx_one_gbe/kat_ten_gb_eth_0/tge_tx_inst/large_packet_gen.tx_ctrl_fifo_ext/U0/inst_fifo_gen/gconvfifo.rf/grf.rf/gntv_or_sync_fifo.mem/goreg_dm.dout_i_reg[16]) that has an active asychronous set or reset. This may cause corruption of the memory contents and/or read values when the set/reset is asserted and is not analyzed by the default static timing analysis. It is suggested to eliminate the use of a set/reset to registers driving this RAMB pin or else use a synchronous reset in which the assertion of the reset is timed by default.
WARNING: [DRC REQP-1840] RAMB18 async control check: The RAMB18E1 ethernet_one_gbe_skarab_axi_tx_one_gbe/kat_ten_gb_eth_0/tge_tx_inst/arp_cache_inst/U0/inst_blk_mem_gen/gnbram.gnativebmg.native_blk_mem_gen/valid.cstr/ramloop[0].ram.r/prim_init.ram/DEVICE_7SERIES.NO_BMM_INFO.TRUE_DP.SIMPLE_PRIM18.ram has an input control pin ethernet_one_gbe_skarab_axi_tx_one_gbe/kat_ten_gb_eth_0/tge_tx_inst/arp_cache_inst/U0/inst_blk_mem_gen/gnbram.gnativebmg.native_blk_mem_gen/valid.cstr/ramloop[0].ram.r/prim_init.ram/DEVICE_7SERIES.NO_BMM_INFO.TRUE_DP.SIMPLE_PRIM18.ram/ADDRBWRADDR[11] (net: ethernet_one_gbe_skarab_axi_tx_one_gbe/kat_ten_gb_eth_0/tge_tx_inst/arp_cache_inst/U0/inst_blk_mem_gen/gnbram.gnativebmg.native_blk_mem_gen/valid.cstr/ramloop[0].ram.r/prim_init.ram/addrb[7]) which is driven by a register (ethernet_one_gbe_skarab_axi_tx_one_gbe/kat_ten_gb_eth_0/tge_tx_inst/large_packet_gen.tx_ctrl_fifo_ext/U0/inst_fifo_gen/gconvfifo.rf/grf.rf/gntv_or_sync_fifo.mem/goreg_dm.dout_i_reg[17]) that has an active asychronous set or reset. This may cause corruption of the memory contents and/or read values when the set/reset is asserted and is not analyzed by the default static timing analysis. It is suggested to eliminate the use of a set/reset to registers driving this RAMB pin or else use a synchronous reset in which the assertion of the reset is timed by default.
WARNING: [DRC REQP-1840] RAMB18 async control check: The RAMB18E1 ethernet_one_gbe_skarab_axi_tx_one_gbe/kat_ten_gb_eth_0/tge_tx_inst/arp_cache_inst/U0/inst_blk_mem_gen/gnbram.gnativebmg.native_blk_mem_gen/valid.cstr/ramloop[0].ram.r/prim_init.ram/DEVICE_7SERIES.NO_BMM_INFO.TRUE_DP.SIMPLE_PRIM18.ram has an input control pin ethernet_one_gbe_skarab_axi_tx_one_gbe/kat_ten_gb_eth_0/tge_tx_inst/arp_cache_inst/U0/inst_blk_mem_gen/gnbram.gnativebmg.native_blk_mem_gen/valid.cstr/ramloop[0].ram.r/prim_init.ram/DEVICE_7SERIES.NO_BMM_INFO.TRUE_DP.SIMPLE_PRIM18.ram/ADDRBWRADDR[11] (net: ethernet_one_gbe_skarab_axi_tx_one_gbe/kat_ten_gb_eth_0/tge_tx_inst/arp_cache_inst/U0/inst_blk_mem_gen/gnbram.gnativebmg.native_blk_mem_gen/valid.cstr/ramloop[0].ram.r/prim_init.ram/addrb[7]) which is driven by a register (ethernet_one_gbe_skarab_axi_tx_one_gbe/kat_ten_gb_eth_0/tge_tx_inst/large_packet_gen.tx_ctrl_fifo_ext/U0/inst_fifo_gen/gconvfifo.rf/grf.rf/gntv_or_sync_fifo.mem/goreg_dm.dout_i_reg[18]) that has an active asychronous set or reset. This may cause corruption of the memory contents and/or read values when the set/reset is asserted and is not analyzed by the default static timing analysis. It is suggested to eliminate the use of a set/reset to registers driving this RAMB pin or else use a synchronous reset in which the assertion of the reset is timed by default.
WARNING: [DRC REQP-1840] RAMB18 async control check: The RAMB18E1 ethernet_one_gbe_skarab_axi_tx_one_gbe/kat_ten_gb_eth_0/tge_tx_inst/arp_cache_inst/U0/inst_blk_mem_gen/gnbram.gnativebmg.native_blk_mem_gen/valid.cstr/ramloop[0].ram.r/prim_init.ram/DEVICE_7SERIES.NO_BMM_INFO.TRUE_DP.SIMPLE_PRIM18.ram has an input control pin ethernet_one_gbe_skarab_axi_tx_one_gbe/kat_ten_gb_eth_0/tge_tx_inst/arp_cache_inst/U0/inst_blk_mem_gen/gnbram.gnativebmg.native_blk_mem_gen/valid.cstr/ramloop[0].ram.r/prim_init.ram/DEVICE_7SERIES.NO_BMM_INFO.TRUE_DP.SIMPLE_PRIM18.ram/ADDRBWRADDR[11] (net: ethernet_one_gbe_skarab_axi_tx_one_gbe/kat_ten_gb_eth_0/tge_tx_inst/arp_cache_inst/U0/inst_blk_mem_gen/gnbram.gnativebmg.native_blk_mem_gen/valid.cstr/ramloop[0].ram.r/prim_init.ram/addrb[7]) which is driven by a register (ethernet_one_gbe_skarab_axi_tx_one_gbe/kat_ten_gb_eth_0/tge_tx_inst/large_packet_gen.tx_ctrl_fifo_ext/U0/inst_fifo_gen/gconvfifo.rf/grf.rf/gntv_or_sync_fifo.mem/goreg_dm.dout_i_reg[19]) that has an active asychronous set or reset. This may cause corruption of the memory contents and/or read values when the set/reset is asserted and is not analyzed by the default static timing analysis. It is suggested to eliminate the use of a set/reset to registers driving this RAMB pin or else use a synchronous reset in which the assertion of the reset is timed by default.
WARNING: [DRC REQP-1840] RAMB18 async control check: The RAMB18E1 ethernet_one_gbe_skarab_axi_tx_one_gbe/kat_ten_gb_eth_0/tge_tx_inst/arp_cache_inst/U0/inst_blk_mem_gen/gnbram.gnativebmg.native_blk_mem_gen/valid.cstr/ramloop[0].ram.r/prim_init.ram/DEVICE_7SERIES.NO_BMM_INFO.TRUE_DP.SIMPLE_PRIM18.ram has an input control pin ethernet_one_gbe_skarab_axi_tx_one_gbe/kat_ten_gb_eth_0/tge_tx_inst/arp_cache_inst/U0/inst_blk_mem_gen/gnbram.gnativebmg.native_blk_mem_gen/valid.cstr/ramloop[0].ram.r/prim_init.ram/DEVICE_7SERIES.NO_BMM_INFO.TRUE_DP.SIMPLE_PRIM18.ram/ADDRBWRADDR[11] (net: ethernet_one_gbe_skarab_axi_tx_one_gbe/kat_ten_gb_eth_0/tge_tx_inst/arp_cache_inst/U0/inst_blk_mem_gen/gnbram.gnativebmg.native_blk_mem_gen/valid.cstr/ramloop[0].ram.r/prim_init.ram/addrb[7]) which is driven by a register (ethernet_one_gbe_skarab_axi_tx_one_gbe/kat_ten_gb_eth_0/tge_tx_inst/large_packet_gen.tx_ctrl_fifo_ext/U0/inst_fifo_gen/gconvfifo.rf/grf.rf/gntv_or_sync_fifo.mem/goreg_dm.dout_i_reg[1]) that has an active asychronous set or reset. This may cause corruption of the memory contents and/or read values when the set/reset is asserted and is not analyzed by the default static timing analysis. It is suggested to eliminate the use of a set/reset to registers driving this RAMB pin or else use a synchronous reset in which the assertion of the reset is timed by default.
WARNING: [DRC REQP-1840] RAMB18 async control check: The RAMB18E1 ethernet_one_gbe_skarab_axi_tx_one_gbe/kat_ten_gb_eth_0/tge_tx_inst/arp_cache_inst/U0/inst_blk_mem_gen/gnbram.gnativebmg.native_blk_mem_gen/valid.cstr/ramloop[0].ram.r/prim_init.ram/DEVICE_7SERIES.NO_BMM_INFO.TRUE_DP.SIMPLE_PRIM18.ram has an input control pin ethernet_one_gbe_skarab_axi_tx_one_gbe/kat_ten_gb_eth_0/tge_tx_inst/arp_cache_inst/U0/inst_blk_mem_gen/gnbram.gnativebmg.native_blk_mem_gen/valid.cstr/ramloop[0].ram.r/prim_init.ram/DEVICE_7SERIES.NO_BMM_INFO.TRUE_DP.SIMPLE_PRIM18.ram/ADDRBWRADDR[11] (net: ethernet_one_gbe_skarab_axi_tx_one_gbe/kat_ten_gb_eth_0/tge_tx_inst/arp_cache_inst/U0/inst_blk_mem_gen/gnbram.gnativebmg.native_blk_mem_gen/valid.cstr/ramloop[0].ram.r/prim_init.ram/addrb[7]) which is driven by a register (ethernet_one_gbe_skarab_axi_tx_one_gbe/kat_ten_gb_eth_0/tge_tx_inst/large_packet_gen.tx_ctrl_fifo_ext/U0/inst_fifo_gen/gconvfifo.rf/grf.rf/gntv_or_sync_fifo.mem/goreg_dm.dout_i_reg[20]) that has an active asychronous set or reset. This may cause corruption of the memory contents and/or read values when the set/reset is asserted and is not analyzed by the default static timing analysis. It is suggested to eliminate the use of a set/reset to registers driving this RAMB pin or else use a synchronous reset in which the assertion of the reset is timed by default.
WARNING: [DRC REQP-1840] RAMB18 async control check: The RAMB18E1 ethernet_one_gbe_skarab_axi_tx_one_gbe/kat_ten_gb_eth_0/tge_tx_inst/arp_cache_inst/U0/inst_blk_mem_gen/gnbram.gnativebmg.native_blk_mem_gen/valid.cstr/ramloop[0].ram.r/prim_init.ram/DEVICE_7SERIES.NO_BMM_INFO.TRUE_DP.SIMPLE_PRIM18.ram has an input control pin ethernet_one_gbe_skarab_axi_tx_one_gbe/kat_ten_gb_eth_0/tge_tx_inst/arp_cache_inst/U0/inst_blk_mem_gen/gnbram.gnativebmg.native_blk_mem_gen/valid.cstr/ramloop[0].ram.r/prim_init.ram/DEVICE_7SERIES.NO_BMM_INFO.TRUE_DP.SIMPLE_PRIM18.ram/ADDRBWRADDR[11] (net: ethernet_one_gbe_skarab_axi_tx_one_gbe/kat_ten_gb_eth_0/tge_tx_inst/arp_cache_inst/U0/inst_blk_mem_gen/gnbram.gnativebmg.native_blk_mem_gen/valid.cstr/ramloop[0].ram.r/prim_init.ram/addrb[7]) which is driven by a register (ethernet_one_gbe_skarab_axi_tx_one_gbe/kat_ten_gb_eth_0/tge_tx_inst/large_packet_gen.tx_ctrl_fifo_ext/U0/inst_fifo_gen/gconvfifo.rf/grf.rf/gntv_or_sync_fifo.mem/goreg_dm.dout_i_reg[21]) that has an active asychronous set or reset. This may cause corruption of the memory contents and/or read values when the set/reset is asserted and is not analyzed by the default static timing analysis. It is suggested to eliminate the use of a set/reset to registers driving this RAMB pin or else use a synchronous reset in which the assertion of the reset is timed by default.
WARNING: [DRC REQP-1840] RAMB18 async control check: The RAMB18E1 ethernet_one_gbe_skarab_axi_tx_one_gbe/kat_ten_gb_eth_0/tge_tx_inst/arp_cache_inst/U0/inst_blk_mem_gen/gnbram.gnativebmg.native_blk_mem_gen/valid.cstr/ramloop[0].ram.r/prim_init.ram/DEVICE_7SERIES.NO_BMM_INFO.TRUE_DP.SIMPLE_PRIM18.ram has an input control pin ethernet_one_gbe_skarab_axi_tx_one_gbe/kat_ten_gb_eth_0/tge_tx_inst/arp_cache_inst/U0/inst_blk_mem_gen/gnbram.gnativebmg.native_blk_mem_gen/valid.cstr/ramloop[0].ram.r/prim_init.ram/DEVICE_7SERIES.NO_BMM_INFO.TRUE_DP.SIMPLE_PRIM18.ram/ADDRBWRADDR[11] (net: ethernet_one_gbe_skarab_axi_tx_one_gbe/kat_ten_gb_eth_0/tge_tx_inst/arp_cache_inst/U0/inst_blk_mem_gen/gnbram.gnativebmg.native_blk_mem_gen/valid.cstr/ramloop[0].ram.r/prim_init.ram/addrb[7]) which is driven by a register (ethernet_one_gbe_skarab_axi_tx_one_gbe/kat_ten_gb_eth_0/tge_tx_inst/large_packet_gen.tx_ctrl_fifo_ext/U0/inst_fifo_gen/gconvfifo.rf/grf.rf/gntv_or_sync_fifo.mem/goreg_dm.dout_i_reg[22]) that has an active asychronous set or reset. This may cause corruption of the memory contents and/or read values when the set/reset is asserted and is not analyzed by the default static timing analysis. It is suggested to eliminate the use of a set/reset to registers driving this RAMB pin or else use a synchronous reset in which the assertion of the reset is timed by default.
WARNING: [DRC REQP-1840] RAMB18 async control check: The RAMB18E1 ethernet_one_gbe_skarab_axi_tx_one_gbe/kat_ten_gb_eth_0/tge_tx_inst/arp_cache_inst/U0/inst_blk_mem_gen/gnbram.gnativebmg.native_blk_mem_gen/valid.cstr/ramloop[0].ram.r/prim_init.ram/DEVICE_7SERIES.NO_BMM_INFO.TRUE_DP.SIMPLE_PRIM18.ram has an input control pin ethernet_one_gbe_skarab_axi_tx_one_gbe/kat_ten_gb_eth_0/tge_tx_inst/arp_cache_inst/U0/inst_blk_mem_gen/gnbram.gnativebmg.native_blk_mem_gen/valid.cstr/ramloop[0].ram.r/prim_init.ram/DEVICE_7SERIES.NO_BMM_INFO.TRUE_DP.SIMPLE_PRIM18.ram/ADDRBWRADDR[11] (net: ethernet_one_gbe_skarab_axi_tx_one_gbe/kat_ten_gb_eth_0/tge_tx_inst/arp_cache_inst/U0/inst_blk_mem_gen/gnbram.gnativebmg.native_blk_mem_gen/valid.cstr/ramloop[0].ram.r/prim_init.ram/addrb[7]) which is driven by a register (ethernet_one_gbe_skarab_axi_tx_one_gbe/kat_ten_gb_eth_0/tge_tx_inst/large_packet_gen.tx_ctrl_fifo_ext/U0/inst_fifo_gen/gconvfifo.rf/grf.rf/gntv_or_sync_fifo.mem/goreg_dm.dout_i_reg[23]) that has an active asychronous set or reset. This may cause corruption of the memory contents and/or read values when the set/reset is asserted and is not analyzed by the default static timing analysis. It is suggested to eliminate the use of a set/reset to registers driving this RAMB pin or else use a synchronous reset in which the assertion of the reset is timed by default.
WARNING: [DRC REQP-1840] RAMB18 async control check: The RAMB18E1 ethernet_one_gbe_skarab_axi_tx_one_gbe/kat_ten_gb_eth_0/tge_tx_inst/arp_cache_inst/U0/inst_blk_mem_gen/gnbram.gnativebmg.native_blk_mem_gen/valid.cstr/ramloop[0].ram.r/prim_init.ram/DEVICE_7SERIES.NO_BMM_INFO.TRUE_DP.SIMPLE_PRIM18.ram has an input control pin ethernet_one_gbe_skarab_axi_tx_one_gbe/kat_ten_gb_eth_0/tge_tx_inst/arp_cache_inst/U0/inst_blk_mem_gen/gnbram.gnativebmg.native_blk_mem_gen/valid.cstr/ramloop[0].ram.r/prim_init.ram/DEVICE_7SERIES.NO_BMM_INFO.TRUE_DP.SIMPLE_PRIM18.ram/ADDRBWRADDR[11] (net: ethernet_one_gbe_skarab_axi_tx_one_gbe/kat_ten_gb_eth_0/tge_tx_inst/arp_cache_inst/U0/inst_blk_mem_gen/gnbram.gnativebmg.native_blk_mem_gen/valid.cstr/ramloop[0].ram.r/prim_init.ram/addrb[7]) which is driven by a register (ethernet_one_gbe_skarab_axi_tx_one_gbe/kat_ten_gb_eth_0/tge_tx_inst/large_packet_gen.tx_ctrl_fifo_ext/U0/inst_fifo_gen/gconvfifo.rf/grf.rf/gntv_or_sync_fifo.mem/goreg_dm.dout_i_reg[24]) that has an active asychronous set or reset. This may cause corruption of the memory contents and/or read values when the set/reset is asserted and is not analyzed by the default static timing analysis. It is suggested to eliminate the use of a set/reset to registers driving this RAMB pin or else use a synchronous reset in which the assertion of the reset is timed by default.
WARNING: [DRC REQP-1840] RAMB18 async control check: The RAMB18E1 ethernet_one_gbe_skarab_axi_tx_one_gbe/kat_ten_gb_eth_0/tge_tx_inst/arp_cache_inst/U0/inst_blk_mem_gen/gnbram.gnativebmg.native_blk_mem_gen/valid.cstr/ramloop[0].ram.r/prim_init.ram/DEVICE_7SERIES.NO_BMM_INFO.TRUE_DP.SIMPLE_PRIM18.ram has an input control pin ethernet_one_gbe_skarab_axi_tx_one_gbe/kat_ten_gb_eth_0/tge_tx_inst/arp_cache_inst/U0/inst_blk_mem_gen/gnbram.gnativebmg.native_blk_mem_gen/valid.cstr/ramloop[0].ram.r/prim_init.ram/DEVICE_7SERIES.NO_BMM_INFO.TRUE_DP.SIMPLE_PRIM18.ram/ADDRBWRADDR[11] (net: ethernet_one_gbe_skarab_axi_tx_one_gbe/kat_ten_gb_eth_0/tge_tx_inst/arp_cache_inst/U0/inst_blk_mem_gen/gnbram.gnativebmg.native_blk_mem_gen/valid.cstr/ramloop[0].ram.r/prim_init.ram/addrb[7]) which is driven by a register (ethernet_one_gbe_skarab_axi_tx_one_gbe/kat_ten_gb_eth_0/tge_tx_inst/large_packet_gen.tx_ctrl_fifo_ext/U0/inst_fifo_gen/gconvfifo.rf/grf.rf/gntv_or_sync_fifo.mem/goreg_dm.dout_i_reg[25]) that has an active asychronous set or reset. This may cause corruption of the memory contents and/or read values when the set/reset is asserted and is not analyzed by the default static timing analysis. It is suggested to eliminate the use of a set/reset to registers driving this RAMB pin or else use a synchronous reset in which the assertion of the reset is timed by default.
WARNING: [DRC REQP-1840] RAMB18 async control check: The RAMB18E1 ethernet_one_gbe_skarab_axi_tx_one_gbe/kat_ten_gb_eth_0/tge_tx_inst/arp_cache_inst/U0/inst_blk_mem_gen/gnbram.gnativebmg.native_blk_mem_gen/valid.cstr/ramloop[0].ram.r/prim_init.ram/DEVICE_7SERIES.NO_BMM_INFO.TRUE_DP.SIMPLE_PRIM18.ram has an input control pin ethernet_one_gbe_skarab_axi_tx_one_gbe/kat_ten_gb_eth_0/tge_tx_inst/arp_cache_inst/U0/inst_blk_mem_gen/gnbram.gnativebmg.native_blk_mem_gen/valid.cstr/ramloop[0].ram.r/prim_init.ram/DEVICE_7SERIES.NO_BMM_INFO.TRUE_DP.SIMPLE_PRIM18.ram/ADDRBWRADDR[11] (net: ethernet_one_gbe_skarab_axi_tx_one_gbe/kat_ten_gb_eth_0/tge_tx_inst/arp_cache_inst/U0/inst_blk_mem_gen/gnbram.gnativebmg.native_blk_mem_gen/valid.cstr/ramloop[0].ram.r/prim_init.ram/addrb[7]) which is driven by a register (ethernet_one_gbe_skarab_axi_tx_one_gbe/kat_ten_gb_eth_0/tge_tx_inst/large_packet_gen.tx_ctrl_fifo_ext/U0/inst_fifo_gen/gconvfifo.rf/grf.rf/gntv_or_sync_fifo.mem/goreg_dm.dout_i_reg[26]) that has an active asychronous set or reset. This may cause corruption of the memory contents and/or read values when the set/reset is asserted and is not analyzed by the default static timing analysis. It is suggested to eliminate the use of a set/reset to registers driving this RAMB pin or else use a synchronous reset in which the assertion of the reset is timed by default.
WARNING: [DRC REQP-1840] RAMB18 async control check: The RAMB18E1 ethernet_one_gbe_skarab_axi_tx_one_gbe/kat_ten_gb_eth_0/tge_tx_inst/arp_cache_inst/U0/inst_blk_mem_gen/gnbram.gnativebmg.native_blk_mem_gen/valid.cstr/ramloop[0].ram.r/prim_init.ram/DEVICE_7SERIES.NO_BMM_INFO.TRUE_DP.SIMPLE_PRIM18.ram has an input control pin ethernet_one_gbe_skarab_axi_tx_one_gbe/kat_ten_gb_eth_0/tge_tx_inst/arp_cache_inst/U0/inst_blk_mem_gen/gnbram.gnativebmg.native_blk_mem_gen/valid.cstr/ramloop[0].ram.r/prim_init.ram/DEVICE_7SERIES.NO_BMM_INFO.TRUE_DP.SIMPLE_PRIM18.ram/ADDRBWRADDR[11] (net: ethernet_one_gbe_skarab_axi_tx_one_gbe/kat_ten_gb_eth_0/tge_tx_inst/arp_cache_inst/U0/inst_blk_mem_gen/gnbram.gnativebmg.native_blk_mem_gen/valid.cstr/ramloop[0].ram.r/prim_init.ram/addrb[7]) which is driven by a register (ethernet_one_gbe_skarab_axi_tx_one_gbe/kat_ten_gb_eth_0/tge_tx_inst/large_packet_gen.tx_ctrl_fifo_ext/U0/inst_fifo_gen/gconvfifo.rf/grf.rf/gntv_or_sync_fifo.mem/goreg_dm.dout_i_reg[27]) that has an active asychronous set or reset. This may cause corruption of the memory contents and/or read values when the set/reset is asserted and is not analyzed by the default static timing analysis. It is suggested to eliminate the use of a set/reset to registers driving this RAMB pin or else use a synchronous reset in which the assertion of the reset is timed by default.
INFO: [Vivado_Tcl 4-198] DRC finished with 0 Errors, 42 Warnings
INFO: [Vivado_Tcl 4-199] Please refer to the DRC report (report_drc) for more information.

Starting Placer Task
INFO: [Place 30-611] Multithreading enabled for place_design using a maximum of 8 CPUs

Phase 1 Placer Initialization

Phase 1.1 Placer Initialization Netlist Sorting
Netlist sorting complete. Time (s): cpu = 00:00:00.01 ; elapsed = 00:00:00 . Memory (MB): peak = 4520.191 ; gain = 0.000 ; free physical = 15005 ; free virtual = 56359
Phase 1.1 Placer Initialization Netlist Sorting | Checksum: a0ad2da4

Time (s): cpu = 00:00:00.01 ; elapsed = 00:00:00.03 . Memory (MB): peak = 4520.191 ; gain = 0.000 ; free physical = 15005 ; free virtual = 56359
Netlist sorting complete. Time (s): cpu = 00:00:00 ; elapsed = 00:00:00.01 . Memory (MB): peak = 4520.191 ; gain = 0.000 ; free physical = 15005 ; free virtual = 56359

Phase 1.2 IO Placement/ Clock Placement/ Build Placer Device
INFO: [Constraints 18-483] create_clock: no pin(s)/port(s)/net(s) specified as objects, only virtual clock 'virtual_emcc_clock' will be created. If you don't want this, please specify pin(s)/ports(s)/net(s) as objects to the command. [/skarab/skarab-gbe-control/fpgs/ethernet_one_gbe_skarab_control/ethernet_one_gbe_skarab_axi/myproj/myproj.srcs/constrs_1/imports/ethernet_one_gbe_skarab_axi/user_const.xdc:341]
INFO: [Timing 38-35] Done setting XDC timing constraints.
Phase 1.2 IO Placement/ Clock Placement/ Build Placer Device | Checksum: fdb5b160

Time (s): cpu = 00:00:07 ; elapsed = 00:00:04 . Memory (MB): peak = 4520.191 ; gain = 0.000 ; free physical = 14860 ; free virtual = 56216

Phase 1.3 Build Placer Netlist Model
Phase 1.3 Build Placer Netlist Model | Checksum: 175a66051

Time (s): cpu = 00:00:19 ; elapsed = 00:00:11 . Memory (MB): peak = 4520.191 ; gain = 0.000 ; free physical = 14719 ; free virtual = 56073

Phase 1.4 Constrain Clocks/Macros
Phase 1.4 Constrain Clocks/Macros | Checksum: 175a66051

Time (s): cpu = 00:00:19 ; elapsed = 00:00:11 . Memory (MB): peak = 4520.191 ; gain = 0.000 ; free physical = 14719 ; free virtual = 56073
Phase 1 Placer Initialization | Checksum: 175a66051

Time (s): cpu = 00:00:19 ; elapsed = 00:00:11 . Memory (MB): peak = 4520.191 ; gain = 0.000 ; free physical = 14719 ; free virtual = 56073

Phase 2 Global Placement

Phase 2.1 Floorplanning
Phase 2.1 Floorplanning | Checksum: 19eebf892

Time (s): cpu = 00:00:23 ; elapsed = 00:00:13 . Memory (MB): peak = 4520.191 ; gain = 0.000 ; free physical = 14664 ; free virtual = 56018

Phase 2.2 Global Placement Core

Phase 2.2.1 Physical Synthesis In Placer
INFO: [Physopt 32-1022] Very high fanout net 'ethernet_one_gbe_skarab_axi_inst/ethernet_one_gbe_skarab_axi_struct/axi_fifo_1/xpm_fifo_axis_inst/xpm_fifo_base_inst/wrp_inst/Q[0]' has -through timing constraint on its net segments or hierarchy pins. To preserve -through timing constraint its fanout number considered in optimization is changed from 3844 to 773 and it is not considered a very high fanout net anymore. Please consider modifying/removing the '-through' timing constraint on the net segment or hierarchy pin.
INFO: [Physopt 32-1022] Very high fanout net 'ethernet_one_gbe_skarab_axi_inst/ethernet_one_gbe_skarab_axi_struct/axi_fifo_1/xpm_fifo_axis_inst/xpm_fifo_base_inst/wrp_inst/Q[1]' has -through timing constraint on its net segments or hierarchy pins. To preserve -through timing constraint its fanout number considered in optimization is changed from 3843 to 772 and it is not considered a very high fanout net anymore. Please consider modifying/removing the '-through' timing constraint on the net segment or hierarchy pin.
INFO: [Physopt 32-1022] Very high fanout net 'ethernet_one_gbe_skarab_axi_inst/ethernet_one_gbe_skarab_axi_struct/axi_fifo_1/xpm_fifo_axis_inst/xpm_fifo_base_inst/wrp_inst/Q[2]' has -through timing constraint on its net segments or hierarchy pins. To preserve -through timing constraint its fanout number considered in optimization is changed from 3843 to 772 and it is not considered a very high fanout net anymore. Please consider modifying/removing the '-through' timing constraint on the net segment or hierarchy pin.
INFO: [Physopt 32-1022] Very high fanout net 'ethernet_one_gbe_skarab_axi_inst/ethernet_one_gbe_skarab_axi_struct/axi_fifo_1/xpm_fifo_axis_inst/xpm_fifo_base_inst/wrp_inst/Q[3]' has -through timing constraint on its net segments or hierarchy pins. To preserve -through timing constraint its fanout number considered in optimization is changed from 3843 to 772 and it is not considered a very high fanout net anymore. Please consider modifying/removing the '-through' timing constraint on the net segment or hierarchy pin.
INFO: [Physopt 32-1022] Very high fanout net 'ethernet_one_gbe_skarab_axi_inst/ethernet_one_gbe_skarab_axi_struct/axi_fifo_1/xpm_fifo_axis_inst/xpm_fifo_base_inst/wrp_inst/Q[4]' has -through timing constraint on its net segments or hierarchy pins. To preserve -through timing constraint its fanout number considered in optimization is changed from 3843 to 772 and it is not considered a very high fanout net anymore. Please consider modifying/removing the '-through' timing constraint on the net segment or hierarchy pin.
INFO: [Physopt 32-1022] Very high fanout net 'ethernet_one_gbe_skarab_axi_inst/ethernet_one_gbe_skarab_axi_struct/axi_fifo_1/xpm_fifo_axis_inst/xpm_fifo_base_inst/wrp_inst/Q[5]' has -through timing constraint on its net segments or hierarchy pins. To preserve -through timing constraint its fanout number considered in optimization is changed from 3843 to 772 and it is not considered a very high fanout net anymore. Please consider modifying/removing the '-through' timing constraint on the net segment or hierarchy pin.
INFO: [Physopt 32-76] Pass 1. Identified 20 candidate nets for fanout optimization.
INFO: [Physopt 32-81] Processed net ethernet_one_gbe_skarab_axi_inst/ethernet_one_gbe_skarab_axi_struct/axi_fifo_2/xpm_fifo_axis_inst/xpm_fifo_base_inst/rdp_inst/Q[0]. Replicated 49 times.
INFO: [Physopt 32-81] Processed net ethernet_one_gbe_skarab_axi_inst/ethernet_one_gbe_skarab_axi_struct/axi_fifo_2/xpm_fifo_axis_inst/xpm_fifo_base_inst/rdp_inst/Q[1]. Replicated 49 times.
INFO: [Physopt 32-81] Processed net ethernet_one_gbe_skarab_axi_inst/ethernet_one_gbe_skarab_axi_struct/axi_fifo_2/xpm_fifo_axis_inst/xpm_fifo_base_inst/rdp_inst/Q[2]. Replicated 49 times.
INFO: [Physopt 32-81] Processed net ethernet_one_gbe_skarab_axi_inst/ethernet_one_gbe_skarab_axi_struct/axi_fifo_2/xpm_fifo_axis_inst/xpm_fifo_base_inst/rdp_inst/Q[3]. Replicated 49 times.
INFO: [Physopt 32-81] Processed net ethernet_one_gbe_skarab_axi_inst/ethernet_one_gbe_skarab_axi_struct/axi_fifo_2/xpm_fifo_axis_inst/xpm_fifo_base_inst/rdp_inst/Q[4]. Replicated 49 times.
INFO: [Physopt 32-81] Processed net ethernet_one_gbe_skarab_axi_inst/ethernet_one_gbe_skarab_axi_struct/axi_fifo_2/xpm_fifo_axis_inst/xpm_fifo_base_inst/rdp_inst/Q[5]. Replicated 49 times.
INFO: [Physopt 32-81] Processed net ethernet_one_gbe_skarab_axi_inst/ethernet_one_gbe_skarab_axi_struct/fir_compiler_7_2/ethernet_one_gbe_skarab_axi_fir_compiler_v7_2_i0_instance/U0/i_synth/g_single_rate.i_single_rate/m_axis_data_tdata[32]. Replicated 36 times.
INFO: [Physopt 32-81] Processed net ethernet_one_gbe_skarab_axi_inst/ethernet_one_gbe_skarab_axi_struct/axi_fifo_2/xpm_fifo_axis_inst/xpm_fifo_base_inst/wrp_inst/Q[0]. Replicated 15 times.
INFO: [Physopt 32-81] Processed net ethernet_one_gbe_skarab_axi_inst/ethernet_one_gbe_skarab_axi_struct/axi_fifo_2/xpm_fifo_axis_inst/xpm_fifo_base_inst/wrp_inst/Q[1]. Replicated 15 times.
INFO: [Physopt 32-81] Processed net ethernet_one_gbe_skarab_axi_inst/ethernet_one_gbe_skarab_axi_struct/axi_fifo_2/xpm_fifo_axis_inst/xpm_fifo_base_inst/wrp_inst/Q[2]. Replicated 15 times.
INFO: [Physopt 32-81] Processed net ethernet_one_gbe_skarab_axi_inst/ethernet_one_gbe_skarab_axi_struct/axi_fifo_2/xpm_fifo_axis_inst/xpm_fifo_base_inst/wrp_inst/Q[3]. Replicated 15 times.
INFO: [Physopt 32-81] Processed net ethernet_one_gbe_skarab_axi_inst/ethernet_one_gbe_skarab_axi_struct/axi_fifo_2/xpm_fifo_axis_inst/xpm_fifo_base_inst/wrp_inst/Q[4]. Replicated 15 times.
INFO: [Physopt 32-81] Processed net ethernet_one_gbe_skarab_axi_inst/ethernet_one_gbe_skarab_axi_struct/axi_fifo_2/xpm_fifo_axis_inst/xpm_fifo_base_inst/wrp_inst/Q[5]. Replicated 15 times.
INFO: [Physopt 32-81] Processed net ethernet_one_gbe_skarab_axi_inst/ethernet_one_gbe_skarab_axi_struct/axi_fifo_1/xpm_fifo_axis_inst/xpm_fifo_base_inst/rdp_inst/Q[0]. Replicated 11 times.
INFO: [Physopt 32-81] Processed net ethernet_one_gbe_skarab_axi_inst/ethernet_one_gbe_skarab_axi_struct/axi_fifo_1/xpm_fifo_axis_inst/xpm_fifo_base_inst/rdp_inst/Q[1]. Replicated 11 times.
INFO: [Physopt 32-81] Processed net ethernet_one_gbe_skarab_axi_inst/ethernet_one_gbe_skarab_axi_struct/axi_fifo_1/xpm_fifo_axis_inst/xpm_fifo_base_inst/rdp_inst/Q[2]. Replicated 11 times.
INFO: [Physopt 32-81] Processed net ethernet_one_gbe_skarab_axi_inst/ethernet_one_gbe_skarab_axi_struct/axi_fifo_1/xpm_fifo_axis_inst/xpm_fifo_base_inst/rdp_inst/Q[3]. Replicated 11 times.
INFO: [Physopt 32-81] Processed net ethernet_one_gbe_skarab_axi_inst/ethernet_one_gbe_skarab_axi_struct/axi_fifo_1/xpm_fifo_axis_inst/xpm_fifo_base_inst/rdp_inst/Q[4]. Replicated 11 times.
INFO: [Physopt 32-81] Processed net ethernet_one_gbe_skarab_axi_inst/ethernet_one_gbe_skarab_axi_struct/axi_fifo_1/xpm_fifo_axis_inst/xpm_fifo_base_inst/rdp_inst/Q[5]. Replicated 11 times.
INFO: [Physopt 32-81] Processed net ethernet_one_gbe_skarab_axi_inst/ethernet_one_gbe_skarab_axi_struct/fir_compiler_7_2/ethernet_one_gbe_skarab_axi_fir_compiler_v7_2_i0_instance/U0/i_synth/g_single_rate.i_single_rate/g_parallel.i_cntrl_src/p_769_in. Replicated 12 times.
INFO: [Physopt 32-232] Optimized 20 nets. Created 498 new instances.
INFO: [Physopt 32-775] End 1 Pass. Optimized 20 nets or cells. Created 498 new cells, deleted 0 existing cell and moved 0 existing cell
Netlist sorting complete. Time (s): cpu = 00:00:00.08 ; elapsed = 00:00:00.08 . Memory (MB): peak = 4520.191 ; gain = 0.000 ; free physical = 14540 ; free virtual = 55897
INFO: [Physopt 32-456] No candidate cells for DSP register optimization found in the design.
INFO: [Physopt 32-775] End 2 Pass. Optimized 0 net or cell. Created 0 new cell, deleted 0 existing cell and moved 0 existing cell
INFO: [Physopt 32-677] No candidate cells for Shift Register optimization found in the design
INFO: [Physopt 32-775] End 1 Pass. Optimized 0 net or cell. Created 0 new cell, deleted 0 existing cell and moved 0 existing cell
INFO: [Physopt 32-526] No candidate cells for BRAM register optimization found in the design
INFO: [Physopt 32-775] End 1 Pass. Optimized 0 net or cell. Created 0 new cell, deleted 0 existing cell and moved 0 existing cell
INFO: [Physopt 32-949] No candidate nets found for HD net replication
INFO: [Physopt 32-775] End 1 Pass. Optimized 0 net or cell. Created 0 new cell, deleted 0 existing cell and moved 0 existing cell
Netlist sorting complete. Time (s): cpu = 00:00:00.01 ; elapsed = 00:00:00.01 . Memory (MB): peak = 4520.191 ; gain = 0.000 ; free physical = 14542 ; free virtual = 55899

Summary of Physical Synthesis Optimizations
============================================


----------------------------------------------------------------------------------------------------------------------------------------
|  Optimization                  |  Added Cells  |  Removed Cells  |  Optimized Cells/Nets  |  Dont Touch  |  Iterations  |  Elapsed   |
----------------------------------------------------------------------------------------------------------------------------------------
|  Very High Fanout              |          498  |              0  |                    20  |           0  |           1  |  00:00:25  |
|  DSP Register                  |            0  |              0  |                     0  |           0  |           1  |  00:00:00  |
|  Shift Register                |            0  |              0  |                     0  |           0  |           1  |  00:00:00  |
|  BRAM Register                 |            0  |              0  |                     0  |           0  |           1  |  00:00:00  |
|  HD Interface Net Replication  |            0  |              0  |                     0  |           0  |           1  |  00:00:00  |
|  Total                         |          498  |              0  |                    20  |           0  |           5  |  00:00:25  |
----------------------------------------------------------------------------------------------------------------------------------------


Phase 2.2.1 Physical Synthesis In Placer | Checksum: bb97b40c

Time (s): cpu = 00:01:45 ; elapsed = 00:01:01 . Memory (MB): peak = 4520.191 ; gain = 0.000 ; free physical = 14536 ; free virtual = 55893
Phase 2.2 Global Placement Core | Checksum: 1828f15ca

Time (s): cpu = 00:01:52 ; elapsed = 00:01:04 . Memory (MB): peak = 4520.191 ; gain = 0.000 ; free physical = 14519 ; free virtual = 55876
Phase 2 Global Placement | Checksum: 1828f15ca

Time (s): cpu = 00:01:53 ; elapsed = 00:01:05 . Memory (MB): peak = 4520.191 ; gain = 0.000 ; free physical = 14552 ; free virtual = 55909

Phase 3 Detail Placement

Phase 3.1 Commit Multi Column Macros
Phase 3.1 Commit Multi Column Macros | Checksum: ddec659a

Time (s): cpu = 00:01:57 ; elapsed = 00:01:07 . Memory (MB): peak = 4520.191 ; gain = 0.000 ; free physical = 14552 ; free virtual = 55909

Phase 3.2 Commit Most Macros & LUTRAMs
Phase 3.2 Commit Most Macros & LUTRAMs | Checksum: 10ea83cc3

Time (s): cpu = 00:02:15 ; elapsed = 00:01:18 . Memory (MB): peak = 4520.191 ; gain = 0.000 ; free physical = 14522 ; free virtual = 55875

Phase 3.3 Area Swap Optimization
Phase 3.3 Area Swap Optimization | Checksum: e1cc2073

Time (s): cpu = 00:02:15 ; elapsed = 00:01:19 . Memory (MB): peak = 4520.191 ; gain = 0.000 ; free physical = 14524 ; free virtual = 55878

Phase 3.4 Pipeline Register Optimization
Phase 3.4 Pipeline Register Optimization | Checksum: 12081b965

Time (s): cpu = 00:02:16 ; elapsed = 00:01:19 . Memory (MB): peak = 4520.191 ; gain = 0.000 ; free physical = 14524 ; free virtual = 55878

Phase 3.5 Fast Optimization
Phase 3.5 Fast Optimization | Checksum: 17cc35d32

Time (s): cpu = 00:02:24 ; elapsed = 00:01:23 . Memory (MB): peak = 4520.191 ; gain = 0.000 ; free physical = 14520 ; free virtual = 55874

Phase 3.6 Small Shape Detail Placement
Phase 3.6 Small Shape Detail Placement | Checksum: 1599a6fc7

Time (s): cpu = 00:02:29 ; elapsed = 00:01:27 . Memory (MB): peak = 4520.191 ; gain = 0.000 ; free physical = 14415 ; free virtual = 55770

Phase 3.7 Re-assign LUT pins
Phase 3.7 Re-assign LUT pins | Checksum: 1b2d7ed84

Time (s): cpu = 00:02:30 ; elapsed = 00:01:28 . Memory (MB): peak = 4520.191 ; gain = 0.000 ; free physical = 14420 ; free virtual = 55775

Phase 3.8 Pipeline Register Optimization
Phase 3.8 Pipeline Register Optimization | Checksum: 16216875b

Time (s): cpu = 00:02:30 ; elapsed = 00:01:28 . Memory (MB): peak = 4520.191 ; gain = 0.000 ; free physical = 14420 ; free virtual = 55775

Phase 3.9 Fast Optimization
Phase 3.9 Fast Optimization | Checksum: 9a272dfa

Time (s): cpu = 00:02:40 ; elapsed = 00:01:32 . Memory (MB): peak = 4520.191 ; gain = 0.000 ; free physical = 14415 ; free virtual = 55772
Phase 3 Detail Placement | Checksum: 9a272dfa

Time (s): cpu = 00:02:40 ; elapsed = 00:01:32 . Memory (MB): peak = 4520.191 ; gain = 0.000 ; free physical = 14415 ; free virtual = 55772

Phase 4 Post Placement Optimization and Clean-Up

Phase 4.1 Post Commit Optimization
INFO: [Constraints 18-483] create_clock: no pin(s)/port(s)/net(s) specified as objects, only virtual clock 'virtual_emcc_clock' will be created. If you don't want this, please specify pin(s)/ports(s)/net(s) as objects to the command. [/skarab/skarab-gbe-control/fpgs/ethernet_one_gbe_skarab_control/ethernet_one_gbe_skarab_axi/myproj/myproj.srcs/constrs_1/imports/ethernet_one_gbe_skarab_axi/user_const.xdc:341]
INFO: [Timing 38-35] Done setting XDC timing constraints.

Phase 4.1.1 Post Placement Optimization
Post Placement Optimization Initialization | Checksum: 18bba3c9f

Phase 4.1.1.1 BUFG Insertion
INFO: [Place 46-33] Processed net ethernet_one_gbe_skarab_axi_inst/ethernet_one_gbe_skarab_axi_struct/axi_fifo_2/xpm_fifo_axis_inst/xpm_fifo_base_inst/rdp_inst/FSM_sequential_gen_fwft.curr_fwft_state_reg[1], BUFG insertion was skipped due to placement/routing conflicts.
INFO: [Place 46-33] Processed net skarab_infr/bsp_fpga_rst, BUFG insertion was skipped due to placement/routing conflicts.
INFO: [Place 46-33] Processed net ethernet_one_gbe_skarab_axi_inst/ethernet_one_gbe_skarab_axi_struct/axi_fifo_1/xpm_fifo_axis_inst/xpm_fifo_base_inst/rdp_inst/FSM_sequential_gen_fwft.curr_fwft_state_reg[1], BUFG insertion was skipped due to placement/routing conflicts.
INFO: [Place 46-56] BUFG insertion identified 3 candidate nets. Inserted BUFG: 0, Replicated BUFG Driver: 0, Skipped due to Placement/Routing Conflicts: 3, Skipped due to Timing Degradation: 0, Skipped due to Illegal Netlist: 0.
Phase 4.1.1.1 BUFG Insertion | Checksum: 18bba3c9f

Time (s): cpu = 00:02:53 ; elapsed = 00:01:38 . Memory (MB): peak = 4520.191 ; gain = 0.000 ; free physical = 14427 ; free virtual = 55784
INFO: [Place 30-746] Post Placement Timing Summary WNS=0.248. For the most accurate timing information please run report_timing.
Phase 4.1.1 Post Placement Optimization | Checksum: 1e7391686

Time (s): cpu = 00:03:35 ; elapsed = 00:02:12 . Memory (MB): peak = 4520.191 ; gain = 0.000 ; free physical = 14376 ; free virtual = 55744
Phase 4.1 Post Commit Optimization | Checksum: 1e7391686

Time (s): cpu = 00:03:36 ; elapsed = 00:02:13 . Memory (MB): peak = 4520.191 ; gain = 0.000 ; free physical = 14375 ; free virtual = 55744

Phase 4.2 Post Placement Cleanup
Phase 4.2 Post Placement Cleanup | Checksum: 1e7391686

Time (s): cpu = 00:03:36 ; elapsed = 00:02:13 . Memory (MB): peak = 4520.191 ; gain = 0.000 ; free physical = 14391 ; free virtual = 55760

Phase 4.3 Placer Reporting
Phase 4.3 Placer Reporting | Checksum: 1e7391686

Time (s): cpu = 00:03:37 ; elapsed = 00:02:13 . Memory (MB): peak = 4520.191 ; gain = 0.000 ; free physical = 14391 ; free virtual = 55760

Phase 4.4 Final Placement Cleanup
Netlist sorting complete. Time (s): cpu = 00:00:00.01 ; elapsed = 00:00:00.01 . Memory (MB): peak = 4520.191 ; gain = 0.000 ; free physical = 14391 ; free virtual = 55760
Phase 4.4 Final Placement Cleanup | Checksum: 295f47565

Time (s): cpu = 00:03:37 ; elapsed = 00:02:14 . Memory (MB): peak = 4520.191 ; gain = 0.000 ; free physical = 14391 ; free virtual = 55760
Phase 4 Post Placement Optimization and Clean-Up | Checksum: 295f47565

Time (s): cpu = 00:03:37 ; elapsed = 00:02:14 . Memory (MB): peak = 4520.191 ; gain = 0.000 ; free physical = 14391 ; free virtual = 55760
Ending Placer Task | Checksum: 1a1e63172

Time (s): cpu = 00:03:37 ; elapsed = 00:02:14 . Memory (MB): peak = 4520.191 ; gain = 0.000 ; free physical = 14391 ; free virtual = 55760
INFO: [Common 17-83] Releasing license: Implementation
108 Infos, 42 Warnings, 15 Critical Warnings and 0 Errors encountered.
place_design completed successfully
place_design: Time (s): cpu = 00:03:40 ; elapsed = 00:02:15 . Memory (MB): peak = 4520.191 ; gain = 0.000 ; free physical = 14560 ; free virtual = 55929
Netlist sorting complete. Time (s): cpu = 00:00:00.01 ; elapsed = 00:00:00 . Memory (MB): peak = 4520.191 ; gain = 0.000 ; free physical = 14562 ; free virtual = 55930
INFO: [Timing 38-480] Writing timing data to binary archive.
Writing placer database...
Writing XDEF routing.
Writing XDEF routing logical nets.
Writing XDEF routing special nets.
Write XDEF Complete: Time (s): cpu = 00:00:05 ; elapsed = 00:00:02 . Memory (MB): peak = 4520.191 ; gain = 0.000 ; free physical = 14383 ; free virtual = 55890
INFO: [Common 17-1381] The checkpoint '/skarab/skarab-gbe-control/fpgs/ethernet_one_gbe_skarab_control/ethernet_one_gbe_skarab_axi/myproj/myproj.runs/impl_1/top_placed.dcp' has been generated.
write_checkpoint: Time (s): cpu = 00:00:12 ; elapsed = 00:00:07 . Memory (MB): peak = 4520.191 ; gain = 0.000 ; free physical = 14509 ; free virtual = 55906
INFO: [runtcl-4] Executing : report_io -file top_io_placed.rpt
report_io: Time (s): cpu = 00:00:00.12 ; elapsed = 00:00:00.17 . Memory (MB): peak = 4520.191 ; gain = 0.000 ; free physical = 14463 ; free virtual = 55861
INFO: [runtcl-4] Executing : report_utilization -file top_utilization_placed.rpt -pb top_utilization_placed.pb
INFO: [runtcl-4] Executing : report_control_sets -verbose -file top_control_sets_placed.rpt
report_control_sets: Time (s): cpu = 00:00:00.70 ; elapsed = 00:00:00.74 . Memory (MB): peak = 4520.191 ; gain = 0.000 ; free physical = 14502 ; free virtual = 55901
Command: phys_opt_design
Attempting to get a license for feature 'Implementation' and/or device 'xc7vx690t'
INFO: [Common 17-349] Got license for feature 'Implementation' and/or device 'xc7vx690t'
Netlist sorting complete. Time (s): cpu = 00:00:00.01 ; elapsed = 00:00:00.01 . Memory (MB): peak = 4520.191 ; gain = 0.000 ; free physical = 14472 ; free virtual = 55872

Starting Physical Synthesis Task

Phase 1 Physical Synthesis Initialization
INFO: [Physopt 32-721] Multithreading enabled for phys_opt_design using a maximum of 8 CPUs
INFO: [Physopt 32-619] Estimated Timing Summary | WNS=0.248 | TNS=0.000 |
Phase 1 Physical Synthesis Initialization | Checksum: 23863bd66

Time (s): cpu = 00:00:13 ; elapsed = 00:00:04 . Memory (MB): peak = 4520.191 ; gain = 0.000 ; free physical = 14412 ; free virtual = 55812
INFO: [Physopt 32-619] Estimated Timing Summary | WNS=0.248 | TNS=0.000 |

Phase 2 Fanout Optimization
INFO: [Physopt 32-670] No setup violation found.  Fanout Optimization was not performed.
Phase 2 Fanout Optimization | Checksum: 23863bd66

Time (s): cpu = 00:00:13 ; elapsed = 00:00:04 . Memory (MB): peak = 4520.191 ; gain = 0.000 ; free physical = 14406 ; free virtual = 55806

Phase 3 Placement Based Optimization
INFO: [Physopt 32-670] No setup violation found.  Placement Based Optimization was not performed.
Phase 3 Placement Based Optimization | Checksum: 23863bd66

Time (s): cpu = 00:00:13 ; elapsed = 00:00:04 . Memory (MB): peak = 4520.191 ; gain = 0.000 ; free physical = 14406 ; free virtual = 55806

Phase 4 Rewire
INFO: [Physopt 32-670] No setup violation found.  Rewire was not performed.
Phase 4 Rewire | Checksum: 23863bd66

Time (s): cpu = 00:00:13 ; elapsed = 00:00:04 . Memory (MB): peak = 4520.191 ; gain = 0.000 ; free physical = 14406 ; free virtual = 55806

Phase 5 Critical Cell Optimization
INFO: [Physopt 32-670] No setup violation found.  Critical Cell Optimization was not performed.
Phase 5 Critical Cell Optimization | Checksum: 23863bd66

Time (s): cpu = 00:00:13 ; elapsed = 00:00:04 . Memory (MB): peak = 4520.191 ; gain = 0.000 ; free physical = 14406 ; free virtual = 55806

Phase 6 DSP Register Optimization
INFO: [Physopt 32-670] No setup violation found.  DSP Register Optimization was not performed.
Phase 6 DSP Register Optimization | Checksum: 23863bd66

Time (s): cpu = 00:00:13 ; elapsed = 00:00:04 . Memory (MB): peak = 4520.191 ; gain = 0.000 ; free physical = 14406 ; free virtual = 55806

Phase 7 BRAM Register Optimization
INFO: [Physopt 32-670] No setup violation found.  BRAM Register Optimization was not performed.
Phase 7 BRAM Register Optimization | Checksum: 23863bd66

Time (s): cpu = 00:00:13 ; elapsed = 00:00:04 . Memory (MB): peak = 4520.191 ; gain = 0.000 ; free physical = 14406 ; free virtual = 55806

Phase 8 URAM Register Optimization
INFO: [Physopt 32-670] No setup violation found.  URAM Register Optimization was not performed.
Phase 8 URAM Register Optimization | Checksum: 23863bd66

Time (s): cpu = 00:00:13 ; elapsed = 00:00:04 . Memory (MB): peak = 4520.191 ; gain = 0.000 ; free physical = 14407 ; free virtual = 55806

Phase 9 Shift Register Optimization
INFO: [Physopt 32-670] No setup violation found.  Shift Register Optimization was not performed.
Phase 9 Shift Register Optimization | Checksum: 23863bd66

Time (s): cpu = 00:00:13 ; elapsed = 00:00:04 . Memory (MB): peak = 4520.191 ; gain = 0.000 ; free physical = 14407 ; free virtual = 55806

Phase 10 Critical Pin Optimization
INFO: [Physopt 32-670] No setup violation found.  Critical Pin Optimization was not performed.
Phase 10 Critical Pin Optimization | Checksum: 23863bd66

Time (s): cpu = 00:00:13 ; elapsed = 00:00:04 . Memory (MB): peak = 4520.191 ; gain = 0.000 ; free physical = 14407 ; free virtual = 55806

Phase 11 Very High Fanout Optimization
INFO: [Physopt 32-1022] Very high fanout net 'ethernet_one_gbe_skarab_axi_inst/ethernet_one_gbe_skarab_axi_struct/axi_fifo_1/xpm_fifo_axis_inst/xpm_fifo_base_inst/wrp_inst/Q[0]' has -through timing constraint on its net segments or hierarchy pins. To preserve -through timing constraint its fanout number considered in optimization is changed from 3844 to 773 and it is not considered a very high fanout net anymore. Please consider modifying/removing the '-through' timing constraint on the net segment or hierarchy pin.
INFO: [Physopt 32-1022] Very high fanout net 'ethernet_one_gbe_skarab_axi_inst/ethernet_one_gbe_skarab_axi_struct/axi_fifo_1/xpm_fifo_axis_inst/xpm_fifo_base_inst/wrp_inst/Q[1]' has -through timing constraint on its net segments or hierarchy pins. To preserve -through timing constraint its fanout number considered in optimization is changed from 3843 to 772 and it is not considered a very high fanout net anymore. Please consider modifying/removing the '-through' timing constraint on the net segment or hierarchy pin.
INFO: [Physopt 32-1022] Very high fanout net 'ethernet_one_gbe_skarab_axi_inst/ethernet_one_gbe_skarab_axi_struct/axi_fifo_1/xpm_fifo_axis_inst/xpm_fifo_base_inst/wrp_inst/Q[2]' has -through timing constraint on its net segments or hierarchy pins. To preserve -through timing constraint its fanout number considered in optimization is changed from 3843 to 772 and it is not considered a very high fanout net anymore. Please consider modifying/removing the '-through' timing constraint on the net segment or hierarchy pin.
INFO: [Physopt 32-1022] Very high fanout net 'ethernet_one_gbe_skarab_axi_inst/ethernet_one_gbe_skarab_axi_struct/axi_fifo_1/xpm_fifo_axis_inst/xpm_fifo_base_inst/wrp_inst/Q[3]' has -through timing constraint on its net segments or hierarchy pins. To preserve -through timing constraint its fanout number considered in optimization is changed from 3843 to 772 and it is not considered a very high fanout net anymore. Please consider modifying/removing the '-through' timing constraint on the net segment or hierarchy pin.
INFO: [Physopt 32-1022] Very high fanout net 'ethernet_one_gbe_skarab_axi_inst/ethernet_one_gbe_skarab_axi_struct/axi_fifo_1/xpm_fifo_axis_inst/xpm_fifo_base_inst/wrp_inst/Q[4]' has -through timing constraint on its net segments or hierarchy pins. To preserve -through timing constraint its fanout number considered in optimization is changed from 3843 to 772 and it is not considered a very high fanout net anymore. Please consider modifying/removing the '-through' timing constraint on the net segment or hierarchy pin.
INFO: [Physopt 32-1022] Very high fanout net 'ethernet_one_gbe_skarab_axi_inst/ethernet_one_gbe_skarab_axi_struct/axi_fifo_1/xpm_fifo_axis_inst/xpm_fifo_base_inst/wrp_inst/Q[5]' has -through timing constraint on its net segments or hierarchy pins. To preserve -through timing constraint its fanout number considered in optimization is changed from 3843 to 772 and it is not considered a very high fanout net anymore. Please consider modifying/removing the '-through' timing constraint on the net segment or hierarchy pin.
INFO: [Physopt 32-76] Pass 1. Identified 2 candidate nets for fanout optimization.
INFO: [Physopt 32-572] Net ethernet_one_gbe_skarab_axi_inst/ethernet_one_gbe_skarab_axi_struct/axi_fifo_2/xpm_fifo_axis_inst/xpm_fifo_base_inst/rdp_inst/FSM_sequential_gen_fwft.curr_fwft_state_reg[1] was not replicated.
Resolution: phys_opt_design can be forced to replicate a net driver using the option -force_replication_on_nets <list of net objects>.
INFO: [Physopt 32-81] Processed net ethernet_one_gbe_skarab_axi_inst/ethernet_one_gbe_skarab_axi_struct/axi_fifo_1/xpm_fifo_axis_inst/xpm_fifo_base_inst/rdp_inst/FSM_sequential_gen_fwft.curr_fwft_state_reg[1]. Replicated 7 times.
INFO: [Physopt 32-232] Optimized 1 net. Created 7 new instances.
INFO: [Physopt 32-775] End 1 Pass. Optimized 1 net or cell. Created 7 new cells, deleted 0 existing cell and moved 0 existing cell
INFO: [Physopt 32-619] Estimated Timing Summary | WNS=0.248 | TNS=0.000 |
Netlist sorting complete. Time (s): cpu = 00:00:00.04 ; elapsed = 00:00:00.04 . Memory (MB): peak = 4520.191 ; gain = 0.000 ; free physical = 14406 ; free virtual = 55806
Phase 11 Very High Fanout Optimization | Checksum: 161ea1abd

Time (s): cpu = 00:00:46 ; elapsed = 00:00:16 . Memory (MB): peak = 4520.191 ; gain = 0.000 ; free physical = 14406 ; free virtual = 55806

Phase 12 BRAM Enable Optimization
Phase 12 BRAM Enable Optimization | Checksum: 161ea1abd

Time (s): cpu = 00:00:47 ; elapsed = 00:00:17 . Memory (MB): peak = 4520.191 ; gain = 0.000 ; free physical = 14406 ; free virtual = 55805
Netlist sorting complete. Time (s): cpu = 00:00:00 ; elapsed = 00:00:00 . Memory (MB): peak = 4520.191 ; gain = 0.000 ; free physical = 14410 ; free virtual = 55809
INFO: [Physopt 32-603] Post Physical Optimization Timing Summary | WNS=0.248 | TNS=0.000 |

Summary of Physical Synthesis Optimizations
============================================


-----------------------------------------------------------------------------------------------------------------------------------------------------------------
|  Optimization       |  WNS Gain (ns)  |  TNS Gain (ns)  |  Added Cells  |  Removed Cells  |  Optimized Cells/Nets  |  Dont Touch  |  Iterations  |  Elapsed   |
-----------------------------------------------------------------------------------------------------------------------------------------------------------------
|  Fanout             |          0.000  |          0.000  |            0  |              0  |                     0  |           0  |           0  |  00:00:00  |
|  Placement Based    |          0.000  |          0.000  |            0  |              0  |                     0  |           0  |           0  |  00:00:00  |
|  Rewire             |          0.000  |          0.000  |            0  |              0  |                     0  |           0  |           0  |  00:00:00  |
|  Critical Cell      |          0.000  |          0.000  |            0  |              0  |                     0  |           0  |           0  |  00:00:00  |
|  DSP Register       |          0.000  |          0.000  |            0  |              0  |                     0  |           0  |           0  |  00:00:00  |
|  BRAM Register      |          0.000  |          0.000  |            0  |              0  |                     0  |           0  |           0  |  00:00:00  |
|  URAM Register      |          0.000  |          0.000  |            0  |              0  |                     0  |           0  |           0  |  00:00:00  |
|  Shift Register     |          0.000  |          0.000  |            0  |              0  |                     0  |           0  |           0  |  00:00:00  |
|  Critical Pin       |          0.000  |          0.000  |            0  |              0  |                     0  |           0  |           0  |  00:00:00  |
|  Very High Fanout   |          0.000  |          0.000  |            7  |              0  |                     1  |           0  |           1  |  00:00:12  |
|  BRAM Enable        |          0.000  |          0.000  |            0  |              0  |                     0  |           0  |           1  |  00:00:01  |
|  Total              |          0.000  |          0.000  |            7  |              0  |                     1  |           0  |           2  |  00:00:13  |
-----------------------------------------------------------------------------------------------------------------------------------------------------------------


Netlist sorting complete. Time (s): cpu = 00:00:00.01 ; elapsed = 00:00:00.01 . Memory (MB): peak = 4520.191 ; gain = 0.000 ; free physical = 14410 ; free virtual = 55809
Ending Physical Synthesis Task | Checksum: e520cb52

Time (s): cpu = 00:00:47 ; elapsed = 00:00:18 . Memory (MB): peak = 4520.191 ; gain = 0.000 ; free physical = 14410 ; free virtual = 55809
INFO: [Common 17-83] Releasing license: Implementation
140 Infos, 42 Warnings, 15 Critical Warnings and 0 Errors encountered.
phys_opt_design completed successfully
phys_opt_design: Time (s): cpu = 00:01:01 ; elapsed = 00:00:22 . Memory (MB): peak = 4520.191 ; gain = 0.000 ; free physical = 14470 ; free virtual = 55869
Netlist sorting complete. Time (s): cpu = 00:00:00.01 ; elapsed = 00:00:00.01 . Memory (MB): peak = 4520.191 ; gain = 0.000 ; free physical = 14470 ; free virtual = 55869
INFO: [Timing 38-480] Writing timing data to binary archive.
Writing placer database...
Writing XDEF routing.
Writing XDEF routing logical nets.
Writing XDEF routing special nets.
Write XDEF Complete: Time (s): cpu = 00:00:05 ; elapsed = 00:00:02 . Memory (MB): peak = 4520.191 ; gain = 0.000 ; free physical = 14300 ; free virtual = 55835
INFO: [Common 17-1381] The checkpoint '/skarab/skarab-gbe-control/fpgs/ethernet_one_gbe_skarab_control/ethernet_one_gbe_skarab_axi/myproj/myproj.runs/impl_1/top_physopt.dcp' has been generated.
write_checkpoint: Time (s): cpu = 00:00:12 ; elapsed = 00:00:07 . Memory (MB): peak = 4520.191 ; gain = 0.000 ; free physical = 14438 ; free virtual = 55866
Command: route_design
Attempting to get a license for feature 'Implementation' and/or device 'xc7vx690t'
INFO: [Common 17-349] Got license for feature 'Implementation' and/or device 'xc7vx690t'
INFO: [DRC 23-27] Running DRC with 8 threads
INFO: [Vivado_Tcl 4-198] DRC finished with 0 Errors
INFO: [Vivado_Tcl 4-199] Please refer to the DRC report (report_drc) for more information.
Running DRC as a precondition to command route_design
INFO: [DRC 23-27] Running DRC with 8 threads
INFO: [Vivado_Tcl 4-198] DRC finished with 0 Errors
INFO: [Vivado_Tcl 4-199] Please refer to the DRC report (report_drc) for more information.


Starting Routing Task
INFO: [Route 35-254] Multithreading enabled for route_design using a maximum of 8 CPUs
Checksum: PlaceDB: 50a8c955 ConstDB: 0 ShapeSum: 35335b35 RouteDB: 0

Phase 1 Build RT Design
Phase 1 Build RT Design | Checksum: 135a162a5

Time (s): cpu = 00:00:39 ; elapsed = 00:00:23 . Memory (MB): peak = 4520.191 ; gain = 0.000 ; free physical = 13985 ; free virtual = 55405
Post Restoration Checksum: NetGraph: 670aad6d NumContArr: ce96b538 Constraints: 0 Timing: 0

Phase 2 Router Initialization

Phase 2.1 Create Timer
Phase 2.1 Create Timer | Checksum: 135a162a5

Time (s): cpu = 00:00:39 ; elapsed = 00:00:23 . Memory (MB): peak = 4520.191 ; gain = 0.000 ; free physical = 13997 ; free virtual = 55417

Phase 2.2 Fix Topology Constraints
Phase 2.2 Fix Topology Constraints | Checksum: 135a162a5

Time (s): cpu = 00:00:39 ; elapsed = 00:00:24 . Memory (MB): peak = 4520.191 ; gain = 0.000 ; free physical = 13925 ; free virtual = 55345

Phase 2.3 Pre Route Cleanup
Phase 2.3 Pre Route Cleanup | Checksum: 135a162a5

Time (s): cpu = 00:00:39 ; elapsed = 00:00:24 . Memory (MB): peak = 4520.191 ; gain = 0.000 ; free physical = 13925 ; free virtual = 55345
 Number of Nodes with overlaps = 0

Phase 2.4 Update Timing
Phase 2.4 Update Timing | Checksum: 213d76ad4

Time (s): cpu = 00:00:59 ; elapsed = 00:00:35 . Memory (MB): peak = 4673.516 ; gain = 153.324 ; free physical = 13871 ; free virtual = 55291
INFO: [Route 35-416] Intermediate Timing Summary | WNS=0.347  | TNS=0.000  | WHS=-0.618 | THS=-7044.423|


Phase 2.5 Update Timing for Bus Skew

Phase 2.5.1 Update Timing
Phase 2.5.1 Update Timing | Checksum: 15245c61e

Time (s): cpu = 00:01:11 ; elapsed = 00:00:38 . Memory (MB): peak = 4673.516 ; gain = 153.324 ; free physical = 13850 ; free virtual = 55271
INFO: [Route 35-416] Intermediate Timing Summary | WNS=0.347  | TNS=0.000  | WHS=N/A    | THS=N/A    |

Phase 2.5 Update Timing for Bus Skew | Checksum: 1321c902f

Time (s): cpu = 00:01:11 ; elapsed = 00:00:38 . Memory (MB): peak = 4673.516 ; gain = 153.324 ; free physical = 13847 ; free virtual = 55267
Phase 2 Router Initialization | Checksum: 1e4b18817

Time (s): cpu = 00:01:11 ; elapsed = 00:00:38 . Memory (MB): peak = 4673.516 ; gain = 153.324 ; free physical = 13846 ; free virtual = 55266

Router Utilization Summary
  Global Vertical Routing Utilization    = 0 %
  Global Horizontal Routing Utilization  = 0 %
  Routable Net Status*
  *Does not include unroutable nets such as driverless and loadless.
  Run report_route_status for detailed report.
  Number of Failed Nets               = 55844
    (Failed Nets is the sum of unrouted and partially routed nets)
  Number of Unrouted Nets             = 55842
  Number of Partially Routed Nets     = 2
  Number of Node Overlaps             = 0


Phase 3 Initial Routing
Phase 3 Initial Routing | Checksum: 1b483ddbc

Time (s): cpu = 00:01:43 ; elapsed = 00:00:49 . Memory (MB): peak = 4673.516 ; gain = 153.324 ; free physical = 13699 ; free virtual = 55145

Phase 4 Rip-up And Reroute

Phase 4.1 Global Iteration 0
 Number of Nodes with overlaps = 5122
 Number of Nodes with overlaps = 535
 Number of Nodes with overlaps = 83
 Number of Nodes with overlaps = 12
 Number of Nodes with overlaps = 1
 Number of Nodes with overlaps = 0
INFO: [Route 35-416] Intermediate Timing Summary | WNS=0.062  | TNS=0.000  | WHS=N/A    | THS=N/A    |

Phase 4.1 Global Iteration 0 | Checksum: 112c27196

Time (s): cpu = 00:02:19 ; elapsed = 00:01:05 . Memory (MB): peak = 4673.516 ; gain = 153.324 ; free physical = 13716 ; free virtual = 55153
Phase 4 Rip-up And Reroute | Checksum: 112c27196

Time (s): cpu = 00:02:19 ; elapsed = 00:01:05 . Memory (MB): peak = 4673.516 ; gain = 153.324 ; free physical = 13716 ; free virtual = 55153

Phase 5 Delay and Skew Optimization

Phase 5.1 Delay CleanUp
Phase 5.1 Delay CleanUp | Checksum: 112c27196

Time (s): cpu = 00:02:20 ; elapsed = 00:01:05 . Memory (MB): peak = 4673.516 ; gain = 153.324 ; free physical = 13716 ; free virtual = 55153

Phase 5.2 Clock Skew Optimization
Phase 5.2 Clock Skew Optimization | Checksum: 112c27196

Time (s): cpu = 00:02:20 ; elapsed = 00:01:05 . Memory (MB): peak = 4673.516 ; gain = 153.324 ; free physical = 13716 ; free virtual = 55153
Phase 5 Delay and Skew Optimization | Checksum: 112c27196

Time (s): cpu = 00:02:20 ; elapsed = 00:01:06 . Memory (MB): peak = 4673.516 ; gain = 153.324 ; free physical = 13716 ; free virtual = 55153

Phase 6 Post Hold Fix

Phase 6.1 Hold Fix Iter

Phase 6.1.1 Update Timing
Phase 6.1.1 Update Timing | Checksum: 181232be9

Time (s): cpu = 00:02:24 ; elapsed = 00:01:07 . Memory (MB): peak = 4673.516 ; gain = 153.324 ; free physical = 13716 ; free virtual = 55153
INFO: [Route 35-416] Intermediate Timing Summary | WNS=0.094  | TNS=0.000  | WHS=-0.693 | THS=-9.461 |

Phase 6.1 Hold Fix Iter | Checksum: 17e897f35

Time (s): cpu = 00:02:24 ; elapsed = 00:01:07 . Memory (MB): peak = 4673.516 ; gain = 153.324 ; free physical = 13700 ; free virtual = 55137
Phase 6 Post Hold Fix | Checksum: 25ac14f19

Time (s): cpu = 00:02:24 ; elapsed = 00:01:07 . Memory (MB): peak = 4673.516 ; gain = 153.324 ; free physical = 13700 ; free virtual = 55137

Phase 7 Route finalize

Router Utilization Summary
  Global Vertical Routing Utilization    = 3.51586 %
  Global Horizontal Routing Utilization  = 3.72514 %
  Routable Net Status*
  *Does not include unroutable nets such as driverless and loadless.
  Run report_route_status for detailed report.
  Number of Failed Nets               = 0
    (Failed Nets is the sum of unrouted and partially routed nets)
  Number of Unrouted Nets             = 0
  Number of Partially Routed Nets     = 0
  Number of Node Overlaps             = 0

Phase 7 Route finalize | Checksum: 18b8d4dfc

Time (s): cpu = 00:02:25 ; elapsed = 00:01:08 . Memory (MB): peak = 4673.516 ; gain = 153.324 ; free physical = 13696 ; free virtual = 55133

Phase 8 Verifying routed nets

 Verification completed successfully
Phase 8 Verifying routed nets | Checksum: 18b8d4dfc

Time (s): cpu = 00:02:25 ; elapsed = 00:01:08 . Memory (MB): peak = 4673.516 ; gain = 153.324 ; free physical = 13695 ; free virtual = 55132

Phase 9 Depositing Routes
Phase 9 Depositing Routes | Checksum: 1c428c8cf

Time (s): cpu = 00:02:26 ; elapsed = 00:01:09 . Memory (MB): peak = 4673.516 ; gain = 153.324 ; free physical = 13691 ; free virtual = 55128

Phase 10 Post Router Timing

Phase 10.1 Update Timing
Phase 10.1 Update Timing | Checksum: 2144befae

Time (s): cpu = 00:02:30 ; elapsed = 00:01:11 . Memory (MB): peak = 4673.516 ; gain = 153.324 ; free physical = 13697 ; free virtual = 55134
INFO: [Route 35-57] Estimated Timing Summary | WNS=0.094  | TNS=0.000  | WHS=0.050  | THS=0.000  |

INFO: [Route 35-327] The final timing numbers are based on the router estimated timing analysis. For a complete and accurate timing signoff, please run report_timing_summary.
Phase 10 Post Router Timing | Checksum: 2144befae

Time (s): cpu = 00:02:30 ; elapsed = 00:01:11 . Memory (MB): peak = 4673.516 ; gain = 153.324 ; free physical = 13697 ; free virtual = 55134
INFO: [Route 35-16] Router Completed Successfully

Time (s): cpu = 00:02:30 ; elapsed = 00:01:11 . Memory (MB): peak = 4673.516 ; gain = 153.324 ; free physical = 13846 ; free virtual = 55283

Routing Is Done.
INFO: [Common 17-83] Releasing license: Implementation
158 Infos, 42 Warnings, 15 Critical Warnings and 0 Errors encountered.
route_design completed successfully
route_design: Time (s): cpu = 00:02:33 ; elapsed = 00:01:12 . Memory (MB): peak = 4673.516 ; gain = 153.324 ; free physical = 13846 ; free virtual = 55283
Netlist sorting complete. Time (s): cpu = 00:00:00 ; elapsed = 00:00:00 . Memory (MB): peak = 4673.516 ; gain = 0.000 ; free physical = 13846 ; free virtual = 55283
INFO: [Timing 38-480] Writing timing data to binary archive.
Writing placer database...
Writing XDEF routing.
Writing XDEF routing logical nets.
Writing XDEF routing special nets.
Write XDEF Complete: Time (s): cpu = 00:00:06 ; elapsed = 00:00:02 . Memory (MB): peak = 4673.516 ; gain = 0.000 ; free physical = 13644 ; free virtual = 55248
INFO: [Common 17-1381] The checkpoint '/skarab/skarab-gbe-control/fpgs/ethernet_one_gbe_skarab_control/ethernet_one_gbe_skarab_axi/myproj/myproj.runs/impl_1/top_routed.dcp' has been generated.
write_checkpoint: Time (s): cpu = 00:00:12 ; elapsed = 00:00:08 . Memory (MB): peak = 4673.516 ; gain = 0.000 ; free physical = 13811 ; free virtual = 55286
INFO: [runtcl-4] Executing : report_drc -file top_drc_routed.rpt -pb top_drc_routed.pb -rpx top_drc_routed.rpx
Command: report_drc -file top_drc_routed.rpt -pb top_drc_routed.pb -rpx top_drc_routed.rpx
INFO: [IP_Flow 19-1839] IP Catalog is up to date.
INFO: [DRC 23-27] Running DRC with 8 threads
INFO: [Coretcl 2-168] The results of DRC are in file /skarab/skarab-gbe-control/fpgs/ethernet_one_gbe_skarab_control/ethernet_one_gbe_skarab_axi/myproj/myproj.runs/impl_1/top_drc_routed.rpt.
report_drc completed successfully
report_drc: Time (s): cpu = 00:00:11 ; elapsed = 00:00:05 . Memory (MB): peak = 4761.559 ; gain = 88.043 ; free physical = 14124 ; free virtual = 55595
INFO: [runtcl-4] Executing : report_methodology -file top_methodology_drc_routed.rpt -pb top_methodology_drc_routed.pb -rpx top_methodology_drc_routed.rpx
Command: report_methodology -file top_methodology_drc_routed.rpt -pb top_methodology_drc_routed.pb -rpx top_methodology_drc_routed.rpx
INFO: [Constraints 18-483] create_clock: no pin(s)/port(s)/net(s) specified as objects, only virtual clock 'virtual_emcc_clock' will be created. If you don't want this, please specify pin(s)/ports(s)/net(s) as objects to the command. [/skarab/skarab-gbe-control/fpgs/ethernet_one_gbe_skarab_control/ethernet_one_gbe_skarab_axi/myproj/myproj.srcs/constrs_1/imports/ethernet_one_gbe_skarab_axi/user_const.xdc:341]
INFO: [Timing 38-35] Done setting XDC timing constraints.
INFO: [DRC 23-133] Running Methodology with 8 threads
INFO: [Coretcl 2-1520] The results of Report Methodology are in file /skarab/skarab-gbe-control/fpgs/ethernet_one_gbe_skarab_control/ethernet_one_gbe_skarab_axi/myproj/myproj.runs/impl_1/top_methodology_drc_routed.rpt.
report_methodology completed successfully
report_methodology: Time (s): cpu = 00:00:31 ; elapsed = 00:00:08 . Memory (MB): peak = 4895.781 ; gain = 134.223 ; free physical = 13467 ; free virtual = 55012
INFO: [runtcl-4] Executing : report_power -file top_power_routed.rpt -pb top_power_summary_routed.pb -rpx top_power_routed.rpx
Command: report_power -file top_power_routed.rpt -pb top_power_summary_routed.pb -rpx top_power_routed.rpx
INFO: [Power 33-23] Power model is not available for DNA_PORT_inst
INFO: [Power 33-23] Power model is not available for USR_ACCESSE2_0
INFO: [Constraints 18-483] create_clock: no pin(s)/port(s)/net(s) specified as objects, only virtual clock 'virtual_emcc_clock' will be created. If you don't want this, please specify pin(s)/ports(s)/net(s) as objects to the command. [/skarab/skarab-gbe-control/fpgs/ethernet_one_gbe_skarab_control/ethernet_one_gbe_skarab_axi/myproj/myproj.srcs/constrs_1/imports/ethernet_one_gbe_skarab_axi/user_const.xdc:341]
INFO: [Timing 38-35] Done setting XDC timing constraints.
Running Vector-less Activity Propagation...

Finished Running Vector-less Activity Propagation
WARNING: [Power 33-332] Found switching activity that implies high-fanout reset nets being asserted for excessive periods of time which may result in inaccurate power analysis.
Resolution: To review and fix problems, please run Power Constraints Advisor in the GUI from Tools > Power Constraints Advisor or run report_power with the -advisory option to generate a text report.
174 Infos, 43 Warnings, 15 Critical Warnings and 0 Errors encountered.
report_power completed successfully
report_power: Time (s): cpu = 00:00:14 ; elapsed = 00:00:08 . Memory (MB): peak = 4895.781 ; gain = 0.000 ; free physical = 13129 ; free virtual = 54743
INFO: [runtcl-4] Executing : report_route_status -file top_route_status.rpt -pb top_route_status.pb
INFO: [runtcl-4] Executing : report_timing_summary -max_paths 10 -file top_timing_summary_routed.rpt -pb top_timing_summary_routed.pb -rpx top_timing_summary_routed.rpx
INFO: [Timing 38-91] UpdateTimingParams: Speed grade: -2, Delay Type: min_max.
INFO: [Timing 38-191] Multithreading enabled for timing update using a maximum of 8 CPUs
WARNING: [Timing 38-436] There are set_bus_skew constraint(s) in this design. Please run report_bus_skew to ensure that bus skew requirements are met.
INFO: [runtcl-4] Executing : report_incremental_reuse -file top_incremental_reuse_routed.rpt
INFO: [Vivado_Tcl 4-1062] Incremental flow is disabled. No incremental reuse Info to report.
INFO: [runtcl-4] Executing : report_clock_utilization -file top_clock_utilization_routed.rpt
INFO: [runtcl-4] Executing : report_bus_skew -warn_on_violation -file top_bus_skew_routed.rpt -pb top_bus_skew_routed.pb -rpx top_bus_skew_routed.rpx
INFO: [Timing 38-91] UpdateTimingParams: Speed grade: -2, Delay Type: min_max.
INFO: [Timing 38-191] Multithreading enabled for timing update using a maximum of 8 CPUs
Command: phys_opt_design
Attempting to get a license for feature 'Implementation' and/or device 'xc7vx690t'
INFO: [Common 17-349] Got license for feature 'Implementation' and/or device 'xc7vx690t'
INFO: [Vivado_Tcl 4-241] Physical synthesis in post route mode ( 100.0% nets are fully routed)
INFO: [Vivado_Tcl 4-383] Design worst setup slack (WNS) is greater than or equal to 0.000 ns. Skipping all physical synthesis optimizations.
INFO: [Vivado_Tcl 4-232] No setup violation found. The netlist was not modified.
INFO: [Common 17-83] Releasing license: Implementation
189 Infos, 44 Warnings, 15 Critical Warnings and 0 Errors encountered.
phys_opt_design completed successfully
Netlist sorting complete. Time (s): cpu = 00:00:00.01 ; elapsed = 00:00:00.01 . Memory (MB): peak = 4895.781 ; gain = 0.000 ; free physical = 12948 ; free virtual = 54587
INFO: [Timing 38-480] Writing timing data to binary archive.
Writing placer database...
Writing XDEF routing.
Writing XDEF routing logical nets.
Writing XDEF routing special nets.
Write XDEF Complete: Time (s): cpu = 00:00:06 ; elapsed = 00:00:02 . Memory (MB): peak = 4895.781 ; gain = 0.000 ; free physical = 12646 ; free virtual = 54463
INFO: [Common 17-1381] The checkpoint '/skarab/skarab-gbe-control/fpgs/ethernet_one_gbe_skarab_control/ethernet_one_gbe_skarab_axi/myproj/myproj.runs/impl_1/top_postroute_physopt.dcp' has been generated.
write_checkpoint: Time (s): cpu = 00:00:12 ; elapsed = 00:00:08 . Memory (MB): peak = 4895.781 ; gain = 0.000 ; free physical = 12768 ; free virtual = 54432
INFO: [runtcl-4] Executing : report_timing_summary -max_paths 10 -warn_on_violation -file top_timing_summary_postroute_physopted.rpt -pb top_timing_summary_postroute_physopted.pb -rpx top_timing_summary_postroute_physopted.rpx
INFO: [Timing 38-91] UpdateTimingParams: Speed grade: -2, Delay Type: min_max.
INFO: [Timing 38-191] Multithreading enabled for timing update using a maximum of 8 CPUs
WARNING: [Timing 38-436] There are set_bus_skew constraint(s) in this design. Please run report_bus_skew to ensure that bus skew requirements are met.
INFO: [runtcl-4] Executing : report_bus_skew -warn_on_violation -file top_bus_skew_postroute_physopted.rpt -pb top_bus_skew_postroute_physopted.pb -rpx top_bus_skew_postroute_physopted.rpx
INFO: [Timing 38-91] UpdateTimingParams: Speed grade: -2, Delay Type: min_max.
INFO: [Timing 38-191] Multithreading enabled for timing update using a maximum of 8 CPUs
INFO: [Common 17-206] Exiting Vivado at Thu Aug 20 13:22:06 2026...

*** Running vivado
    with args -log top.vdi -applog -m64 -product Vivado -messageDb vivado.pb -mode batch -source top.tcl -notrace


****** Vivado v2019.1 (64-bit)
  **** SW Build 2552052 on Fri May 24 14:47:09 MDT 2019
  **** IP Build 2548770 on Fri May 24 18:01:18 MDT 2019
    ** Copyright 1986-2019 Xilinx, Inc. All Rights Reserved.

WARNING: [Runs 36-547] Tool Strategy 'Vivado Synthesis Defaults' from file '/usr/local/Xilinx/Vivado/2019.1/strategies/VDS2014.psg' discarded because strategy with same name already parsed from '/usr/local/Xilinx/Vivado/2019.1/strategies/VDS2014.psg'
WARNING: [Runs 36-547] Tool Strategy 'Flow_RuntimeOptimized' from file '/usr/local/Xilinx/Vivado/2019.1/strategies/VDS2014.psg' discarded because strategy with same name already parsed from '/usr/local/Xilinx/Vivado/2019.1/strategies/VDS2014.psg'
WARNING: [Runs 36-547] Tool Strategy 'Flow_AreaOptimized_High' from file '/usr/local/Xilinx/Vivado/2019.1/strategies/VDS2014.psg' discarded because strategy with same name already parsed from '/usr/local/Xilinx/Vivado/2019.1/strategies/VDS2014.psg'
WARNING: [Runs 36-547] Tool Strategy 'Flow_PerfOptimized_High' from file '/usr/local/Xilinx/Vivado/2019.1/strategies/VDS2014.psg' discarded because strategy with same name already parsed from '/usr/local/Xilinx/Vivado/2019.1/strategies/VDS2014.psg'
WARNING: [Runs 36-547] Tool Strategy 'Vivado Implementation Defaults' from file '/usr/local/Xilinx/Vivado/2019.1/strategies/VDI2014.psg' discarded because strategy with same name already parsed from '/usr/local/Xilinx/Vivado/2019.1/strategies/VDI2014.psg'
WARNING: [Runs 36-547] Tool Strategy 'Performance_Explore' from file '/usr/local/Xilinx/Vivado/2019.1/strategies/VDI2014.psg' discarded because strategy with same name already parsed from '/usr/local/Xilinx/Vivado/2019.1/strategies/VDI2014.psg'
WARNING: [Runs 36-547] Tool Strategy 'Performance_ExplorePostRoutePhysOpt' from file '/usr/local/Xilinx/Vivado/2019.1/strategies/VDI2014.psg' discarded because strategy with same name already parsed from '/usr/local/Xilinx/Vivado/2019.1/strategies/VDI2014.psg'
WARNING: [Runs 36-547] Tool Strategy 'Performance_RefinePlacement' from file '/usr/local/Xilinx/Vivado/2019.1/strategies/VDI2014.psg' discarded because strategy with same name already parsed from '/usr/local/Xilinx/Vivado/2019.1/strategies/VDI2014.psg'
WARNING: [Runs 36-547] Tool Strategy 'Performance_WLBlockPlacement' from file '/usr/local/Xilinx/Vivado/2019.1/strategies/VDI2014.psg' discarded because strategy with same name already parsed from '/usr/local/Xilinx/Vivado/2019.1/strategies/VDI2014.psg'
WARNING: [Runs 36-547] Tool Strategy 'Performance_WLBlockPlacementFanoutOpt' from file '/usr/local/Xilinx/Vivado/2019.1/strategies/VDI2014.psg' discarded because strategy with same name already parsed from '/usr/local/Xilinx/Vivado/2019.1/strategies/VDI2014.psg'
WARNING: [Runs 36-547] Tool Strategy 'Performance_LateBlockPlacement' from file '/usr/local/Xilinx/Vivado/2019.1/strategies/VDI2014.psg' discarded because strategy with same name already parsed from '/usr/local/Xilinx/Vivado/2019.1/strategies/VDI2014.psg'
WARNING: [Runs 36-547] Tool Strategy 'Performance_NetDelay_high' from file '/usr/local/Xilinx/Vivado/2019.1/strategies/VDI2014.psg' discarded because strategy with same name already parsed from '/usr/local/Xilinx/Vivado/2019.1/strategies/VDI2014.psg'
WARNING: [Runs 36-547] Tool Strategy 'Performance_NetDelay_medium' from file '/usr/local/Xilinx/Vivado/2019.1/strategies/VDI2014.psg' discarded because strategy with same name already parsed from '/usr/local/Xilinx/Vivado/2019.1/strategies/VDI2014.psg'
WARNING: [Runs 36-547] Tool Strategy 'Performance_NetDelay_low' from file '/usr/local/Xilinx/Vivado/2019.1/strategies/VDI2014.psg' discarded because strategy with same name already parsed from '/usr/local/Xilinx/Vivado/2019.1/strategies/VDI2014.psg'
WARNING: [Runs 36-547] Tool Strategy 'Performance_ExploreSLLs' from file '/usr/local/Xilinx/Vivado/2019.1/strategies/VDI2014.psg' discarded because strategy with same name already parsed from '/usr/local/Xilinx/Vivado/2019.1/strategies/VDI2014.psg'
WARNING: [Runs 36-547] Tool Strategy 'Performance_Retiming' from file '/usr/local/Xilinx/Vivado/2019.1/strategies/VDI2014.psg' discarded because strategy with same name already parsed from '/usr/local/Xilinx/Vivado/2019.1/strategies/VDI2014.psg'
WARNING: [Runs 36-547] Tool Strategy 'Area_Explore' from file '/usr/local/Xilinx/Vivado/2019.1/strategies/VDI2014.psg' discarded because strategy with same name already parsed from '/usr/local/Xilinx/Vivado/2019.1/strategies/VDI2014.psg'
WARNING: [Runs 36-547] Tool Strategy 'Power_DefaultOpt' from file '/usr/local/Xilinx/Vivado/2019.1/strategies/VDI2014.psg' discarded because strategy with same name already parsed from '/usr/local/Xilinx/Vivado/2019.1/strategies/VDI2014.psg'
WARNING: [Runs 36-547] Tool Strategy 'Flow_RunPhysOpt' from file '/usr/local/Xilinx/Vivado/2019.1/strategies/VDI2014.psg' discarded because strategy with same name already parsed from '/usr/local/Xilinx/Vivado/2019.1/strategies/VDI2014.psg'
WARNING: [Runs 36-547] Tool Strategy 'Flow_RunPostRoutePhysOpt' from file '/usr/local/Xilinx/Vivado/2019.1/strategies/VDI2014.psg' discarded because strategy with same name already parsed from '/usr/local/Xilinx/Vivado/2019.1/strategies/VDI2014.psg'
WARNING: [Runs 36-547] Tool Strategy 'Flow_RuntimeOptimized' from file '/usr/local/Xilinx/Vivado/2019.1/strategies/VDI2014.psg' discarded because strategy with same name already parsed from '/usr/local/Xilinx/Vivado/2019.1/strategies/VDI2014.psg'
WARNING: [Runs 36-547] Tool Strategy 'Flow_Quick' from file '/usr/local/Xilinx/Vivado/2019.1/strategies/VDI2014.psg' discarded because strategy with same name already parsed from '/usr/local/Xilinx/Vivado/2019.1/strategies/VDI2014.psg'
WARNING: [Runs 36-547] Tool Strategy 'Congestion_SpreadLogic_high' from file '/usr/local/Xilinx/Vivado/2019.1/strategies/VDI2014.psg' discarded because strategy with same name already parsed from '/usr/local/Xilinx/Vivado/2019.1/strategies/VDI2014.psg'
WARNING: [Runs 36-547] Tool Strategy 'Congestion_SpreadLogic_medium' from file '/usr/local/Xilinx/Vivado/2019.1/strategies/VDI2014.psg' discarded because strategy with same name already parsed from '/usr/local/Xilinx/Vivado/2019.1/strategies/VDI2014.psg'
WARNING: [Runs 36-547] Tool Strategy 'Congestion_SpreadLogic_low' from file '/usr/local/Xilinx/Vivado/2019.1/strategies/VDI2014.psg' discarded because strategy with same name already parsed from '/usr/local/Xilinx/Vivado/2019.1/strategies/VDI2014.psg'
WARNING: [Runs 36-547] Tool Strategy 'Congestion_SpreadLogicSLLs' from file '/usr/local/Xilinx/Vivado/2019.1/strategies/VDI2014.psg' discarded because strategy with same name already parsed from '/usr/local/Xilinx/Vivado/2019.1/strategies/VDI2014.psg'
WARNING: [Runs 36-547] Tool Strategy 'Congestion_BalanceSLLs' from file '/usr/local/Xilinx/Vivado/2019.1/strategies/VDI2014.psg' discarded because strategy with same name already parsed from '/usr/local/Xilinx/Vivado/2019.1/strategies/VDI2014.psg'
WARNING: [Runs 36-547] Tool Strategy 'Congestion_BalanceSLRs' from file '/usr/local/Xilinx/Vivado/2019.1/strategies/VDI2014.psg' discarded because strategy with same name already parsed from '/usr/local/Xilinx/Vivado/2019.1/strategies/VDI2014.psg'
WARNING: [Runs 36-547] Tool Strategy 'Congestion_CompressSLRs' from file '/usr/local/Xilinx/Vivado/2019.1/strategies/VDI2014.psg' discarded because strategy with same name already parsed from '/usr/local/Xilinx/Vivado/2019.1/strategies/VDI2014.psg'
WARNING: [Runs 36-547] Tool Strategy 'Vivado Synthesis Defaults' from file '/usr/local/Xilinx/Vivado/2019.1/strategies/VDS2018.psg' discarded because strategy with same name already parsed from '/usr/local/Xilinx/Vivado/2019.1/strategies/VDS2018.psg'
WARNING: [Runs 36-547] Tool Strategy 'Flow_AreaOptimized_high' from file '/usr/local/Xilinx/Vivado/2019.1/strategies/VDS2018.psg' discarded because strategy with same name already parsed from '/usr/local/Xilinx/Vivado/2019.1/strategies/VDS2018.psg'
WARNING: [Runs 36-547] Tool Strategy 'Flow_AreaOptimized_medium' from file '/usr/local/Xilinx/Vivado/2019.1/strategies/VDS2018.psg' discarded because strategy with same name already parsed from '/usr/local/Xilinx/Vivado/2019.1/strategies/VDS2018.psg'
WARNING: [Runs 36-547] Tool Strategy 'Flow_AreaMultThresholdDSP' from file '/usr/local/Xilinx/Vivado/2019.1/strategies/VDS2018.psg' discarded because strategy with same name already parsed from '/usr/local/Xilinx/Vivado/2019.1/strategies/VDS2018.psg'
WARNING: [Runs 36-547] Tool Strategy 'Flow_AlternateRoutability' from file '/usr/local/Xilinx/Vivado/2019.1/strategies/VDS2018.psg' discarded because strategy with same name already parsed from '/usr/local/Xilinx/Vivado/2019.1/strategies/VDS2018.psg'
WARNING: [Runs 36-547] Tool Strategy 'Flow_PerfOptimized_high' from file '/usr/local/Xilinx/Vivado/2019.1/strategies/VDS2018.psg' discarded because strategy with same name already parsed from '/usr/local/Xilinx/Vivado/2019.1/strategies/VDS2018.psg'
WARNING: [Runs 36-547] Tool Strategy 'Flow_PerfThresholdCarry' from file '/usr/local/Xilinx/Vivado/2019.1/strategies/VDS2018.psg' discarded because strategy with same name already parsed from '/usr/local/Xilinx/Vivado/2019.1/strategies/VDS2018.psg'
WARNING: [Runs 36-547] Tool Strategy 'Flow_RuntimeOptimized' from file '/usr/local/Xilinx/Vivado/2019.1/strategies/VDS2018.psg' discarded because strategy with same name already parsed from '/usr/local/Xilinx/Vivado/2019.1/strategies/VDS2018.psg'
WARNING: [Runs 36-547] Tool Strategy 'Rodin Implementation Defaults' from file '/usr/local/Xilinx/Vivado/2019.1/strategies/RDI13.psg' discarded because strategy with same name already parsed from '/usr/local/Xilinx/Vivado/2019.1/strategies/RDI13.psg'
WARNING: [Runs 36-547] Tool Strategy 'Vivado Synthesis Defaults' from file '/usr/local/Xilinx/Vivado/2019.1/strategies/VDS2019.psg' discarded because strategy with same name already parsed from '/usr/local/Xilinx/Vivado/2019.1/strategies/VDS2019.psg'
WARNING: [Runs 36-547] Tool Strategy 'Flow_AreaOptimized_high' from file '/usr/local/Xilinx/Vivado/2019.1/strategies/VDS2019.psg' discarded because strategy with same name already parsed from '/usr/local/Xilinx/Vivado/2019.1/strategies/VDS2019.psg'
WARNING: [Runs 36-547] Tool Strategy 'Flow_AreaOptimized_medium' from file '/usr/local/Xilinx/Vivado/2019.1/strategies/VDS2019.psg' discarded because strategy with same name already parsed from '/usr/local/Xilinx/Vivado/2019.1/strategies/VDS2019.psg'
WARNING: [Runs 36-547] Tool Strategy 'Flow_AreaMultThresholdDSP' from file '/usr/local/Xilinx/Vivado/2019.1/strategies/VDS2019.psg' discarded because strategy with same name already parsed from '/usr/local/Xilinx/Vivado/2019.1/strategies/VDS2019.psg'
WARNING: [Runs 36-547] Tool Strategy 'Flow_AlternateRoutability' from file '/usr/local/Xilinx/Vivado/2019.1/strategies/VDS2019.psg' discarded because strategy with same name already parsed from '/usr/local/Xilinx/Vivado/2019.1/strategies/VDS2019.psg'
WARNING: [Runs 36-547] Tool Strategy 'Flow_PerfOptimized_high' from file '/usr/local/Xilinx/Vivado/2019.1/strategies/VDS2019.psg' discarded because strategy with same name already parsed from '/usr/local/Xilinx/Vivado/2019.1/strategies/VDS2019.psg'
WARNING: [Runs 36-547] Tool Strategy 'Flow_PerfThresholdCarry' from file '/usr/local/Xilinx/Vivado/2019.1/strategies/VDS2019.psg' discarded because strategy with same name already parsed from '/usr/local/Xilinx/Vivado/2019.1/strategies/VDS2019.psg'
WARNING: [Runs 36-547] Tool Strategy 'Flow_RuntimeOptimized' from file '/usr/local/Xilinx/Vivado/2019.1/strategies/VDS2019.psg' discarded because strategy with same name already parsed from '/usr/local/Xilinx/Vivado/2019.1/strategies/VDS2019.psg'
WARNING: [Runs 36-547] Tool Strategy 'HLS Compile C Defaults' from file '/usr/local/Xilinx/Vivado/2019.1/strategies/CC2015.psg' discarded because strategy with same name already parsed from '/usr/local/Xilinx/Vivado/2019.1/strategies/CC2015.psg'
WARNING: [Runs 36-547] Tool Strategy 'Vivado Synthesis Defaults' from file '/usr/local/Xilinx/Vivado/2019.1/strategies/VDS2013.psg' discarded because strategy with same name already parsed from '/usr/local/Xilinx/Vivado/2019.1/strategies/VDS2013.psg'
WARNING: [Runs 36-547] Tool Strategy 'Flow_RuntimeOptimized' from file '/usr/local/Xilinx/Vivado/2019.1/strategies/VDS2013.psg' discarded because strategy with same name already parsed from '/usr/local/Xilinx/Vivado/2019.1/strategies/VDS2013.psg'
WARNING: [Runs 36-547] Tool Strategy 'Vivado Implementation Defaults' from file '/usr/local/Xilinx/Vivado/2019.1/strategies/VDI2013.psg' discarded because strategy with same name already parsed from '/usr/local/Xilinx/Vivado/2019.1/strategies/VDI2013.psg'
WARNING: [Runs 36-547] Tool Strategy 'Performance_Explore' from file '/usr/local/Xilinx/Vivado/2019.1/strategies/VDI2013.psg' discarded because strategy with same name already parsed from '/usr/local/Xilinx/Vivado/2019.1/strategies/VDI2013.psg'
WARNING: [Runs 36-547] Tool Strategy 'Performance_RefinePlacement' from file '/usr/local/Xilinx/Vivado/2019.1/strategies/VDI2013.psg' discarded because strategy with same name already parsed from '/usr/local/Xilinx/Vivado/2019.1/strategies/VDI2013.psg'
WARNING: [Runs 36-547] Tool Strategy 'Performance_WLBlockPlacement' from file '/usr/local/Xilinx/Vivado/2019.1/strategies/VDI2013.psg' discarded because strategy with same name already parsed from '/usr/local/Xilinx/Vivado/2019.1/strategies/VDI2013.psg'
WARNING: [Runs 36-547] Tool Strategy 'Performance_WLBlockPlacementFanoutOpt' from file '/usr/local/Xilinx/Vivado/2019.1/strategies/VDI2013.psg' discarded because strategy with same name already parsed from '/usr/local/Xilinx/Vivado/2019.1/strategies/VDI2013.psg'
WARNING: [Runs 36-547] Tool Strategy 'Performance_LateBlockPlacement' from file '/usr/local/Xilinx/Vivado/2019.1/strategies/VDI2013.psg' discarded because strategy with same name already parsed from '/usr/local/Xilinx/Vivado/2019.1/strategies/VDI2013.psg'
WARNING: [Runs 36-547] Tool Strategy 'Performance_NetDelay_high' from file '/usr/local/Xilinx/Vivado/2019.1/strategies/VDI2013.psg' discarded because strategy with same name already parsed from '/usr/local/Xilinx/Vivado/2019.1/strategies/VDI2013.psg'
WARNING: [Runs 36-547] Tool Strategy 'Performance_NetDelay_medium' from file '/usr/local/Xilinx/Vivado/2019.1/strategies/VDI2013.psg' discarded because strategy with same name already parsed from '/usr/local/Xilinx/Vivado/2019.1/strategies/VDI2013.psg'
WARNING: [Runs 36-547] Tool Strategy 'Performance_NetDelay_low' from file '/usr/local/Xilinx/Vivado/2019.1/strategies/VDI2013.psg' discarded because strategy with same name already parsed from '/usr/local/Xilinx/Vivado/2019.1/strategies/VDI2013.psg'
WARNING: [Runs 36-547] Tool Strategy 'Performance_ExploreSLLs' from file '/usr/local/Xilinx/Vivado/2019.1/strategies/VDI2013.psg' discarded because strategy with same name already parsed from '/usr/local/Xilinx/Vivado/2019.1/strategies/VDI2013.psg'
WARNING: [Runs 36-547] Tool Strategy 'Area_Explore' from file '/usr/local/Xilinx/Vivado/2019.1/strategies/VDI2013.psg' discarded because strategy with same name already parsed from '/usr/local/Xilinx/Vivado/2019.1/strategies/VDI2013.psg'
WARNING: [Runs 36-547] Tool Strategy 'Power_DefaultOpt' from file '/usr/local/Xilinx/Vivado/2019.1/strategies/VDI2013.psg' discarded because strategy with same name already parsed from '/usr/local/Xilinx/Vivado/2019.1/strategies/VDI2013.psg'
WARNING: [Runs 36-547] Tool Strategy 'Flow_RunPhysOpt' from file '/usr/local/Xilinx/Vivado/2019.1/strategies/VDI2013.psg' discarded because strategy with same name already parsed from '/usr/local/Xilinx/Vivado/2019.1/strategies/VDI2013.psg'
WARNING: [Runs 36-547] Tool Strategy 'Flow_RuntimeOptimized' from file '/usr/local/Xilinx/Vivado/2019.1/strategies/VDI2013.psg' discarded because strategy with same name already parsed from '/usr/local/Xilinx/Vivado/2019.1/strategies/VDI2013.psg'
WARNING: [Runs 36-547] Tool Strategy 'Flow_Quick' from file '/usr/local/Xilinx/Vivado/2019.1/strategies/VDI2013.psg' discarded because strategy with same name already parsed from '/usr/local/Xilinx/Vivado/2019.1/strategies/VDI2013.psg'
WARNING: [Runs 36-547] Tool Strategy 'Congestion_SpreadLogic_high' from file '/usr/local/Xilinx/Vivado/2019.1/strategies/VDI2013.psg' discarded because strategy with same name already parsed from '/usr/local/Xilinx/Vivado/2019.1/strategies/VDI2013.psg'
WARNING: [Runs 36-547] Tool Strategy 'Congestion_SpreadLogic_medium' from file '/usr/local/Xilinx/Vivado/2019.1/strategies/VDI2013.psg' discarded because strategy with same name already parsed from '/usr/local/Xilinx/Vivado/2019.1/strategies/VDI2013.psg'
WARNING: [Runs 36-547] Tool Strategy 'Congestion_SpreadLogic_low' from file '/usr/local/Xilinx/Vivado/2019.1/strategies/VDI2013.psg' discarded because strategy with same name already parsed from '/usr/local/Xilinx/Vivado/2019.1/strategies/VDI2013.psg'
WARNING: [Runs 36-547] Tool Strategy 'Congestion_SpreadLogicSLLs' from file '/usr/local/Xilinx/Vivado/2019.1/strategies/VDI2013.psg' discarded because strategy with same name already parsed from '/usr/local/Xilinx/Vivado/2019.1/strategies/VDI2013.psg'
WARNING: [Runs 36-547] Tool Strategy 'Congestion_BalanceSLLs' from file '/usr/local/Xilinx/Vivado/2019.1/strategies/VDI2013.psg' discarded because strategy with same name already parsed from '/usr/local/Xilinx/Vivado/2019.1/strategies/VDI2013.psg'
WARNING: [Runs 36-547] Tool Strategy 'Congestion_BalanceSLRs' from file '/usr/local/Xilinx/Vivado/2019.1/strategies/VDI2013.psg' discarded because strategy with same name already parsed from '/usr/local/Xilinx/Vivado/2019.1/strategies/VDI2013.psg'
WARNING: [Runs 36-547] Tool Strategy 'Congestion_CompressSLRs' from file '/usr/local/Xilinx/Vivado/2019.1/strategies/VDI2013.psg' discarded because strategy with same name already parsed from '/usr/local/Xilinx/Vivado/2019.1/strategies/VDI2013.psg'
WARNING: [Runs 36-547] Tool Strategy 'Vivado Synthesis Defaults' from file '/usr/local/Xilinx/Vivado/2019.1/strategies/VDS2012.psg' discarded because strategy with same name already parsed from '/usr/local/Xilinx/Vivado/2019.1/strategies/VDS2012.psg'
WARNING: [Runs 36-547] Tool Strategy 'Vivado Implementation Defaults' from file '/usr/local/Xilinx/Vivado/2019.1/strategies/VDI2016.psg' discarded because strategy with same name already parsed from '/usr/local/Xilinx/Vivado/2019.1/strategies/VDI2016.psg'
WARNING: [Runs 36-547] Tool Strategy 'Performance_Explore' from file '/usr/local/Xilinx/Vivado/2019.1/strategies/VDI2016.psg' discarded because strategy with same name already parsed from '/usr/local/Xilinx/Vivado/2019.1/strategies/VDI2016.psg'
WARNING: [Runs 36-547] Tool Strategy 'Performance_ExplorePostRoutePhysOpt' from file '/usr/local/Xilinx/Vivado/2019.1/strategies/VDI2016.psg' discarded because strategy with same name already parsed from '/usr/local/Xilinx/Vivado/2019.1/strategies/VDI2016.psg'
WARNING: [Runs 36-547] Tool Strategy 'Performance_WLBlockPlacement' from file '/usr/local/Xilinx/Vivado/2019.1/strategies/VDI2016.psg' discarded because strategy with same name already parsed from '/usr/local/Xilinx/Vivado/2019.1/strategies/VDI2016.psg'
WARNING: [Runs 36-547] Tool Strategy 'Performance_WLBlockPlacementFanoutOpt' from file '/usr/local/Xilinx/Vivado/2019.1/strategies/VDI2016.psg' discarded because strategy with same name already parsed from '/usr/local/Xilinx/Vivado/2019.1/strategies/VDI2016.psg'
WARNING: [Runs 36-547] Tool Strategy 'Performance_NetDelay_high' from file '/usr/local/Xilinx/Vivado/2019.1/strategies/VDI2016.psg' discarded because strategy with same name already parsed from '/usr/local/Xilinx/Vivado/2019.1/strategies/VDI2016.psg'
WARNING: [Runs 36-547] Tool Strategy 'Performance_NetDelay_low' from file '/usr/local/Xilinx/Vivado/2019.1/strategies/VDI2016.psg' discarded because strategy with same name already parsed from '/usr/local/Xilinx/Vivado/2019.1/strategies/VDI2016.psg'
WARNING: [Runs 36-547] Tool Strategy 'Performance_Retiming' from file '/usr/local/Xilinx/Vivado/2019.1/strategies/VDI2016.psg' discarded because strategy with same name already parsed from '/usr/local/Xilinx/Vivado/2019.1/strategies/VDI2016.psg'
WARNING: [Runs 36-547] Tool Strategy 'Performance_ExtraTimingOpt' from file '/usr/local/Xilinx/Vivado/2019.1/strategies/VDI2016.psg' discarded because strategy with same name already parsed from '/usr/local/Xilinx/Vivado/2019.1/strategies/VDI2016.psg'
WARNING: [Runs 36-547] Tool Strategy 'Performance_RefinePlacement' from file '/usr/local/Xilinx/Vivado/2019.1/strategies/VDI2016.psg' discarded because strategy with same name already parsed from '/usr/local/Xilinx/Vivado/2019.1/strategies/VDI2016.psg'
WARNING: [Runs 36-547] Tool Strategy 'Performance_SpreadSLLs' from file '/usr/local/Xilinx/Vivado/2019.1/strategies/VDI2016.psg' discarded because strategy with same name already parsed from '/usr/local/Xilinx/Vivado/2019.1/strategies/VDI2016.psg'
WARNING: [Runs 36-547] Tool Strategy 'Performance_BalanceSLLs' from file '/usr/local/Xilinx/Vivado/2019.1/strategies/VDI2016.psg' discarded because strategy with same name already parsed from '/usr/local/Xilinx/Vivado/2019.1/strategies/VDI2016.psg'
WARNING: [Runs 36-547] Tool Strategy 'Congestion_SpreadLogic_high' from file '/usr/local/Xilinx/Vivado/2019.1/strategies/VDI2016.psg' discarded because strategy with same name already parsed from '/usr/local/Xilinx/Vivado/2019.1/strategies/VDI2016.psg'
WARNING: [Runs 36-547] Tool Strategy 'Congestion_SpreadLogic_medium' from file '/usr/local/Xilinx/Vivado/2019.1/strategies/VDI2016.psg' discarded because strategy with same name already parsed from '/usr/local/Xilinx/Vivado/2019.1/strategies/VDI2016.psg'
WARNING: [Runs 36-547] Tool Strategy 'Congestion_SpreadLogic_low' from file '/usr/local/Xilinx/Vivado/2019.1/strategies/VDI2016.psg' discarded because strategy with same name already parsed from '/usr/local/Xilinx/Vivado/2019.1/strategies/VDI2016.psg'
WARNING: [Runs 36-547] Tool Strategy 'Congestion_SpreadLogic_Explore' from file '/usr/local/Xilinx/Vivado/2019.1/strategies/VDI2016.psg' discarded because strategy with same name already parsed from '/usr/local/Xilinx/Vivado/2019.1/strategies/VDI2016.psg'
WARNING: [Runs 36-547] Tool Strategy 'Congestion_SSI_SpreadLogic_high' from file '/usr/local/Xilinx/Vivado/2019.1/strategies/VDI2016.psg' discarded because strategy with same name already parsed from '/usr/local/Xilinx/Vivado/2019.1/strategies/VDI2016.psg'
WARNING: [Runs 36-547] Tool Strategy 'Congestion_SSI_SpreadLogic_low' from file '/usr/local/Xilinx/Vivado/2019.1/strategies/VDI2016.psg' discarded because strategy with same name already parsed from '/usr/local/Xilinx/Vivado/2019.1/strategies/VDI2016.psg'
WARNING: [Runs 36-547] Tool Strategy 'Congestion_SSI_SpreadLogic_Explore' from file '/usr/local/Xilinx/Vivado/2019.1/strategies/VDI2016.psg' discarded because strategy with same name already parsed from '/usr/local/Xilinx/Vivado/2019.1/strategies/VDI2016.psg'
WARNING: [Runs 36-547] Tool Strategy 'Area_Explore' from file '/usr/local/Xilinx/Vivado/2019.1/strategies/VDI2016.psg' discarded because strategy with same name already parsed from '/usr/local/Xilinx/Vivado/2019.1/strategies/VDI2016.psg'
WARNING: [Runs 36-547] Tool Strategy 'Area_ExploreSequential' from file '/usr/local/Xilinx/Vivado/2019.1/strategies/VDI2016.psg' discarded because strategy with same name already parsed from '/usr/local/Xilinx/Vivado/2019.1/strategies/VDI2016.psg'
WARNING: [Runs 36-547] Tool Strategy 'Area_ExploreWithRemap' from file '/usr/local/Xilinx/Vivado/2019.1/strategies/VDI2016.psg' discarded because strategy with same name already parsed from '/usr/local/Xilinx/Vivado/2019.1/strategies/VDI2016.psg'
WARNING: [Runs 36-547] Tool Strategy 'Power_DefaultOpt' from file '/usr/local/Xilinx/Vivado/2019.1/strategies/VDI2016.psg' discarded because strategy with same name already parsed from '/usr/local/Xilinx/Vivado/2019.1/strategies/VDI2016.psg'
WARNING: [Runs 36-547] Tool Strategy 'Power_ExploreArea' from file '/usr/local/Xilinx/Vivado/2019.1/strategies/VDI2016.psg' discarded because strategy with same name already parsed from '/usr/local/Xilinx/Vivado/2019.1/strategies/VDI2016.psg'
WARNING: [Runs 36-547] Tool Strategy 'Flow_RunPhysOpt' from file '/usr/local/Xilinx/Vivado/2019.1/strategies/VDI2016.psg' discarded because strategy with same name already parsed from '/usr/local/Xilinx/Vivado/2019.1/strategies/VDI2016.psg'
WARNING: [Runs 36-547] Tool Strategy 'Flow_RunPostRoutePhysOpt' from file '/usr/local/Xilinx/Vivado/2019.1/strategies/VDI2016.psg' discarded because strategy with same name already parsed from '/usr/local/Xilinx/Vivado/2019.1/strategies/VDI2016.psg'
WARNING: [Runs 36-547] Tool Strategy 'Flow_RuntimeOptimized' from file '/usr/local/Xilinx/Vivado/2019.1/strategies/VDI2016.psg' discarded because strategy with same name already parsed from '/usr/local/Xilinx/Vivado/2019.1/strategies/VDI2016.psg'
WARNING: [Runs 36-547] Tool Strategy 'Flow_Quick' from file '/usr/local/Xilinx/Vivado/2019.1/strategies/VDI2016.psg' discarded because strategy with same name already parsed from '/usr/local/Xilinx/Vivado/2019.1/strategies/VDI2016.psg'
INFO: [Common 17-14] Message 'Runs 36-547' appears 100 times and further instances of the messages will be disabled. Use the Tcl command set_msg_config to change the current settings.
WARNING: [Runs 36-546] Tool Report Strategy 'Vivado Synthesis Default Reports' from file '/usr/local/Xilinx/Vivado/2019.1/reportstrategies/VRS2019.psg' discarded because strategy with same name already parsed from '/usr/local/Xilinx/Vivado/2019.1/reportstrategies/VRS2019.psg'
WARNING: [Runs 36-546] Tool Report Strategy 'No Reports' from file '/usr/local/Xilinx/Vivado/2019.1/reportstrategies/VRS2019.psg' discarded because strategy with same name already parsed from '/usr/local/Xilinx/Vivado/2019.1/reportstrategies/VRS2019.psg'
WARNING: [Runs 36-546] Tool Report Strategy 'Vivado Implementation Default Reports' from file '/usr/local/Xilinx/Vivado/2019.1/reportstrategies/VRI2018.psg' discarded because strategy with same name already parsed from '/usr/local/Xilinx/Vivado/2019.1/reportstrategies/VRI2018.psg'
WARNING: [Runs 36-546] Tool Report Strategy 'UltraFast Design Methodology Reports' from file '/usr/local/Xilinx/Vivado/2019.1/reportstrategies/VRI2018.psg' discarded because strategy with same name already parsed from '/usr/local/Xilinx/Vivado/2019.1/reportstrategies/VRI2018.psg'
WARNING: [Runs 36-546] Tool Report Strategy 'Performance Explore Reports' from file '/usr/local/Xilinx/Vivado/2019.1/reportstrategies/VRI2018.psg' discarded because strategy with same name already parsed from '/usr/local/Xilinx/Vivado/2019.1/reportstrategies/VRI2018.psg'
WARNING: [Runs 36-546] Tool Report Strategy 'Timing Closure Reports' from file '/usr/local/Xilinx/Vivado/2019.1/reportstrategies/VRI2018.psg' discarded because strategy with same name already parsed from '/usr/local/Xilinx/Vivado/2019.1/reportstrategies/VRI2018.psg'
WARNING: [Runs 36-546] Tool Report Strategy 'No Reports' from file '/usr/local/Xilinx/Vivado/2019.1/reportstrategies/VRI2018.psg' discarded because strategy with same name already parsed from '/usr/local/Xilinx/Vivado/2019.1/reportstrategies/VRI2018.psg'
WARNING: [Runs 36-546] Tool Report Strategy 'Vivado Synthesis Default Reports' from file '/usr/local/Xilinx/Vivado/2019.1/reportstrategies/VRS2017.psg' discarded because strategy with same name already parsed from '/usr/local/Xilinx/Vivado/2019.1/reportstrategies/VRS2017.psg'
WARNING: [Runs 36-546] Tool Report Strategy 'No Reports' from file '/usr/local/Xilinx/Vivado/2019.1/reportstrategies/VRS2017.psg' discarded because strategy with same name already parsed from '/usr/local/Xilinx/Vivado/2019.1/reportstrategies/VRS2017.psg'
WARNING: [Runs 36-546] Tool Report Strategy 'Vivado Synthesis Default Reports' from file '/usr/local/Xilinx/Vivado/2019.1/reportstrategies/VRS2018.psg' discarded because strategy with same name already parsed from '/usr/local/Xilinx/Vivado/2019.1/reportstrategies/VRS2018.psg'
WARNING: [Runs 36-546] Tool Report Strategy 'No Reports' from file '/usr/local/Xilinx/Vivado/2019.1/reportstrategies/VRS2018.psg' discarded because strategy with same name already parsed from '/usr/local/Xilinx/Vivado/2019.1/reportstrategies/VRS2018.psg'
WARNING: [Runs 36-546] Tool Report Strategy 'Vivado Implementation Default Reports' from file '/usr/local/Xilinx/Vivado/2019.1/reportstrategies/VRI2017.psg' discarded because strategy with same name already parsed from '/usr/local/Xilinx/Vivado/2019.1/reportstrategies/VRI2017.psg'
WARNING: [Runs 36-546] Tool Report Strategy 'UltraFast Design Methodology Reports' from file '/usr/local/Xilinx/Vivado/2019.1/reportstrategies/VRI2017.psg' discarded because strategy with same name already parsed from '/usr/local/Xilinx/Vivado/2019.1/reportstrategies/VRI2017.psg'
WARNING: [Runs 36-546] Tool Report Strategy 'Performance Explore Reports' from file '/usr/local/Xilinx/Vivado/2019.1/reportstrategies/VRI2017.psg' discarded because strategy with same name already parsed from '/usr/local/Xilinx/Vivado/2019.1/reportstrategies/VRI2017.psg'
WARNING: [Runs 36-546] Tool Report Strategy 'Timing Closure Reports' from file '/usr/local/Xilinx/Vivado/2019.1/reportstrategies/VRI2017.psg' discarded because strategy with same name already parsed from '/usr/local/Xilinx/Vivado/2019.1/reportstrategies/VRI2017.psg'
WARNING: [Runs 36-546] Tool Report Strategy 'No Reports' from file '/usr/local/Xilinx/Vivado/2019.1/reportstrategies/VRI2017.psg' discarded because strategy with same name already parsed from '/usr/local/Xilinx/Vivado/2019.1/reportstrategies/VRI2017.psg'
WARNING: [Runs 36-546] Tool Report Strategy 'Vivado Implementation Default Reports' from file '/usr/local/Xilinx/Vivado/2019.1/reportstrategies/VRI2019.psg' discarded because strategy with same name already parsed from '/usr/local/Xilinx/Vivado/2019.1/reportstrategies/VRI2019.psg'
WARNING: [Runs 36-546] Tool Report Strategy 'UltraFast Design Methodology Reports' from file '/usr/local/Xilinx/Vivado/2019.1/reportstrategies/VRI2019.psg' discarded because strategy with same name already parsed from '/usr/local/Xilinx/Vivado/2019.1/reportstrategies/VRI2019.psg'
WARNING: [Runs 36-546] Tool Report Strategy 'Performance Explore Reports' from file '/usr/local/Xilinx/Vivado/2019.1/reportstrategies/VRI2019.psg' discarded because strategy with same name already parsed from '/usr/local/Xilinx/Vivado/2019.1/reportstrategies/VRI2019.psg'
WARNING: [Runs 36-546] Tool Report Strategy 'Timing Closure Reports' from file '/usr/local/Xilinx/Vivado/2019.1/reportstrategies/VRI2019.psg' discarded because strategy with same name already parsed from '/usr/local/Xilinx/Vivado/2019.1/reportstrategies/VRI2019.psg'
WARNING: [Runs 36-546] Tool Report Strategy 'No Reports' from file '/usr/local/Xilinx/Vivado/2019.1/reportstrategies/VRI2019.psg' discarded because strategy with same name already parsed from '/usr/local/Xilinx/Vivado/2019.1/reportstrategies/VRI2019.psg'
source top.tcl -notrace
Command: open_checkpoint top_postroute_physopt.dcp

Starting open_checkpoint Task

Time (s): cpu = 00:00:00.02 ; elapsed = 00:00:00.03 . Memory (MB): peak = 1642.293 ; gain = 0.000 ; free physical = 15221 ; free virtual = 56890
INFO: [Device 21-403] Loading part xc7vx690tffg1927-2
INFO: [Netlist 29-17] Analyzing 8042 Unisim elements for replacement
INFO: [Netlist 29-28] Unisim Transformation completed in 0 CPU seconds
INFO: [Project 1-479] Netlist was created with Vivado 2019.1
INFO: [Project 1-570] Preparing netlist for logic optimization
INFO: [Timing 38-478] Restoring timing data from binary archive.
INFO: [Timing 38-479] Binary timing data restore complete.
INFO: [Project 1-856] Restoring constraints from binary archive.
INFO: [Project 1-853] Binary constraint restore complete.
Reading XDEF placement.
Reading placer database...
Reading XDEF routing.
Read XDEF File: Time (s): cpu = 00:00:02 ; elapsed = 00:00:02 . Memory (MB): peak = 3354.996 ; gain = 80.961 ; free physical = 13452 ; free virtual = 55128
Restored from archive | CPU: 2.200000 secs | Memory: 95.013062 MB |
Finished XDEF File Restore: Time (s): cpu = 00:00:02 ; elapsed = 00:00:02 . Memory (MB): peak = 3354.996 ; gain = 80.961 ; free physical = 13452 ; free virtual = 55128
Netlist sorting complete. Time (s): cpu = 00:00:00.01 ; elapsed = 00:00:00.01 . Memory (MB): peak = 3354.996 ; gain = 0.000 ; free physical = 13476 ; free virtual = 55150
INFO: [Project 1-111] Unisim Transformation Summary:
  A total of 4666 instances were transformed.
  IOBUF => IOBUF (IBUF, OBUFT): 31 instances
  LUT6_2 => LUT6_2 (LUT5, LUT6): 95 instances
  RAM16X1D => RAM32X1D (RAMD32, RAMD32): 32 instances
  RAM32M => RAM32M (RAMD32, RAMD32, RAMD32, RAMD32, RAMD32, RAMD32, RAMS32, RAMS32): 57 instances
  RAM64M => RAM64M (RAMD64E, RAMD64E, RAMD64E, RAMD64E): 3648 instances
  RAM64X1D => RAM64X1D (RAMD64E, RAMD64E): 32 instances
  SRLC16E => SRL16E: 1 instances
  SRLC32E => SRL16E: 770 instances

INFO: [Project 1-604] Checkpoint was created with Vivado v2019.1 (64-bit) build 2552052
open_checkpoint: Time (s): cpu = 00:00:19 ; elapsed = 00:00:21 . Memory (MB): peak = 3354.996 ; gain = 1712.703 ; free physical = 13476 ; free virtual = 55150
INFO: [Memdata 28-167] Found XPM memory block ethernet_one_gbe_skarab_axi_inst/ethernet_one_gbe_skarab_axi_struct/axi_fifo_2/xpm_fifo_axis_inst/xpm_fifo_base_inst/gen_sdpram.xpm_memory_base_inst with a P_MEMORY_PRIMITIVE property set to distributed. A value of block is required. You will not be able to use the updatemem program to update the bitstream with new data for the ethernet_one_gbe_skarab_axi_inst/ethernet_one_gbe_skarab_axi_struct/axi_fifo_2/xpm_fifo_axis_inst/xpm_fifo_base_inst/gen_sdpram.xpm_memory_base_inst block.
INFO: [Memdata 28-167] Found XPM memory block ethernet_one_gbe_skarab_axi_inst/ethernet_one_gbe_skarab_axi_struct/axi_fifo_1/xpm_fifo_axis_inst/xpm_fifo_base_inst/gen_sdpram.xpm_memory_base_inst with a P_MEMORY_PRIMITIVE property set to distributed. A value of block is required. You will not be able to use the updatemem program to update the bitstream with new data for the ethernet_one_gbe_skarab_axi_inst/ethernet_one_gbe_skarab_axi_struct/axi_fifo_1/xpm_fifo_axis_inst/xpm_fifo_base_inst/gen_sdpram.xpm_memory_base_inst block.
Command: write_bitstream -force top.bit -bin_file
Attempting to get a license for feature 'Implementation' and/or device 'xc7vx690t'
INFO: [Common 17-349] Got license for feature 'Implementation' and/or device 'xc7vx690t'
Running DRC as a precondition to command write_bitstream
INFO: [IP_Flow 19-234] Refreshing IP repositories
INFO: [IP_Flow 19-1704] No user IP repositories specified
INFO: [IP_Flow 19-2313] Loaded Vivado IP repository '/usr/local/Xilinx/Vivado/2019.1/data/ip'.
INFO: [DRC 23-27] Running DRC with 8 threads
WARNING: [DRC CHECK-3] Report rule limit reached: REQP-1839 rule limit reached: 20 violations have been found.
WARNING: [DRC CHECK-3] Report rule limit reached: REQP-1840 rule limit reached: 20 violations have been found.
WARNING: [DRC REQP-1571] connects_D: The FDRE cell ethernet_one_gbe_skarab_axi_inst/ethernet_one_gbe_skarab_axi_struct/d3/ss/basic_ctrl/delay1/srl_delay.synth_reg_srl_inst/partial_one.last_srlc33e/reg_array[0].fde_used.u2 has no driver for the D input pin. To protect against unwanted transitions in all flows, the D input pin is required to have a driver. To resolve this violation, modify the design so that the D input pin has an active signal or constant logic-level tie-off.
WARNING: [DRC REQP-1571] connects_D: The FDRE cell ethernet_one_gbe_skarab_axi_inst/ethernet_one_gbe_skarab_axi_struct/d4/ss/basic_ctrl/delay1/srl_delay.synth_reg_srl_inst/partial_one.last_srlc33e/reg_array[0].fde_used.u2 has no driver for the D input pin. To protect against unwanted transitions in all flows, the D input pin is required to have a driver. To resolve this violation, modify the design so that the D input pin has an active signal or constant logic-level tie-off.
WARNING: [DRC REQP-1571] connects_D: The FDRE cell ethernet_one_gbe_skarab_axi_inst/ethernet_one_gbe_skarab_axi_struct/d5/ss/basic_ctrl/delay1/srl_delay.synth_reg_srl_inst/partial_one.last_srlc33e/reg_array[0].fde_used.u2 has no driver for the D input pin. To protect against unwanted transitions in all flows, the D input pin is required to have a driver. To resolve this violation, modify the design so that the D input pin has an active signal or constant logic-level tie-off.
WARNING: [DRC REQP-1571] connects_D: The FDRE cell ethernet_one_gbe_skarab_axi_inst/ethernet_one_gbe_skarab_axi_struct/pkt_ctrs1/ss/basic_ctrl/delay1/srl_delay.synth_reg_srl_inst/partial_one.last_srlc33e/reg_array[0].fde_used.u2 has no driver for the D input pin. To protect against unwanted transitions in all flows, the D input pin is required to have a driver. To resolve this violation, modify the design so that the D input pin has an active signal or constant logic-level tie-off.
WARNING: [DRC REQP-1571] connects_D: The FDRE cell ethernet_one_gbe_skarab_axi_inst/ethernet_one_gbe_skarab_axi_struct/pkt_ctrs_compare1/ss/basic_ctrl/delay1/srl_delay.synth_reg_srl_inst/partial_one.last_srlc33e/reg_array[0].fde_used.u2 has no driver for the D input pin. To protect against unwanted transitions in all flows, the D input pin is required to have a driver. To resolve this violation, modify the design so that the D input pin has an active signal or constant logic-level tie-off.
WARNING: [DRC REQP-1839] RAMB36 async control check: The RAMB36E1 ethernet_one_gbe_skarab_axi_tx_one_gbe/gmii_to_xaui_translator_0/gmii_to_xaui_fifo_0/U0/inst_fifo_gen/gconvfifo.rf/grf.rf/gntv_or_sync_fifo.mem/gbm.gbmg.gbmga.ngecc.bmg/inst_blk_mem_gen/gnbram.gnativebmg.native_blk_mem_gen/valid.cstr/ramloop[0].ram.r/prim_noinit.ram/DEVICE_7SERIES.NO_BMM_INFO.SDP.SIMPLE_PRIM36.ram has an input control pin ethernet_one_gbe_skarab_axi_tx_one_gbe/gmii_to_xaui_translator_0/gmii_to_xaui_fifo_0/U0/inst_fifo_gen/gconvfifo.rf/grf.rf/gntv_or_sync_fifo.mem/gbm.gbmg.gbmga.ngecc.bmg/inst_blk_mem_gen/gnbram.gnativebmg.native_blk_mem_gen/valid.cstr/ramloop[0].ram.r/prim_noinit.ram/DEVICE_7SERIES.NO_BMM_INFO.SDP.SIMPLE_PRIM36.ram/ENARDEN (net: ethernet_one_gbe_skarab_axi_tx_one_gbe/gmii_to_xaui_translator_0/gmii_to_xaui_fifo_0/U0/inst_fifo_gen/gconvfifo.rf/grf.rf/gntv_or_sync_fifo.mem/gbm.gbmg.gbmga.ngecc.bmg/inst_blk_mem_gen/gnbram.gnativebmg.native_blk_mem_gen/valid.cstr/ramloop[0].ram.r/prim_noinit.ram/DEVICE_7SERIES.NO_BMM_INFO.SDP.SIMPLE_PRIM36.ram_0) which is driven by a register (ethernet_one_gbe_skarab_axi_tx_one_gbe/gmii_to_xaui_translator_0/gmii_to_xaui_fifo_wr_en_reg) that has an active asychronous set or reset. This may cause corruption of the memory contents and/or read values when the set/reset is asserted and is not analyzed by the default static timing analysis. It is suggested to eliminate the use of a set/reset to registers driving this RAMB pin or else use a synchronous reset in which the assertion of the reset is timed by default.
WARNING: [DRC REQP-1839] RAMB36 async control check: The RAMB36E1 ethernet_one_gbe_skarab_axi_tx_one_gbe/gmii_to_xaui_translator_0/gmii_to_xaui_fifo_0/U0/inst_fifo_gen/gconvfifo.rf/grf.rf/gntv_or_sync_fifo.mem/gbm.gbmg.gbmga.ngecc.bmg/inst_blk_mem_gen/gnbram.gnativebmg.native_blk_mem_gen/valid.cstr/ramloop[0].ram.r/prim_noinit.ram/DEVICE_7SERIES.NO_BMM_INFO.SDP.SIMPLE_PRIM36.ram has an input control pin ethernet_one_gbe_skarab_axi_tx_one_gbe/gmii_to_xaui_translator_0/gmii_to_xaui_fifo_0/U0/inst_fifo_gen/gconvfifo.rf/grf.rf/gntv_or_sync_fifo.mem/gbm.gbmg.gbmga.ngecc.bmg/inst_blk_mem_gen/gnbram.gnativebmg.native_blk_mem_gen/valid.cstr/ramloop[0].ram.r/prim_noinit.ram/DEVICE_7SERIES.NO_BMM_INFO.SDP.SIMPLE_PRIM36.ram/ENBWREN (net: ethernet_one_gbe_skarab_axi_tx_one_gbe/gmii_to_xaui_translator_0/gmii_to_xaui_fifo_0/U0/inst_fifo_gen/gconvfifo.rf/grf.rf/gntv_or_sync_fifo.mem/gbm.gbmg.gbmga.ngecc.bmg/inst_blk_mem_gen/gnbram.gnativebmg.native_blk_mem_gen/valid.cstr/ramloop[0].ram.r/prim_noinit.ram/DEVICE_7SERIES.NO_BMM_INFO.SDP.SIMPLE_PRIM36.ram_ENBWREN_cooolgate_en_sig_114) which is driven by a register (ethernet_one_gbe_skarab_axi_tx_one_gbe/gmii_to_xaui_translator_0/FSM_onehot_current_gen_state_reg[2]) that has an active asychronous set or reset. This may cause corruption of the memory contents and/or read values when the set/reset is asserted and is not analyzed by the default static timing analysis. It is suggested to eliminate the use of a set/reset to registers driving this RAMB pin or else use a synchronous reset in which the assertion of the reset is timed by default.
WARNING: [DRC REQP-1839] RAMB36 async control check: The RAMB36E1 ethernet_one_gbe_skarab_axi_tx_one_gbe/gmii_to_xaui_translator_0/gmii_to_xaui_fifo_0/U0/inst_fifo_gen/gconvfifo.rf/grf.rf/gntv_or_sync_fifo.mem/gbm.gbmg.gbmga.ngecc.bmg/inst_blk_mem_gen/gnbram.gnativebmg.native_blk_mem_gen/valid.cstr/ramloop[0].ram.r/prim_noinit.ram/DEVICE_7SERIES.NO_BMM_INFO.SDP.SIMPLE_PRIM36.ram has an input control pin ethernet_one_gbe_skarab_axi_tx_one_gbe/gmii_to_xaui_translator_0/gmii_to_xaui_fifo_0/U0/inst_fifo_gen/gconvfifo.rf/grf.rf/gntv_or_sync_fifo.mem/gbm.gbmg.gbmga.ngecc.bmg/inst_blk_mem_gen/gnbram.gnativebmg.native_blk_mem_gen/valid.cstr/ramloop[0].ram.r/prim_noinit.ram/DEVICE_7SERIES.NO_BMM_INFO.SDP.SIMPLE_PRIM36.ram/ENBWREN (net: ethernet_one_gbe_skarab_axi_tx_one_gbe/gmii_to_xaui_translator_0/gmii_to_xaui_fifo_0/U0/inst_fifo_gen/gconvfifo.rf/grf.rf/gntv_or_sync_fifo.mem/gbm.gbmg.gbmga.ngecc.bmg/inst_blk_mem_gen/gnbram.gnativebmg.native_blk_mem_gen/valid.cstr/ramloop[0].ram.r/prim_noinit.ram/DEVICE_7SERIES.NO_BMM_INFO.SDP.SIMPLE_PRIM36.ram_ENBWREN_cooolgate_en_sig_114) which is driven by a register (skarab_infr/sync_sys_fpga_rst_reg) that has an active asychronous set or reset. This may cause corruption of the memory contents and/or read values when the set/reset is asserted and is not analyzed by the default static timing analysis. It is suggested to eliminate the use of a set/reset to registers driving this RAMB pin or else use a synchronous reset in which the assertion of the reset is timed by default.
WARNING: [DRC REQP-1839] RAMB36 async control check: The RAMB36E1 ethernet_one_gbe_skarab_axi_tx_one_gbe/gmii_to_xaui_translator_0/gmii_to_xaui_fifo_0/U0/inst_fifo_gen/gconvfifo.rf/grf.rf/gntv_or_sync_fifo.mem/gbm.gbmg.gbmga.ngecc.bmg/inst_blk_mem_gen/gnbram.gnativebmg.native_blk_mem_gen/valid.cstr/ramloop[0].ram.r/prim_noinit.ram/DEVICE_7SERIES.NO_BMM_INFO.SDP.SIMPLE_PRIM36.ram has an input control pin ethernet_one_gbe_skarab_axi_tx_one_gbe/gmii_to_xaui_translator_0/gmii_to_xaui_fifo_0/U0/inst_fifo_gen/gconvfifo.rf/grf.rf/gntv_or_sync_fifo.mem/gbm.gbmg.gbmga.ngecc.bmg/inst_blk_mem_gen/gnbram.gnativebmg.native_blk_mem_gen/valid.cstr/ramloop[0].ram.r/prim_noinit.ram/DEVICE_7SERIES.NO_BMM_INFO.SDP.SIMPLE_PRIM36.ram/ENBWREN (net: ethernet_one_gbe_skarab_axi_tx_one_gbe/gmii_to_xaui_translator_0/gmii_to_xaui_fifo_0/U0/inst_fifo_gen/gconvfifo.rf/grf.rf/gntv_or_sync_fifo.mem/gbm.gbmg.gbmga.ngecc.bmg/inst_blk_mem_gen/gnbram.gnativebmg.native_blk_mem_gen/valid.cstr/ramloop[0].ram.r/prim_noinit.ram/DEVICE_7SERIES.NO_BMM_INFO.SDP.SIMPLE_PRIM36.ram_ENBWREN_cooolgate_en_sig_114) which is driven by a register (skarab_infr/sys_fpga_rst_reg) that has an active asychronous set or reset. This may cause corruption of the memory contents and/or read values when the set/reset is asserted and is not analyzed by the default static timing analysis. It is suggested to eliminate the use of a set/reset to registers driving this RAMB pin or else use a synchronous reset in which the assertion of the reset is timed by default.
WARNING: [DRC REQP-1839] RAMB36 async control check: The RAMB36E1 ethernet_one_gbe_skarab_axi_tx_one_gbe/gmii_to_xaui_translator_0/gmii_to_xaui_fifo_0/U0/inst_fifo_gen/gconvfifo.rf/grf.rf/gntv_or_sync_fifo.mem/gbm.gbmg.gbmga.ngecc.bmg/inst_blk_mem_gen/gnbram.gnativebmg.native_blk_mem_gen/valid.cstr/ramloop[0].ram.r/prim_noinit.ram/DEVICE_7SERIES.NO_BMM_INFO.SDP.SIMPLE_PRIM36.ram has an input control pin ethernet_one_gbe_skarab_axi_tx_one_gbe/gmii_to_xaui_translator_0/gmii_to_xaui_fifo_0/U0/inst_fifo_gen/gconvfifo.rf/grf.rf/gntv_or_sync_fifo.mem/gbm.gbmg.gbmga.ngecc.bmg/inst_blk_mem_gen/gnbram.gnativebmg.native_blk_mem_gen/valid.cstr/ramloop[0].ram.r/prim_noinit.ram/DEVICE_7SERIES.NO_BMM_INFO.SDP.SIMPLE_PRIM36.ram/RSTRAMB (net: ethernet_one_gbe_skarab_axi_tx_one_gbe/gmii_to_xaui_translator_0/gmii_to_xaui_fifo_0/U0/inst_fifo_gen/gconvfifo.rf/grf.rf/gntv_or_sync_fifo.mem/gbm.gbmg.gbmga.ngecc.bmg/inst_blk_mem_gen/gnbram.gnativebmg.native_blk_mem_gen/valid.cstr/ramloop[0].ram.r/prim_noinit.ram/rd_rst) which is driven by a register (skarab_infr/sys_fpga_rst_reg) that has an active asychronous set or reset. This may cause corruption of the memory contents and/or read values when the set/reset is asserted and is not analyzed by the default static timing analysis. It is suggested to eliminate the use of a set/reset to registers driving this RAMB pin or else use a synchronous reset in which the assertion of the reset is timed by default.
WARNING: [DRC REQP-1839] RAMB36 async control check: The RAMB36E1 ethernet_one_gbe_skarab_axi_tx_one_gbe/gmii_to_xaui_translator_0/gmii_to_xaui_fifo_0/U0/inst_fifo_gen/gconvfifo.rf/grf.rf/gntv_or_sync_fifo.mem/gbm.gbmg.gbmga.ngecc.bmg/inst_blk_mem_gen/gnbram.gnativebmg.native_blk_mem_gen/valid.cstr/ramloop[0].ram.r/prim_noinit.ram/DEVICE_7SERIES.NO_BMM_INFO.SDP.SIMPLE_PRIM36.ram has an input control pin ethernet_one_gbe_skarab_axi_tx_one_gbe/gmii_to_xaui_translator_0/gmii_to_xaui_fifo_0/U0/inst_fifo_gen/gconvfifo.rf/grf.rf/gntv_or_sync_fifo.mem/gbm.gbmg.gbmga.ngecc.bmg/inst_blk_mem_gen/gnbram.gnativebmg.native_blk_mem_gen/valid.cstr/ramloop[0].ram.r/prim_noinit.ram/DEVICE_7SERIES.NO_BMM_INFO.SDP.SIMPLE_PRIM36.ram/WEA[0] (net: ethernet_one_gbe_skarab_axi_tx_one_gbe/gmii_to_xaui_translator_0/gmii_to_xaui_fifo_0/U0/inst_fifo_gen/gconvfifo.rf/grf.rf/gntv_or_sync_fifo.mem/gbm.gbmg.gbmga.ngecc.bmg/inst_blk_mem_gen/gnbram.gnativebmg.native_blk_mem_gen/valid.cstr/ramloop[0].ram.r/prim_noinit.ram/DEVICE_7SERIES.NO_BMM_INFO.SDP.SIMPLE_PRIM36.ram_0) which is driven by a register (ethernet_one_gbe_skarab_axi_tx_one_gbe/gmii_to_xaui_translator_0/gmii_to_xaui_fifo_wr_en_reg) that has an active asychronous set or reset. This may cause corruption of the memory contents and/or read values when the set/reset is asserted and is not analyzed by the default static timing analysis. It is suggested to eliminate the use of a set/reset to registers driving this RAMB pin or else use a synchronous reset in which the assertion of the reset is timed by default.
WARNING: [DRC REQP-1839] RAMB36 async control check: The RAMB36E1 ethernet_one_gbe_skarab_axi_tx_one_gbe/gmii_to_xaui_translator_0/gmii_to_xaui_fifo_0/U0/inst_fifo_gen/gconvfifo.rf/grf.rf/gntv_or_sync_fifo.mem/gbm.gbmg.gbmga.ngecc.bmg/inst_blk_mem_gen/gnbram.gnativebmg.native_blk_mem_gen/valid.cstr/ramloop[1].ram.r/prim_noinit.ram/DEVICE_7SERIES.NO_BMM_INFO.SDP.SIMPLE_PRIM36.ram has an input control pin ethernet_one_gbe_skarab_axi_tx_one_gbe/gmii_to_xaui_translator_0/gmii_to_xaui_fifo_0/U0/inst_fifo_gen/gconvfifo.rf/grf.rf/gntv_or_sync_fifo.mem/gbm.gbmg.gbmga.ngecc.bmg/inst_blk_mem_gen/gnbram.gnativebmg.native_blk_mem_gen/valid.cstr/ramloop[1].ram.r/prim_noinit.ram/DEVICE_7SERIES.NO_BMM_INFO.SDP.SIMPLE_PRIM36.ram/ENARDEN (net: ethernet_one_gbe_skarab_axi_tx_one_gbe/gmii_to_xaui_translator_0/gmii_to_xaui_fifo_0/U0/inst_fifo_gen/gconvfifo.rf/grf.rf/gntv_or_sync_fifo.mem/gbm.gbmg.gbmga.ngecc.bmg/inst_blk_mem_gen/gnbram.gnativebmg.native_blk_mem_gen/valid.cstr/ramloop[1].ram.r/prim_noinit.ram/DEVICE_7SERIES.NO_BMM_INFO.SDP.SIMPLE_PRIM36.ram_0) which is driven by a register (ethernet_one_gbe_skarab_axi_tx_one_gbe/gmii_to_xaui_translator_0/gmii_to_xaui_fifo_wr_en_reg) that has an active asychronous set or reset. This may cause corruption of the memory contents and/or read values when the set/reset is asserted and is not analyzed by the default static timing analysis. It is suggested to eliminate the use of a set/reset to registers driving this RAMB pin or else use a synchronous reset in which the assertion of the reset is timed by default.
WARNING: [DRC REQP-1839] RAMB36 async control check: The RAMB36E1 ethernet_one_gbe_skarab_axi_tx_one_gbe/gmii_to_xaui_translator_0/gmii_to_xaui_fifo_0/U0/inst_fifo_gen/gconvfifo.rf/grf.rf/gntv_or_sync_fifo.mem/gbm.gbmg.gbmga.ngecc.bmg/inst_blk_mem_gen/gnbram.gnativebmg.native_blk_mem_gen/valid.cstr/ramloop[1].ram.r/prim_noinit.ram/DEVICE_7SERIES.NO_BMM_INFO.SDP.SIMPLE_PRIM36.ram has an input control pin ethernet_one_gbe_skarab_axi_tx_one_gbe/gmii_to_xaui_translator_0/gmii_to_xaui_fifo_0/U0/inst_fifo_gen/gconvfifo.rf/grf.rf/gntv_or_sync_fifo.mem/gbm.gbmg.gbmga.ngecc.bmg/inst_blk_mem_gen/gnbram.gnativebmg.native_blk_mem_gen/valid.cstr/ramloop[1].ram.r/prim_noinit.ram/DEVICE_7SERIES.NO_BMM_INFO.SDP.SIMPLE_PRIM36.ram/ENBWREN (net: ethernet_one_gbe_skarab_axi_tx_one_gbe/gmii_to_xaui_translator_0/gmii_to_xaui_fifo_0/U0/inst_fifo_gen/gconvfifo.rf/grf.rf/gntv_or_sync_fifo.mem/gbm.gbmg.gbmga.ngecc.bmg/inst_blk_mem_gen/gnbram.gnativebmg.native_blk_mem_gen/valid.cstr/ramloop[1].ram.r/prim_noinit.ram/DEVICE_7SERIES.NO_BMM_INFO.SDP.SIMPLE_PRIM36.ram_ENBWREN_cooolgate_en_sig_115) which is driven by a register (ethernet_one_gbe_skarab_axi_tx_one_gbe/gmii_to_xaui_translator_0/FSM_onehot_current_gen_state_reg[2]) that has an active asychronous set or reset. This may cause corruption of the memory contents and/or read values when the set/reset is asserted and is not analyzed by the default static timing analysis. It is suggested to eliminate the use of a set/reset to registers driving this RAMB pin or else use a synchronous reset in which the assertion of the reset is timed by default.
WARNING: [DRC REQP-1839] RAMB36 async control check: The RAMB36E1 ethernet_one_gbe_skarab_axi_tx_one_gbe/gmii_to_xaui_translator_0/gmii_to_xaui_fifo_0/U0/inst_fifo_gen/gconvfifo.rf/grf.rf/gntv_or_sync_fifo.mem/gbm.gbmg.gbmga.ngecc.bmg/inst_blk_mem_gen/gnbram.gnativebmg.native_blk_mem_gen/valid.cstr/ramloop[1].ram.r/prim_noinit.ram/DEVICE_7SERIES.NO_BMM_INFO.SDP.SIMPLE_PRIM36.ram has an input control pin ethernet_one_gbe_skarab_axi_tx_one_gbe/gmii_to_xaui_translator_0/gmii_to_xaui_fifo_0/U0/inst_fifo_gen/gconvfifo.rf/grf.rf/gntv_or_sync_fifo.mem/gbm.gbmg.gbmga.ngecc.bmg/inst_blk_mem_gen/gnbram.gnativebmg.native_blk_mem_gen/valid.cstr/ramloop[1].ram.r/prim_noinit.ram/DEVICE_7SERIES.NO_BMM_INFO.SDP.SIMPLE_PRIM36.ram/ENBWREN (net: ethernet_one_gbe_skarab_axi_tx_one_gbe/gmii_to_xaui_translator_0/gmii_to_xaui_fifo_0/U0/inst_fifo_gen/gconvfifo.rf/grf.rf/gntv_or_sync_fifo.mem/gbm.gbmg.gbmga.ngecc.bmg/inst_blk_mem_gen/gnbram.gnativebmg.native_blk_mem_gen/valid.cstr/ramloop[1].ram.r/prim_noinit.ram/DEVICE_7SERIES.NO_BMM_INFO.SDP.SIMPLE_PRIM36.ram_ENBWREN_cooolgate_en_sig_115) which is driven by a register (skarab_infr/sync_sys_fpga_rst_reg) that has an active asychronous set or reset. This may cause corruption of the memory contents and/or read values when the set/reset is asserted and is not analyzed by the default static timing analysis. It is suggested to eliminate the use of a set/reset to registers driving this RAMB pin or else use a synchronous reset in which the assertion of the reset is timed by default.
WARNING: [DRC REQP-1839] RAMB36 async control check: The RAMB36E1 ethernet_one_gbe_skarab_axi_tx_one_gbe/gmii_to_xaui_translator_0/gmii_to_xaui_fifo_0/U0/inst_fifo_gen/gconvfifo.rf/grf.rf/gntv_or_sync_fifo.mem/gbm.gbmg.gbmga.ngecc.bmg/inst_blk_mem_gen/gnbram.gnativebmg.native_blk_mem_gen/valid.cstr/ramloop[1].ram.r/prim_noinit.ram/DEVICE_7SERIES.NO_BMM_INFO.SDP.SIMPLE_PRIM36.ram has an input control pin ethernet_one_gbe_skarab_axi_tx_one_gbe/gmii_to_xaui_translator_0/gmii_to_xaui_fifo_0/U0/inst_fifo_gen/gconvfifo.rf/grf.rf/gntv_or_sync_fifo.mem/gbm.gbmg.gbmga.ngecc.bmg/inst_blk_mem_gen/gnbram.gnativebmg.native_blk_mem_gen/valid.cstr/ramloop[1].ram.r/prim_noinit.ram/DEVICE_7SERIES.NO_BMM_INFO.SDP.SIMPLE_PRIM36.ram/ENBWREN (net: ethernet_one_gbe_skarab_axi_tx_one_gbe/gmii_to_xaui_translator_0/gmii_to_xaui_fifo_0/U0/inst_fifo_gen/gconvfifo.rf/grf.rf/gntv_or_sync_fifo.mem/gbm.gbmg.gbmga.ngecc.bmg/inst_blk_mem_gen/gnbram.gnativebmg.native_blk_mem_gen/valid.cstr/ramloop[1].ram.r/prim_noinit.ram/DEVICE_7SERIES.NO_BMM_INFO.SDP.SIMPLE_PRIM36.ram_ENBWREN_cooolgate_en_sig_115) which is driven by a register (skarab_infr/sys_fpga_rst_reg) that has an active asychronous set or reset. This may cause corruption of the memory contents and/or read values when the set/reset is asserted and is not analyzed by the default static timing analysis. It is suggested to eliminate the use of a set/reset to registers driving this RAMB pin or else use a synchronous reset in which the assertion of the reset is timed by default.
WARNING: [DRC REQP-1839] RAMB36 async control check: The RAMB36E1 ethernet_one_gbe_skarab_axi_tx_one_gbe/gmii_to_xaui_translator_0/gmii_to_xaui_fifo_0/U0/inst_fifo_gen/gconvfifo.rf/grf.rf/gntv_or_sync_fifo.mem/gbm.gbmg.gbmga.ngecc.bmg/inst_blk_mem_gen/gnbram.gnativebmg.native_blk_mem_gen/valid.cstr/ramloop[1].ram.r/prim_noinit.ram/DEVICE_7SERIES.NO_BMM_INFO.SDP.SIMPLE_PRIM36.ram has an input control pin ethernet_one_gbe_skarab_axi_tx_one_gbe/gmii_to_xaui_translator_0/gmii_to_xaui_fifo_0/U0/inst_fifo_gen/gconvfifo.rf/grf.rf/gntv_or_sync_fifo.mem/gbm.gbmg.gbmga.ngecc.bmg/inst_blk_mem_gen/gnbram.gnativebmg.native_blk_mem_gen/valid.cstr/ramloop[1].ram.r/prim_noinit.ram/DEVICE_7SERIES.NO_BMM_INFO.SDP.SIMPLE_PRIM36.ram/RSTRAMB (net: ethernet_one_gbe_skarab_axi_tx_one_gbe/gmii_to_xaui_translator_0/gmii_to_xaui_fifo_0/U0/inst_fifo_gen/gconvfifo.rf/grf.rf/gntv_or_sync_fifo.mem/gbm.gbmg.gbmga.ngecc.bmg/inst_blk_mem_gen/gnbram.gnativebmg.native_blk_mem_gen/valid.cstr/ramloop[1].ram.r/prim_noinit.ram/rd_rst) which is driven by a register (skarab_infr/sys_fpga_rst_reg) that has an active asychronous set or reset. This may cause corruption of the memory contents and/or read values when the set/reset is asserted and is not analyzed by the default static timing analysis. It is suggested to eliminate the use of a set/reset to registers driving this RAMB pin or else use a synchronous reset in which the assertion of the reset is timed by default.
WARNING: [DRC REQP-1839] RAMB36 async control check: The RAMB36E1 ethernet_one_gbe_skarab_axi_tx_one_gbe/gmii_to_xaui_translator_0/gmii_to_xaui_fifo_0/U0/inst_fifo_gen/gconvfifo.rf/grf.rf/gntv_or_sync_fifo.mem/gbm.gbmg.gbmga.ngecc.bmg/inst_blk_mem_gen/gnbram.gnativebmg.native_blk_mem_gen/valid.cstr/ramloop[1].ram.r/prim_noinit.ram/DEVICE_7SERIES.NO_BMM_INFO.SDP.SIMPLE_PRIM36.ram has an input control pin ethernet_one_gbe_skarab_axi_tx_one_gbe/gmii_to_xaui_translator_0/gmii_to_xaui_fifo_0/U0/inst_fifo_gen/gconvfifo.rf/grf.rf/gntv_or_sync_fifo.mem/gbm.gbmg.gbmga.ngecc.bmg/inst_blk_mem_gen/gnbram.gnativebmg.native_blk_mem_gen/valid.cstr/ramloop[1].ram.r/prim_noinit.ram/DEVICE_7SERIES.NO_BMM_INFO.SDP.SIMPLE_PRIM36.ram/WEA[0] (net: ethernet_one_gbe_skarab_axi_tx_one_gbe/gmii_to_xaui_translator_0/gmii_to_xaui_fifo_0/U0/inst_fifo_gen/gconvfifo.rf/grf.rf/gntv_or_sync_fifo.mem/gbm.gbmg.gbmga.ngecc.bmg/inst_blk_mem_gen/gnbram.gnativebmg.native_blk_mem_gen/valid.cstr/ramloop[1].ram.r/prim_noinit.ram/DEVICE_7SERIES.NO_BMM_INFO.SDP.SIMPLE_PRIM36.ram_0) which is driven by a register (ethernet_one_gbe_skarab_axi_tx_one_gbe/gmii_to_xaui_translator_0/gmii_to_xaui_fifo_wr_en_reg) that has an active asychronous set or reset. This may cause corruption of the memory contents and/or read values when the set/reset is asserted and is not analyzed by the default static timing analysis. It is suggested to eliminate the use of a set/reset to registers driving this RAMB pin or else use a synchronous reset in which the assertion of the reset is timed by default.
WARNING: [DRC REQP-1839] RAMB36 async control check: The RAMB36E1 ethernet_one_gbe_skarab_axi_tx_one_gbe/gmii_to_xaui_translator_0/gmii_to_xaui_fifo_0/U0/inst_fifo_gen/gconvfifo.rf/grf.rf/gntv_or_sync_fifo.mem/gbm.gbmg.gbmga.ngecc.bmg/inst_blk_mem_gen/gnbram.gnativebmg.native_blk_mem_gen/valid.cstr/ramloop[2].ram.r/prim_noinit.ram/DEVICE_7SERIES.NO_BMM_INFO.SDP.SIMPLE_PRIM36.ram has an input control pin ethernet_one_gbe_skarab_axi_tx_one_gbe/gmii_to_xaui_translator_0/gmii_to_xaui_fifo_0/U0/inst_fifo_gen/gconvfifo.rf/grf.rf/gntv_or_sync_fifo.mem/gbm.gbmg.gbmga.ngecc.bmg/inst_blk_mem_gen/gnbram.gnativebmg.native_blk_mem_gen/valid.cstr/ramloop[2].ram.r/prim_noinit.ram/DEVICE_7SERIES.NO_BMM_INFO.SDP.SIMPLE_PRIM36.ram/ENARDEN (net: ethernet_one_gbe_skarab_axi_tx_one_gbe/gmii_to_xaui_translator_0/gmii_to_xaui_fifo_0/U0/inst_fifo_gen/gconvfifo.rf/grf.rf/gntv_or_sync_fifo.mem/gbm.gbmg.gbmga.ngecc.bmg/inst_blk_mem_gen/gnbram.gnativebmg.native_blk_mem_gen/valid.cstr/ramloop[2].ram.r/prim_noinit.ram/DEVICE_7SERIES.NO_BMM_INFO.SDP.SIMPLE_PRIM36.ram_0) which is driven by a register (ethernet_one_gbe_skarab_axi_tx_one_gbe/gmii_to_xaui_translator_0/gmii_to_xaui_fifo_wr_en_reg) that has an active asychronous set or reset. This may cause corruption of the memory contents and/or read values when the set/reset is asserted and is not analyzed by the default static timing analysis. It is suggested to eliminate the use of a set/reset to registers driving this RAMB pin or else use a synchronous reset in which the assertion of the reset is timed by default.
WARNING: [DRC REQP-1839] RAMB36 async control check: The RAMB36E1 ethernet_one_gbe_skarab_axi_tx_one_gbe/gmii_to_xaui_translator_0/gmii_to_xaui_fifo_0/U0/inst_fifo_gen/gconvfifo.rf/grf.rf/gntv_or_sync_fifo.mem/gbm.gbmg.gbmga.ngecc.bmg/inst_blk_mem_gen/gnbram.gnativebmg.native_blk_mem_gen/valid.cstr/ramloop[2].ram.r/prim_noinit.ram/DEVICE_7SERIES.NO_BMM_INFO.SDP.SIMPLE_PRIM36.ram has an input control pin ethernet_one_gbe_skarab_axi_tx_one_gbe/gmii_to_xaui_translator_0/gmii_to_xaui_fifo_0/U0/inst_fifo_gen/gconvfifo.rf/grf.rf/gntv_or_sync_fifo.mem/gbm.gbmg.gbmga.ngecc.bmg/inst_blk_mem_gen/gnbram.gnativebmg.native_blk_mem_gen/valid.cstr/ramloop[2].ram.r/prim_noinit.ram/DEVICE_7SERIES.NO_BMM_INFO.SDP.SIMPLE_PRIM36.ram/ENBWREN (net: ethernet_one_gbe_skarab_axi_tx_one_gbe/gmii_to_xaui_translator_0/gmii_to_xaui_fifo_0/U0/inst_fifo_gen/gconvfifo.rf/grf.rf/gntv_or_sync_fifo.mem/gbm.gbmg.gbmga.ngecc.bmg/inst_blk_mem_gen/gnbram.gnativebmg.native_blk_mem_gen/valid.cstr/ramloop[2].ram.r/prim_noinit.ram/DEVICE_7SERIES.NO_BMM_INFO.SDP.SIMPLE_PRIM36.ram_ENBWREN_cooolgate_en_sig_116) which is driven by a register (ethernet_one_gbe_skarab_axi_tx_one_gbe/gmii_to_xaui_translator_0/FSM_onehot_current_gen_state_reg[2]) that has an active asychronous set or reset. This may cause corruption of the memory contents and/or read values when the set/reset is asserted and is not analyzed by the default static timing analysis. It is suggested to eliminate the use of a set/reset to registers driving this RAMB pin or else use a synchronous reset in which the assertion of the reset is timed by default.
WARNING: [DRC REQP-1839] RAMB36 async control check: The RAMB36E1 ethernet_one_gbe_skarab_axi_tx_one_gbe/gmii_to_xaui_translator_0/gmii_to_xaui_fifo_0/U0/inst_fifo_gen/gconvfifo.rf/grf.rf/gntv_or_sync_fifo.mem/gbm.gbmg.gbmga.ngecc.bmg/inst_blk_mem_gen/gnbram.gnativebmg.native_blk_mem_gen/valid.cstr/ramloop[2].ram.r/prim_noinit.ram/DEVICE_7SERIES.NO_BMM_INFO.SDP.SIMPLE_PRIM36.ram has an input control pin ethernet_one_gbe_skarab_axi_tx_one_gbe/gmii_to_xaui_translator_0/gmii_to_xaui_fifo_0/U0/inst_fifo_gen/gconvfifo.rf/grf.rf/gntv_or_sync_fifo.mem/gbm.gbmg.gbmga.ngecc.bmg/inst_blk_mem_gen/gnbram.gnativebmg.native_blk_mem_gen/valid.cstr/ramloop[2].ram.r/prim_noinit.ram/DEVICE_7SERIES.NO_BMM_INFO.SDP.SIMPLE_PRIM36.ram/ENBWREN (net: ethernet_one_gbe_skarab_axi_tx_one_gbe/gmii_to_xaui_translator_0/gmii_to_xaui_fifo_0/U0/inst_fifo_gen/gconvfifo.rf/grf.rf/gntv_or_sync_fifo.mem/gbm.gbmg.gbmga.ngecc.bmg/inst_blk_mem_gen/gnbram.gnativebmg.native_blk_mem_gen/valid.cstr/ramloop[2].ram.r/prim_noinit.ram/DEVICE_7SERIES.NO_BMM_INFO.SDP.SIMPLE_PRIM36.ram_ENBWREN_cooolgate_en_sig_116) which is driven by a register (skarab_infr/sync_sys_fpga_rst_reg) that has an active asychronous set or reset. This may cause corruption of the memory contents and/or read values when the set/reset is asserted and is not analyzed by the default static timing analysis. It is suggested to eliminate the use of a set/reset to registers driving this RAMB pin or else use a synchronous reset in which the assertion of the reset is timed by default.
WARNING: [DRC REQP-1839] RAMB36 async control check: The RAMB36E1 ethernet_one_gbe_skarab_axi_tx_one_gbe/gmii_to_xaui_translator_0/gmii_to_xaui_fifo_0/U0/inst_fifo_gen/gconvfifo.rf/grf.rf/gntv_or_sync_fifo.mem/gbm.gbmg.gbmga.ngecc.bmg/inst_blk_mem_gen/gnbram.gnativebmg.native_blk_mem_gen/valid.cstr/ramloop[2].ram.r/prim_noinit.ram/DEVICE_7SERIES.NO_BMM_INFO.SDP.SIMPLE_PRIM36.ram has an input control pin ethernet_one_gbe_skarab_axi_tx_one_gbe/gmii_to_xaui_translator_0/gmii_to_xaui_fifo_0/U0/inst_fifo_gen/gconvfifo.rf/grf.rf/gntv_or_sync_fifo.mem/gbm.gbmg.gbmga.ngecc.bmg/inst_blk_mem_gen/gnbram.gnativebmg.native_blk_mem_gen/valid.cstr/ramloop[2].ram.r/prim_noinit.ram/DEVICE_7SERIES.NO_BMM_INFO.SDP.SIMPLE_PRIM36.ram/ENBWREN (net: ethernet_one_gbe_skarab_axi_tx_one_gbe/gmii_to_xaui_translator_0/gmii_to_xaui_fifo_0/U0/inst_fifo_gen/gconvfifo.rf/grf.rf/gntv_or_sync_fifo.mem/gbm.gbmg.gbmga.ngecc.bmg/inst_blk_mem_gen/gnbram.gnativebmg.native_blk_mem_gen/valid.cstr/ramloop[2].ram.r/prim_noinit.ram/DEVICE_7SERIES.NO_BMM_INFO.SDP.SIMPLE_PRIM36.ram_ENBWREN_cooolgate_en_sig_116) which is driven by a register (skarab_infr/sys_fpga_rst_reg) that has an active asychronous set or reset. This may cause corruption of the memory contents and/or read values when the set/reset is asserted and is not analyzed by the default static timing analysis. It is suggested to eliminate the use of a set/reset to registers driving this RAMB pin or else use a synchronous reset in which the assertion of the reset is timed by default.
WARNING: [DRC REQP-1839] RAMB36 async control check: The RAMB36E1 ethernet_one_gbe_skarab_axi_tx_one_gbe/gmii_to_xaui_translator_0/gmii_to_xaui_fifo_0/U0/inst_fifo_gen/gconvfifo.rf/grf.rf/gntv_or_sync_fifo.mem/gbm.gbmg.gbmga.ngecc.bmg/inst_blk_mem_gen/gnbram.gnativebmg.native_blk_mem_gen/valid.cstr/ramloop[2].ram.r/prim_noinit.ram/DEVICE_7SERIES.NO_BMM_INFO.SDP.SIMPLE_PRIM36.ram has an input control pin ethernet_one_gbe_skarab_axi_tx_one_gbe/gmii_to_xaui_translator_0/gmii_to_xaui_fifo_0/U0/inst_fifo_gen/gconvfifo.rf/grf.rf/gntv_or_sync_fifo.mem/gbm.gbmg.gbmga.ngecc.bmg/inst_blk_mem_gen/gnbram.gnativebmg.native_blk_mem_gen/valid.cstr/ramloop[2].ram.r/prim_noinit.ram/DEVICE_7SERIES.NO_BMM_INFO.SDP.SIMPLE_PRIM36.ram/RSTRAMB (net: ethernet_one_gbe_skarab_axi_tx_one_gbe/gmii_to_xaui_translator_0/gmii_to_xaui_fifo_0/U0/inst_fifo_gen/gconvfifo.rf/grf.rf/gntv_or_sync_fifo.mem/gbm.gbmg.gbmga.ngecc.bmg/inst_blk_mem_gen/gnbram.gnativebmg.native_blk_mem_gen/valid.cstr/ramloop[2].ram.r/prim_noinit.ram/rd_rst) which is driven by a register (skarab_infr/sys_fpga_rst_reg) that has an active asychronous set or reset. This may cause corruption of the memory contents and/or read values when the set/reset is asserted and is not analyzed by the default static timing analysis. It is suggested to eliminate the use of a set/reset to registers driving this RAMB pin or else use a synchronous reset in which the assertion of the reset is timed by default.
WARNING: [DRC REQP-1839] RAMB36 async control check: The RAMB36E1 ethernet_one_gbe_skarab_axi_tx_one_gbe/gmii_to_xaui_translator_0/gmii_to_xaui_fifo_0/U0/inst_fifo_gen/gconvfifo.rf/grf.rf/gntv_or_sync_fifo.mem/gbm.gbmg.gbmga.ngecc.bmg/inst_blk_mem_gen/gnbram.gnativebmg.native_blk_mem_gen/valid.cstr/ramloop[2].ram.r/prim_noinit.ram/DEVICE_7SERIES.NO_BMM_INFO.SDP.SIMPLE_PRIM36.ram has an input control pin ethernet_one_gbe_skarab_axi_tx_one_gbe/gmii_to_xaui_translator_0/gmii_to_xaui_fifo_0/U0/inst_fifo_gen/gconvfifo.rf/grf.rf/gntv_or_sync_fifo.mem/gbm.gbmg.gbmga.ngecc.bmg/inst_blk_mem_gen/gnbram.gnativebmg.native_blk_mem_gen/valid.cstr/ramloop[2].ram.r/prim_noinit.ram/DEVICE_7SERIES.NO_BMM_INFO.SDP.SIMPLE_PRIM36.ram/WEA[0] (net: ethernet_one_gbe_skarab_axi_tx_one_gbe/gmii_to_xaui_translator_0/gmii_to_xaui_fifo_0/U0/inst_fifo_gen/gconvfifo.rf/grf.rf/gntv_or_sync_fifo.mem/gbm.gbmg.gbmga.ngecc.bmg/inst_blk_mem_gen/gnbram.gnativebmg.native_blk_mem_gen/valid.cstr/ramloop[2].ram.r/prim_noinit.ram/DEVICE_7SERIES.NO_BMM_INFO.SDP.SIMPLE_PRIM36.ram_0) which is driven by a register (ethernet_one_gbe_skarab_axi_tx_one_gbe/gmii_to_xaui_translator_0/gmii_to_xaui_fifo_wr_en_reg) that has an active asychronous set or reset. This may cause corruption of the memory contents and/or read values when the set/reset is asserted and is not analyzed by the default static timing analysis. It is suggested to eliminate the use of a set/reset to registers driving this RAMB pin or else use a synchronous reset in which the assertion of the reset is timed by default.
WARNING: [DRC REQP-1839] RAMB36 async control check: The RAMB36E1 ethernet_one_gbe_skarab_axi_tx_one_gbe/gmii_to_xaui_translator_0/gmii_to_xaui_fifo_0/U0/inst_fifo_gen/gconvfifo.rf/grf.rf/gntv_or_sync_fifo.mem/gbm.gbmg.gbmga.ngecc.bmg/inst_blk_mem_gen/gnbram.gnativebmg.native_blk_mem_gen/valid.cstr/ramloop[3].ram.r/prim_noinit.ram/DEVICE_7SERIES.NO_BMM_INFO.SDP.SIMPLE_PRIM36.ram has an input control pin ethernet_one_gbe_skarab_axi_tx_one_gbe/gmii_to_xaui_translator_0/gmii_to_xaui_fifo_0/U0/inst_fifo_gen/gconvfifo.rf/grf.rf/gntv_or_sync_fifo.mem/gbm.gbmg.gbmga.ngecc.bmg/inst_blk_mem_gen/gnbram.gnativebmg.native_blk_mem_gen/valid.cstr/ramloop[3].ram.r/prim_noinit.ram/DEVICE_7SERIES.NO_BMM_INFO.SDP.SIMPLE_PRIM36.ram/ENARDEN (net: ethernet_one_gbe_skarab_axi_tx_one_gbe/gmii_to_xaui_translator_0/gmii_to_xaui_fifo_0/U0/inst_fifo_gen/gconvfifo.rf/grf.rf/gntv_or_sync_fifo.mem/gbm.gbmg.gbmga.ngecc.bmg/inst_blk_mem_gen/gnbram.gnativebmg.native_blk_mem_gen/valid.cstr/ramloop[3].ram.r/prim_noinit.ram/DEVICE_7SERIES.NO_BMM_INFO.SDP.SIMPLE_PRIM36.ram_0) which is driven by a register (ethernet_one_gbe_skarab_axi_tx_one_gbe/gmii_to_xaui_translator_0/gmii_to_xaui_fifo_wr_en_reg) that has an active asychronous set or reset. This may cause corruption of the memory contents and/or read values when the set/reset is asserted and is not analyzed by the default static timing analysis. It is suggested to eliminate the use of a set/reset to registers driving this RAMB pin or else use a synchronous reset in which the assertion of the reset is timed by default.
WARNING: [DRC REQP-1839] RAMB36 async control check: The RAMB36E1 ethernet_one_gbe_skarab_axi_tx_one_gbe/gmii_to_xaui_translator_0/gmii_to_xaui_fifo_0/U0/inst_fifo_gen/gconvfifo.rf/grf.rf/gntv_or_sync_fifo.mem/gbm.gbmg.gbmga.ngecc.bmg/inst_blk_mem_gen/gnbram.gnativebmg.native_blk_mem_gen/valid.cstr/ramloop[3].ram.r/prim_noinit.ram/DEVICE_7SERIES.NO_BMM_INFO.SDP.SIMPLE_PRIM36.ram has an input control pin ethernet_one_gbe_skarab_axi_tx_one_gbe/gmii_to_xaui_translator_0/gmii_to_xaui_fifo_0/U0/inst_fifo_gen/gconvfifo.rf/grf.rf/gntv_or_sync_fifo.mem/gbm.gbmg.gbmga.ngecc.bmg/inst_blk_mem_gen/gnbram.gnativebmg.native_blk_mem_gen/valid.cstr/ramloop[3].ram.r/prim_noinit.ram/DEVICE_7SERIES.NO_BMM_INFO.SDP.SIMPLE_PRIM36.ram/ENBWREN (net: ethernet_one_gbe_skarab_axi_tx_one_gbe/gmii_to_xaui_translator_0/gmii_to_xaui_fifo_0/U0/inst_fifo_gen/gconvfifo.rf/grf.rf/gntv_or_sync_fifo.mem/gbm.gbmg.gbmga.ngecc.bmg/inst_blk_mem_gen/gnbram.gnativebmg.native_blk_mem_gen/valid.cstr/ramloop[3].ram.r/prim_noinit.ram/DEVICE_7SERIES.NO_BMM_INFO.SDP.SIMPLE_PRIM36.ram_ENBWREN_cooolgate_en_sig_117) which is driven by a register (ethernet_one_gbe_skarab_axi_tx_one_gbe/gmii_to_xaui_translator_0/FSM_onehot_current_gen_state_reg[2]) that has an active asychronous set or reset. This may cause corruption of the memory contents and/or read values when the set/reset is asserted and is not analyzed by the default static timing analysis. It is suggested to eliminate the use of a set/reset to registers driving this RAMB pin or else use a synchronous reset in which the assertion of the reset is timed by default.
WARNING: [DRC REQP-1840] RAMB18 async control check: The RAMB18E1 ethernet_one_gbe_skarab_axi_tx_one_gbe/kat_ten_gb_eth_0/tge_tx_inst/arp_cache_inst/U0/inst_blk_mem_gen/gnbram.gnativebmg.native_blk_mem_gen/valid.cstr/ramloop[0].ram.r/prim_init.ram/DEVICE_7SERIES.NO_BMM_INFO.TRUE_DP.SIMPLE_PRIM18.ram has an input control pin ethernet_one_gbe_skarab_axi_tx_one_gbe/kat_ten_gb_eth_0/tge_tx_inst/arp_cache_inst/U0/inst_blk_mem_gen/gnbram.gnativebmg.native_blk_mem_gen/valid.cstr/ramloop[0].ram.r/prim_init.ram/DEVICE_7SERIES.NO_BMM_INFO.TRUE_DP.SIMPLE_PRIM18.ram/ADDRBWRADDR[11] (net: ethernet_one_gbe_skarab_axi_tx_one_gbe/kat_ten_gb_eth_0/tge_tx_inst/arp_cache_inst/U0/inst_blk_mem_gen/gnbram.gnativebmg.native_blk_mem_gen/valid.cstr/ramloop[0].ram.r/prim_init.ram/addrb[7]) which is driven by a register (ethernet_one_gbe_skarab_axi_tx_one_gbe/kat_ten_gb_eth_0/tge_tx_inst/large_packet_gen.tx_ctrl_fifo_ext/U0/inst_fifo_gen/gconvfifo.rf/grf.rf/gntv_or_sync_fifo.mem/goreg_dm.dout_i_reg[0]) that has an active asychronous set or reset. This may cause corruption of the memory contents and/or read values when the set/reset is asserted and is not analyzed by the default static timing analysis. It is suggested to eliminate the use of a set/reset to registers driving this RAMB pin or else use a synchronous reset in which the assertion of the reset is timed by default.
WARNING: [DRC REQP-1840] RAMB18 async control check: The RAMB18E1 ethernet_one_gbe_skarab_axi_tx_one_gbe/kat_ten_gb_eth_0/tge_tx_inst/arp_cache_inst/U0/inst_blk_mem_gen/gnbram.gnativebmg.native_blk_mem_gen/valid.cstr/ramloop[0].ram.r/prim_init.ram/DEVICE_7SERIES.NO_BMM_INFO.TRUE_DP.SIMPLE_PRIM18.ram has an input control pin ethernet_one_gbe_skarab_axi_tx_one_gbe/kat_ten_gb_eth_0/tge_tx_inst/arp_cache_inst/U0/inst_blk_mem_gen/gnbram.gnativebmg.native_blk_mem_gen/valid.cstr/ramloop[0].ram.r/prim_init.ram/DEVICE_7SERIES.NO_BMM_INFO.TRUE_DP.SIMPLE_PRIM18.ram/ADDRBWRADDR[11] (net: ethernet_one_gbe_skarab_axi_tx_one_gbe/kat_ten_gb_eth_0/tge_tx_inst/arp_cache_inst/U0/inst_blk_mem_gen/gnbram.gnativebmg.native_blk_mem_gen/valid.cstr/ramloop[0].ram.r/prim_init.ram/addrb[7]) which is driven by a register (ethernet_one_gbe_skarab_axi_tx_one_gbe/kat_ten_gb_eth_0/tge_tx_inst/large_packet_gen.tx_ctrl_fifo_ext/U0/inst_fifo_gen/gconvfifo.rf/grf.rf/gntv_or_sync_fifo.mem/goreg_dm.dout_i_reg[10]) that has an active asychronous set or reset. This may cause corruption of the memory contents and/or read values when the set/reset is asserted and is not analyzed by the default static timing analysis. It is suggested to eliminate the use of a set/reset to registers driving this RAMB pin or else use a synchronous reset in which the assertion of the reset is timed by default.
WARNING: [DRC REQP-1840] RAMB18 async control check: The RAMB18E1 ethernet_one_gbe_skarab_axi_tx_one_gbe/kat_ten_gb_eth_0/tge_tx_inst/arp_cache_inst/U0/inst_blk_mem_gen/gnbram.gnativebmg.native_blk_mem_gen/valid.cstr/ramloop[0].ram.r/prim_init.ram/DEVICE_7SERIES.NO_BMM_INFO.TRUE_DP.SIMPLE_PRIM18.ram has an input control pin ethernet_one_gbe_skarab_axi_tx_one_gbe/kat_ten_gb_eth_0/tge_tx_inst/arp_cache_inst/U0/inst_blk_mem_gen/gnbram.gnativebmg.native_blk_mem_gen/valid.cstr/ramloop[0].ram.r/prim_init.ram/DEVICE_7SERIES.NO_BMM_INFO.TRUE_DP.SIMPLE_PRIM18.ram/ADDRBWRADDR[11] (net: ethernet_one_gbe_skarab_axi_tx_one_gbe/kat_ten_gb_eth_0/tge_tx_inst/arp_cache_inst/U0/inst_blk_mem_gen/gnbram.gnativebmg.native_blk_mem_gen/valid.cstr/ramloop[0].ram.r/prim_init.ram/addrb[7]) which is driven by a register (ethernet_one_gbe_skarab_axi_tx_one_gbe/kat_ten_gb_eth_0/tge_tx_inst/large_packet_gen.tx_ctrl_fifo_ext/U0/inst_fifo_gen/gconvfifo.rf/grf.rf/gntv_or_sync_fifo.mem/goreg_dm.dout_i_reg[11]) that has an active asychronous set or reset. This may cause corruption of the memory contents and/or read values when the set/reset is asserted and is not analyzed by the default static timing analysis. It is suggested to eliminate the use of a set/reset to registers driving this RAMB pin or else use a synchronous reset in which the assertion of the reset is timed by default.
WARNING: [DRC REQP-1840] RAMB18 async control check: The RAMB18E1 ethernet_one_gbe_skarab_axi_tx_one_gbe/kat_ten_gb_eth_0/tge_tx_inst/arp_cache_inst/U0/inst_blk_mem_gen/gnbram.gnativebmg.native_blk_mem_gen/valid.cstr/ramloop[0].ram.r/prim_init.ram/DEVICE_7SERIES.NO_BMM_INFO.TRUE_DP.SIMPLE_PRIM18.ram has an input control pin ethernet_one_gbe_skarab_axi_tx_one_gbe/kat_ten_gb_eth_0/tge_tx_inst/arp_cache_inst/U0/inst_blk_mem_gen/gnbram.gnativebmg.native_blk_mem_gen/valid.cstr/ramloop[0].ram.r/prim_init.ram/DEVICE_7SERIES.NO_BMM_INFO.TRUE_DP.SIMPLE_PRIM18.ram/ADDRBWRADDR[11] (net: ethernet_one_gbe_skarab_axi_tx_one_gbe/kat_ten_gb_eth_0/tge_tx_inst/arp_cache_inst/U0/inst_blk_mem_gen/gnbram.gnativebmg.native_blk_mem_gen/valid.cstr/ramloop[0].ram.r/prim_init.ram/addrb[7]) which is driven by a register (ethernet_one_gbe_skarab_axi_tx_one_gbe/kat_ten_gb_eth_0/tge_tx_inst/large_packet_gen.tx_ctrl_fifo_ext/U0/inst_fifo_gen/gconvfifo.rf/grf.rf/gntv_or_sync_fifo.mem/goreg_dm.dout_i_reg[12]) that has an active asychronous set or reset. This may cause corruption of the memory contents and/or read values when the set/reset is asserted and is not analyzed by the default static timing analysis. It is suggested to eliminate the use of a set/reset to registers driving this RAMB pin or else use a synchronous reset in which the assertion of the reset is timed by default.
WARNING: [DRC REQP-1840] RAMB18 async control check: The RAMB18E1 ethernet_one_gbe_skarab_axi_tx_one_gbe/kat_ten_gb_eth_0/tge_tx_inst/arp_cache_inst/U0/inst_blk_mem_gen/gnbram.gnativebmg.native_blk_mem_gen/valid.cstr/ramloop[0].ram.r/prim_init.ram/DEVICE_7SERIES.NO_BMM_INFO.TRUE_DP.SIMPLE_PRIM18.ram has an input control pin ethernet_one_gbe_skarab_axi_tx_one_gbe/kat_ten_gb_eth_0/tge_tx_inst/arp_cache_inst/U0/inst_blk_mem_gen/gnbram.gnativebmg.native_blk_mem_gen/valid.cstr/ramloop[0].ram.r/prim_init.ram/DEVICE_7SERIES.NO_BMM_INFO.TRUE_DP.SIMPLE_PRIM18.ram/ADDRBWRADDR[11] (net: ethernet_one_gbe_skarab_axi_tx_one_gbe/kat_ten_gb_eth_0/tge_tx_inst/arp_cache_inst/U0/inst_blk_mem_gen/gnbram.gnativebmg.native_blk_mem_gen/valid.cstr/ramloop[0].ram.r/prim_init.ram/addrb[7]) which is driven by a register (ethernet_one_gbe_skarab_axi_tx_one_gbe/kat_ten_gb_eth_0/tge_tx_inst/large_packet_gen.tx_ctrl_fifo_ext/U0/inst_fifo_gen/gconvfifo.rf/grf.rf/gntv_or_sync_fifo.mem/goreg_dm.dout_i_reg[13]) that has an active asychronous set or reset. This may cause corruption of the memory contents and/or read values when the set/reset is asserted and is not analyzed by the default static timing analysis. It is suggested to eliminate the use of a set/reset to registers driving this RAMB pin or else use a synchronous reset in which the assertion of the reset is timed by default.
WARNING: [DRC REQP-1840] RAMB18 async control check: The RAMB18E1 ethernet_one_gbe_skarab_axi_tx_one_gbe/kat_ten_gb_eth_0/tge_tx_inst/arp_cache_inst/U0/inst_blk_mem_gen/gnbram.gnativebmg.native_blk_mem_gen/valid.cstr/ramloop[0].ram.r/prim_init.ram/DEVICE_7SERIES.NO_BMM_INFO.TRUE_DP.SIMPLE_PRIM18.ram has an input control pin ethernet_one_gbe_skarab_axi_tx_one_gbe/kat_ten_gb_eth_0/tge_tx_inst/arp_cache_inst/U0/inst_blk_mem_gen/gnbram.gnativebmg.native_blk_mem_gen/valid.cstr/ramloop[0].ram.r/prim_init.ram/DEVICE_7SERIES.NO_BMM_INFO.TRUE_DP.SIMPLE_PRIM18.ram/ADDRBWRADDR[11] (net: ethernet_one_gbe_skarab_axi_tx_one_gbe/kat_ten_gb_eth_0/tge_tx_inst/arp_cache_inst/U0/inst_blk_mem_gen/gnbram.gnativebmg.native_blk_mem_gen/valid.cstr/ramloop[0].ram.r/prim_init.ram/addrb[7]) which is driven by a register (ethernet_one_gbe_skarab_axi_tx_one_gbe/kat_ten_gb_eth_0/tge_tx_inst/large_packet_gen.tx_ctrl_fifo_ext/U0/inst_fifo_gen/gconvfifo.rf/grf.rf/gntv_or_sync_fifo.mem/goreg_dm.dout_i_reg[14]) that has an active asychronous set or reset. This may cause corruption of the memory contents and/or read values when the set/reset is asserted and is not analyzed by the default static timing analysis. It is suggested to eliminate the use of a set/reset to registers driving this RAMB pin or else use a synchronous reset in which the assertion of the reset is timed by default.
WARNING: [DRC REQP-1840] RAMB18 async control check: The RAMB18E1 ethernet_one_gbe_skarab_axi_tx_one_gbe/kat_ten_gb_eth_0/tge_tx_inst/arp_cache_inst/U0/inst_blk_mem_gen/gnbram.gnativebmg.native_blk_mem_gen/valid.cstr/ramloop[0].ram.r/prim_init.ram/DEVICE_7SERIES.NO_BMM_INFO.TRUE_DP.SIMPLE_PRIM18.ram has an input control pin ethernet_one_gbe_skarab_axi_tx_one_gbe/kat_ten_gb_eth_0/tge_tx_inst/arp_cache_inst/U0/inst_blk_mem_gen/gnbram.gnativebmg.native_blk_mem_gen/valid.cstr/ramloop[0].ram.r/prim_init.ram/DEVICE_7SERIES.NO_BMM_INFO.TRUE_DP.SIMPLE_PRIM18.ram/ADDRBWRADDR[11] (net: ethernet_one_gbe_skarab_axi_tx_one_gbe/kat_ten_gb_eth_0/tge_tx_inst/arp_cache_inst/U0/inst_blk_mem_gen/gnbram.gnativebmg.native_blk_mem_gen/valid.cstr/ramloop[0].ram.r/prim_init.ram/addrb[7]) which is driven by a register (ethernet_one_gbe_skarab_axi_tx_one_gbe/kat_ten_gb_eth_0/tge_tx_inst/large_packet_gen.tx_ctrl_fifo_ext/U0/inst_fifo_gen/gconvfifo.rf/grf.rf/gntv_or_sync_fifo.mem/goreg_dm.dout_i_reg[15]) that has an active asychronous set or reset. This may cause corruption of the memory contents and/or read values when the set/reset is asserted and is not analyzed by the default static timing analysis. It is suggested to eliminate the use of a set/reset to registers driving this RAMB pin or else use a synchronous reset in which the assertion of the reset is timed by default.
WARNING: [DRC REQP-1840] RAMB18 async control check: The RAMB18E1 ethernet_one_gbe_skarab_axi_tx_one_gbe/kat_ten_gb_eth_0/tge_tx_inst/arp_cache_inst/U0/inst_blk_mem_gen/gnbram.gnativebmg.native_blk_mem_gen/valid.cstr/ramloop[0].ram.r/prim_init.ram/DEVICE_7SERIES.NO_BMM_INFO.TRUE_DP.SIMPLE_PRIM18.ram has an input control pin ethernet_one_gbe_skarab_axi_tx_one_gbe/kat_ten_gb_eth_0/tge_tx_inst/arp_cache_inst/U0/inst_blk_mem_gen/gnbram.gnativebmg.native_blk_mem_gen/valid.cstr/ramloop[0].ram.r/prim_init.ram/DEVICE_7SERIES.NO_BMM_INFO.TRUE_DP.SIMPLE_PRIM18.ram/ADDRBWRADDR[11] (net: ethernet_one_gbe_skarab_axi_tx_one_gbe/kat_ten_gb_eth_0/tge_tx_inst/arp_cache_inst/U0/inst_blk_mem_gen/gnbram.gnativebmg.native_blk_mem_gen/valid.cstr/ramloop[0].ram.r/prim_init.ram/addrb[7]) which is driven by a register (ethernet_one_gbe_skarab_axi_tx_one_gbe/kat_ten_gb_eth_0/tge_tx_inst/large_packet_gen.tx_ctrl_fifo_ext/U0/inst_fifo_gen/gconvfifo.rf/grf.rf/gntv_or_sync_fifo.mem/goreg_dm.dout_i_reg[16]) that has an active asychronous set or reset. This may cause corruption of the memory contents and/or read values when the set/reset is asserted and is not analyzed by the default static timing analysis. It is suggested to eliminate the use of a set/reset to registers driving this RAMB pin or else use a synchronous reset in which the assertion of the reset is timed by default.
WARNING: [DRC REQP-1840] RAMB18 async control check: The RAMB18E1 ethernet_one_gbe_skarab_axi_tx_one_gbe/kat_ten_gb_eth_0/tge_tx_inst/arp_cache_inst/U0/inst_blk_mem_gen/gnbram.gnativebmg.native_blk_mem_gen/valid.cstr/ramloop[0].ram.r/prim_init.ram/DEVICE_7SERIES.NO_BMM_INFO.TRUE_DP.SIMPLE_PRIM18.ram has an input control pin ethernet_one_gbe_skarab_axi_tx_one_gbe/kat_ten_gb_eth_0/tge_tx_inst/arp_cache_inst/U0/inst_blk_mem_gen/gnbram.gnativebmg.native_blk_mem_gen/valid.cstr/ramloop[0].ram.r/prim_init.ram/DEVICE_7SERIES.NO_BMM_INFO.TRUE_DP.SIMPLE_PRIM18.ram/ADDRBWRADDR[11] (net: ethernet_one_gbe_skarab_axi_tx_one_gbe/kat_ten_gb_eth_0/tge_tx_inst/arp_cache_inst/U0/inst_blk_mem_gen/gnbram.gnativebmg.native_blk_mem_gen/valid.cstr/ramloop[0].ram.r/prim_init.ram/addrb[7]) which is driven by a register (ethernet_one_gbe_skarab_axi_tx_one_gbe/kat_ten_gb_eth_0/tge_tx_inst/large_packet_gen.tx_ctrl_fifo_ext/U0/inst_fifo_gen/gconvfifo.rf/grf.rf/gntv_or_sync_fifo.mem/goreg_dm.dout_i_reg[17]) that has an active asychronous set or reset. This may cause corruption of the memory contents and/or read values when the set/reset is asserted and is not analyzed by the default static timing analysis. It is suggested to eliminate the use of a set/reset to registers driving this RAMB pin or else use a synchronous reset in which the assertion of the reset is timed by default.
WARNING: [DRC REQP-1840] RAMB18 async control check: The RAMB18E1 ethernet_one_gbe_skarab_axi_tx_one_gbe/kat_ten_gb_eth_0/tge_tx_inst/arp_cache_inst/U0/inst_blk_mem_gen/gnbram.gnativebmg.native_blk_mem_gen/valid.cstr/ramloop[0].ram.r/prim_init.ram/DEVICE_7SERIES.NO_BMM_INFO.TRUE_DP.SIMPLE_PRIM18.ram has an input control pin ethernet_one_gbe_skarab_axi_tx_one_gbe/kat_ten_gb_eth_0/tge_tx_inst/arp_cache_inst/U0/inst_blk_mem_gen/gnbram.gnativebmg.native_blk_mem_gen/valid.cstr/ramloop[0].ram.r/prim_init.ram/DEVICE_7SERIES.NO_BMM_INFO.TRUE_DP.SIMPLE_PRIM18.ram/ADDRBWRADDR[11] (net: ethernet_one_gbe_skarab_axi_tx_one_gbe/kat_ten_gb_eth_0/tge_tx_inst/arp_cache_inst/U0/inst_blk_mem_gen/gnbram.gnativebmg.native_blk_mem_gen/valid.cstr/ramloop[0].ram.r/prim_init.ram/addrb[7]) which is driven by a register (ethernet_one_gbe_skarab_axi_tx_one_gbe/kat_ten_gb_eth_0/tge_tx_inst/large_packet_gen.tx_ctrl_fifo_ext/U0/inst_fifo_gen/gconvfifo.rf/grf.rf/gntv_or_sync_fifo.mem/goreg_dm.dout_i_reg[18]) that has an active asychronous set or reset. This may cause corruption of the memory contents and/or read values when the set/reset is asserted and is not analyzed by the default static timing analysis. It is suggested to eliminate the use of a set/reset to registers driving this RAMB pin or else use a synchronous reset in which the assertion of the reset is timed by default.
WARNING: [DRC REQP-1840] RAMB18 async control check: The RAMB18E1 ethernet_one_gbe_skarab_axi_tx_one_gbe/kat_ten_gb_eth_0/tge_tx_inst/arp_cache_inst/U0/inst_blk_mem_gen/gnbram.gnativebmg.native_blk_mem_gen/valid.cstr/ramloop[0].ram.r/prim_init.ram/DEVICE_7SERIES.NO_BMM_INFO.TRUE_DP.SIMPLE_PRIM18.ram has an input control pin ethernet_one_gbe_skarab_axi_tx_one_gbe/kat_ten_gb_eth_0/tge_tx_inst/arp_cache_inst/U0/inst_blk_mem_gen/gnbram.gnativebmg.native_blk_mem_gen/valid.cstr/ramloop[0].ram.r/prim_init.ram/DEVICE_7SERIES.NO_BMM_INFO.TRUE_DP.SIMPLE_PRIM18.ram/ADDRBWRADDR[11] (net: ethernet_one_gbe_skarab_axi_tx_one_gbe/kat_ten_gb_eth_0/tge_tx_inst/arp_cache_inst/U0/inst_blk_mem_gen/gnbram.gnativebmg.native_blk_mem_gen/valid.cstr/ramloop[0].ram.r/prim_init.ram/addrb[7]) which is driven by a register (ethernet_one_gbe_skarab_axi_tx_one_gbe/kat_ten_gb_eth_0/tge_tx_inst/large_packet_gen.tx_ctrl_fifo_ext/U0/inst_fifo_gen/gconvfifo.rf/grf.rf/gntv_or_sync_fifo.mem/goreg_dm.dout_i_reg[19]) that has an active asychronous set or reset. This may cause corruption of the memory contents and/or read values when the set/reset is asserted and is not analyzed by the default static timing analysis. It is suggested to eliminate the use of a set/reset to registers driving this RAMB pin or else use a synchronous reset in which the assertion of the reset is timed by default.
WARNING: [DRC REQP-1840] RAMB18 async control check: The RAMB18E1 ethernet_one_gbe_skarab_axi_tx_one_gbe/kat_ten_gb_eth_0/tge_tx_inst/arp_cache_inst/U0/inst_blk_mem_gen/gnbram.gnativebmg.native_blk_mem_gen/valid.cstr/ramloop[0].ram.r/prim_init.ram/DEVICE_7SERIES.NO_BMM_INFO.TRUE_DP.SIMPLE_PRIM18.ram has an input control pin ethernet_one_gbe_skarab_axi_tx_one_gbe/kat_ten_gb_eth_0/tge_tx_inst/arp_cache_inst/U0/inst_blk_mem_gen/gnbram.gnativebmg.native_blk_mem_gen/valid.cstr/ramloop[0].ram.r/prim_init.ram/DEVICE_7SERIES.NO_BMM_INFO.TRUE_DP.SIMPLE_PRIM18.ram/ADDRBWRADDR[11] (net: ethernet_one_gbe_skarab_axi_tx_one_gbe/kat_ten_gb_eth_0/tge_tx_inst/arp_cache_inst/U0/inst_blk_mem_gen/gnbram.gnativebmg.native_blk_mem_gen/valid.cstr/ramloop[0].ram.r/prim_init.ram/addrb[7]) which is driven by a register (ethernet_one_gbe_skarab_axi_tx_one_gbe/kat_ten_gb_eth_0/tge_tx_inst/large_packet_gen.tx_ctrl_fifo_ext/U0/inst_fifo_gen/gconvfifo.rf/grf.rf/gntv_or_sync_fifo.mem/goreg_dm.dout_i_reg[1]) that has an active asychronous set or reset. This may cause corruption of the memory contents and/or read values when the set/reset is asserted and is not analyzed by the default static timing analysis. It is suggested to eliminate the use of a set/reset to registers driving this RAMB pin or else use a synchronous reset in which the assertion of the reset is timed by default.
WARNING: [DRC REQP-1840] RAMB18 async control check: The RAMB18E1 ethernet_one_gbe_skarab_axi_tx_one_gbe/kat_ten_gb_eth_0/tge_tx_inst/arp_cache_inst/U0/inst_blk_mem_gen/gnbram.gnativebmg.native_blk_mem_gen/valid.cstr/ramloop[0].ram.r/prim_init.ram/DEVICE_7SERIES.NO_BMM_INFO.TRUE_DP.SIMPLE_PRIM18.ram has an input control pin ethernet_one_gbe_skarab_axi_tx_one_gbe/kat_ten_gb_eth_0/tge_tx_inst/arp_cache_inst/U0/inst_blk_mem_gen/gnbram.gnativebmg.native_blk_mem_gen/valid.cstr/ramloop[0].ram.r/prim_init.ram/DEVICE_7SERIES.NO_BMM_INFO.TRUE_DP.SIMPLE_PRIM18.ram/ADDRBWRADDR[11] (net: ethernet_one_gbe_skarab_axi_tx_one_gbe/kat_ten_gb_eth_0/tge_tx_inst/arp_cache_inst/U0/inst_blk_mem_gen/gnbram.gnativebmg.native_blk_mem_gen/valid.cstr/ramloop[0].ram.r/prim_init.ram/addrb[7]) which is driven by a register (ethernet_one_gbe_skarab_axi_tx_one_gbe/kat_ten_gb_eth_0/tge_tx_inst/large_packet_gen.tx_ctrl_fifo_ext/U0/inst_fifo_gen/gconvfifo.rf/grf.rf/gntv_or_sync_fifo.mem/goreg_dm.dout_i_reg[20]) that has an active asychronous set or reset. This may cause corruption of the memory contents and/or read values when the set/reset is asserted and is not analyzed by the default static timing analysis. It is suggested to eliminate the use of a set/reset to registers driving this RAMB pin or else use a synchronous reset in which the assertion of the reset is timed by default.
WARNING: [DRC REQP-1840] RAMB18 async control check: The RAMB18E1 ethernet_one_gbe_skarab_axi_tx_one_gbe/kat_ten_gb_eth_0/tge_tx_inst/arp_cache_inst/U0/inst_blk_mem_gen/gnbram.gnativebmg.native_blk_mem_gen/valid.cstr/ramloop[0].ram.r/prim_init.ram/DEVICE_7SERIES.NO_BMM_INFO.TRUE_DP.SIMPLE_PRIM18.ram has an input control pin ethernet_one_gbe_skarab_axi_tx_one_gbe/kat_ten_gb_eth_0/tge_tx_inst/arp_cache_inst/U0/inst_blk_mem_gen/gnbram.gnativebmg.native_blk_mem_gen/valid.cstr/ramloop[0].ram.r/prim_init.ram/DEVICE_7SERIES.NO_BMM_INFO.TRUE_DP.SIMPLE_PRIM18.ram/ADDRBWRADDR[11] (net: ethernet_one_gbe_skarab_axi_tx_one_gbe/kat_ten_gb_eth_0/tge_tx_inst/arp_cache_inst/U0/inst_blk_mem_gen/gnbram.gnativebmg.native_blk_mem_gen/valid.cstr/ramloop[0].ram.r/prim_init.ram/addrb[7]) which is driven by a register (ethernet_one_gbe_skarab_axi_tx_one_gbe/kat_ten_gb_eth_0/tge_tx_inst/large_packet_gen.tx_ctrl_fifo_ext/U0/inst_fifo_gen/gconvfifo.rf/grf.rf/gntv_or_sync_fifo.mem/goreg_dm.dout_i_reg[21]) that has an active asychronous set or reset. This may cause corruption of the memory contents and/or read values when the set/reset is asserted and is not analyzed by the default static timing analysis. It is suggested to eliminate the use of a set/reset to registers driving this RAMB pin or else use a synchronous reset in which the assertion of the reset is timed by default.
WARNING: [DRC REQP-1840] RAMB18 async control check: The RAMB18E1 ethernet_one_gbe_skarab_axi_tx_one_gbe/kat_ten_gb_eth_0/tge_tx_inst/arp_cache_inst/U0/inst_blk_mem_gen/gnbram.gnativebmg.native_blk_mem_gen/valid.cstr/ramloop[0].ram.r/prim_init.ram/DEVICE_7SERIES.NO_BMM_INFO.TRUE_DP.SIMPLE_PRIM18.ram has an input control pin ethernet_one_gbe_skarab_axi_tx_one_gbe/kat_ten_gb_eth_0/tge_tx_inst/arp_cache_inst/U0/inst_blk_mem_gen/gnbram.gnativebmg.native_blk_mem_gen/valid.cstr/ramloop[0].ram.r/prim_init.ram/DEVICE_7SERIES.NO_BMM_INFO.TRUE_DP.SIMPLE_PRIM18.ram/ADDRBWRADDR[11] (net: ethernet_one_gbe_skarab_axi_tx_one_gbe/kat_ten_gb_eth_0/tge_tx_inst/arp_cache_inst/U0/inst_blk_mem_gen/gnbram.gnativebmg.native_blk_mem_gen/valid.cstr/ramloop[0].ram.r/prim_init.ram/addrb[7]) which is driven by a register (ethernet_one_gbe_skarab_axi_tx_one_gbe/kat_ten_gb_eth_0/tge_tx_inst/large_packet_gen.tx_ctrl_fifo_ext/U0/inst_fifo_gen/gconvfifo.rf/grf.rf/gntv_or_sync_fifo.mem/goreg_dm.dout_i_reg[22]) that has an active asychronous set or reset. This may cause corruption of the memory contents and/or read values when the set/reset is asserted and is not analyzed by the default static timing analysis. It is suggested to eliminate the use of a set/reset to registers driving this RAMB pin or else use a synchronous reset in which the assertion of the reset is timed by default.
WARNING: [DRC REQP-1840] RAMB18 async control check: The RAMB18E1 ethernet_one_gbe_skarab_axi_tx_one_gbe/kat_ten_gb_eth_0/tge_tx_inst/arp_cache_inst/U0/inst_blk_mem_gen/gnbram.gnativebmg.native_blk_mem_gen/valid.cstr/ramloop[0].ram.r/prim_init.ram/DEVICE_7SERIES.NO_BMM_INFO.TRUE_DP.SIMPLE_PRIM18.ram has an input control pin ethernet_one_gbe_skarab_axi_tx_one_gbe/kat_ten_gb_eth_0/tge_tx_inst/arp_cache_inst/U0/inst_blk_mem_gen/gnbram.gnativebmg.native_blk_mem_gen/valid.cstr/ramloop[0].ram.r/prim_init.ram/DEVICE_7SERIES.NO_BMM_INFO.TRUE_DP.SIMPLE_PRIM18.ram/ADDRBWRADDR[11] (net: ethernet_one_gbe_skarab_axi_tx_one_gbe/kat_ten_gb_eth_0/tge_tx_inst/arp_cache_inst/U0/inst_blk_mem_gen/gnbram.gnativebmg.native_blk_mem_gen/valid.cstr/ramloop[0].ram.r/prim_init.ram/addrb[7]) which is driven by a register (ethernet_one_gbe_skarab_axi_tx_one_gbe/kat_ten_gb_eth_0/tge_tx_inst/large_packet_gen.tx_ctrl_fifo_ext/U0/inst_fifo_gen/gconvfifo.rf/grf.rf/gntv_or_sync_fifo.mem/goreg_dm.dout_i_reg[23]) that has an active asychronous set or reset. This may cause corruption of the memory contents and/or read values when the set/reset is asserted and is not analyzed by the default static timing analysis. It is suggested to eliminate the use of a set/reset to registers driving this RAMB pin or else use a synchronous reset in which the assertion of the reset is timed by default.
WARNING: [DRC REQP-1840] RAMB18 async control check: The RAMB18E1 ethernet_one_gbe_skarab_axi_tx_one_gbe/kat_ten_gb_eth_0/tge_tx_inst/arp_cache_inst/U0/inst_blk_mem_gen/gnbram.gnativebmg.native_blk_mem_gen/valid.cstr/ramloop[0].ram.r/prim_init.ram/DEVICE_7SERIES.NO_BMM_INFO.TRUE_DP.SIMPLE_PRIM18.ram has an input control pin ethernet_one_gbe_skarab_axi_tx_one_gbe/kat_ten_gb_eth_0/tge_tx_inst/arp_cache_inst/U0/inst_blk_mem_gen/gnbram.gnativebmg.native_blk_mem_gen/valid.cstr/ramloop[0].ram.r/prim_init.ram/DEVICE_7SERIES.NO_BMM_INFO.TRUE_DP.SIMPLE_PRIM18.ram/ADDRBWRADDR[11] (net: ethernet_one_gbe_skarab_axi_tx_one_gbe/kat_ten_gb_eth_0/tge_tx_inst/arp_cache_inst/U0/inst_blk_mem_gen/gnbram.gnativebmg.native_blk_mem_gen/valid.cstr/ramloop[0].ram.r/prim_init.ram/addrb[7]) which is driven by a register (ethernet_one_gbe_skarab_axi_tx_one_gbe/kat_ten_gb_eth_0/tge_tx_inst/large_packet_gen.tx_ctrl_fifo_ext/U0/inst_fifo_gen/gconvfifo.rf/grf.rf/gntv_or_sync_fifo.mem/goreg_dm.dout_i_reg[24]) that has an active asychronous set or reset. This may cause corruption of the memory contents and/or read values when the set/reset is asserted and is not analyzed by the default static timing analysis. It is suggested to eliminate the use of a set/reset to registers driving this RAMB pin or else use a synchronous reset in which the assertion of the reset is timed by default.
WARNING: [DRC REQP-1840] RAMB18 async control check: The RAMB18E1 ethernet_one_gbe_skarab_axi_tx_one_gbe/kat_ten_gb_eth_0/tge_tx_inst/arp_cache_inst/U0/inst_blk_mem_gen/gnbram.gnativebmg.native_blk_mem_gen/valid.cstr/ramloop[0].ram.r/prim_init.ram/DEVICE_7SERIES.NO_BMM_INFO.TRUE_DP.SIMPLE_PRIM18.ram has an input control pin ethernet_one_gbe_skarab_axi_tx_one_gbe/kat_ten_gb_eth_0/tge_tx_inst/arp_cache_inst/U0/inst_blk_mem_gen/gnbram.gnativebmg.native_blk_mem_gen/valid.cstr/ramloop[0].ram.r/prim_init.ram/DEVICE_7SERIES.NO_BMM_INFO.TRUE_DP.SIMPLE_PRIM18.ram/ADDRBWRADDR[11] (net: ethernet_one_gbe_skarab_axi_tx_one_gbe/kat_ten_gb_eth_0/tge_tx_inst/arp_cache_inst/U0/inst_blk_mem_gen/gnbram.gnativebmg.native_blk_mem_gen/valid.cstr/ramloop[0].ram.r/prim_init.ram/addrb[7]) which is driven by a register (ethernet_one_gbe_skarab_axi_tx_one_gbe/kat_ten_gb_eth_0/tge_tx_inst/large_packet_gen.tx_ctrl_fifo_ext/U0/inst_fifo_gen/gconvfifo.rf/grf.rf/gntv_or_sync_fifo.mem/goreg_dm.dout_i_reg[25]) that has an active asychronous set or reset. This may cause corruption of the memory contents and/or read values when the set/reset is asserted and is not analyzed by the default static timing analysis. It is suggested to eliminate the use of a set/reset to registers driving this RAMB pin or else use a synchronous reset in which the assertion of the reset is timed by default.
WARNING: [DRC REQP-1840] RAMB18 async control check: The RAMB18E1 ethernet_one_gbe_skarab_axi_tx_one_gbe/kat_ten_gb_eth_0/tge_tx_inst/arp_cache_inst/U0/inst_blk_mem_gen/gnbram.gnativebmg.native_blk_mem_gen/valid.cstr/ramloop[0].ram.r/prim_init.ram/DEVICE_7SERIES.NO_BMM_INFO.TRUE_DP.SIMPLE_PRIM18.ram has an input control pin ethernet_one_gbe_skarab_axi_tx_one_gbe/kat_ten_gb_eth_0/tge_tx_inst/arp_cache_inst/U0/inst_blk_mem_gen/gnbram.gnativebmg.native_blk_mem_gen/valid.cstr/ramloop[0].ram.r/prim_init.ram/DEVICE_7SERIES.NO_BMM_INFO.TRUE_DP.SIMPLE_PRIM18.ram/ADDRBWRADDR[11] (net: ethernet_one_gbe_skarab_axi_tx_one_gbe/kat_ten_gb_eth_0/tge_tx_inst/arp_cache_inst/U0/inst_blk_mem_gen/gnbram.gnativebmg.native_blk_mem_gen/valid.cstr/ramloop[0].ram.r/prim_init.ram/addrb[7]) which is driven by a register (ethernet_one_gbe_skarab_axi_tx_one_gbe/kat_ten_gb_eth_0/tge_tx_inst/large_packet_gen.tx_ctrl_fifo_ext/U0/inst_fifo_gen/gconvfifo.rf/grf.rf/gntv_or_sync_fifo.mem/goreg_dm.dout_i_reg[26]) that has an active asychronous set or reset. This may cause corruption of the memory contents and/or read values when the set/reset is asserted and is not analyzed by the default static timing analysis. It is suggested to eliminate the use of a set/reset to registers driving this RAMB pin or else use a synchronous reset in which the assertion of the reset is timed by default.
WARNING: [DRC REQP-1840] RAMB18 async control check: The RAMB18E1 ethernet_one_gbe_skarab_axi_tx_one_gbe/kat_ten_gb_eth_0/tge_tx_inst/arp_cache_inst/U0/inst_blk_mem_gen/gnbram.gnativebmg.native_blk_mem_gen/valid.cstr/ramloop[0].ram.r/prim_init.ram/DEVICE_7SERIES.NO_BMM_INFO.TRUE_DP.SIMPLE_PRIM18.ram has an input control pin ethernet_one_gbe_skarab_axi_tx_one_gbe/kat_ten_gb_eth_0/tge_tx_inst/arp_cache_inst/U0/inst_blk_mem_gen/gnbram.gnativebmg.native_blk_mem_gen/valid.cstr/ramloop[0].ram.r/prim_init.ram/DEVICE_7SERIES.NO_BMM_INFO.TRUE_DP.SIMPLE_PRIM18.ram/ADDRBWRADDR[11] (net: ethernet_one_gbe_skarab_axi_tx_one_gbe/kat_ten_gb_eth_0/tge_tx_inst/arp_cache_inst/U0/inst_blk_mem_gen/gnbram.gnativebmg.native_blk_mem_gen/valid.cstr/ramloop[0].ram.r/prim_init.ram/addrb[7]) which is driven by a register (ethernet_one_gbe_skarab_axi_tx_one_gbe/kat_ten_gb_eth_0/tge_tx_inst/large_packet_gen.tx_ctrl_fifo_ext/U0/inst_fifo_gen/gconvfifo.rf/grf.rf/gntv_or_sync_fifo.mem/goreg_dm.dout_i_reg[27]) that has an active asychronous set or reset. This may cause corruption of the memory contents and/or read values when the set/reset is asserted and is not analyzed by the default static timing analysis. It is suggested to eliminate the use of a set/reset to registers driving this RAMB pin or else use a synchronous reset in which the assertion of the reset is timed by default.
WARNING: [DRC RTSTAT-10] No routable loads: 28 net(s) have no routable loads. The problem bus(es) and/or net(s) are ethernet_one_gbe_skarab_axi_tx_one_gbe/kat_ten_gb_eth_0/tge_rx_inst/rx_packet_ctrl_fifo_inst/U0/inst_fifo_gen/gconvfifo.rf/grf.rf/gntv_or_sync_fifo.gl0.rd/gr1.gr1_int.rfwft/aempty_fwft_i, ethernet_one_gbe_skarab_axi_tx_one_gbe/kat_ten_gb_eth_0/tge_rx_inst/use_bram.rx_packet_fifo_bram_inst/U0/inst_fifo_gen/gconvfifo.rf/grf.rf/gntv_or_sync_fifo.gl0.rd/gr1.gr1_int.rfwft/aempty_fwft_i, ethernet_one_gbe_skarab_axi_tx_one_gbe/kat_ten_gb_eth_0/tge_tx_inst/large_packet_gen.tx_data_fifo_ext_0/U0/inst_fifo_gen/gconvfifo.rf/grf.rf/gntv_or_sync_fifo.gl0.rd/gr1.gr1_int.rfwft/aempty_fwft_i, ethernet_one_gbe_skarab_axi_tx_one_gbe/kat_ten_gb_eth_0/tge_tx_inst/tx_packet_fifo_inst/U0/inst_fifo_gen/gconvfifo.rf/grf.rf/gntv_or_sync_fifo.gl0.rd/gr1.gr1_int.rfwft/aempty_fwft_i, ethernet_one_gbe_skarab_axi_tx_one_gbe/kat_ten_gb_eth_0/tge_tx_inst/tx_packet_ctrl_fifo_inst/U0/inst_fifo_gen/gconvfifo.rf/grf.rf/gntv_or_sync_fifo.gl0.rd/gr1.gr1_int.rfwft/aempty_fwft_i, ethernet_one_gbe_skarab_axi_tx_one_gbe/kat_ten_gb_eth_0/tge_tx_inst/large_packet_gen.tx_ctrl_fifo_ext/U0/inst_fifo_gen/gconvfifo.rf/grf.rf/gntv_or_sync_fifo.gl0.rd/gr1.gr1_int.rfwft/aempty_fwft_i, skarab_infr/wishbone_flash_sdram_interface_0/isp_spi_programmer_0/isp_spi_buffer_1/U0/inst_fifo_gen/gconvfifo.rf/grf.rf/gntv_or_sync_fifo.gl0.wr/gwss.wsts/ram_afull_fb, skarab_infr/wishbone_flash_sdram_interface_0/isp_spi_programmer_0/isp_spi_buffer_0/U0/inst_fifo_gen/gconvfifo.rf/grf.rf/gntv_or_sync_fifo.gl0.wr/gwss.wsts/ram_afull_fb, skarab_infr/wishbone_flash_sdram_interface_0/common_clock_fifo_32x16_0/U0/inst_fifo_gen/gconvfifo.rf/grf.rf/gntv_or_sync_fifo.gl0.wr/gwss.wsts/ram_afull_fb, ethernet_one_gbe_skarab_axi_tx_one_gbe/kat_ten_gb_eth_0/tge_tx_inst/large_packet_gen.tx_data_fifo_ext_0/U0/inst_fifo_gen/gconvfifo.rf/grf.rf/gntv_or_sync_fifo.gl0.wr/gwss.wsts/ram_afull_fb, ethernet_one_gbe_skarab_axi_tx_one_gbe/kat_ten_gb_eth_0/tge_tx_inst/large_packet_gen.tx_ctrl_fifo_ext/U0/inst_fifo_gen/gconvfifo.rf/grf.rf/gntv_or_sync_fifo.gl0.wr/gwss.wsts/ram_afull_fb, skarab_infr/wishbone_flash_sdram_interface_0/isp_spi_programmer_0/isp_spi_buffer_1/U0/inst_fifo_gen/gconvfifo.rf/grf.rf/gntv_or_sync_fifo.gl0.wr/gwss.wsts/ram_afull_i, skarab_infr/wishbone_flash_sdram_interface_0/isp_spi_programmer_0/isp_spi_buffer_0/U0/inst_fifo_gen/gconvfifo.rf/grf.rf/gntv_or_sync_fifo.gl0.wr/gwss.wsts/ram_afull_i, ethernet_one_gbe_skarab_axi_tx_one_gbe/kat_ten_gb_eth_0/tge_tx_inst/large_packet_gen.tx_ctrl_fifo_ext/U0/inst_fifo_gen/gconvfifo.rf/grf.rf/gntv_or_sync_fifo.gl0.wr/gwss.wsts/ram_afull_i, ethernet_one_gbe_skarab_axi_tx_one_gbe/kat_ten_gb_eth_0/tge_tx_inst/large_packet_gen.tx_data_fifo_ext_0/U0/inst_fifo_gen/gconvfifo.rf/grf.rf/gntv_or_sync_fifo.gl0.wr/gwss.wsts/ram_afull_i... and (the first 15 of 28 listed).
INFO: [DRC AVAL-5] enum_USE_MULT_NONE_enum_DREG_ADREG_0_connects_CED_CEAD_RSTD_GND: ethernet_one_gbe_skarab_axi_inst/ethernet_one_gbe_skarab_axi_struct/d3/ss/add_gen/add_gen/comp1.core_instance1/U0/i_synth/i_baseip.i_xbip_counter/i_dsp48.i_dsp/i_vx7.i_dsp48e_wrap/i_primitive: DSP48E1 is not using the Multiplier (USE_MULT = NONE). For improved power characteristics, set DREG and ADREG to '1', tie CED, CEAD, and RSTD to logic '0'.
INFO: [DRC AVAL-5] enum_USE_MULT_NONE_enum_DREG_ADREG_0_connects_CED_CEAD_RSTD_GND: ethernet_one_gbe_skarab_axi_inst/ethernet_one_gbe_skarab_axi_struct/d4/ss/add_gen/add_gen/comp1.core_instance1/U0/i_synth/i_baseip.i_xbip_counter/i_dsp48.i_dsp/i_vx7.i_dsp48e_wrap/i_primitive: DSP48E1 is not using the Multiplier (USE_MULT = NONE). For improved power characteristics, set DREG and ADREG to '1', tie CED, CEAD, and RSTD to logic '0'.
INFO: [DRC AVAL-5] enum_USE_MULT_NONE_enum_DREG_ADREG_0_connects_CED_CEAD_RSTD_GND: ethernet_one_gbe_skarab_axi_inst/ethernet_one_gbe_skarab_axi_struct/d5/ss/add_gen/add_gen/comp1.core_instance1/U0/i_synth/i_baseip.i_xbip_counter/i_dsp48.i_dsp/i_vx7.i_dsp48e_wrap/i_primitive: DSP48E1 is not using the Multiplier (USE_MULT = NONE). For improved power characteristics, set DREG and ADREG to '1', tie CED, CEAD, and RSTD to logic '0'.
INFO: [DRC AVAL-5] enum_USE_MULT_NONE_enum_DREG_ADREG_0_connects_CED_CEAD_RSTD_GND: ethernet_one_gbe_skarab_axi_inst/ethernet_one_gbe_skarab_axi_struct/pkt_ctrs1/ss/add_gen/add_gen/comp3.core_instance3/U0/i_synth/i_baseip.i_xbip_counter/i_dsp48.i_dsp/i_vx7.i_dsp48e_wrap/i_primitive: DSP48E1 is not using the Multiplier (USE_MULT = NONE). For improved power characteristics, set DREG and ADREG to '1', tie CED, CEAD, and RSTD to logic '0'.
INFO: [DRC AVAL-5] enum_USE_MULT_NONE_enum_DREG_ADREG_0_connects_CED_CEAD_RSTD_GND: ethernet_one_gbe_skarab_axi_inst/ethernet_one_gbe_skarab_axi_struct/pkt_ctrs_compare1/ss/add_gen/add_gen/comp4.core_instance4/U0/i_synth/i_baseip.i_xbip_counter/i_dsp48.i_dsp/i_vx7.i_dsp48e_wrap/i_primitive: DSP48E1 is not using the Multiplier (USE_MULT = NONE). For improved power characteristics, set DREG and ADREG to '1', tie CED, CEAD, and RSTD to logic '0'.
INFO: [Vivado 12-3199] DRC finished with 0 Errors, 48 Warnings, 5 Advisories
INFO: [Vivado 12-3200] Please refer to the DRC report (report_drc) for more information.
INFO: [Memdata 28-144] Successfully populated the BRAM INIT strings from the following elf files: /skarab/skarab-gbe-control/fpgs/ethernet_one_gbe_skarab_control/ethernet_one_gbe_skarab_axi/myproj/myproj.srcs/sources_1/imports/cont_microblaze/EMB123701U1R1.elf 
INFO: [Designutils 20-2272] Running write_bitstream with 8 threads.
Loading data files...
Loading site data...
Loading route data...
Processing options...
Creating bitmap...
Creating bitstream...
Bitstream compression saved 152443648 bits.
Writing bitstream ./top.bit...
Writing bitstream ./top.bin...
INFO: [Vivado 12-1842] Bitgen Completed Successfully.
INFO: [Project 1-118] WebTalk data collection is enabled (User setting is ON. Install Setting is ON.).
INFO: [Common 17-83] Releasing license: Implementation
30 Infos, 48 Warnings, 0 Critical Warnings and 0 Errors encountered.
write_bitstream completed successfully
write_bitstream: Time (s): cpu = 00:01:00 ; elapsed = 00:00:40 . Memory (MB): peak = 4259.195 ; gain = 887.289 ; free physical = 13272 ; free virtual = 54967
INFO: [Common 17-206] Exiting Vivado at Thu Aug 20 13:23:22 2026...
