Copyright 1986-2019 Xilinx, Inc. All Rights Reserved.
---------------------------------------------------------------------------------------------------------------------------------------------------------------------------------
| Tool Version : Vivado v.2019.1 (lin64) Build 2552052 Fri May 24 14:47:09 MDT 2019
| Date         : Mon Jul 27 22:10:49 2026
| Host         : valmyrsilva07-B760M-AORUS-ELITE running 64-bit Ubuntu 20.04.6 LTS
| Command      : report_bus_skew -warn_on_violation -file top_bus_skew_postroute_physopted.rpt -pb top_bus_skew_postroute_physopted.pb -rpx top_bus_skew_postroute_physopted.rpx
| Design       : top
| Device       : 7vx690t-ffg1927
| Speed File   : -2  PRODUCTION 1.11 2014-09-11
---------------------------------------------------------------------------------------------------------------------------------------------------------------------------------

Bus Skew Report

Table of Contents
-----------------
1. Bus Skew Report Summary
2. Bus Skew Report Per Constraint

1. Bus Skew Report Summary
--------------------------

Id  Position  From                            To                              Corner  Requirement(ns)  Actual(ns)  Slack(ns)
--  --------  ------------------------------  ------------------------------  ------  ---------------  ----------  ---------
1   279       [get_cells [list {ethernet_one_gbe_skarab_axi_tx_one_gbe/kat_ten_gb_eth_0/tge_rx_inst/rx_packet_ctrl_fifo_inst/U0/inst_fifo_gen/gconvfifo.rf/grf.rf/gntv_or_sync_fifo.gcx.clkx/rd_pntr_cdc_inst/src_gray_ff_reg[0]} {ethernet_one_gbe_skarab_axi_tx_one_gbe/kat_ten_gb_eth_0/tge_rx_inst/rx_packet_ctrl_fifo_inst/U0/inst_fifo_gen/gconvfifo.rf/grf.rf/gntv_or_sync_fifo.gcx.clkx/rd_pntr_cdc_inst/src_gray_ff_reg[1]} {ethernet_one_gbe_skarab_axi_tx_one_gbe/kat_ten_gb_eth_0/tge_rx_inst/rx_packet_ctrl_fifo_inst/U0/inst_fifo_gen/gconvfifo.rf/grf.rf/gntv_or_sync_fifo.gcx.clkx/rd_pntr_cdc_inst/src_gray_ff_reg[2]} {ethernet_one_gbe_skarab_axi_tx_one_gbe/kat_ten_gb_eth_0/tge_rx_inst/rx_packet_ctrl_fifo_inst/U0/inst_fifo_gen/gconvfifo.rf/grf.rf/gntv_or_sync_fifo.gcx.clkx/rd_pntr_cdc_inst/src_gray_ff_reg[3]}]]
                                              [get_cells [list {ethernet_one_gbe_skarab_axi_tx_one_gbe/kat_ten_gb_eth_0/tge_rx_inst/rx_packet_ctrl_fifo_inst/U0/inst_fifo_gen/gconvfifo.rf/grf.rf/gntv_or_sync_fifo.gcx.clkx/rd_pntr_cdc_inst/dest_graysync_ff_reg[0][0]} {ethernet_one_gbe_skarab_axi_tx_one_gbe/kat_ten_gb_eth_0/tge_rx_inst/rx_packet_ctrl_fifo_inst/U0/inst_fifo_gen/gconvfifo.rf/grf.rf/gntv_or_sync_fifo.gcx.clkx/rd_pntr_cdc_inst/dest_graysync_ff_reg[0][1]} {ethernet_one_gbe_skarab_axi_tx_one_gbe/kat_ten_gb_eth_0/tge_rx_inst/rx_packet_ctrl_fifo_inst/U0/inst_fifo_gen/gconvfifo.rf/grf.rf/gntv_or_sync_fifo.gcx.clkx/rd_pntr_cdc_inst/dest_graysync_ff_reg[0][2]} {ethernet_one_gbe_skarab_axi_tx_one_gbe/kat_ten_gb_eth_0/tge_rx_inst/rx_packet_ctrl_fifo_inst/U0/inst_fifo_gen/gconvfifo.rf/grf.rf/gntv_or_sync_fifo.gcx.clkx/rd_pntr_cdc_inst/dest_graysync_ff_reg[0][3]}]]
                                                                              Slow              4.335       1.499      2.836
2   281       [get_cells [list {ethernet_one_gbe_skarab_axi_tx_one_gbe/kat_ten_gb_eth_0/tge_rx_inst/rx_packet_ctrl_fifo_inst/U0/inst_fifo_gen/gconvfifo.rf/grf.rf/gntv_or_sync_fifo.gcx.clkx/wr_pntr_cdc_inst/src_gray_ff_reg[0]} {ethernet_one_gbe_skarab_axi_tx_one_gbe/kat_ten_gb_eth_0/tge_rx_inst/rx_packet_ctrl_fifo_inst/U0/inst_fifo_gen/gconvfifo.rf/grf.rf/gntv_or_sync_fifo.gcx.clkx/wr_pntr_cdc_inst/src_gray_ff_reg[1]} {ethernet_one_gbe_skarab_axi_tx_one_gbe/kat_ten_gb_eth_0/tge_rx_inst/rx_packet_ctrl_fifo_inst/U0/inst_fifo_gen/gconvfifo.rf/grf.rf/gntv_or_sync_fifo.gcx.clkx/wr_pntr_cdc_inst/src_gray_ff_reg[2]} {ethernet_one_gbe_skarab_axi_tx_one_gbe/kat_ten_gb_eth_0/tge_rx_inst/rx_packet_ctrl_fifo_inst/U0/inst_fifo_gen/gconvfifo.rf/grf.rf/gntv_or_sync_fifo.gcx.clkx/wr_pntr_cdc_inst/src_gray_ff_reg[3]}]]
                                              [get_cells [list {ethernet_one_gbe_skarab_axi_tx_one_gbe/kat_ten_gb_eth_0/tge_rx_inst/rx_packet_ctrl_fifo_inst/U0/inst_fifo_gen/gconvfifo.rf/grf.rf/gntv_or_sync_fifo.gcx.clkx/wr_pntr_cdc_inst/dest_graysync_ff_reg[0][0]} {ethernet_one_gbe_skarab_axi_tx_one_gbe/kat_ten_gb_eth_0/tge_rx_inst/rx_packet_ctrl_fifo_inst/U0/inst_fifo_gen/gconvfifo.rf/grf.rf/gntv_or_sync_fifo.gcx.clkx/wr_pntr_cdc_inst/dest_graysync_ff_reg[0][1]} {ethernet_one_gbe_skarab_axi_tx_one_gbe/kat_ten_gb_eth_0/tge_rx_inst/rx_packet_ctrl_fifo_inst/U0/inst_fifo_gen/gconvfifo.rf/grf.rf/gntv_or_sync_fifo.gcx.clkx/wr_pntr_cdc_inst/dest_graysync_ff_reg[0][2]} {ethernet_one_gbe_skarab_axi_tx_one_gbe/kat_ten_gb_eth_0/tge_rx_inst/rx_packet_ctrl_fifo_inst/U0/inst_fifo_gen/gconvfifo.rf/grf.rf/gntv_or_sync_fifo.gcx.clkx/wr_pntr_cdc_inst/dest_graysync_ff_reg[0][3]}]]
                                                                              Slow              4.335       1.342      2.993
3   283       [get_cells [list {ethernet_one_gbe_skarab_axi_tx_one_gbe/kat_ten_gb_eth_0/tge_rx_inst/use_bram.rx_packet_fifo_bram_inst/U0/inst_fifo_gen/gconvfifo.rf/grf.rf/gntv_or_sync_fifo.gcx.clkx/rd_pntr_cdc_inst/src_gray_ff_reg[0]} {ethernet_one_gbe_skarab_axi_tx_one_gbe/kat_ten_gb_eth_0/tge_rx_inst/use_bram.rx_packet_fifo_bram_inst/U0/inst_fifo_gen/gconvfifo.rf/grf.rf/gntv_or_sync_fifo.gcx.clkx/rd_pntr_cdc_inst/src_gray_ff_reg[1]} {ethernet_one_gbe_skarab_axi_tx_one_gbe/kat_ten_gb_eth_0/tge_rx_inst/use_bram.rx_packet_fifo_bram_inst/U0/inst_fifo_gen/gconvfifo.rf/grf.rf/gntv_or_sync_fifo.gcx.clkx/rd_pntr_cdc_inst/src_gray_ff_reg[2]} {ethernet_one_gbe_skarab_axi_tx_one_gbe/kat_ten_gb_eth_0/tge_rx_inst/use_bram.rx_packet_fifo_bram_inst/U0/inst_fifo_gen/gconvfifo.rf/grf.rf/gntv_or_sync_fifo.gcx.clkx/rd_pntr_cdc_inst/src_gray_ff_reg[3]} {ethernet_one_gbe_skarab_axi_tx_one_gbe/kat_ten_gb_eth_0/tge_rx_inst/use_bram.rx_packet_fifo_bram_inst/U0/inst_fifo_gen/gconvfifo.rf/grf.rf/gntv_or_sync_fifo.gcx.clkx/rd_pntr_cdc_inst/src_gray_ff_reg[4]} {ethernet_one_gbe_skarab_axi_tx_one_gbe/kat_ten_gb_eth_0/tge_rx_inst/use_bram.rx_packet_fifo_bram_inst/U0/inst_fifo_gen/gconvfifo.rf/grf.rf/gntv_or_sync_fifo.gcx.clkx/rd_pntr_cdc_inst/src_gray_ff_reg[5]} {ethernet_one_gbe_skarab_axi_tx_one_gbe/kat_ten_gb_eth_0/tge_rx_inst/use_bram.rx_packet_fifo_bram_inst/U0/inst_fifo_gen/gconvfifo.rf/grf.rf/gntv_or_sync_fifo.gcx.clkx/rd_pntr_cdc_inst/src_gray_ff_reg[6]} {ethernet_one_gbe_skarab_axi_tx_one_gbe/kat_ten_gb_eth_0/tge_rx_inst/use_bram.rx_packet_fifo_bram_inst/U0/inst_fifo_gen/gconvfifo.rf/grf.rf/gntv_or_sync_fifo.gcx.clkx/rd_pntr_cdc_inst/src_gray_ff_reg[7]} {ethernet_one_gbe_skarab_axi_tx_one_gbe/kat_ten_gb_eth_0/tge_rx_inst/use_bram.rx_packet_fifo_bram_inst/U0/inst_fifo_gen/gconvfifo.rf/grf.rf/gntv_or_sync_fifo.gcx.clkx/rd_pntr_cdc_inst/src_gray_ff_reg[8]} {ethernet_one_gbe_skarab_axi_tx_one_gbe/kat_ten_gb_eth_0/tge_rx_inst/use_bram.rx_packet_fifo_bram_inst/U0/inst_fifo_gen/gconvfifo.rf/grf.rf/gntv_or_sync_fifo.gcx.clkx/rd_pntr_cdc_inst/src_gray_ff_reg[9]}]]
                                              [get_cells [list {ethernet_one_gbe_skarab_axi_tx_one_gbe/kat_ten_gb_eth_0/tge_rx_inst/use_bram.rx_packet_fifo_bram_inst/U0/inst_fifo_gen/gconvfifo.rf/grf.rf/gntv_or_sync_fifo.gcx.clkx/rd_pntr_cdc_inst/dest_graysync_ff_reg[0][0]} {ethernet_one_gbe_skarab_axi_tx_one_gbe/kat_ten_gb_eth_0/tge_rx_inst/use_bram.rx_packet_fifo_bram_inst/U0/inst_fifo_gen/gconvfifo.rf/grf.rf/gntv_or_sync_fifo.gcx.clkx/rd_pntr_cdc_inst/dest_graysync_ff_reg[0][1]} {ethernet_one_gbe_skarab_axi_tx_one_gbe/kat_ten_gb_eth_0/tge_rx_inst/use_bram.rx_packet_fifo_bram_inst/U0/inst_fifo_gen/gconvfifo.rf/grf.rf/gntv_or_sync_fifo.gcx.clkx/rd_pntr_cdc_inst/dest_graysync_ff_reg[0][2]} {ethernet_one_gbe_skarab_axi_tx_one_gbe/kat_ten_gb_eth_0/tge_rx_inst/use_bram.rx_packet_fifo_bram_inst/U0/inst_fifo_gen/gconvfifo.rf/grf.rf/gntv_or_sync_fifo.gcx.clkx/rd_pntr_cdc_inst/dest_graysync_ff_reg[0][3]} {ethernet_one_gbe_skarab_axi_tx_one_gbe/kat_ten_gb_eth_0/tge_rx_inst/use_bram.rx_packet_fifo_bram_inst/U0/inst_fifo_gen/gconvfifo.rf/grf.rf/gntv_or_sync_fifo.gcx.clkx/rd_pntr_cdc_inst/dest_graysync_ff_reg[0][4]} {ethernet_one_gbe_skarab_axi_tx_one_gbe/kat_ten_gb_eth_0/tge_rx_inst/use_bram.rx_packet_fifo_bram_inst/U0/inst_fifo_gen/gconvfifo.rf/grf.rf/gntv_or_sync_fifo.gcx.clkx/rd_pntr_cdc_inst/dest_graysync_ff_reg[0][5]} {ethernet_one_gbe_skarab_axi_tx_one_gbe/kat_ten_gb_eth_0/tge_rx_inst/use_bram.rx_packet_fifo_bram_inst/U0/inst_fifo_gen/gconvfifo.rf/grf.rf/gntv_or_sync_fifo.gcx.clkx/rd_pntr_cdc_inst/dest_graysync_ff_reg[0][6]} {ethernet_one_gbe_skarab_axi_tx_one_gbe/kat_ten_gb_eth_0/tge_rx_inst/use_bram.rx_packet_fifo_bram_inst/U0/inst_fifo_gen/gconvfifo.rf/grf.rf/gntv_or_sync_fifo.gcx.clkx/rd_pntr_cdc_inst/dest_graysync_ff_reg[0][7]} {ethernet_one_gbe_skarab_axi_tx_one_gbe/kat_ten_gb_eth_0/tge_rx_inst/use_bram.rx_packet_fifo_bram_inst/U0/inst_fifo_gen/gconvfifo.rf/grf.rf/gntv_or_sync_fifo.gcx.clkx/rd_pntr_cdc_inst/dest_graysync_ff_reg[0][8]} {ethernet_one_gbe_skarab_axi_tx_one_gbe/kat_ten_gb_eth_0/tge_rx_inst/use_bram.rx_packet_fifo_bram_inst/U0/inst_fifo_gen/gconvfifo.rf/grf.rf/gntv_or_sync_fifo.gcx.clkx/rd_pntr_cdc_inst/dest_graysync_ff_reg[0][9]}]]
                                                                              Slow              4.335       1.514      2.821
4   285       [get_cells [list {ethernet_one_gbe_skarab_axi_tx_one_gbe/kat_ten_gb_eth_0/tge_rx_inst/use_bram.rx_packet_fifo_bram_inst/U0/inst_fifo_gen/gconvfifo.rf/grf.rf/gntv_or_sync_fifo.gcx.clkx/wr_pntr_cdc_inst/src_gray_ff_reg[0]} {ethernet_one_gbe_skarab_axi_tx_one_gbe/kat_ten_gb_eth_0/tge_rx_inst/use_bram.rx_packet_fifo_bram_inst/U0/inst_fifo_gen/gconvfifo.rf/grf.rf/gntv_or_sync_fifo.gcx.clkx/wr_pntr_cdc_inst/src_gray_ff_reg[1]} {ethernet_one_gbe_skarab_axi_tx_one_gbe/kat_ten_gb_eth_0/tge_rx_inst/use_bram.rx_packet_fifo_bram_inst/U0/inst_fifo_gen/gconvfifo.rf/grf.rf/gntv_or_sync_fifo.gcx.clkx/wr_pntr_cdc_inst/src_gray_ff_reg[2]} {ethernet_one_gbe_skarab_axi_tx_one_gbe/kat_ten_gb_eth_0/tge_rx_inst/use_bram.rx_packet_fifo_bram_inst/U0/inst_fifo_gen/gconvfifo.rf/grf.rf/gntv_or_sync_fifo.gcx.clkx/wr_pntr_cdc_inst/src_gray_ff_reg[3]} {ethernet_one_gbe_skarab_axi_tx_one_gbe/kat_ten_gb_eth_0/tge_rx_inst/use_bram.rx_packet_fifo_bram_inst/U0/inst_fifo_gen/gconvfifo.rf/grf.rf/gntv_or_sync_fifo.gcx.clkx/wr_pntr_cdc_inst/src_gray_ff_reg[4]} {ethernet_one_gbe_skarab_axi_tx_one_gbe/kat_ten_gb_eth_0/tge_rx_inst/use_bram.rx_packet_fifo_bram_inst/U0/inst_fifo_gen/gconvfifo.rf/grf.rf/gntv_or_sync_fifo.gcx.clkx/wr_pntr_cdc_inst/src_gray_ff_reg[5]} {ethernet_one_gbe_skarab_axi_tx_one_gbe/kat_ten_gb_eth_0/tge_rx_inst/use_bram.rx_packet_fifo_bram_inst/U0/inst_fifo_gen/gconvfifo.rf/grf.rf/gntv_or_sync_fifo.gcx.clkx/wr_pntr_cdc_inst/src_gray_ff_reg[6]} {ethernet_one_gbe_skarab_axi_tx_one_gbe/kat_ten_gb_eth_0/tge_rx_inst/use_bram.rx_packet_fifo_bram_inst/U0/inst_fifo_gen/gconvfifo.rf/grf.rf/gntv_or_sync_fifo.gcx.clkx/wr_pntr_cdc_inst/src_gray_ff_reg[7]} {ethernet_one_gbe_skarab_axi_tx_one_gbe/kat_ten_gb_eth_0/tge_rx_inst/use_bram.rx_packet_fifo_bram_inst/U0/inst_fifo_gen/gconvfifo.rf/grf.rf/gntv_or_sync_fifo.gcx.clkx/wr_pntr_cdc_inst/src_gray_ff_reg[8]} {ethernet_one_gbe_skarab_axi_tx_one_gbe/kat_ten_gb_eth_0/tge_rx_inst/use_bram.rx_packet_fifo_bram_inst/U0/inst_fifo_gen/gconvfifo.rf/grf.rf/gntv_or_sync_fifo.gcx.clkx/wr_pntr_cdc_inst/src_gray_ff_reg[9]}]]
                                              [get_cells [list {ethernet_one_gbe_skarab_axi_tx_one_gbe/kat_ten_gb_eth_0/tge_rx_inst/use_bram.rx_packet_fifo_bram_inst/U0/inst_fifo_gen/gconvfifo.rf/grf.rf/gntv_or_sync_fifo.gcx.clkx/wr_pntr_cdc_inst/dest_graysync_ff_reg[0][0]} {ethernet_one_gbe_skarab_axi_tx_one_gbe/kat_ten_gb_eth_0/tge_rx_inst/use_bram.rx_packet_fifo_bram_inst/U0/inst_fifo_gen/gconvfifo.rf/grf.rf/gntv_or_sync_fifo.gcx.clkx/wr_pntr_cdc_inst/dest_graysync_ff_reg[0][1]} {ethernet_one_gbe_skarab_axi_tx_one_gbe/kat_ten_gb_eth_0/tge_rx_inst/use_bram.rx_packet_fifo_bram_inst/U0/inst_fifo_gen/gconvfifo.rf/grf.rf/gntv_or_sync_fifo.gcx.clkx/wr_pntr_cdc_inst/dest_graysync_ff_reg[0][2]} {ethernet_one_gbe_skarab_axi_tx_one_gbe/kat_ten_gb_eth_0/tge_rx_inst/use_bram.rx_packet_fifo_bram_inst/U0/inst_fifo_gen/gconvfifo.rf/grf.rf/gntv_or_sync_fifo.gcx.clkx/wr_pntr_cdc_inst/dest_graysync_ff_reg[0][3]} {ethernet_one_gbe_skarab_axi_tx_one_gbe/kat_ten_gb_eth_0/tge_rx_inst/use_bram.rx_packet_fifo_bram_inst/U0/inst_fifo_gen/gconvfifo.rf/grf.rf/gntv_or_sync_fifo.gcx.clkx/wr_pntr_cdc_inst/dest_graysync_ff_reg[0][4]} {ethernet_one_gbe_skarab_axi_tx_one_gbe/kat_ten_gb_eth_0/tge_rx_inst/use_bram.rx_packet_fifo_bram_inst/U0/inst_fifo_gen/gconvfifo.rf/grf.rf/gntv_or_sync_fifo.gcx.clkx/wr_pntr_cdc_inst/dest_graysync_ff_reg[0][5]} {ethernet_one_gbe_skarab_axi_tx_one_gbe/kat_ten_gb_eth_0/tge_rx_inst/use_bram.rx_packet_fifo_bram_inst/U0/inst_fifo_gen/gconvfifo.rf/grf.rf/gntv_or_sync_fifo.gcx.clkx/wr_pntr_cdc_inst/dest_graysync_ff_reg[0][6]} {ethernet_one_gbe_skarab_axi_tx_one_gbe/kat_ten_gb_eth_0/tge_rx_inst/use_bram.rx_packet_fifo_bram_inst/U0/inst_fifo_gen/gconvfifo.rf/grf.rf/gntv_or_sync_fifo.gcx.clkx/wr_pntr_cdc_inst/dest_graysync_ff_reg[0][7]} {ethernet_one_gbe_skarab_axi_tx_one_gbe/kat_ten_gb_eth_0/tge_rx_inst/use_bram.rx_packet_fifo_bram_inst/U0/inst_fifo_gen/gconvfifo.rf/grf.rf/gntv_or_sync_fifo.gcx.clkx/wr_pntr_cdc_inst/dest_graysync_ff_reg[0][8]} {ethernet_one_gbe_skarab_axi_tx_one_gbe/kat_ten_gb_eth_0/tge_rx_inst/use_bram.rx_packet_fifo_bram_inst/U0/inst_fifo_gen/gconvfifo.rf/grf.rf/gntv_or_sync_fifo.gcx.clkx/wr_pntr_cdc_inst/dest_graysync_ff_reg[0][9]}]]
                                                                              Slow              4.335       1.564      2.771
5   287       [get_cells [list {ethernet_one_gbe_skarab_axi_tx_one_gbe/kat_ten_gb_eth_0/tge_tx_inst/tx_packet_ctrl_fifo_inst/U0/inst_fifo_gen/gconvfifo.rf/grf.rf/gntv_or_sync_fifo.gcx.clkx/rd_pntr_cdc_inst/src_gray_ff_reg[0]} {ethernet_one_gbe_skarab_axi_tx_one_gbe/kat_ten_gb_eth_0/tge_tx_inst/tx_packet_ctrl_fifo_inst/U0/inst_fifo_gen/gconvfifo.rf/grf.rf/gntv_or_sync_fifo.gcx.clkx/rd_pntr_cdc_inst/src_gray_ff_reg[1]} {ethernet_one_gbe_skarab_axi_tx_one_gbe/kat_ten_gb_eth_0/tge_tx_inst/tx_packet_ctrl_fifo_inst/U0/inst_fifo_gen/gconvfifo.rf/grf.rf/gntv_or_sync_fifo.gcx.clkx/rd_pntr_cdc_inst/src_gray_ff_reg[2]} {ethernet_one_gbe_skarab_axi_tx_one_gbe/kat_ten_gb_eth_0/tge_tx_inst/tx_packet_ctrl_fifo_inst/U0/inst_fifo_gen/gconvfifo.rf/grf.rf/gntv_or_sync_fifo.gcx.clkx/rd_pntr_cdc_inst/src_gray_ff_reg[3]}]]
                                              [get_cells [list {ethernet_one_gbe_skarab_axi_tx_one_gbe/kat_ten_gb_eth_0/tge_tx_inst/tx_packet_ctrl_fifo_inst/U0/inst_fifo_gen/gconvfifo.rf/grf.rf/gntv_or_sync_fifo.gcx.clkx/rd_pntr_cdc_inst/dest_graysync_ff_reg[0][0]} {ethernet_one_gbe_skarab_axi_tx_one_gbe/kat_ten_gb_eth_0/tge_tx_inst/tx_packet_ctrl_fifo_inst/U0/inst_fifo_gen/gconvfifo.rf/grf.rf/gntv_or_sync_fifo.gcx.clkx/rd_pntr_cdc_inst/dest_graysync_ff_reg[0][1]} {ethernet_one_gbe_skarab_axi_tx_one_gbe/kat_ten_gb_eth_0/tge_tx_inst/tx_packet_ctrl_fifo_inst/U0/inst_fifo_gen/gconvfifo.rf/grf.rf/gntv_or_sync_fifo.gcx.clkx/rd_pntr_cdc_inst/dest_graysync_ff_reg[0][2]} {ethernet_one_gbe_skarab_axi_tx_one_gbe/kat_ten_gb_eth_0/tge_tx_inst/tx_packet_ctrl_fifo_inst/U0/inst_fifo_gen/gconvfifo.rf/grf.rf/gntv_or_sync_fifo.gcx.clkx/rd_pntr_cdc_inst/dest_graysync_ff_reg[0][3]}]]
                                                                              Slow              4.335       1.562      2.773
6   289       [get_cells [list {ethernet_one_gbe_skarab_axi_tx_one_gbe/kat_ten_gb_eth_0/tge_tx_inst/tx_packet_ctrl_fifo_inst/U0/inst_fifo_gen/gconvfifo.rf/grf.rf/gntv_or_sync_fifo.gcx.clkx/wr_pntr_cdc_inst/src_gray_ff_reg[0]} {ethernet_one_gbe_skarab_axi_tx_one_gbe/kat_ten_gb_eth_0/tge_tx_inst/tx_packet_ctrl_fifo_inst/U0/inst_fifo_gen/gconvfifo.rf/grf.rf/gntv_or_sync_fifo.gcx.clkx/wr_pntr_cdc_inst/src_gray_ff_reg[1]} {ethernet_one_gbe_skarab_axi_tx_one_gbe/kat_ten_gb_eth_0/tge_tx_inst/tx_packet_ctrl_fifo_inst/U0/inst_fifo_gen/gconvfifo.rf/grf.rf/gntv_or_sync_fifo.gcx.clkx/wr_pntr_cdc_inst/src_gray_ff_reg[2]} {ethernet_one_gbe_skarab_axi_tx_one_gbe/kat_ten_gb_eth_0/tge_tx_inst/tx_packet_ctrl_fifo_inst/U0/inst_fifo_gen/gconvfifo.rf/grf.rf/gntv_or_sync_fifo.gcx.clkx/wr_pntr_cdc_inst/src_gray_ff_reg[3]}]]
                                              [get_cells [list {ethernet_one_gbe_skarab_axi_tx_one_gbe/kat_ten_gb_eth_0/tge_tx_inst/tx_packet_ctrl_fifo_inst/U0/inst_fifo_gen/gconvfifo.rf/grf.rf/gntv_or_sync_fifo.gcx.clkx/wr_pntr_cdc_inst/dest_graysync_ff_reg[0][0]} {ethernet_one_gbe_skarab_axi_tx_one_gbe/kat_ten_gb_eth_0/tge_tx_inst/tx_packet_ctrl_fifo_inst/U0/inst_fifo_gen/gconvfifo.rf/grf.rf/gntv_or_sync_fifo.gcx.clkx/wr_pntr_cdc_inst/dest_graysync_ff_reg[0][1]} {ethernet_one_gbe_skarab_axi_tx_one_gbe/kat_ten_gb_eth_0/tge_tx_inst/tx_packet_ctrl_fifo_inst/U0/inst_fifo_gen/gconvfifo.rf/grf.rf/gntv_or_sync_fifo.gcx.clkx/wr_pntr_cdc_inst/dest_graysync_ff_reg[0][2]} {ethernet_one_gbe_skarab_axi_tx_one_gbe/kat_ten_gb_eth_0/tge_tx_inst/tx_packet_ctrl_fifo_inst/U0/inst_fifo_gen/gconvfifo.rf/grf.rf/gntv_or_sync_fifo.gcx.clkx/wr_pntr_cdc_inst/dest_graysync_ff_reg[0][3]}]]
                                                                              Slow              4.335       1.494      2.841
7   291       [get_cells [list {ethernet_one_gbe_skarab_axi_tx_one_gbe/kat_ten_gb_eth_0/tge_tx_inst/tx_packet_fifo_inst/U0/inst_fifo_gen/gconvfifo.rf/grf.rf/gntv_or_sync_fifo.gcx.clkx/rd_pntr_cdc_inst/src_gray_ff_reg[0]} {ethernet_one_gbe_skarab_axi_tx_one_gbe/kat_ten_gb_eth_0/tge_tx_inst/tx_packet_fifo_inst/U0/inst_fifo_gen/gconvfifo.rf/grf.rf/gntv_or_sync_fifo.gcx.clkx/rd_pntr_cdc_inst/src_gray_ff_reg[1]} {ethernet_one_gbe_skarab_axi_tx_one_gbe/kat_ten_gb_eth_0/tge_tx_inst/tx_packet_fifo_inst/U0/inst_fifo_gen/gconvfifo.rf/grf.rf/gntv_or_sync_fifo.gcx.clkx/rd_pntr_cdc_inst/src_gray_ff_reg[2]} {ethernet_one_gbe_skarab_axi_tx_one_gbe/kat_ten_gb_eth_0/tge_tx_inst/tx_packet_fifo_inst/U0/inst_fifo_gen/gconvfifo.rf/grf.rf/gntv_or_sync_fifo.gcx.clkx/rd_pntr_cdc_inst/src_gray_ff_reg[3]} {ethernet_one_gbe_skarab_axi_tx_one_gbe/kat_ten_gb_eth_0/tge_tx_inst/tx_packet_fifo_inst/U0/inst_fifo_gen/gconvfifo.rf/grf.rf/gntv_or_sync_fifo.gcx.clkx/rd_pntr_cdc_inst/src_gray_ff_reg[4]} {ethernet_one_gbe_skarab_axi_tx_one_gbe/kat_ten_gb_eth_0/tge_tx_inst/tx_packet_fifo_inst/U0/inst_fifo_gen/gconvfifo.rf/grf.rf/gntv_or_sync_fifo.gcx.clkx/rd_pntr_cdc_inst/src_gray_ff_reg[5]} {ethernet_one_gbe_skarab_axi_tx_one_gbe/kat_ten_gb_eth_0/tge_tx_inst/tx_packet_fifo_inst/U0/inst_fifo_gen/gconvfifo.rf/grf.rf/gntv_or_sync_fifo.gcx.clkx/rd_pntr_cdc_inst/src_gray_ff_reg[6]} {ethernet_one_gbe_skarab_axi_tx_one_gbe/kat_ten_gb_eth_0/tge_tx_inst/tx_packet_fifo_inst/U0/inst_fifo_gen/gconvfifo.rf/grf.rf/gntv_or_sync_fifo.gcx.clkx/rd_pntr_cdc_inst/src_gray_ff_reg[7]} {ethernet_one_gbe_skarab_axi_tx_one_gbe/kat_ten_gb_eth_0/tge_tx_inst/tx_packet_fifo_inst/U0/inst_fifo_gen/gconvfifo.rf/grf.rf/gntv_or_sync_fifo.gcx.clkx/rd_pntr_cdc_inst/src_gray_ff_reg[8]} {ethernet_one_gbe_skarab_axi_tx_one_gbe/kat_ten_gb_eth_0/tge_tx_inst/tx_packet_fifo_inst/U0/inst_fifo_gen/gconvfifo.rf/grf.rf/gntv_or_sync_fifo.gcx.clkx/rd_pntr_cdc_inst/src_gray_ff_reg[9]}]]
                                              [get_cells [list {ethernet_one_gbe_skarab_axi_tx_one_gbe/kat_ten_gb_eth_0/tge_tx_inst/tx_packet_fifo_inst/U0/inst_fifo_gen/gconvfifo.rf/grf.rf/gntv_or_sync_fifo.gcx.clkx/rd_pntr_cdc_inst/dest_graysync_ff_reg[0][0]} {ethernet_one_gbe_skarab_axi_tx_one_gbe/kat_ten_gb_eth_0/tge_tx_inst/tx_packet_fifo_inst/U0/inst_fifo_gen/gconvfifo.rf/grf.rf/gntv_or_sync_fifo.gcx.clkx/rd_pntr_cdc_inst/dest_graysync_ff_reg[0][1]} {ethernet_one_gbe_skarab_axi_tx_one_gbe/kat_ten_gb_eth_0/tge_tx_inst/tx_packet_fifo_inst/U0/inst_fifo_gen/gconvfifo.rf/grf.rf/gntv_or_sync_fifo.gcx.clkx/rd_pntr_cdc_inst/dest_graysync_ff_reg[0][2]} {ethernet_one_gbe_skarab_axi_tx_one_gbe/kat_ten_gb_eth_0/tge_tx_inst/tx_packet_fifo_inst/U0/inst_fifo_gen/gconvfifo.rf/grf.rf/gntv_or_sync_fifo.gcx.clkx/rd_pntr_cdc_inst/dest_graysync_ff_reg[0][3]} {ethernet_one_gbe_skarab_axi_tx_one_gbe/kat_ten_gb_eth_0/tge_tx_inst/tx_packet_fifo_inst/U0/inst_fifo_gen/gconvfifo.rf/grf.rf/gntv_or_sync_fifo.gcx.clkx/rd_pntr_cdc_inst/dest_graysync_ff_reg[0][4]} {ethernet_one_gbe_skarab_axi_tx_one_gbe/kat_ten_gb_eth_0/tge_tx_inst/tx_packet_fifo_inst/U0/inst_fifo_gen/gconvfifo.rf/grf.rf/gntv_or_sync_fifo.gcx.clkx/rd_pntr_cdc_inst/dest_graysync_ff_reg[0][5]} {ethernet_one_gbe_skarab_axi_tx_one_gbe/kat_ten_gb_eth_0/tge_tx_inst/tx_packet_fifo_inst/U0/inst_fifo_gen/gconvfifo.rf/grf.rf/gntv_or_sync_fifo.gcx.clkx/rd_pntr_cdc_inst/dest_graysync_ff_reg[0][6]} {ethernet_one_gbe_skarab_axi_tx_one_gbe/kat_ten_gb_eth_0/tge_tx_inst/tx_packet_fifo_inst/U0/inst_fifo_gen/gconvfifo.rf/grf.rf/gntv_or_sync_fifo.gcx.clkx/rd_pntr_cdc_inst/dest_graysync_ff_reg[0][7]} {ethernet_one_gbe_skarab_axi_tx_one_gbe/kat_ten_gb_eth_0/tge_tx_inst/tx_packet_fifo_inst/U0/inst_fifo_gen/gconvfifo.rf/grf.rf/gntv_or_sync_fifo.gcx.clkx/rd_pntr_cdc_inst/dest_graysync_ff_reg[0][8]} {ethernet_one_gbe_skarab_axi_tx_one_gbe/kat_ten_gb_eth_0/tge_tx_inst/tx_packet_fifo_inst/U0/inst_fifo_gen/gconvfifo.rf/grf.rf/gntv_or_sync_fifo.gcx.clkx/rd_pntr_cdc_inst/dest_graysync_ff_reg[0][9]}]]
                                                                              Slow              4.335       1.488      2.847
8   293       [get_cells [list {ethernet_one_gbe_skarab_axi_tx_one_gbe/kat_ten_gb_eth_0/tge_tx_inst/tx_packet_fifo_inst/U0/inst_fifo_gen/gconvfifo.rf/grf.rf/gntv_or_sync_fifo.gcx.clkx/wr_pntr_cdc_inst/src_gray_ff_reg[0]} {ethernet_one_gbe_skarab_axi_tx_one_gbe/kat_ten_gb_eth_0/tge_tx_inst/tx_packet_fifo_inst/U0/inst_fifo_gen/gconvfifo.rf/grf.rf/gntv_or_sync_fifo.gcx.clkx/wr_pntr_cdc_inst/src_gray_ff_reg[1]} {ethernet_one_gbe_skarab_axi_tx_one_gbe/kat_ten_gb_eth_0/tge_tx_inst/tx_packet_fifo_inst/U0/inst_fifo_gen/gconvfifo.rf/grf.rf/gntv_or_sync_fifo.gcx.clkx/wr_pntr_cdc_inst/src_gray_ff_reg[2]} {ethernet_one_gbe_skarab_axi_tx_one_gbe/kat_ten_gb_eth_0/tge_tx_inst/tx_packet_fifo_inst/U0/inst_fifo_gen/gconvfifo.rf/grf.rf/gntv_or_sync_fifo.gcx.clkx/wr_pntr_cdc_inst/src_gray_ff_reg[3]} {ethernet_one_gbe_skarab_axi_tx_one_gbe/kat_ten_gb_eth_0/tge_tx_inst/tx_packet_fifo_inst/U0/inst_fifo_gen/gconvfifo.rf/grf.rf/gntv_or_sync_fifo.gcx.clkx/wr_pntr_cdc_inst/src_gray_ff_reg[4]} {ethernet_one_gbe_skarab_axi_tx_one_gbe/kat_ten_gb_eth_0/tge_tx_inst/tx_packet_fifo_inst/U0/inst_fifo_gen/gconvfifo.rf/grf.rf/gntv_or_sync_fifo.gcx.clkx/wr_pntr_cdc_inst/src_gray_ff_reg[5]} {ethernet_one_gbe_skarab_axi_tx_one_gbe/kat_ten_gb_eth_0/tge_tx_inst/tx_packet_fifo_inst/U0/inst_fifo_gen/gconvfifo.rf/grf.rf/gntv_or_sync_fifo.gcx.clkx/wr_pntr_cdc_inst/src_gray_ff_reg[6]} {ethernet_one_gbe_skarab_axi_tx_one_gbe/kat_ten_gb_eth_0/tge_tx_inst/tx_packet_fifo_inst/U0/inst_fifo_gen/gconvfifo.rf/grf.rf/gntv_or_sync_fifo.gcx.clkx/wr_pntr_cdc_inst/src_gray_ff_reg[7]} {ethernet_one_gbe_skarab_axi_tx_one_gbe/kat_ten_gb_eth_0/tge_tx_inst/tx_packet_fifo_inst/U0/inst_fifo_gen/gconvfifo.rf/grf.rf/gntv_or_sync_fifo.gcx.clkx/wr_pntr_cdc_inst/src_gray_ff_reg[8]} {ethernet_one_gbe_skarab_axi_tx_one_gbe/kat_ten_gb_eth_0/tge_tx_inst/tx_packet_fifo_inst/U0/inst_fifo_gen/gconvfifo.rf/grf.rf/gntv_or_sync_fifo.gcx.clkx/wr_pntr_cdc_inst/src_gray_ff_reg[9]}]]
                                              [get_cells [list {ethernet_one_gbe_skarab_axi_tx_one_gbe/kat_ten_gb_eth_0/tge_tx_inst/tx_packet_fifo_inst/U0/inst_fifo_gen/gconvfifo.rf/grf.rf/gntv_or_sync_fifo.gcx.clkx/wr_pntr_cdc_inst/dest_graysync_ff_reg[0][0]} {ethernet_one_gbe_skarab_axi_tx_one_gbe/kat_ten_gb_eth_0/tge_tx_inst/tx_packet_fifo_inst/U0/inst_fifo_gen/gconvfifo.rf/grf.rf/gntv_or_sync_fifo.gcx.clkx/wr_pntr_cdc_inst/dest_graysync_ff_reg[0][1]} {ethernet_one_gbe_skarab_axi_tx_one_gbe/kat_ten_gb_eth_0/tge_tx_inst/tx_packet_fifo_inst/U0/inst_fifo_gen/gconvfifo.rf/grf.rf/gntv_or_sync_fifo.gcx.clkx/wr_pntr_cdc_inst/dest_graysync_ff_reg[0][2]} {ethernet_one_gbe_skarab_axi_tx_one_gbe/kat_ten_gb_eth_0/tge_tx_inst/tx_packet_fifo_inst/U0/inst_fifo_gen/gconvfifo.rf/grf.rf/gntv_or_sync_fifo.gcx.clkx/wr_pntr_cdc_inst/dest_graysync_ff_reg[0][3]} {ethernet_one_gbe_skarab_axi_tx_one_gbe/kat_ten_gb_eth_0/tge_tx_inst/tx_packet_fifo_inst/U0/inst_fifo_gen/gconvfifo.rf/grf.rf/gntv_or_sync_fifo.gcx.clkx/wr_pntr_cdc_inst/dest_graysync_ff_reg[0][4]} {ethernet_one_gbe_skarab_axi_tx_one_gbe/kat_ten_gb_eth_0/tge_tx_inst/tx_packet_fifo_inst/U0/inst_fifo_gen/gconvfifo.rf/grf.rf/gntv_or_sync_fifo.gcx.clkx/wr_pntr_cdc_inst/dest_graysync_ff_reg[0][5]} {ethernet_one_gbe_skarab_axi_tx_one_gbe/kat_ten_gb_eth_0/tge_tx_inst/tx_packet_fifo_inst/U0/inst_fifo_gen/gconvfifo.rf/grf.rf/gntv_or_sync_fifo.gcx.clkx/wr_pntr_cdc_inst/dest_graysync_ff_reg[0][6]} {ethernet_one_gbe_skarab_axi_tx_one_gbe/kat_ten_gb_eth_0/tge_tx_inst/tx_packet_fifo_inst/U0/inst_fifo_gen/gconvfifo.rf/grf.rf/gntv_or_sync_fifo.gcx.clkx/wr_pntr_cdc_inst/dest_graysync_ff_reg[0][7]} {ethernet_one_gbe_skarab_axi_tx_one_gbe/kat_ten_gb_eth_0/tge_tx_inst/tx_packet_fifo_inst/U0/inst_fifo_gen/gconvfifo.rf/grf.rf/gntv_or_sync_fifo.gcx.clkx/wr_pntr_cdc_inst/dest_graysync_ff_reg[0][8]} {ethernet_one_gbe_skarab_axi_tx_one_gbe/kat_ten_gb_eth_0/tge_tx_inst/tx_packet_fifo_inst/U0/inst_fifo_gen/gconvfifo.rf/grf.rf/gntv_or_sync_fifo.gcx.clkx/wr_pntr_cdc_inst/dest_graysync_ff_reg[0][9]}]]
                                                                              Slow              4.335       1.502      2.833


2. Bus Skew Report Per Constraint
---------------------------------

Id: 1
set_bus_skew -from [get_cells [list {ethernet_one_gbe_skarab_axi_tx_one_gbe/kat_ten_gb_eth_0/tge_rx_inst/rx_packet_ctrl_fifo_inst/U0/inst_fifo_gen/gconvfifo.rf/grf.rf/gntv_or_sync_fifo.gcx.clkx/rd_pntr_cdc_inst/src_gray_ff_reg[0]} {ethernet_one_gbe_skarab_axi_tx_one_gbe/kat_ten_gb_eth_0/tge_rx_inst/rx_packet_ctrl_fifo_inst/U0/inst_fifo_gen/gconvfifo.rf/grf.rf/gntv_or_sync_fifo.gcx.clkx/rd_pntr_cdc_inst/src_gray_ff_reg[1]} {ethernet_one_gbe_skarab_axi_tx_one_gbe/kat_ten_gb_eth_0/tge_rx_inst/rx_packet_ctrl_fifo_inst/U0/inst_fifo_gen/gconvfifo.rf/grf.rf/gntv_or_sync_fifo.gcx.clkx/rd_pntr_cdc_inst/src_gray_ff_reg[2]} {ethernet_one_gbe_skarab_axi_tx_one_gbe/kat_ten_gb_eth_0/tge_rx_inst/rx_packet_ctrl_fifo_inst/U0/inst_fifo_gen/gconvfifo.rf/grf.rf/gntv_or_sync_fifo.gcx.clkx/rd_pntr_cdc_inst/src_gray_ff_reg[3]}]] -to [get_cells [list {ethernet_one_gbe_skarab_axi_tx_one_gbe/kat_ten_gb_eth_0/tge_rx_inst/rx_packet_ctrl_fifo_inst/U0/inst_fifo_gen/gconvfifo.rf/grf.rf/gntv_or_sync_fifo.gcx.clkx/rd_pntr_cdc_inst/dest_graysync_ff_reg[0][0]} {ethernet_one_gbe_skarab_axi_tx_one_gbe/kat_ten_gb_eth_0/tge_rx_inst/rx_packet_ctrl_fifo_inst/U0/inst_fifo_gen/gconvfifo.rf/grf.rf/gntv_or_sync_fifo.gcx.clkx/rd_pntr_cdc_inst/dest_graysync_ff_reg[0][1]} {ethernet_one_gbe_skarab_axi_tx_one_gbe/kat_ten_gb_eth_0/tge_rx_inst/rx_packet_ctrl_fifo_inst/U0/inst_fifo_gen/gconvfifo.rf/grf.rf/gntv_or_sync_fifo.gcx.clkx/rd_pntr_cdc_inst/dest_graysync_ff_reg[0][2]} {ethernet_one_gbe_skarab_axi_tx_one_gbe/kat_ten_gb_eth_0/tge_rx_inst/rx_packet_ctrl_fifo_inst/U0/inst_fifo_gen/gconvfifo.rf/grf.rf/gntv_or_sync_fifo.gcx.clkx/rd_pntr_cdc_inst/dest_graysync_ff_reg[0][3]}]] 4.335
Requirement: 4.335ns
Endpoints: 4

From Clock            To Clock              Endpoint Pin                    Reference Pin                   Corner  Actual(ns)  Slack(ns)
--------------------  --------------------  ------------------------------  ------------------------------  ------  ----------  ---------
user_clk_mmcm         sys_clk_mmcm          ethernet_one_gbe_skarab_axi_tx_one_gbe/kat_ten_gb_eth_0/tge_rx_inst/rx_packet_ctrl_fifo_inst/U0/inst_fifo_gen/gconvfifo.rf/grf.rf/gntv_or_sync_fifo.gcx.clkx/rd_pntr_cdc_inst/dest_graysync_ff_reg[0][3]/D
                                                                            ethernet_one_gbe_skarab_axi_tx_one_gbe/kat_ten_gb_eth_0/tge_rx_inst/rx_packet_ctrl_fifo_inst/U0/inst_fifo_gen/gconvfifo.rf/grf.rf/gntv_or_sync_fifo.gcx.clkx/rd_pntr_cdc_inst/dest_graysync_ff_reg[0][2]/D
                                                                                                            Slow         1.499      2.836


Slack (MET) :             2.836ns  (requirement - actual skew)
  Endpoint Source:        ethernet_one_gbe_skarab_axi_tx_one_gbe/kat_ten_gb_eth_0/tge_rx_inst/rx_packet_ctrl_fifo_inst/U0/inst_fifo_gen/gconvfifo.rf/grf.rf/gntv_or_sync_fifo.gcx.clkx/rd_pntr_cdc_inst/src_gray_ff_reg[3]/C
                            (rising edge-triggered cell FDRE clocked by user_clk_mmcm)
  Endpoint Destination:   ethernet_one_gbe_skarab_axi_tx_one_gbe/kat_ten_gb_eth_0/tge_rx_inst/rx_packet_ctrl_fifo_inst/U0/inst_fifo_gen/gconvfifo.rf/grf.rf/gntv_or_sync_fifo.gcx.clkx/rd_pntr_cdc_inst/dest_graysync_ff_reg[0][3]/D
                            (rising edge-triggered cell FDRE clocked by sys_clk_mmcm)
  Reference Source:       ethernet_one_gbe_skarab_axi_tx_one_gbe/kat_ten_gb_eth_0/tge_rx_inst/rx_packet_ctrl_fifo_inst/U0/inst_fifo_gen/gconvfifo.rf/grf.rf/gntv_or_sync_fifo.gcx.clkx/rd_pntr_cdc_inst/src_gray_ff_reg[2]/C
                            (rising edge-triggered cell FDRE clocked by user_clk_mmcm)
  Reference Destination:  ethernet_one_gbe_skarab_axi_tx_one_gbe/kat_ten_gb_eth_0/tge_rx_inst/rx_packet_ctrl_fifo_inst/U0/inst_fifo_gen/gconvfifo.rf/grf.rf/gntv_or_sync_fifo.gcx.clkx/rd_pntr_cdc_inst/dest_graysync_ff_reg[0][2]/D
                            (rising edge-triggered cell FDRE clocked by sys_clk_mmcm)
  Path Type:              Bus Skew (Max at Slow Process Corner)
  Requirement:            4.335ns
  Endpoint Relative Delay:    1.103ns
  Reference Relative Delay:  -0.023ns
  Relative CRPR:              0.673ns
  Uncertainty:                1.046ns
  Actual Bus Skew:            1.499ns  (Endpoint Relative Delay - Reference Relative Delay - Relative CRPR + Uncertainty)

Endpoint path:
    Location             Delay type                Incr(ns)  Path(ns)    Netlist Resource(s)
  -------------------------------------------------------------------    -------------------
                         (clock user_clk_mmcm rise edge)
                                                      0.000     0.000 r  
    AU15                                              0.000     0.000 r  FPGA_REFCLK_BUF0_P (IN)
                         net (fo=0)                   0.000     0.000    skarab_infr/FPGA_REFCLK_BUF0_P
    AU15                 IBUFDS (Prop_ibufds_I_O)     0.958     0.958 r  skarab_infr/refclk_0_ibufgds/O
                         net (fo=2, routed)           1.121     2.079    skarab_infr/refclk_0
    MMCME2_ADV_X1Y5      MMCME2_ADV (Prop_mmcme2_adv_CLKIN1_CLKOUT0)
                                                      0.077     2.156 r  skarab_infr/USER_CLK_MMCM_inst/CLKOUT0
                         net (fo=1, routed)           1.463     3.619    skarab_infr/user_clk_mmcm
    BUFGCTRL_X0Y19       BUFG (Prop_bufg_I_O)         0.093     3.712 r  skarab_infr/user_clk_BUFG_inst/O
                         net (fo=7240, routed)        1.422     5.134    ethernet_one_gbe_skarab_axi_tx_one_gbe/kat_ten_gb_eth_0/tge_rx_inst/rx_packet_ctrl_fifo_inst/U0/inst_fifo_gen/gconvfifo.rf/grf.rf/gntv_or_sync_fifo.gcx.clkx/rd_pntr_cdc_inst/src_clk
    SLICE_X68Y175        FDRE                                         r  ethernet_one_gbe_skarab_axi_tx_one_gbe/kat_ten_gb_eth_0/tge_rx_inst/rx_packet_ctrl_fifo_inst/U0/inst_fifo_gen/gconvfifo.rf/grf.rf/gntv_or_sync_fifo.gcx.clkx/rd_pntr_cdc_inst/src_gray_ff_reg[3]/C
  -------------------------------------------------------------------    -------------------
    SLICE_X68Y175        FDRE (Prop_fdre_C_Q)         0.236     5.370 r  ethernet_one_gbe_skarab_axi_tx_one_gbe/kat_ten_gb_eth_0/tge_rx_inst/rx_packet_ctrl_fifo_inst/U0/inst_fifo_gen/gconvfifo.rf/grf.rf/gntv_or_sync_fifo.gcx.clkx/rd_pntr_cdc_inst/src_gray_ff_reg[3]/Q
                         net (fo=1, routed)           0.384     5.754    ethernet_one_gbe_skarab_axi_tx_one_gbe/kat_ten_gb_eth_0/tge_rx_inst/rx_packet_ctrl_fifo_inst/U0/inst_fifo_gen/gconvfifo.rf/grf.rf/gntv_or_sync_fifo.gcx.clkx/rd_pntr_cdc_inst/async_path[3]
    SLICE_X63Y176        FDRE                                         r  ethernet_one_gbe_skarab_axi_tx_one_gbe/kat_ten_gb_eth_0/tge_rx_inst/rx_packet_ctrl_fifo_inst/U0/inst_fifo_gen/gconvfifo.rf/grf.rf/gntv_or_sync_fifo.gcx.clkx/rd_pntr_cdc_inst/dest_graysync_ff_reg[0][3]/D
  -------------------------------------------------------------------    -------------------

                         (clock sys_clk_mmcm rise edge)
                                                      0.000     0.000 r  
    AU15                                              0.000     0.000 r  FPGA_REFCLK_BUF0_P (IN)
                         net (fo=0)                   0.000     0.000    skarab_infr/FPGA_REFCLK_BUF0_P
    AU15                 IBUFDS (Prop_ibufds_I_O)     0.855     0.855 r  skarab_infr/refclk_0_ibufgds/O
                         net (fo=2, routed)           0.986     1.841    skarab_infr/refclk_0
    MMCME2_ADV_X1Y4      MMCME2_ADV (Prop_mmcme2_adv_CLKIN1_CLKOUT0)
                                                      0.073     1.914 r  skarab_infr/SYS_CLK_MMCM_inst/CLKOUT0
                         net (fo=1, routed)           1.350     3.264    skarab_infr/sys_clk_mmcm
    BUFGCTRL_X0Y0        BUFG (Prop_bufg_I_O)         0.083     3.347 r  skarab_infr/sys_clk_BUFG_inst/O
                         net (fo=2840, routed)        1.290     4.637    ethernet_one_gbe_skarab_axi_tx_one_gbe/kat_ten_gb_eth_0/tge_rx_inst/rx_packet_ctrl_fifo_inst/U0/inst_fifo_gen/gconvfifo.rf/grf.rf/gntv_or_sync_fifo.gcx.clkx/rd_pntr_cdc_inst/dest_clk
    SLICE_X63Y176        FDRE                                         r  ethernet_one_gbe_skarab_axi_tx_one_gbe/kat_ten_gb_eth_0/tge_rx_inst/rx_packet_ctrl_fifo_inst/U0/inst_fifo_gen/gconvfifo.rf/grf.rf/gntv_or_sync_fifo.gcx.clkx/rd_pntr_cdc_inst/dest_graysync_ff_reg[0][3]/C
                         clock pessimism              0.103     4.740    
    SLICE_X63Y176        FDRE (Setup_fdre_C_D)       -0.089     4.651    ethernet_one_gbe_skarab_axi_tx_one_gbe/kat_ten_gb_eth_0/tge_rx_inst/rx_packet_ctrl_fifo_inst/U0/inst_fifo_gen/gconvfifo.rf/grf.rf/gntv_or_sync_fifo.gcx.clkx/rd_pntr_cdc_inst/dest_graysync_ff_reg[0][3]
  -------------------------------------------------------------------
                         data arrival                           5.754    
                         clock arrival                          4.651    
  -------------------------------------------------------------------
                         relative delay                         1.103    

Reference path:
    Location             Delay type                Incr(ns)  Path(ns)    Netlist Resource(s)
  -------------------------------------------------------------------    -------------------
                         (clock user_clk_mmcm rise edge)
                                                      0.000     0.000 r  
    AU15                                              0.000     0.000 r  FPGA_REFCLK_BUF0_P (IN)
                         net (fo=0)                   0.000     0.000    skarab_infr/FPGA_REFCLK_BUF0_P
    AU15                 IBUFDS (Prop_ibufds_I_O)     0.855     0.855 r  skarab_infr/refclk_0_ibufgds/O
                         net (fo=2, routed)           1.018     1.873    skarab_infr/refclk_0
    MMCME2_ADV_X1Y5      MMCME2_ADV (Prop_mmcme2_adv_CLKIN1_CLKOUT0)
                                                      0.073     1.946 r  skarab_infr/USER_CLK_MMCM_inst/CLKOUT0
                         net (fo=1, routed)           1.350     3.296    skarab_infr/user_clk_mmcm
    BUFGCTRL_X0Y19       BUFG (Prop_bufg_I_O)         0.083     3.379 r  skarab_infr/user_clk_BUFG_inst/O
                         net (fo=7240, routed)        1.289     4.668    ethernet_one_gbe_skarab_axi_tx_one_gbe/kat_ten_gb_eth_0/tge_rx_inst/rx_packet_ctrl_fifo_inst/U0/inst_fifo_gen/gconvfifo.rf/grf.rf/gntv_or_sync_fifo.gcx.clkx/rd_pntr_cdc_inst/src_clk
    SLICE_X68Y175        FDRE                                         r  ethernet_one_gbe_skarab_axi_tx_one_gbe/kat_ten_gb_eth_0/tge_rx_inst/rx_packet_ctrl_fifo_inst/U0/inst_fifo_gen/gconvfifo.rf/grf.rf/gntv_or_sync_fifo.gcx.clkx/rd_pntr_cdc_inst/src_gray_ff_reg[2]/C
  -------------------------------------------------------------------    -------------------
    SLICE_X68Y175        FDRE (Prop_fdre_C_Q)         0.206     4.874 r  ethernet_one_gbe_skarab_axi_tx_one_gbe/kat_ten_gb_eth_0/tge_rx_inst/rx_packet_ctrl_fifo_inst/U0/inst_fifo_gen/gconvfifo.rf/grf.rf/gntv_or_sync_fifo.gcx.clkx/rd_pntr_cdc_inst/src_gray_ff_reg[2]/Q
                         net (fo=1, routed)           0.245     5.119    ethernet_one_gbe_skarab_axi_tx_one_gbe/kat_ten_gb_eth_0/tge_rx_inst/rx_packet_ctrl_fifo_inst/U0/inst_fifo_gen/gconvfifo.rf/grf.rf/gntv_or_sync_fifo.gcx.clkx/rd_pntr_cdc_inst/async_path[2]
    SLICE_X66Y175        FDRE                                         r  ethernet_one_gbe_skarab_axi_tx_one_gbe/kat_ten_gb_eth_0/tge_rx_inst/rx_packet_ctrl_fifo_inst/U0/inst_fifo_gen/gconvfifo.rf/grf.rf/gntv_or_sync_fifo.gcx.clkx/rd_pntr_cdc_inst/dest_graysync_ff_reg[0][2]/D
  -------------------------------------------------------------------    -------------------

                         (clock sys_clk_mmcm rise edge)
                                                      0.000     0.000 r  
    AU15                                              0.000     0.000 r  FPGA_REFCLK_BUF0_P (IN)
                         net (fo=0)                   0.000     0.000    skarab_infr/FPGA_REFCLK_BUF0_P
    AU15                 IBUFDS (Prop_ibufds_I_O)     0.958     0.958 r  skarab_infr/refclk_0_ibufgds/O
                         net (fo=2, routed)           1.081     2.039    skarab_infr/refclk_0
    MMCME2_ADV_X1Y4      MMCME2_ADV (Prop_mmcme2_adv_CLKIN1_CLKOUT0)
                                                      0.077     2.116 r  skarab_infr/SYS_CLK_MMCM_inst/CLKOUT0
                         net (fo=1, routed)           1.463     3.579    skarab_infr/sys_clk_mmcm
    BUFGCTRL_X0Y0        BUFG (Prop_bufg_I_O)         0.093     3.672 r  skarab_infr/sys_clk_BUFG_inst/O
                         net (fo=2840, routed)        1.420     5.092    ethernet_one_gbe_skarab_axi_tx_one_gbe/kat_ten_gb_eth_0/tge_rx_inst/rx_packet_ctrl_fifo_inst/U0/inst_fifo_gen/gconvfifo.rf/grf.rf/gntv_or_sync_fifo.gcx.clkx/rd_pntr_cdc_inst/dest_clk
    SLICE_X66Y175        FDRE                                         r  ethernet_one_gbe_skarab_axi_tx_one_gbe/kat_ten_gb_eth_0/tge_rx_inst/rx_packet_ctrl_fifo_inst/U0/inst_fifo_gen/gconvfifo.rf/grf.rf/gntv_or_sync_fifo.gcx.clkx/rd_pntr_cdc_inst/dest_graysync_ff_reg[0][2]/C
                         clock pessimism             -0.103     4.989    
    SLICE_X66Y175        FDRE (Hold_fdre_C_D)         0.153     5.142    ethernet_one_gbe_skarab_axi_tx_one_gbe/kat_ten_gb_eth_0/tge_rx_inst/rx_packet_ctrl_fifo_inst/U0/inst_fifo_gen/gconvfifo.rf/grf.rf/gntv_or_sync_fifo.gcx.clkx/rd_pntr_cdc_inst/dest_graysync_ff_reg[0][2]
  -------------------------------------------------------------------
                         data arrival                           5.119    
                         clock arrival                          5.142    
  -------------------------------------------------------------------
                         relative delay                        -0.023    



Id: 2
set_bus_skew -from [get_cells [list {ethernet_one_gbe_skarab_axi_tx_one_gbe/kat_ten_gb_eth_0/tge_rx_inst/rx_packet_ctrl_fifo_inst/U0/inst_fifo_gen/gconvfifo.rf/grf.rf/gntv_or_sync_fifo.gcx.clkx/wr_pntr_cdc_inst/src_gray_ff_reg[0]} {ethernet_one_gbe_skarab_axi_tx_one_gbe/kat_ten_gb_eth_0/tge_rx_inst/rx_packet_ctrl_fifo_inst/U0/inst_fifo_gen/gconvfifo.rf/grf.rf/gntv_or_sync_fifo.gcx.clkx/wr_pntr_cdc_inst/src_gray_ff_reg[1]} {ethernet_one_gbe_skarab_axi_tx_one_gbe/kat_ten_gb_eth_0/tge_rx_inst/rx_packet_ctrl_fifo_inst/U0/inst_fifo_gen/gconvfifo.rf/grf.rf/gntv_or_sync_fifo.gcx.clkx/wr_pntr_cdc_inst/src_gray_ff_reg[2]} {ethernet_one_gbe_skarab_axi_tx_one_gbe/kat_ten_gb_eth_0/tge_rx_inst/rx_packet_ctrl_fifo_inst/U0/inst_fifo_gen/gconvfifo.rf/grf.rf/gntv_or_sync_fifo.gcx.clkx/wr_pntr_cdc_inst/src_gray_ff_reg[3]}]] -to [get_cells [list {ethernet_one_gbe_skarab_axi_tx_one_gbe/kat_ten_gb_eth_0/tge_rx_inst/rx_packet_ctrl_fifo_inst/U0/inst_fifo_gen/gconvfifo.rf/grf.rf/gntv_or_sync_fifo.gcx.clkx/wr_pntr_cdc_inst/dest_graysync_ff_reg[0][0]} {ethernet_one_gbe_skarab_axi_tx_one_gbe/kat_ten_gb_eth_0/tge_rx_inst/rx_packet_ctrl_fifo_inst/U0/inst_fifo_gen/gconvfifo.rf/grf.rf/gntv_or_sync_fifo.gcx.clkx/wr_pntr_cdc_inst/dest_graysync_ff_reg[0][1]} {ethernet_one_gbe_skarab_axi_tx_one_gbe/kat_ten_gb_eth_0/tge_rx_inst/rx_packet_ctrl_fifo_inst/U0/inst_fifo_gen/gconvfifo.rf/grf.rf/gntv_or_sync_fifo.gcx.clkx/wr_pntr_cdc_inst/dest_graysync_ff_reg[0][2]} {ethernet_one_gbe_skarab_axi_tx_one_gbe/kat_ten_gb_eth_0/tge_rx_inst/rx_packet_ctrl_fifo_inst/U0/inst_fifo_gen/gconvfifo.rf/grf.rf/gntv_or_sync_fifo.gcx.clkx/wr_pntr_cdc_inst/dest_graysync_ff_reg[0][3]}]] 4.335
Requirement: 4.335ns
Endpoints: 4

From Clock            To Clock              Endpoint Pin                    Reference Pin                   Corner  Actual(ns)  Slack(ns)
--------------------  --------------------  ------------------------------  ------------------------------  ------  ----------  ---------
sys_clk_mmcm          user_clk_mmcm         ethernet_one_gbe_skarab_axi_tx_one_gbe/kat_ten_gb_eth_0/tge_rx_inst/rx_packet_ctrl_fifo_inst/U0/inst_fifo_gen/gconvfifo.rf/grf.rf/gntv_or_sync_fifo.gcx.clkx/wr_pntr_cdc_inst/dest_graysync_ff_reg[0][3]/D
                                                                            ethernet_one_gbe_skarab_axi_tx_one_gbe/kat_ten_gb_eth_0/tge_rx_inst/rx_packet_ctrl_fifo_inst/U0/inst_fifo_gen/gconvfifo.rf/grf.rf/gntv_or_sync_fifo.gcx.clkx/wr_pntr_cdc_inst/dest_graysync_ff_reg[0][2]/D
                                                                                                            Slow         1.342      2.993


Slack (MET) :             2.993ns  (requirement - actual skew)
  Endpoint Source:        ethernet_one_gbe_skarab_axi_tx_one_gbe/kat_ten_gb_eth_0/tge_rx_inst/rx_packet_ctrl_fifo_inst/U0/inst_fifo_gen/gconvfifo.rf/grf.rf/gntv_or_sync_fifo.gcx.clkx/wr_pntr_cdc_inst/src_gray_ff_reg[3]/C
                            (rising edge-triggered cell FDRE clocked by sys_clk_mmcm)
  Endpoint Destination:   ethernet_one_gbe_skarab_axi_tx_one_gbe/kat_ten_gb_eth_0/tge_rx_inst/rx_packet_ctrl_fifo_inst/U0/inst_fifo_gen/gconvfifo.rf/grf.rf/gntv_or_sync_fifo.gcx.clkx/wr_pntr_cdc_inst/dest_graysync_ff_reg[0][3]/D
                            (rising edge-triggered cell FDRE clocked by user_clk_mmcm)
  Reference Source:       ethernet_one_gbe_skarab_axi_tx_one_gbe/kat_ten_gb_eth_0/tge_rx_inst/rx_packet_ctrl_fifo_inst/U0/inst_fifo_gen/gconvfifo.rf/grf.rf/gntv_or_sync_fifo.gcx.clkx/wr_pntr_cdc_inst/src_gray_ff_reg[2]/C
                            (rising edge-triggered cell FDRE clocked by sys_clk_mmcm)
  Reference Destination:  ethernet_one_gbe_skarab_axi_tx_one_gbe/kat_ten_gb_eth_0/tge_rx_inst/rx_packet_ctrl_fifo_inst/U0/inst_fifo_gen/gconvfifo.rf/grf.rf/gntv_or_sync_fifo.gcx.clkx/wr_pntr_cdc_inst/dest_graysync_ff_reg[0][2]/D
                            (rising edge-triggered cell FDRE clocked by user_clk_mmcm)
  Path Type:              Bus Skew (Max at Slow Process Corner)
  Requirement:            4.335ns
  Endpoint Relative Delay:    0.923ns
  Reference Relative Delay:  -0.092ns
  Relative CRPR:              0.719ns
  Uncertainty:                1.046ns
  Actual Bus Skew:            1.342ns  (Endpoint Relative Delay - Reference Relative Delay - Relative CRPR + Uncertainty)

Endpoint path:
    Location             Delay type                Incr(ns)  Path(ns)    Netlist Resource(s)
  -------------------------------------------------------------------    -------------------
                         (clock sys_clk_mmcm rise edge)
                                                      0.000     0.000 r  
    AU15                                              0.000     0.000 r  FPGA_REFCLK_BUF0_P (IN)
                         net (fo=0)                   0.000     0.000    skarab_infr/FPGA_REFCLK_BUF0_P
    AU15                 IBUFDS (Prop_ibufds_I_O)     0.958     0.958 r  skarab_infr/refclk_0_ibufgds/O
                         net (fo=2, routed)           1.081     2.039    skarab_infr/refclk_0
    MMCME2_ADV_X1Y4      MMCME2_ADV (Prop_mmcme2_adv_CLKIN1_CLKOUT0)
                                                      0.077     2.116 r  skarab_infr/SYS_CLK_MMCM_inst/CLKOUT0
                         net (fo=1, routed)           1.463     3.579    skarab_infr/sys_clk_mmcm
    BUFGCTRL_X0Y0        BUFG (Prop_bufg_I_O)         0.093     3.672 r  skarab_infr/sys_clk_BUFG_inst/O
                         net (fo=2840, routed)        1.421     5.093    ethernet_one_gbe_skarab_axi_tx_one_gbe/kat_ten_gb_eth_0/tge_rx_inst/rx_packet_ctrl_fifo_inst/U0/inst_fifo_gen/gconvfifo.rf/grf.rf/gntv_or_sync_fifo.gcx.clkx/wr_pntr_cdc_inst/src_clk
    SLICE_X68Y173        FDRE                                         r  ethernet_one_gbe_skarab_axi_tx_one_gbe/kat_ten_gb_eth_0/tge_rx_inst/rx_packet_ctrl_fifo_inst/U0/inst_fifo_gen/gconvfifo.rf/grf.rf/gntv_or_sync_fifo.gcx.clkx/wr_pntr_cdc_inst/src_gray_ff_reg[3]/C
  -------------------------------------------------------------------    -------------------
    SLICE_X68Y173        FDRE (Prop_fdre_C_Q)         0.236     5.329 r  ethernet_one_gbe_skarab_axi_tx_one_gbe/kat_ten_gb_eth_0/tge_rx_inst/rx_packet_ctrl_fifo_inst/U0/inst_fifo_gen/gconvfifo.rf/grf.rf/gntv_or_sync_fifo.gcx.clkx/wr_pntr_cdc_inst/src_gray_ff_reg[3]/Q
                         net (fo=1, routed)           0.308     5.637    ethernet_one_gbe_skarab_axi_tx_one_gbe/kat_ten_gb_eth_0/tge_rx_inst/rx_packet_ctrl_fifo_inst/U0/inst_fifo_gen/gconvfifo.rf/grf.rf/gntv_or_sync_fifo.gcx.clkx/wr_pntr_cdc_inst/async_path[3]
    SLICE_X68Y171        FDRE                                         r  ethernet_one_gbe_skarab_axi_tx_one_gbe/kat_ten_gb_eth_0/tge_rx_inst/rx_packet_ctrl_fifo_inst/U0/inst_fifo_gen/gconvfifo.rf/grf.rf/gntv_or_sync_fifo.gcx.clkx/wr_pntr_cdc_inst/dest_graysync_ff_reg[0][3]/D
  -------------------------------------------------------------------    -------------------

                         (clock user_clk_mmcm rise edge)
                                                      0.000     0.000 r  
    AU15                                              0.000     0.000 r  FPGA_REFCLK_BUF0_P (IN)
                         net (fo=0)                   0.000     0.000    skarab_infr/FPGA_REFCLK_BUF0_P
    AU15                 IBUFDS (Prop_ibufds_I_O)     0.855     0.855 r  skarab_infr/refclk_0_ibufgds/O
                         net (fo=2, routed)           1.018     1.873    skarab_infr/refclk_0
    MMCME2_ADV_X1Y5      MMCME2_ADV (Prop_mmcme2_adv_CLKIN1_CLKOUT0)
                                                      0.073     1.946 r  skarab_infr/USER_CLK_MMCM_inst/CLKOUT0
                         net (fo=1, routed)           1.350     3.296    skarab_infr/user_clk_mmcm
    BUFGCTRL_X0Y19       BUFG (Prop_bufg_I_O)         0.083     3.379 r  skarab_infr/user_clk_BUFG_inst/O
                         net (fo=7240, routed)        1.292     4.671    ethernet_one_gbe_skarab_axi_tx_one_gbe/kat_ten_gb_eth_0/tge_rx_inst/rx_packet_ctrl_fifo_inst/U0/inst_fifo_gen/gconvfifo.rf/grf.rf/gntv_or_sync_fifo.gcx.clkx/wr_pntr_cdc_inst/dest_clk
    SLICE_X68Y171        FDRE                                         r  ethernet_one_gbe_skarab_axi_tx_one_gbe/kat_ten_gb_eth_0/tge_rx_inst/rx_packet_ctrl_fifo_inst/U0/inst_fifo_gen/gconvfifo.rf/grf.rf/gntv_or_sync_fifo.gcx.clkx/wr_pntr_cdc_inst/dest_graysync_ff_reg[0][3]/C
                         clock pessimism              0.103     4.774    
    SLICE_X68Y171        FDRE (Setup_fdre_C_D)       -0.060     4.714    ethernet_one_gbe_skarab_axi_tx_one_gbe/kat_ten_gb_eth_0/tge_rx_inst/rx_packet_ctrl_fifo_inst/U0/inst_fifo_gen/gconvfifo.rf/grf.rf/gntv_or_sync_fifo.gcx.clkx/wr_pntr_cdc_inst/dest_graysync_ff_reg[0][3]
  -------------------------------------------------------------------
                         data arrival                           5.637    
                         clock arrival                          4.714    
  -------------------------------------------------------------------
                         relative delay                         0.923    

Reference path:
    Location             Delay type                Incr(ns)  Path(ns)    Netlist Resource(s)
  -------------------------------------------------------------------    -------------------
                         (clock sys_clk_mmcm rise edge)
                                                      0.000     0.000 r  
    AU15                                              0.000     0.000 r  FPGA_REFCLK_BUF0_P (IN)
                         net (fo=0)                   0.000     0.000    skarab_infr/FPGA_REFCLK_BUF0_P
    AU15                 IBUFDS (Prop_ibufds_I_O)     0.855     0.855 r  skarab_infr/refclk_0_ibufgds/O
                         net (fo=2, routed)           0.986     1.841    skarab_infr/refclk_0
    MMCME2_ADV_X1Y4      MMCME2_ADV (Prop_mmcme2_adv_CLKIN1_CLKOUT0)
                                                      0.073     1.914 r  skarab_infr/SYS_CLK_MMCM_inst/CLKOUT0
                         net (fo=1, routed)           1.350     3.264    skarab_infr/sys_clk_mmcm
    BUFGCTRL_X0Y0        BUFG (Prop_bufg_I_O)         0.083     3.347 r  skarab_infr/sys_clk_BUFG_inst/O
                         net (fo=2840, routed)        1.288     4.635    ethernet_one_gbe_skarab_axi_tx_one_gbe/kat_ten_gb_eth_0/tge_rx_inst/rx_packet_ctrl_fifo_inst/U0/inst_fifo_gen/gconvfifo.rf/grf.rf/gntv_or_sync_fifo.gcx.clkx/wr_pntr_cdc_inst/src_clk
    SLICE_X68Y173        FDRE                                         r  ethernet_one_gbe_skarab_axi_tx_one_gbe/kat_ten_gb_eth_0/tge_rx_inst/rx_packet_ctrl_fifo_inst/U0/inst_fifo_gen/gconvfifo.rf/grf.rf/gntv_or_sync_fifo.gcx.clkx/wr_pntr_cdc_inst/src_gray_ff_reg[2]/C
  -------------------------------------------------------------------    -------------------
    SLICE_X68Y173        FDRE (Prop_fdre_C_Q)         0.206     4.841 r  ethernet_one_gbe_skarab_axi_tx_one_gbe/kat_ten_gb_eth_0/tge_rx_inst/rx_packet_ctrl_fifo_inst/U0/inst_fifo_gen/gconvfifo.rf/grf.rf/gntv_or_sync_fifo.gcx.clkx/wr_pntr_cdc_inst/src_gray_ff_reg[2]/Q
                         net (fo=1, routed)           0.255     5.096    ethernet_one_gbe_skarab_axi_tx_one_gbe/kat_ten_gb_eth_0/tge_rx_inst/rx_packet_ctrl_fifo_inst/U0/inst_fifo_gen/gconvfifo.rf/grf.rf/gntv_or_sync_fifo.gcx.clkx/wr_pntr_cdc_inst/async_path[2]
    SLICE_X68Y171        FDRE                                         r  ethernet_one_gbe_skarab_axi_tx_one_gbe/kat_ten_gb_eth_0/tge_rx_inst/rx_packet_ctrl_fifo_inst/U0/inst_fifo_gen/gconvfifo.rf/grf.rf/gntv_or_sync_fifo.gcx.clkx/wr_pntr_cdc_inst/dest_graysync_ff_reg[0][2]/D
  -------------------------------------------------------------------    -------------------

                         (clock user_clk_mmcm rise edge)
                                                      0.000     0.000 r  
    AU15                                              0.000     0.000 r  FPGA_REFCLK_BUF0_P (IN)
                         net (fo=0)                   0.000     0.000    skarab_infr/FPGA_REFCLK_BUF0_P
    AU15                 IBUFDS (Prop_ibufds_I_O)     0.958     0.958 r  skarab_infr/refclk_0_ibufgds/O
                         net (fo=2, routed)           1.121     2.079    skarab_infr/refclk_0
    MMCME2_ADV_X1Y5      MMCME2_ADV (Prop_mmcme2_adv_CLKIN1_CLKOUT0)
                                                      0.077     2.156 r  skarab_infr/USER_CLK_MMCM_inst/CLKOUT0
                         net (fo=1, routed)           1.463     3.619    skarab_infr/user_clk_mmcm
    BUFGCTRL_X0Y19       BUFG (Prop_bufg_I_O)         0.093     3.712 r  skarab_infr/user_clk_BUFG_inst/O
                         net (fo=7240, routed)        1.426     5.138    ethernet_one_gbe_skarab_axi_tx_one_gbe/kat_ten_gb_eth_0/tge_rx_inst/rx_packet_ctrl_fifo_inst/U0/inst_fifo_gen/gconvfifo.rf/grf.rf/gntv_or_sync_fifo.gcx.clkx/wr_pntr_cdc_inst/dest_clk
    SLICE_X68Y171        FDRE                                         r  ethernet_one_gbe_skarab_axi_tx_one_gbe/kat_ten_gb_eth_0/tge_rx_inst/rx_packet_ctrl_fifo_inst/U0/inst_fifo_gen/gconvfifo.rf/grf.rf/gntv_or_sync_fifo.gcx.clkx/wr_pntr_cdc_inst/dest_graysync_ff_reg[0][2]/C
                         clock pessimism             -0.103     5.035    
    SLICE_X68Y171        FDRE (Hold_fdre_C_D)         0.153     5.188    ethernet_one_gbe_skarab_axi_tx_one_gbe/kat_ten_gb_eth_0/tge_rx_inst/rx_packet_ctrl_fifo_inst/U0/inst_fifo_gen/gconvfifo.rf/grf.rf/gntv_or_sync_fifo.gcx.clkx/wr_pntr_cdc_inst/dest_graysync_ff_reg[0][2]
  -------------------------------------------------------------------
                         data arrival                           5.096    
                         clock arrival                          5.188    
  -------------------------------------------------------------------
                         relative delay                        -0.092    



Id: 3
set_bus_skew -from [get_cells [list {ethernet_one_gbe_skarab_axi_tx_one_gbe/kat_ten_gb_eth_0/tge_rx_inst/use_bram.rx_packet_fifo_bram_inst/U0/inst_fifo_gen/gconvfifo.rf/grf.rf/gntv_or_sync_fifo.gcx.clkx/rd_pntr_cdc_inst/src_gray_ff_reg[0]} {ethernet_one_gbe_skarab_axi_tx_one_gbe/kat_ten_gb_eth_0/tge_rx_inst/use_bram.rx_packet_fifo_bram_inst/U0/inst_fifo_gen/gconvfifo.rf/grf.rf/gntv_or_sync_fifo.gcx.clkx/rd_pntr_cdc_inst/src_gray_ff_reg[1]} {ethernet_one_gbe_skarab_axi_tx_one_gbe/kat_ten_gb_eth_0/tge_rx_inst/use_bram.rx_packet_fifo_bram_inst/U0/inst_fifo_gen/gconvfifo.rf/grf.rf/gntv_or_sync_fifo.gcx.clkx/rd_pntr_cdc_inst/src_gray_ff_reg[2]} {ethernet_one_gbe_skarab_axi_tx_one_gbe/kat_ten_gb_eth_0/tge_rx_inst/use_bram.rx_packet_fifo_bram_inst/U0/inst_fifo_gen/gconvfifo.rf/grf.rf/gntv_or_sync_fifo.gcx.clkx/rd_pntr_cdc_inst/src_gray_ff_reg[3]} {ethernet_one_gbe_skarab_axi_tx_one_gbe/kat_ten_gb_eth_0/tge_rx_inst/use_bram.rx_packet_fifo_bram_inst/U0/inst_fifo_gen/gconvfifo.rf/grf.rf/gntv_or_sync_fifo.gcx.clkx/rd_pntr_cdc_inst/src_gray_ff_reg[4]} {ethernet_one_gbe_skarab_axi_tx_one_gbe/kat_ten_gb_eth_0/tge_rx_inst/use_bram.rx_packet_fifo_bram_inst/U0/inst_fifo_gen/gconvfifo.rf/grf.rf/gntv_or_sync_fifo.gcx.clkx/rd_pntr_cdc_inst/src_gray_ff_reg[5]} {ethernet_one_gbe_skarab_axi_tx_one_gbe/kat_ten_gb_eth_0/tge_rx_inst/use_bram.rx_packet_fifo_bram_inst/U0/inst_fifo_gen/gconvfifo.rf/grf.rf/gntv_or_sync_fifo.gcx.clkx/rd_pntr_cdc_inst/src_gray_ff_reg[6]} {ethernet_one_gbe_skarab_axi_tx_one_gbe/kat_ten_gb_eth_0/tge_rx_inst/use_bram.rx_packet_fifo_bram_inst/U0/inst_fifo_gen/gconvfifo.rf/grf.rf/gntv_or_sync_fifo.gcx.clkx/rd_pntr_cdc_inst/src_gray_ff_reg[7]} {ethernet_one_gbe_skarab_axi_tx_one_gbe/kat_ten_gb_eth_0/tge_rx_inst/use_bram.rx_packet_fifo_bram_inst/U0/inst_fifo_gen/gconvfifo.rf/grf.rf/gntv_or_sync_fifo.gcx.clkx/rd_pntr_cdc_inst/src_gray_ff_reg[8]} {ethernet_one_gbe_skarab_axi_tx_one_gbe/kat_ten_gb_eth_0/tge_rx_inst/use_bram.rx_packet_fifo_bram_inst/U0/inst_fifo_gen/gconvfifo.rf/grf.rf/gntv_or_sync_fifo.gcx.clkx/rd_pntr_cdc_inst/src_gray_ff_reg[9]}]] -to [get_cells [list {ethernet_one_gbe_skarab_axi_tx_one_gbe/kat_ten_gb_eth_0/tge_rx_inst/use_bram.rx_packet_fifo_bram_inst/U0/inst_fifo_gen/gconvfifo.rf/grf.rf/gntv_or_sync_fifo.gcx.clkx/rd_pntr_cdc_inst/dest_graysync_ff_reg[0][0]} {ethernet_one_gbe_skarab_axi_tx_one_gbe/kat_ten_gb_eth_0/tge_rx_inst/use_bram.rx_packet_fifo_bram_inst/U0/inst_fifo_gen/gconvfifo.rf/grf.rf/gntv_or_sync_fifo.gcx.clkx/rd_pntr_cdc_inst/dest_graysync_ff_reg[0][1]} {ethernet_one_gbe_skarab_axi_tx_one_gbe/kat_ten_gb_eth_0/tge_rx_inst/use_bram.rx_packet_fifo_bram_inst/U0/inst_fifo_gen/gconvfifo.rf/grf.rf/gntv_or_sync_fifo.gcx.clkx/rd_pntr_cdc_inst/dest_graysync_ff_reg[0][2]} {ethernet_one_gbe_skarab_axi_tx_one_gbe/kat_ten_gb_eth_0/tge_rx_inst/use_bram.rx_packet_fifo_bram_inst/U0/inst_fifo_gen/gconvfifo.rf/grf.rf/gntv_or_sync_fifo.gcx.clkx/rd_pntr_cdc_inst/dest_graysync_ff_reg[0][3]} {ethernet_one_gbe_skarab_axi_tx_one_gbe/kat_ten_gb_eth_0/tge_rx_inst/use_bram.rx_packet_fifo_bram_inst/U0/inst_fifo_gen/gconvfifo.rf/grf.rf/gntv_or_sync_fifo.gcx.clkx/rd_pntr_cdc_inst/dest_graysync_ff_reg[0][4]} {ethernet_one_gbe_skarab_axi_tx_one_gbe/kat_ten_gb_eth_0/tge_rx_inst/use_bram.rx_packet_fifo_bram_inst/U0/inst_fifo_gen/gconvfifo.rf/grf.rf/gntv_or_sync_fifo.gcx.clkx/rd_pntr_cdc_inst/dest_graysync_ff_reg[0][5]} {ethernet_one_gbe_skarab_axi_tx_one_gbe/kat_ten_gb_eth_0/tge_rx_inst/use_bram.rx_packet_fifo_bram_inst/U0/inst_fifo_gen/gconvfifo.rf/grf.rf/gntv_or_sync_fifo.gcx.clkx/rd_pntr_cdc_inst/dest_graysync_ff_reg[0][6]} {ethernet_one_gbe_skarab_axi_tx_one_gbe/kat_ten_gb_eth_0/tge_rx_inst/use_bram.rx_packet_fifo_bram_inst/U0/inst_fifo_gen/gconvfifo.rf/grf.rf/gntv_or_sync_fifo.gcx.clkx/rd_pntr_cdc_inst/dest_graysync_ff_reg[0][7]} {ethernet_one_gbe_skarab_axi_tx_one_gbe/kat_ten_gb_eth_0/tge_rx_inst/use_bram.rx_packet_fifo_bram_inst/U0/inst_fifo_gen/gconvfifo.rf/grf.rf/gntv_or_sync_fifo.gcx.clkx/rd_pntr_cdc_inst/dest_graysync_ff_reg[0][8]} {ethernet_one_gbe_skarab_axi_tx_one_gbe/kat_ten_gb_eth_0/tge_rx_inst/use_bram.rx_packet_fifo_bram_inst/U0/inst_fifo_gen/gconvfifo.rf/grf.rf/gntv_or_sync_fifo.gcx.clkx/rd_pntr_cdc_inst/dest_graysync_ff_reg[0][9]}]] 4.335
Requirement: 4.335ns
Endpoints: 10

From Clock            To Clock              Endpoint Pin                    Reference Pin                   Corner  Actual(ns)  Slack(ns)
--------------------  --------------------  ------------------------------  ------------------------------  ------  ----------  ---------
user_clk_mmcm         sys_clk_mmcm          ethernet_one_gbe_skarab_axi_tx_one_gbe/kat_ten_gb_eth_0/tge_rx_inst/use_bram.rx_packet_fifo_bram_inst/U0/inst_fifo_gen/gconvfifo.rf/grf.rf/gntv_or_sync_fifo.gcx.clkx/rd_pntr_cdc_inst/dest_graysync_ff_reg[0][3]/D
                                                                            ethernet_one_gbe_skarab_axi_tx_one_gbe/kat_ten_gb_eth_0/tge_rx_inst/use_bram.rx_packet_fifo_bram_inst/U0/inst_fifo_gen/gconvfifo.rf/grf.rf/gntv_or_sync_fifo.gcx.clkx/rd_pntr_cdc_inst/dest_graysync_ff_reg[0][9]/D
                                                                                                            Slow         1.514      2.821


Slack (MET) :             2.821ns  (requirement - actual skew)
  Endpoint Source:        ethernet_one_gbe_skarab_axi_tx_one_gbe/kat_ten_gb_eth_0/tge_rx_inst/use_bram.rx_packet_fifo_bram_inst/U0/inst_fifo_gen/gconvfifo.rf/grf.rf/gntv_or_sync_fifo.gcx.clkx/rd_pntr_cdc_inst/src_gray_ff_reg[3]/C
                            (rising edge-triggered cell FDRE clocked by user_clk_mmcm)
  Endpoint Destination:   ethernet_one_gbe_skarab_axi_tx_one_gbe/kat_ten_gb_eth_0/tge_rx_inst/use_bram.rx_packet_fifo_bram_inst/U0/inst_fifo_gen/gconvfifo.rf/grf.rf/gntv_or_sync_fifo.gcx.clkx/rd_pntr_cdc_inst/dest_graysync_ff_reg[0][3]/D
                            (rising edge-triggered cell FDRE clocked by sys_clk_mmcm)
  Reference Source:       ethernet_one_gbe_skarab_axi_tx_one_gbe/kat_ten_gb_eth_0/tge_rx_inst/use_bram.rx_packet_fifo_bram_inst/U0/inst_fifo_gen/gconvfifo.rf/grf.rf/gntv_or_sync_fifo.gcx.clkx/rd_pntr_cdc_inst/src_gray_ff_reg[9]/C
                            (rising edge-triggered cell FDRE clocked by user_clk_mmcm)
  Reference Destination:  ethernet_one_gbe_skarab_axi_tx_one_gbe/kat_ten_gb_eth_0/tge_rx_inst/use_bram.rx_packet_fifo_bram_inst/U0/inst_fifo_gen/gconvfifo.rf/grf.rf/gntv_or_sync_fifo.gcx.clkx/rd_pntr_cdc_inst/dest_graysync_ff_reg[0][9]/D
                            (rising edge-triggered cell FDRE clocked by sys_clk_mmcm)
  Path Type:              Bus Skew (Max at Slow Process Corner)
  Requirement:            4.335ns
  Endpoint Relative Delay:    1.111ns
  Reference Relative Delay:   0.016ns
  Relative CRPR:              0.628ns
  Uncertainty:                1.046ns
  Actual Bus Skew:            1.514ns  (Endpoint Relative Delay - Reference Relative Delay - Relative CRPR + Uncertainty)

Endpoint path:
    Location             Delay type                Incr(ns)  Path(ns)    Netlist Resource(s)
  -------------------------------------------------------------------    -------------------
                         (clock user_clk_mmcm rise edge)
                                                      0.000     0.000 r  
    AU15                                              0.000     0.000 r  FPGA_REFCLK_BUF0_P (IN)
                         net (fo=0)                   0.000     0.000    skarab_infr/FPGA_REFCLK_BUF0_P
    AU15                 IBUFDS (Prop_ibufds_I_O)     0.958     0.958 r  skarab_infr/refclk_0_ibufgds/O
                         net (fo=2, routed)           1.121     2.079    skarab_infr/refclk_0
    MMCME2_ADV_X1Y5      MMCME2_ADV (Prop_mmcme2_adv_CLKIN1_CLKOUT0)
                                                      0.077     2.156 r  skarab_infr/USER_CLK_MMCM_inst/CLKOUT0
                         net (fo=1, routed)           1.463     3.619    skarab_infr/user_clk_mmcm
    BUFGCTRL_X0Y19       BUFG (Prop_bufg_I_O)         0.093     3.712 r  skarab_infr/user_clk_BUFG_inst/O
                         net (fo=7240, routed)        1.426     5.138    ethernet_one_gbe_skarab_axi_tx_one_gbe/kat_ten_gb_eth_0/tge_rx_inst/use_bram.rx_packet_fifo_bram_inst/U0/inst_fifo_gen/gconvfifo.rf/grf.rf/gntv_or_sync_fifo.gcx.clkx/rd_pntr_cdc_inst/src_clk
    SLICE_X95Y192        FDRE                                         r  ethernet_one_gbe_skarab_axi_tx_one_gbe/kat_ten_gb_eth_0/tge_rx_inst/use_bram.rx_packet_fifo_bram_inst/U0/inst_fifo_gen/gconvfifo.rf/grf.rf/gntv_or_sync_fifo.gcx.clkx/rd_pntr_cdc_inst/src_gray_ff_reg[3]/C
  -------------------------------------------------------------------    -------------------
    SLICE_X95Y192        FDRE (Prop_fdre_C_Q)         0.204     5.342 r  ethernet_one_gbe_skarab_axi_tx_one_gbe/kat_ten_gb_eth_0/tge_rx_inst/use_bram.rx_packet_fifo_bram_inst/U0/inst_fifo_gen/gconvfifo.rf/grf.rf/gntv_or_sync_fifo.gcx.clkx/rd_pntr_cdc_inst/src_gray_ff_reg[3]/Q
                         net (fo=1, routed)           0.414     5.756    ethernet_one_gbe_skarab_axi_tx_one_gbe/kat_ten_gb_eth_0/tge_rx_inst/use_bram.rx_packet_fifo_bram_inst/U0/inst_fifo_gen/gconvfifo.rf/grf.rf/gntv_or_sync_fifo.gcx.clkx/rd_pntr_cdc_inst/async_path[3]
    SLICE_X95Y195        FDRE                                         r  ethernet_one_gbe_skarab_axi_tx_one_gbe/kat_ten_gb_eth_0/tge_rx_inst/use_bram.rx_packet_fifo_bram_inst/U0/inst_fifo_gen/gconvfifo.rf/grf.rf/gntv_or_sync_fifo.gcx.clkx/rd_pntr_cdc_inst/dest_graysync_ff_reg[0][3]/D
  -------------------------------------------------------------------    -------------------

                         (clock sys_clk_mmcm rise edge)
                                                      0.000     0.000 r  
    AU15                                              0.000     0.000 r  FPGA_REFCLK_BUF0_P (IN)
                         net (fo=0)                   0.000     0.000    skarab_infr/FPGA_REFCLK_BUF0_P
    AU15                 IBUFDS (Prop_ibufds_I_O)     0.855     0.855 r  skarab_infr/refclk_0_ibufgds/O
                         net (fo=2, routed)           0.986     1.841    skarab_infr/refclk_0
    MMCME2_ADV_X1Y4      MMCME2_ADV (Prop_mmcme2_adv_CLKIN1_CLKOUT0)
                                                      0.073     1.914 r  skarab_infr/SYS_CLK_MMCM_inst/CLKOUT0
                         net (fo=1, routed)           1.350     3.264    skarab_infr/sys_clk_mmcm
    BUFGCTRL_X0Y0        BUFG (Prop_bufg_I_O)         0.083     3.347 r  skarab_infr/sys_clk_BUFG_inst/O
                         net (fo=2840, routed)        1.288     4.635    ethernet_one_gbe_skarab_axi_tx_one_gbe/kat_ten_gb_eth_0/tge_rx_inst/use_bram.rx_packet_fifo_bram_inst/U0/inst_fifo_gen/gconvfifo.rf/grf.rf/gntv_or_sync_fifo.gcx.clkx/rd_pntr_cdc_inst/dest_clk
    SLICE_X95Y195        FDRE                                         r  ethernet_one_gbe_skarab_axi_tx_one_gbe/kat_ten_gb_eth_0/tge_rx_inst/use_bram.rx_packet_fifo_bram_inst/U0/inst_fifo_gen/gconvfifo.rf/grf.rf/gntv_or_sync_fifo.gcx.clkx/rd_pntr_cdc_inst/dest_graysync_ff_reg[0][3]/C
                         clock pessimism              0.103     4.738    
    SLICE_X95Y195        FDRE (Setup_fdre_C_D)       -0.093     4.645    ethernet_one_gbe_skarab_axi_tx_one_gbe/kat_ten_gb_eth_0/tge_rx_inst/use_bram.rx_packet_fifo_bram_inst/U0/inst_fifo_gen/gconvfifo.rf/grf.rf/gntv_or_sync_fifo.gcx.clkx/rd_pntr_cdc_inst/dest_graysync_ff_reg[0][3]
  -------------------------------------------------------------------
                         data arrival                           5.756    
                         clock arrival                          4.645    
  -------------------------------------------------------------------
                         relative delay                         1.111    

Reference path:
    Location             Delay type                Incr(ns)  Path(ns)    Netlist Resource(s)
  -------------------------------------------------------------------    -------------------
                         (clock user_clk_mmcm rise edge)
                                                      0.000     0.000 r  
    AU15                                              0.000     0.000 r  FPGA_REFCLK_BUF0_P (IN)
                         net (fo=0)                   0.000     0.000    skarab_infr/FPGA_REFCLK_BUF0_P
    AU15                 IBUFDS (Prop_ibufds_I_O)     0.855     0.855 r  skarab_infr/refclk_0_ibufgds/O
                         net (fo=2, routed)           1.018     1.873    skarab_infr/refclk_0
    MMCME2_ADV_X1Y5      MMCME2_ADV (Prop_mmcme2_adv_CLKIN1_CLKOUT0)
                                                      0.073     1.946 r  skarab_infr/USER_CLK_MMCM_inst/CLKOUT0
                         net (fo=1, routed)           1.350     3.296    skarab_infr/user_clk_mmcm
    BUFGCTRL_X0Y19       BUFG (Prop_bufg_I_O)         0.083     3.379 r  skarab_infr/user_clk_BUFG_inst/O
                         net (fo=7240, routed)        1.295     4.674    ethernet_one_gbe_skarab_axi_tx_one_gbe/kat_ten_gb_eth_0/tge_rx_inst/use_bram.rx_packet_fifo_bram_inst/U0/inst_fifo_gen/gconvfifo.rf/grf.rf/gntv_or_sync_fifo.gcx.clkx/rd_pntr_cdc_inst/src_clk
    SLICE_X87Y197        FDRE                                         r  ethernet_one_gbe_skarab_axi_tx_one_gbe/kat_ten_gb_eth_0/tge_rx_inst/use_bram.rx_packet_fifo_bram_inst/U0/inst_fifo_gen/gconvfifo.rf/grf.rf/gntv_or_sync_fifo.gcx.clkx/rd_pntr_cdc_inst/src_gray_ff_reg[9]/C
  -------------------------------------------------------------------    -------------------
    SLICE_X87Y197        FDRE (Prop_fdre_C_Q)         0.162     4.836 r  ethernet_one_gbe_skarab_axi_tx_one_gbe/kat_ten_gb_eth_0/tge_rx_inst/use_bram.rx_packet_fifo_bram_inst/U0/inst_fifo_gen/gconvfifo.rf/grf.rf/gntv_or_sync_fifo.gcx.clkx/rd_pntr_cdc_inst/src_gray_ff_reg[9]/Q
                         net (fo=1, routed)           0.229     5.065    ethernet_one_gbe_skarab_axi_tx_one_gbe/kat_ten_gb_eth_0/tge_rx_inst/use_bram.rx_packet_fifo_bram_inst/U0/inst_fifo_gen/gconvfifo.rf/grf.rf/gntv_or_sync_fifo.gcx.clkx/rd_pntr_cdc_inst/async_path[9]
    SLICE_X88Y197        FDRE                                         r  ethernet_one_gbe_skarab_axi_tx_one_gbe/kat_ten_gb_eth_0/tge_rx_inst/use_bram.rx_packet_fifo_bram_inst/U0/inst_fifo_gen/gconvfifo.rf/grf.rf/gntv_or_sync_fifo.gcx.clkx/rd_pntr_cdc_inst/dest_graysync_ff_reg[0][9]/D
  -------------------------------------------------------------------    -------------------

                         (clock sys_clk_mmcm rise edge)
                                                      0.000     0.000 r  
    AU15                                              0.000     0.000 r  FPGA_REFCLK_BUF0_P (IN)
                         net (fo=0)                   0.000     0.000    skarab_infr/FPGA_REFCLK_BUF0_P
    AU15                 IBUFDS (Prop_ibufds_I_O)     0.958     0.958 r  skarab_infr/refclk_0_ibufgds/O
                         net (fo=2, routed)           1.081     2.039    skarab_infr/refclk_0
    MMCME2_ADV_X1Y4      MMCME2_ADV (Prop_mmcme2_adv_CLKIN1_CLKOUT0)
                                                      0.077     2.116 r  skarab_infr/SYS_CLK_MMCM_inst/CLKOUT0
                         net (fo=1, routed)           1.463     3.579    skarab_infr/sys_clk_mmcm
    BUFGCTRL_X0Y0        BUFG (Prop_bufg_I_O)         0.093     3.672 r  skarab_infr/sys_clk_BUFG_inst/O
                         net (fo=2840, routed)        1.429     5.101    ethernet_one_gbe_skarab_axi_tx_one_gbe/kat_ten_gb_eth_0/tge_rx_inst/use_bram.rx_packet_fifo_bram_inst/U0/inst_fifo_gen/gconvfifo.rf/grf.rf/gntv_or_sync_fifo.gcx.clkx/rd_pntr_cdc_inst/dest_clk
    SLICE_X88Y197        FDRE                                         r  ethernet_one_gbe_skarab_axi_tx_one_gbe/kat_ten_gb_eth_0/tge_rx_inst/use_bram.rx_packet_fifo_bram_inst/U0/inst_fifo_gen/gconvfifo.rf/grf.rf/gntv_or_sync_fifo.gcx.clkx/rd_pntr_cdc_inst/dest_graysync_ff_reg[0][9]/C
                         clock pessimism             -0.103     4.998    
    SLICE_X88Y197        FDRE (Hold_fdre_C_D)         0.051     5.049    ethernet_one_gbe_skarab_axi_tx_one_gbe/kat_ten_gb_eth_0/tge_rx_inst/use_bram.rx_packet_fifo_bram_inst/U0/inst_fifo_gen/gconvfifo.rf/grf.rf/gntv_or_sync_fifo.gcx.clkx/rd_pntr_cdc_inst/dest_graysync_ff_reg[0][9]
  -------------------------------------------------------------------
                         data arrival                           5.065    
                         clock arrival                          5.049    
  -------------------------------------------------------------------
                         relative delay                         0.016    



Id: 4
set_bus_skew -from [get_cells [list {ethernet_one_gbe_skarab_axi_tx_one_gbe/kat_ten_gb_eth_0/tge_rx_inst/use_bram.rx_packet_fifo_bram_inst/U0/inst_fifo_gen/gconvfifo.rf/grf.rf/gntv_or_sync_fifo.gcx.clkx/wr_pntr_cdc_inst/src_gray_ff_reg[0]} {ethernet_one_gbe_skarab_axi_tx_one_gbe/kat_ten_gb_eth_0/tge_rx_inst/use_bram.rx_packet_fifo_bram_inst/U0/inst_fifo_gen/gconvfifo.rf/grf.rf/gntv_or_sync_fifo.gcx.clkx/wr_pntr_cdc_inst/src_gray_ff_reg[1]} {ethernet_one_gbe_skarab_axi_tx_one_gbe/kat_ten_gb_eth_0/tge_rx_inst/use_bram.rx_packet_fifo_bram_inst/U0/inst_fifo_gen/gconvfifo.rf/grf.rf/gntv_or_sync_fifo.gcx.clkx/wr_pntr_cdc_inst/src_gray_ff_reg[2]} {ethernet_one_gbe_skarab_axi_tx_one_gbe/kat_ten_gb_eth_0/tge_rx_inst/use_bram.rx_packet_fifo_bram_inst/U0/inst_fifo_gen/gconvfifo.rf/grf.rf/gntv_or_sync_fifo.gcx.clkx/wr_pntr_cdc_inst/src_gray_ff_reg[3]} {ethernet_one_gbe_skarab_axi_tx_one_gbe/kat_ten_gb_eth_0/tge_rx_inst/use_bram.rx_packet_fifo_bram_inst/U0/inst_fifo_gen/gconvfifo.rf/grf.rf/gntv_or_sync_fifo.gcx.clkx/wr_pntr_cdc_inst/src_gray_ff_reg[4]} {ethernet_one_gbe_skarab_axi_tx_one_gbe/kat_ten_gb_eth_0/tge_rx_inst/use_bram.rx_packet_fifo_bram_inst/U0/inst_fifo_gen/gconvfifo.rf/grf.rf/gntv_or_sync_fifo.gcx.clkx/wr_pntr_cdc_inst/src_gray_ff_reg[5]} {ethernet_one_gbe_skarab_axi_tx_one_gbe/kat_ten_gb_eth_0/tge_rx_inst/use_bram.rx_packet_fifo_bram_inst/U0/inst_fifo_gen/gconvfifo.rf/grf.rf/gntv_or_sync_fifo.gcx.clkx/wr_pntr_cdc_inst/src_gray_ff_reg[6]} {ethernet_one_gbe_skarab_axi_tx_one_gbe/kat_ten_gb_eth_0/tge_rx_inst/use_bram.rx_packet_fifo_bram_inst/U0/inst_fifo_gen/gconvfifo.rf/grf.rf/gntv_or_sync_fifo.gcx.clkx/wr_pntr_cdc_inst/src_gray_ff_reg[7]} {ethernet_one_gbe_skarab_axi_tx_one_gbe/kat_ten_gb_eth_0/tge_rx_inst/use_bram.rx_packet_fifo_bram_inst/U0/inst_fifo_gen/gconvfifo.rf/grf.rf/gntv_or_sync_fifo.gcx.clkx/wr_pntr_cdc_inst/src_gray_ff_reg[8]} {ethernet_one_gbe_skarab_axi_tx_one_gbe/kat_ten_gb_eth_0/tge_rx_inst/use_bram.rx_packet_fifo_bram_inst/U0/inst_fifo_gen/gconvfifo.rf/grf.rf/gntv_or_sync_fifo.gcx.clkx/wr_pntr_cdc_inst/src_gray_ff_reg[9]}]] -to [get_cells [list {ethernet_one_gbe_skarab_axi_tx_one_gbe/kat_ten_gb_eth_0/tge_rx_inst/use_bram.rx_packet_fifo_bram_inst/U0/inst_fifo_gen/gconvfifo.rf/grf.rf/gntv_or_sync_fifo.gcx.clkx/wr_pntr_cdc_inst/dest_graysync_ff_reg[0][0]} {ethernet_one_gbe_skarab_axi_tx_one_gbe/kat_ten_gb_eth_0/tge_rx_inst/use_bram.rx_packet_fifo_bram_inst/U0/inst_fifo_gen/gconvfifo.rf/grf.rf/gntv_or_sync_fifo.gcx.clkx/wr_pntr_cdc_inst/dest_graysync_ff_reg[0][1]} {ethernet_one_gbe_skarab_axi_tx_one_gbe/kat_ten_gb_eth_0/tge_rx_inst/use_bram.rx_packet_fifo_bram_inst/U0/inst_fifo_gen/gconvfifo.rf/grf.rf/gntv_or_sync_fifo.gcx.clkx/wr_pntr_cdc_inst/dest_graysync_ff_reg[0][2]} {ethernet_one_gbe_skarab_axi_tx_one_gbe/kat_ten_gb_eth_0/tge_rx_inst/use_bram.rx_packet_fifo_bram_inst/U0/inst_fifo_gen/gconvfifo.rf/grf.rf/gntv_or_sync_fifo.gcx.clkx/wr_pntr_cdc_inst/dest_graysync_ff_reg[0][3]} {ethernet_one_gbe_skarab_axi_tx_one_gbe/kat_ten_gb_eth_0/tge_rx_inst/use_bram.rx_packet_fifo_bram_inst/U0/inst_fifo_gen/gconvfifo.rf/grf.rf/gntv_or_sync_fifo.gcx.clkx/wr_pntr_cdc_inst/dest_graysync_ff_reg[0][4]} {ethernet_one_gbe_skarab_axi_tx_one_gbe/kat_ten_gb_eth_0/tge_rx_inst/use_bram.rx_packet_fifo_bram_inst/U0/inst_fifo_gen/gconvfifo.rf/grf.rf/gntv_or_sync_fifo.gcx.clkx/wr_pntr_cdc_inst/dest_graysync_ff_reg[0][5]} {ethernet_one_gbe_skarab_axi_tx_one_gbe/kat_ten_gb_eth_0/tge_rx_inst/use_bram.rx_packet_fifo_bram_inst/U0/inst_fifo_gen/gconvfifo.rf/grf.rf/gntv_or_sync_fifo.gcx.clkx/wr_pntr_cdc_inst/dest_graysync_ff_reg[0][6]} {ethernet_one_gbe_skarab_axi_tx_one_gbe/kat_ten_gb_eth_0/tge_rx_inst/use_bram.rx_packet_fifo_bram_inst/U0/inst_fifo_gen/gconvfifo.rf/grf.rf/gntv_or_sync_fifo.gcx.clkx/wr_pntr_cdc_inst/dest_graysync_ff_reg[0][7]} {ethernet_one_gbe_skarab_axi_tx_one_gbe/kat_ten_gb_eth_0/tge_rx_inst/use_bram.rx_packet_fifo_bram_inst/U0/inst_fifo_gen/gconvfifo.rf/grf.rf/gntv_or_sync_fifo.gcx.clkx/wr_pntr_cdc_inst/dest_graysync_ff_reg[0][8]} {ethernet_one_gbe_skarab_axi_tx_one_gbe/kat_ten_gb_eth_0/tge_rx_inst/use_bram.rx_packet_fifo_bram_inst/U0/inst_fifo_gen/gconvfifo.rf/grf.rf/gntv_or_sync_fifo.gcx.clkx/wr_pntr_cdc_inst/dest_graysync_ff_reg[0][9]}]] 4.335
Requirement: 4.335ns
Endpoints: 10

From Clock            To Clock              Endpoint Pin                    Reference Pin                   Corner  Actual(ns)  Slack(ns)
--------------------  --------------------  ------------------------------  ------------------------------  ------  ----------  ---------
sys_clk_mmcm          user_clk_mmcm         ethernet_one_gbe_skarab_axi_tx_one_gbe/kat_ten_gb_eth_0/tge_rx_inst/use_bram.rx_packet_fifo_bram_inst/U0/inst_fifo_gen/gconvfifo.rf/grf.rf/gntv_or_sync_fifo.gcx.clkx/wr_pntr_cdc_inst/dest_graysync_ff_reg[0][7]/D
                                                                            ethernet_one_gbe_skarab_axi_tx_one_gbe/kat_ten_gb_eth_0/tge_rx_inst/use_bram.rx_packet_fifo_bram_inst/U0/inst_fifo_gen/gconvfifo.rf/grf.rf/gntv_or_sync_fifo.gcx.clkx/wr_pntr_cdc_inst/dest_graysync_ff_reg[0][2]/D
                                                                                                            Slow         1.564      2.771


Slack (MET) :             2.771ns  (requirement - actual skew)
  Endpoint Source:        ethernet_one_gbe_skarab_axi_tx_one_gbe/kat_ten_gb_eth_0/tge_rx_inst/use_bram.rx_packet_fifo_bram_inst/U0/inst_fifo_gen/gconvfifo.rf/grf.rf/gntv_or_sync_fifo.gcx.clkx/wr_pntr_cdc_inst/src_gray_ff_reg[7]/C
                            (rising edge-triggered cell FDRE clocked by sys_clk_mmcm)
  Endpoint Destination:   ethernet_one_gbe_skarab_axi_tx_one_gbe/kat_ten_gb_eth_0/tge_rx_inst/use_bram.rx_packet_fifo_bram_inst/U0/inst_fifo_gen/gconvfifo.rf/grf.rf/gntv_or_sync_fifo.gcx.clkx/wr_pntr_cdc_inst/dest_graysync_ff_reg[0][7]/D
                            (rising edge-triggered cell FDRE clocked by user_clk_mmcm)
  Reference Source:       ethernet_one_gbe_skarab_axi_tx_one_gbe/kat_ten_gb_eth_0/tge_rx_inst/use_bram.rx_packet_fifo_bram_inst/U0/inst_fifo_gen/gconvfifo.rf/grf.rf/gntv_or_sync_fifo.gcx.clkx/wr_pntr_cdc_inst/src_gray_ff_reg[2]/C
                            (rising edge-triggered cell FDRE clocked by sys_clk_mmcm)
  Reference Destination:  ethernet_one_gbe_skarab_axi_tx_one_gbe/kat_ten_gb_eth_0/tge_rx_inst/use_bram.rx_packet_fifo_bram_inst/U0/inst_fifo_gen/gconvfifo.rf/grf.rf/gntv_or_sync_fifo.gcx.clkx/wr_pntr_cdc_inst/dest_graysync_ff_reg[0][2]/D
                            (rising edge-triggered cell FDRE clocked by user_clk_mmcm)
  Path Type:              Bus Skew (Max at Slow Process Corner)
  Requirement:            4.335ns
  Endpoint Relative Delay:    1.053ns
  Reference Relative Delay:  -0.092ns
  Relative CRPR:              0.628ns
  Uncertainty:                1.046ns
  Actual Bus Skew:            1.564ns  (Endpoint Relative Delay - Reference Relative Delay - Relative CRPR + Uncertainty)

Endpoint path:
    Location             Delay type                Incr(ns)  Path(ns)    Netlist Resource(s)
  -------------------------------------------------------------------    -------------------
                         (clock sys_clk_mmcm rise edge)
                                                      0.000     0.000 r  
    AU15                                              0.000     0.000 r  FPGA_REFCLK_BUF0_P (IN)
                         net (fo=0)                   0.000     0.000    skarab_infr/FPGA_REFCLK_BUF0_P
    AU15                 IBUFDS (Prop_ibufds_I_O)     0.958     0.958 r  skarab_infr/refclk_0_ibufgds/O
                         net (fo=2, routed)           1.081     2.039    skarab_infr/refclk_0
    MMCME2_ADV_X1Y4      MMCME2_ADV (Prop_mmcme2_adv_CLKIN1_CLKOUT0)
                                                      0.077     2.116 r  skarab_infr/SYS_CLK_MMCM_inst/CLKOUT0
                         net (fo=1, routed)           1.463     3.579    skarab_infr/sys_clk_mmcm
    BUFGCTRL_X0Y0        BUFG (Prop_bufg_I_O)         0.093     3.672 r  skarab_infr/sys_clk_BUFG_inst/O
                         net (fo=2840, routed)        1.429     5.101    ethernet_one_gbe_skarab_axi_tx_one_gbe/kat_ten_gb_eth_0/tge_rx_inst/use_bram.rx_packet_fifo_bram_inst/U0/inst_fifo_gen/gconvfifo.rf/grf.rf/gntv_or_sync_fifo.gcx.clkx/wr_pntr_cdc_inst/src_clk
    SLICE_X88Y194        FDRE                                         r  ethernet_one_gbe_skarab_axi_tx_one_gbe/kat_ten_gb_eth_0/tge_rx_inst/use_bram.rx_packet_fifo_bram_inst/U0/inst_fifo_gen/gconvfifo.rf/grf.rf/gntv_or_sync_fifo.gcx.clkx/wr_pntr_cdc_inst/src_gray_ff_reg[7]/C
  -------------------------------------------------------------------    -------------------
    SLICE_X88Y194        FDRE (Prop_fdre_C_Q)         0.204     5.305 r  ethernet_one_gbe_skarab_axi_tx_one_gbe/kat_ten_gb_eth_0/tge_rx_inst/use_bram.rx_packet_fifo_bram_inst/U0/inst_fifo_gen/gconvfifo.rf/grf.rf/gntv_or_sync_fifo.gcx.clkx/wr_pntr_cdc_inst/src_gray_ff_reg[7]/Q
                         net (fo=1, routed)           0.433     5.738    ethernet_one_gbe_skarab_axi_tx_one_gbe/kat_ten_gb_eth_0/tge_rx_inst/use_bram.rx_packet_fifo_bram_inst/U0/inst_fifo_gen/gconvfifo.rf/grf.rf/gntv_or_sync_fifo.gcx.clkx/wr_pntr_cdc_inst/async_path[7]
    SLICE_X87Y194        FDRE                                         r  ethernet_one_gbe_skarab_axi_tx_one_gbe/kat_ten_gb_eth_0/tge_rx_inst/use_bram.rx_packet_fifo_bram_inst/U0/inst_fifo_gen/gconvfifo.rf/grf.rf/gntv_or_sync_fifo.gcx.clkx/wr_pntr_cdc_inst/dest_graysync_ff_reg[0][7]/D
  -------------------------------------------------------------------    -------------------

                         (clock user_clk_mmcm rise edge)
                                                      0.000     0.000 r  
    AU15                                              0.000     0.000 r  FPGA_REFCLK_BUF0_P (IN)
                         net (fo=0)                   0.000     0.000    skarab_infr/FPGA_REFCLK_BUF0_P
    AU15                 IBUFDS (Prop_ibufds_I_O)     0.855     0.855 r  skarab_infr/refclk_0_ibufgds/O
                         net (fo=2, routed)           1.018     1.873    skarab_infr/refclk_0
    MMCME2_ADV_X1Y5      MMCME2_ADV (Prop_mmcme2_adv_CLKIN1_CLKOUT0)
                                                      0.073     1.946 r  skarab_infr/USER_CLK_MMCM_inst/CLKOUT0
                         net (fo=1, routed)           1.350     3.296    skarab_infr/user_clk_mmcm
    BUFGCTRL_X0Y19       BUFG (Prop_bufg_I_O)         0.083     3.379 r  skarab_infr/user_clk_BUFG_inst/O
                         net (fo=7240, routed)        1.295     4.674    ethernet_one_gbe_skarab_axi_tx_one_gbe/kat_ten_gb_eth_0/tge_rx_inst/use_bram.rx_packet_fifo_bram_inst/U0/inst_fifo_gen/gconvfifo.rf/grf.rf/gntv_or_sync_fifo.gcx.clkx/wr_pntr_cdc_inst/dest_clk
    SLICE_X87Y194        FDRE                                         r  ethernet_one_gbe_skarab_axi_tx_one_gbe/kat_ten_gb_eth_0/tge_rx_inst/use_bram.rx_packet_fifo_bram_inst/U0/inst_fifo_gen/gconvfifo.rf/grf.rf/gntv_or_sync_fifo.gcx.clkx/wr_pntr_cdc_inst/dest_graysync_ff_reg[0][7]/C
                         clock pessimism              0.103     4.777    
    SLICE_X87Y194        FDRE (Setup_fdre_C_D)       -0.092     4.685    ethernet_one_gbe_skarab_axi_tx_one_gbe/kat_ten_gb_eth_0/tge_rx_inst/use_bram.rx_packet_fifo_bram_inst/U0/inst_fifo_gen/gconvfifo.rf/grf.rf/gntv_or_sync_fifo.gcx.clkx/wr_pntr_cdc_inst/dest_graysync_ff_reg[0][7]
  -------------------------------------------------------------------
                         data arrival                           5.738    
                         clock arrival                          4.685    
  -------------------------------------------------------------------
                         relative delay                         1.053    

Reference path:
    Location             Delay type                Incr(ns)  Path(ns)    Netlist Resource(s)
  -------------------------------------------------------------------    -------------------
                         (clock sys_clk_mmcm rise edge)
                                                      0.000     0.000 r  
    AU15                                              0.000     0.000 r  FPGA_REFCLK_BUF0_P (IN)
                         net (fo=0)                   0.000     0.000    skarab_infr/FPGA_REFCLK_BUF0_P
    AU15                 IBUFDS (Prop_ibufds_I_O)     0.855     0.855 r  skarab_infr/refclk_0_ibufgds/O
                         net (fo=2, routed)           0.986     1.841    skarab_infr/refclk_0
    MMCME2_ADV_X1Y4      MMCME2_ADV (Prop_mmcme2_adv_CLKIN1_CLKOUT0)
                                                      0.073     1.914 r  skarab_infr/SYS_CLK_MMCM_inst/CLKOUT0
                         net (fo=1, routed)           1.350     3.264    skarab_infr/sys_clk_mmcm
    BUFGCTRL_X0Y0        BUFG (Prop_bufg_I_O)         0.083     3.347 r  skarab_infr/sys_clk_BUFG_inst/O
                         net (fo=2840, routed)        1.296     4.643    ethernet_one_gbe_skarab_axi_tx_one_gbe/kat_ten_gb_eth_0/tge_rx_inst/use_bram.rx_packet_fifo_bram_inst/U0/inst_fifo_gen/gconvfifo.rf/grf.rf/gntv_or_sync_fifo.gcx.clkx/wr_pntr_cdc_inst/src_clk
    SLICE_X79Y194        FDRE                                         r  ethernet_one_gbe_skarab_axi_tx_one_gbe/kat_ten_gb_eth_0/tge_rx_inst/use_bram.rx_packet_fifo_bram_inst/U0/inst_fifo_gen/gconvfifo.rf/grf.rf/gntv_or_sync_fifo.gcx.clkx/wr_pntr_cdc_inst/src_gray_ff_reg[2]/C
  -------------------------------------------------------------------    -------------------
    SLICE_X79Y194        FDRE (Prop_fdre_C_Q)         0.178     4.821 r  ethernet_one_gbe_skarab_axi_tx_one_gbe/kat_ten_gb_eth_0/tge_rx_inst/use_bram.rx_packet_fifo_bram_inst/U0/inst_fifo_gen/gconvfifo.rf/grf.rf/gntv_or_sync_fifo.gcx.clkx/wr_pntr_cdc_inst/src_gray_ff_reg[2]/Q
                         net (fo=1, routed)           0.248     5.069    ethernet_one_gbe_skarab_axi_tx_one_gbe/kat_ten_gb_eth_0/tge_rx_inst/use_bram.rx_packet_fifo_bram_inst/U0/inst_fifo_gen/gconvfifo.rf/grf.rf/gntv_or_sync_fifo.gcx.clkx/wr_pntr_cdc_inst/async_path[2]
    SLICE_X78Y194        FDRE                                         r  ethernet_one_gbe_skarab_axi_tx_one_gbe/kat_ten_gb_eth_0/tge_rx_inst/use_bram.rx_packet_fifo_bram_inst/U0/inst_fifo_gen/gconvfifo.rf/grf.rf/gntv_or_sync_fifo.gcx.clkx/wr_pntr_cdc_inst/dest_graysync_ff_reg[0][2]/D
  -------------------------------------------------------------------    -------------------

                         (clock user_clk_mmcm rise edge)
                                                      0.000     0.000 r  
    AU15                                              0.000     0.000 r  FPGA_REFCLK_BUF0_P (IN)
                         net (fo=0)                   0.000     0.000    skarab_infr/FPGA_REFCLK_BUF0_P
    AU15                 IBUFDS (Prop_ibufds_I_O)     0.958     0.958 r  skarab_infr/refclk_0_ibufgds/O
                         net (fo=2, routed)           1.121     2.079    skarab_infr/refclk_0
    MMCME2_ADV_X1Y5      MMCME2_ADV (Prop_mmcme2_adv_CLKIN1_CLKOUT0)
                                                      0.077     2.156 r  skarab_infr/USER_CLK_MMCM_inst/CLKOUT0
                         net (fo=1, routed)           1.463     3.619    skarab_infr/user_clk_mmcm
    BUFGCTRL_X0Y19       BUFG (Prop_bufg_I_O)         0.093     3.712 r  skarab_infr/user_clk_BUFG_inst/O
                         net (fo=7240, routed)        1.434     5.146    ethernet_one_gbe_skarab_axi_tx_one_gbe/kat_ten_gb_eth_0/tge_rx_inst/use_bram.rx_packet_fifo_bram_inst/U0/inst_fifo_gen/gconvfifo.rf/grf.rf/gntv_or_sync_fifo.gcx.clkx/wr_pntr_cdc_inst/dest_clk
    SLICE_X78Y194        FDRE                                         r  ethernet_one_gbe_skarab_axi_tx_one_gbe/kat_ten_gb_eth_0/tge_rx_inst/use_bram.rx_packet_fifo_bram_inst/U0/inst_fifo_gen/gconvfifo.rf/grf.rf/gntv_or_sync_fifo.gcx.clkx/wr_pntr_cdc_inst/dest_graysync_ff_reg[0][2]/C
                         clock pessimism             -0.103     5.043    
    SLICE_X78Y194        FDRE (Hold_fdre_C_D)         0.118     5.161    ethernet_one_gbe_skarab_axi_tx_one_gbe/kat_ten_gb_eth_0/tge_rx_inst/use_bram.rx_packet_fifo_bram_inst/U0/inst_fifo_gen/gconvfifo.rf/grf.rf/gntv_or_sync_fifo.gcx.clkx/wr_pntr_cdc_inst/dest_graysync_ff_reg[0][2]
  -------------------------------------------------------------------
                         data arrival                           5.069    
                         clock arrival                          5.161    
  -------------------------------------------------------------------
                         relative delay                        -0.092    



Id: 5
set_bus_skew -from [get_cells [list {ethernet_one_gbe_skarab_axi_tx_one_gbe/kat_ten_gb_eth_0/tge_tx_inst/tx_packet_ctrl_fifo_inst/U0/inst_fifo_gen/gconvfifo.rf/grf.rf/gntv_or_sync_fifo.gcx.clkx/rd_pntr_cdc_inst/src_gray_ff_reg[0]} {ethernet_one_gbe_skarab_axi_tx_one_gbe/kat_ten_gb_eth_0/tge_tx_inst/tx_packet_ctrl_fifo_inst/U0/inst_fifo_gen/gconvfifo.rf/grf.rf/gntv_or_sync_fifo.gcx.clkx/rd_pntr_cdc_inst/src_gray_ff_reg[1]} {ethernet_one_gbe_skarab_axi_tx_one_gbe/kat_ten_gb_eth_0/tge_tx_inst/tx_packet_ctrl_fifo_inst/U0/inst_fifo_gen/gconvfifo.rf/grf.rf/gntv_or_sync_fifo.gcx.clkx/rd_pntr_cdc_inst/src_gray_ff_reg[2]} {ethernet_one_gbe_skarab_axi_tx_one_gbe/kat_ten_gb_eth_0/tge_tx_inst/tx_packet_ctrl_fifo_inst/U0/inst_fifo_gen/gconvfifo.rf/grf.rf/gntv_or_sync_fifo.gcx.clkx/rd_pntr_cdc_inst/src_gray_ff_reg[3]}]] -to [get_cells [list {ethernet_one_gbe_skarab_axi_tx_one_gbe/kat_ten_gb_eth_0/tge_tx_inst/tx_packet_ctrl_fifo_inst/U0/inst_fifo_gen/gconvfifo.rf/grf.rf/gntv_or_sync_fifo.gcx.clkx/rd_pntr_cdc_inst/dest_graysync_ff_reg[0][0]} {ethernet_one_gbe_skarab_axi_tx_one_gbe/kat_ten_gb_eth_0/tge_tx_inst/tx_packet_ctrl_fifo_inst/U0/inst_fifo_gen/gconvfifo.rf/grf.rf/gntv_or_sync_fifo.gcx.clkx/rd_pntr_cdc_inst/dest_graysync_ff_reg[0][1]} {ethernet_one_gbe_skarab_axi_tx_one_gbe/kat_ten_gb_eth_0/tge_tx_inst/tx_packet_ctrl_fifo_inst/U0/inst_fifo_gen/gconvfifo.rf/grf.rf/gntv_or_sync_fifo.gcx.clkx/rd_pntr_cdc_inst/dest_graysync_ff_reg[0][2]} {ethernet_one_gbe_skarab_axi_tx_one_gbe/kat_ten_gb_eth_0/tge_tx_inst/tx_packet_ctrl_fifo_inst/U0/inst_fifo_gen/gconvfifo.rf/grf.rf/gntv_or_sync_fifo.gcx.clkx/rd_pntr_cdc_inst/dest_graysync_ff_reg[0][3]}]] 4.335
Requirement: 4.335ns
Endpoints: 4

From Clock            To Clock              Endpoint Pin                    Reference Pin                   Corner  Actual(ns)  Slack(ns)
--------------------  --------------------  ------------------------------  ------------------------------  ------  ----------  ---------
sys_clk_mmcm          user_clk_mmcm         ethernet_one_gbe_skarab_axi_tx_one_gbe/kat_ten_gb_eth_0/tge_tx_inst/tx_packet_ctrl_fifo_inst/U0/inst_fifo_gen/gconvfifo.rf/grf.rf/gntv_or_sync_fifo.gcx.clkx/rd_pntr_cdc_inst/dest_graysync_ff_reg[0][3]/D
                                                                            ethernet_one_gbe_skarab_axi_tx_one_gbe/kat_ten_gb_eth_0/tge_tx_inst/tx_packet_ctrl_fifo_inst/U0/inst_fifo_gen/gconvfifo.rf/grf.rf/gntv_or_sync_fifo.gcx.clkx/rd_pntr_cdc_inst/dest_graysync_ff_reg[0][0]/D
                                                                                                            Slow         1.562      2.773


Slack (MET) :             2.773ns  (requirement - actual skew)
  Endpoint Source:        ethernet_one_gbe_skarab_axi_tx_one_gbe/kat_ten_gb_eth_0/tge_tx_inst/tx_packet_ctrl_fifo_inst/U0/inst_fifo_gen/gconvfifo.rf/grf.rf/gntv_or_sync_fifo.gcx.clkx/rd_pntr_cdc_inst/src_gray_ff_reg[3]/C
                            (rising edge-triggered cell FDRE clocked by sys_clk_mmcm)
  Endpoint Destination:   ethernet_one_gbe_skarab_axi_tx_one_gbe/kat_ten_gb_eth_0/tge_tx_inst/tx_packet_ctrl_fifo_inst/U0/inst_fifo_gen/gconvfifo.rf/grf.rf/gntv_or_sync_fifo.gcx.clkx/rd_pntr_cdc_inst/dest_graysync_ff_reg[0][3]/D
                            (rising edge-triggered cell FDRE clocked by user_clk_mmcm)
  Reference Source:       ethernet_one_gbe_skarab_axi_tx_one_gbe/kat_ten_gb_eth_0/tge_tx_inst/tx_packet_ctrl_fifo_inst/U0/inst_fifo_gen/gconvfifo.rf/grf.rf/gntv_or_sync_fifo.gcx.clkx/rd_pntr_cdc_inst/src_gray_ff_reg[0]/C
                            (rising edge-triggered cell FDRE clocked by sys_clk_mmcm)
  Reference Destination:  ethernet_one_gbe_skarab_axi_tx_one_gbe/kat_ten_gb_eth_0/tge_tx_inst/tx_packet_ctrl_fifo_inst/U0/inst_fifo_gen/gconvfifo.rf/grf.rf/gntv_or_sync_fifo.gcx.clkx/rd_pntr_cdc_inst/dest_graysync_ff_reg[0][0]/D
                            (rising edge-triggered cell FDRE clocked by user_clk_mmcm)
  Path Type:              Bus Skew (Max at Slow Process Corner)
  Requirement:            4.335ns
  Endpoint Relative Delay:    1.064ns
  Reference Relative Delay:  -0.124ns
  Relative CRPR:              0.672ns
  Uncertainty:                1.046ns
  Actual Bus Skew:            1.562ns  (Endpoint Relative Delay - Reference Relative Delay - Relative CRPR + Uncertainty)

Endpoint path:
    Location             Delay type                Incr(ns)  Path(ns)    Netlist Resource(s)
  -------------------------------------------------------------------    -------------------
                         (clock sys_clk_mmcm rise edge)
                                                      0.000     0.000 r  
    AU15                                              0.000     0.000 r  FPGA_REFCLK_BUF0_P (IN)
                         net (fo=0)                   0.000     0.000    skarab_infr/FPGA_REFCLK_BUF0_P
    AU15                 IBUFDS (Prop_ibufds_I_O)     0.958     0.958 r  skarab_infr/refclk_0_ibufgds/O
                         net (fo=2, routed)           1.081     2.039    skarab_infr/refclk_0
    MMCME2_ADV_X1Y4      MMCME2_ADV (Prop_mmcme2_adv_CLKIN1_CLKOUT0)
                                                      0.077     2.116 r  skarab_infr/SYS_CLK_MMCM_inst/CLKOUT0
                         net (fo=1, routed)           1.463     3.579    skarab_infr/sys_clk_mmcm
    BUFGCTRL_X0Y0        BUFG (Prop_bufg_I_O)         0.093     3.672 r  skarab_infr/sys_clk_BUFG_inst/O
                         net (fo=2840, routed)        1.333     5.005    ethernet_one_gbe_skarab_axi_tx_one_gbe/kat_ten_gb_eth_0/tge_tx_inst/tx_packet_ctrl_fifo_inst/U0/inst_fifo_gen/gconvfifo.rf/grf.rf/gntv_or_sync_fifo.gcx.clkx/rd_pntr_cdc_inst/src_clk
    SLICE_X53Y206        FDRE                                         r  ethernet_one_gbe_skarab_axi_tx_one_gbe/kat_ten_gb_eth_0/tge_tx_inst/tx_packet_ctrl_fifo_inst/U0/inst_fifo_gen/gconvfifo.rf/grf.rf/gntv_or_sync_fifo.gcx.clkx/rd_pntr_cdc_inst/src_gray_ff_reg[3]/C
  -------------------------------------------------------------------    -------------------
    SLICE_X53Y206        FDRE (Prop_fdre_C_Q)         0.204     5.209 r  ethernet_one_gbe_skarab_axi_tx_one_gbe/kat_ten_gb_eth_0/tge_tx_inst/tx_packet_ctrl_fifo_inst/U0/inst_fifo_gen/gconvfifo.rf/grf.rf/gntv_or_sync_fifo.gcx.clkx/rd_pntr_cdc_inst/src_gray_ff_reg[3]/Q
                         net (fo=1, routed)           0.476     5.685    ethernet_one_gbe_skarab_axi_tx_one_gbe/kat_ten_gb_eth_0/tge_tx_inst/tx_packet_ctrl_fifo_inst/U0/inst_fifo_gen/gconvfifo.rf/grf.rf/gntv_or_sync_fifo.gcx.clkx/rd_pntr_cdc_inst/async_path[3]
    SLICE_X52Y206        FDRE                                         r  ethernet_one_gbe_skarab_axi_tx_one_gbe/kat_ten_gb_eth_0/tge_tx_inst/tx_packet_ctrl_fifo_inst/U0/inst_fifo_gen/gconvfifo.rf/grf.rf/gntv_or_sync_fifo.gcx.clkx/rd_pntr_cdc_inst/dest_graysync_ff_reg[0][3]/D
  -------------------------------------------------------------------    -------------------

                         (clock user_clk_mmcm rise edge)
                                                      0.000     0.000 r  
    AU15                                              0.000     0.000 r  FPGA_REFCLK_BUF0_P (IN)
                         net (fo=0)                   0.000     0.000    skarab_infr/FPGA_REFCLK_BUF0_P
    AU15                 IBUFDS (Prop_ibufds_I_O)     0.855     0.855 r  skarab_infr/refclk_0_ibufgds/O
                         net (fo=2, routed)           1.018     1.873    skarab_infr/refclk_0
    MMCME2_ADV_X1Y5      MMCME2_ADV (Prop_mmcme2_adv_CLKIN1_CLKOUT0)
                                                      0.073     1.946 r  skarab_infr/USER_CLK_MMCM_inst/CLKOUT0
                         net (fo=1, routed)           1.350     3.296    skarab_infr/user_clk_mmcm
    BUFGCTRL_X0Y19       BUFG (Prop_bufg_I_O)         0.083     3.379 r  skarab_infr/user_clk_BUFG_inst/O
                         net (fo=7240, routed)        1.200     4.579    ethernet_one_gbe_skarab_axi_tx_one_gbe/kat_ten_gb_eth_0/tge_tx_inst/tx_packet_ctrl_fifo_inst/U0/inst_fifo_gen/gconvfifo.rf/grf.rf/gntv_or_sync_fifo.gcx.clkx/rd_pntr_cdc_inst/dest_clk
    SLICE_X52Y206        FDRE                                         r  ethernet_one_gbe_skarab_axi_tx_one_gbe/kat_ten_gb_eth_0/tge_tx_inst/tx_packet_ctrl_fifo_inst/U0/inst_fifo_gen/gconvfifo.rf/grf.rf/gntv_or_sync_fifo.gcx.clkx/rd_pntr_cdc_inst/dest_graysync_ff_reg[0][3]/C
                         clock pessimism              0.103     4.682    
    SLICE_X52Y206        FDRE (Setup_fdre_C_D)       -0.061     4.621    ethernet_one_gbe_skarab_axi_tx_one_gbe/kat_ten_gb_eth_0/tge_tx_inst/tx_packet_ctrl_fifo_inst/U0/inst_fifo_gen/gconvfifo.rf/grf.rf/gntv_or_sync_fifo.gcx.clkx/rd_pntr_cdc_inst/dest_graysync_ff_reg[0][3]
  -------------------------------------------------------------------
                         data arrival                           5.685    
                         clock arrival                          4.621    
  -------------------------------------------------------------------
                         relative delay                         1.064    

Reference path:
    Location             Delay type                Incr(ns)  Path(ns)    Netlist Resource(s)
  -------------------------------------------------------------------    -------------------
                         (clock sys_clk_mmcm rise edge)
                                                      0.000     0.000 r  
    AU15                                              0.000     0.000 r  FPGA_REFCLK_BUF0_P (IN)
                         net (fo=0)                   0.000     0.000    skarab_infr/FPGA_REFCLK_BUF0_P
    AU15                 IBUFDS (Prop_ibufds_I_O)     0.855     0.855 r  skarab_infr/refclk_0_ibufgds/O
                         net (fo=2, routed)           0.986     1.841    skarab_infr/refclk_0
    MMCME2_ADV_X1Y4      MMCME2_ADV (Prop_mmcme2_adv_CLKIN1_CLKOUT0)
                                                      0.073     1.914 r  skarab_infr/SYS_CLK_MMCM_inst/CLKOUT0
                         net (fo=1, routed)           1.350     3.264    skarab_infr/sys_clk_mmcm
    BUFGCTRL_X0Y0        BUFG (Prop_bufg_I_O)         0.083     3.347 r  skarab_infr/sys_clk_BUFG_inst/O
                         net (fo=2840, routed)        1.199     4.546    ethernet_one_gbe_skarab_axi_tx_one_gbe/kat_ten_gb_eth_0/tge_tx_inst/tx_packet_ctrl_fifo_inst/U0/inst_fifo_gen/gconvfifo.rf/grf.rf/gntv_or_sync_fifo.gcx.clkx/rd_pntr_cdc_inst/src_clk
    SLICE_X53Y205        FDRE                                         r  ethernet_one_gbe_skarab_axi_tx_one_gbe/kat_ten_gb_eth_0/tge_tx_inst/tx_packet_ctrl_fifo_inst/U0/inst_fifo_gen/gconvfifo.rf/grf.rf/gntv_or_sync_fifo.gcx.clkx/rd_pntr_cdc_inst/src_gray_ff_reg[0]/C
  -------------------------------------------------------------------    -------------------
    SLICE_X53Y205        FDRE (Prop_fdre_C_Q)         0.178     4.724 r  ethernet_one_gbe_skarab_axi_tx_one_gbe/kat_ten_gb_eth_0/tge_tx_inst/tx_packet_ctrl_fifo_inst/U0/inst_fifo_gen/gconvfifo.rf/grf.rf/gntv_or_sync_fifo.gcx.clkx/rd_pntr_cdc_inst/src_gray_ff_reg[0]/Q
                         net (fo=1, routed)           0.249     4.973    ethernet_one_gbe_skarab_axi_tx_one_gbe/kat_ten_gb_eth_0/tge_tx_inst/tx_packet_ctrl_fifo_inst/U0/inst_fifo_gen/gconvfifo.rf/grf.rf/gntv_or_sync_fifo.gcx.clkx/rd_pntr_cdc_inst/async_path[0]
    SLICE_X52Y205        FDRE                                         r  ethernet_one_gbe_skarab_axi_tx_one_gbe/kat_ten_gb_eth_0/tge_tx_inst/tx_packet_ctrl_fifo_inst/U0/inst_fifo_gen/gconvfifo.rf/grf.rf/gntv_or_sync_fifo.gcx.clkx/rd_pntr_cdc_inst/dest_graysync_ff_reg[0][0]/D
  -------------------------------------------------------------------    -------------------

                         (clock user_clk_mmcm rise edge)
                                                      0.000     0.000 r  
    AU15                                              0.000     0.000 r  FPGA_REFCLK_BUF0_P (IN)
                         net (fo=0)                   0.000     0.000    skarab_infr/FPGA_REFCLK_BUF0_P
    AU15                 IBUFDS (Prop_ibufds_I_O)     0.958     0.958 r  skarab_infr/refclk_0_ibufgds/O
                         net (fo=2, routed)           1.121     2.079    skarab_infr/refclk_0
    MMCME2_ADV_X1Y5      MMCME2_ADV (Prop_mmcme2_adv_CLKIN1_CLKOUT0)
                                                      0.077     2.156 r  skarab_infr/USER_CLK_MMCM_inst/CLKOUT0
                         net (fo=1, routed)           1.463     3.619    skarab_infr/user_clk_mmcm
    BUFGCTRL_X0Y19       BUFG (Prop_bufg_I_O)         0.093     3.712 r  skarab_infr/user_clk_BUFG_inst/O
                         net (fo=7240, routed)        1.336     5.048    ethernet_one_gbe_skarab_axi_tx_one_gbe/kat_ten_gb_eth_0/tge_tx_inst/tx_packet_ctrl_fifo_inst/U0/inst_fifo_gen/gconvfifo.rf/grf.rf/gntv_or_sync_fifo.gcx.clkx/rd_pntr_cdc_inst/dest_clk
    SLICE_X52Y205        FDRE                                         r  ethernet_one_gbe_skarab_axi_tx_one_gbe/kat_ten_gb_eth_0/tge_tx_inst/tx_packet_ctrl_fifo_inst/U0/inst_fifo_gen/gconvfifo.rf/grf.rf/gntv_or_sync_fifo.gcx.clkx/rd_pntr_cdc_inst/dest_graysync_ff_reg[0][0]/C
                         clock pessimism             -0.103     4.945    
    SLICE_X52Y205        FDRE (Hold_fdre_C_D)         0.152     5.097    ethernet_one_gbe_skarab_axi_tx_one_gbe/kat_ten_gb_eth_0/tge_tx_inst/tx_packet_ctrl_fifo_inst/U0/inst_fifo_gen/gconvfifo.rf/grf.rf/gntv_or_sync_fifo.gcx.clkx/rd_pntr_cdc_inst/dest_graysync_ff_reg[0][0]
  -------------------------------------------------------------------
                         data arrival                           4.973    
                         clock arrival                          5.097    
  -------------------------------------------------------------------
                         relative delay                        -0.124    



Id: 6
set_bus_skew -from [get_cells [list {ethernet_one_gbe_skarab_axi_tx_one_gbe/kat_ten_gb_eth_0/tge_tx_inst/tx_packet_ctrl_fifo_inst/U0/inst_fifo_gen/gconvfifo.rf/grf.rf/gntv_or_sync_fifo.gcx.clkx/wr_pntr_cdc_inst/src_gray_ff_reg[0]} {ethernet_one_gbe_skarab_axi_tx_one_gbe/kat_ten_gb_eth_0/tge_tx_inst/tx_packet_ctrl_fifo_inst/U0/inst_fifo_gen/gconvfifo.rf/grf.rf/gntv_or_sync_fifo.gcx.clkx/wr_pntr_cdc_inst/src_gray_ff_reg[1]} {ethernet_one_gbe_skarab_axi_tx_one_gbe/kat_ten_gb_eth_0/tge_tx_inst/tx_packet_ctrl_fifo_inst/U0/inst_fifo_gen/gconvfifo.rf/grf.rf/gntv_or_sync_fifo.gcx.clkx/wr_pntr_cdc_inst/src_gray_ff_reg[2]} {ethernet_one_gbe_skarab_axi_tx_one_gbe/kat_ten_gb_eth_0/tge_tx_inst/tx_packet_ctrl_fifo_inst/U0/inst_fifo_gen/gconvfifo.rf/grf.rf/gntv_or_sync_fifo.gcx.clkx/wr_pntr_cdc_inst/src_gray_ff_reg[3]}]] -to [get_cells [list {ethernet_one_gbe_skarab_axi_tx_one_gbe/kat_ten_gb_eth_0/tge_tx_inst/tx_packet_ctrl_fifo_inst/U0/inst_fifo_gen/gconvfifo.rf/grf.rf/gntv_or_sync_fifo.gcx.clkx/wr_pntr_cdc_inst/dest_graysync_ff_reg[0][0]} {ethernet_one_gbe_skarab_axi_tx_one_gbe/kat_ten_gb_eth_0/tge_tx_inst/tx_packet_ctrl_fifo_inst/U0/inst_fifo_gen/gconvfifo.rf/grf.rf/gntv_or_sync_fifo.gcx.clkx/wr_pntr_cdc_inst/dest_graysync_ff_reg[0][1]} {ethernet_one_gbe_skarab_axi_tx_one_gbe/kat_ten_gb_eth_0/tge_tx_inst/tx_packet_ctrl_fifo_inst/U0/inst_fifo_gen/gconvfifo.rf/grf.rf/gntv_or_sync_fifo.gcx.clkx/wr_pntr_cdc_inst/dest_graysync_ff_reg[0][2]} {ethernet_one_gbe_skarab_axi_tx_one_gbe/kat_ten_gb_eth_0/tge_tx_inst/tx_packet_ctrl_fifo_inst/U0/inst_fifo_gen/gconvfifo.rf/grf.rf/gntv_or_sync_fifo.gcx.clkx/wr_pntr_cdc_inst/dest_graysync_ff_reg[0][3]}]] 4.335
Requirement: 4.335ns
Endpoints: 4

From Clock            To Clock              Endpoint Pin                    Reference Pin                   Corner  Actual(ns)  Slack(ns)
--------------------  --------------------  ------------------------------  ------------------------------  ------  ----------  ---------
user_clk_mmcm         sys_clk_mmcm          ethernet_one_gbe_skarab_axi_tx_one_gbe/kat_ten_gb_eth_0/tge_tx_inst/tx_packet_ctrl_fifo_inst/U0/inst_fifo_gen/gconvfifo.rf/grf.rf/gntv_or_sync_fifo.gcx.clkx/wr_pntr_cdc_inst/dest_graysync_ff_reg[0][1]/D
                                                                            ethernet_one_gbe_skarab_axi_tx_one_gbe/kat_ten_gb_eth_0/tge_tx_inst/tx_packet_ctrl_fifo_inst/U0/inst_fifo_gen/gconvfifo.rf/grf.rf/gntv_or_sync_fifo.gcx.clkx/wr_pntr_cdc_inst/dest_graysync_ff_reg[0][2]/D
                                                                                                            Slow         1.494      2.841


Slack (MET) :             2.841ns  (requirement - actual skew)
  Endpoint Source:        ethernet_one_gbe_skarab_axi_tx_one_gbe/kat_ten_gb_eth_0/tge_tx_inst/tx_packet_ctrl_fifo_inst/U0/inst_fifo_gen/gconvfifo.rf/grf.rf/gntv_or_sync_fifo.gcx.clkx/wr_pntr_cdc_inst/src_gray_ff_reg[1]/C
                            (rising edge-triggered cell FDRE clocked by user_clk_mmcm)
  Endpoint Destination:   ethernet_one_gbe_skarab_axi_tx_one_gbe/kat_ten_gb_eth_0/tge_tx_inst/tx_packet_ctrl_fifo_inst/U0/inst_fifo_gen/gconvfifo.rf/grf.rf/gntv_or_sync_fifo.gcx.clkx/wr_pntr_cdc_inst/dest_graysync_ff_reg[0][1]/D
                            (rising edge-triggered cell FDRE clocked by sys_clk_mmcm)
  Reference Source:       ethernet_one_gbe_skarab_axi_tx_one_gbe/kat_ten_gb_eth_0/tge_tx_inst/tx_packet_ctrl_fifo_inst/U0/inst_fifo_gen/gconvfifo.rf/grf.rf/gntv_or_sync_fifo.gcx.clkx/wr_pntr_cdc_inst/src_gray_ff_reg[2]/C
                            (rising edge-triggered cell FDRE clocked by user_clk_mmcm)
  Reference Destination:  ethernet_one_gbe_skarab_axi_tx_one_gbe/kat_ten_gb_eth_0/tge_tx_inst/tx_packet_ctrl_fifo_inst/U0/inst_fifo_gen/gconvfifo.rf/grf.rf/gntv_or_sync_fifo.gcx.clkx/wr_pntr_cdc_inst/dest_graysync_ff_reg[0][2]/D
                            (rising edge-triggered cell FDRE clocked by sys_clk_mmcm)
  Path Type:              Bus Skew (Max at Slow Process Corner)
  Requirement:            4.335ns
  Endpoint Relative Delay:    1.062ns
  Reference Relative Delay:  -0.034ns
  Relative CRPR:              0.648ns
  Uncertainty:                1.046ns
  Actual Bus Skew:            1.494ns  (Endpoint Relative Delay - Reference Relative Delay - Relative CRPR + Uncertainty)

Endpoint path:
    Location             Delay type                Incr(ns)  Path(ns)    Netlist Resource(s)
  -------------------------------------------------------------------    -------------------
                         (clock user_clk_mmcm rise edge)
                                                      0.000     0.000 r  
    AU15                                              0.000     0.000 r  FPGA_REFCLK_BUF0_P (IN)
                         net (fo=0)                   0.000     0.000    skarab_infr/FPGA_REFCLK_BUF0_P
    AU15                 IBUFDS (Prop_ibufds_I_O)     0.958     0.958 r  skarab_infr/refclk_0_ibufgds/O
                         net (fo=2, routed)           1.121     2.079    skarab_infr/refclk_0
    MMCME2_ADV_X1Y5      MMCME2_ADV (Prop_mmcme2_adv_CLKIN1_CLKOUT0)
                                                      0.077     2.156 r  skarab_infr/USER_CLK_MMCM_inst/CLKOUT0
                         net (fo=1, routed)           1.463     3.619    skarab_infr/user_clk_mmcm
    BUFGCTRL_X0Y19       BUFG (Prop_bufg_I_O)         0.093     3.712 r  skarab_infr/user_clk_BUFG_inst/O
                         net (fo=7240, routed)        1.332     5.044    ethernet_one_gbe_skarab_axi_tx_one_gbe/kat_ten_gb_eth_0/tge_tx_inst/tx_packet_ctrl_fifo_inst/U0/inst_fifo_gen/gconvfifo.rf/grf.rf/gntv_or_sync_fifo.gcx.clkx/wr_pntr_cdc_inst/src_clk
    SLICE_X56Y206        FDRE                                         r  ethernet_one_gbe_skarab_axi_tx_one_gbe/kat_ten_gb_eth_0/tge_tx_inst/tx_packet_ctrl_fifo_inst/U0/inst_fifo_gen/gconvfifo.rf/grf.rf/gntv_or_sync_fifo.gcx.clkx/wr_pntr_cdc_inst/src_gray_ff_reg[1]/C
  -------------------------------------------------------------------    -------------------
    SLICE_X56Y206        FDRE (Prop_fdre_C_Q)         0.236     5.280 r  ethernet_one_gbe_skarab_axi_tx_one_gbe/kat_ten_gb_eth_0/tge_tx_inst/tx_packet_ctrl_fifo_inst/U0/inst_fifo_gen/gconvfifo.rf/grf.rf/gntv_or_sync_fifo.gcx.clkx/wr_pntr_cdc_inst/src_gray_ff_reg[1]/Q
                         net (fo=1, routed)           0.369     5.649    ethernet_one_gbe_skarab_axi_tx_one_gbe/kat_ten_gb_eth_0/tge_tx_inst/tx_packet_ctrl_fifo_inst/U0/inst_fifo_gen/gconvfifo.rf/grf.rf/gntv_or_sync_fifo.gcx.clkx/wr_pntr_cdc_inst/async_path[1]
    SLICE_X56Y207        FDRE                                         r  ethernet_one_gbe_skarab_axi_tx_one_gbe/kat_ten_gb_eth_0/tge_tx_inst/tx_packet_ctrl_fifo_inst/U0/inst_fifo_gen/gconvfifo.rf/grf.rf/gntv_or_sync_fifo.gcx.clkx/wr_pntr_cdc_inst/dest_graysync_ff_reg[0][1]/D
  -------------------------------------------------------------------    -------------------

                         (clock sys_clk_mmcm rise edge)
                                                      0.000     0.000 r  
    AU15                                              0.000     0.000 r  FPGA_REFCLK_BUF0_P (IN)
                         net (fo=0)                   0.000     0.000    skarab_infr/FPGA_REFCLK_BUF0_P
    AU15                 IBUFDS (Prop_ibufds_I_O)     0.855     0.855 r  skarab_infr/refclk_0_ibufgds/O
                         net (fo=2, routed)           0.986     1.841    skarab_infr/refclk_0
    MMCME2_ADV_X1Y4      MMCME2_ADV (Prop_mmcme2_adv_CLKIN1_CLKOUT0)
                                                      0.073     1.914 r  skarab_infr/SYS_CLK_MMCM_inst/CLKOUT0
                         net (fo=1, routed)           1.350     3.264    skarab_infr/sys_clk_mmcm
    BUFGCTRL_X0Y0        BUFG (Prop_bufg_I_O)         0.083     3.347 r  skarab_infr/sys_clk_BUFG_inst/O
                         net (fo=2840, routed)        1.195     4.542    ethernet_one_gbe_skarab_axi_tx_one_gbe/kat_ten_gb_eth_0/tge_tx_inst/tx_packet_ctrl_fifo_inst/U0/inst_fifo_gen/gconvfifo.rf/grf.rf/gntv_or_sync_fifo.gcx.clkx/wr_pntr_cdc_inst/dest_clk
    SLICE_X56Y207        FDRE                                         r  ethernet_one_gbe_skarab_axi_tx_one_gbe/kat_ten_gb_eth_0/tge_tx_inst/tx_packet_ctrl_fifo_inst/U0/inst_fifo_gen/gconvfifo.rf/grf.rf/gntv_or_sync_fifo.gcx.clkx/wr_pntr_cdc_inst/dest_graysync_ff_reg[0][1]/C
                         clock pessimism              0.103     4.645    
    SLICE_X56Y207        FDRE (Setup_fdre_C_D)       -0.058     4.587    ethernet_one_gbe_skarab_axi_tx_one_gbe/kat_ten_gb_eth_0/tge_tx_inst/tx_packet_ctrl_fifo_inst/U0/inst_fifo_gen/gconvfifo.rf/grf.rf/gntv_or_sync_fifo.gcx.clkx/wr_pntr_cdc_inst/dest_graysync_ff_reg[0][1]
  -------------------------------------------------------------------
                         data arrival                           5.649    
                         clock arrival                          4.587    
  -------------------------------------------------------------------
                         relative delay                         1.062    

Reference path:
    Location             Delay type                Incr(ns)  Path(ns)    Netlist Resource(s)
  -------------------------------------------------------------------    -------------------
                         (clock user_clk_mmcm rise edge)
                                                      0.000     0.000 r  
    AU15                                              0.000     0.000 r  FPGA_REFCLK_BUF0_P (IN)
                         net (fo=0)                   0.000     0.000    skarab_infr/FPGA_REFCLK_BUF0_P
    AU15                 IBUFDS (Prop_ibufds_I_O)     0.855     0.855 r  skarab_infr/refclk_0_ibufgds/O
                         net (fo=2, routed)           1.018     1.873    skarab_infr/refclk_0
    MMCME2_ADV_X1Y5      MMCME2_ADV (Prop_mmcme2_adv_CLKIN1_CLKOUT0)
                                                      0.073     1.946 r  skarab_infr/USER_CLK_MMCM_inst/CLKOUT0
                         net (fo=1, routed)           1.350     3.296    skarab_infr/user_clk_mmcm
    BUFGCTRL_X0Y19       BUFG (Prop_bufg_I_O)         0.083     3.379 r  skarab_infr/user_clk_BUFG_inst/O
                         net (fo=7240, routed)        1.198     4.577    ethernet_one_gbe_skarab_axi_tx_one_gbe/kat_ten_gb_eth_0/tge_tx_inst/tx_packet_ctrl_fifo_inst/U0/inst_fifo_gen/gconvfifo.rf/grf.rf/gntv_or_sync_fifo.gcx.clkx/wr_pntr_cdc_inst/src_clk
    SLICE_X57Y203        FDRE                                         r  ethernet_one_gbe_skarab_axi_tx_one_gbe/kat_ten_gb_eth_0/tge_tx_inst/tx_packet_ctrl_fifo_inst/U0/inst_fifo_gen/gconvfifo.rf/grf.rf/gntv_or_sync_fifo.gcx.clkx/wr_pntr_cdc_inst/src_gray_ff_reg[2]/C
  -------------------------------------------------------------------    -------------------
    SLICE_X57Y203        FDRE (Prop_fdre_C_Q)         0.178     4.755 r  ethernet_one_gbe_skarab_axi_tx_one_gbe/kat_ten_gb_eth_0/tge_tx_inst/tx_packet_ctrl_fifo_inst/U0/inst_fifo_gen/gconvfifo.rf/grf.rf/gntv_or_sync_fifo.gcx.clkx/wr_pntr_cdc_inst/src_gray_ff_reg[2]/Q
                         net (fo=1, routed)           0.227     4.983    ethernet_one_gbe_skarab_axi_tx_one_gbe/kat_ten_gb_eth_0/tge_tx_inst/tx_packet_ctrl_fifo_inst/U0/inst_fifo_gen/gconvfifo.rf/grf.rf/gntv_or_sync_fifo.gcx.clkx/wr_pntr_cdc_inst/async_path[2]
    SLICE_X59Y203        FDRE                                         r  ethernet_one_gbe_skarab_axi_tx_one_gbe/kat_ten_gb_eth_0/tge_tx_inst/tx_packet_ctrl_fifo_inst/U0/inst_fifo_gen/gconvfifo.rf/grf.rf/gntv_or_sync_fifo.gcx.clkx/wr_pntr_cdc_inst/dest_graysync_ff_reg[0][2]/D
  -------------------------------------------------------------------    -------------------

                         (clock sys_clk_mmcm rise edge)
                                                      0.000     0.000 r  
    AU15                                              0.000     0.000 r  FPGA_REFCLK_BUF0_P (IN)
                         net (fo=0)                   0.000     0.000    skarab_infr/FPGA_REFCLK_BUF0_P
    AU15                 IBUFDS (Prop_ibufds_I_O)     0.958     0.958 r  skarab_infr/refclk_0_ibufgds/O
                         net (fo=2, routed)           1.081     2.039    skarab_infr/refclk_0
    MMCME2_ADV_X1Y4      MMCME2_ADV (Prop_mmcme2_adv_CLKIN1_CLKOUT0)
                                                      0.077     2.116 r  skarab_infr/SYS_CLK_MMCM_inst/CLKOUT0
                         net (fo=1, routed)           1.463     3.579    skarab_infr/sys_clk_mmcm
    BUFGCTRL_X0Y0        BUFG (Prop_bufg_I_O)         0.093     3.672 r  skarab_infr/sys_clk_BUFG_inst/O
                         net (fo=2840, routed)        1.329     5.001    ethernet_one_gbe_skarab_axi_tx_one_gbe/kat_ten_gb_eth_0/tge_tx_inst/tx_packet_ctrl_fifo_inst/U0/inst_fifo_gen/gconvfifo.rf/grf.rf/gntv_or_sync_fifo.gcx.clkx/wr_pntr_cdc_inst/dest_clk
    SLICE_X59Y203        FDRE                                         r  ethernet_one_gbe_skarab_axi_tx_one_gbe/kat_ten_gb_eth_0/tge_tx_inst/tx_packet_ctrl_fifo_inst/U0/inst_fifo_gen/gconvfifo.rf/grf.rf/gntv_or_sync_fifo.gcx.clkx/wr_pntr_cdc_inst/dest_graysync_ff_reg[0][2]/C
                         clock pessimism             -0.103     4.898    
    SLICE_X59Y203        FDRE (Hold_fdre_C_D)         0.118     5.016    ethernet_one_gbe_skarab_axi_tx_one_gbe/kat_ten_gb_eth_0/tge_tx_inst/tx_packet_ctrl_fifo_inst/U0/inst_fifo_gen/gconvfifo.rf/grf.rf/gntv_or_sync_fifo.gcx.clkx/wr_pntr_cdc_inst/dest_graysync_ff_reg[0][2]
  -------------------------------------------------------------------
                         data arrival                           4.983    
                         clock arrival                          5.016    
  -------------------------------------------------------------------
                         relative delay                        -0.034    



Id: 7
set_bus_skew -from [get_cells [list {ethernet_one_gbe_skarab_axi_tx_one_gbe/kat_ten_gb_eth_0/tge_tx_inst/tx_packet_fifo_inst/U0/inst_fifo_gen/gconvfifo.rf/grf.rf/gntv_or_sync_fifo.gcx.clkx/rd_pntr_cdc_inst/src_gray_ff_reg[0]} {ethernet_one_gbe_skarab_axi_tx_one_gbe/kat_ten_gb_eth_0/tge_tx_inst/tx_packet_fifo_inst/U0/inst_fifo_gen/gconvfifo.rf/grf.rf/gntv_or_sync_fifo.gcx.clkx/rd_pntr_cdc_inst/src_gray_ff_reg[1]} {ethernet_one_gbe_skarab_axi_tx_one_gbe/kat_ten_gb_eth_0/tge_tx_inst/tx_packet_fifo_inst/U0/inst_fifo_gen/gconvfifo.rf/grf.rf/gntv_or_sync_fifo.gcx.clkx/rd_pntr_cdc_inst/src_gray_ff_reg[2]} {ethernet_one_gbe_skarab_axi_tx_one_gbe/kat_ten_gb_eth_0/tge_tx_inst/tx_packet_fifo_inst/U0/inst_fifo_gen/gconvfifo.rf/grf.rf/gntv_or_sync_fifo.gcx.clkx/rd_pntr_cdc_inst/src_gray_ff_reg[3]} {ethernet_one_gbe_skarab_axi_tx_one_gbe/kat_ten_gb_eth_0/tge_tx_inst/tx_packet_fifo_inst/U0/inst_fifo_gen/gconvfifo.rf/grf.rf/gntv_or_sync_fifo.gcx.clkx/rd_pntr_cdc_inst/src_gray_ff_reg[4]} {ethernet_one_gbe_skarab_axi_tx_one_gbe/kat_ten_gb_eth_0/tge_tx_inst/tx_packet_fifo_inst/U0/inst_fifo_gen/gconvfifo.rf/grf.rf/gntv_or_sync_fifo.gcx.clkx/rd_pntr_cdc_inst/src_gray_ff_reg[5]} {ethernet_one_gbe_skarab_axi_tx_one_gbe/kat_ten_gb_eth_0/tge_tx_inst/tx_packet_fifo_inst/U0/inst_fifo_gen/gconvfifo.rf/grf.rf/gntv_or_sync_fifo.gcx.clkx/rd_pntr_cdc_inst/src_gray_ff_reg[6]} {ethernet_one_gbe_skarab_axi_tx_one_gbe/kat_ten_gb_eth_0/tge_tx_inst/tx_packet_fifo_inst/U0/inst_fifo_gen/gconvfifo.rf/grf.rf/gntv_or_sync_fifo.gcx.clkx/rd_pntr_cdc_inst/src_gray_ff_reg[7]} {ethernet_one_gbe_skarab_axi_tx_one_gbe/kat_ten_gb_eth_0/tge_tx_inst/tx_packet_fifo_inst/U0/inst_fifo_gen/gconvfifo.rf/grf.rf/gntv_or_sync_fifo.gcx.clkx/rd_pntr_cdc_inst/src_gray_ff_reg[8]} {ethernet_one_gbe_skarab_axi_tx_one_gbe/kat_ten_gb_eth_0/tge_tx_inst/tx_packet_fifo_inst/U0/inst_fifo_gen/gconvfifo.rf/grf.rf/gntv_or_sync_fifo.gcx.clkx/rd_pntr_cdc_inst/src_gray_ff_reg[9]}]] -to [get_cells [list {ethernet_one_gbe_skarab_axi_tx_one_gbe/kat_ten_gb_eth_0/tge_tx_inst/tx_packet_fifo_inst/U0/inst_fifo_gen/gconvfifo.rf/grf.rf/gntv_or_sync_fifo.gcx.clkx/rd_pntr_cdc_inst/dest_graysync_ff_reg[0][0]} {ethernet_one_gbe_skarab_axi_tx_one_gbe/kat_ten_gb_eth_0/tge_tx_inst/tx_packet_fifo_inst/U0/inst_fifo_gen/gconvfifo.rf/grf.rf/gntv_or_sync_fifo.gcx.clkx/rd_pntr_cdc_inst/dest_graysync_ff_reg[0][1]} {ethernet_one_gbe_skarab_axi_tx_one_gbe/kat_ten_gb_eth_0/tge_tx_inst/tx_packet_fifo_inst/U0/inst_fifo_gen/gconvfifo.rf/grf.rf/gntv_or_sync_fifo.gcx.clkx/rd_pntr_cdc_inst/dest_graysync_ff_reg[0][2]} {ethernet_one_gbe_skarab_axi_tx_one_gbe/kat_ten_gb_eth_0/tge_tx_inst/tx_packet_fifo_inst/U0/inst_fifo_gen/gconvfifo.rf/grf.rf/gntv_or_sync_fifo.gcx.clkx/rd_pntr_cdc_inst/dest_graysync_ff_reg[0][3]} {ethernet_one_gbe_skarab_axi_tx_one_gbe/kat_ten_gb_eth_0/tge_tx_inst/tx_packet_fifo_inst/U0/inst_fifo_gen/gconvfifo.rf/grf.rf/gntv_or_sync_fifo.gcx.clkx/rd_pntr_cdc_inst/dest_graysync_ff_reg[0][4]} {ethernet_one_gbe_skarab_axi_tx_one_gbe/kat_ten_gb_eth_0/tge_tx_inst/tx_packet_fifo_inst/U0/inst_fifo_gen/gconvfifo.rf/grf.rf/gntv_or_sync_fifo.gcx.clkx/rd_pntr_cdc_inst/dest_graysync_ff_reg[0][5]} {ethernet_one_gbe_skarab_axi_tx_one_gbe/kat_ten_gb_eth_0/tge_tx_inst/tx_packet_fifo_inst/U0/inst_fifo_gen/gconvfifo.rf/grf.rf/gntv_or_sync_fifo.gcx.clkx/rd_pntr_cdc_inst/dest_graysync_ff_reg[0][6]} {ethernet_one_gbe_skarab_axi_tx_one_gbe/kat_ten_gb_eth_0/tge_tx_inst/tx_packet_fifo_inst/U0/inst_fifo_gen/gconvfifo.rf/grf.rf/gntv_or_sync_fifo.gcx.clkx/rd_pntr_cdc_inst/dest_graysync_ff_reg[0][7]} {ethernet_one_gbe_skarab_axi_tx_one_gbe/kat_ten_gb_eth_0/tge_tx_inst/tx_packet_fifo_inst/U0/inst_fifo_gen/gconvfifo.rf/grf.rf/gntv_or_sync_fifo.gcx.clkx/rd_pntr_cdc_inst/dest_graysync_ff_reg[0][8]} {ethernet_one_gbe_skarab_axi_tx_one_gbe/kat_ten_gb_eth_0/tge_tx_inst/tx_packet_fifo_inst/U0/inst_fifo_gen/gconvfifo.rf/grf.rf/gntv_or_sync_fifo.gcx.clkx/rd_pntr_cdc_inst/dest_graysync_ff_reg[0][9]}]] 4.335
Requirement: 4.335ns
Endpoints: 10

From Clock            To Clock              Endpoint Pin                    Reference Pin                   Corner  Actual(ns)  Slack(ns)
--------------------  --------------------  ------------------------------  ------------------------------  ------  ----------  ---------
sys_clk_mmcm          user_clk_mmcm         ethernet_one_gbe_skarab_axi_tx_one_gbe/kat_ten_gb_eth_0/tge_tx_inst/tx_packet_fifo_inst/U0/inst_fifo_gen/gconvfifo.rf/grf.rf/gntv_or_sync_fifo.gcx.clkx/rd_pntr_cdc_inst/dest_graysync_ff_reg[0][5]/D
                                                                            ethernet_one_gbe_skarab_axi_tx_one_gbe/kat_ten_gb_eth_0/tge_tx_inst/tx_packet_fifo_inst/U0/inst_fifo_gen/gconvfifo.rf/grf.rf/gntv_or_sync_fifo.gcx.clkx/rd_pntr_cdc_inst/dest_graysync_ff_reg[0][9]/D
                                                                                                            Slow         1.488      2.847


Slack (MET) :             2.847ns  (requirement - actual skew)
  Endpoint Source:        ethernet_one_gbe_skarab_axi_tx_one_gbe/kat_ten_gb_eth_0/tge_tx_inst/tx_packet_fifo_inst/U0/inst_fifo_gen/gconvfifo.rf/grf.rf/gntv_or_sync_fifo.gcx.clkx/rd_pntr_cdc_inst/src_gray_ff_reg[5]/C
                            (rising edge-triggered cell FDRE clocked by sys_clk_mmcm)
  Endpoint Destination:   ethernet_one_gbe_skarab_axi_tx_one_gbe/kat_ten_gb_eth_0/tge_tx_inst/tx_packet_fifo_inst/U0/inst_fifo_gen/gconvfifo.rf/grf.rf/gntv_or_sync_fifo.gcx.clkx/rd_pntr_cdc_inst/dest_graysync_ff_reg[0][5]/D
                            (rising edge-triggered cell FDRE clocked by user_clk_mmcm)
  Reference Source:       ethernet_one_gbe_skarab_axi_tx_one_gbe/kat_ten_gb_eth_0/tge_tx_inst/tx_packet_fifo_inst/U0/inst_fifo_gen/gconvfifo.rf/grf.rf/gntv_or_sync_fifo.gcx.clkx/rd_pntr_cdc_inst/src_gray_ff_reg[9]/C
                            (rising edge-triggered cell FDRE clocked by sys_clk_mmcm)
  Reference Destination:  ethernet_one_gbe_skarab_axi_tx_one_gbe/kat_ten_gb_eth_0/tge_tx_inst/tx_packet_fifo_inst/U0/inst_fifo_gen/gconvfifo.rf/grf.rf/gntv_or_sync_fifo.gcx.clkx/rd_pntr_cdc_inst/dest_graysync_ff_reg[0][9]/D
                            (rising edge-triggered cell FDRE clocked by user_clk_mmcm)
  Path Type:              Bus Skew (Max at Slow Process Corner)
  Requirement:            4.335ns
  Endpoint Relative Delay:    0.991ns
  Reference Relative Delay:  -0.079ns
  Relative CRPR:              0.628ns
  Uncertainty:                1.046ns
  Actual Bus Skew:            1.488ns  (Endpoint Relative Delay - Reference Relative Delay - Relative CRPR + Uncertainty)

Endpoint path:
    Location             Delay type                Incr(ns)  Path(ns)    Netlist Resource(s)
  -------------------------------------------------------------------    -------------------
                         (clock sys_clk_mmcm rise edge)
                                                      0.000     0.000 r  
    AU15                                              0.000     0.000 r  FPGA_REFCLK_BUF0_P (IN)
                         net (fo=0)                   0.000     0.000    skarab_infr/FPGA_REFCLK_BUF0_P
    AU15                 IBUFDS (Prop_ibufds_I_O)     0.958     0.958 r  skarab_infr/refclk_0_ibufgds/O
                         net (fo=2, routed)           1.081     2.039    skarab_infr/refclk_0
    MMCME2_ADV_X1Y4      MMCME2_ADV (Prop_mmcme2_adv_CLKIN1_CLKOUT0)
                                                      0.077     2.116 r  skarab_infr/SYS_CLK_MMCM_inst/CLKOUT0
                         net (fo=1, routed)           1.463     3.579    skarab_infr/sys_clk_mmcm
    BUFGCTRL_X0Y0        BUFG (Prop_bufg_I_O)         0.093     3.672 r  skarab_infr/sys_clk_BUFG_inst/O
                         net (fo=2840, routed)        1.521     5.193    ethernet_one_gbe_skarab_axi_tx_one_gbe/kat_ten_gb_eth_0/tge_tx_inst/tx_packet_fifo_inst/U0/inst_fifo_gen/gconvfifo.rf/grf.rf/gntv_or_sync_fifo.gcx.clkx/rd_pntr_cdc_inst/src_clk
    SLICE_X49Y199        FDRE                                         r  ethernet_one_gbe_skarab_axi_tx_one_gbe/kat_ten_gb_eth_0/tge_tx_inst/tx_packet_fifo_inst/U0/inst_fifo_gen/gconvfifo.rf/grf.rf/gntv_or_sync_fifo.gcx.clkx/rd_pntr_cdc_inst/src_gray_ff_reg[5]/C
  -------------------------------------------------------------------    -------------------
    SLICE_X49Y199        FDRE (Prop_fdre_C_Q)         0.204     5.397 r  ethernet_one_gbe_skarab_axi_tx_one_gbe/kat_ten_gb_eth_0/tge_tx_inst/tx_packet_fifo_inst/U0/inst_fifo_gen/gconvfifo.rf/grf.rf/gntv_or_sync_fifo.gcx.clkx/rd_pntr_cdc_inst/src_gray_ff_reg[5]/Q
                         net (fo=1, routed)           0.367     5.764    ethernet_one_gbe_skarab_axi_tx_one_gbe/kat_ten_gb_eth_0/tge_tx_inst/tx_packet_fifo_inst/U0/inst_fifo_gen/gconvfifo.rf/grf.rf/gntv_or_sync_fifo.gcx.clkx/rd_pntr_cdc_inst/async_path[5]
    SLICE_X48Y199        FDRE                                         r  ethernet_one_gbe_skarab_axi_tx_one_gbe/kat_ten_gb_eth_0/tge_tx_inst/tx_packet_fifo_inst/U0/inst_fifo_gen/gconvfifo.rf/grf.rf/gntv_or_sync_fifo.gcx.clkx/rd_pntr_cdc_inst/dest_graysync_ff_reg[0][5]/D
  -------------------------------------------------------------------    -------------------

                         (clock user_clk_mmcm rise edge)
                                                      0.000     0.000 r  
    AU15                                              0.000     0.000 r  FPGA_REFCLK_BUF0_P (IN)
                         net (fo=0)                   0.000     0.000    skarab_infr/FPGA_REFCLK_BUF0_P
    AU15                 IBUFDS (Prop_ibufds_I_O)     0.855     0.855 r  skarab_infr/refclk_0_ibufgds/O
                         net (fo=2, routed)           1.018     1.873    skarab_infr/refclk_0
    MMCME2_ADV_X1Y5      MMCME2_ADV (Prop_mmcme2_adv_CLKIN1_CLKOUT0)
                                                      0.073     1.946 r  skarab_infr/USER_CLK_MMCM_inst/CLKOUT0
                         net (fo=1, routed)           1.350     3.296    skarab_infr/user_clk_mmcm
    BUFGCTRL_X0Y19       BUFG (Prop_bufg_I_O)         0.083     3.379 r  skarab_infr/user_clk_BUFG_inst/O
                         net (fo=7240, routed)        1.384     4.763    ethernet_one_gbe_skarab_axi_tx_one_gbe/kat_ten_gb_eth_0/tge_tx_inst/tx_packet_fifo_inst/U0/inst_fifo_gen/gconvfifo.rf/grf.rf/gntv_or_sync_fifo.gcx.clkx/rd_pntr_cdc_inst/dest_clk
    SLICE_X48Y199        FDRE                                         r  ethernet_one_gbe_skarab_axi_tx_one_gbe/kat_ten_gb_eth_0/tge_tx_inst/tx_packet_fifo_inst/U0/inst_fifo_gen/gconvfifo.rf/grf.rf/gntv_or_sync_fifo.gcx.clkx/rd_pntr_cdc_inst/dest_graysync_ff_reg[0][5]/C
                         clock pessimism              0.103     4.866    
    SLICE_X48Y199        FDRE (Setup_fdre_C_D)       -0.093     4.773    ethernet_one_gbe_skarab_axi_tx_one_gbe/kat_ten_gb_eth_0/tge_tx_inst/tx_packet_fifo_inst/U0/inst_fifo_gen/gconvfifo.rf/grf.rf/gntv_or_sync_fifo.gcx.clkx/rd_pntr_cdc_inst/dest_graysync_ff_reg[0][5]
  -------------------------------------------------------------------
                         data arrival                           5.764    
                         clock arrival                          4.773    
  -------------------------------------------------------------------
                         relative delay                         0.991    

Reference path:
    Location             Delay type                Incr(ns)  Path(ns)    Netlist Resource(s)
  -------------------------------------------------------------------    -------------------
                         (clock sys_clk_mmcm rise edge)
                                                      0.000     0.000 r  
    AU15                                              0.000     0.000 r  FPGA_REFCLK_BUF0_P (IN)
                         net (fo=0)                   0.000     0.000    skarab_infr/FPGA_REFCLK_BUF0_P
    AU15                 IBUFDS (Prop_ibufds_I_O)     0.855     0.855 r  skarab_infr/refclk_0_ibufgds/O
                         net (fo=2, routed)           0.986     1.841    skarab_infr/refclk_0
    MMCME2_ADV_X1Y4      MMCME2_ADV (Prop_mmcme2_adv_CLKIN1_CLKOUT0)
                                                      0.073     1.914 r  skarab_infr/SYS_CLK_MMCM_inst/CLKOUT0
                         net (fo=1, routed)           1.350     3.264    skarab_infr/sys_clk_mmcm
    BUFGCTRL_X0Y0        BUFG (Prop_bufg_I_O)         0.083     3.347 r  skarab_infr/sys_clk_BUFG_inst/O
                         net (fo=2840, routed)        1.430     4.777    ethernet_one_gbe_skarab_axi_tx_one_gbe/kat_ten_gb_eth_0/tge_tx_inst/tx_packet_fifo_inst/U0/inst_fifo_gen/gconvfifo.rf/grf.rf/gntv_or_sync_fifo.gcx.clkx/rd_pntr_cdc_inst/src_clk
    SLICE_X47Y199        FDRE                                         r  ethernet_one_gbe_skarab_axi_tx_one_gbe/kat_ten_gb_eth_0/tge_tx_inst/tx_packet_fifo_inst/U0/inst_fifo_gen/gconvfifo.rf/grf.rf/gntv_or_sync_fifo.gcx.clkx/rd_pntr_cdc_inst/src_gray_ff_reg[9]/C
  -------------------------------------------------------------------    -------------------
    SLICE_X47Y199        FDRE (Prop_fdre_C_Q)         0.162     4.939 r  ethernet_one_gbe_skarab_axi_tx_one_gbe/kat_ten_gb_eth_0/tge_tx_inst/tx_packet_fifo_inst/U0/inst_fifo_gen/gconvfifo.rf/grf.rf/gntv_or_sync_fifo.gcx.clkx/rd_pntr_cdc_inst/src_gray_ff_reg[9]/Q
                         net (fo=1, routed)           0.248     5.187    ethernet_one_gbe_skarab_axi_tx_one_gbe/kat_ten_gb_eth_0/tge_tx_inst/tx_packet_fifo_inst/U0/inst_fifo_gen/gconvfifo.rf/grf.rf/gntv_or_sync_fifo.gcx.clkx/rd_pntr_cdc_inst/async_path[9]
    SLICE_X46Y199        FDRE                                         r  ethernet_one_gbe_skarab_axi_tx_one_gbe/kat_ten_gb_eth_0/tge_tx_inst/tx_packet_fifo_inst/U0/inst_fifo_gen/gconvfifo.rf/grf.rf/gntv_or_sync_fifo.gcx.clkx/rd_pntr_cdc_inst/dest_graysync_ff_reg[0][9]/D
  -------------------------------------------------------------------    -------------------

                         (clock user_clk_mmcm rise edge)
                                                      0.000     0.000 r  
    AU15                                              0.000     0.000 r  FPGA_REFCLK_BUF0_P (IN)
                         net (fo=0)                   0.000     0.000    skarab_infr/FPGA_REFCLK_BUF0_P
    AU15                 IBUFDS (Prop_ibufds_I_O)     0.958     0.958 r  skarab_infr/refclk_0_ibufgds/O
                         net (fo=2, routed)           1.121     2.079    skarab_infr/refclk_0
    MMCME2_ADV_X1Y5      MMCME2_ADV (Prop_mmcme2_adv_CLKIN1_CLKOUT0)
                                                      0.077     2.156 r  skarab_infr/USER_CLK_MMCM_inst/CLKOUT0
                         net (fo=1, routed)           1.463     3.619    skarab_infr/user_clk_mmcm
    BUFGCTRL_X0Y19       BUFG (Prop_bufg_I_O)         0.093     3.712 r  skarab_infr/user_clk_BUFG_inst/O
                         net (fo=7240, routed)        1.570     5.282    ethernet_one_gbe_skarab_axi_tx_one_gbe/kat_ten_gb_eth_0/tge_tx_inst/tx_packet_fifo_inst/U0/inst_fifo_gen/gconvfifo.rf/grf.rf/gntv_or_sync_fifo.gcx.clkx/rd_pntr_cdc_inst/dest_clk
    SLICE_X46Y199        FDRE                                         r  ethernet_one_gbe_skarab_axi_tx_one_gbe/kat_ten_gb_eth_0/tge_tx_inst/tx_packet_fifo_inst/U0/inst_fifo_gen/gconvfifo.rf/grf.rf/gntv_or_sync_fifo.gcx.clkx/rd_pntr_cdc_inst/dest_graysync_ff_reg[0][9]/C
                         clock pessimism             -0.103     5.179    
    SLICE_X46Y199        FDRE (Hold_fdre_C_D)         0.087     5.266    ethernet_one_gbe_skarab_axi_tx_one_gbe/kat_ten_gb_eth_0/tge_tx_inst/tx_packet_fifo_inst/U0/inst_fifo_gen/gconvfifo.rf/grf.rf/gntv_or_sync_fifo.gcx.clkx/rd_pntr_cdc_inst/dest_graysync_ff_reg[0][9]
  -------------------------------------------------------------------
                         data arrival                           5.187    
                         clock arrival                          5.266    
  -------------------------------------------------------------------
                         relative delay                        -0.079    



Id: 8
set_bus_skew -from [get_cells [list {ethernet_one_gbe_skarab_axi_tx_one_gbe/kat_ten_gb_eth_0/tge_tx_inst/tx_packet_fifo_inst/U0/inst_fifo_gen/gconvfifo.rf/grf.rf/gntv_or_sync_fifo.gcx.clkx/wr_pntr_cdc_inst/src_gray_ff_reg[0]} {ethernet_one_gbe_skarab_axi_tx_one_gbe/kat_ten_gb_eth_0/tge_tx_inst/tx_packet_fifo_inst/U0/inst_fifo_gen/gconvfifo.rf/grf.rf/gntv_or_sync_fifo.gcx.clkx/wr_pntr_cdc_inst/src_gray_ff_reg[1]} {ethernet_one_gbe_skarab_axi_tx_one_gbe/kat_ten_gb_eth_0/tge_tx_inst/tx_packet_fifo_inst/U0/inst_fifo_gen/gconvfifo.rf/grf.rf/gntv_or_sync_fifo.gcx.clkx/wr_pntr_cdc_inst/src_gray_ff_reg[2]} {ethernet_one_gbe_skarab_axi_tx_one_gbe/kat_ten_gb_eth_0/tge_tx_inst/tx_packet_fifo_inst/U0/inst_fifo_gen/gconvfifo.rf/grf.rf/gntv_or_sync_fifo.gcx.clkx/wr_pntr_cdc_inst/src_gray_ff_reg[3]} {ethernet_one_gbe_skarab_axi_tx_one_gbe/kat_ten_gb_eth_0/tge_tx_inst/tx_packet_fifo_inst/U0/inst_fifo_gen/gconvfifo.rf/grf.rf/gntv_or_sync_fifo.gcx.clkx/wr_pntr_cdc_inst/src_gray_ff_reg[4]} {ethernet_one_gbe_skarab_axi_tx_one_gbe/kat_ten_gb_eth_0/tge_tx_inst/tx_packet_fifo_inst/U0/inst_fifo_gen/gconvfifo.rf/grf.rf/gntv_or_sync_fifo.gcx.clkx/wr_pntr_cdc_inst/src_gray_ff_reg[5]} {ethernet_one_gbe_skarab_axi_tx_one_gbe/kat_ten_gb_eth_0/tge_tx_inst/tx_packet_fifo_inst/U0/inst_fifo_gen/gconvfifo.rf/grf.rf/gntv_or_sync_fifo.gcx.clkx/wr_pntr_cdc_inst/src_gray_ff_reg[6]} {ethernet_one_gbe_skarab_axi_tx_one_gbe/kat_ten_gb_eth_0/tge_tx_inst/tx_packet_fifo_inst/U0/inst_fifo_gen/gconvfifo.rf/grf.rf/gntv_or_sync_fifo.gcx.clkx/wr_pntr_cdc_inst/src_gray_ff_reg[7]} {ethernet_one_gbe_skarab_axi_tx_one_gbe/kat_ten_gb_eth_0/tge_tx_inst/tx_packet_fifo_inst/U0/inst_fifo_gen/gconvfifo.rf/grf.rf/gntv_or_sync_fifo.gcx.clkx/wr_pntr_cdc_inst/src_gray_ff_reg[8]} {ethernet_one_gbe_skarab_axi_tx_one_gbe/kat_ten_gb_eth_0/tge_tx_inst/tx_packet_fifo_inst/U0/inst_fifo_gen/gconvfifo.rf/grf.rf/gntv_or_sync_fifo.gcx.clkx/wr_pntr_cdc_inst/src_gray_ff_reg[9]}]] -to [get_cells [list {ethernet_one_gbe_skarab_axi_tx_one_gbe/kat_ten_gb_eth_0/tge_tx_inst/tx_packet_fifo_inst/U0/inst_fifo_gen/gconvfifo.rf/grf.rf/gntv_or_sync_fifo.gcx.clkx/wr_pntr_cdc_inst/dest_graysync_ff_reg[0][0]} {ethernet_one_gbe_skarab_axi_tx_one_gbe/kat_ten_gb_eth_0/tge_tx_inst/tx_packet_fifo_inst/U0/inst_fifo_gen/gconvfifo.rf/grf.rf/gntv_or_sync_fifo.gcx.clkx/wr_pntr_cdc_inst/dest_graysync_ff_reg[0][1]} {ethernet_one_gbe_skarab_axi_tx_one_gbe/kat_ten_gb_eth_0/tge_tx_inst/tx_packet_fifo_inst/U0/inst_fifo_gen/gconvfifo.rf/grf.rf/gntv_or_sync_fifo.gcx.clkx/wr_pntr_cdc_inst/dest_graysync_ff_reg[0][2]} {ethernet_one_gbe_skarab_axi_tx_one_gbe/kat_ten_gb_eth_0/tge_tx_inst/tx_packet_fifo_inst/U0/inst_fifo_gen/gconvfifo.rf/grf.rf/gntv_or_sync_fifo.gcx.clkx/wr_pntr_cdc_inst/dest_graysync_ff_reg[0][3]} {ethernet_one_gbe_skarab_axi_tx_one_gbe/kat_ten_gb_eth_0/tge_tx_inst/tx_packet_fifo_inst/U0/inst_fifo_gen/gconvfifo.rf/grf.rf/gntv_or_sync_fifo.gcx.clkx/wr_pntr_cdc_inst/dest_graysync_ff_reg[0][4]} {ethernet_one_gbe_skarab_axi_tx_one_gbe/kat_ten_gb_eth_0/tge_tx_inst/tx_packet_fifo_inst/U0/inst_fifo_gen/gconvfifo.rf/grf.rf/gntv_or_sync_fifo.gcx.clkx/wr_pntr_cdc_inst/dest_graysync_ff_reg[0][5]} {ethernet_one_gbe_skarab_axi_tx_one_gbe/kat_ten_gb_eth_0/tge_tx_inst/tx_packet_fifo_inst/U0/inst_fifo_gen/gconvfifo.rf/grf.rf/gntv_or_sync_fifo.gcx.clkx/wr_pntr_cdc_inst/dest_graysync_ff_reg[0][6]} {ethernet_one_gbe_skarab_axi_tx_one_gbe/kat_ten_gb_eth_0/tge_tx_inst/tx_packet_fifo_inst/U0/inst_fifo_gen/gconvfifo.rf/grf.rf/gntv_or_sync_fifo.gcx.clkx/wr_pntr_cdc_inst/dest_graysync_ff_reg[0][7]} {ethernet_one_gbe_skarab_axi_tx_one_gbe/kat_ten_gb_eth_0/tge_tx_inst/tx_packet_fifo_inst/U0/inst_fifo_gen/gconvfifo.rf/grf.rf/gntv_or_sync_fifo.gcx.clkx/wr_pntr_cdc_inst/dest_graysync_ff_reg[0][8]} {ethernet_one_gbe_skarab_axi_tx_one_gbe/kat_ten_gb_eth_0/tge_tx_inst/tx_packet_fifo_inst/U0/inst_fifo_gen/gconvfifo.rf/grf.rf/gntv_or_sync_fifo.gcx.clkx/wr_pntr_cdc_inst/dest_graysync_ff_reg[0][9]}]] 4.335
Requirement: 4.335ns
Endpoints: 10

From Clock            To Clock              Endpoint Pin                    Reference Pin                   Corner  Actual(ns)  Slack(ns)
--------------------  --------------------  ------------------------------  ------------------------------  ------  ----------  ---------
user_clk_mmcm         sys_clk_mmcm          ethernet_one_gbe_skarab_axi_tx_one_gbe/kat_ten_gb_eth_0/tge_tx_inst/tx_packet_fifo_inst/U0/inst_fifo_gen/gconvfifo.rf/grf.rf/gntv_or_sync_fifo.gcx.clkx/wr_pntr_cdc_inst/dest_graysync_ff_reg[0][2]/D
                                                                            ethernet_one_gbe_skarab_axi_tx_one_gbe/kat_ten_gb_eth_0/tge_tx_inst/tx_packet_fifo_inst/U0/inst_fifo_gen/gconvfifo.rf/grf.rf/gntv_or_sync_fifo.gcx.clkx/wr_pntr_cdc_inst/dest_graysync_ff_reg[0][8]/D
                                                                                                            Slow         1.502      2.833


Slack (MET) :             2.833ns  (requirement - actual skew)
  Endpoint Source:        ethernet_one_gbe_skarab_axi_tx_one_gbe/kat_ten_gb_eth_0/tge_tx_inst/tx_packet_fifo_inst/U0/inst_fifo_gen/gconvfifo.rf/grf.rf/gntv_or_sync_fifo.gcx.clkx/wr_pntr_cdc_inst/src_gray_ff_reg[2]/C
                            (rising edge-triggered cell FDRE clocked by user_clk_mmcm)
  Endpoint Destination:   ethernet_one_gbe_skarab_axi_tx_one_gbe/kat_ten_gb_eth_0/tge_tx_inst/tx_packet_fifo_inst/U0/inst_fifo_gen/gconvfifo.rf/grf.rf/gntv_or_sync_fifo.gcx.clkx/wr_pntr_cdc_inst/dest_graysync_ff_reg[0][2]/D
                            (rising edge-triggered cell FDRE clocked by sys_clk_mmcm)
  Reference Source:       ethernet_one_gbe_skarab_axi_tx_one_gbe/kat_ten_gb_eth_0/tge_tx_inst/tx_packet_fifo_inst/U0/inst_fifo_gen/gconvfifo.rf/grf.rf/gntv_or_sync_fifo.gcx.clkx/wr_pntr_cdc_inst/src_gray_ff_reg[8]/C
                            (rising edge-triggered cell FDRE clocked by user_clk_mmcm)
  Reference Destination:  ethernet_one_gbe_skarab_axi_tx_one_gbe/kat_ten_gb_eth_0/tge_tx_inst/tx_packet_fifo_inst/U0/inst_fifo_gen/gconvfifo.rf/grf.rf/gntv_or_sync_fifo.gcx.clkx/wr_pntr_cdc_inst/dest_graysync_ff_reg[0][8]/D
                            (rising edge-triggered cell FDRE clocked by sys_clk_mmcm)
  Path Type:              Bus Skew (Max at Slow Process Corner)
  Requirement:            4.335ns
  Endpoint Relative Delay:    1.108ns
  Reference Relative Delay:   0.024ns
  Relative CRPR:              0.628ns
  Uncertainty:                1.046ns
  Actual Bus Skew:            1.502ns  (Endpoint Relative Delay - Reference Relative Delay - Relative CRPR + Uncertainty)

Endpoint path:
    Location             Delay type                Incr(ns)  Path(ns)    Netlist Resource(s)
  -------------------------------------------------------------------    -------------------
                         (clock user_clk_mmcm rise edge)
                                                      0.000     0.000 r  
    AU15                                              0.000     0.000 r  FPGA_REFCLK_BUF0_P (IN)
                         net (fo=0)                   0.000     0.000    skarab_infr/FPGA_REFCLK_BUF0_P
    AU15                 IBUFDS (Prop_ibufds_I_O)     0.958     0.958 r  skarab_infr/refclk_0_ibufgds/O
                         net (fo=2, routed)           1.121     2.079    skarab_infr/refclk_0
    MMCME2_ADV_X1Y5      MMCME2_ADV (Prop_mmcme2_adv_CLKIN1_CLKOUT0)
                                                      0.077     2.156 r  skarab_infr/USER_CLK_MMCM_inst/CLKOUT0
                         net (fo=1, routed)           1.463     3.619    skarab_infr/user_clk_mmcm
    BUFGCTRL_X0Y19       BUFG (Prop_bufg_I_O)         0.093     3.712 r  skarab_infr/user_clk_BUFG_inst/O
                         net (fo=7240, routed)        1.570     5.282    ethernet_one_gbe_skarab_axi_tx_one_gbe/kat_ten_gb_eth_0/tge_tx_inst/tx_packet_fifo_inst/U0/inst_fifo_gen/gconvfifo.rf/grf.rf/gntv_or_sync_fifo.gcx.clkx/wr_pntr_cdc_inst/src_clk
    SLICE_X46Y194        FDRE                                         r  ethernet_one_gbe_skarab_axi_tx_one_gbe/kat_ten_gb_eth_0/tge_tx_inst/tx_packet_fifo_inst/U0/inst_fifo_gen/gconvfifo.rf/grf.rf/gntv_or_sync_fifo.gcx.clkx/wr_pntr_cdc_inst/src_gray_ff_reg[2]/C
  -------------------------------------------------------------------    -------------------
    SLICE_X46Y194        FDRE (Prop_fdre_C_Q)         0.259     5.541 r  ethernet_one_gbe_skarab_axi_tx_one_gbe/kat_ten_gb_eth_0/tge_tx_inst/tx_packet_fifo_inst/U0/inst_fifo_gen/gconvfifo.rf/grf.rf/gntv_or_sync_fifo.gcx.clkx/wr_pntr_cdc_inst/src_gray_ff_reg[2]/Q
                         net (fo=1, routed)           0.469     6.010    ethernet_one_gbe_skarab_axi_tx_one_gbe/kat_ten_gb_eth_0/tge_tx_inst/tx_packet_fifo_inst/U0/inst_fifo_gen/gconvfifo.rf/grf.rf/gntv_or_sync_fifo.gcx.clkx/wr_pntr_cdc_inst/async_path[2]
    SLICE_X46Y195        FDRE                                         r  ethernet_one_gbe_skarab_axi_tx_one_gbe/kat_ten_gb_eth_0/tge_tx_inst/tx_packet_fifo_inst/U0/inst_fifo_gen/gconvfifo.rf/grf.rf/gntv_or_sync_fifo.gcx.clkx/wr_pntr_cdc_inst/dest_graysync_ff_reg[0][2]/D
  -------------------------------------------------------------------    -------------------

                         (clock sys_clk_mmcm rise edge)
                                                      0.000     0.000 r  
    AU15                                              0.000     0.000 r  FPGA_REFCLK_BUF0_P (IN)
                         net (fo=0)                   0.000     0.000    skarab_infr/FPGA_REFCLK_BUF0_P
    AU15                 IBUFDS (Prop_ibufds_I_O)     0.855     0.855 r  skarab_infr/refclk_0_ibufgds/O
                         net (fo=2, routed)           0.986     1.841    skarab_infr/refclk_0
    MMCME2_ADV_X1Y4      MMCME2_ADV (Prop_mmcme2_adv_CLKIN1_CLKOUT0)
                                                      0.073     1.914 r  skarab_infr/SYS_CLK_MMCM_inst/CLKOUT0
                         net (fo=1, routed)           1.350     3.264    skarab_infr/sys_clk_mmcm
    BUFGCTRL_X0Y0        BUFG (Prop_bufg_I_O)         0.083     3.347 r  skarab_infr/sys_clk_BUFG_inst/O
                         net (fo=2840, routed)        1.430     4.777    ethernet_one_gbe_skarab_axi_tx_one_gbe/kat_ten_gb_eth_0/tge_tx_inst/tx_packet_fifo_inst/U0/inst_fifo_gen/gconvfifo.rf/grf.rf/gntv_or_sync_fifo.gcx.clkx/wr_pntr_cdc_inst/dest_clk
    SLICE_X46Y195        FDRE                                         r  ethernet_one_gbe_skarab_axi_tx_one_gbe/kat_ten_gb_eth_0/tge_tx_inst/tx_packet_fifo_inst/U0/inst_fifo_gen/gconvfifo.rf/grf.rf/gntv_or_sync_fifo.gcx.clkx/wr_pntr_cdc_inst/dest_graysync_ff_reg[0][2]/C
                         clock pessimism              0.103     4.880    
    SLICE_X46Y195        FDRE (Setup_fdre_C_D)        0.022     4.902    ethernet_one_gbe_skarab_axi_tx_one_gbe/kat_ten_gb_eth_0/tge_tx_inst/tx_packet_fifo_inst/U0/inst_fifo_gen/gconvfifo.rf/grf.rf/gntv_or_sync_fifo.gcx.clkx/wr_pntr_cdc_inst/dest_graysync_ff_reg[0][2]
  -------------------------------------------------------------------
                         data arrival                           6.010    
                         clock arrival                          4.902    
  -------------------------------------------------------------------
                         relative delay                         1.108    

Reference path:
    Location             Delay type                Incr(ns)  Path(ns)    Netlist Resource(s)
  -------------------------------------------------------------------    -------------------
                         (clock user_clk_mmcm rise edge)
                                                      0.000     0.000 r  
    AU15                                              0.000     0.000 r  FPGA_REFCLK_BUF0_P (IN)
                         net (fo=0)                   0.000     0.000    skarab_infr/FPGA_REFCLK_BUF0_P
    AU15                 IBUFDS (Prop_ibufds_I_O)     0.855     0.855 r  skarab_infr/refclk_0_ibufgds/O
                         net (fo=2, routed)           1.018     1.873    skarab_infr/refclk_0
    MMCME2_ADV_X1Y5      MMCME2_ADV (Prop_mmcme2_adv_CLKIN1_CLKOUT0)
                                                      0.073     1.946 r  skarab_infr/USER_CLK_MMCM_inst/CLKOUT0
                         net (fo=1, routed)           1.350     3.296    skarab_infr/user_clk_mmcm
    BUFGCTRL_X0Y19       BUFG (Prop_bufg_I_O)         0.083     3.379 r  skarab_infr/user_clk_BUFG_inst/O
                         net (fo=7240, routed)        1.433     4.812    ethernet_one_gbe_skarab_axi_tx_one_gbe/kat_ten_gb_eth_0/tge_tx_inst/tx_packet_fifo_inst/U0/inst_fifo_gen/gconvfifo.rf/grf.rf/gntv_or_sync_fifo.gcx.clkx/wr_pntr_cdc_inst/src_clk
    SLICE_X44Y195        FDRE                                         r  ethernet_one_gbe_skarab_axi_tx_one_gbe/kat_ten_gb_eth_0/tge_tx_inst/tx_packet_fifo_inst/U0/inst_fifo_gen/gconvfifo.rf/grf.rf/gntv_or_sync_fifo.gcx.clkx/wr_pntr_cdc_inst/src_gray_ff_reg[8]/C
  -------------------------------------------------------------------    -------------------
    SLICE_X44Y195        FDRE (Prop_fdre_C_Q)         0.206     5.018 r  ethernet_one_gbe_skarab_axi_tx_one_gbe/kat_ten_gb_eth_0/tge_tx_inst/tx_packet_fifo_inst/U0/inst_fifo_gen/gconvfifo.rf/grf.rf/gntv_or_sync_fifo.gcx.clkx/wr_pntr_cdc_inst/src_gray_ff_reg[8]/Q
                         net (fo=1, routed)           0.296     5.314    ethernet_one_gbe_skarab_axi_tx_one_gbe/kat_ten_gb_eth_0/tge_tx_inst/tx_packet_fifo_inst/U0/inst_fifo_gen/gconvfifo.rf/grf.rf/gntv_or_sync_fifo.gcx.clkx/wr_pntr_cdc_inst/async_path[8]
    SLICE_X44Y197        FDRE                                         r  ethernet_one_gbe_skarab_axi_tx_one_gbe/kat_ten_gb_eth_0/tge_tx_inst/tx_packet_fifo_inst/U0/inst_fifo_gen/gconvfifo.rf/grf.rf/gntv_or_sync_fifo.gcx.clkx/wr_pntr_cdc_inst/dest_graysync_ff_reg[0][8]/D
  -------------------------------------------------------------------    -------------------

                         (clock sys_clk_mmcm rise edge)
                                                      0.000     0.000 r  
    AU15                                              0.000     0.000 r  FPGA_REFCLK_BUF0_P (IN)
                         net (fo=0)                   0.000     0.000    skarab_infr/FPGA_REFCLK_BUF0_P
    AU15                 IBUFDS (Prop_ibufds_I_O)     0.958     0.958 r  skarab_infr/refclk_0_ibufgds/O
                         net (fo=2, routed)           1.081     2.039    skarab_infr/refclk_0
    MMCME2_ADV_X1Y4      MMCME2_ADV (Prop_mmcme2_adv_CLKIN1_CLKOUT0)
                                                      0.077     2.116 r  skarab_infr/SYS_CLK_MMCM_inst/CLKOUT0
                         net (fo=1, routed)           1.463     3.579    skarab_infr/sys_clk_mmcm
    BUFGCTRL_X0Y0        BUFG (Prop_bufg_I_O)         0.093     3.672 r  skarab_infr/sys_clk_BUFG_inst/O
                         net (fo=2840, routed)        1.569     5.241    ethernet_one_gbe_skarab_axi_tx_one_gbe/kat_ten_gb_eth_0/tge_tx_inst/tx_packet_fifo_inst/U0/inst_fifo_gen/gconvfifo.rf/grf.rf/gntv_or_sync_fifo.gcx.clkx/wr_pntr_cdc_inst/dest_clk
    SLICE_X44Y197        FDRE                                         r  ethernet_one_gbe_skarab_axi_tx_one_gbe/kat_ten_gb_eth_0/tge_tx_inst/tx_packet_fifo_inst/U0/inst_fifo_gen/gconvfifo.rf/grf.rf/gntv_or_sync_fifo.gcx.clkx/wr_pntr_cdc_inst/dest_graysync_ff_reg[0][8]/C
                         clock pessimism             -0.103     5.138    
    SLICE_X44Y197        FDRE (Hold_fdre_C_D)         0.152     5.290    ethernet_one_gbe_skarab_axi_tx_one_gbe/kat_ten_gb_eth_0/tge_tx_inst/tx_packet_fifo_inst/U0/inst_fifo_gen/gconvfifo.rf/grf.rf/gntv_or_sync_fifo.gcx.clkx/wr_pntr_cdc_inst/dest_graysync_ff_reg[0][8]
  -------------------------------------------------------------------
                         data arrival                           5.314    
                         clock arrival                          5.290    
  -------------------------------------------------------------------
                         relative delay                         0.024    



