Copyright 1986-2019 Xilinx, Inc. All Rights Reserved.
---------------------------------------------------------------------------------------------------
| Tool Version : Vivado v.2019.1 (lin64) Build 2552052 Fri May 24 14:47:09 MDT 2019
| Date         : Tue Aug  4 22:34:10 2026
| Host         : valmyrsilva07-B760M-AORUS-ELITE running 64-bit Ubuntu 20.04.6 LTS
| Command      : report_drc -file top_drc_routed.rpt -pb top_drc_routed.pb -rpx top_drc_routed.rpx
| Design       : top
| Device       : xc7vx690tffg1927-2
| Speed File   : -2
| Design State : Fully Routed
---------------------------------------------------------------------------------------------------

Report DRC

Table of Contents
-----------------
1. REPORT SUMMARY
2. REPORT DETAILS

1. REPORT SUMMARY
-----------------
            Netlist: netlist
          Floorplan: checkpoint_top
      Design limits: <entire design considered>
           Ruledeck: default
             Max violations: <unlimited>
             Violations found: 304
+-----------+----------+-----------------------------------------------------------------+------------+
| Rule      | Severity | Description                                                     | Violations |
+-----------+----------+-----------------------------------------------------------------+------------+
| CHECK-3   | Warning  | Report rule limit reached                                       | 2          |
| PDRC-153  | Warning  | Gated clock check                                               | 256        |
| REQP-1839 | Warning  | RAMB36 async control check                                      | 20         |
| REQP-1840 | Warning  | RAMB18 async control check                                      | 20         |
| RTSTAT-10 | Warning  | No routable loads                                               | 1          |
| AVAL-5    | Advisory | enum_USE_MULT_NONE_enum_DREG_ADREG_0_connects_CED_CEAD_RSTD_GND | 5          |
+-----------+----------+-----------------------------------------------------------------+------------+

2. REPORT DETAILS
-----------------
CHECK-3#1 Warning
Report rule limit reached  
REQP-1839 rule limit reached: 20 violations have been found.
Related violations: <none>

CHECK-3#2 Warning
Report rule limit reached  
REQP-1840 rule limit reached: 20 violations have been found.
Related violations: <none>

PDRC-153#1 Warning
Gated clock check  
Net ethernet_one_gbe_skarab_axi_inst/ethernet_one_gbe_skarab_axi_struct/system_control_one_gbe_skarab2/control_axi_stream_gbe_inst/mem_tmp_reg[0][7]_i_1_n_0 is a gated clock net sourced by a combinational pin ethernet_one_gbe_skarab_axi_inst/ethernet_one_gbe_skarab_axi_struct/system_control_one_gbe_skarab2/control_axi_stream_gbe_inst/mem_tmp_reg[0][7]_i_1/O, cell ethernet_one_gbe_skarab_axi_inst/ethernet_one_gbe_skarab_axi_struct/system_control_one_gbe_skarab2/control_axi_stream_gbe_inst/mem_tmp_reg[0][7]_i_1. This is not good design practice and will likely impact performance. For SLICE registers, for example, use the CE pin to control the loading of data.
Related violations: <none>

PDRC-153#2 Warning
Gated clock check  
Net ethernet_one_gbe_skarab_axi_inst/ethernet_one_gbe_skarab_axi_struct/system_control_one_gbe_skarab2/control_axi_stream_gbe_inst/mem_tmp_reg[100][7]_i_1_n_0 is a gated clock net sourced by a combinational pin ethernet_one_gbe_skarab_axi_inst/ethernet_one_gbe_skarab_axi_struct/system_control_one_gbe_skarab2/control_axi_stream_gbe_inst/mem_tmp_reg[100][7]_i_1/O, cell ethernet_one_gbe_skarab_axi_inst/ethernet_one_gbe_skarab_axi_struct/system_control_one_gbe_skarab2/control_axi_stream_gbe_inst/mem_tmp_reg[100][7]_i_1. This is not good design practice and will likely impact performance. For SLICE registers, for example, use the CE pin to control the loading of data.
Related violations: <none>

PDRC-153#3 Warning
Gated clock check  
Net ethernet_one_gbe_skarab_axi_inst/ethernet_one_gbe_skarab_axi_struct/system_control_one_gbe_skarab2/control_axi_stream_gbe_inst/mem_tmp_reg[101][7]_i_1_n_0 is a gated clock net sourced by a combinational pin ethernet_one_gbe_skarab_axi_inst/ethernet_one_gbe_skarab_axi_struct/system_control_one_gbe_skarab2/control_axi_stream_gbe_inst/mem_tmp_reg[101][7]_i_1/O, cell ethernet_one_gbe_skarab_axi_inst/ethernet_one_gbe_skarab_axi_struct/system_control_one_gbe_skarab2/control_axi_stream_gbe_inst/mem_tmp_reg[101][7]_i_1. This is not good design practice and will likely impact performance. For SLICE registers, for example, use the CE pin to control the loading of data.
Related violations: <none>

PDRC-153#4 Warning
Gated clock check  
Net ethernet_one_gbe_skarab_axi_inst/ethernet_one_gbe_skarab_axi_struct/system_control_one_gbe_skarab2/control_axi_stream_gbe_inst/mem_tmp_reg[102][7]_i_1_n_0 is a gated clock net sourced by a combinational pin ethernet_one_gbe_skarab_axi_inst/ethernet_one_gbe_skarab_axi_struct/system_control_one_gbe_skarab2/control_axi_stream_gbe_inst/mem_tmp_reg[102][7]_i_1/O, cell ethernet_one_gbe_skarab_axi_inst/ethernet_one_gbe_skarab_axi_struct/system_control_one_gbe_skarab2/control_axi_stream_gbe_inst/mem_tmp_reg[102][7]_i_1. This is not good design practice and will likely impact performance. For SLICE registers, for example, use the CE pin to control the loading of data.
Related violations: <none>

PDRC-153#5 Warning
Gated clock check  
Net ethernet_one_gbe_skarab_axi_inst/ethernet_one_gbe_skarab_axi_struct/system_control_one_gbe_skarab2/control_axi_stream_gbe_inst/mem_tmp_reg[103][7]_i_1_n_0 is a gated clock net sourced by a combinational pin ethernet_one_gbe_skarab_axi_inst/ethernet_one_gbe_skarab_axi_struct/system_control_one_gbe_skarab2/control_axi_stream_gbe_inst/mem_tmp_reg[103][7]_i_1/O, cell ethernet_one_gbe_skarab_axi_inst/ethernet_one_gbe_skarab_axi_struct/system_control_one_gbe_skarab2/control_axi_stream_gbe_inst/mem_tmp_reg[103][7]_i_1. This is not good design practice and will likely impact performance. For SLICE registers, for example, use the CE pin to control the loading of data.
Related violations: <none>

PDRC-153#6 Warning
Gated clock check  
Net ethernet_one_gbe_skarab_axi_inst/ethernet_one_gbe_skarab_axi_struct/system_control_one_gbe_skarab2/control_axi_stream_gbe_inst/mem_tmp_reg[104][7]_i_1_n_0 is a gated clock net sourced by a combinational pin ethernet_one_gbe_skarab_axi_inst/ethernet_one_gbe_skarab_axi_struct/system_control_one_gbe_skarab2/control_axi_stream_gbe_inst/mem_tmp_reg[104][7]_i_1/O, cell ethernet_one_gbe_skarab_axi_inst/ethernet_one_gbe_skarab_axi_struct/system_control_one_gbe_skarab2/control_axi_stream_gbe_inst/mem_tmp_reg[104][7]_i_1. This is not good design practice and will likely impact performance. For SLICE registers, for example, use the CE pin to control the loading of data.
Related violations: <none>

PDRC-153#7 Warning
Gated clock check  
Net ethernet_one_gbe_skarab_axi_inst/ethernet_one_gbe_skarab_axi_struct/system_control_one_gbe_skarab2/control_axi_stream_gbe_inst/mem_tmp_reg[105][7]_i_1_n_0 is a gated clock net sourced by a combinational pin ethernet_one_gbe_skarab_axi_inst/ethernet_one_gbe_skarab_axi_struct/system_control_one_gbe_skarab2/control_axi_stream_gbe_inst/mem_tmp_reg[105][7]_i_1/O, cell ethernet_one_gbe_skarab_axi_inst/ethernet_one_gbe_skarab_axi_struct/system_control_one_gbe_skarab2/control_axi_stream_gbe_inst/mem_tmp_reg[105][7]_i_1. This is not good design practice and will likely impact performance. For SLICE registers, for example, use the CE pin to control the loading of data.
Related violations: <none>

PDRC-153#8 Warning
Gated clock check  
Net ethernet_one_gbe_skarab_axi_inst/ethernet_one_gbe_skarab_axi_struct/system_control_one_gbe_skarab2/control_axi_stream_gbe_inst/mem_tmp_reg[106][7]_i_1_n_0 is a gated clock net sourced by a combinational pin ethernet_one_gbe_skarab_axi_inst/ethernet_one_gbe_skarab_axi_struct/system_control_one_gbe_skarab2/control_axi_stream_gbe_inst/mem_tmp_reg[106][7]_i_1/O, cell ethernet_one_gbe_skarab_axi_inst/ethernet_one_gbe_skarab_axi_struct/system_control_one_gbe_skarab2/control_axi_stream_gbe_inst/mem_tmp_reg[106][7]_i_1. This is not good design practice and will likely impact performance. For SLICE registers, for example, use the CE pin to control the loading of data.
Related violations: <none>

PDRC-153#9 Warning
Gated clock check  
Net ethernet_one_gbe_skarab_axi_inst/ethernet_one_gbe_skarab_axi_struct/system_control_one_gbe_skarab2/control_axi_stream_gbe_inst/mem_tmp_reg[107][7]_i_1_n_0 is a gated clock net sourced by a combinational pin ethernet_one_gbe_skarab_axi_inst/ethernet_one_gbe_skarab_axi_struct/system_control_one_gbe_skarab2/control_axi_stream_gbe_inst/mem_tmp_reg[107][7]_i_1/O, cell ethernet_one_gbe_skarab_axi_inst/ethernet_one_gbe_skarab_axi_struct/system_control_one_gbe_skarab2/control_axi_stream_gbe_inst/mem_tmp_reg[107][7]_i_1. This is not good design practice and will likely impact performance. For SLICE registers, for example, use the CE pin to control the loading of data.
Related violations: <none>

PDRC-153#10 Warning
Gated clock check  
Net ethernet_one_gbe_skarab_axi_inst/ethernet_one_gbe_skarab_axi_struct/system_control_one_gbe_skarab2/control_axi_stream_gbe_inst/mem_tmp_reg[108][7]_i_1_n_0 is a gated clock net sourced by a combinational pin ethernet_one_gbe_skarab_axi_inst/ethernet_one_gbe_skarab_axi_struct/system_control_one_gbe_skarab2/control_axi_stream_gbe_inst/mem_tmp_reg[108][7]_i_1/O, cell ethernet_one_gbe_skarab_axi_inst/ethernet_one_gbe_skarab_axi_struct/system_control_one_gbe_skarab2/control_axi_stream_gbe_inst/mem_tmp_reg[108][7]_i_1. This is not good design practice and will likely impact performance. For SLICE registers, for example, use the CE pin to control the loading of data.
Related violations: <none>

PDRC-153#11 Warning
Gated clock check  
Net ethernet_one_gbe_skarab_axi_inst/ethernet_one_gbe_skarab_axi_struct/system_control_one_gbe_skarab2/control_axi_stream_gbe_inst/mem_tmp_reg[109][7]_i_1_n_0 is a gated clock net sourced by a combinational pin ethernet_one_gbe_skarab_axi_inst/ethernet_one_gbe_skarab_axi_struct/system_control_one_gbe_skarab2/control_axi_stream_gbe_inst/mem_tmp_reg[109][7]_i_1/O, cell ethernet_one_gbe_skarab_axi_inst/ethernet_one_gbe_skarab_axi_struct/system_control_one_gbe_skarab2/control_axi_stream_gbe_inst/mem_tmp_reg[109][7]_i_1. This is not good design practice and will likely impact performance. For SLICE registers, for example, use the CE pin to control the loading of data.
Related violations: <none>

PDRC-153#12 Warning
Gated clock check  
Net ethernet_one_gbe_skarab_axi_inst/ethernet_one_gbe_skarab_axi_struct/system_control_one_gbe_skarab2/control_axi_stream_gbe_inst/mem_tmp_reg[10][7]_i_1_n_0 is a gated clock net sourced by a combinational pin ethernet_one_gbe_skarab_axi_inst/ethernet_one_gbe_skarab_axi_struct/system_control_one_gbe_skarab2/control_axi_stream_gbe_inst/mem_tmp_reg[10][7]_i_1/O, cell ethernet_one_gbe_skarab_axi_inst/ethernet_one_gbe_skarab_axi_struct/system_control_one_gbe_skarab2/control_axi_stream_gbe_inst/mem_tmp_reg[10][7]_i_1. This is not good design practice and will likely impact performance. For SLICE registers, for example, use the CE pin to control the loading of data.
Related violations: <none>

PDRC-153#13 Warning
Gated clock check  
Net ethernet_one_gbe_skarab_axi_inst/ethernet_one_gbe_skarab_axi_struct/system_control_one_gbe_skarab2/control_axi_stream_gbe_inst/mem_tmp_reg[110][7]_i_1_n_0 is a gated clock net sourced by a combinational pin ethernet_one_gbe_skarab_axi_inst/ethernet_one_gbe_skarab_axi_struct/system_control_one_gbe_skarab2/control_axi_stream_gbe_inst/mem_tmp_reg[110][7]_i_1/O, cell ethernet_one_gbe_skarab_axi_inst/ethernet_one_gbe_skarab_axi_struct/system_control_one_gbe_skarab2/control_axi_stream_gbe_inst/mem_tmp_reg[110][7]_i_1. This is not good design practice and will likely impact performance. For SLICE registers, for example, use the CE pin to control the loading of data.
Related violations: <none>

PDRC-153#14 Warning
Gated clock check  
Net ethernet_one_gbe_skarab_axi_inst/ethernet_one_gbe_skarab_axi_struct/system_control_one_gbe_skarab2/control_axi_stream_gbe_inst/mem_tmp_reg[111][7]_i_1_n_0 is a gated clock net sourced by a combinational pin ethernet_one_gbe_skarab_axi_inst/ethernet_one_gbe_skarab_axi_struct/system_control_one_gbe_skarab2/control_axi_stream_gbe_inst/mem_tmp_reg[111][7]_i_1/O, cell ethernet_one_gbe_skarab_axi_inst/ethernet_one_gbe_skarab_axi_struct/system_control_one_gbe_skarab2/control_axi_stream_gbe_inst/mem_tmp_reg[111][7]_i_1. This is not good design practice and will likely impact performance. For SLICE registers, for example, use the CE pin to control the loading of data.
Related violations: <none>

PDRC-153#15 Warning
Gated clock check  
Net ethernet_one_gbe_skarab_axi_inst/ethernet_one_gbe_skarab_axi_struct/system_control_one_gbe_skarab2/control_axi_stream_gbe_inst/mem_tmp_reg[112][7]_i_1_n_0 is a gated clock net sourced by a combinational pin ethernet_one_gbe_skarab_axi_inst/ethernet_one_gbe_skarab_axi_struct/system_control_one_gbe_skarab2/control_axi_stream_gbe_inst/mem_tmp_reg[112][7]_i_1/O, cell ethernet_one_gbe_skarab_axi_inst/ethernet_one_gbe_skarab_axi_struct/system_control_one_gbe_skarab2/control_axi_stream_gbe_inst/mem_tmp_reg[112][7]_i_1. This is not good design practice and will likely impact performance. For SLICE registers, for example, use the CE pin to control the loading of data.
Related violations: <none>

PDRC-153#16 Warning
Gated clock check  
Net ethernet_one_gbe_skarab_axi_inst/ethernet_one_gbe_skarab_axi_struct/system_control_one_gbe_skarab2/control_axi_stream_gbe_inst/mem_tmp_reg[113][7]_i_1_n_0 is a gated clock net sourced by a combinational pin ethernet_one_gbe_skarab_axi_inst/ethernet_one_gbe_skarab_axi_struct/system_control_one_gbe_skarab2/control_axi_stream_gbe_inst/mem_tmp_reg[113][7]_i_1/O, cell ethernet_one_gbe_skarab_axi_inst/ethernet_one_gbe_skarab_axi_struct/system_control_one_gbe_skarab2/control_axi_stream_gbe_inst/mem_tmp_reg[113][7]_i_1. This is not good design practice and will likely impact performance. For SLICE registers, for example, use the CE pin to control the loading of data.
Related violations: <none>

PDRC-153#17 Warning
Gated clock check  
Net ethernet_one_gbe_skarab_axi_inst/ethernet_one_gbe_skarab_axi_struct/system_control_one_gbe_skarab2/control_axi_stream_gbe_inst/mem_tmp_reg[114][7]_i_1_n_0 is a gated clock net sourced by a combinational pin ethernet_one_gbe_skarab_axi_inst/ethernet_one_gbe_skarab_axi_struct/system_control_one_gbe_skarab2/control_axi_stream_gbe_inst/mem_tmp_reg[114][7]_i_1/O, cell ethernet_one_gbe_skarab_axi_inst/ethernet_one_gbe_skarab_axi_struct/system_control_one_gbe_skarab2/control_axi_stream_gbe_inst/mem_tmp_reg[114][7]_i_1. This is not good design practice and will likely impact performance. For SLICE registers, for example, use the CE pin to control the loading of data.
Related violations: <none>

PDRC-153#18 Warning
Gated clock check  
Net ethernet_one_gbe_skarab_axi_inst/ethernet_one_gbe_skarab_axi_struct/system_control_one_gbe_skarab2/control_axi_stream_gbe_inst/mem_tmp_reg[115][7]_i_1_n_0 is a gated clock net sourced by a combinational pin ethernet_one_gbe_skarab_axi_inst/ethernet_one_gbe_skarab_axi_struct/system_control_one_gbe_skarab2/control_axi_stream_gbe_inst/mem_tmp_reg[115][7]_i_1/O, cell ethernet_one_gbe_skarab_axi_inst/ethernet_one_gbe_skarab_axi_struct/system_control_one_gbe_skarab2/control_axi_stream_gbe_inst/mem_tmp_reg[115][7]_i_1. This is not good design practice and will likely impact performance. For SLICE registers, for example, use the CE pin to control the loading of data.
Related violations: <none>

PDRC-153#19 Warning
Gated clock check  
Net ethernet_one_gbe_skarab_axi_inst/ethernet_one_gbe_skarab_axi_struct/system_control_one_gbe_skarab2/control_axi_stream_gbe_inst/mem_tmp_reg[116][7]_i_1_n_0 is a gated clock net sourced by a combinational pin ethernet_one_gbe_skarab_axi_inst/ethernet_one_gbe_skarab_axi_struct/system_control_one_gbe_skarab2/control_axi_stream_gbe_inst/mem_tmp_reg[116][7]_i_1/O, cell ethernet_one_gbe_skarab_axi_inst/ethernet_one_gbe_skarab_axi_struct/system_control_one_gbe_skarab2/control_axi_stream_gbe_inst/mem_tmp_reg[116][7]_i_1. This is not good design practice and will likely impact performance. For SLICE registers, for example, use the CE pin to control the loading of data.
Related violations: <none>

PDRC-153#20 Warning
Gated clock check  
Net ethernet_one_gbe_skarab_axi_inst/ethernet_one_gbe_skarab_axi_struct/system_control_one_gbe_skarab2/control_axi_stream_gbe_inst/mem_tmp_reg[117][7]_i_1_n_0 is a gated clock net sourced by a combinational pin ethernet_one_gbe_skarab_axi_inst/ethernet_one_gbe_skarab_axi_struct/system_control_one_gbe_skarab2/control_axi_stream_gbe_inst/mem_tmp_reg[117][7]_i_1/O, cell ethernet_one_gbe_skarab_axi_inst/ethernet_one_gbe_skarab_axi_struct/system_control_one_gbe_skarab2/control_axi_stream_gbe_inst/mem_tmp_reg[117][7]_i_1. This is not good design practice and will likely impact performance. For SLICE registers, for example, use the CE pin to control the loading of data.
Related violations: <none>

PDRC-153#21 Warning
Gated clock check  
Net ethernet_one_gbe_skarab_axi_inst/ethernet_one_gbe_skarab_axi_struct/system_control_one_gbe_skarab2/control_axi_stream_gbe_inst/mem_tmp_reg[118][7]_i_1_n_0 is a gated clock net sourced by a combinational pin ethernet_one_gbe_skarab_axi_inst/ethernet_one_gbe_skarab_axi_struct/system_control_one_gbe_skarab2/control_axi_stream_gbe_inst/mem_tmp_reg[118][7]_i_1/O, cell ethernet_one_gbe_skarab_axi_inst/ethernet_one_gbe_skarab_axi_struct/system_control_one_gbe_skarab2/control_axi_stream_gbe_inst/mem_tmp_reg[118][7]_i_1. This is not good design practice and will likely impact performance. For SLICE registers, for example, use the CE pin to control the loading of data.
Related violations: <none>

PDRC-153#22 Warning
Gated clock check  
Net ethernet_one_gbe_skarab_axi_inst/ethernet_one_gbe_skarab_axi_struct/system_control_one_gbe_skarab2/control_axi_stream_gbe_inst/mem_tmp_reg[119][7]_i_1_n_0 is a gated clock net sourced by a combinational pin ethernet_one_gbe_skarab_axi_inst/ethernet_one_gbe_skarab_axi_struct/system_control_one_gbe_skarab2/control_axi_stream_gbe_inst/mem_tmp_reg[119][7]_i_1/O, cell ethernet_one_gbe_skarab_axi_inst/ethernet_one_gbe_skarab_axi_struct/system_control_one_gbe_skarab2/control_axi_stream_gbe_inst/mem_tmp_reg[119][7]_i_1. This is not good design practice and will likely impact performance. For SLICE registers, for example, use the CE pin to control the loading of data.
Related violations: <none>

PDRC-153#23 Warning
Gated clock check  
Net ethernet_one_gbe_skarab_axi_inst/ethernet_one_gbe_skarab_axi_struct/system_control_one_gbe_skarab2/control_axi_stream_gbe_inst/mem_tmp_reg[11][7]_i_1_n_0 is a gated clock net sourced by a combinational pin ethernet_one_gbe_skarab_axi_inst/ethernet_one_gbe_skarab_axi_struct/system_control_one_gbe_skarab2/control_axi_stream_gbe_inst/mem_tmp_reg[11][7]_i_1/O, cell ethernet_one_gbe_skarab_axi_inst/ethernet_one_gbe_skarab_axi_struct/system_control_one_gbe_skarab2/control_axi_stream_gbe_inst/mem_tmp_reg[11][7]_i_1. This is not good design practice and will likely impact performance. For SLICE registers, for example, use the CE pin to control the loading of data.
Related violations: <none>

PDRC-153#24 Warning
Gated clock check  
Net ethernet_one_gbe_skarab_axi_inst/ethernet_one_gbe_skarab_axi_struct/system_control_one_gbe_skarab2/control_axi_stream_gbe_inst/mem_tmp_reg[120][7]_i_1_n_0 is a gated clock net sourced by a combinational pin ethernet_one_gbe_skarab_axi_inst/ethernet_one_gbe_skarab_axi_struct/system_control_one_gbe_skarab2/control_axi_stream_gbe_inst/mem_tmp_reg[120][7]_i_1/O, cell ethernet_one_gbe_skarab_axi_inst/ethernet_one_gbe_skarab_axi_struct/system_control_one_gbe_skarab2/control_axi_stream_gbe_inst/mem_tmp_reg[120][7]_i_1. This is not good design practice and will likely impact performance. For SLICE registers, for example, use the CE pin to control the loading of data.
Related violations: <none>

PDRC-153#25 Warning
Gated clock check  
Net ethernet_one_gbe_skarab_axi_inst/ethernet_one_gbe_skarab_axi_struct/system_control_one_gbe_skarab2/control_axi_stream_gbe_inst/mem_tmp_reg[121][7]_i_1_n_0 is a gated clock net sourced by a combinational pin ethernet_one_gbe_skarab_axi_inst/ethernet_one_gbe_skarab_axi_struct/system_control_one_gbe_skarab2/control_axi_stream_gbe_inst/mem_tmp_reg[121][7]_i_1/O, cell ethernet_one_gbe_skarab_axi_inst/ethernet_one_gbe_skarab_axi_struct/system_control_one_gbe_skarab2/control_axi_stream_gbe_inst/mem_tmp_reg[121][7]_i_1. This is not good design practice and will likely impact performance. For SLICE registers, for example, use the CE pin to control the loading of data.
Related violations: <none>

PDRC-153#26 Warning
Gated clock check  
Net ethernet_one_gbe_skarab_axi_inst/ethernet_one_gbe_skarab_axi_struct/system_control_one_gbe_skarab2/control_axi_stream_gbe_inst/mem_tmp_reg[122][7]_i_1_n_0 is a gated clock net sourced by a combinational pin ethernet_one_gbe_skarab_axi_inst/ethernet_one_gbe_skarab_axi_struct/system_control_one_gbe_skarab2/control_axi_stream_gbe_inst/mem_tmp_reg[122][7]_i_1/O, cell ethernet_one_gbe_skarab_axi_inst/ethernet_one_gbe_skarab_axi_struct/system_control_one_gbe_skarab2/control_axi_stream_gbe_inst/mem_tmp_reg[122][7]_i_1. This is not good design practice and will likely impact performance. For SLICE registers, for example, use the CE pin to control the loading of data.
Related violations: <none>

PDRC-153#27 Warning
Gated clock check  
Net ethernet_one_gbe_skarab_axi_inst/ethernet_one_gbe_skarab_axi_struct/system_control_one_gbe_skarab2/control_axi_stream_gbe_inst/mem_tmp_reg[123][7]_i_1_n_0 is a gated clock net sourced by a combinational pin ethernet_one_gbe_skarab_axi_inst/ethernet_one_gbe_skarab_axi_struct/system_control_one_gbe_skarab2/control_axi_stream_gbe_inst/mem_tmp_reg[123][7]_i_1/O, cell ethernet_one_gbe_skarab_axi_inst/ethernet_one_gbe_skarab_axi_struct/system_control_one_gbe_skarab2/control_axi_stream_gbe_inst/mem_tmp_reg[123][7]_i_1. This is not good design practice and will likely impact performance. For SLICE registers, for example, use the CE pin to control the loading of data.
Related violations: <none>

PDRC-153#28 Warning
Gated clock check  
Net ethernet_one_gbe_skarab_axi_inst/ethernet_one_gbe_skarab_axi_struct/system_control_one_gbe_skarab2/control_axi_stream_gbe_inst/mem_tmp_reg[124][7]_i_1_n_0 is a gated clock net sourced by a combinational pin ethernet_one_gbe_skarab_axi_inst/ethernet_one_gbe_skarab_axi_struct/system_control_one_gbe_skarab2/control_axi_stream_gbe_inst/mem_tmp_reg[124][7]_i_1/O, cell ethernet_one_gbe_skarab_axi_inst/ethernet_one_gbe_skarab_axi_struct/system_control_one_gbe_skarab2/control_axi_stream_gbe_inst/mem_tmp_reg[124][7]_i_1. This is not good design practice and will likely impact performance. For SLICE registers, for example, use the CE pin to control the loading of data.
Related violations: <none>

PDRC-153#29 Warning
Gated clock check  
Net ethernet_one_gbe_skarab_axi_inst/ethernet_one_gbe_skarab_axi_struct/system_control_one_gbe_skarab2/control_axi_stream_gbe_inst/mem_tmp_reg[125][7]_i_1_n_0 is a gated clock net sourced by a combinational pin ethernet_one_gbe_skarab_axi_inst/ethernet_one_gbe_skarab_axi_struct/system_control_one_gbe_skarab2/control_axi_stream_gbe_inst/mem_tmp_reg[125][7]_i_1/O, cell ethernet_one_gbe_skarab_axi_inst/ethernet_one_gbe_skarab_axi_struct/system_control_one_gbe_skarab2/control_axi_stream_gbe_inst/mem_tmp_reg[125][7]_i_1. This is not good design practice and will likely impact performance. For SLICE registers, for example, use the CE pin to control the loading of data.
Related violations: <none>

PDRC-153#30 Warning
Gated clock check  
Net ethernet_one_gbe_skarab_axi_inst/ethernet_one_gbe_skarab_axi_struct/system_control_one_gbe_skarab2/control_axi_stream_gbe_inst/mem_tmp_reg[126][7]_i_1_n_0 is a gated clock net sourced by a combinational pin ethernet_one_gbe_skarab_axi_inst/ethernet_one_gbe_skarab_axi_struct/system_control_one_gbe_skarab2/control_axi_stream_gbe_inst/mem_tmp_reg[126][7]_i_1/O, cell ethernet_one_gbe_skarab_axi_inst/ethernet_one_gbe_skarab_axi_struct/system_control_one_gbe_skarab2/control_axi_stream_gbe_inst/mem_tmp_reg[126][7]_i_1. This is not good design practice and will likely impact performance. For SLICE registers, for example, use the CE pin to control the loading of data.
Related violations: <none>

PDRC-153#31 Warning
Gated clock check  
Net ethernet_one_gbe_skarab_axi_inst/ethernet_one_gbe_skarab_axi_struct/system_control_one_gbe_skarab2/control_axi_stream_gbe_inst/mem_tmp_reg[127][7]_i_1_n_0 is a gated clock net sourced by a combinational pin ethernet_one_gbe_skarab_axi_inst/ethernet_one_gbe_skarab_axi_struct/system_control_one_gbe_skarab2/control_axi_stream_gbe_inst/mem_tmp_reg[127][7]_i_1/O, cell ethernet_one_gbe_skarab_axi_inst/ethernet_one_gbe_skarab_axi_struct/system_control_one_gbe_skarab2/control_axi_stream_gbe_inst/mem_tmp_reg[127][7]_i_1. This is not good design practice and will likely impact performance. For SLICE registers, for example, use the CE pin to control the loading of data.
Related violations: <none>

PDRC-153#32 Warning
Gated clock check  
Net ethernet_one_gbe_skarab_axi_inst/ethernet_one_gbe_skarab_axi_struct/system_control_one_gbe_skarab2/control_axi_stream_gbe_inst/mem_tmp_reg[128][7]_i_1_n_0 is a gated clock net sourced by a combinational pin ethernet_one_gbe_skarab_axi_inst/ethernet_one_gbe_skarab_axi_struct/system_control_one_gbe_skarab2/control_axi_stream_gbe_inst/mem_tmp_reg[128][7]_i_1/O, cell ethernet_one_gbe_skarab_axi_inst/ethernet_one_gbe_skarab_axi_struct/system_control_one_gbe_skarab2/control_axi_stream_gbe_inst/mem_tmp_reg[128][7]_i_1. This is not good design practice and will likely impact performance. For SLICE registers, for example, use the CE pin to control the loading of data.
Related violations: <none>

PDRC-153#33 Warning
Gated clock check  
Net ethernet_one_gbe_skarab_axi_inst/ethernet_one_gbe_skarab_axi_struct/system_control_one_gbe_skarab2/control_axi_stream_gbe_inst/mem_tmp_reg[129][7]_i_1_n_0 is a gated clock net sourced by a combinational pin ethernet_one_gbe_skarab_axi_inst/ethernet_one_gbe_skarab_axi_struct/system_control_one_gbe_skarab2/control_axi_stream_gbe_inst/mem_tmp_reg[129][7]_i_1/O, cell ethernet_one_gbe_skarab_axi_inst/ethernet_one_gbe_skarab_axi_struct/system_control_one_gbe_skarab2/control_axi_stream_gbe_inst/mem_tmp_reg[129][7]_i_1. This is not good design practice and will likely impact performance. For SLICE registers, for example, use the CE pin to control the loading of data.
Related violations: <none>

PDRC-153#34 Warning
Gated clock check  
Net ethernet_one_gbe_skarab_axi_inst/ethernet_one_gbe_skarab_axi_struct/system_control_one_gbe_skarab2/control_axi_stream_gbe_inst/mem_tmp_reg[12][7]_i_1_n_0 is a gated clock net sourced by a combinational pin ethernet_one_gbe_skarab_axi_inst/ethernet_one_gbe_skarab_axi_struct/system_control_one_gbe_skarab2/control_axi_stream_gbe_inst/mem_tmp_reg[12][7]_i_1/O, cell ethernet_one_gbe_skarab_axi_inst/ethernet_one_gbe_skarab_axi_struct/system_control_one_gbe_skarab2/control_axi_stream_gbe_inst/mem_tmp_reg[12][7]_i_1. This is not good design practice and will likely impact performance. For SLICE registers, for example, use the CE pin to control the loading of data.
Related violations: <none>

PDRC-153#35 Warning
Gated clock check  
Net ethernet_one_gbe_skarab_axi_inst/ethernet_one_gbe_skarab_axi_struct/system_control_one_gbe_skarab2/control_axi_stream_gbe_inst/mem_tmp_reg[130][7]_i_1_n_0 is a gated clock net sourced by a combinational pin ethernet_one_gbe_skarab_axi_inst/ethernet_one_gbe_skarab_axi_struct/system_control_one_gbe_skarab2/control_axi_stream_gbe_inst/mem_tmp_reg[130][7]_i_1/O, cell ethernet_one_gbe_skarab_axi_inst/ethernet_one_gbe_skarab_axi_struct/system_control_one_gbe_skarab2/control_axi_stream_gbe_inst/mem_tmp_reg[130][7]_i_1. This is not good design practice and will likely impact performance. For SLICE registers, for example, use the CE pin to control the loading of data.
Related violations: <none>

PDRC-153#36 Warning
Gated clock check  
Net ethernet_one_gbe_skarab_axi_inst/ethernet_one_gbe_skarab_axi_struct/system_control_one_gbe_skarab2/control_axi_stream_gbe_inst/mem_tmp_reg[131][7]_i_1_n_0 is a gated clock net sourced by a combinational pin ethernet_one_gbe_skarab_axi_inst/ethernet_one_gbe_skarab_axi_struct/system_control_one_gbe_skarab2/control_axi_stream_gbe_inst/mem_tmp_reg[131][7]_i_1/O, cell ethernet_one_gbe_skarab_axi_inst/ethernet_one_gbe_skarab_axi_struct/system_control_one_gbe_skarab2/control_axi_stream_gbe_inst/mem_tmp_reg[131][7]_i_1. This is not good design practice and will likely impact performance. For SLICE registers, for example, use the CE pin to control the loading of data.
Related violations: <none>

PDRC-153#37 Warning
Gated clock check  
Net ethernet_one_gbe_skarab_axi_inst/ethernet_one_gbe_skarab_axi_struct/system_control_one_gbe_skarab2/control_axi_stream_gbe_inst/mem_tmp_reg[132][7]_i_1_n_0 is a gated clock net sourced by a combinational pin ethernet_one_gbe_skarab_axi_inst/ethernet_one_gbe_skarab_axi_struct/system_control_one_gbe_skarab2/control_axi_stream_gbe_inst/mem_tmp_reg[132][7]_i_1/O, cell ethernet_one_gbe_skarab_axi_inst/ethernet_one_gbe_skarab_axi_struct/system_control_one_gbe_skarab2/control_axi_stream_gbe_inst/mem_tmp_reg[132][7]_i_1. This is not good design practice and will likely impact performance. For SLICE registers, for example, use the CE pin to control the loading of data.
Related violations: <none>

PDRC-153#38 Warning
Gated clock check  
Net ethernet_one_gbe_skarab_axi_inst/ethernet_one_gbe_skarab_axi_struct/system_control_one_gbe_skarab2/control_axi_stream_gbe_inst/mem_tmp_reg[133][7]_i_1_n_0 is a gated clock net sourced by a combinational pin ethernet_one_gbe_skarab_axi_inst/ethernet_one_gbe_skarab_axi_struct/system_control_one_gbe_skarab2/control_axi_stream_gbe_inst/mem_tmp_reg[133][7]_i_1/O, cell ethernet_one_gbe_skarab_axi_inst/ethernet_one_gbe_skarab_axi_struct/system_control_one_gbe_skarab2/control_axi_stream_gbe_inst/mem_tmp_reg[133][7]_i_1. This is not good design practice and will likely impact performance. For SLICE registers, for example, use the CE pin to control the loading of data.
Related violations: <none>

PDRC-153#39 Warning
Gated clock check  
Net ethernet_one_gbe_skarab_axi_inst/ethernet_one_gbe_skarab_axi_struct/system_control_one_gbe_skarab2/control_axi_stream_gbe_inst/mem_tmp_reg[134][7]_i_1_n_0 is a gated clock net sourced by a combinational pin ethernet_one_gbe_skarab_axi_inst/ethernet_one_gbe_skarab_axi_struct/system_control_one_gbe_skarab2/control_axi_stream_gbe_inst/mem_tmp_reg[134][7]_i_1/O, cell ethernet_one_gbe_skarab_axi_inst/ethernet_one_gbe_skarab_axi_struct/system_control_one_gbe_skarab2/control_axi_stream_gbe_inst/mem_tmp_reg[134][7]_i_1. This is not good design practice and will likely impact performance. For SLICE registers, for example, use the CE pin to control the loading of data.
Related violations: <none>

PDRC-153#40 Warning
Gated clock check  
Net ethernet_one_gbe_skarab_axi_inst/ethernet_one_gbe_skarab_axi_struct/system_control_one_gbe_skarab2/control_axi_stream_gbe_inst/mem_tmp_reg[135][7]_i_1_n_0 is a gated clock net sourced by a combinational pin ethernet_one_gbe_skarab_axi_inst/ethernet_one_gbe_skarab_axi_struct/system_control_one_gbe_skarab2/control_axi_stream_gbe_inst/mem_tmp_reg[135][7]_i_1/O, cell ethernet_one_gbe_skarab_axi_inst/ethernet_one_gbe_skarab_axi_struct/system_control_one_gbe_skarab2/control_axi_stream_gbe_inst/mem_tmp_reg[135][7]_i_1. This is not good design practice and will likely impact performance. For SLICE registers, for example, use the CE pin to control the loading of data.
Related violations: <none>

PDRC-153#41 Warning
Gated clock check  
Net ethernet_one_gbe_skarab_axi_inst/ethernet_one_gbe_skarab_axi_struct/system_control_one_gbe_skarab2/control_axi_stream_gbe_inst/mem_tmp_reg[136][7]_i_1_n_0 is a gated clock net sourced by a combinational pin ethernet_one_gbe_skarab_axi_inst/ethernet_one_gbe_skarab_axi_struct/system_control_one_gbe_skarab2/control_axi_stream_gbe_inst/mem_tmp_reg[136][7]_i_1/O, cell ethernet_one_gbe_skarab_axi_inst/ethernet_one_gbe_skarab_axi_struct/system_control_one_gbe_skarab2/control_axi_stream_gbe_inst/mem_tmp_reg[136][7]_i_1. This is not good design practice and will likely impact performance. For SLICE registers, for example, use the CE pin to control the loading of data.
Related violations: <none>

PDRC-153#42 Warning
Gated clock check  
Net ethernet_one_gbe_skarab_axi_inst/ethernet_one_gbe_skarab_axi_struct/system_control_one_gbe_skarab2/control_axi_stream_gbe_inst/mem_tmp_reg[137][7]_i_1_n_0 is a gated clock net sourced by a combinational pin ethernet_one_gbe_skarab_axi_inst/ethernet_one_gbe_skarab_axi_struct/system_control_one_gbe_skarab2/control_axi_stream_gbe_inst/mem_tmp_reg[137][7]_i_1/O, cell ethernet_one_gbe_skarab_axi_inst/ethernet_one_gbe_skarab_axi_struct/system_control_one_gbe_skarab2/control_axi_stream_gbe_inst/mem_tmp_reg[137][7]_i_1. This is not good design practice and will likely impact performance. For SLICE registers, for example, use the CE pin to control the loading of data.
Related violations: <none>

PDRC-153#43 Warning
Gated clock check  
Net ethernet_one_gbe_skarab_axi_inst/ethernet_one_gbe_skarab_axi_struct/system_control_one_gbe_skarab2/control_axi_stream_gbe_inst/mem_tmp_reg[138][7]_i_1_n_0 is a gated clock net sourced by a combinational pin ethernet_one_gbe_skarab_axi_inst/ethernet_one_gbe_skarab_axi_struct/system_control_one_gbe_skarab2/control_axi_stream_gbe_inst/mem_tmp_reg[138][7]_i_1/O, cell ethernet_one_gbe_skarab_axi_inst/ethernet_one_gbe_skarab_axi_struct/system_control_one_gbe_skarab2/control_axi_stream_gbe_inst/mem_tmp_reg[138][7]_i_1. This is not good design practice and will likely impact performance. For SLICE registers, for example, use the CE pin to control the loading of data.
Related violations: <none>

PDRC-153#44 Warning
Gated clock check  
Net ethernet_one_gbe_skarab_axi_inst/ethernet_one_gbe_skarab_axi_struct/system_control_one_gbe_skarab2/control_axi_stream_gbe_inst/mem_tmp_reg[139][7]_i_1_n_0 is a gated clock net sourced by a combinational pin ethernet_one_gbe_skarab_axi_inst/ethernet_one_gbe_skarab_axi_struct/system_control_one_gbe_skarab2/control_axi_stream_gbe_inst/mem_tmp_reg[139][7]_i_1/O, cell ethernet_one_gbe_skarab_axi_inst/ethernet_one_gbe_skarab_axi_struct/system_control_one_gbe_skarab2/control_axi_stream_gbe_inst/mem_tmp_reg[139][7]_i_1. This is not good design practice and will likely impact performance. For SLICE registers, for example, use the CE pin to control the loading of data.
Related violations: <none>

PDRC-153#45 Warning
Gated clock check  
Net ethernet_one_gbe_skarab_axi_inst/ethernet_one_gbe_skarab_axi_struct/system_control_one_gbe_skarab2/control_axi_stream_gbe_inst/mem_tmp_reg[13][7]_i_1_n_0 is a gated clock net sourced by a combinational pin ethernet_one_gbe_skarab_axi_inst/ethernet_one_gbe_skarab_axi_struct/system_control_one_gbe_skarab2/control_axi_stream_gbe_inst/mem_tmp_reg[13][7]_i_1/O, cell ethernet_one_gbe_skarab_axi_inst/ethernet_one_gbe_skarab_axi_struct/system_control_one_gbe_skarab2/control_axi_stream_gbe_inst/mem_tmp_reg[13][7]_i_1. This is not good design practice and will likely impact performance. For SLICE registers, for example, use the CE pin to control the loading of data.
Related violations: <none>

PDRC-153#46 Warning
Gated clock check  
Net ethernet_one_gbe_skarab_axi_inst/ethernet_one_gbe_skarab_axi_struct/system_control_one_gbe_skarab2/control_axi_stream_gbe_inst/mem_tmp_reg[140][7]_i_1_n_0 is a gated clock net sourced by a combinational pin ethernet_one_gbe_skarab_axi_inst/ethernet_one_gbe_skarab_axi_struct/system_control_one_gbe_skarab2/control_axi_stream_gbe_inst/mem_tmp_reg[140][7]_i_1/O, cell ethernet_one_gbe_skarab_axi_inst/ethernet_one_gbe_skarab_axi_struct/system_control_one_gbe_skarab2/control_axi_stream_gbe_inst/mem_tmp_reg[140][7]_i_1. This is not good design practice and will likely impact performance. For SLICE registers, for example, use the CE pin to control the loading of data.
Related violations: <none>

PDRC-153#47 Warning
Gated clock check  
Net ethernet_one_gbe_skarab_axi_inst/ethernet_one_gbe_skarab_axi_struct/system_control_one_gbe_skarab2/control_axi_stream_gbe_inst/mem_tmp_reg[141][7]_i_1_n_0 is a gated clock net sourced by a combinational pin ethernet_one_gbe_skarab_axi_inst/ethernet_one_gbe_skarab_axi_struct/system_control_one_gbe_skarab2/control_axi_stream_gbe_inst/mem_tmp_reg[141][7]_i_1/O, cell ethernet_one_gbe_skarab_axi_inst/ethernet_one_gbe_skarab_axi_struct/system_control_one_gbe_skarab2/control_axi_stream_gbe_inst/mem_tmp_reg[141][7]_i_1. This is not good design practice and will likely impact performance. For SLICE registers, for example, use the CE pin to control the loading of data.
Related violations: <none>

PDRC-153#48 Warning
Gated clock check  
Net ethernet_one_gbe_skarab_axi_inst/ethernet_one_gbe_skarab_axi_struct/system_control_one_gbe_skarab2/control_axi_stream_gbe_inst/mem_tmp_reg[142][7]_i_1_n_0 is a gated clock net sourced by a combinational pin ethernet_one_gbe_skarab_axi_inst/ethernet_one_gbe_skarab_axi_struct/system_control_one_gbe_skarab2/control_axi_stream_gbe_inst/mem_tmp_reg[142][7]_i_1/O, cell ethernet_one_gbe_skarab_axi_inst/ethernet_one_gbe_skarab_axi_struct/system_control_one_gbe_skarab2/control_axi_stream_gbe_inst/mem_tmp_reg[142][7]_i_1. This is not good design practice and will likely impact performance. For SLICE registers, for example, use the CE pin to control the loading of data.
Related violations: <none>

PDRC-153#49 Warning
Gated clock check  
Net ethernet_one_gbe_skarab_axi_inst/ethernet_one_gbe_skarab_axi_struct/system_control_one_gbe_skarab2/control_axi_stream_gbe_inst/mem_tmp_reg[143][7]_i_1_n_0 is a gated clock net sourced by a combinational pin ethernet_one_gbe_skarab_axi_inst/ethernet_one_gbe_skarab_axi_struct/system_control_one_gbe_skarab2/control_axi_stream_gbe_inst/mem_tmp_reg[143][7]_i_1/O, cell ethernet_one_gbe_skarab_axi_inst/ethernet_one_gbe_skarab_axi_struct/system_control_one_gbe_skarab2/control_axi_stream_gbe_inst/mem_tmp_reg[143][7]_i_1. This is not good design practice and will likely impact performance. For SLICE registers, for example, use the CE pin to control the loading of data.
Related violations: <none>

PDRC-153#50 Warning
Gated clock check  
Net ethernet_one_gbe_skarab_axi_inst/ethernet_one_gbe_skarab_axi_struct/system_control_one_gbe_skarab2/control_axi_stream_gbe_inst/mem_tmp_reg[144][7]_i_1_n_0 is a gated clock net sourced by a combinational pin ethernet_one_gbe_skarab_axi_inst/ethernet_one_gbe_skarab_axi_struct/system_control_one_gbe_skarab2/control_axi_stream_gbe_inst/mem_tmp_reg[144][7]_i_1/O, cell ethernet_one_gbe_skarab_axi_inst/ethernet_one_gbe_skarab_axi_struct/system_control_one_gbe_skarab2/control_axi_stream_gbe_inst/mem_tmp_reg[144][7]_i_1. This is not good design practice and will likely impact performance. For SLICE registers, for example, use the CE pin to control the loading of data.
Related violations: <none>

PDRC-153#51 Warning
Gated clock check  
Net ethernet_one_gbe_skarab_axi_inst/ethernet_one_gbe_skarab_axi_struct/system_control_one_gbe_skarab2/control_axi_stream_gbe_inst/mem_tmp_reg[145][7]_i_1_n_0 is a gated clock net sourced by a combinational pin ethernet_one_gbe_skarab_axi_inst/ethernet_one_gbe_skarab_axi_struct/system_control_one_gbe_skarab2/control_axi_stream_gbe_inst/mem_tmp_reg[145][7]_i_1/O, cell ethernet_one_gbe_skarab_axi_inst/ethernet_one_gbe_skarab_axi_struct/system_control_one_gbe_skarab2/control_axi_stream_gbe_inst/mem_tmp_reg[145][7]_i_1. This is not good design practice and will likely impact performance. For SLICE registers, for example, use the CE pin to control the loading of data.
Related violations: <none>

PDRC-153#52 Warning
Gated clock check  
Net ethernet_one_gbe_skarab_axi_inst/ethernet_one_gbe_skarab_axi_struct/system_control_one_gbe_skarab2/control_axi_stream_gbe_inst/mem_tmp_reg[146][7]_i_1_n_0 is a gated clock net sourced by a combinational pin ethernet_one_gbe_skarab_axi_inst/ethernet_one_gbe_skarab_axi_struct/system_control_one_gbe_skarab2/control_axi_stream_gbe_inst/mem_tmp_reg[146][7]_i_1/O, cell ethernet_one_gbe_skarab_axi_inst/ethernet_one_gbe_skarab_axi_struct/system_control_one_gbe_skarab2/control_axi_stream_gbe_inst/mem_tmp_reg[146][7]_i_1. This is not good design practice and will likely impact performance. For SLICE registers, for example, use the CE pin to control the loading of data.
Related violations: <none>

PDRC-153#53 Warning
Gated clock check  
Net ethernet_one_gbe_skarab_axi_inst/ethernet_one_gbe_skarab_axi_struct/system_control_one_gbe_skarab2/control_axi_stream_gbe_inst/mem_tmp_reg[147][7]_i_1_n_0 is a gated clock net sourced by a combinational pin ethernet_one_gbe_skarab_axi_inst/ethernet_one_gbe_skarab_axi_struct/system_control_one_gbe_skarab2/control_axi_stream_gbe_inst/mem_tmp_reg[147][7]_i_1/O, cell ethernet_one_gbe_skarab_axi_inst/ethernet_one_gbe_skarab_axi_struct/system_control_one_gbe_skarab2/control_axi_stream_gbe_inst/mem_tmp_reg[147][7]_i_1. This is not good design practice and will likely impact performance. For SLICE registers, for example, use the CE pin to control the loading of data.
Related violations: <none>

PDRC-153#54 Warning
Gated clock check  
Net ethernet_one_gbe_skarab_axi_inst/ethernet_one_gbe_skarab_axi_struct/system_control_one_gbe_skarab2/control_axi_stream_gbe_inst/mem_tmp_reg[148][7]_i_1_n_0 is a gated clock net sourced by a combinational pin ethernet_one_gbe_skarab_axi_inst/ethernet_one_gbe_skarab_axi_struct/system_control_one_gbe_skarab2/control_axi_stream_gbe_inst/mem_tmp_reg[148][7]_i_1/O, cell ethernet_one_gbe_skarab_axi_inst/ethernet_one_gbe_skarab_axi_struct/system_control_one_gbe_skarab2/control_axi_stream_gbe_inst/mem_tmp_reg[148][7]_i_1. This is not good design practice and will likely impact performance. For SLICE registers, for example, use the CE pin to control the loading of data.
Related violations: <none>

PDRC-153#55 Warning
Gated clock check  
Net ethernet_one_gbe_skarab_axi_inst/ethernet_one_gbe_skarab_axi_struct/system_control_one_gbe_skarab2/control_axi_stream_gbe_inst/mem_tmp_reg[149][7]_i_1_n_0 is a gated clock net sourced by a combinational pin ethernet_one_gbe_skarab_axi_inst/ethernet_one_gbe_skarab_axi_struct/system_control_one_gbe_skarab2/control_axi_stream_gbe_inst/mem_tmp_reg[149][7]_i_1/O, cell ethernet_one_gbe_skarab_axi_inst/ethernet_one_gbe_skarab_axi_struct/system_control_one_gbe_skarab2/control_axi_stream_gbe_inst/mem_tmp_reg[149][7]_i_1. This is not good design practice and will likely impact performance. For SLICE registers, for example, use the CE pin to control the loading of data.
Related violations: <none>

PDRC-153#56 Warning
Gated clock check  
Net ethernet_one_gbe_skarab_axi_inst/ethernet_one_gbe_skarab_axi_struct/system_control_one_gbe_skarab2/control_axi_stream_gbe_inst/mem_tmp_reg[14][7]_i_1_n_0 is a gated clock net sourced by a combinational pin ethernet_one_gbe_skarab_axi_inst/ethernet_one_gbe_skarab_axi_struct/system_control_one_gbe_skarab2/control_axi_stream_gbe_inst/mem_tmp_reg[14][7]_i_1/O, cell ethernet_one_gbe_skarab_axi_inst/ethernet_one_gbe_skarab_axi_struct/system_control_one_gbe_skarab2/control_axi_stream_gbe_inst/mem_tmp_reg[14][7]_i_1. This is not good design practice and will likely impact performance. For SLICE registers, for example, use the CE pin to control the loading of data.
Related violations: <none>

PDRC-153#57 Warning
Gated clock check  
Net ethernet_one_gbe_skarab_axi_inst/ethernet_one_gbe_skarab_axi_struct/system_control_one_gbe_skarab2/control_axi_stream_gbe_inst/mem_tmp_reg[150][7]_i_1_n_0 is a gated clock net sourced by a combinational pin ethernet_one_gbe_skarab_axi_inst/ethernet_one_gbe_skarab_axi_struct/system_control_one_gbe_skarab2/control_axi_stream_gbe_inst/mem_tmp_reg[150][7]_i_1/O, cell ethernet_one_gbe_skarab_axi_inst/ethernet_one_gbe_skarab_axi_struct/system_control_one_gbe_skarab2/control_axi_stream_gbe_inst/mem_tmp_reg[150][7]_i_1. This is not good design practice and will likely impact performance. For SLICE registers, for example, use the CE pin to control the loading of data.
Related violations: <none>

PDRC-153#58 Warning
Gated clock check  
Net ethernet_one_gbe_skarab_axi_inst/ethernet_one_gbe_skarab_axi_struct/system_control_one_gbe_skarab2/control_axi_stream_gbe_inst/mem_tmp_reg[151][7]_i_1_n_0 is a gated clock net sourced by a combinational pin ethernet_one_gbe_skarab_axi_inst/ethernet_one_gbe_skarab_axi_struct/system_control_one_gbe_skarab2/control_axi_stream_gbe_inst/mem_tmp_reg[151][7]_i_1/O, cell ethernet_one_gbe_skarab_axi_inst/ethernet_one_gbe_skarab_axi_struct/system_control_one_gbe_skarab2/control_axi_stream_gbe_inst/mem_tmp_reg[151][7]_i_1. This is not good design practice and will likely impact performance. For SLICE registers, for example, use the CE pin to control the loading of data.
Related violations: <none>

PDRC-153#59 Warning
Gated clock check  
Net ethernet_one_gbe_skarab_axi_inst/ethernet_one_gbe_skarab_axi_struct/system_control_one_gbe_skarab2/control_axi_stream_gbe_inst/mem_tmp_reg[152][7]_i_1_n_0 is a gated clock net sourced by a combinational pin ethernet_one_gbe_skarab_axi_inst/ethernet_one_gbe_skarab_axi_struct/system_control_one_gbe_skarab2/control_axi_stream_gbe_inst/mem_tmp_reg[152][7]_i_1/O, cell ethernet_one_gbe_skarab_axi_inst/ethernet_one_gbe_skarab_axi_struct/system_control_one_gbe_skarab2/control_axi_stream_gbe_inst/mem_tmp_reg[152][7]_i_1. This is not good design practice and will likely impact performance. For SLICE registers, for example, use the CE pin to control the loading of data.
Related violations: <none>

PDRC-153#60 Warning
Gated clock check  
Net ethernet_one_gbe_skarab_axi_inst/ethernet_one_gbe_skarab_axi_struct/system_control_one_gbe_skarab2/control_axi_stream_gbe_inst/mem_tmp_reg[153][7]_i_1_n_0 is a gated clock net sourced by a combinational pin ethernet_one_gbe_skarab_axi_inst/ethernet_one_gbe_skarab_axi_struct/system_control_one_gbe_skarab2/control_axi_stream_gbe_inst/mem_tmp_reg[153][7]_i_1/O, cell ethernet_one_gbe_skarab_axi_inst/ethernet_one_gbe_skarab_axi_struct/system_control_one_gbe_skarab2/control_axi_stream_gbe_inst/mem_tmp_reg[153][7]_i_1. This is not good design practice and will likely impact performance. For SLICE registers, for example, use the CE pin to control the loading of data.
Related violations: <none>

PDRC-153#61 Warning
Gated clock check  
Net ethernet_one_gbe_skarab_axi_inst/ethernet_one_gbe_skarab_axi_struct/system_control_one_gbe_skarab2/control_axi_stream_gbe_inst/mem_tmp_reg[154][7]_i_1_n_0 is a gated clock net sourced by a combinational pin ethernet_one_gbe_skarab_axi_inst/ethernet_one_gbe_skarab_axi_struct/system_control_one_gbe_skarab2/control_axi_stream_gbe_inst/mem_tmp_reg[154][7]_i_1/O, cell ethernet_one_gbe_skarab_axi_inst/ethernet_one_gbe_skarab_axi_struct/system_control_one_gbe_skarab2/control_axi_stream_gbe_inst/mem_tmp_reg[154][7]_i_1. This is not good design practice and will likely impact performance. For SLICE registers, for example, use the CE pin to control the loading of data.
Related violations: <none>

PDRC-153#62 Warning
Gated clock check  
Net ethernet_one_gbe_skarab_axi_inst/ethernet_one_gbe_skarab_axi_struct/system_control_one_gbe_skarab2/control_axi_stream_gbe_inst/mem_tmp_reg[155][7]_i_1_n_0 is a gated clock net sourced by a combinational pin ethernet_one_gbe_skarab_axi_inst/ethernet_one_gbe_skarab_axi_struct/system_control_one_gbe_skarab2/control_axi_stream_gbe_inst/mem_tmp_reg[155][7]_i_1/O, cell ethernet_one_gbe_skarab_axi_inst/ethernet_one_gbe_skarab_axi_struct/system_control_one_gbe_skarab2/control_axi_stream_gbe_inst/mem_tmp_reg[155][7]_i_1. This is not good design practice and will likely impact performance. For SLICE registers, for example, use the CE pin to control the loading of data.
Related violations: <none>

PDRC-153#63 Warning
Gated clock check  
Net ethernet_one_gbe_skarab_axi_inst/ethernet_one_gbe_skarab_axi_struct/system_control_one_gbe_skarab2/control_axi_stream_gbe_inst/mem_tmp_reg[156][7]_i_1_n_0 is a gated clock net sourced by a combinational pin ethernet_one_gbe_skarab_axi_inst/ethernet_one_gbe_skarab_axi_struct/system_control_one_gbe_skarab2/control_axi_stream_gbe_inst/mem_tmp_reg[156][7]_i_1/O, cell ethernet_one_gbe_skarab_axi_inst/ethernet_one_gbe_skarab_axi_struct/system_control_one_gbe_skarab2/control_axi_stream_gbe_inst/mem_tmp_reg[156][7]_i_1. This is not good design practice and will likely impact performance. For SLICE registers, for example, use the CE pin to control the loading of data.
Related violations: <none>

PDRC-153#64 Warning
Gated clock check  
Net ethernet_one_gbe_skarab_axi_inst/ethernet_one_gbe_skarab_axi_struct/system_control_one_gbe_skarab2/control_axi_stream_gbe_inst/mem_tmp_reg[157][7]_i_1_n_0 is a gated clock net sourced by a combinational pin ethernet_one_gbe_skarab_axi_inst/ethernet_one_gbe_skarab_axi_struct/system_control_one_gbe_skarab2/control_axi_stream_gbe_inst/mem_tmp_reg[157][7]_i_1/O, cell ethernet_one_gbe_skarab_axi_inst/ethernet_one_gbe_skarab_axi_struct/system_control_one_gbe_skarab2/control_axi_stream_gbe_inst/mem_tmp_reg[157][7]_i_1. This is not good design practice and will likely impact performance. For SLICE registers, for example, use the CE pin to control the loading of data.
Related violations: <none>

PDRC-153#65 Warning
Gated clock check  
Net ethernet_one_gbe_skarab_axi_inst/ethernet_one_gbe_skarab_axi_struct/system_control_one_gbe_skarab2/control_axi_stream_gbe_inst/mem_tmp_reg[158][7]_i_1_n_0 is a gated clock net sourced by a combinational pin ethernet_one_gbe_skarab_axi_inst/ethernet_one_gbe_skarab_axi_struct/system_control_one_gbe_skarab2/control_axi_stream_gbe_inst/mem_tmp_reg[158][7]_i_1/O, cell ethernet_one_gbe_skarab_axi_inst/ethernet_one_gbe_skarab_axi_struct/system_control_one_gbe_skarab2/control_axi_stream_gbe_inst/mem_tmp_reg[158][7]_i_1. This is not good design practice and will likely impact performance. For SLICE registers, for example, use the CE pin to control the loading of data.
Related violations: <none>

PDRC-153#66 Warning
Gated clock check  
Net ethernet_one_gbe_skarab_axi_inst/ethernet_one_gbe_skarab_axi_struct/system_control_one_gbe_skarab2/control_axi_stream_gbe_inst/mem_tmp_reg[159][7]_i_1_n_0 is a gated clock net sourced by a combinational pin ethernet_one_gbe_skarab_axi_inst/ethernet_one_gbe_skarab_axi_struct/system_control_one_gbe_skarab2/control_axi_stream_gbe_inst/mem_tmp_reg[159][7]_i_1/O, cell ethernet_one_gbe_skarab_axi_inst/ethernet_one_gbe_skarab_axi_struct/system_control_one_gbe_skarab2/control_axi_stream_gbe_inst/mem_tmp_reg[159][7]_i_1. This is not good design practice and will likely impact performance. For SLICE registers, for example, use the CE pin to control the loading of data.
Related violations: <none>

PDRC-153#67 Warning
Gated clock check  
Net ethernet_one_gbe_skarab_axi_inst/ethernet_one_gbe_skarab_axi_struct/system_control_one_gbe_skarab2/control_axi_stream_gbe_inst/mem_tmp_reg[15][7]_i_1_n_0 is a gated clock net sourced by a combinational pin ethernet_one_gbe_skarab_axi_inst/ethernet_one_gbe_skarab_axi_struct/system_control_one_gbe_skarab2/control_axi_stream_gbe_inst/mem_tmp_reg[15][7]_i_1/O, cell ethernet_one_gbe_skarab_axi_inst/ethernet_one_gbe_skarab_axi_struct/system_control_one_gbe_skarab2/control_axi_stream_gbe_inst/mem_tmp_reg[15][7]_i_1. This is not good design practice and will likely impact performance. For SLICE registers, for example, use the CE pin to control the loading of data.
Related violations: <none>

PDRC-153#68 Warning
Gated clock check  
Net ethernet_one_gbe_skarab_axi_inst/ethernet_one_gbe_skarab_axi_struct/system_control_one_gbe_skarab2/control_axi_stream_gbe_inst/mem_tmp_reg[160][7]_i_1_n_0 is a gated clock net sourced by a combinational pin ethernet_one_gbe_skarab_axi_inst/ethernet_one_gbe_skarab_axi_struct/system_control_one_gbe_skarab2/control_axi_stream_gbe_inst/mem_tmp_reg[160][7]_i_1/O, cell ethernet_one_gbe_skarab_axi_inst/ethernet_one_gbe_skarab_axi_struct/system_control_one_gbe_skarab2/control_axi_stream_gbe_inst/mem_tmp_reg[160][7]_i_1. This is not good design practice and will likely impact performance. For SLICE registers, for example, use the CE pin to control the loading of data.
Related violations: <none>

PDRC-153#69 Warning
Gated clock check  
Net ethernet_one_gbe_skarab_axi_inst/ethernet_one_gbe_skarab_axi_struct/system_control_one_gbe_skarab2/control_axi_stream_gbe_inst/mem_tmp_reg[161][7]_i_1_n_0 is a gated clock net sourced by a combinational pin ethernet_one_gbe_skarab_axi_inst/ethernet_one_gbe_skarab_axi_struct/system_control_one_gbe_skarab2/control_axi_stream_gbe_inst/mem_tmp_reg[161][7]_i_1/O, cell ethernet_one_gbe_skarab_axi_inst/ethernet_one_gbe_skarab_axi_struct/system_control_one_gbe_skarab2/control_axi_stream_gbe_inst/mem_tmp_reg[161][7]_i_1. This is not good design practice and will likely impact performance. For SLICE registers, for example, use the CE pin to control the loading of data.
Related violations: <none>

PDRC-153#70 Warning
Gated clock check  
Net ethernet_one_gbe_skarab_axi_inst/ethernet_one_gbe_skarab_axi_struct/system_control_one_gbe_skarab2/control_axi_stream_gbe_inst/mem_tmp_reg[162][7]_i_1_n_0 is a gated clock net sourced by a combinational pin ethernet_one_gbe_skarab_axi_inst/ethernet_one_gbe_skarab_axi_struct/system_control_one_gbe_skarab2/control_axi_stream_gbe_inst/mem_tmp_reg[162][7]_i_1/O, cell ethernet_one_gbe_skarab_axi_inst/ethernet_one_gbe_skarab_axi_struct/system_control_one_gbe_skarab2/control_axi_stream_gbe_inst/mem_tmp_reg[162][7]_i_1. This is not good design practice and will likely impact performance. For SLICE registers, for example, use the CE pin to control the loading of data.
Related violations: <none>

PDRC-153#71 Warning
Gated clock check  
Net ethernet_one_gbe_skarab_axi_inst/ethernet_one_gbe_skarab_axi_struct/system_control_one_gbe_skarab2/control_axi_stream_gbe_inst/mem_tmp_reg[163][7]_i_1_n_0 is a gated clock net sourced by a combinational pin ethernet_one_gbe_skarab_axi_inst/ethernet_one_gbe_skarab_axi_struct/system_control_one_gbe_skarab2/control_axi_stream_gbe_inst/mem_tmp_reg[163][7]_i_1/O, cell ethernet_one_gbe_skarab_axi_inst/ethernet_one_gbe_skarab_axi_struct/system_control_one_gbe_skarab2/control_axi_stream_gbe_inst/mem_tmp_reg[163][7]_i_1. This is not good design practice and will likely impact performance. For SLICE registers, for example, use the CE pin to control the loading of data.
Related violations: <none>

PDRC-153#72 Warning
Gated clock check  
Net ethernet_one_gbe_skarab_axi_inst/ethernet_one_gbe_skarab_axi_struct/system_control_one_gbe_skarab2/control_axi_stream_gbe_inst/mem_tmp_reg[164][7]_i_1_n_0 is a gated clock net sourced by a combinational pin ethernet_one_gbe_skarab_axi_inst/ethernet_one_gbe_skarab_axi_struct/system_control_one_gbe_skarab2/control_axi_stream_gbe_inst/mem_tmp_reg[164][7]_i_1/O, cell ethernet_one_gbe_skarab_axi_inst/ethernet_one_gbe_skarab_axi_struct/system_control_one_gbe_skarab2/control_axi_stream_gbe_inst/mem_tmp_reg[164][7]_i_1. This is not good design practice and will likely impact performance. For SLICE registers, for example, use the CE pin to control the loading of data.
Related violations: <none>

PDRC-153#73 Warning
Gated clock check  
Net ethernet_one_gbe_skarab_axi_inst/ethernet_one_gbe_skarab_axi_struct/system_control_one_gbe_skarab2/control_axi_stream_gbe_inst/mem_tmp_reg[165][7]_i_1_n_0 is a gated clock net sourced by a combinational pin ethernet_one_gbe_skarab_axi_inst/ethernet_one_gbe_skarab_axi_struct/system_control_one_gbe_skarab2/control_axi_stream_gbe_inst/mem_tmp_reg[165][7]_i_1/O, cell ethernet_one_gbe_skarab_axi_inst/ethernet_one_gbe_skarab_axi_struct/system_control_one_gbe_skarab2/control_axi_stream_gbe_inst/mem_tmp_reg[165][7]_i_1. This is not good design practice and will likely impact performance. For SLICE registers, for example, use the CE pin to control the loading of data.
Related violations: <none>

PDRC-153#74 Warning
Gated clock check  
Net ethernet_one_gbe_skarab_axi_inst/ethernet_one_gbe_skarab_axi_struct/system_control_one_gbe_skarab2/control_axi_stream_gbe_inst/mem_tmp_reg[166][7]_i_1_n_0 is a gated clock net sourced by a combinational pin ethernet_one_gbe_skarab_axi_inst/ethernet_one_gbe_skarab_axi_struct/system_control_one_gbe_skarab2/control_axi_stream_gbe_inst/mem_tmp_reg[166][7]_i_1/O, cell ethernet_one_gbe_skarab_axi_inst/ethernet_one_gbe_skarab_axi_struct/system_control_one_gbe_skarab2/control_axi_stream_gbe_inst/mem_tmp_reg[166][7]_i_1. This is not good design practice and will likely impact performance. For SLICE registers, for example, use the CE pin to control the loading of data.
Related violations: <none>

PDRC-153#75 Warning
Gated clock check  
Net ethernet_one_gbe_skarab_axi_inst/ethernet_one_gbe_skarab_axi_struct/system_control_one_gbe_skarab2/control_axi_stream_gbe_inst/mem_tmp_reg[167][7]_i_1_n_0 is a gated clock net sourced by a combinational pin ethernet_one_gbe_skarab_axi_inst/ethernet_one_gbe_skarab_axi_struct/system_control_one_gbe_skarab2/control_axi_stream_gbe_inst/mem_tmp_reg[167][7]_i_1/O, cell ethernet_one_gbe_skarab_axi_inst/ethernet_one_gbe_skarab_axi_struct/system_control_one_gbe_skarab2/control_axi_stream_gbe_inst/mem_tmp_reg[167][7]_i_1. This is not good design practice and will likely impact performance. For SLICE registers, for example, use the CE pin to control the loading of data.
Related violations: <none>

PDRC-153#76 Warning
Gated clock check  
Net ethernet_one_gbe_skarab_axi_inst/ethernet_one_gbe_skarab_axi_struct/system_control_one_gbe_skarab2/control_axi_stream_gbe_inst/mem_tmp_reg[168][7]_i_1_n_0 is a gated clock net sourced by a combinational pin ethernet_one_gbe_skarab_axi_inst/ethernet_one_gbe_skarab_axi_struct/system_control_one_gbe_skarab2/control_axi_stream_gbe_inst/mem_tmp_reg[168][7]_i_1/O, cell ethernet_one_gbe_skarab_axi_inst/ethernet_one_gbe_skarab_axi_struct/system_control_one_gbe_skarab2/control_axi_stream_gbe_inst/mem_tmp_reg[168][7]_i_1. This is not good design practice and will likely impact performance. For SLICE registers, for example, use the CE pin to control the loading of data.
Related violations: <none>

PDRC-153#77 Warning
Gated clock check  
Net ethernet_one_gbe_skarab_axi_inst/ethernet_one_gbe_skarab_axi_struct/system_control_one_gbe_skarab2/control_axi_stream_gbe_inst/mem_tmp_reg[169][7]_i_1_n_0 is a gated clock net sourced by a combinational pin ethernet_one_gbe_skarab_axi_inst/ethernet_one_gbe_skarab_axi_struct/system_control_one_gbe_skarab2/control_axi_stream_gbe_inst/mem_tmp_reg[169][7]_i_1/O, cell ethernet_one_gbe_skarab_axi_inst/ethernet_one_gbe_skarab_axi_struct/system_control_one_gbe_skarab2/control_axi_stream_gbe_inst/mem_tmp_reg[169][7]_i_1. This is not good design practice and will likely impact performance. For SLICE registers, for example, use the CE pin to control the loading of data.
Related violations: <none>

PDRC-153#78 Warning
Gated clock check  
Net ethernet_one_gbe_skarab_axi_inst/ethernet_one_gbe_skarab_axi_struct/system_control_one_gbe_skarab2/control_axi_stream_gbe_inst/mem_tmp_reg[16][7]_i_1_n_0 is a gated clock net sourced by a combinational pin ethernet_one_gbe_skarab_axi_inst/ethernet_one_gbe_skarab_axi_struct/system_control_one_gbe_skarab2/control_axi_stream_gbe_inst/mem_tmp_reg[16][7]_i_1/O, cell ethernet_one_gbe_skarab_axi_inst/ethernet_one_gbe_skarab_axi_struct/system_control_one_gbe_skarab2/control_axi_stream_gbe_inst/mem_tmp_reg[16][7]_i_1. This is not good design practice and will likely impact performance. For SLICE registers, for example, use the CE pin to control the loading of data.
Related violations: <none>

PDRC-153#79 Warning
Gated clock check  
Net ethernet_one_gbe_skarab_axi_inst/ethernet_one_gbe_skarab_axi_struct/system_control_one_gbe_skarab2/control_axi_stream_gbe_inst/mem_tmp_reg[170][7]_i_1_n_0 is a gated clock net sourced by a combinational pin ethernet_one_gbe_skarab_axi_inst/ethernet_one_gbe_skarab_axi_struct/system_control_one_gbe_skarab2/control_axi_stream_gbe_inst/mem_tmp_reg[170][7]_i_1/O, cell ethernet_one_gbe_skarab_axi_inst/ethernet_one_gbe_skarab_axi_struct/system_control_one_gbe_skarab2/control_axi_stream_gbe_inst/mem_tmp_reg[170][7]_i_1. This is not good design practice and will likely impact performance. For SLICE registers, for example, use the CE pin to control the loading of data.
Related violations: <none>

PDRC-153#80 Warning
Gated clock check  
Net ethernet_one_gbe_skarab_axi_inst/ethernet_one_gbe_skarab_axi_struct/system_control_one_gbe_skarab2/control_axi_stream_gbe_inst/mem_tmp_reg[171][7]_i_1_n_0 is a gated clock net sourced by a combinational pin ethernet_one_gbe_skarab_axi_inst/ethernet_one_gbe_skarab_axi_struct/system_control_one_gbe_skarab2/control_axi_stream_gbe_inst/mem_tmp_reg[171][7]_i_1/O, cell ethernet_one_gbe_skarab_axi_inst/ethernet_one_gbe_skarab_axi_struct/system_control_one_gbe_skarab2/control_axi_stream_gbe_inst/mem_tmp_reg[171][7]_i_1. This is not good design practice and will likely impact performance. For SLICE registers, for example, use the CE pin to control the loading of data.
Related violations: <none>

PDRC-153#81 Warning
Gated clock check  
Net ethernet_one_gbe_skarab_axi_inst/ethernet_one_gbe_skarab_axi_struct/system_control_one_gbe_skarab2/control_axi_stream_gbe_inst/mem_tmp_reg[172][7]_i_1_n_0 is a gated clock net sourced by a combinational pin ethernet_one_gbe_skarab_axi_inst/ethernet_one_gbe_skarab_axi_struct/system_control_one_gbe_skarab2/control_axi_stream_gbe_inst/mem_tmp_reg[172][7]_i_1/O, cell ethernet_one_gbe_skarab_axi_inst/ethernet_one_gbe_skarab_axi_struct/system_control_one_gbe_skarab2/control_axi_stream_gbe_inst/mem_tmp_reg[172][7]_i_1. This is not good design practice and will likely impact performance. For SLICE registers, for example, use the CE pin to control the loading of data.
Related violations: <none>

PDRC-153#82 Warning
Gated clock check  
Net ethernet_one_gbe_skarab_axi_inst/ethernet_one_gbe_skarab_axi_struct/system_control_one_gbe_skarab2/control_axi_stream_gbe_inst/mem_tmp_reg[173][7]_i_1_n_0 is a gated clock net sourced by a combinational pin ethernet_one_gbe_skarab_axi_inst/ethernet_one_gbe_skarab_axi_struct/system_control_one_gbe_skarab2/control_axi_stream_gbe_inst/mem_tmp_reg[173][7]_i_1/O, cell ethernet_one_gbe_skarab_axi_inst/ethernet_one_gbe_skarab_axi_struct/system_control_one_gbe_skarab2/control_axi_stream_gbe_inst/mem_tmp_reg[173][7]_i_1. This is not good design practice and will likely impact performance. For SLICE registers, for example, use the CE pin to control the loading of data.
Related violations: <none>

PDRC-153#83 Warning
Gated clock check  
Net ethernet_one_gbe_skarab_axi_inst/ethernet_one_gbe_skarab_axi_struct/system_control_one_gbe_skarab2/control_axi_stream_gbe_inst/mem_tmp_reg[174][7]_i_1_n_0 is a gated clock net sourced by a combinational pin ethernet_one_gbe_skarab_axi_inst/ethernet_one_gbe_skarab_axi_struct/system_control_one_gbe_skarab2/control_axi_stream_gbe_inst/mem_tmp_reg[174][7]_i_1/O, cell ethernet_one_gbe_skarab_axi_inst/ethernet_one_gbe_skarab_axi_struct/system_control_one_gbe_skarab2/control_axi_stream_gbe_inst/mem_tmp_reg[174][7]_i_1. This is not good design practice and will likely impact performance. For SLICE registers, for example, use the CE pin to control the loading of data.
Related violations: <none>

PDRC-153#84 Warning
Gated clock check  
Net ethernet_one_gbe_skarab_axi_inst/ethernet_one_gbe_skarab_axi_struct/system_control_one_gbe_skarab2/control_axi_stream_gbe_inst/mem_tmp_reg[175][7]_i_1_n_0 is a gated clock net sourced by a combinational pin ethernet_one_gbe_skarab_axi_inst/ethernet_one_gbe_skarab_axi_struct/system_control_one_gbe_skarab2/control_axi_stream_gbe_inst/mem_tmp_reg[175][7]_i_1/O, cell ethernet_one_gbe_skarab_axi_inst/ethernet_one_gbe_skarab_axi_struct/system_control_one_gbe_skarab2/control_axi_stream_gbe_inst/mem_tmp_reg[175][7]_i_1. This is not good design practice and will likely impact performance. For SLICE registers, for example, use the CE pin to control the loading of data.
Related violations: <none>

PDRC-153#85 Warning
Gated clock check  
Net ethernet_one_gbe_skarab_axi_inst/ethernet_one_gbe_skarab_axi_struct/system_control_one_gbe_skarab2/control_axi_stream_gbe_inst/mem_tmp_reg[176][7]_i_1_n_0 is a gated clock net sourced by a combinational pin ethernet_one_gbe_skarab_axi_inst/ethernet_one_gbe_skarab_axi_struct/system_control_one_gbe_skarab2/control_axi_stream_gbe_inst/mem_tmp_reg[176][7]_i_1/O, cell ethernet_one_gbe_skarab_axi_inst/ethernet_one_gbe_skarab_axi_struct/system_control_one_gbe_skarab2/control_axi_stream_gbe_inst/mem_tmp_reg[176][7]_i_1. This is not good design practice and will likely impact performance. For SLICE registers, for example, use the CE pin to control the loading of data.
Related violations: <none>

PDRC-153#86 Warning
Gated clock check  
Net ethernet_one_gbe_skarab_axi_inst/ethernet_one_gbe_skarab_axi_struct/system_control_one_gbe_skarab2/control_axi_stream_gbe_inst/mem_tmp_reg[177][7]_i_1_n_0 is a gated clock net sourced by a combinational pin ethernet_one_gbe_skarab_axi_inst/ethernet_one_gbe_skarab_axi_struct/system_control_one_gbe_skarab2/control_axi_stream_gbe_inst/mem_tmp_reg[177][7]_i_1/O, cell ethernet_one_gbe_skarab_axi_inst/ethernet_one_gbe_skarab_axi_struct/system_control_one_gbe_skarab2/control_axi_stream_gbe_inst/mem_tmp_reg[177][7]_i_1. This is not good design practice and will likely impact performance. For SLICE registers, for example, use the CE pin to control the loading of data.
Related violations: <none>

PDRC-153#87 Warning
Gated clock check  
Net ethernet_one_gbe_skarab_axi_inst/ethernet_one_gbe_skarab_axi_struct/system_control_one_gbe_skarab2/control_axi_stream_gbe_inst/mem_tmp_reg[178][7]_i_1_n_0 is a gated clock net sourced by a combinational pin ethernet_one_gbe_skarab_axi_inst/ethernet_one_gbe_skarab_axi_struct/system_control_one_gbe_skarab2/control_axi_stream_gbe_inst/mem_tmp_reg[178][7]_i_1/O, cell ethernet_one_gbe_skarab_axi_inst/ethernet_one_gbe_skarab_axi_struct/system_control_one_gbe_skarab2/control_axi_stream_gbe_inst/mem_tmp_reg[178][7]_i_1. This is not good design practice and will likely impact performance. For SLICE registers, for example, use the CE pin to control the loading of data.
Related violations: <none>

PDRC-153#88 Warning
Gated clock check  
Net ethernet_one_gbe_skarab_axi_inst/ethernet_one_gbe_skarab_axi_struct/system_control_one_gbe_skarab2/control_axi_stream_gbe_inst/mem_tmp_reg[179][7]_i_1_n_0 is a gated clock net sourced by a combinational pin ethernet_one_gbe_skarab_axi_inst/ethernet_one_gbe_skarab_axi_struct/system_control_one_gbe_skarab2/control_axi_stream_gbe_inst/mem_tmp_reg[179][7]_i_1/O, cell ethernet_one_gbe_skarab_axi_inst/ethernet_one_gbe_skarab_axi_struct/system_control_one_gbe_skarab2/control_axi_stream_gbe_inst/mem_tmp_reg[179][7]_i_1. This is not good design practice and will likely impact performance. For SLICE registers, for example, use the CE pin to control the loading of data.
Related violations: <none>

PDRC-153#89 Warning
Gated clock check  
Net ethernet_one_gbe_skarab_axi_inst/ethernet_one_gbe_skarab_axi_struct/system_control_one_gbe_skarab2/control_axi_stream_gbe_inst/mem_tmp_reg[17][7]_i_1_n_0 is a gated clock net sourced by a combinational pin ethernet_one_gbe_skarab_axi_inst/ethernet_one_gbe_skarab_axi_struct/system_control_one_gbe_skarab2/control_axi_stream_gbe_inst/mem_tmp_reg[17][7]_i_1/O, cell ethernet_one_gbe_skarab_axi_inst/ethernet_one_gbe_skarab_axi_struct/system_control_one_gbe_skarab2/control_axi_stream_gbe_inst/mem_tmp_reg[17][7]_i_1. This is not good design practice and will likely impact performance. For SLICE registers, for example, use the CE pin to control the loading of data.
Related violations: <none>

PDRC-153#90 Warning
Gated clock check  
Net ethernet_one_gbe_skarab_axi_inst/ethernet_one_gbe_skarab_axi_struct/system_control_one_gbe_skarab2/control_axi_stream_gbe_inst/mem_tmp_reg[180][7]_i_1_n_0 is a gated clock net sourced by a combinational pin ethernet_one_gbe_skarab_axi_inst/ethernet_one_gbe_skarab_axi_struct/system_control_one_gbe_skarab2/control_axi_stream_gbe_inst/mem_tmp_reg[180][7]_i_1/O, cell ethernet_one_gbe_skarab_axi_inst/ethernet_one_gbe_skarab_axi_struct/system_control_one_gbe_skarab2/control_axi_stream_gbe_inst/mem_tmp_reg[180][7]_i_1. This is not good design practice and will likely impact performance. For SLICE registers, for example, use the CE pin to control the loading of data.
Related violations: <none>

PDRC-153#91 Warning
Gated clock check  
Net ethernet_one_gbe_skarab_axi_inst/ethernet_one_gbe_skarab_axi_struct/system_control_one_gbe_skarab2/control_axi_stream_gbe_inst/mem_tmp_reg[181][7]_i_1_n_0 is a gated clock net sourced by a combinational pin ethernet_one_gbe_skarab_axi_inst/ethernet_one_gbe_skarab_axi_struct/system_control_one_gbe_skarab2/control_axi_stream_gbe_inst/mem_tmp_reg[181][7]_i_1/O, cell ethernet_one_gbe_skarab_axi_inst/ethernet_one_gbe_skarab_axi_struct/system_control_one_gbe_skarab2/control_axi_stream_gbe_inst/mem_tmp_reg[181][7]_i_1. This is not good design practice and will likely impact performance. For SLICE registers, for example, use the CE pin to control the loading of data.
Related violations: <none>

PDRC-153#92 Warning
Gated clock check  
Net ethernet_one_gbe_skarab_axi_inst/ethernet_one_gbe_skarab_axi_struct/system_control_one_gbe_skarab2/control_axi_stream_gbe_inst/mem_tmp_reg[182][7]_i_1_n_0 is a gated clock net sourced by a combinational pin ethernet_one_gbe_skarab_axi_inst/ethernet_one_gbe_skarab_axi_struct/system_control_one_gbe_skarab2/control_axi_stream_gbe_inst/mem_tmp_reg[182][7]_i_1/O, cell ethernet_one_gbe_skarab_axi_inst/ethernet_one_gbe_skarab_axi_struct/system_control_one_gbe_skarab2/control_axi_stream_gbe_inst/mem_tmp_reg[182][7]_i_1. This is not good design practice and will likely impact performance. For SLICE registers, for example, use the CE pin to control the loading of data.
Related violations: <none>

PDRC-153#93 Warning
Gated clock check  
Net ethernet_one_gbe_skarab_axi_inst/ethernet_one_gbe_skarab_axi_struct/system_control_one_gbe_skarab2/control_axi_stream_gbe_inst/mem_tmp_reg[183][7]_i_1_n_0 is a gated clock net sourced by a combinational pin ethernet_one_gbe_skarab_axi_inst/ethernet_one_gbe_skarab_axi_struct/system_control_one_gbe_skarab2/control_axi_stream_gbe_inst/mem_tmp_reg[183][7]_i_1/O, cell ethernet_one_gbe_skarab_axi_inst/ethernet_one_gbe_skarab_axi_struct/system_control_one_gbe_skarab2/control_axi_stream_gbe_inst/mem_tmp_reg[183][7]_i_1. This is not good design practice and will likely impact performance. For SLICE registers, for example, use the CE pin to control the loading of data.
Related violations: <none>

PDRC-153#94 Warning
Gated clock check  
Net ethernet_one_gbe_skarab_axi_inst/ethernet_one_gbe_skarab_axi_struct/system_control_one_gbe_skarab2/control_axi_stream_gbe_inst/mem_tmp_reg[184][7]_i_1_n_0 is a gated clock net sourced by a combinational pin ethernet_one_gbe_skarab_axi_inst/ethernet_one_gbe_skarab_axi_struct/system_control_one_gbe_skarab2/control_axi_stream_gbe_inst/mem_tmp_reg[184][7]_i_1/O, cell ethernet_one_gbe_skarab_axi_inst/ethernet_one_gbe_skarab_axi_struct/system_control_one_gbe_skarab2/control_axi_stream_gbe_inst/mem_tmp_reg[184][7]_i_1. This is not good design practice and will likely impact performance. For SLICE registers, for example, use the CE pin to control the loading of data.
Related violations: <none>

PDRC-153#95 Warning
Gated clock check  
Net ethernet_one_gbe_skarab_axi_inst/ethernet_one_gbe_skarab_axi_struct/system_control_one_gbe_skarab2/control_axi_stream_gbe_inst/mem_tmp_reg[185][7]_i_1_n_0 is a gated clock net sourced by a combinational pin ethernet_one_gbe_skarab_axi_inst/ethernet_one_gbe_skarab_axi_struct/system_control_one_gbe_skarab2/control_axi_stream_gbe_inst/mem_tmp_reg[185][7]_i_1/O, cell ethernet_one_gbe_skarab_axi_inst/ethernet_one_gbe_skarab_axi_struct/system_control_one_gbe_skarab2/control_axi_stream_gbe_inst/mem_tmp_reg[185][7]_i_1. This is not good design practice and will likely impact performance. For SLICE registers, for example, use the CE pin to control the loading of data.
Related violations: <none>

PDRC-153#96 Warning
Gated clock check  
Net ethernet_one_gbe_skarab_axi_inst/ethernet_one_gbe_skarab_axi_struct/system_control_one_gbe_skarab2/control_axi_stream_gbe_inst/mem_tmp_reg[186][7]_i_1_n_0 is a gated clock net sourced by a combinational pin ethernet_one_gbe_skarab_axi_inst/ethernet_one_gbe_skarab_axi_struct/system_control_one_gbe_skarab2/control_axi_stream_gbe_inst/mem_tmp_reg[186][7]_i_1/O, cell ethernet_one_gbe_skarab_axi_inst/ethernet_one_gbe_skarab_axi_struct/system_control_one_gbe_skarab2/control_axi_stream_gbe_inst/mem_tmp_reg[186][7]_i_1. This is not good design practice and will likely impact performance. For SLICE registers, for example, use the CE pin to control the loading of data.
Related violations: <none>

PDRC-153#97 Warning
Gated clock check  
Net ethernet_one_gbe_skarab_axi_inst/ethernet_one_gbe_skarab_axi_struct/system_control_one_gbe_skarab2/control_axi_stream_gbe_inst/mem_tmp_reg[187][7]_i_1_n_0 is a gated clock net sourced by a combinational pin ethernet_one_gbe_skarab_axi_inst/ethernet_one_gbe_skarab_axi_struct/system_control_one_gbe_skarab2/control_axi_stream_gbe_inst/mem_tmp_reg[187][7]_i_1/O, cell ethernet_one_gbe_skarab_axi_inst/ethernet_one_gbe_skarab_axi_struct/system_control_one_gbe_skarab2/control_axi_stream_gbe_inst/mem_tmp_reg[187][7]_i_1. This is not good design practice and will likely impact performance. For SLICE registers, for example, use the CE pin to control the loading of data.
Related violations: <none>

PDRC-153#98 Warning
Gated clock check  
Net ethernet_one_gbe_skarab_axi_inst/ethernet_one_gbe_skarab_axi_struct/system_control_one_gbe_skarab2/control_axi_stream_gbe_inst/mem_tmp_reg[188][7]_i_1_n_0 is a gated clock net sourced by a combinational pin ethernet_one_gbe_skarab_axi_inst/ethernet_one_gbe_skarab_axi_struct/system_control_one_gbe_skarab2/control_axi_stream_gbe_inst/mem_tmp_reg[188][7]_i_1/O, cell ethernet_one_gbe_skarab_axi_inst/ethernet_one_gbe_skarab_axi_struct/system_control_one_gbe_skarab2/control_axi_stream_gbe_inst/mem_tmp_reg[188][7]_i_1. This is not good design practice and will likely impact performance. For SLICE registers, for example, use the CE pin to control the loading of data.
Related violations: <none>

PDRC-153#99 Warning
Gated clock check  
Net ethernet_one_gbe_skarab_axi_inst/ethernet_one_gbe_skarab_axi_struct/system_control_one_gbe_skarab2/control_axi_stream_gbe_inst/mem_tmp_reg[189][7]_i_1_n_0 is a gated clock net sourced by a combinational pin ethernet_one_gbe_skarab_axi_inst/ethernet_one_gbe_skarab_axi_struct/system_control_one_gbe_skarab2/control_axi_stream_gbe_inst/mem_tmp_reg[189][7]_i_1/O, cell ethernet_one_gbe_skarab_axi_inst/ethernet_one_gbe_skarab_axi_struct/system_control_one_gbe_skarab2/control_axi_stream_gbe_inst/mem_tmp_reg[189][7]_i_1. This is not good design practice and will likely impact performance. For SLICE registers, for example, use the CE pin to control the loading of data.
Related violations: <none>

PDRC-153#100 Warning
Gated clock check  
Net ethernet_one_gbe_skarab_axi_inst/ethernet_one_gbe_skarab_axi_struct/system_control_one_gbe_skarab2/control_axi_stream_gbe_inst/mem_tmp_reg[18][7]_i_1_n_0 is a gated clock net sourced by a combinational pin ethernet_one_gbe_skarab_axi_inst/ethernet_one_gbe_skarab_axi_struct/system_control_one_gbe_skarab2/control_axi_stream_gbe_inst/mem_tmp_reg[18][7]_i_1/O, cell ethernet_one_gbe_skarab_axi_inst/ethernet_one_gbe_skarab_axi_struct/system_control_one_gbe_skarab2/control_axi_stream_gbe_inst/mem_tmp_reg[18][7]_i_1. This is not good design practice and will likely impact performance. For SLICE registers, for example, use the CE pin to control the loading of data.
Related violations: <none>

PDRC-153#101 Warning
Gated clock check  
Net ethernet_one_gbe_skarab_axi_inst/ethernet_one_gbe_skarab_axi_struct/system_control_one_gbe_skarab2/control_axi_stream_gbe_inst/mem_tmp_reg[190][7]_i_1_n_0 is a gated clock net sourced by a combinational pin ethernet_one_gbe_skarab_axi_inst/ethernet_one_gbe_skarab_axi_struct/system_control_one_gbe_skarab2/control_axi_stream_gbe_inst/mem_tmp_reg[190][7]_i_1/O, cell ethernet_one_gbe_skarab_axi_inst/ethernet_one_gbe_skarab_axi_struct/system_control_one_gbe_skarab2/control_axi_stream_gbe_inst/mem_tmp_reg[190][7]_i_1. This is not good design practice and will likely impact performance. For SLICE registers, for example, use the CE pin to control the loading of data.
Related violations: <none>

PDRC-153#102 Warning
Gated clock check  
Net ethernet_one_gbe_skarab_axi_inst/ethernet_one_gbe_skarab_axi_struct/system_control_one_gbe_skarab2/control_axi_stream_gbe_inst/mem_tmp_reg[191][7]_i_1_n_0 is a gated clock net sourced by a combinational pin ethernet_one_gbe_skarab_axi_inst/ethernet_one_gbe_skarab_axi_struct/system_control_one_gbe_skarab2/control_axi_stream_gbe_inst/mem_tmp_reg[191][7]_i_1/O, cell ethernet_one_gbe_skarab_axi_inst/ethernet_one_gbe_skarab_axi_struct/system_control_one_gbe_skarab2/control_axi_stream_gbe_inst/mem_tmp_reg[191][7]_i_1. This is not good design practice and will likely impact performance. For SLICE registers, for example, use the CE pin to control the loading of data.
Related violations: <none>

PDRC-153#103 Warning
Gated clock check  
Net ethernet_one_gbe_skarab_axi_inst/ethernet_one_gbe_skarab_axi_struct/system_control_one_gbe_skarab2/control_axi_stream_gbe_inst/mem_tmp_reg[192][7]_i_1_n_0 is a gated clock net sourced by a combinational pin ethernet_one_gbe_skarab_axi_inst/ethernet_one_gbe_skarab_axi_struct/system_control_one_gbe_skarab2/control_axi_stream_gbe_inst/mem_tmp_reg[192][7]_i_1/O, cell ethernet_one_gbe_skarab_axi_inst/ethernet_one_gbe_skarab_axi_struct/system_control_one_gbe_skarab2/control_axi_stream_gbe_inst/mem_tmp_reg[192][7]_i_1. This is not good design practice and will likely impact performance. For SLICE registers, for example, use the CE pin to control the loading of data.
Related violations: <none>

PDRC-153#104 Warning
Gated clock check  
Net ethernet_one_gbe_skarab_axi_inst/ethernet_one_gbe_skarab_axi_struct/system_control_one_gbe_skarab2/control_axi_stream_gbe_inst/mem_tmp_reg[193][7]_i_1_n_0 is a gated clock net sourced by a combinational pin ethernet_one_gbe_skarab_axi_inst/ethernet_one_gbe_skarab_axi_struct/system_control_one_gbe_skarab2/control_axi_stream_gbe_inst/mem_tmp_reg[193][7]_i_1/O, cell ethernet_one_gbe_skarab_axi_inst/ethernet_one_gbe_skarab_axi_struct/system_control_one_gbe_skarab2/control_axi_stream_gbe_inst/mem_tmp_reg[193][7]_i_1. This is not good design practice and will likely impact performance. For SLICE registers, for example, use the CE pin to control the loading of data.
Related violations: <none>

PDRC-153#105 Warning
Gated clock check  
Net ethernet_one_gbe_skarab_axi_inst/ethernet_one_gbe_skarab_axi_struct/system_control_one_gbe_skarab2/control_axi_stream_gbe_inst/mem_tmp_reg[194][7]_i_1_n_0 is a gated clock net sourced by a combinational pin ethernet_one_gbe_skarab_axi_inst/ethernet_one_gbe_skarab_axi_struct/system_control_one_gbe_skarab2/control_axi_stream_gbe_inst/mem_tmp_reg[194][7]_i_1/O, cell ethernet_one_gbe_skarab_axi_inst/ethernet_one_gbe_skarab_axi_struct/system_control_one_gbe_skarab2/control_axi_stream_gbe_inst/mem_tmp_reg[194][7]_i_1. This is not good design practice and will likely impact performance. For SLICE registers, for example, use the CE pin to control the loading of data.
Related violations: <none>

PDRC-153#106 Warning
Gated clock check  
Net ethernet_one_gbe_skarab_axi_inst/ethernet_one_gbe_skarab_axi_struct/system_control_one_gbe_skarab2/control_axi_stream_gbe_inst/mem_tmp_reg[195][7]_i_1_n_0 is a gated clock net sourced by a combinational pin ethernet_one_gbe_skarab_axi_inst/ethernet_one_gbe_skarab_axi_struct/system_control_one_gbe_skarab2/control_axi_stream_gbe_inst/mem_tmp_reg[195][7]_i_1/O, cell ethernet_one_gbe_skarab_axi_inst/ethernet_one_gbe_skarab_axi_struct/system_control_one_gbe_skarab2/control_axi_stream_gbe_inst/mem_tmp_reg[195][7]_i_1. This is not good design practice and will likely impact performance. For SLICE registers, for example, use the CE pin to control the loading of data.
Related violations: <none>

PDRC-153#107 Warning
Gated clock check  
Net ethernet_one_gbe_skarab_axi_inst/ethernet_one_gbe_skarab_axi_struct/system_control_one_gbe_skarab2/control_axi_stream_gbe_inst/mem_tmp_reg[196][7]_i_1_n_0 is a gated clock net sourced by a combinational pin ethernet_one_gbe_skarab_axi_inst/ethernet_one_gbe_skarab_axi_struct/system_control_one_gbe_skarab2/control_axi_stream_gbe_inst/mem_tmp_reg[196][7]_i_1/O, cell ethernet_one_gbe_skarab_axi_inst/ethernet_one_gbe_skarab_axi_struct/system_control_one_gbe_skarab2/control_axi_stream_gbe_inst/mem_tmp_reg[196][7]_i_1. This is not good design practice and will likely impact performance. For SLICE registers, for example, use the CE pin to control the loading of data.
Related violations: <none>

PDRC-153#108 Warning
Gated clock check  
Net ethernet_one_gbe_skarab_axi_inst/ethernet_one_gbe_skarab_axi_struct/system_control_one_gbe_skarab2/control_axi_stream_gbe_inst/mem_tmp_reg[197][7]_i_1_n_0 is a gated clock net sourced by a combinational pin ethernet_one_gbe_skarab_axi_inst/ethernet_one_gbe_skarab_axi_struct/system_control_one_gbe_skarab2/control_axi_stream_gbe_inst/mem_tmp_reg[197][7]_i_1/O, cell ethernet_one_gbe_skarab_axi_inst/ethernet_one_gbe_skarab_axi_struct/system_control_one_gbe_skarab2/control_axi_stream_gbe_inst/mem_tmp_reg[197][7]_i_1. This is not good design practice and will likely impact performance. For SLICE registers, for example, use the CE pin to control the loading of data.
Related violations: <none>

PDRC-153#109 Warning
Gated clock check  
Net ethernet_one_gbe_skarab_axi_inst/ethernet_one_gbe_skarab_axi_struct/system_control_one_gbe_skarab2/control_axi_stream_gbe_inst/mem_tmp_reg[198][7]_i_1_n_0 is a gated clock net sourced by a combinational pin ethernet_one_gbe_skarab_axi_inst/ethernet_one_gbe_skarab_axi_struct/system_control_one_gbe_skarab2/control_axi_stream_gbe_inst/mem_tmp_reg[198][7]_i_1/O, cell ethernet_one_gbe_skarab_axi_inst/ethernet_one_gbe_skarab_axi_struct/system_control_one_gbe_skarab2/control_axi_stream_gbe_inst/mem_tmp_reg[198][7]_i_1. This is not good design practice and will likely impact performance. For SLICE registers, for example, use the CE pin to control the loading of data.
Related violations: <none>

PDRC-153#110 Warning
Gated clock check  
Net ethernet_one_gbe_skarab_axi_inst/ethernet_one_gbe_skarab_axi_struct/system_control_one_gbe_skarab2/control_axi_stream_gbe_inst/mem_tmp_reg[199][7]_i_1_n_0 is a gated clock net sourced by a combinational pin ethernet_one_gbe_skarab_axi_inst/ethernet_one_gbe_skarab_axi_struct/system_control_one_gbe_skarab2/control_axi_stream_gbe_inst/mem_tmp_reg[199][7]_i_1/O, cell ethernet_one_gbe_skarab_axi_inst/ethernet_one_gbe_skarab_axi_struct/system_control_one_gbe_skarab2/control_axi_stream_gbe_inst/mem_tmp_reg[199][7]_i_1. This is not good design practice and will likely impact performance. For SLICE registers, for example, use the CE pin to control the loading of data.
Related violations: <none>

PDRC-153#111 Warning
Gated clock check  
Net ethernet_one_gbe_skarab_axi_inst/ethernet_one_gbe_skarab_axi_struct/system_control_one_gbe_skarab2/control_axi_stream_gbe_inst/mem_tmp_reg[19][7]_i_1_n_0 is a gated clock net sourced by a combinational pin ethernet_one_gbe_skarab_axi_inst/ethernet_one_gbe_skarab_axi_struct/system_control_one_gbe_skarab2/control_axi_stream_gbe_inst/mem_tmp_reg[19][7]_i_1/O, cell ethernet_one_gbe_skarab_axi_inst/ethernet_one_gbe_skarab_axi_struct/system_control_one_gbe_skarab2/control_axi_stream_gbe_inst/mem_tmp_reg[19][7]_i_1. This is not good design practice and will likely impact performance. For SLICE registers, for example, use the CE pin to control the loading of data.
Related violations: <none>

PDRC-153#112 Warning
Gated clock check  
Net ethernet_one_gbe_skarab_axi_inst/ethernet_one_gbe_skarab_axi_struct/system_control_one_gbe_skarab2/control_axi_stream_gbe_inst/mem_tmp_reg[1][7]_i_1_n_0 is a gated clock net sourced by a combinational pin ethernet_one_gbe_skarab_axi_inst/ethernet_one_gbe_skarab_axi_struct/system_control_one_gbe_skarab2/control_axi_stream_gbe_inst/mem_tmp_reg[1][7]_i_1/O, cell ethernet_one_gbe_skarab_axi_inst/ethernet_one_gbe_skarab_axi_struct/system_control_one_gbe_skarab2/control_axi_stream_gbe_inst/mem_tmp_reg[1][7]_i_1. This is not good design practice and will likely impact performance. For SLICE registers, for example, use the CE pin to control the loading of data.
Related violations: <none>

PDRC-153#113 Warning
Gated clock check  
Net ethernet_one_gbe_skarab_axi_inst/ethernet_one_gbe_skarab_axi_struct/system_control_one_gbe_skarab2/control_axi_stream_gbe_inst/mem_tmp_reg[200][7]_i_1_n_0 is a gated clock net sourced by a combinational pin ethernet_one_gbe_skarab_axi_inst/ethernet_one_gbe_skarab_axi_struct/system_control_one_gbe_skarab2/control_axi_stream_gbe_inst/mem_tmp_reg[200][7]_i_1/O, cell ethernet_one_gbe_skarab_axi_inst/ethernet_one_gbe_skarab_axi_struct/system_control_one_gbe_skarab2/control_axi_stream_gbe_inst/mem_tmp_reg[200][7]_i_1. This is not good design practice and will likely impact performance. For SLICE registers, for example, use the CE pin to control the loading of data.
Related violations: <none>

PDRC-153#114 Warning
Gated clock check  
Net ethernet_one_gbe_skarab_axi_inst/ethernet_one_gbe_skarab_axi_struct/system_control_one_gbe_skarab2/control_axi_stream_gbe_inst/mem_tmp_reg[201][7]_i_1_n_0 is a gated clock net sourced by a combinational pin ethernet_one_gbe_skarab_axi_inst/ethernet_one_gbe_skarab_axi_struct/system_control_one_gbe_skarab2/control_axi_stream_gbe_inst/mem_tmp_reg[201][7]_i_1/O, cell ethernet_one_gbe_skarab_axi_inst/ethernet_one_gbe_skarab_axi_struct/system_control_one_gbe_skarab2/control_axi_stream_gbe_inst/mem_tmp_reg[201][7]_i_1. This is not good design practice and will likely impact performance. For SLICE registers, for example, use the CE pin to control the loading of data.
Related violations: <none>

PDRC-153#115 Warning
Gated clock check  
Net ethernet_one_gbe_skarab_axi_inst/ethernet_one_gbe_skarab_axi_struct/system_control_one_gbe_skarab2/control_axi_stream_gbe_inst/mem_tmp_reg[202][7]_i_1_n_0 is a gated clock net sourced by a combinational pin ethernet_one_gbe_skarab_axi_inst/ethernet_one_gbe_skarab_axi_struct/system_control_one_gbe_skarab2/control_axi_stream_gbe_inst/mem_tmp_reg[202][7]_i_1/O, cell ethernet_one_gbe_skarab_axi_inst/ethernet_one_gbe_skarab_axi_struct/system_control_one_gbe_skarab2/control_axi_stream_gbe_inst/mem_tmp_reg[202][7]_i_1. This is not good design practice and will likely impact performance. For SLICE registers, for example, use the CE pin to control the loading of data.
Related violations: <none>

PDRC-153#116 Warning
Gated clock check  
Net ethernet_one_gbe_skarab_axi_inst/ethernet_one_gbe_skarab_axi_struct/system_control_one_gbe_skarab2/control_axi_stream_gbe_inst/mem_tmp_reg[203][7]_i_1_n_0 is a gated clock net sourced by a combinational pin ethernet_one_gbe_skarab_axi_inst/ethernet_one_gbe_skarab_axi_struct/system_control_one_gbe_skarab2/control_axi_stream_gbe_inst/mem_tmp_reg[203][7]_i_1/O, cell ethernet_one_gbe_skarab_axi_inst/ethernet_one_gbe_skarab_axi_struct/system_control_one_gbe_skarab2/control_axi_stream_gbe_inst/mem_tmp_reg[203][7]_i_1. This is not good design practice and will likely impact performance. For SLICE registers, for example, use the CE pin to control the loading of data.
Related violations: <none>

PDRC-153#117 Warning
Gated clock check  
Net ethernet_one_gbe_skarab_axi_inst/ethernet_one_gbe_skarab_axi_struct/system_control_one_gbe_skarab2/control_axi_stream_gbe_inst/mem_tmp_reg[204][7]_i_1_n_0 is a gated clock net sourced by a combinational pin ethernet_one_gbe_skarab_axi_inst/ethernet_one_gbe_skarab_axi_struct/system_control_one_gbe_skarab2/control_axi_stream_gbe_inst/mem_tmp_reg[204][7]_i_1/O, cell ethernet_one_gbe_skarab_axi_inst/ethernet_one_gbe_skarab_axi_struct/system_control_one_gbe_skarab2/control_axi_stream_gbe_inst/mem_tmp_reg[204][7]_i_1. This is not good design practice and will likely impact performance. For SLICE registers, for example, use the CE pin to control the loading of data.
Related violations: <none>

PDRC-153#118 Warning
Gated clock check  
Net ethernet_one_gbe_skarab_axi_inst/ethernet_one_gbe_skarab_axi_struct/system_control_one_gbe_skarab2/control_axi_stream_gbe_inst/mem_tmp_reg[205][7]_i_1_n_0 is a gated clock net sourced by a combinational pin ethernet_one_gbe_skarab_axi_inst/ethernet_one_gbe_skarab_axi_struct/system_control_one_gbe_skarab2/control_axi_stream_gbe_inst/mem_tmp_reg[205][7]_i_1/O, cell ethernet_one_gbe_skarab_axi_inst/ethernet_one_gbe_skarab_axi_struct/system_control_one_gbe_skarab2/control_axi_stream_gbe_inst/mem_tmp_reg[205][7]_i_1. This is not good design practice and will likely impact performance. For SLICE registers, for example, use the CE pin to control the loading of data.
Related violations: <none>

PDRC-153#119 Warning
Gated clock check  
Net ethernet_one_gbe_skarab_axi_inst/ethernet_one_gbe_skarab_axi_struct/system_control_one_gbe_skarab2/control_axi_stream_gbe_inst/mem_tmp_reg[206][7]_i_1_n_0 is a gated clock net sourced by a combinational pin ethernet_one_gbe_skarab_axi_inst/ethernet_one_gbe_skarab_axi_struct/system_control_one_gbe_skarab2/control_axi_stream_gbe_inst/mem_tmp_reg[206][7]_i_1/O, cell ethernet_one_gbe_skarab_axi_inst/ethernet_one_gbe_skarab_axi_struct/system_control_one_gbe_skarab2/control_axi_stream_gbe_inst/mem_tmp_reg[206][7]_i_1. This is not good design practice and will likely impact performance. For SLICE registers, for example, use the CE pin to control the loading of data.
Related violations: <none>

PDRC-153#120 Warning
Gated clock check  
Net ethernet_one_gbe_skarab_axi_inst/ethernet_one_gbe_skarab_axi_struct/system_control_one_gbe_skarab2/control_axi_stream_gbe_inst/mem_tmp_reg[207][7]_i_1_n_0 is a gated clock net sourced by a combinational pin ethernet_one_gbe_skarab_axi_inst/ethernet_one_gbe_skarab_axi_struct/system_control_one_gbe_skarab2/control_axi_stream_gbe_inst/mem_tmp_reg[207][7]_i_1/O, cell ethernet_one_gbe_skarab_axi_inst/ethernet_one_gbe_skarab_axi_struct/system_control_one_gbe_skarab2/control_axi_stream_gbe_inst/mem_tmp_reg[207][7]_i_1. This is not good design practice and will likely impact performance. For SLICE registers, for example, use the CE pin to control the loading of data.
Related violations: <none>

PDRC-153#121 Warning
Gated clock check  
Net ethernet_one_gbe_skarab_axi_inst/ethernet_one_gbe_skarab_axi_struct/system_control_one_gbe_skarab2/control_axi_stream_gbe_inst/mem_tmp_reg[208][7]_i_1_n_0 is a gated clock net sourced by a combinational pin ethernet_one_gbe_skarab_axi_inst/ethernet_one_gbe_skarab_axi_struct/system_control_one_gbe_skarab2/control_axi_stream_gbe_inst/mem_tmp_reg[208][7]_i_1/O, cell ethernet_one_gbe_skarab_axi_inst/ethernet_one_gbe_skarab_axi_struct/system_control_one_gbe_skarab2/control_axi_stream_gbe_inst/mem_tmp_reg[208][7]_i_1. This is not good design practice and will likely impact performance. For SLICE registers, for example, use the CE pin to control the loading of data.
Related violations: <none>

PDRC-153#122 Warning
Gated clock check  
Net ethernet_one_gbe_skarab_axi_inst/ethernet_one_gbe_skarab_axi_struct/system_control_one_gbe_skarab2/control_axi_stream_gbe_inst/mem_tmp_reg[209][7]_i_1_n_0 is a gated clock net sourced by a combinational pin ethernet_one_gbe_skarab_axi_inst/ethernet_one_gbe_skarab_axi_struct/system_control_one_gbe_skarab2/control_axi_stream_gbe_inst/mem_tmp_reg[209][7]_i_1/O, cell ethernet_one_gbe_skarab_axi_inst/ethernet_one_gbe_skarab_axi_struct/system_control_one_gbe_skarab2/control_axi_stream_gbe_inst/mem_tmp_reg[209][7]_i_1. This is not good design practice and will likely impact performance. For SLICE registers, for example, use the CE pin to control the loading of data.
Related violations: <none>

PDRC-153#123 Warning
Gated clock check  
Net ethernet_one_gbe_skarab_axi_inst/ethernet_one_gbe_skarab_axi_struct/system_control_one_gbe_skarab2/control_axi_stream_gbe_inst/mem_tmp_reg[20][7]_i_1_n_0 is a gated clock net sourced by a combinational pin ethernet_one_gbe_skarab_axi_inst/ethernet_one_gbe_skarab_axi_struct/system_control_one_gbe_skarab2/control_axi_stream_gbe_inst/mem_tmp_reg[20][7]_i_1/O, cell ethernet_one_gbe_skarab_axi_inst/ethernet_one_gbe_skarab_axi_struct/system_control_one_gbe_skarab2/control_axi_stream_gbe_inst/mem_tmp_reg[20][7]_i_1. This is not good design practice and will likely impact performance. For SLICE registers, for example, use the CE pin to control the loading of data.
Related violations: <none>

PDRC-153#124 Warning
Gated clock check  
Net ethernet_one_gbe_skarab_axi_inst/ethernet_one_gbe_skarab_axi_struct/system_control_one_gbe_skarab2/control_axi_stream_gbe_inst/mem_tmp_reg[210][7]_i_1_n_0 is a gated clock net sourced by a combinational pin ethernet_one_gbe_skarab_axi_inst/ethernet_one_gbe_skarab_axi_struct/system_control_one_gbe_skarab2/control_axi_stream_gbe_inst/mem_tmp_reg[210][7]_i_1/O, cell ethernet_one_gbe_skarab_axi_inst/ethernet_one_gbe_skarab_axi_struct/system_control_one_gbe_skarab2/control_axi_stream_gbe_inst/mem_tmp_reg[210][7]_i_1. This is not good design practice and will likely impact performance. For SLICE registers, for example, use the CE pin to control the loading of data.
Related violations: <none>

PDRC-153#125 Warning
Gated clock check  
Net ethernet_one_gbe_skarab_axi_inst/ethernet_one_gbe_skarab_axi_struct/system_control_one_gbe_skarab2/control_axi_stream_gbe_inst/mem_tmp_reg[211][7]_i_1_n_0 is a gated clock net sourced by a combinational pin ethernet_one_gbe_skarab_axi_inst/ethernet_one_gbe_skarab_axi_struct/system_control_one_gbe_skarab2/control_axi_stream_gbe_inst/mem_tmp_reg[211][7]_i_1/O, cell ethernet_one_gbe_skarab_axi_inst/ethernet_one_gbe_skarab_axi_struct/system_control_one_gbe_skarab2/control_axi_stream_gbe_inst/mem_tmp_reg[211][7]_i_1. This is not good design practice and will likely impact performance. For SLICE registers, for example, use the CE pin to control the loading of data.
Related violations: <none>

PDRC-153#126 Warning
Gated clock check  
Net ethernet_one_gbe_skarab_axi_inst/ethernet_one_gbe_skarab_axi_struct/system_control_one_gbe_skarab2/control_axi_stream_gbe_inst/mem_tmp_reg[212][7]_i_1_n_0 is a gated clock net sourced by a combinational pin ethernet_one_gbe_skarab_axi_inst/ethernet_one_gbe_skarab_axi_struct/system_control_one_gbe_skarab2/control_axi_stream_gbe_inst/mem_tmp_reg[212][7]_i_1/O, cell ethernet_one_gbe_skarab_axi_inst/ethernet_one_gbe_skarab_axi_struct/system_control_one_gbe_skarab2/control_axi_stream_gbe_inst/mem_tmp_reg[212][7]_i_1. This is not good design practice and will likely impact performance. For SLICE registers, for example, use the CE pin to control the loading of data.
Related violations: <none>

PDRC-153#127 Warning
Gated clock check  
Net ethernet_one_gbe_skarab_axi_inst/ethernet_one_gbe_skarab_axi_struct/system_control_one_gbe_skarab2/control_axi_stream_gbe_inst/mem_tmp_reg[213][7]_i_1_n_0 is a gated clock net sourced by a combinational pin ethernet_one_gbe_skarab_axi_inst/ethernet_one_gbe_skarab_axi_struct/system_control_one_gbe_skarab2/control_axi_stream_gbe_inst/mem_tmp_reg[213][7]_i_1/O, cell ethernet_one_gbe_skarab_axi_inst/ethernet_one_gbe_skarab_axi_struct/system_control_one_gbe_skarab2/control_axi_stream_gbe_inst/mem_tmp_reg[213][7]_i_1. This is not good design practice and will likely impact performance. For SLICE registers, for example, use the CE pin to control the loading of data.
Related violations: <none>

PDRC-153#128 Warning
Gated clock check  
Net ethernet_one_gbe_skarab_axi_inst/ethernet_one_gbe_skarab_axi_struct/system_control_one_gbe_skarab2/control_axi_stream_gbe_inst/mem_tmp_reg[214][7]_i_1_n_0 is a gated clock net sourced by a combinational pin ethernet_one_gbe_skarab_axi_inst/ethernet_one_gbe_skarab_axi_struct/system_control_one_gbe_skarab2/control_axi_stream_gbe_inst/mem_tmp_reg[214][7]_i_1/O, cell ethernet_one_gbe_skarab_axi_inst/ethernet_one_gbe_skarab_axi_struct/system_control_one_gbe_skarab2/control_axi_stream_gbe_inst/mem_tmp_reg[214][7]_i_1. This is not good design practice and will likely impact performance. For SLICE registers, for example, use the CE pin to control the loading of data.
Related violations: <none>

PDRC-153#129 Warning
Gated clock check  
Net ethernet_one_gbe_skarab_axi_inst/ethernet_one_gbe_skarab_axi_struct/system_control_one_gbe_skarab2/control_axi_stream_gbe_inst/mem_tmp_reg[215][7]_i_1_n_0 is a gated clock net sourced by a combinational pin ethernet_one_gbe_skarab_axi_inst/ethernet_one_gbe_skarab_axi_struct/system_control_one_gbe_skarab2/control_axi_stream_gbe_inst/mem_tmp_reg[215][7]_i_1/O, cell ethernet_one_gbe_skarab_axi_inst/ethernet_one_gbe_skarab_axi_struct/system_control_one_gbe_skarab2/control_axi_stream_gbe_inst/mem_tmp_reg[215][7]_i_1. This is not good design practice and will likely impact performance. For SLICE registers, for example, use the CE pin to control the loading of data.
Related violations: <none>

PDRC-153#130 Warning
Gated clock check  
Net ethernet_one_gbe_skarab_axi_inst/ethernet_one_gbe_skarab_axi_struct/system_control_one_gbe_skarab2/control_axi_stream_gbe_inst/mem_tmp_reg[216][7]_i_1_n_0 is a gated clock net sourced by a combinational pin ethernet_one_gbe_skarab_axi_inst/ethernet_one_gbe_skarab_axi_struct/system_control_one_gbe_skarab2/control_axi_stream_gbe_inst/mem_tmp_reg[216][7]_i_1/O, cell ethernet_one_gbe_skarab_axi_inst/ethernet_one_gbe_skarab_axi_struct/system_control_one_gbe_skarab2/control_axi_stream_gbe_inst/mem_tmp_reg[216][7]_i_1. This is not good design practice and will likely impact performance. For SLICE registers, for example, use the CE pin to control the loading of data.
Related violations: <none>

PDRC-153#131 Warning
Gated clock check  
Net ethernet_one_gbe_skarab_axi_inst/ethernet_one_gbe_skarab_axi_struct/system_control_one_gbe_skarab2/control_axi_stream_gbe_inst/mem_tmp_reg[217][7]_i_1_n_0 is a gated clock net sourced by a combinational pin ethernet_one_gbe_skarab_axi_inst/ethernet_one_gbe_skarab_axi_struct/system_control_one_gbe_skarab2/control_axi_stream_gbe_inst/mem_tmp_reg[217][7]_i_1/O, cell ethernet_one_gbe_skarab_axi_inst/ethernet_one_gbe_skarab_axi_struct/system_control_one_gbe_skarab2/control_axi_stream_gbe_inst/mem_tmp_reg[217][7]_i_1. This is not good design practice and will likely impact performance. For SLICE registers, for example, use the CE pin to control the loading of data.
Related violations: <none>

PDRC-153#132 Warning
Gated clock check  
Net ethernet_one_gbe_skarab_axi_inst/ethernet_one_gbe_skarab_axi_struct/system_control_one_gbe_skarab2/control_axi_stream_gbe_inst/mem_tmp_reg[218][7]_i_1_n_0 is a gated clock net sourced by a combinational pin ethernet_one_gbe_skarab_axi_inst/ethernet_one_gbe_skarab_axi_struct/system_control_one_gbe_skarab2/control_axi_stream_gbe_inst/mem_tmp_reg[218][7]_i_1/O, cell ethernet_one_gbe_skarab_axi_inst/ethernet_one_gbe_skarab_axi_struct/system_control_one_gbe_skarab2/control_axi_stream_gbe_inst/mem_tmp_reg[218][7]_i_1. This is not good design practice and will likely impact performance. For SLICE registers, for example, use the CE pin to control the loading of data.
Related violations: <none>

PDRC-153#133 Warning
Gated clock check  
Net ethernet_one_gbe_skarab_axi_inst/ethernet_one_gbe_skarab_axi_struct/system_control_one_gbe_skarab2/control_axi_stream_gbe_inst/mem_tmp_reg[219][7]_i_1_n_0 is a gated clock net sourced by a combinational pin ethernet_one_gbe_skarab_axi_inst/ethernet_one_gbe_skarab_axi_struct/system_control_one_gbe_skarab2/control_axi_stream_gbe_inst/mem_tmp_reg[219][7]_i_1/O, cell ethernet_one_gbe_skarab_axi_inst/ethernet_one_gbe_skarab_axi_struct/system_control_one_gbe_skarab2/control_axi_stream_gbe_inst/mem_tmp_reg[219][7]_i_1. This is not good design practice and will likely impact performance. For SLICE registers, for example, use the CE pin to control the loading of data.
Related violations: <none>

PDRC-153#134 Warning
Gated clock check  
Net ethernet_one_gbe_skarab_axi_inst/ethernet_one_gbe_skarab_axi_struct/system_control_one_gbe_skarab2/control_axi_stream_gbe_inst/mem_tmp_reg[21][7]_i_1_n_0 is a gated clock net sourced by a combinational pin ethernet_one_gbe_skarab_axi_inst/ethernet_one_gbe_skarab_axi_struct/system_control_one_gbe_skarab2/control_axi_stream_gbe_inst/mem_tmp_reg[21][7]_i_1/O, cell ethernet_one_gbe_skarab_axi_inst/ethernet_one_gbe_skarab_axi_struct/system_control_one_gbe_skarab2/control_axi_stream_gbe_inst/mem_tmp_reg[21][7]_i_1. This is not good design practice and will likely impact performance. For SLICE registers, for example, use the CE pin to control the loading of data.
Related violations: <none>

PDRC-153#135 Warning
Gated clock check  
Net ethernet_one_gbe_skarab_axi_inst/ethernet_one_gbe_skarab_axi_struct/system_control_one_gbe_skarab2/control_axi_stream_gbe_inst/mem_tmp_reg[220][7]_i_1_n_0 is a gated clock net sourced by a combinational pin ethernet_one_gbe_skarab_axi_inst/ethernet_one_gbe_skarab_axi_struct/system_control_one_gbe_skarab2/control_axi_stream_gbe_inst/mem_tmp_reg[220][7]_i_1/O, cell ethernet_one_gbe_skarab_axi_inst/ethernet_one_gbe_skarab_axi_struct/system_control_one_gbe_skarab2/control_axi_stream_gbe_inst/mem_tmp_reg[220][7]_i_1. This is not good design practice and will likely impact performance. For SLICE registers, for example, use the CE pin to control the loading of data.
Related violations: <none>

PDRC-153#136 Warning
Gated clock check  
Net ethernet_one_gbe_skarab_axi_inst/ethernet_one_gbe_skarab_axi_struct/system_control_one_gbe_skarab2/control_axi_stream_gbe_inst/mem_tmp_reg[221][7]_i_1_n_0 is a gated clock net sourced by a combinational pin ethernet_one_gbe_skarab_axi_inst/ethernet_one_gbe_skarab_axi_struct/system_control_one_gbe_skarab2/control_axi_stream_gbe_inst/mem_tmp_reg[221][7]_i_1/O, cell ethernet_one_gbe_skarab_axi_inst/ethernet_one_gbe_skarab_axi_struct/system_control_one_gbe_skarab2/control_axi_stream_gbe_inst/mem_tmp_reg[221][7]_i_1. This is not good design practice and will likely impact performance. For SLICE registers, for example, use the CE pin to control the loading of data.
Related violations: <none>

PDRC-153#137 Warning
Gated clock check  
Net ethernet_one_gbe_skarab_axi_inst/ethernet_one_gbe_skarab_axi_struct/system_control_one_gbe_skarab2/control_axi_stream_gbe_inst/mem_tmp_reg[222][7]_i_1_n_0 is a gated clock net sourced by a combinational pin ethernet_one_gbe_skarab_axi_inst/ethernet_one_gbe_skarab_axi_struct/system_control_one_gbe_skarab2/control_axi_stream_gbe_inst/mem_tmp_reg[222][7]_i_1/O, cell ethernet_one_gbe_skarab_axi_inst/ethernet_one_gbe_skarab_axi_struct/system_control_one_gbe_skarab2/control_axi_stream_gbe_inst/mem_tmp_reg[222][7]_i_1. This is not good design practice and will likely impact performance. For SLICE registers, for example, use the CE pin to control the loading of data.
Related violations: <none>

PDRC-153#138 Warning
Gated clock check  
Net ethernet_one_gbe_skarab_axi_inst/ethernet_one_gbe_skarab_axi_struct/system_control_one_gbe_skarab2/control_axi_stream_gbe_inst/mem_tmp_reg[223][7]_i_1_n_0 is a gated clock net sourced by a combinational pin ethernet_one_gbe_skarab_axi_inst/ethernet_one_gbe_skarab_axi_struct/system_control_one_gbe_skarab2/control_axi_stream_gbe_inst/mem_tmp_reg[223][7]_i_1/O, cell ethernet_one_gbe_skarab_axi_inst/ethernet_one_gbe_skarab_axi_struct/system_control_one_gbe_skarab2/control_axi_stream_gbe_inst/mem_tmp_reg[223][7]_i_1. This is not good design practice and will likely impact performance. For SLICE registers, for example, use the CE pin to control the loading of data.
Related violations: <none>

PDRC-153#139 Warning
Gated clock check  
Net ethernet_one_gbe_skarab_axi_inst/ethernet_one_gbe_skarab_axi_struct/system_control_one_gbe_skarab2/control_axi_stream_gbe_inst/mem_tmp_reg[224][7]_i_1_n_0 is a gated clock net sourced by a combinational pin ethernet_one_gbe_skarab_axi_inst/ethernet_one_gbe_skarab_axi_struct/system_control_one_gbe_skarab2/control_axi_stream_gbe_inst/mem_tmp_reg[224][7]_i_1/O, cell ethernet_one_gbe_skarab_axi_inst/ethernet_one_gbe_skarab_axi_struct/system_control_one_gbe_skarab2/control_axi_stream_gbe_inst/mem_tmp_reg[224][7]_i_1. This is not good design practice and will likely impact performance. For SLICE registers, for example, use the CE pin to control the loading of data.
Related violations: <none>

PDRC-153#140 Warning
Gated clock check  
Net ethernet_one_gbe_skarab_axi_inst/ethernet_one_gbe_skarab_axi_struct/system_control_one_gbe_skarab2/control_axi_stream_gbe_inst/mem_tmp_reg[225][7]_i_1_n_0 is a gated clock net sourced by a combinational pin ethernet_one_gbe_skarab_axi_inst/ethernet_one_gbe_skarab_axi_struct/system_control_one_gbe_skarab2/control_axi_stream_gbe_inst/mem_tmp_reg[225][7]_i_1/O, cell ethernet_one_gbe_skarab_axi_inst/ethernet_one_gbe_skarab_axi_struct/system_control_one_gbe_skarab2/control_axi_stream_gbe_inst/mem_tmp_reg[225][7]_i_1. This is not good design practice and will likely impact performance. For SLICE registers, for example, use the CE pin to control the loading of data.
Related violations: <none>

PDRC-153#141 Warning
Gated clock check  
Net ethernet_one_gbe_skarab_axi_inst/ethernet_one_gbe_skarab_axi_struct/system_control_one_gbe_skarab2/control_axi_stream_gbe_inst/mem_tmp_reg[226][7]_i_1_n_0 is a gated clock net sourced by a combinational pin ethernet_one_gbe_skarab_axi_inst/ethernet_one_gbe_skarab_axi_struct/system_control_one_gbe_skarab2/control_axi_stream_gbe_inst/mem_tmp_reg[226][7]_i_1/O, cell ethernet_one_gbe_skarab_axi_inst/ethernet_one_gbe_skarab_axi_struct/system_control_one_gbe_skarab2/control_axi_stream_gbe_inst/mem_tmp_reg[226][7]_i_1. This is not good design practice and will likely impact performance. For SLICE registers, for example, use the CE pin to control the loading of data.
Related violations: <none>

PDRC-153#142 Warning
Gated clock check  
Net ethernet_one_gbe_skarab_axi_inst/ethernet_one_gbe_skarab_axi_struct/system_control_one_gbe_skarab2/control_axi_stream_gbe_inst/mem_tmp_reg[227][7]_i_1_n_0 is a gated clock net sourced by a combinational pin ethernet_one_gbe_skarab_axi_inst/ethernet_one_gbe_skarab_axi_struct/system_control_one_gbe_skarab2/control_axi_stream_gbe_inst/mem_tmp_reg[227][7]_i_1/O, cell ethernet_one_gbe_skarab_axi_inst/ethernet_one_gbe_skarab_axi_struct/system_control_one_gbe_skarab2/control_axi_stream_gbe_inst/mem_tmp_reg[227][7]_i_1. This is not good design practice and will likely impact performance. For SLICE registers, for example, use the CE pin to control the loading of data.
Related violations: <none>

PDRC-153#143 Warning
Gated clock check  
Net ethernet_one_gbe_skarab_axi_inst/ethernet_one_gbe_skarab_axi_struct/system_control_one_gbe_skarab2/control_axi_stream_gbe_inst/mem_tmp_reg[228][7]_i_1_n_0 is a gated clock net sourced by a combinational pin ethernet_one_gbe_skarab_axi_inst/ethernet_one_gbe_skarab_axi_struct/system_control_one_gbe_skarab2/control_axi_stream_gbe_inst/mem_tmp_reg[228][7]_i_1/O, cell ethernet_one_gbe_skarab_axi_inst/ethernet_one_gbe_skarab_axi_struct/system_control_one_gbe_skarab2/control_axi_stream_gbe_inst/mem_tmp_reg[228][7]_i_1. This is not good design practice and will likely impact performance. For SLICE registers, for example, use the CE pin to control the loading of data.
Related violations: <none>

PDRC-153#144 Warning
Gated clock check  
Net ethernet_one_gbe_skarab_axi_inst/ethernet_one_gbe_skarab_axi_struct/system_control_one_gbe_skarab2/control_axi_stream_gbe_inst/mem_tmp_reg[229][7]_i_1_n_0 is a gated clock net sourced by a combinational pin ethernet_one_gbe_skarab_axi_inst/ethernet_one_gbe_skarab_axi_struct/system_control_one_gbe_skarab2/control_axi_stream_gbe_inst/mem_tmp_reg[229][7]_i_1/O, cell ethernet_one_gbe_skarab_axi_inst/ethernet_one_gbe_skarab_axi_struct/system_control_one_gbe_skarab2/control_axi_stream_gbe_inst/mem_tmp_reg[229][7]_i_1. This is not good design practice and will likely impact performance. For SLICE registers, for example, use the CE pin to control the loading of data.
Related violations: <none>

PDRC-153#145 Warning
Gated clock check  
Net ethernet_one_gbe_skarab_axi_inst/ethernet_one_gbe_skarab_axi_struct/system_control_one_gbe_skarab2/control_axi_stream_gbe_inst/mem_tmp_reg[22][7]_i_1_n_0 is a gated clock net sourced by a combinational pin ethernet_one_gbe_skarab_axi_inst/ethernet_one_gbe_skarab_axi_struct/system_control_one_gbe_skarab2/control_axi_stream_gbe_inst/mem_tmp_reg[22][7]_i_1/O, cell ethernet_one_gbe_skarab_axi_inst/ethernet_one_gbe_skarab_axi_struct/system_control_one_gbe_skarab2/control_axi_stream_gbe_inst/mem_tmp_reg[22][7]_i_1. This is not good design practice and will likely impact performance. For SLICE registers, for example, use the CE pin to control the loading of data.
Related violations: <none>

PDRC-153#146 Warning
Gated clock check  
Net ethernet_one_gbe_skarab_axi_inst/ethernet_one_gbe_skarab_axi_struct/system_control_one_gbe_skarab2/control_axi_stream_gbe_inst/mem_tmp_reg[230][7]_i_1_n_0 is a gated clock net sourced by a combinational pin ethernet_one_gbe_skarab_axi_inst/ethernet_one_gbe_skarab_axi_struct/system_control_one_gbe_skarab2/control_axi_stream_gbe_inst/mem_tmp_reg[230][7]_i_1/O, cell ethernet_one_gbe_skarab_axi_inst/ethernet_one_gbe_skarab_axi_struct/system_control_one_gbe_skarab2/control_axi_stream_gbe_inst/mem_tmp_reg[230][7]_i_1. This is not good design practice and will likely impact performance. For SLICE registers, for example, use the CE pin to control the loading of data.
Related violations: <none>

PDRC-153#147 Warning
Gated clock check  
Net ethernet_one_gbe_skarab_axi_inst/ethernet_one_gbe_skarab_axi_struct/system_control_one_gbe_skarab2/control_axi_stream_gbe_inst/mem_tmp_reg[231][7]_i_1_n_0 is a gated clock net sourced by a combinational pin ethernet_one_gbe_skarab_axi_inst/ethernet_one_gbe_skarab_axi_struct/system_control_one_gbe_skarab2/control_axi_stream_gbe_inst/mem_tmp_reg[231][7]_i_1/O, cell ethernet_one_gbe_skarab_axi_inst/ethernet_one_gbe_skarab_axi_struct/system_control_one_gbe_skarab2/control_axi_stream_gbe_inst/mem_tmp_reg[231][7]_i_1. This is not good design practice and will likely impact performance. For SLICE registers, for example, use the CE pin to control the loading of data.
Related violations: <none>

PDRC-153#148 Warning
Gated clock check  
Net ethernet_one_gbe_skarab_axi_inst/ethernet_one_gbe_skarab_axi_struct/system_control_one_gbe_skarab2/control_axi_stream_gbe_inst/mem_tmp_reg[232][7]_i_1_n_0 is a gated clock net sourced by a combinational pin ethernet_one_gbe_skarab_axi_inst/ethernet_one_gbe_skarab_axi_struct/system_control_one_gbe_skarab2/control_axi_stream_gbe_inst/mem_tmp_reg[232][7]_i_1/O, cell ethernet_one_gbe_skarab_axi_inst/ethernet_one_gbe_skarab_axi_struct/system_control_one_gbe_skarab2/control_axi_stream_gbe_inst/mem_tmp_reg[232][7]_i_1. This is not good design practice and will likely impact performance. For SLICE registers, for example, use the CE pin to control the loading of data.
Related violations: <none>

PDRC-153#149 Warning
Gated clock check  
Net ethernet_one_gbe_skarab_axi_inst/ethernet_one_gbe_skarab_axi_struct/system_control_one_gbe_skarab2/control_axi_stream_gbe_inst/mem_tmp_reg[233][7]_i_1_n_0 is a gated clock net sourced by a combinational pin ethernet_one_gbe_skarab_axi_inst/ethernet_one_gbe_skarab_axi_struct/system_control_one_gbe_skarab2/control_axi_stream_gbe_inst/mem_tmp_reg[233][7]_i_1/O, cell ethernet_one_gbe_skarab_axi_inst/ethernet_one_gbe_skarab_axi_struct/system_control_one_gbe_skarab2/control_axi_stream_gbe_inst/mem_tmp_reg[233][7]_i_1. This is not good design practice and will likely impact performance. For SLICE registers, for example, use the CE pin to control the loading of data.
Related violations: <none>

PDRC-153#150 Warning
Gated clock check  
Net ethernet_one_gbe_skarab_axi_inst/ethernet_one_gbe_skarab_axi_struct/system_control_one_gbe_skarab2/control_axi_stream_gbe_inst/mem_tmp_reg[234][7]_i_1_n_0 is a gated clock net sourced by a combinational pin ethernet_one_gbe_skarab_axi_inst/ethernet_one_gbe_skarab_axi_struct/system_control_one_gbe_skarab2/control_axi_stream_gbe_inst/mem_tmp_reg[234][7]_i_1/O, cell ethernet_one_gbe_skarab_axi_inst/ethernet_one_gbe_skarab_axi_struct/system_control_one_gbe_skarab2/control_axi_stream_gbe_inst/mem_tmp_reg[234][7]_i_1. This is not good design practice and will likely impact performance. For SLICE registers, for example, use the CE pin to control the loading of data.
Related violations: <none>

PDRC-153#151 Warning
Gated clock check  
Net ethernet_one_gbe_skarab_axi_inst/ethernet_one_gbe_skarab_axi_struct/system_control_one_gbe_skarab2/control_axi_stream_gbe_inst/mem_tmp_reg[235][7]_i_1_n_0 is a gated clock net sourced by a combinational pin ethernet_one_gbe_skarab_axi_inst/ethernet_one_gbe_skarab_axi_struct/system_control_one_gbe_skarab2/control_axi_stream_gbe_inst/mem_tmp_reg[235][7]_i_1/O, cell ethernet_one_gbe_skarab_axi_inst/ethernet_one_gbe_skarab_axi_struct/system_control_one_gbe_skarab2/control_axi_stream_gbe_inst/mem_tmp_reg[235][7]_i_1. This is not good design practice and will likely impact performance. For SLICE registers, for example, use the CE pin to control the loading of data.
Related violations: <none>

PDRC-153#152 Warning
Gated clock check  
Net ethernet_one_gbe_skarab_axi_inst/ethernet_one_gbe_skarab_axi_struct/system_control_one_gbe_skarab2/control_axi_stream_gbe_inst/mem_tmp_reg[236][7]_i_1_n_0 is a gated clock net sourced by a combinational pin ethernet_one_gbe_skarab_axi_inst/ethernet_one_gbe_skarab_axi_struct/system_control_one_gbe_skarab2/control_axi_stream_gbe_inst/mem_tmp_reg[236][7]_i_1/O, cell ethernet_one_gbe_skarab_axi_inst/ethernet_one_gbe_skarab_axi_struct/system_control_one_gbe_skarab2/control_axi_stream_gbe_inst/mem_tmp_reg[236][7]_i_1. This is not good design practice and will likely impact performance. For SLICE registers, for example, use the CE pin to control the loading of data.
Related violations: <none>

PDRC-153#153 Warning
Gated clock check  
Net ethernet_one_gbe_skarab_axi_inst/ethernet_one_gbe_skarab_axi_struct/system_control_one_gbe_skarab2/control_axi_stream_gbe_inst/mem_tmp_reg[237][7]_i_1_n_0 is a gated clock net sourced by a combinational pin ethernet_one_gbe_skarab_axi_inst/ethernet_one_gbe_skarab_axi_struct/system_control_one_gbe_skarab2/control_axi_stream_gbe_inst/mem_tmp_reg[237][7]_i_1/O, cell ethernet_one_gbe_skarab_axi_inst/ethernet_one_gbe_skarab_axi_struct/system_control_one_gbe_skarab2/control_axi_stream_gbe_inst/mem_tmp_reg[237][7]_i_1. This is not good design practice and will likely impact performance. For SLICE registers, for example, use the CE pin to control the loading of data.
Related violations: <none>

PDRC-153#154 Warning
Gated clock check  
Net ethernet_one_gbe_skarab_axi_inst/ethernet_one_gbe_skarab_axi_struct/system_control_one_gbe_skarab2/control_axi_stream_gbe_inst/mem_tmp_reg[238][7]_i_1_n_0 is a gated clock net sourced by a combinational pin ethernet_one_gbe_skarab_axi_inst/ethernet_one_gbe_skarab_axi_struct/system_control_one_gbe_skarab2/control_axi_stream_gbe_inst/mem_tmp_reg[238][7]_i_1/O, cell ethernet_one_gbe_skarab_axi_inst/ethernet_one_gbe_skarab_axi_struct/system_control_one_gbe_skarab2/control_axi_stream_gbe_inst/mem_tmp_reg[238][7]_i_1. This is not good design practice and will likely impact performance. For SLICE registers, for example, use the CE pin to control the loading of data.
Related violations: <none>

PDRC-153#155 Warning
Gated clock check  
Net ethernet_one_gbe_skarab_axi_inst/ethernet_one_gbe_skarab_axi_struct/system_control_one_gbe_skarab2/control_axi_stream_gbe_inst/mem_tmp_reg[239][7]_i_1_n_0 is a gated clock net sourced by a combinational pin ethernet_one_gbe_skarab_axi_inst/ethernet_one_gbe_skarab_axi_struct/system_control_one_gbe_skarab2/control_axi_stream_gbe_inst/mem_tmp_reg[239][7]_i_1/O, cell ethernet_one_gbe_skarab_axi_inst/ethernet_one_gbe_skarab_axi_struct/system_control_one_gbe_skarab2/control_axi_stream_gbe_inst/mem_tmp_reg[239][7]_i_1. This is not good design practice and will likely impact performance. For SLICE registers, for example, use the CE pin to control the loading of data.
Related violations: <none>

PDRC-153#156 Warning
Gated clock check  
Net ethernet_one_gbe_skarab_axi_inst/ethernet_one_gbe_skarab_axi_struct/system_control_one_gbe_skarab2/control_axi_stream_gbe_inst/mem_tmp_reg[23][7]_i_1_n_0 is a gated clock net sourced by a combinational pin ethernet_one_gbe_skarab_axi_inst/ethernet_one_gbe_skarab_axi_struct/system_control_one_gbe_skarab2/control_axi_stream_gbe_inst/mem_tmp_reg[23][7]_i_1/O, cell ethernet_one_gbe_skarab_axi_inst/ethernet_one_gbe_skarab_axi_struct/system_control_one_gbe_skarab2/control_axi_stream_gbe_inst/mem_tmp_reg[23][7]_i_1. This is not good design practice and will likely impact performance. For SLICE registers, for example, use the CE pin to control the loading of data.
Related violations: <none>

PDRC-153#157 Warning
Gated clock check  
Net ethernet_one_gbe_skarab_axi_inst/ethernet_one_gbe_skarab_axi_struct/system_control_one_gbe_skarab2/control_axi_stream_gbe_inst/mem_tmp_reg[240][7]_i_1_n_0 is a gated clock net sourced by a combinational pin ethernet_one_gbe_skarab_axi_inst/ethernet_one_gbe_skarab_axi_struct/system_control_one_gbe_skarab2/control_axi_stream_gbe_inst/mem_tmp_reg[240][7]_i_1/O, cell ethernet_one_gbe_skarab_axi_inst/ethernet_one_gbe_skarab_axi_struct/system_control_one_gbe_skarab2/control_axi_stream_gbe_inst/mem_tmp_reg[240][7]_i_1. This is not good design practice and will likely impact performance. For SLICE registers, for example, use the CE pin to control the loading of data.
Related violations: <none>

PDRC-153#158 Warning
Gated clock check  
Net ethernet_one_gbe_skarab_axi_inst/ethernet_one_gbe_skarab_axi_struct/system_control_one_gbe_skarab2/control_axi_stream_gbe_inst/mem_tmp_reg[241][7]_i_1_n_0 is a gated clock net sourced by a combinational pin ethernet_one_gbe_skarab_axi_inst/ethernet_one_gbe_skarab_axi_struct/system_control_one_gbe_skarab2/control_axi_stream_gbe_inst/mem_tmp_reg[241][7]_i_1/O, cell ethernet_one_gbe_skarab_axi_inst/ethernet_one_gbe_skarab_axi_struct/system_control_one_gbe_skarab2/control_axi_stream_gbe_inst/mem_tmp_reg[241][7]_i_1. This is not good design practice and will likely impact performance. For SLICE registers, for example, use the CE pin to control the loading of data.
Related violations: <none>

PDRC-153#159 Warning
Gated clock check  
Net ethernet_one_gbe_skarab_axi_inst/ethernet_one_gbe_skarab_axi_struct/system_control_one_gbe_skarab2/control_axi_stream_gbe_inst/mem_tmp_reg[242][7]_i_1_n_0 is a gated clock net sourced by a combinational pin ethernet_one_gbe_skarab_axi_inst/ethernet_one_gbe_skarab_axi_struct/system_control_one_gbe_skarab2/control_axi_stream_gbe_inst/mem_tmp_reg[242][7]_i_1/O, cell ethernet_one_gbe_skarab_axi_inst/ethernet_one_gbe_skarab_axi_struct/system_control_one_gbe_skarab2/control_axi_stream_gbe_inst/mem_tmp_reg[242][7]_i_1. This is not good design practice and will likely impact performance. For SLICE registers, for example, use the CE pin to control the loading of data.
Related violations: <none>

PDRC-153#160 Warning
Gated clock check  
Net ethernet_one_gbe_skarab_axi_inst/ethernet_one_gbe_skarab_axi_struct/system_control_one_gbe_skarab2/control_axi_stream_gbe_inst/mem_tmp_reg[243][7]_i_1_n_0 is a gated clock net sourced by a combinational pin ethernet_one_gbe_skarab_axi_inst/ethernet_one_gbe_skarab_axi_struct/system_control_one_gbe_skarab2/control_axi_stream_gbe_inst/mem_tmp_reg[243][7]_i_1/O, cell ethernet_one_gbe_skarab_axi_inst/ethernet_one_gbe_skarab_axi_struct/system_control_one_gbe_skarab2/control_axi_stream_gbe_inst/mem_tmp_reg[243][7]_i_1. This is not good design practice and will likely impact performance. For SLICE registers, for example, use the CE pin to control the loading of data.
Related violations: <none>

PDRC-153#161 Warning
Gated clock check  
Net ethernet_one_gbe_skarab_axi_inst/ethernet_one_gbe_skarab_axi_struct/system_control_one_gbe_skarab2/control_axi_stream_gbe_inst/mem_tmp_reg[244][7]_i_1_n_0 is a gated clock net sourced by a combinational pin ethernet_one_gbe_skarab_axi_inst/ethernet_one_gbe_skarab_axi_struct/system_control_one_gbe_skarab2/control_axi_stream_gbe_inst/mem_tmp_reg[244][7]_i_1/O, cell ethernet_one_gbe_skarab_axi_inst/ethernet_one_gbe_skarab_axi_struct/system_control_one_gbe_skarab2/control_axi_stream_gbe_inst/mem_tmp_reg[244][7]_i_1. This is not good design practice and will likely impact performance. For SLICE registers, for example, use the CE pin to control the loading of data.
Related violations: <none>

PDRC-153#162 Warning
Gated clock check  
Net ethernet_one_gbe_skarab_axi_inst/ethernet_one_gbe_skarab_axi_struct/system_control_one_gbe_skarab2/control_axi_stream_gbe_inst/mem_tmp_reg[245][7]_i_1_n_0 is a gated clock net sourced by a combinational pin ethernet_one_gbe_skarab_axi_inst/ethernet_one_gbe_skarab_axi_struct/system_control_one_gbe_skarab2/control_axi_stream_gbe_inst/mem_tmp_reg[245][7]_i_1/O, cell ethernet_one_gbe_skarab_axi_inst/ethernet_one_gbe_skarab_axi_struct/system_control_one_gbe_skarab2/control_axi_stream_gbe_inst/mem_tmp_reg[245][7]_i_1. This is not good design practice and will likely impact performance. For SLICE registers, for example, use the CE pin to control the loading of data.
Related violations: <none>

PDRC-153#163 Warning
Gated clock check  
Net ethernet_one_gbe_skarab_axi_inst/ethernet_one_gbe_skarab_axi_struct/system_control_one_gbe_skarab2/control_axi_stream_gbe_inst/mem_tmp_reg[246][7]_i_1_n_0 is a gated clock net sourced by a combinational pin ethernet_one_gbe_skarab_axi_inst/ethernet_one_gbe_skarab_axi_struct/system_control_one_gbe_skarab2/control_axi_stream_gbe_inst/mem_tmp_reg[246][7]_i_1/O, cell ethernet_one_gbe_skarab_axi_inst/ethernet_one_gbe_skarab_axi_struct/system_control_one_gbe_skarab2/control_axi_stream_gbe_inst/mem_tmp_reg[246][7]_i_1. This is not good design practice and will likely impact performance. For SLICE registers, for example, use the CE pin to control the loading of data.
Related violations: <none>

PDRC-153#164 Warning
Gated clock check  
Net ethernet_one_gbe_skarab_axi_inst/ethernet_one_gbe_skarab_axi_struct/system_control_one_gbe_skarab2/control_axi_stream_gbe_inst/mem_tmp_reg[247][7]_i_1_n_0 is a gated clock net sourced by a combinational pin ethernet_one_gbe_skarab_axi_inst/ethernet_one_gbe_skarab_axi_struct/system_control_one_gbe_skarab2/control_axi_stream_gbe_inst/mem_tmp_reg[247][7]_i_1/O, cell ethernet_one_gbe_skarab_axi_inst/ethernet_one_gbe_skarab_axi_struct/system_control_one_gbe_skarab2/control_axi_stream_gbe_inst/mem_tmp_reg[247][7]_i_1. This is not good design practice and will likely impact performance. For SLICE registers, for example, use the CE pin to control the loading of data.
Related violations: <none>

PDRC-153#165 Warning
Gated clock check  
Net ethernet_one_gbe_skarab_axi_inst/ethernet_one_gbe_skarab_axi_struct/system_control_one_gbe_skarab2/control_axi_stream_gbe_inst/mem_tmp_reg[248][7]_i_1_n_0 is a gated clock net sourced by a combinational pin ethernet_one_gbe_skarab_axi_inst/ethernet_one_gbe_skarab_axi_struct/system_control_one_gbe_skarab2/control_axi_stream_gbe_inst/mem_tmp_reg[248][7]_i_1/O, cell ethernet_one_gbe_skarab_axi_inst/ethernet_one_gbe_skarab_axi_struct/system_control_one_gbe_skarab2/control_axi_stream_gbe_inst/mem_tmp_reg[248][7]_i_1. This is not good design practice and will likely impact performance. For SLICE registers, for example, use the CE pin to control the loading of data.
Related violations: <none>

PDRC-153#166 Warning
Gated clock check  
Net ethernet_one_gbe_skarab_axi_inst/ethernet_one_gbe_skarab_axi_struct/system_control_one_gbe_skarab2/control_axi_stream_gbe_inst/mem_tmp_reg[249][7]_i_1_n_0 is a gated clock net sourced by a combinational pin ethernet_one_gbe_skarab_axi_inst/ethernet_one_gbe_skarab_axi_struct/system_control_one_gbe_skarab2/control_axi_stream_gbe_inst/mem_tmp_reg[249][7]_i_1/O, cell ethernet_one_gbe_skarab_axi_inst/ethernet_one_gbe_skarab_axi_struct/system_control_one_gbe_skarab2/control_axi_stream_gbe_inst/mem_tmp_reg[249][7]_i_1. This is not good design practice and will likely impact performance. For SLICE registers, for example, use the CE pin to control the loading of data.
Related violations: <none>

PDRC-153#167 Warning
Gated clock check  
Net ethernet_one_gbe_skarab_axi_inst/ethernet_one_gbe_skarab_axi_struct/system_control_one_gbe_skarab2/control_axi_stream_gbe_inst/mem_tmp_reg[24][7]_i_1_n_0 is a gated clock net sourced by a combinational pin ethernet_one_gbe_skarab_axi_inst/ethernet_one_gbe_skarab_axi_struct/system_control_one_gbe_skarab2/control_axi_stream_gbe_inst/mem_tmp_reg[24][7]_i_1/O, cell ethernet_one_gbe_skarab_axi_inst/ethernet_one_gbe_skarab_axi_struct/system_control_one_gbe_skarab2/control_axi_stream_gbe_inst/mem_tmp_reg[24][7]_i_1. This is not good design practice and will likely impact performance. For SLICE registers, for example, use the CE pin to control the loading of data.
Related violations: <none>

PDRC-153#168 Warning
Gated clock check  
Net ethernet_one_gbe_skarab_axi_inst/ethernet_one_gbe_skarab_axi_struct/system_control_one_gbe_skarab2/control_axi_stream_gbe_inst/mem_tmp_reg[250][7]_i_1_n_0 is a gated clock net sourced by a combinational pin ethernet_one_gbe_skarab_axi_inst/ethernet_one_gbe_skarab_axi_struct/system_control_one_gbe_skarab2/control_axi_stream_gbe_inst/mem_tmp_reg[250][7]_i_1/O, cell ethernet_one_gbe_skarab_axi_inst/ethernet_one_gbe_skarab_axi_struct/system_control_one_gbe_skarab2/control_axi_stream_gbe_inst/mem_tmp_reg[250][7]_i_1. This is not good design practice and will likely impact performance. For SLICE registers, for example, use the CE pin to control the loading of data.
Related violations: <none>

PDRC-153#169 Warning
Gated clock check  
Net ethernet_one_gbe_skarab_axi_inst/ethernet_one_gbe_skarab_axi_struct/system_control_one_gbe_skarab2/control_axi_stream_gbe_inst/mem_tmp_reg[251][7]_i_1_n_0 is a gated clock net sourced by a combinational pin ethernet_one_gbe_skarab_axi_inst/ethernet_one_gbe_skarab_axi_struct/system_control_one_gbe_skarab2/control_axi_stream_gbe_inst/mem_tmp_reg[251][7]_i_1/O, cell ethernet_one_gbe_skarab_axi_inst/ethernet_one_gbe_skarab_axi_struct/system_control_one_gbe_skarab2/control_axi_stream_gbe_inst/mem_tmp_reg[251][7]_i_1. This is not good design practice and will likely impact performance. For SLICE registers, for example, use the CE pin to control the loading of data.
Related violations: <none>

PDRC-153#170 Warning
Gated clock check  
Net ethernet_one_gbe_skarab_axi_inst/ethernet_one_gbe_skarab_axi_struct/system_control_one_gbe_skarab2/control_axi_stream_gbe_inst/mem_tmp_reg[252][7]_i_1_n_0 is a gated clock net sourced by a combinational pin ethernet_one_gbe_skarab_axi_inst/ethernet_one_gbe_skarab_axi_struct/system_control_one_gbe_skarab2/control_axi_stream_gbe_inst/mem_tmp_reg[252][7]_i_1/O, cell ethernet_one_gbe_skarab_axi_inst/ethernet_one_gbe_skarab_axi_struct/system_control_one_gbe_skarab2/control_axi_stream_gbe_inst/mem_tmp_reg[252][7]_i_1. This is not good design practice and will likely impact performance. For SLICE registers, for example, use the CE pin to control the loading of data.
Related violations: <none>

PDRC-153#171 Warning
Gated clock check  
Net ethernet_one_gbe_skarab_axi_inst/ethernet_one_gbe_skarab_axi_struct/system_control_one_gbe_skarab2/control_axi_stream_gbe_inst/mem_tmp_reg[253][7]_i_1_n_0 is a gated clock net sourced by a combinational pin ethernet_one_gbe_skarab_axi_inst/ethernet_one_gbe_skarab_axi_struct/system_control_one_gbe_skarab2/control_axi_stream_gbe_inst/mem_tmp_reg[253][7]_i_1/O, cell ethernet_one_gbe_skarab_axi_inst/ethernet_one_gbe_skarab_axi_struct/system_control_one_gbe_skarab2/control_axi_stream_gbe_inst/mem_tmp_reg[253][7]_i_1. This is not good design practice and will likely impact performance. For SLICE registers, for example, use the CE pin to control the loading of data.
Related violations: <none>

PDRC-153#172 Warning
Gated clock check  
Net ethernet_one_gbe_skarab_axi_inst/ethernet_one_gbe_skarab_axi_struct/system_control_one_gbe_skarab2/control_axi_stream_gbe_inst/mem_tmp_reg[254][7]_i_1_n_0 is a gated clock net sourced by a combinational pin ethernet_one_gbe_skarab_axi_inst/ethernet_one_gbe_skarab_axi_struct/system_control_one_gbe_skarab2/control_axi_stream_gbe_inst/mem_tmp_reg[254][7]_i_1/O, cell ethernet_one_gbe_skarab_axi_inst/ethernet_one_gbe_skarab_axi_struct/system_control_one_gbe_skarab2/control_axi_stream_gbe_inst/mem_tmp_reg[254][7]_i_1. This is not good design practice and will likely impact performance. For SLICE registers, for example, use the CE pin to control the loading of data.
Related violations: <none>

PDRC-153#173 Warning
Gated clock check  
Net ethernet_one_gbe_skarab_axi_inst/ethernet_one_gbe_skarab_axi_struct/system_control_one_gbe_skarab2/control_axi_stream_gbe_inst/mem_tmp_reg[255][7]_i_1_n_0 is a gated clock net sourced by a combinational pin ethernet_one_gbe_skarab_axi_inst/ethernet_one_gbe_skarab_axi_struct/system_control_one_gbe_skarab2/control_axi_stream_gbe_inst/mem_tmp_reg[255][7]_i_1/O, cell ethernet_one_gbe_skarab_axi_inst/ethernet_one_gbe_skarab_axi_struct/system_control_one_gbe_skarab2/control_axi_stream_gbe_inst/mem_tmp_reg[255][7]_i_1. This is not good design practice and will likely impact performance. For SLICE registers, for example, use the CE pin to control the loading of data.
Related violations: <none>

PDRC-153#174 Warning
Gated clock check  
Net ethernet_one_gbe_skarab_axi_inst/ethernet_one_gbe_skarab_axi_struct/system_control_one_gbe_skarab2/control_axi_stream_gbe_inst/mem_tmp_reg[25][7]_i_1_n_0 is a gated clock net sourced by a combinational pin ethernet_one_gbe_skarab_axi_inst/ethernet_one_gbe_skarab_axi_struct/system_control_one_gbe_skarab2/control_axi_stream_gbe_inst/mem_tmp_reg[25][7]_i_1/O, cell ethernet_one_gbe_skarab_axi_inst/ethernet_one_gbe_skarab_axi_struct/system_control_one_gbe_skarab2/control_axi_stream_gbe_inst/mem_tmp_reg[25][7]_i_1. This is not good design practice and will likely impact performance. For SLICE registers, for example, use the CE pin to control the loading of data.
Related violations: <none>

PDRC-153#175 Warning
Gated clock check  
Net ethernet_one_gbe_skarab_axi_inst/ethernet_one_gbe_skarab_axi_struct/system_control_one_gbe_skarab2/control_axi_stream_gbe_inst/mem_tmp_reg[26][7]_i_1_n_0 is a gated clock net sourced by a combinational pin ethernet_one_gbe_skarab_axi_inst/ethernet_one_gbe_skarab_axi_struct/system_control_one_gbe_skarab2/control_axi_stream_gbe_inst/mem_tmp_reg[26][7]_i_1/O, cell ethernet_one_gbe_skarab_axi_inst/ethernet_one_gbe_skarab_axi_struct/system_control_one_gbe_skarab2/control_axi_stream_gbe_inst/mem_tmp_reg[26][7]_i_1. This is not good design practice and will likely impact performance. For SLICE registers, for example, use the CE pin to control the loading of data.
Related violations: <none>

PDRC-153#176 Warning
Gated clock check  
Net ethernet_one_gbe_skarab_axi_inst/ethernet_one_gbe_skarab_axi_struct/system_control_one_gbe_skarab2/control_axi_stream_gbe_inst/mem_tmp_reg[27][7]_i_1_n_0 is a gated clock net sourced by a combinational pin ethernet_one_gbe_skarab_axi_inst/ethernet_one_gbe_skarab_axi_struct/system_control_one_gbe_skarab2/control_axi_stream_gbe_inst/mem_tmp_reg[27][7]_i_1/O, cell ethernet_one_gbe_skarab_axi_inst/ethernet_one_gbe_skarab_axi_struct/system_control_one_gbe_skarab2/control_axi_stream_gbe_inst/mem_tmp_reg[27][7]_i_1. This is not good design practice and will likely impact performance. For SLICE registers, for example, use the CE pin to control the loading of data.
Related violations: <none>

PDRC-153#177 Warning
Gated clock check  
Net ethernet_one_gbe_skarab_axi_inst/ethernet_one_gbe_skarab_axi_struct/system_control_one_gbe_skarab2/control_axi_stream_gbe_inst/mem_tmp_reg[28][7]_i_1_n_0 is a gated clock net sourced by a combinational pin ethernet_one_gbe_skarab_axi_inst/ethernet_one_gbe_skarab_axi_struct/system_control_one_gbe_skarab2/control_axi_stream_gbe_inst/mem_tmp_reg[28][7]_i_1/O, cell ethernet_one_gbe_skarab_axi_inst/ethernet_one_gbe_skarab_axi_struct/system_control_one_gbe_skarab2/control_axi_stream_gbe_inst/mem_tmp_reg[28][7]_i_1. This is not good design practice and will likely impact performance. For SLICE registers, for example, use the CE pin to control the loading of data.
Related violations: <none>

PDRC-153#178 Warning
Gated clock check  
Net ethernet_one_gbe_skarab_axi_inst/ethernet_one_gbe_skarab_axi_struct/system_control_one_gbe_skarab2/control_axi_stream_gbe_inst/mem_tmp_reg[29][7]_i_1_n_0 is a gated clock net sourced by a combinational pin ethernet_one_gbe_skarab_axi_inst/ethernet_one_gbe_skarab_axi_struct/system_control_one_gbe_skarab2/control_axi_stream_gbe_inst/mem_tmp_reg[29][7]_i_1/O, cell ethernet_one_gbe_skarab_axi_inst/ethernet_one_gbe_skarab_axi_struct/system_control_one_gbe_skarab2/control_axi_stream_gbe_inst/mem_tmp_reg[29][7]_i_1. This is not good design practice and will likely impact performance. For SLICE registers, for example, use the CE pin to control the loading of data.
Related violations: <none>

PDRC-153#179 Warning
Gated clock check  
Net ethernet_one_gbe_skarab_axi_inst/ethernet_one_gbe_skarab_axi_struct/system_control_one_gbe_skarab2/control_axi_stream_gbe_inst/mem_tmp_reg[2][7]_i_1_n_0 is a gated clock net sourced by a combinational pin ethernet_one_gbe_skarab_axi_inst/ethernet_one_gbe_skarab_axi_struct/system_control_one_gbe_skarab2/control_axi_stream_gbe_inst/mem_tmp_reg[2][7]_i_1/O, cell ethernet_one_gbe_skarab_axi_inst/ethernet_one_gbe_skarab_axi_struct/system_control_one_gbe_skarab2/control_axi_stream_gbe_inst/mem_tmp_reg[2][7]_i_1. This is not good design practice and will likely impact performance. For SLICE registers, for example, use the CE pin to control the loading of data.
Related violations: <none>

PDRC-153#180 Warning
Gated clock check  
Net ethernet_one_gbe_skarab_axi_inst/ethernet_one_gbe_skarab_axi_struct/system_control_one_gbe_skarab2/control_axi_stream_gbe_inst/mem_tmp_reg[30][7]_i_1_n_0 is a gated clock net sourced by a combinational pin ethernet_one_gbe_skarab_axi_inst/ethernet_one_gbe_skarab_axi_struct/system_control_one_gbe_skarab2/control_axi_stream_gbe_inst/mem_tmp_reg[30][7]_i_1/O, cell ethernet_one_gbe_skarab_axi_inst/ethernet_one_gbe_skarab_axi_struct/system_control_one_gbe_skarab2/control_axi_stream_gbe_inst/mem_tmp_reg[30][7]_i_1. This is not good design practice and will likely impact performance. For SLICE registers, for example, use the CE pin to control the loading of data.
Related violations: <none>

PDRC-153#181 Warning
Gated clock check  
Net ethernet_one_gbe_skarab_axi_inst/ethernet_one_gbe_skarab_axi_struct/system_control_one_gbe_skarab2/control_axi_stream_gbe_inst/mem_tmp_reg[31][7]_i_1_n_0 is a gated clock net sourced by a combinational pin ethernet_one_gbe_skarab_axi_inst/ethernet_one_gbe_skarab_axi_struct/system_control_one_gbe_skarab2/control_axi_stream_gbe_inst/mem_tmp_reg[31][7]_i_1/O, cell ethernet_one_gbe_skarab_axi_inst/ethernet_one_gbe_skarab_axi_struct/system_control_one_gbe_skarab2/control_axi_stream_gbe_inst/mem_tmp_reg[31][7]_i_1. This is not good design practice and will likely impact performance. For SLICE registers, for example, use the CE pin to control the loading of data.
Related violations: <none>

PDRC-153#182 Warning
Gated clock check  
Net ethernet_one_gbe_skarab_axi_inst/ethernet_one_gbe_skarab_axi_struct/system_control_one_gbe_skarab2/control_axi_stream_gbe_inst/mem_tmp_reg[32][7]_i_1_n_0 is a gated clock net sourced by a combinational pin ethernet_one_gbe_skarab_axi_inst/ethernet_one_gbe_skarab_axi_struct/system_control_one_gbe_skarab2/control_axi_stream_gbe_inst/mem_tmp_reg[32][7]_i_1/O, cell ethernet_one_gbe_skarab_axi_inst/ethernet_one_gbe_skarab_axi_struct/system_control_one_gbe_skarab2/control_axi_stream_gbe_inst/mem_tmp_reg[32][7]_i_1. This is not good design practice and will likely impact performance. For SLICE registers, for example, use the CE pin to control the loading of data.
Related violations: <none>

PDRC-153#183 Warning
Gated clock check  
Net ethernet_one_gbe_skarab_axi_inst/ethernet_one_gbe_skarab_axi_struct/system_control_one_gbe_skarab2/control_axi_stream_gbe_inst/mem_tmp_reg[33][7]_i_1_n_0 is a gated clock net sourced by a combinational pin ethernet_one_gbe_skarab_axi_inst/ethernet_one_gbe_skarab_axi_struct/system_control_one_gbe_skarab2/control_axi_stream_gbe_inst/mem_tmp_reg[33][7]_i_1/O, cell ethernet_one_gbe_skarab_axi_inst/ethernet_one_gbe_skarab_axi_struct/system_control_one_gbe_skarab2/control_axi_stream_gbe_inst/mem_tmp_reg[33][7]_i_1. This is not good design practice and will likely impact performance. For SLICE registers, for example, use the CE pin to control the loading of data.
Related violations: <none>

PDRC-153#184 Warning
Gated clock check  
Net ethernet_one_gbe_skarab_axi_inst/ethernet_one_gbe_skarab_axi_struct/system_control_one_gbe_skarab2/control_axi_stream_gbe_inst/mem_tmp_reg[34][7]_i_1_n_0 is a gated clock net sourced by a combinational pin ethernet_one_gbe_skarab_axi_inst/ethernet_one_gbe_skarab_axi_struct/system_control_one_gbe_skarab2/control_axi_stream_gbe_inst/mem_tmp_reg[34][7]_i_1/O, cell ethernet_one_gbe_skarab_axi_inst/ethernet_one_gbe_skarab_axi_struct/system_control_one_gbe_skarab2/control_axi_stream_gbe_inst/mem_tmp_reg[34][7]_i_1. This is not good design practice and will likely impact performance. For SLICE registers, for example, use the CE pin to control the loading of data.
Related violations: <none>

PDRC-153#185 Warning
Gated clock check  
Net ethernet_one_gbe_skarab_axi_inst/ethernet_one_gbe_skarab_axi_struct/system_control_one_gbe_skarab2/control_axi_stream_gbe_inst/mem_tmp_reg[35][7]_i_1_n_0 is a gated clock net sourced by a combinational pin ethernet_one_gbe_skarab_axi_inst/ethernet_one_gbe_skarab_axi_struct/system_control_one_gbe_skarab2/control_axi_stream_gbe_inst/mem_tmp_reg[35][7]_i_1/O, cell ethernet_one_gbe_skarab_axi_inst/ethernet_one_gbe_skarab_axi_struct/system_control_one_gbe_skarab2/control_axi_stream_gbe_inst/mem_tmp_reg[35][7]_i_1. This is not good design practice and will likely impact performance. For SLICE registers, for example, use the CE pin to control the loading of data.
Related violations: <none>

PDRC-153#186 Warning
Gated clock check  
Net ethernet_one_gbe_skarab_axi_inst/ethernet_one_gbe_skarab_axi_struct/system_control_one_gbe_skarab2/control_axi_stream_gbe_inst/mem_tmp_reg[36][7]_i_1_n_0 is a gated clock net sourced by a combinational pin ethernet_one_gbe_skarab_axi_inst/ethernet_one_gbe_skarab_axi_struct/system_control_one_gbe_skarab2/control_axi_stream_gbe_inst/mem_tmp_reg[36][7]_i_1/O, cell ethernet_one_gbe_skarab_axi_inst/ethernet_one_gbe_skarab_axi_struct/system_control_one_gbe_skarab2/control_axi_stream_gbe_inst/mem_tmp_reg[36][7]_i_1. This is not good design practice and will likely impact performance. For SLICE registers, for example, use the CE pin to control the loading of data.
Related violations: <none>

PDRC-153#187 Warning
Gated clock check  
Net ethernet_one_gbe_skarab_axi_inst/ethernet_one_gbe_skarab_axi_struct/system_control_one_gbe_skarab2/control_axi_stream_gbe_inst/mem_tmp_reg[37][7]_i_1_n_0 is a gated clock net sourced by a combinational pin ethernet_one_gbe_skarab_axi_inst/ethernet_one_gbe_skarab_axi_struct/system_control_one_gbe_skarab2/control_axi_stream_gbe_inst/mem_tmp_reg[37][7]_i_1/O, cell ethernet_one_gbe_skarab_axi_inst/ethernet_one_gbe_skarab_axi_struct/system_control_one_gbe_skarab2/control_axi_stream_gbe_inst/mem_tmp_reg[37][7]_i_1. This is not good design practice and will likely impact performance. For SLICE registers, for example, use the CE pin to control the loading of data.
Related violations: <none>

PDRC-153#188 Warning
Gated clock check  
Net ethernet_one_gbe_skarab_axi_inst/ethernet_one_gbe_skarab_axi_struct/system_control_one_gbe_skarab2/control_axi_stream_gbe_inst/mem_tmp_reg[38][7]_i_1_n_0 is a gated clock net sourced by a combinational pin ethernet_one_gbe_skarab_axi_inst/ethernet_one_gbe_skarab_axi_struct/system_control_one_gbe_skarab2/control_axi_stream_gbe_inst/mem_tmp_reg[38][7]_i_1/O, cell ethernet_one_gbe_skarab_axi_inst/ethernet_one_gbe_skarab_axi_struct/system_control_one_gbe_skarab2/control_axi_stream_gbe_inst/mem_tmp_reg[38][7]_i_1. This is not good design practice and will likely impact performance. For SLICE registers, for example, use the CE pin to control the loading of data.
Related violations: <none>

PDRC-153#189 Warning
Gated clock check  
Net ethernet_one_gbe_skarab_axi_inst/ethernet_one_gbe_skarab_axi_struct/system_control_one_gbe_skarab2/control_axi_stream_gbe_inst/mem_tmp_reg[39][7]_i_1_n_0 is a gated clock net sourced by a combinational pin ethernet_one_gbe_skarab_axi_inst/ethernet_one_gbe_skarab_axi_struct/system_control_one_gbe_skarab2/control_axi_stream_gbe_inst/mem_tmp_reg[39][7]_i_1/O, cell ethernet_one_gbe_skarab_axi_inst/ethernet_one_gbe_skarab_axi_struct/system_control_one_gbe_skarab2/control_axi_stream_gbe_inst/mem_tmp_reg[39][7]_i_1. This is not good design practice and will likely impact performance. For SLICE registers, for example, use the CE pin to control the loading of data.
Related violations: <none>

PDRC-153#190 Warning
Gated clock check  
Net ethernet_one_gbe_skarab_axi_inst/ethernet_one_gbe_skarab_axi_struct/system_control_one_gbe_skarab2/control_axi_stream_gbe_inst/mem_tmp_reg[3][7]_i_1_n_0 is a gated clock net sourced by a combinational pin ethernet_one_gbe_skarab_axi_inst/ethernet_one_gbe_skarab_axi_struct/system_control_one_gbe_skarab2/control_axi_stream_gbe_inst/mem_tmp_reg[3][7]_i_1/O, cell ethernet_one_gbe_skarab_axi_inst/ethernet_one_gbe_skarab_axi_struct/system_control_one_gbe_skarab2/control_axi_stream_gbe_inst/mem_tmp_reg[3][7]_i_1. This is not good design practice and will likely impact performance. For SLICE registers, for example, use the CE pin to control the loading of data.
Related violations: <none>

PDRC-153#191 Warning
Gated clock check  
Net ethernet_one_gbe_skarab_axi_inst/ethernet_one_gbe_skarab_axi_struct/system_control_one_gbe_skarab2/control_axi_stream_gbe_inst/mem_tmp_reg[40][7]_i_1_n_0 is a gated clock net sourced by a combinational pin ethernet_one_gbe_skarab_axi_inst/ethernet_one_gbe_skarab_axi_struct/system_control_one_gbe_skarab2/control_axi_stream_gbe_inst/mem_tmp_reg[40][7]_i_1/O, cell ethernet_one_gbe_skarab_axi_inst/ethernet_one_gbe_skarab_axi_struct/system_control_one_gbe_skarab2/control_axi_stream_gbe_inst/mem_tmp_reg[40][7]_i_1. This is not good design practice and will likely impact performance. For SLICE registers, for example, use the CE pin to control the loading of data.
Related violations: <none>

PDRC-153#192 Warning
Gated clock check  
Net ethernet_one_gbe_skarab_axi_inst/ethernet_one_gbe_skarab_axi_struct/system_control_one_gbe_skarab2/control_axi_stream_gbe_inst/mem_tmp_reg[41][7]_i_1_n_0 is a gated clock net sourced by a combinational pin ethernet_one_gbe_skarab_axi_inst/ethernet_one_gbe_skarab_axi_struct/system_control_one_gbe_skarab2/control_axi_stream_gbe_inst/mem_tmp_reg[41][7]_i_1/O, cell ethernet_one_gbe_skarab_axi_inst/ethernet_one_gbe_skarab_axi_struct/system_control_one_gbe_skarab2/control_axi_stream_gbe_inst/mem_tmp_reg[41][7]_i_1. This is not good design practice and will likely impact performance. For SLICE registers, for example, use the CE pin to control the loading of data.
Related violations: <none>

PDRC-153#193 Warning
Gated clock check  
Net ethernet_one_gbe_skarab_axi_inst/ethernet_one_gbe_skarab_axi_struct/system_control_one_gbe_skarab2/control_axi_stream_gbe_inst/mem_tmp_reg[42][7]_i_1_n_0 is a gated clock net sourced by a combinational pin ethernet_one_gbe_skarab_axi_inst/ethernet_one_gbe_skarab_axi_struct/system_control_one_gbe_skarab2/control_axi_stream_gbe_inst/mem_tmp_reg[42][7]_i_1/O, cell ethernet_one_gbe_skarab_axi_inst/ethernet_one_gbe_skarab_axi_struct/system_control_one_gbe_skarab2/control_axi_stream_gbe_inst/mem_tmp_reg[42][7]_i_1. This is not good design practice and will likely impact performance. For SLICE registers, for example, use the CE pin to control the loading of data.
Related violations: <none>

PDRC-153#194 Warning
Gated clock check  
Net ethernet_one_gbe_skarab_axi_inst/ethernet_one_gbe_skarab_axi_struct/system_control_one_gbe_skarab2/control_axi_stream_gbe_inst/mem_tmp_reg[43][7]_i_1_n_0 is a gated clock net sourced by a combinational pin ethernet_one_gbe_skarab_axi_inst/ethernet_one_gbe_skarab_axi_struct/system_control_one_gbe_skarab2/control_axi_stream_gbe_inst/mem_tmp_reg[43][7]_i_1/O, cell ethernet_one_gbe_skarab_axi_inst/ethernet_one_gbe_skarab_axi_struct/system_control_one_gbe_skarab2/control_axi_stream_gbe_inst/mem_tmp_reg[43][7]_i_1. This is not good design practice and will likely impact performance. For SLICE registers, for example, use the CE pin to control the loading of data.
Related violations: <none>

PDRC-153#195 Warning
Gated clock check  
Net ethernet_one_gbe_skarab_axi_inst/ethernet_one_gbe_skarab_axi_struct/system_control_one_gbe_skarab2/control_axi_stream_gbe_inst/mem_tmp_reg[44][7]_i_1_n_0 is a gated clock net sourced by a combinational pin ethernet_one_gbe_skarab_axi_inst/ethernet_one_gbe_skarab_axi_struct/system_control_one_gbe_skarab2/control_axi_stream_gbe_inst/mem_tmp_reg[44][7]_i_1/O, cell ethernet_one_gbe_skarab_axi_inst/ethernet_one_gbe_skarab_axi_struct/system_control_one_gbe_skarab2/control_axi_stream_gbe_inst/mem_tmp_reg[44][7]_i_1. This is not good design practice and will likely impact performance. For SLICE registers, for example, use the CE pin to control the loading of data.
Related violations: <none>

PDRC-153#196 Warning
Gated clock check  
Net ethernet_one_gbe_skarab_axi_inst/ethernet_one_gbe_skarab_axi_struct/system_control_one_gbe_skarab2/control_axi_stream_gbe_inst/mem_tmp_reg[45][7]_i_1_n_0 is a gated clock net sourced by a combinational pin ethernet_one_gbe_skarab_axi_inst/ethernet_one_gbe_skarab_axi_struct/system_control_one_gbe_skarab2/control_axi_stream_gbe_inst/mem_tmp_reg[45][7]_i_1/O, cell ethernet_one_gbe_skarab_axi_inst/ethernet_one_gbe_skarab_axi_struct/system_control_one_gbe_skarab2/control_axi_stream_gbe_inst/mem_tmp_reg[45][7]_i_1. This is not good design practice and will likely impact performance. For SLICE registers, for example, use the CE pin to control the loading of data.
Related violations: <none>

PDRC-153#197 Warning
Gated clock check  
Net ethernet_one_gbe_skarab_axi_inst/ethernet_one_gbe_skarab_axi_struct/system_control_one_gbe_skarab2/control_axi_stream_gbe_inst/mem_tmp_reg[46][7]_i_1_n_0 is a gated clock net sourced by a combinational pin ethernet_one_gbe_skarab_axi_inst/ethernet_one_gbe_skarab_axi_struct/system_control_one_gbe_skarab2/control_axi_stream_gbe_inst/mem_tmp_reg[46][7]_i_1/O, cell ethernet_one_gbe_skarab_axi_inst/ethernet_one_gbe_skarab_axi_struct/system_control_one_gbe_skarab2/control_axi_stream_gbe_inst/mem_tmp_reg[46][7]_i_1. This is not good design practice and will likely impact performance. For SLICE registers, for example, use the CE pin to control the loading of data.
Related violations: <none>

PDRC-153#198 Warning
Gated clock check  
Net ethernet_one_gbe_skarab_axi_inst/ethernet_one_gbe_skarab_axi_struct/system_control_one_gbe_skarab2/control_axi_stream_gbe_inst/mem_tmp_reg[47][7]_i_1_n_0 is a gated clock net sourced by a combinational pin ethernet_one_gbe_skarab_axi_inst/ethernet_one_gbe_skarab_axi_struct/system_control_one_gbe_skarab2/control_axi_stream_gbe_inst/mem_tmp_reg[47][7]_i_1/O, cell ethernet_one_gbe_skarab_axi_inst/ethernet_one_gbe_skarab_axi_struct/system_control_one_gbe_skarab2/control_axi_stream_gbe_inst/mem_tmp_reg[47][7]_i_1. This is not good design practice and will likely impact performance. For SLICE registers, for example, use the CE pin to control the loading of data.
Related violations: <none>

PDRC-153#199 Warning
Gated clock check  
Net ethernet_one_gbe_skarab_axi_inst/ethernet_one_gbe_skarab_axi_struct/system_control_one_gbe_skarab2/control_axi_stream_gbe_inst/mem_tmp_reg[48][7]_i_1_n_0 is a gated clock net sourced by a combinational pin ethernet_one_gbe_skarab_axi_inst/ethernet_one_gbe_skarab_axi_struct/system_control_one_gbe_skarab2/control_axi_stream_gbe_inst/mem_tmp_reg[48][7]_i_1/O, cell ethernet_one_gbe_skarab_axi_inst/ethernet_one_gbe_skarab_axi_struct/system_control_one_gbe_skarab2/control_axi_stream_gbe_inst/mem_tmp_reg[48][7]_i_1. This is not good design practice and will likely impact performance. For SLICE registers, for example, use the CE pin to control the loading of data.
Related violations: <none>

PDRC-153#200 Warning
Gated clock check  
Net ethernet_one_gbe_skarab_axi_inst/ethernet_one_gbe_skarab_axi_struct/system_control_one_gbe_skarab2/control_axi_stream_gbe_inst/mem_tmp_reg[49][7]_i_1_n_0 is a gated clock net sourced by a combinational pin ethernet_one_gbe_skarab_axi_inst/ethernet_one_gbe_skarab_axi_struct/system_control_one_gbe_skarab2/control_axi_stream_gbe_inst/mem_tmp_reg[49][7]_i_1/O, cell ethernet_one_gbe_skarab_axi_inst/ethernet_one_gbe_skarab_axi_struct/system_control_one_gbe_skarab2/control_axi_stream_gbe_inst/mem_tmp_reg[49][7]_i_1. This is not good design practice and will likely impact performance. For SLICE registers, for example, use the CE pin to control the loading of data.
Related violations: <none>

PDRC-153#201 Warning
Gated clock check  
Net ethernet_one_gbe_skarab_axi_inst/ethernet_one_gbe_skarab_axi_struct/system_control_one_gbe_skarab2/control_axi_stream_gbe_inst/mem_tmp_reg[4][7]_i_1_n_0 is a gated clock net sourced by a combinational pin ethernet_one_gbe_skarab_axi_inst/ethernet_one_gbe_skarab_axi_struct/system_control_one_gbe_skarab2/control_axi_stream_gbe_inst/mem_tmp_reg[4][7]_i_1/O, cell ethernet_one_gbe_skarab_axi_inst/ethernet_one_gbe_skarab_axi_struct/system_control_one_gbe_skarab2/control_axi_stream_gbe_inst/mem_tmp_reg[4][7]_i_1. This is not good design practice and will likely impact performance. For SLICE registers, for example, use the CE pin to control the loading of data.
Related violations: <none>

PDRC-153#202 Warning
Gated clock check  
Net ethernet_one_gbe_skarab_axi_inst/ethernet_one_gbe_skarab_axi_struct/system_control_one_gbe_skarab2/control_axi_stream_gbe_inst/mem_tmp_reg[50][7]_i_1_n_0 is a gated clock net sourced by a combinational pin ethernet_one_gbe_skarab_axi_inst/ethernet_one_gbe_skarab_axi_struct/system_control_one_gbe_skarab2/control_axi_stream_gbe_inst/mem_tmp_reg[50][7]_i_1/O, cell ethernet_one_gbe_skarab_axi_inst/ethernet_one_gbe_skarab_axi_struct/system_control_one_gbe_skarab2/control_axi_stream_gbe_inst/mem_tmp_reg[50][7]_i_1. This is not good design practice and will likely impact performance. For SLICE registers, for example, use the CE pin to control the loading of data.
Related violations: <none>

PDRC-153#203 Warning
Gated clock check  
Net ethernet_one_gbe_skarab_axi_inst/ethernet_one_gbe_skarab_axi_struct/system_control_one_gbe_skarab2/control_axi_stream_gbe_inst/mem_tmp_reg[51][7]_i_1_n_0 is a gated clock net sourced by a combinational pin ethernet_one_gbe_skarab_axi_inst/ethernet_one_gbe_skarab_axi_struct/system_control_one_gbe_skarab2/control_axi_stream_gbe_inst/mem_tmp_reg[51][7]_i_1/O, cell ethernet_one_gbe_skarab_axi_inst/ethernet_one_gbe_skarab_axi_struct/system_control_one_gbe_skarab2/control_axi_stream_gbe_inst/mem_tmp_reg[51][7]_i_1. This is not good design practice and will likely impact performance. For SLICE registers, for example, use the CE pin to control the loading of data.
Related violations: <none>

PDRC-153#204 Warning
Gated clock check  
Net ethernet_one_gbe_skarab_axi_inst/ethernet_one_gbe_skarab_axi_struct/system_control_one_gbe_skarab2/control_axi_stream_gbe_inst/mem_tmp_reg[52][7]_i_1_n_0 is a gated clock net sourced by a combinational pin ethernet_one_gbe_skarab_axi_inst/ethernet_one_gbe_skarab_axi_struct/system_control_one_gbe_skarab2/control_axi_stream_gbe_inst/mem_tmp_reg[52][7]_i_1/O, cell ethernet_one_gbe_skarab_axi_inst/ethernet_one_gbe_skarab_axi_struct/system_control_one_gbe_skarab2/control_axi_stream_gbe_inst/mem_tmp_reg[52][7]_i_1. This is not good design practice and will likely impact performance. For SLICE registers, for example, use the CE pin to control the loading of data.
Related violations: <none>

PDRC-153#205 Warning
Gated clock check  
Net ethernet_one_gbe_skarab_axi_inst/ethernet_one_gbe_skarab_axi_struct/system_control_one_gbe_skarab2/control_axi_stream_gbe_inst/mem_tmp_reg[53][7]_i_1_n_0 is a gated clock net sourced by a combinational pin ethernet_one_gbe_skarab_axi_inst/ethernet_one_gbe_skarab_axi_struct/system_control_one_gbe_skarab2/control_axi_stream_gbe_inst/mem_tmp_reg[53][7]_i_1/O, cell ethernet_one_gbe_skarab_axi_inst/ethernet_one_gbe_skarab_axi_struct/system_control_one_gbe_skarab2/control_axi_stream_gbe_inst/mem_tmp_reg[53][7]_i_1. This is not good design practice and will likely impact performance. For SLICE registers, for example, use the CE pin to control the loading of data.
Related violations: <none>

PDRC-153#206 Warning
Gated clock check  
Net ethernet_one_gbe_skarab_axi_inst/ethernet_one_gbe_skarab_axi_struct/system_control_one_gbe_skarab2/control_axi_stream_gbe_inst/mem_tmp_reg[54][7]_i_1_n_0 is a gated clock net sourced by a combinational pin ethernet_one_gbe_skarab_axi_inst/ethernet_one_gbe_skarab_axi_struct/system_control_one_gbe_skarab2/control_axi_stream_gbe_inst/mem_tmp_reg[54][7]_i_1/O, cell ethernet_one_gbe_skarab_axi_inst/ethernet_one_gbe_skarab_axi_struct/system_control_one_gbe_skarab2/control_axi_stream_gbe_inst/mem_tmp_reg[54][7]_i_1. This is not good design practice and will likely impact performance. For SLICE registers, for example, use the CE pin to control the loading of data.
Related violations: <none>

PDRC-153#207 Warning
Gated clock check  
Net ethernet_one_gbe_skarab_axi_inst/ethernet_one_gbe_skarab_axi_struct/system_control_one_gbe_skarab2/control_axi_stream_gbe_inst/mem_tmp_reg[55][7]_i_1_n_0 is a gated clock net sourced by a combinational pin ethernet_one_gbe_skarab_axi_inst/ethernet_one_gbe_skarab_axi_struct/system_control_one_gbe_skarab2/control_axi_stream_gbe_inst/mem_tmp_reg[55][7]_i_1/O, cell ethernet_one_gbe_skarab_axi_inst/ethernet_one_gbe_skarab_axi_struct/system_control_one_gbe_skarab2/control_axi_stream_gbe_inst/mem_tmp_reg[55][7]_i_1. This is not good design practice and will likely impact performance. For SLICE registers, for example, use the CE pin to control the loading of data.
Related violations: <none>

PDRC-153#208 Warning
Gated clock check  
Net ethernet_one_gbe_skarab_axi_inst/ethernet_one_gbe_skarab_axi_struct/system_control_one_gbe_skarab2/control_axi_stream_gbe_inst/mem_tmp_reg[56][7]_i_1_n_0 is a gated clock net sourced by a combinational pin ethernet_one_gbe_skarab_axi_inst/ethernet_one_gbe_skarab_axi_struct/system_control_one_gbe_skarab2/control_axi_stream_gbe_inst/mem_tmp_reg[56][7]_i_1/O, cell ethernet_one_gbe_skarab_axi_inst/ethernet_one_gbe_skarab_axi_struct/system_control_one_gbe_skarab2/control_axi_stream_gbe_inst/mem_tmp_reg[56][7]_i_1. This is not good design practice and will likely impact performance. For SLICE registers, for example, use the CE pin to control the loading of data.
Related violations: <none>

PDRC-153#209 Warning
Gated clock check  
Net ethernet_one_gbe_skarab_axi_inst/ethernet_one_gbe_skarab_axi_struct/system_control_one_gbe_skarab2/control_axi_stream_gbe_inst/mem_tmp_reg[57][7]_i_1_n_0 is a gated clock net sourced by a combinational pin ethernet_one_gbe_skarab_axi_inst/ethernet_one_gbe_skarab_axi_struct/system_control_one_gbe_skarab2/control_axi_stream_gbe_inst/mem_tmp_reg[57][7]_i_1/O, cell ethernet_one_gbe_skarab_axi_inst/ethernet_one_gbe_skarab_axi_struct/system_control_one_gbe_skarab2/control_axi_stream_gbe_inst/mem_tmp_reg[57][7]_i_1. This is not good design practice and will likely impact performance. For SLICE registers, for example, use the CE pin to control the loading of data.
Related violations: <none>

PDRC-153#210 Warning
Gated clock check  
Net ethernet_one_gbe_skarab_axi_inst/ethernet_one_gbe_skarab_axi_struct/system_control_one_gbe_skarab2/control_axi_stream_gbe_inst/mem_tmp_reg[58][7]_i_1_n_0 is a gated clock net sourced by a combinational pin ethernet_one_gbe_skarab_axi_inst/ethernet_one_gbe_skarab_axi_struct/system_control_one_gbe_skarab2/control_axi_stream_gbe_inst/mem_tmp_reg[58][7]_i_1/O, cell ethernet_one_gbe_skarab_axi_inst/ethernet_one_gbe_skarab_axi_struct/system_control_one_gbe_skarab2/control_axi_stream_gbe_inst/mem_tmp_reg[58][7]_i_1. This is not good design practice and will likely impact performance. For SLICE registers, for example, use the CE pin to control the loading of data.
Related violations: <none>

PDRC-153#211 Warning
Gated clock check  
Net ethernet_one_gbe_skarab_axi_inst/ethernet_one_gbe_skarab_axi_struct/system_control_one_gbe_skarab2/control_axi_stream_gbe_inst/mem_tmp_reg[59][7]_i_1_n_0 is a gated clock net sourced by a combinational pin ethernet_one_gbe_skarab_axi_inst/ethernet_one_gbe_skarab_axi_struct/system_control_one_gbe_skarab2/control_axi_stream_gbe_inst/mem_tmp_reg[59][7]_i_1/O, cell ethernet_one_gbe_skarab_axi_inst/ethernet_one_gbe_skarab_axi_struct/system_control_one_gbe_skarab2/control_axi_stream_gbe_inst/mem_tmp_reg[59][7]_i_1. This is not good design practice and will likely impact performance. For SLICE registers, for example, use the CE pin to control the loading of data.
Related violations: <none>

PDRC-153#212 Warning
Gated clock check  
Net ethernet_one_gbe_skarab_axi_inst/ethernet_one_gbe_skarab_axi_struct/system_control_one_gbe_skarab2/control_axi_stream_gbe_inst/mem_tmp_reg[5][7]_i_1_n_0 is a gated clock net sourced by a combinational pin ethernet_one_gbe_skarab_axi_inst/ethernet_one_gbe_skarab_axi_struct/system_control_one_gbe_skarab2/control_axi_stream_gbe_inst/mem_tmp_reg[5][7]_i_1/O, cell ethernet_one_gbe_skarab_axi_inst/ethernet_one_gbe_skarab_axi_struct/system_control_one_gbe_skarab2/control_axi_stream_gbe_inst/mem_tmp_reg[5][7]_i_1. This is not good design practice and will likely impact performance. For SLICE registers, for example, use the CE pin to control the loading of data.
Related violations: <none>

PDRC-153#213 Warning
Gated clock check  
Net ethernet_one_gbe_skarab_axi_inst/ethernet_one_gbe_skarab_axi_struct/system_control_one_gbe_skarab2/control_axi_stream_gbe_inst/mem_tmp_reg[60][7]_i_1_n_0 is a gated clock net sourced by a combinational pin ethernet_one_gbe_skarab_axi_inst/ethernet_one_gbe_skarab_axi_struct/system_control_one_gbe_skarab2/control_axi_stream_gbe_inst/mem_tmp_reg[60][7]_i_1/O, cell ethernet_one_gbe_skarab_axi_inst/ethernet_one_gbe_skarab_axi_struct/system_control_one_gbe_skarab2/control_axi_stream_gbe_inst/mem_tmp_reg[60][7]_i_1. This is not good design practice and will likely impact performance. For SLICE registers, for example, use the CE pin to control the loading of data.
Related violations: <none>

PDRC-153#214 Warning
Gated clock check  
Net ethernet_one_gbe_skarab_axi_inst/ethernet_one_gbe_skarab_axi_struct/system_control_one_gbe_skarab2/control_axi_stream_gbe_inst/mem_tmp_reg[61][7]_i_1_n_0 is a gated clock net sourced by a combinational pin ethernet_one_gbe_skarab_axi_inst/ethernet_one_gbe_skarab_axi_struct/system_control_one_gbe_skarab2/control_axi_stream_gbe_inst/mem_tmp_reg[61][7]_i_1/O, cell ethernet_one_gbe_skarab_axi_inst/ethernet_one_gbe_skarab_axi_struct/system_control_one_gbe_skarab2/control_axi_stream_gbe_inst/mem_tmp_reg[61][7]_i_1. This is not good design practice and will likely impact performance. For SLICE registers, for example, use the CE pin to control the loading of data.
Related violations: <none>

PDRC-153#215 Warning
Gated clock check  
Net ethernet_one_gbe_skarab_axi_inst/ethernet_one_gbe_skarab_axi_struct/system_control_one_gbe_skarab2/control_axi_stream_gbe_inst/mem_tmp_reg[62][7]_i_1_n_0 is a gated clock net sourced by a combinational pin ethernet_one_gbe_skarab_axi_inst/ethernet_one_gbe_skarab_axi_struct/system_control_one_gbe_skarab2/control_axi_stream_gbe_inst/mem_tmp_reg[62][7]_i_1/O, cell ethernet_one_gbe_skarab_axi_inst/ethernet_one_gbe_skarab_axi_struct/system_control_one_gbe_skarab2/control_axi_stream_gbe_inst/mem_tmp_reg[62][7]_i_1. This is not good design practice and will likely impact performance. For SLICE registers, for example, use the CE pin to control the loading of data.
Related violations: <none>

PDRC-153#216 Warning
Gated clock check  
Net ethernet_one_gbe_skarab_axi_inst/ethernet_one_gbe_skarab_axi_struct/system_control_one_gbe_skarab2/control_axi_stream_gbe_inst/mem_tmp_reg[63][7]_i_1_n_0 is a gated clock net sourced by a combinational pin ethernet_one_gbe_skarab_axi_inst/ethernet_one_gbe_skarab_axi_struct/system_control_one_gbe_skarab2/control_axi_stream_gbe_inst/mem_tmp_reg[63][7]_i_1/O, cell ethernet_one_gbe_skarab_axi_inst/ethernet_one_gbe_skarab_axi_struct/system_control_one_gbe_skarab2/control_axi_stream_gbe_inst/mem_tmp_reg[63][7]_i_1. This is not good design practice and will likely impact performance. For SLICE registers, for example, use the CE pin to control the loading of data.
Related violations: <none>

PDRC-153#217 Warning
Gated clock check  
Net ethernet_one_gbe_skarab_axi_inst/ethernet_one_gbe_skarab_axi_struct/system_control_one_gbe_skarab2/control_axi_stream_gbe_inst/mem_tmp_reg[64][7]_i_1_n_0 is a gated clock net sourced by a combinational pin ethernet_one_gbe_skarab_axi_inst/ethernet_one_gbe_skarab_axi_struct/system_control_one_gbe_skarab2/control_axi_stream_gbe_inst/mem_tmp_reg[64][7]_i_1/O, cell ethernet_one_gbe_skarab_axi_inst/ethernet_one_gbe_skarab_axi_struct/system_control_one_gbe_skarab2/control_axi_stream_gbe_inst/mem_tmp_reg[64][7]_i_1. This is not good design practice and will likely impact performance. For SLICE registers, for example, use the CE pin to control the loading of data.
Related violations: <none>

PDRC-153#218 Warning
Gated clock check  
Net ethernet_one_gbe_skarab_axi_inst/ethernet_one_gbe_skarab_axi_struct/system_control_one_gbe_skarab2/control_axi_stream_gbe_inst/mem_tmp_reg[65][7]_i_1_n_0 is a gated clock net sourced by a combinational pin ethernet_one_gbe_skarab_axi_inst/ethernet_one_gbe_skarab_axi_struct/system_control_one_gbe_skarab2/control_axi_stream_gbe_inst/mem_tmp_reg[65][7]_i_1/O, cell ethernet_one_gbe_skarab_axi_inst/ethernet_one_gbe_skarab_axi_struct/system_control_one_gbe_skarab2/control_axi_stream_gbe_inst/mem_tmp_reg[65][7]_i_1. This is not good design practice and will likely impact performance. For SLICE registers, for example, use the CE pin to control the loading of data.
Related violations: <none>

PDRC-153#219 Warning
Gated clock check  
Net ethernet_one_gbe_skarab_axi_inst/ethernet_one_gbe_skarab_axi_struct/system_control_one_gbe_skarab2/control_axi_stream_gbe_inst/mem_tmp_reg[66][7]_i_1_n_0 is a gated clock net sourced by a combinational pin ethernet_one_gbe_skarab_axi_inst/ethernet_one_gbe_skarab_axi_struct/system_control_one_gbe_skarab2/control_axi_stream_gbe_inst/mem_tmp_reg[66][7]_i_1/O, cell ethernet_one_gbe_skarab_axi_inst/ethernet_one_gbe_skarab_axi_struct/system_control_one_gbe_skarab2/control_axi_stream_gbe_inst/mem_tmp_reg[66][7]_i_1. This is not good design practice and will likely impact performance. For SLICE registers, for example, use the CE pin to control the loading of data.
Related violations: <none>

PDRC-153#220 Warning
Gated clock check  
Net ethernet_one_gbe_skarab_axi_inst/ethernet_one_gbe_skarab_axi_struct/system_control_one_gbe_skarab2/control_axi_stream_gbe_inst/mem_tmp_reg[67][7]_i_1_n_0 is a gated clock net sourced by a combinational pin ethernet_one_gbe_skarab_axi_inst/ethernet_one_gbe_skarab_axi_struct/system_control_one_gbe_skarab2/control_axi_stream_gbe_inst/mem_tmp_reg[67][7]_i_1/O, cell ethernet_one_gbe_skarab_axi_inst/ethernet_one_gbe_skarab_axi_struct/system_control_one_gbe_skarab2/control_axi_stream_gbe_inst/mem_tmp_reg[67][7]_i_1. This is not good design practice and will likely impact performance. For SLICE registers, for example, use the CE pin to control the loading of data.
Related violations: <none>

PDRC-153#221 Warning
Gated clock check  
Net ethernet_one_gbe_skarab_axi_inst/ethernet_one_gbe_skarab_axi_struct/system_control_one_gbe_skarab2/control_axi_stream_gbe_inst/mem_tmp_reg[68][7]_i_1_n_0 is a gated clock net sourced by a combinational pin ethernet_one_gbe_skarab_axi_inst/ethernet_one_gbe_skarab_axi_struct/system_control_one_gbe_skarab2/control_axi_stream_gbe_inst/mem_tmp_reg[68][7]_i_1/O, cell ethernet_one_gbe_skarab_axi_inst/ethernet_one_gbe_skarab_axi_struct/system_control_one_gbe_skarab2/control_axi_stream_gbe_inst/mem_tmp_reg[68][7]_i_1. This is not good design practice and will likely impact performance. For SLICE registers, for example, use the CE pin to control the loading of data.
Related violations: <none>

PDRC-153#222 Warning
Gated clock check  
Net ethernet_one_gbe_skarab_axi_inst/ethernet_one_gbe_skarab_axi_struct/system_control_one_gbe_skarab2/control_axi_stream_gbe_inst/mem_tmp_reg[69][7]_i_1_n_0 is a gated clock net sourced by a combinational pin ethernet_one_gbe_skarab_axi_inst/ethernet_one_gbe_skarab_axi_struct/system_control_one_gbe_skarab2/control_axi_stream_gbe_inst/mem_tmp_reg[69][7]_i_1/O, cell ethernet_one_gbe_skarab_axi_inst/ethernet_one_gbe_skarab_axi_struct/system_control_one_gbe_skarab2/control_axi_stream_gbe_inst/mem_tmp_reg[69][7]_i_1. This is not good design practice and will likely impact performance. For SLICE registers, for example, use the CE pin to control the loading of data.
Related violations: <none>

PDRC-153#223 Warning
Gated clock check  
Net ethernet_one_gbe_skarab_axi_inst/ethernet_one_gbe_skarab_axi_struct/system_control_one_gbe_skarab2/control_axi_stream_gbe_inst/mem_tmp_reg[6][7]_i_1_n_0 is a gated clock net sourced by a combinational pin ethernet_one_gbe_skarab_axi_inst/ethernet_one_gbe_skarab_axi_struct/system_control_one_gbe_skarab2/control_axi_stream_gbe_inst/mem_tmp_reg[6][7]_i_1/O, cell ethernet_one_gbe_skarab_axi_inst/ethernet_one_gbe_skarab_axi_struct/system_control_one_gbe_skarab2/control_axi_stream_gbe_inst/mem_tmp_reg[6][7]_i_1. This is not good design practice and will likely impact performance. For SLICE registers, for example, use the CE pin to control the loading of data.
Related violations: <none>

PDRC-153#224 Warning
Gated clock check  
Net ethernet_one_gbe_skarab_axi_inst/ethernet_one_gbe_skarab_axi_struct/system_control_one_gbe_skarab2/control_axi_stream_gbe_inst/mem_tmp_reg[70][7]_i_1_n_0 is a gated clock net sourced by a combinational pin ethernet_one_gbe_skarab_axi_inst/ethernet_one_gbe_skarab_axi_struct/system_control_one_gbe_skarab2/control_axi_stream_gbe_inst/mem_tmp_reg[70][7]_i_1/O, cell ethernet_one_gbe_skarab_axi_inst/ethernet_one_gbe_skarab_axi_struct/system_control_one_gbe_skarab2/control_axi_stream_gbe_inst/mem_tmp_reg[70][7]_i_1. This is not good design practice and will likely impact performance. For SLICE registers, for example, use the CE pin to control the loading of data.
Related violations: <none>

PDRC-153#225 Warning
Gated clock check  
Net ethernet_one_gbe_skarab_axi_inst/ethernet_one_gbe_skarab_axi_struct/system_control_one_gbe_skarab2/control_axi_stream_gbe_inst/mem_tmp_reg[71][7]_i_1_n_0 is a gated clock net sourced by a combinational pin ethernet_one_gbe_skarab_axi_inst/ethernet_one_gbe_skarab_axi_struct/system_control_one_gbe_skarab2/control_axi_stream_gbe_inst/mem_tmp_reg[71][7]_i_1/O, cell ethernet_one_gbe_skarab_axi_inst/ethernet_one_gbe_skarab_axi_struct/system_control_one_gbe_skarab2/control_axi_stream_gbe_inst/mem_tmp_reg[71][7]_i_1. This is not good design practice and will likely impact performance. For SLICE registers, for example, use the CE pin to control the loading of data.
Related violations: <none>

PDRC-153#226 Warning
Gated clock check  
Net ethernet_one_gbe_skarab_axi_inst/ethernet_one_gbe_skarab_axi_struct/system_control_one_gbe_skarab2/control_axi_stream_gbe_inst/mem_tmp_reg[72][7]_i_1_n_0 is a gated clock net sourced by a combinational pin ethernet_one_gbe_skarab_axi_inst/ethernet_one_gbe_skarab_axi_struct/system_control_one_gbe_skarab2/control_axi_stream_gbe_inst/mem_tmp_reg[72][7]_i_1/O, cell ethernet_one_gbe_skarab_axi_inst/ethernet_one_gbe_skarab_axi_struct/system_control_one_gbe_skarab2/control_axi_stream_gbe_inst/mem_tmp_reg[72][7]_i_1. This is not good design practice and will likely impact performance. For SLICE registers, for example, use the CE pin to control the loading of data.
Related violations: <none>

PDRC-153#227 Warning
Gated clock check  
Net ethernet_one_gbe_skarab_axi_inst/ethernet_one_gbe_skarab_axi_struct/system_control_one_gbe_skarab2/control_axi_stream_gbe_inst/mem_tmp_reg[73][7]_i_1_n_0 is a gated clock net sourced by a combinational pin ethernet_one_gbe_skarab_axi_inst/ethernet_one_gbe_skarab_axi_struct/system_control_one_gbe_skarab2/control_axi_stream_gbe_inst/mem_tmp_reg[73][7]_i_1/O, cell ethernet_one_gbe_skarab_axi_inst/ethernet_one_gbe_skarab_axi_struct/system_control_one_gbe_skarab2/control_axi_stream_gbe_inst/mem_tmp_reg[73][7]_i_1. This is not good design practice and will likely impact performance. For SLICE registers, for example, use the CE pin to control the loading of data.
Related violations: <none>

PDRC-153#228 Warning
Gated clock check  
Net ethernet_one_gbe_skarab_axi_inst/ethernet_one_gbe_skarab_axi_struct/system_control_one_gbe_skarab2/control_axi_stream_gbe_inst/mem_tmp_reg[74][7]_i_1_n_0 is a gated clock net sourced by a combinational pin ethernet_one_gbe_skarab_axi_inst/ethernet_one_gbe_skarab_axi_struct/system_control_one_gbe_skarab2/control_axi_stream_gbe_inst/mem_tmp_reg[74][7]_i_1/O, cell ethernet_one_gbe_skarab_axi_inst/ethernet_one_gbe_skarab_axi_struct/system_control_one_gbe_skarab2/control_axi_stream_gbe_inst/mem_tmp_reg[74][7]_i_1. This is not good design practice and will likely impact performance. For SLICE registers, for example, use the CE pin to control the loading of data.
Related violations: <none>

PDRC-153#229 Warning
Gated clock check  
Net ethernet_one_gbe_skarab_axi_inst/ethernet_one_gbe_skarab_axi_struct/system_control_one_gbe_skarab2/control_axi_stream_gbe_inst/mem_tmp_reg[75][7]_i_1_n_0 is a gated clock net sourced by a combinational pin ethernet_one_gbe_skarab_axi_inst/ethernet_one_gbe_skarab_axi_struct/system_control_one_gbe_skarab2/control_axi_stream_gbe_inst/mem_tmp_reg[75][7]_i_1/O, cell ethernet_one_gbe_skarab_axi_inst/ethernet_one_gbe_skarab_axi_struct/system_control_one_gbe_skarab2/control_axi_stream_gbe_inst/mem_tmp_reg[75][7]_i_1. This is not good design practice and will likely impact performance. For SLICE registers, for example, use the CE pin to control the loading of data.
Related violations: <none>

PDRC-153#230 Warning
Gated clock check  
Net ethernet_one_gbe_skarab_axi_inst/ethernet_one_gbe_skarab_axi_struct/system_control_one_gbe_skarab2/control_axi_stream_gbe_inst/mem_tmp_reg[76][7]_i_1_n_0 is a gated clock net sourced by a combinational pin ethernet_one_gbe_skarab_axi_inst/ethernet_one_gbe_skarab_axi_struct/system_control_one_gbe_skarab2/control_axi_stream_gbe_inst/mem_tmp_reg[76][7]_i_1/O, cell ethernet_one_gbe_skarab_axi_inst/ethernet_one_gbe_skarab_axi_struct/system_control_one_gbe_skarab2/control_axi_stream_gbe_inst/mem_tmp_reg[76][7]_i_1. This is not good design practice and will likely impact performance. For SLICE registers, for example, use the CE pin to control the loading of data.
Related violations: <none>

PDRC-153#231 Warning
Gated clock check  
Net ethernet_one_gbe_skarab_axi_inst/ethernet_one_gbe_skarab_axi_struct/system_control_one_gbe_skarab2/control_axi_stream_gbe_inst/mem_tmp_reg[77][7]_i_1_n_0 is a gated clock net sourced by a combinational pin ethernet_one_gbe_skarab_axi_inst/ethernet_one_gbe_skarab_axi_struct/system_control_one_gbe_skarab2/control_axi_stream_gbe_inst/mem_tmp_reg[77][7]_i_1/O, cell ethernet_one_gbe_skarab_axi_inst/ethernet_one_gbe_skarab_axi_struct/system_control_one_gbe_skarab2/control_axi_stream_gbe_inst/mem_tmp_reg[77][7]_i_1. This is not good design practice and will likely impact performance. For SLICE registers, for example, use the CE pin to control the loading of data.
Related violations: <none>

PDRC-153#232 Warning
Gated clock check  
Net ethernet_one_gbe_skarab_axi_inst/ethernet_one_gbe_skarab_axi_struct/system_control_one_gbe_skarab2/control_axi_stream_gbe_inst/mem_tmp_reg[78][7]_i_1_n_0 is a gated clock net sourced by a combinational pin ethernet_one_gbe_skarab_axi_inst/ethernet_one_gbe_skarab_axi_struct/system_control_one_gbe_skarab2/control_axi_stream_gbe_inst/mem_tmp_reg[78][7]_i_1/O, cell ethernet_one_gbe_skarab_axi_inst/ethernet_one_gbe_skarab_axi_struct/system_control_one_gbe_skarab2/control_axi_stream_gbe_inst/mem_tmp_reg[78][7]_i_1. This is not good design practice and will likely impact performance. For SLICE registers, for example, use the CE pin to control the loading of data.
Related violations: <none>

PDRC-153#233 Warning
Gated clock check  
Net ethernet_one_gbe_skarab_axi_inst/ethernet_one_gbe_skarab_axi_struct/system_control_one_gbe_skarab2/control_axi_stream_gbe_inst/mem_tmp_reg[79][7]_i_1_n_0 is a gated clock net sourced by a combinational pin ethernet_one_gbe_skarab_axi_inst/ethernet_one_gbe_skarab_axi_struct/system_control_one_gbe_skarab2/control_axi_stream_gbe_inst/mem_tmp_reg[79][7]_i_1/O, cell ethernet_one_gbe_skarab_axi_inst/ethernet_one_gbe_skarab_axi_struct/system_control_one_gbe_skarab2/control_axi_stream_gbe_inst/mem_tmp_reg[79][7]_i_1. This is not good design practice and will likely impact performance. For SLICE registers, for example, use the CE pin to control the loading of data.
Related violations: <none>

PDRC-153#234 Warning
Gated clock check  
Net ethernet_one_gbe_skarab_axi_inst/ethernet_one_gbe_skarab_axi_struct/system_control_one_gbe_skarab2/control_axi_stream_gbe_inst/mem_tmp_reg[7][7]_i_1_n_0 is a gated clock net sourced by a combinational pin ethernet_one_gbe_skarab_axi_inst/ethernet_one_gbe_skarab_axi_struct/system_control_one_gbe_skarab2/control_axi_stream_gbe_inst/mem_tmp_reg[7][7]_i_1/O, cell ethernet_one_gbe_skarab_axi_inst/ethernet_one_gbe_skarab_axi_struct/system_control_one_gbe_skarab2/control_axi_stream_gbe_inst/mem_tmp_reg[7][7]_i_1. This is not good design practice and will likely impact performance. For SLICE registers, for example, use the CE pin to control the loading of data.
Related violations: <none>

PDRC-153#235 Warning
Gated clock check  
Net ethernet_one_gbe_skarab_axi_inst/ethernet_one_gbe_skarab_axi_struct/system_control_one_gbe_skarab2/control_axi_stream_gbe_inst/mem_tmp_reg[80][7]_i_1_n_0 is a gated clock net sourced by a combinational pin ethernet_one_gbe_skarab_axi_inst/ethernet_one_gbe_skarab_axi_struct/system_control_one_gbe_skarab2/control_axi_stream_gbe_inst/mem_tmp_reg[80][7]_i_1/O, cell ethernet_one_gbe_skarab_axi_inst/ethernet_one_gbe_skarab_axi_struct/system_control_one_gbe_skarab2/control_axi_stream_gbe_inst/mem_tmp_reg[80][7]_i_1. This is not good design practice and will likely impact performance. For SLICE registers, for example, use the CE pin to control the loading of data.
Related violations: <none>

PDRC-153#236 Warning
Gated clock check  
Net ethernet_one_gbe_skarab_axi_inst/ethernet_one_gbe_skarab_axi_struct/system_control_one_gbe_skarab2/control_axi_stream_gbe_inst/mem_tmp_reg[81][7]_i_1_n_0 is a gated clock net sourced by a combinational pin ethernet_one_gbe_skarab_axi_inst/ethernet_one_gbe_skarab_axi_struct/system_control_one_gbe_skarab2/control_axi_stream_gbe_inst/mem_tmp_reg[81][7]_i_1/O, cell ethernet_one_gbe_skarab_axi_inst/ethernet_one_gbe_skarab_axi_struct/system_control_one_gbe_skarab2/control_axi_stream_gbe_inst/mem_tmp_reg[81][7]_i_1. This is not good design practice and will likely impact performance. For SLICE registers, for example, use the CE pin to control the loading of data.
Related violations: <none>

PDRC-153#237 Warning
Gated clock check  
Net ethernet_one_gbe_skarab_axi_inst/ethernet_one_gbe_skarab_axi_struct/system_control_one_gbe_skarab2/control_axi_stream_gbe_inst/mem_tmp_reg[82][7]_i_1_n_0 is a gated clock net sourced by a combinational pin ethernet_one_gbe_skarab_axi_inst/ethernet_one_gbe_skarab_axi_struct/system_control_one_gbe_skarab2/control_axi_stream_gbe_inst/mem_tmp_reg[82][7]_i_1/O, cell ethernet_one_gbe_skarab_axi_inst/ethernet_one_gbe_skarab_axi_struct/system_control_one_gbe_skarab2/control_axi_stream_gbe_inst/mem_tmp_reg[82][7]_i_1. This is not good design practice and will likely impact performance. For SLICE registers, for example, use the CE pin to control the loading of data.
Related violations: <none>

PDRC-153#238 Warning
Gated clock check  
Net ethernet_one_gbe_skarab_axi_inst/ethernet_one_gbe_skarab_axi_struct/system_control_one_gbe_skarab2/control_axi_stream_gbe_inst/mem_tmp_reg[83][7]_i_1_n_0 is a gated clock net sourced by a combinational pin ethernet_one_gbe_skarab_axi_inst/ethernet_one_gbe_skarab_axi_struct/system_control_one_gbe_skarab2/control_axi_stream_gbe_inst/mem_tmp_reg[83][7]_i_1/O, cell ethernet_one_gbe_skarab_axi_inst/ethernet_one_gbe_skarab_axi_struct/system_control_one_gbe_skarab2/control_axi_stream_gbe_inst/mem_tmp_reg[83][7]_i_1. This is not good design practice and will likely impact performance. For SLICE registers, for example, use the CE pin to control the loading of data.
Related violations: <none>

PDRC-153#239 Warning
Gated clock check  
Net ethernet_one_gbe_skarab_axi_inst/ethernet_one_gbe_skarab_axi_struct/system_control_one_gbe_skarab2/control_axi_stream_gbe_inst/mem_tmp_reg[84][7]_i_1_n_0 is a gated clock net sourced by a combinational pin ethernet_one_gbe_skarab_axi_inst/ethernet_one_gbe_skarab_axi_struct/system_control_one_gbe_skarab2/control_axi_stream_gbe_inst/mem_tmp_reg[84][7]_i_1/O, cell ethernet_one_gbe_skarab_axi_inst/ethernet_one_gbe_skarab_axi_struct/system_control_one_gbe_skarab2/control_axi_stream_gbe_inst/mem_tmp_reg[84][7]_i_1. This is not good design practice and will likely impact performance. For SLICE registers, for example, use the CE pin to control the loading of data.
Related violations: <none>

PDRC-153#240 Warning
Gated clock check  
Net ethernet_one_gbe_skarab_axi_inst/ethernet_one_gbe_skarab_axi_struct/system_control_one_gbe_skarab2/control_axi_stream_gbe_inst/mem_tmp_reg[85][7]_i_1_n_0 is a gated clock net sourced by a combinational pin ethernet_one_gbe_skarab_axi_inst/ethernet_one_gbe_skarab_axi_struct/system_control_one_gbe_skarab2/control_axi_stream_gbe_inst/mem_tmp_reg[85][7]_i_1/O, cell ethernet_one_gbe_skarab_axi_inst/ethernet_one_gbe_skarab_axi_struct/system_control_one_gbe_skarab2/control_axi_stream_gbe_inst/mem_tmp_reg[85][7]_i_1. This is not good design practice and will likely impact performance. For SLICE registers, for example, use the CE pin to control the loading of data.
Related violations: <none>

PDRC-153#241 Warning
Gated clock check  
Net ethernet_one_gbe_skarab_axi_inst/ethernet_one_gbe_skarab_axi_struct/system_control_one_gbe_skarab2/control_axi_stream_gbe_inst/mem_tmp_reg[86][7]_i_1_n_0 is a gated clock net sourced by a combinational pin ethernet_one_gbe_skarab_axi_inst/ethernet_one_gbe_skarab_axi_struct/system_control_one_gbe_skarab2/control_axi_stream_gbe_inst/mem_tmp_reg[86][7]_i_1/O, cell ethernet_one_gbe_skarab_axi_inst/ethernet_one_gbe_skarab_axi_struct/system_control_one_gbe_skarab2/control_axi_stream_gbe_inst/mem_tmp_reg[86][7]_i_1. This is not good design practice and will likely impact performance. For SLICE registers, for example, use the CE pin to control the loading of data.
Related violations: <none>

PDRC-153#242 Warning
Gated clock check  
Net ethernet_one_gbe_skarab_axi_inst/ethernet_one_gbe_skarab_axi_struct/system_control_one_gbe_skarab2/control_axi_stream_gbe_inst/mem_tmp_reg[87][7]_i_1_n_0 is a gated clock net sourced by a combinational pin ethernet_one_gbe_skarab_axi_inst/ethernet_one_gbe_skarab_axi_struct/system_control_one_gbe_skarab2/control_axi_stream_gbe_inst/mem_tmp_reg[87][7]_i_1/O, cell ethernet_one_gbe_skarab_axi_inst/ethernet_one_gbe_skarab_axi_struct/system_control_one_gbe_skarab2/control_axi_stream_gbe_inst/mem_tmp_reg[87][7]_i_1. This is not good design practice and will likely impact performance. For SLICE registers, for example, use the CE pin to control the loading of data.
Related violations: <none>

PDRC-153#243 Warning
Gated clock check  
Net ethernet_one_gbe_skarab_axi_inst/ethernet_one_gbe_skarab_axi_struct/system_control_one_gbe_skarab2/control_axi_stream_gbe_inst/mem_tmp_reg[88][7]_i_1_n_0 is a gated clock net sourced by a combinational pin ethernet_one_gbe_skarab_axi_inst/ethernet_one_gbe_skarab_axi_struct/system_control_one_gbe_skarab2/control_axi_stream_gbe_inst/mem_tmp_reg[88][7]_i_1/O, cell ethernet_one_gbe_skarab_axi_inst/ethernet_one_gbe_skarab_axi_struct/system_control_one_gbe_skarab2/control_axi_stream_gbe_inst/mem_tmp_reg[88][7]_i_1. This is not good design practice and will likely impact performance. For SLICE registers, for example, use the CE pin to control the loading of data.
Related violations: <none>

PDRC-153#244 Warning
Gated clock check  
Net ethernet_one_gbe_skarab_axi_inst/ethernet_one_gbe_skarab_axi_struct/system_control_one_gbe_skarab2/control_axi_stream_gbe_inst/mem_tmp_reg[89][7]_i_1_n_0 is a gated clock net sourced by a combinational pin ethernet_one_gbe_skarab_axi_inst/ethernet_one_gbe_skarab_axi_struct/system_control_one_gbe_skarab2/control_axi_stream_gbe_inst/mem_tmp_reg[89][7]_i_1/O, cell ethernet_one_gbe_skarab_axi_inst/ethernet_one_gbe_skarab_axi_struct/system_control_one_gbe_skarab2/control_axi_stream_gbe_inst/mem_tmp_reg[89][7]_i_1. This is not good design practice and will likely impact performance. For SLICE registers, for example, use the CE pin to control the loading of data.
Related violations: <none>

PDRC-153#245 Warning
Gated clock check  
Net ethernet_one_gbe_skarab_axi_inst/ethernet_one_gbe_skarab_axi_struct/system_control_one_gbe_skarab2/control_axi_stream_gbe_inst/mem_tmp_reg[8][7]_i_1_n_0 is a gated clock net sourced by a combinational pin ethernet_one_gbe_skarab_axi_inst/ethernet_one_gbe_skarab_axi_struct/system_control_one_gbe_skarab2/control_axi_stream_gbe_inst/mem_tmp_reg[8][7]_i_1/O, cell ethernet_one_gbe_skarab_axi_inst/ethernet_one_gbe_skarab_axi_struct/system_control_one_gbe_skarab2/control_axi_stream_gbe_inst/mem_tmp_reg[8][7]_i_1. This is not good design practice and will likely impact performance. For SLICE registers, for example, use the CE pin to control the loading of data.
Related violations: <none>

PDRC-153#246 Warning
Gated clock check  
Net ethernet_one_gbe_skarab_axi_inst/ethernet_one_gbe_skarab_axi_struct/system_control_one_gbe_skarab2/control_axi_stream_gbe_inst/mem_tmp_reg[90][7]_i_1_n_0 is a gated clock net sourced by a combinational pin ethernet_one_gbe_skarab_axi_inst/ethernet_one_gbe_skarab_axi_struct/system_control_one_gbe_skarab2/control_axi_stream_gbe_inst/mem_tmp_reg[90][7]_i_1/O, cell ethernet_one_gbe_skarab_axi_inst/ethernet_one_gbe_skarab_axi_struct/system_control_one_gbe_skarab2/control_axi_stream_gbe_inst/mem_tmp_reg[90][7]_i_1. This is not good design practice and will likely impact performance. For SLICE registers, for example, use the CE pin to control the loading of data.
Related violations: <none>

PDRC-153#247 Warning
Gated clock check  
Net ethernet_one_gbe_skarab_axi_inst/ethernet_one_gbe_skarab_axi_struct/system_control_one_gbe_skarab2/control_axi_stream_gbe_inst/mem_tmp_reg[91][7]_i_1_n_0 is a gated clock net sourced by a combinational pin ethernet_one_gbe_skarab_axi_inst/ethernet_one_gbe_skarab_axi_struct/system_control_one_gbe_skarab2/control_axi_stream_gbe_inst/mem_tmp_reg[91][7]_i_1/O, cell ethernet_one_gbe_skarab_axi_inst/ethernet_one_gbe_skarab_axi_struct/system_control_one_gbe_skarab2/control_axi_stream_gbe_inst/mem_tmp_reg[91][7]_i_1. This is not good design practice and will likely impact performance. For SLICE registers, for example, use the CE pin to control the loading of data.
Related violations: <none>

PDRC-153#248 Warning
Gated clock check  
Net ethernet_one_gbe_skarab_axi_inst/ethernet_one_gbe_skarab_axi_struct/system_control_one_gbe_skarab2/control_axi_stream_gbe_inst/mem_tmp_reg[92][7]_i_1_n_0 is a gated clock net sourced by a combinational pin ethernet_one_gbe_skarab_axi_inst/ethernet_one_gbe_skarab_axi_struct/system_control_one_gbe_skarab2/control_axi_stream_gbe_inst/mem_tmp_reg[92][7]_i_1/O, cell ethernet_one_gbe_skarab_axi_inst/ethernet_one_gbe_skarab_axi_struct/system_control_one_gbe_skarab2/control_axi_stream_gbe_inst/mem_tmp_reg[92][7]_i_1. This is not good design practice and will likely impact performance. For SLICE registers, for example, use the CE pin to control the loading of data.
Related violations: <none>

PDRC-153#249 Warning
Gated clock check  
Net ethernet_one_gbe_skarab_axi_inst/ethernet_one_gbe_skarab_axi_struct/system_control_one_gbe_skarab2/control_axi_stream_gbe_inst/mem_tmp_reg[93][7]_i_1_n_0 is a gated clock net sourced by a combinational pin ethernet_one_gbe_skarab_axi_inst/ethernet_one_gbe_skarab_axi_struct/system_control_one_gbe_skarab2/control_axi_stream_gbe_inst/mem_tmp_reg[93][7]_i_1/O, cell ethernet_one_gbe_skarab_axi_inst/ethernet_one_gbe_skarab_axi_struct/system_control_one_gbe_skarab2/control_axi_stream_gbe_inst/mem_tmp_reg[93][7]_i_1. This is not good design practice and will likely impact performance. For SLICE registers, for example, use the CE pin to control the loading of data.
Related violations: <none>

PDRC-153#250 Warning
Gated clock check  
Net ethernet_one_gbe_skarab_axi_inst/ethernet_one_gbe_skarab_axi_struct/system_control_one_gbe_skarab2/control_axi_stream_gbe_inst/mem_tmp_reg[94][7]_i_1_n_0 is a gated clock net sourced by a combinational pin ethernet_one_gbe_skarab_axi_inst/ethernet_one_gbe_skarab_axi_struct/system_control_one_gbe_skarab2/control_axi_stream_gbe_inst/mem_tmp_reg[94][7]_i_1/O, cell ethernet_one_gbe_skarab_axi_inst/ethernet_one_gbe_skarab_axi_struct/system_control_one_gbe_skarab2/control_axi_stream_gbe_inst/mem_tmp_reg[94][7]_i_1. This is not good design practice and will likely impact performance. For SLICE registers, for example, use the CE pin to control the loading of data.
Related violations: <none>

PDRC-153#251 Warning
Gated clock check  
Net ethernet_one_gbe_skarab_axi_inst/ethernet_one_gbe_skarab_axi_struct/system_control_one_gbe_skarab2/control_axi_stream_gbe_inst/mem_tmp_reg[95][7]_i_1_n_0 is a gated clock net sourced by a combinational pin ethernet_one_gbe_skarab_axi_inst/ethernet_one_gbe_skarab_axi_struct/system_control_one_gbe_skarab2/control_axi_stream_gbe_inst/mem_tmp_reg[95][7]_i_1/O, cell ethernet_one_gbe_skarab_axi_inst/ethernet_one_gbe_skarab_axi_struct/system_control_one_gbe_skarab2/control_axi_stream_gbe_inst/mem_tmp_reg[95][7]_i_1. This is not good design practice and will likely impact performance. For SLICE registers, for example, use the CE pin to control the loading of data.
Related violations: <none>

PDRC-153#252 Warning
Gated clock check  
Net ethernet_one_gbe_skarab_axi_inst/ethernet_one_gbe_skarab_axi_struct/system_control_one_gbe_skarab2/control_axi_stream_gbe_inst/mem_tmp_reg[96][7]_i_1_n_0 is a gated clock net sourced by a combinational pin ethernet_one_gbe_skarab_axi_inst/ethernet_one_gbe_skarab_axi_struct/system_control_one_gbe_skarab2/control_axi_stream_gbe_inst/mem_tmp_reg[96][7]_i_1/O, cell ethernet_one_gbe_skarab_axi_inst/ethernet_one_gbe_skarab_axi_struct/system_control_one_gbe_skarab2/control_axi_stream_gbe_inst/mem_tmp_reg[96][7]_i_1. This is not good design practice and will likely impact performance. For SLICE registers, for example, use the CE pin to control the loading of data.
Related violations: <none>

PDRC-153#253 Warning
Gated clock check  
Net ethernet_one_gbe_skarab_axi_inst/ethernet_one_gbe_skarab_axi_struct/system_control_one_gbe_skarab2/control_axi_stream_gbe_inst/mem_tmp_reg[97][7]_i_1_n_0 is a gated clock net sourced by a combinational pin ethernet_one_gbe_skarab_axi_inst/ethernet_one_gbe_skarab_axi_struct/system_control_one_gbe_skarab2/control_axi_stream_gbe_inst/mem_tmp_reg[97][7]_i_1/O, cell ethernet_one_gbe_skarab_axi_inst/ethernet_one_gbe_skarab_axi_struct/system_control_one_gbe_skarab2/control_axi_stream_gbe_inst/mem_tmp_reg[97][7]_i_1. This is not good design practice and will likely impact performance. For SLICE registers, for example, use the CE pin to control the loading of data.
Related violations: <none>

PDRC-153#254 Warning
Gated clock check  
Net ethernet_one_gbe_skarab_axi_inst/ethernet_one_gbe_skarab_axi_struct/system_control_one_gbe_skarab2/control_axi_stream_gbe_inst/mem_tmp_reg[98][7]_i_1_n_0 is a gated clock net sourced by a combinational pin ethernet_one_gbe_skarab_axi_inst/ethernet_one_gbe_skarab_axi_struct/system_control_one_gbe_skarab2/control_axi_stream_gbe_inst/mem_tmp_reg[98][7]_i_1/O, cell ethernet_one_gbe_skarab_axi_inst/ethernet_one_gbe_skarab_axi_struct/system_control_one_gbe_skarab2/control_axi_stream_gbe_inst/mem_tmp_reg[98][7]_i_1. This is not good design practice and will likely impact performance. For SLICE registers, for example, use the CE pin to control the loading of data.
Related violations: <none>

PDRC-153#255 Warning
Gated clock check  
Net ethernet_one_gbe_skarab_axi_inst/ethernet_one_gbe_skarab_axi_struct/system_control_one_gbe_skarab2/control_axi_stream_gbe_inst/mem_tmp_reg[99][7]_i_1_n_0 is a gated clock net sourced by a combinational pin ethernet_one_gbe_skarab_axi_inst/ethernet_one_gbe_skarab_axi_struct/system_control_one_gbe_skarab2/control_axi_stream_gbe_inst/mem_tmp_reg[99][7]_i_1/O, cell ethernet_one_gbe_skarab_axi_inst/ethernet_one_gbe_skarab_axi_struct/system_control_one_gbe_skarab2/control_axi_stream_gbe_inst/mem_tmp_reg[99][7]_i_1. This is not good design practice and will likely impact performance. For SLICE registers, for example, use the CE pin to control the loading of data.
Related violations: <none>

PDRC-153#256 Warning
Gated clock check  
Net ethernet_one_gbe_skarab_axi_inst/ethernet_one_gbe_skarab_axi_struct/system_control_one_gbe_skarab2/control_axi_stream_gbe_inst/mem_tmp_reg[9][7]_i_1_n_0 is a gated clock net sourced by a combinational pin ethernet_one_gbe_skarab_axi_inst/ethernet_one_gbe_skarab_axi_struct/system_control_one_gbe_skarab2/control_axi_stream_gbe_inst/mem_tmp_reg[9][7]_i_1/O, cell ethernet_one_gbe_skarab_axi_inst/ethernet_one_gbe_skarab_axi_struct/system_control_one_gbe_skarab2/control_axi_stream_gbe_inst/mem_tmp_reg[9][7]_i_1. This is not good design practice and will likely impact performance. For SLICE registers, for example, use the CE pin to control the loading of data.
Related violations: <none>

REQP-1839#1 Warning
RAMB36 async control check  
The RAMB36E1 ethernet_one_gbe_skarab_axi_tx_one_gbe/gmii_to_xaui_translator_0/gmii_to_xaui_fifo_0/U0/inst_fifo_gen/gconvfifo.rf/grf.rf/gntv_or_sync_fifo.mem/gbm.gbmg.gbmga.ngecc.bmg/inst_blk_mem_gen/gnbram.gnativebmg.native_blk_mem_gen/valid.cstr/ramloop[0].ram.r/prim_noinit.ram/DEVICE_7SERIES.NO_BMM_INFO.SDP.SIMPLE_PRIM36.ram has an input control pin ethernet_one_gbe_skarab_axi_tx_one_gbe/gmii_to_xaui_translator_0/gmii_to_xaui_fifo_0/U0/inst_fifo_gen/gconvfifo.rf/grf.rf/gntv_or_sync_fifo.mem/gbm.gbmg.gbmga.ngecc.bmg/inst_blk_mem_gen/gnbram.gnativebmg.native_blk_mem_gen/valid.cstr/ramloop[0].ram.r/prim_noinit.ram/DEVICE_7SERIES.NO_BMM_INFO.SDP.SIMPLE_PRIM36.ram/ENARDEN (net: ethernet_one_gbe_skarab_axi_tx_one_gbe/gmii_to_xaui_translator_0/gmii_to_xaui_fifo_0/U0/inst_fifo_gen/gconvfifo.rf/grf.rf/gntv_or_sync_fifo.mem/gbm.gbmg.gbmga.ngecc.bmg/inst_blk_mem_gen/gnbram.gnativebmg.native_blk_mem_gen/valid.cstr/ramloop[0].ram.r/prim_noinit.ram/DEVICE_7SERIES.NO_BMM_INFO.SDP.SIMPLE_PRIM36.ram_0) which is driven by a register (ethernet_one_gbe_skarab_axi_tx_one_gbe/gmii_to_xaui_translator_0/gmii_to_xaui_fifo_wr_en_reg) that has an active asychronous set or reset. This may cause corruption of the memory contents and/or read values when the set/reset is asserted and is not analyzed by the default static timing analysis. It is suggested to eliminate the use of a set/reset to registers driving this RAMB pin or else use a synchronous reset in which the assertion of the reset is timed by default.
Related violations: <none>

REQP-1839#2 Warning
RAMB36 async control check  
The RAMB36E1 ethernet_one_gbe_skarab_axi_tx_one_gbe/gmii_to_xaui_translator_0/gmii_to_xaui_fifo_0/U0/inst_fifo_gen/gconvfifo.rf/grf.rf/gntv_or_sync_fifo.mem/gbm.gbmg.gbmga.ngecc.bmg/inst_blk_mem_gen/gnbram.gnativebmg.native_blk_mem_gen/valid.cstr/ramloop[0].ram.r/prim_noinit.ram/DEVICE_7SERIES.NO_BMM_INFO.SDP.SIMPLE_PRIM36.ram has an input control pin ethernet_one_gbe_skarab_axi_tx_one_gbe/gmii_to_xaui_translator_0/gmii_to_xaui_fifo_0/U0/inst_fifo_gen/gconvfifo.rf/grf.rf/gntv_or_sync_fifo.mem/gbm.gbmg.gbmga.ngecc.bmg/inst_blk_mem_gen/gnbram.gnativebmg.native_blk_mem_gen/valid.cstr/ramloop[0].ram.r/prim_noinit.ram/DEVICE_7SERIES.NO_BMM_INFO.SDP.SIMPLE_PRIM36.ram/ENBWREN (net: ethernet_one_gbe_skarab_axi_tx_one_gbe/gmii_to_xaui_translator_0/gmii_to_xaui_fifo_0/U0/inst_fifo_gen/gconvfifo.rf/grf.rf/gntv_or_sync_fifo.mem/gbm.gbmg.gbmga.ngecc.bmg/inst_blk_mem_gen/gnbram.gnativebmg.native_blk_mem_gen/valid.cstr/ramloop[0].ram.r/prim_noinit.ram/DEVICE_7SERIES.NO_BMM_INFO.SDP.SIMPLE_PRIM36.ram_ENBWREN_cooolgate_en_sig_114) which is driven by a register (ethernet_one_gbe_skarab_axi_tx_one_gbe/gmii_to_xaui_translator_0/FSM_onehot_current_gen_state_reg[2]) that has an active asychronous set or reset. This may cause corruption of the memory contents and/or read values when the set/reset is asserted and is not analyzed by the default static timing analysis. It is suggested to eliminate the use of a set/reset to registers driving this RAMB pin or else use a synchronous reset in which the assertion of the reset is timed by default.
Related violations: <none>

REQP-1839#3 Warning
RAMB36 async control check  
The RAMB36E1 ethernet_one_gbe_skarab_axi_tx_one_gbe/gmii_to_xaui_translator_0/gmii_to_xaui_fifo_0/U0/inst_fifo_gen/gconvfifo.rf/grf.rf/gntv_or_sync_fifo.mem/gbm.gbmg.gbmga.ngecc.bmg/inst_blk_mem_gen/gnbram.gnativebmg.native_blk_mem_gen/valid.cstr/ramloop[0].ram.r/prim_noinit.ram/DEVICE_7SERIES.NO_BMM_INFO.SDP.SIMPLE_PRIM36.ram has an input control pin ethernet_one_gbe_skarab_axi_tx_one_gbe/gmii_to_xaui_translator_0/gmii_to_xaui_fifo_0/U0/inst_fifo_gen/gconvfifo.rf/grf.rf/gntv_or_sync_fifo.mem/gbm.gbmg.gbmga.ngecc.bmg/inst_blk_mem_gen/gnbram.gnativebmg.native_blk_mem_gen/valid.cstr/ramloop[0].ram.r/prim_noinit.ram/DEVICE_7SERIES.NO_BMM_INFO.SDP.SIMPLE_PRIM36.ram/ENBWREN (net: ethernet_one_gbe_skarab_axi_tx_one_gbe/gmii_to_xaui_translator_0/gmii_to_xaui_fifo_0/U0/inst_fifo_gen/gconvfifo.rf/grf.rf/gntv_or_sync_fifo.mem/gbm.gbmg.gbmga.ngecc.bmg/inst_blk_mem_gen/gnbram.gnativebmg.native_blk_mem_gen/valid.cstr/ramloop[0].ram.r/prim_noinit.ram/DEVICE_7SERIES.NO_BMM_INFO.SDP.SIMPLE_PRIM36.ram_ENBWREN_cooolgate_en_sig_114) which is driven by a register (skarab_infr/sync_sys_fpga_rst_reg) that has an active asychronous set or reset. This may cause corruption of the memory contents and/or read values when the set/reset is asserted and is not analyzed by the default static timing analysis. It is suggested to eliminate the use of a set/reset to registers driving this RAMB pin or else use a synchronous reset in which the assertion of the reset is timed by default.
Related violations: <none>

REQP-1839#4 Warning
RAMB36 async control check  
The RAMB36E1 ethernet_one_gbe_skarab_axi_tx_one_gbe/gmii_to_xaui_translator_0/gmii_to_xaui_fifo_0/U0/inst_fifo_gen/gconvfifo.rf/grf.rf/gntv_or_sync_fifo.mem/gbm.gbmg.gbmga.ngecc.bmg/inst_blk_mem_gen/gnbram.gnativebmg.native_blk_mem_gen/valid.cstr/ramloop[0].ram.r/prim_noinit.ram/DEVICE_7SERIES.NO_BMM_INFO.SDP.SIMPLE_PRIM36.ram has an input control pin ethernet_one_gbe_skarab_axi_tx_one_gbe/gmii_to_xaui_translator_0/gmii_to_xaui_fifo_0/U0/inst_fifo_gen/gconvfifo.rf/grf.rf/gntv_or_sync_fifo.mem/gbm.gbmg.gbmga.ngecc.bmg/inst_blk_mem_gen/gnbram.gnativebmg.native_blk_mem_gen/valid.cstr/ramloop[0].ram.r/prim_noinit.ram/DEVICE_7SERIES.NO_BMM_INFO.SDP.SIMPLE_PRIM36.ram/ENBWREN (net: ethernet_one_gbe_skarab_axi_tx_one_gbe/gmii_to_xaui_translator_0/gmii_to_xaui_fifo_0/U0/inst_fifo_gen/gconvfifo.rf/grf.rf/gntv_or_sync_fifo.mem/gbm.gbmg.gbmga.ngecc.bmg/inst_blk_mem_gen/gnbram.gnativebmg.native_blk_mem_gen/valid.cstr/ramloop[0].ram.r/prim_noinit.ram/DEVICE_7SERIES.NO_BMM_INFO.SDP.SIMPLE_PRIM36.ram_ENBWREN_cooolgate_en_sig_114) which is driven by a register (skarab_infr/sys_fpga_rst_reg) that has an active asychronous set or reset. This may cause corruption of the memory contents and/or read values when the set/reset is asserted and is not analyzed by the default static timing analysis. It is suggested to eliminate the use of a set/reset to registers driving this RAMB pin or else use a synchronous reset in which the assertion of the reset is timed by default.
Related violations: <none>

REQP-1839#5 Warning
RAMB36 async control check  
The RAMB36E1 ethernet_one_gbe_skarab_axi_tx_one_gbe/gmii_to_xaui_translator_0/gmii_to_xaui_fifo_0/U0/inst_fifo_gen/gconvfifo.rf/grf.rf/gntv_or_sync_fifo.mem/gbm.gbmg.gbmga.ngecc.bmg/inst_blk_mem_gen/gnbram.gnativebmg.native_blk_mem_gen/valid.cstr/ramloop[0].ram.r/prim_noinit.ram/DEVICE_7SERIES.NO_BMM_INFO.SDP.SIMPLE_PRIM36.ram has an input control pin ethernet_one_gbe_skarab_axi_tx_one_gbe/gmii_to_xaui_translator_0/gmii_to_xaui_fifo_0/U0/inst_fifo_gen/gconvfifo.rf/grf.rf/gntv_or_sync_fifo.mem/gbm.gbmg.gbmga.ngecc.bmg/inst_blk_mem_gen/gnbram.gnativebmg.native_blk_mem_gen/valid.cstr/ramloop[0].ram.r/prim_noinit.ram/DEVICE_7SERIES.NO_BMM_INFO.SDP.SIMPLE_PRIM36.ram/RSTRAMB (net: ethernet_one_gbe_skarab_axi_tx_one_gbe/gmii_to_xaui_translator_0/gmii_to_xaui_fifo_0/U0/inst_fifo_gen/gconvfifo.rf/grf.rf/gntv_or_sync_fifo.mem/gbm.gbmg.gbmga.ngecc.bmg/inst_blk_mem_gen/gnbram.gnativebmg.native_blk_mem_gen/valid.cstr/ramloop[0].ram.r/prim_noinit.ram/rd_rst) which is driven by a register (skarab_infr/sys_fpga_rst_reg) that has an active asychronous set or reset. This may cause corruption of the memory contents and/or read values when the set/reset is asserted and is not analyzed by the default static timing analysis. It is suggested to eliminate the use of a set/reset to registers driving this RAMB pin or else use a synchronous reset in which the assertion of the reset is timed by default.
Related violations: <none>

REQP-1839#6 Warning
RAMB36 async control check  
The RAMB36E1 ethernet_one_gbe_skarab_axi_tx_one_gbe/gmii_to_xaui_translator_0/gmii_to_xaui_fifo_0/U0/inst_fifo_gen/gconvfifo.rf/grf.rf/gntv_or_sync_fifo.mem/gbm.gbmg.gbmga.ngecc.bmg/inst_blk_mem_gen/gnbram.gnativebmg.native_blk_mem_gen/valid.cstr/ramloop[0].ram.r/prim_noinit.ram/DEVICE_7SERIES.NO_BMM_INFO.SDP.SIMPLE_PRIM36.ram has an input control pin ethernet_one_gbe_skarab_axi_tx_one_gbe/gmii_to_xaui_translator_0/gmii_to_xaui_fifo_0/U0/inst_fifo_gen/gconvfifo.rf/grf.rf/gntv_or_sync_fifo.mem/gbm.gbmg.gbmga.ngecc.bmg/inst_blk_mem_gen/gnbram.gnativebmg.native_blk_mem_gen/valid.cstr/ramloop[0].ram.r/prim_noinit.ram/DEVICE_7SERIES.NO_BMM_INFO.SDP.SIMPLE_PRIM36.ram/WEA[0] (net: ethernet_one_gbe_skarab_axi_tx_one_gbe/gmii_to_xaui_translator_0/gmii_to_xaui_fifo_0/U0/inst_fifo_gen/gconvfifo.rf/grf.rf/gntv_or_sync_fifo.mem/gbm.gbmg.gbmga.ngecc.bmg/inst_blk_mem_gen/gnbram.gnativebmg.native_blk_mem_gen/valid.cstr/ramloop[0].ram.r/prim_noinit.ram/DEVICE_7SERIES.NO_BMM_INFO.SDP.SIMPLE_PRIM36.ram_0) which is driven by a register (ethernet_one_gbe_skarab_axi_tx_one_gbe/gmii_to_xaui_translator_0/gmii_to_xaui_fifo_wr_en_reg) that has an active asychronous set or reset. This may cause corruption of the memory contents and/or read values when the set/reset is asserted and is not analyzed by the default static timing analysis. It is suggested to eliminate the use of a set/reset to registers driving this RAMB pin or else use a synchronous reset in which the assertion of the reset is timed by default.
Related violations: <none>

REQP-1839#7 Warning
RAMB36 async control check  
The RAMB36E1 ethernet_one_gbe_skarab_axi_tx_one_gbe/gmii_to_xaui_translator_0/gmii_to_xaui_fifo_0/U0/inst_fifo_gen/gconvfifo.rf/grf.rf/gntv_or_sync_fifo.mem/gbm.gbmg.gbmga.ngecc.bmg/inst_blk_mem_gen/gnbram.gnativebmg.native_blk_mem_gen/valid.cstr/ramloop[1].ram.r/prim_noinit.ram/DEVICE_7SERIES.NO_BMM_INFO.SDP.SIMPLE_PRIM36.ram has an input control pin ethernet_one_gbe_skarab_axi_tx_one_gbe/gmii_to_xaui_translator_0/gmii_to_xaui_fifo_0/U0/inst_fifo_gen/gconvfifo.rf/grf.rf/gntv_or_sync_fifo.mem/gbm.gbmg.gbmga.ngecc.bmg/inst_blk_mem_gen/gnbram.gnativebmg.native_blk_mem_gen/valid.cstr/ramloop[1].ram.r/prim_noinit.ram/DEVICE_7SERIES.NO_BMM_INFO.SDP.SIMPLE_PRIM36.ram/ENARDEN (net: ethernet_one_gbe_skarab_axi_tx_one_gbe/gmii_to_xaui_translator_0/gmii_to_xaui_fifo_0/U0/inst_fifo_gen/gconvfifo.rf/grf.rf/gntv_or_sync_fifo.mem/gbm.gbmg.gbmga.ngecc.bmg/inst_blk_mem_gen/gnbram.gnativebmg.native_blk_mem_gen/valid.cstr/ramloop[1].ram.r/prim_noinit.ram/DEVICE_7SERIES.NO_BMM_INFO.SDP.SIMPLE_PRIM36.ram_0) which is driven by a register (ethernet_one_gbe_skarab_axi_tx_one_gbe/gmii_to_xaui_translator_0/gmii_to_xaui_fifo_wr_en_reg) that has an active asychronous set or reset. This may cause corruption of the memory contents and/or read values when the set/reset is asserted and is not analyzed by the default static timing analysis. It is suggested to eliminate the use of a set/reset to registers driving this RAMB pin or else use a synchronous reset in which the assertion of the reset is timed by default.
Related violations: <none>

REQP-1839#8 Warning
RAMB36 async control check  
The RAMB36E1 ethernet_one_gbe_skarab_axi_tx_one_gbe/gmii_to_xaui_translator_0/gmii_to_xaui_fifo_0/U0/inst_fifo_gen/gconvfifo.rf/grf.rf/gntv_or_sync_fifo.mem/gbm.gbmg.gbmga.ngecc.bmg/inst_blk_mem_gen/gnbram.gnativebmg.native_blk_mem_gen/valid.cstr/ramloop[1].ram.r/prim_noinit.ram/DEVICE_7SERIES.NO_BMM_INFO.SDP.SIMPLE_PRIM36.ram has an input control pin ethernet_one_gbe_skarab_axi_tx_one_gbe/gmii_to_xaui_translator_0/gmii_to_xaui_fifo_0/U0/inst_fifo_gen/gconvfifo.rf/grf.rf/gntv_or_sync_fifo.mem/gbm.gbmg.gbmga.ngecc.bmg/inst_blk_mem_gen/gnbram.gnativebmg.native_blk_mem_gen/valid.cstr/ramloop[1].ram.r/prim_noinit.ram/DEVICE_7SERIES.NO_BMM_INFO.SDP.SIMPLE_PRIM36.ram/ENBWREN (net: ethernet_one_gbe_skarab_axi_tx_one_gbe/gmii_to_xaui_translator_0/gmii_to_xaui_fifo_0/U0/inst_fifo_gen/gconvfifo.rf/grf.rf/gntv_or_sync_fifo.mem/gbm.gbmg.gbmga.ngecc.bmg/inst_blk_mem_gen/gnbram.gnativebmg.native_blk_mem_gen/valid.cstr/ramloop[1].ram.r/prim_noinit.ram/DEVICE_7SERIES.NO_BMM_INFO.SDP.SIMPLE_PRIM36.ram_ENBWREN_cooolgate_en_sig_115) which is driven by a register (ethernet_one_gbe_skarab_axi_tx_one_gbe/gmii_to_xaui_translator_0/FSM_onehot_current_gen_state_reg[2]) that has an active asychronous set or reset. This may cause corruption of the memory contents and/or read values when the set/reset is asserted and is not analyzed by the default static timing analysis. It is suggested to eliminate the use of a set/reset to registers driving this RAMB pin or else use a synchronous reset in which the assertion of the reset is timed by default.
Related violations: <none>

REQP-1839#9 Warning
RAMB36 async control check  
The RAMB36E1 ethernet_one_gbe_skarab_axi_tx_one_gbe/gmii_to_xaui_translator_0/gmii_to_xaui_fifo_0/U0/inst_fifo_gen/gconvfifo.rf/grf.rf/gntv_or_sync_fifo.mem/gbm.gbmg.gbmga.ngecc.bmg/inst_blk_mem_gen/gnbram.gnativebmg.native_blk_mem_gen/valid.cstr/ramloop[1].ram.r/prim_noinit.ram/DEVICE_7SERIES.NO_BMM_INFO.SDP.SIMPLE_PRIM36.ram has an input control pin ethernet_one_gbe_skarab_axi_tx_one_gbe/gmii_to_xaui_translator_0/gmii_to_xaui_fifo_0/U0/inst_fifo_gen/gconvfifo.rf/grf.rf/gntv_or_sync_fifo.mem/gbm.gbmg.gbmga.ngecc.bmg/inst_blk_mem_gen/gnbram.gnativebmg.native_blk_mem_gen/valid.cstr/ramloop[1].ram.r/prim_noinit.ram/DEVICE_7SERIES.NO_BMM_INFO.SDP.SIMPLE_PRIM36.ram/ENBWREN (net: ethernet_one_gbe_skarab_axi_tx_one_gbe/gmii_to_xaui_translator_0/gmii_to_xaui_fifo_0/U0/inst_fifo_gen/gconvfifo.rf/grf.rf/gntv_or_sync_fifo.mem/gbm.gbmg.gbmga.ngecc.bmg/inst_blk_mem_gen/gnbram.gnativebmg.native_blk_mem_gen/valid.cstr/ramloop[1].ram.r/prim_noinit.ram/DEVICE_7SERIES.NO_BMM_INFO.SDP.SIMPLE_PRIM36.ram_ENBWREN_cooolgate_en_sig_115) which is driven by a register (skarab_infr/sync_sys_fpga_rst_reg) that has an active asychronous set or reset. This may cause corruption of the memory contents and/or read values when the set/reset is asserted and is not analyzed by the default static timing analysis. It is suggested to eliminate the use of a set/reset to registers driving this RAMB pin or else use a synchronous reset in which the assertion of the reset is timed by default.
Related violations: <none>

REQP-1839#10 Warning
RAMB36 async control check  
The RAMB36E1 ethernet_one_gbe_skarab_axi_tx_one_gbe/gmii_to_xaui_translator_0/gmii_to_xaui_fifo_0/U0/inst_fifo_gen/gconvfifo.rf/grf.rf/gntv_or_sync_fifo.mem/gbm.gbmg.gbmga.ngecc.bmg/inst_blk_mem_gen/gnbram.gnativebmg.native_blk_mem_gen/valid.cstr/ramloop[1].ram.r/prim_noinit.ram/DEVICE_7SERIES.NO_BMM_INFO.SDP.SIMPLE_PRIM36.ram has an input control pin ethernet_one_gbe_skarab_axi_tx_one_gbe/gmii_to_xaui_translator_0/gmii_to_xaui_fifo_0/U0/inst_fifo_gen/gconvfifo.rf/grf.rf/gntv_or_sync_fifo.mem/gbm.gbmg.gbmga.ngecc.bmg/inst_blk_mem_gen/gnbram.gnativebmg.native_blk_mem_gen/valid.cstr/ramloop[1].ram.r/prim_noinit.ram/DEVICE_7SERIES.NO_BMM_INFO.SDP.SIMPLE_PRIM36.ram/ENBWREN (net: ethernet_one_gbe_skarab_axi_tx_one_gbe/gmii_to_xaui_translator_0/gmii_to_xaui_fifo_0/U0/inst_fifo_gen/gconvfifo.rf/grf.rf/gntv_or_sync_fifo.mem/gbm.gbmg.gbmga.ngecc.bmg/inst_blk_mem_gen/gnbram.gnativebmg.native_blk_mem_gen/valid.cstr/ramloop[1].ram.r/prim_noinit.ram/DEVICE_7SERIES.NO_BMM_INFO.SDP.SIMPLE_PRIM36.ram_ENBWREN_cooolgate_en_sig_115) which is driven by a register (skarab_infr/sys_fpga_rst_reg) that has an active asychronous set or reset. This may cause corruption of the memory contents and/or read values when the set/reset is asserted and is not analyzed by the default static timing analysis. It is suggested to eliminate the use of a set/reset to registers driving this RAMB pin or else use a synchronous reset in which the assertion of the reset is timed by default.
Related violations: <none>

REQP-1839#11 Warning
RAMB36 async control check  
The RAMB36E1 ethernet_one_gbe_skarab_axi_tx_one_gbe/gmii_to_xaui_translator_0/gmii_to_xaui_fifo_0/U0/inst_fifo_gen/gconvfifo.rf/grf.rf/gntv_or_sync_fifo.mem/gbm.gbmg.gbmga.ngecc.bmg/inst_blk_mem_gen/gnbram.gnativebmg.native_blk_mem_gen/valid.cstr/ramloop[1].ram.r/prim_noinit.ram/DEVICE_7SERIES.NO_BMM_INFO.SDP.SIMPLE_PRIM36.ram has an input control pin ethernet_one_gbe_skarab_axi_tx_one_gbe/gmii_to_xaui_translator_0/gmii_to_xaui_fifo_0/U0/inst_fifo_gen/gconvfifo.rf/grf.rf/gntv_or_sync_fifo.mem/gbm.gbmg.gbmga.ngecc.bmg/inst_blk_mem_gen/gnbram.gnativebmg.native_blk_mem_gen/valid.cstr/ramloop[1].ram.r/prim_noinit.ram/DEVICE_7SERIES.NO_BMM_INFO.SDP.SIMPLE_PRIM36.ram/RSTRAMB (net: ethernet_one_gbe_skarab_axi_tx_one_gbe/gmii_to_xaui_translator_0/gmii_to_xaui_fifo_0/U0/inst_fifo_gen/gconvfifo.rf/grf.rf/gntv_or_sync_fifo.mem/gbm.gbmg.gbmga.ngecc.bmg/inst_blk_mem_gen/gnbram.gnativebmg.native_blk_mem_gen/valid.cstr/ramloop[1].ram.r/prim_noinit.ram/rd_rst) which is driven by a register (skarab_infr/sys_fpga_rst_reg) that has an active asychronous set or reset. This may cause corruption of the memory contents and/or read values when the set/reset is asserted and is not analyzed by the default static timing analysis. It is suggested to eliminate the use of a set/reset to registers driving this RAMB pin or else use a synchronous reset in which the assertion of the reset is timed by default.
Related violations: <none>

REQP-1839#12 Warning
RAMB36 async control check  
The RAMB36E1 ethernet_one_gbe_skarab_axi_tx_one_gbe/gmii_to_xaui_translator_0/gmii_to_xaui_fifo_0/U0/inst_fifo_gen/gconvfifo.rf/grf.rf/gntv_or_sync_fifo.mem/gbm.gbmg.gbmga.ngecc.bmg/inst_blk_mem_gen/gnbram.gnativebmg.native_blk_mem_gen/valid.cstr/ramloop[1].ram.r/prim_noinit.ram/DEVICE_7SERIES.NO_BMM_INFO.SDP.SIMPLE_PRIM36.ram has an input control pin ethernet_one_gbe_skarab_axi_tx_one_gbe/gmii_to_xaui_translator_0/gmii_to_xaui_fifo_0/U0/inst_fifo_gen/gconvfifo.rf/grf.rf/gntv_or_sync_fifo.mem/gbm.gbmg.gbmga.ngecc.bmg/inst_blk_mem_gen/gnbram.gnativebmg.native_blk_mem_gen/valid.cstr/ramloop[1].ram.r/prim_noinit.ram/DEVICE_7SERIES.NO_BMM_INFO.SDP.SIMPLE_PRIM36.ram/WEA[0] (net: ethernet_one_gbe_skarab_axi_tx_one_gbe/gmii_to_xaui_translator_0/gmii_to_xaui_fifo_0/U0/inst_fifo_gen/gconvfifo.rf/grf.rf/gntv_or_sync_fifo.mem/gbm.gbmg.gbmga.ngecc.bmg/inst_blk_mem_gen/gnbram.gnativebmg.native_blk_mem_gen/valid.cstr/ramloop[1].ram.r/prim_noinit.ram/DEVICE_7SERIES.NO_BMM_INFO.SDP.SIMPLE_PRIM36.ram_0) which is driven by a register (ethernet_one_gbe_skarab_axi_tx_one_gbe/gmii_to_xaui_translator_0/gmii_to_xaui_fifo_wr_en_reg) that has an active asychronous set or reset. This may cause corruption of the memory contents and/or read values when the set/reset is asserted and is not analyzed by the default static timing analysis. It is suggested to eliminate the use of a set/reset to registers driving this RAMB pin or else use a synchronous reset in which the assertion of the reset is timed by default.
Related violations: <none>

REQP-1839#13 Warning
RAMB36 async control check  
The RAMB36E1 ethernet_one_gbe_skarab_axi_tx_one_gbe/gmii_to_xaui_translator_0/gmii_to_xaui_fifo_0/U0/inst_fifo_gen/gconvfifo.rf/grf.rf/gntv_or_sync_fifo.mem/gbm.gbmg.gbmga.ngecc.bmg/inst_blk_mem_gen/gnbram.gnativebmg.native_blk_mem_gen/valid.cstr/ramloop[2].ram.r/prim_noinit.ram/DEVICE_7SERIES.NO_BMM_INFO.SDP.SIMPLE_PRIM36.ram has an input control pin ethernet_one_gbe_skarab_axi_tx_one_gbe/gmii_to_xaui_translator_0/gmii_to_xaui_fifo_0/U0/inst_fifo_gen/gconvfifo.rf/grf.rf/gntv_or_sync_fifo.mem/gbm.gbmg.gbmga.ngecc.bmg/inst_blk_mem_gen/gnbram.gnativebmg.native_blk_mem_gen/valid.cstr/ramloop[2].ram.r/prim_noinit.ram/DEVICE_7SERIES.NO_BMM_INFO.SDP.SIMPLE_PRIM36.ram/ENARDEN (net: ethernet_one_gbe_skarab_axi_tx_one_gbe/gmii_to_xaui_translator_0/gmii_to_xaui_fifo_0/U0/inst_fifo_gen/gconvfifo.rf/grf.rf/gntv_or_sync_fifo.mem/gbm.gbmg.gbmga.ngecc.bmg/inst_blk_mem_gen/gnbram.gnativebmg.native_blk_mem_gen/valid.cstr/ramloop[2].ram.r/prim_noinit.ram/DEVICE_7SERIES.NO_BMM_INFO.SDP.SIMPLE_PRIM36.ram_0) which is driven by a register (ethernet_one_gbe_skarab_axi_tx_one_gbe/gmii_to_xaui_translator_0/gmii_to_xaui_fifo_wr_en_reg) that has an active asychronous set or reset. This may cause corruption of the memory contents and/or read values when the set/reset is asserted and is not analyzed by the default static timing analysis. It is suggested to eliminate the use of a set/reset to registers driving this RAMB pin or else use a synchronous reset in which the assertion of the reset is timed by default.
Related violations: <none>

REQP-1839#14 Warning
RAMB36 async control check  
The RAMB36E1 ethernet_one_gbe_skarab_axi_tx_one_gbe/gmii_to_xaui_translator_0/gmii_to_xaui_fifo_0/U0/inst_fifo_gen/gconvfifo.rf/grf.rf/gntv_or_sync_fifo.mem/gbm.gbmg.gbmga.ngecc.bmg/inst_blk_mem_gen/gnbram.gnativebmg.native_blk_mem_gen/valid.cstr/ramloop[2].ram.r/prim_noinit.ram/DEVICE_7SERIES.NO_BMM_INFO.SDP.SIMPLE_PRIM36.ram has an input control pin ethernet_one_gbe_skarab_axi_tx_one_gbe/gmii_to_xaui_translator_0/gmii_to_xaui_fifo_0/U0/inst_fifo_gen/gconvfifo.rf/grf.rf/gntv_or_sync_fifo.mem/gbm.gbmg.gbmga.ngecc.bmg/inst_blk_mem_gen/gnbram.gnativebmg.native_blk_mem_gen/valid.cstr/ramloop[2].ram.r/prim_noinit.ram/DEVICE_7SERIES.NO_BMM_INFO.SDP.SIMPLE_PRIM36.ram/ENBWREN (net: ethernet_one_gbe_skarab_axi_tx_one_gbe/gmii_to_xaui_translator_0/gmii_to_xaui_fifo_0/U0/inst_fifo_gen/gconvfifo.rf/grf.rf/gntv_or_sync_fifo.mem/gbm.gbmg.gbmga.ngecc.bmg/inst_blk_mem_gen/gnbram.gnativebmg.native_blk_mem_gen/valid.cstr/ramloop[2].ram.r/prim_noinit.ram/DEVICE_7SERIES.NO_BMM_INFO.SDP.SIMPLE_PRIM36.ram_ENBWREN_cooolgate_en_sig_116) which is driven by a register (ethernet_one_gbe_skarab_axi_tx_one_gbe/gmii_to_xaui_translator_0/FSM_onehot_current_gen_state_reg[2]) that has an active asychronous set or reset. This may cause corruption of the memory contents and/or read values when the set/reset is asserted and is not analyzed by the default static timing analysis. It is suggested to eliminate the use of a set/reset to registers driving this RAMB pin or else use a synchronous reset in which the assertion of the reset is timed by default.
Related violations: <none>

REQP-1839#15 Warning
RAMB36 async control check  
The RAMB36E1 ethernet_one_gbe_skarab_axi_tx_one_gbe/gmii_to_xaui_translator_0/gmii_to_xaui_fifo_0/U0/inst_fifo_gen/gconvfifo.rf/grf.rf/gntv_or_sync_fifo.mem/gbm.gbmg.gbmga.ngecc.bmg/inst_blk_mem_gen/gnbram.gnativebmg.native_blk_mem_gen/valid.cstr/ramloop[2].ram.r/prim_noinit.ram/DEVICE_7SERIES.NO_BMM_INFO.SDP.SIMPLE_PRIM36.ram has an input control pin ethernet_one_gbe_skarab_axi_tx_one_gbe/gmii_to_xaui_translator_0/gmii_to_xaui_fifo_0/U0/inst_fifo_gen/gconvfifo.rf/grf.rf/gntv_or_sync_fifo.mem/gbm.gbmg.gbmga.ngecc.bmg/inst_blk_mem_gen/gnbram.gnativebmg.native_blk_mem_gen/valid.cstr/ramloop[2].ram.r/prim_noinit.ram/DEVICE_7SERIES.NO_BMM_INFO.SDP.SIMPLE_PRIM36.ram/ENBWREN (net: ethernet_one_gbe_skarab_axi_tx_one_gbe/gmii_to_xaui_translator_0/gmii_to_xaui_fifo_0/U0/inst_fifo_gen/gconvfifo.rf/grf.rf/gntv_or_sync_fifo.mem/gbm.gbmg.gbmga.ngecc.bmg/inst_blk_mem_gen/gnbram.gnativebmg.native_blk_mem_gen/valid.cstr/ramloop[2].ram.r/prim_noinit.ram/DEVICE_7SERIES.NO_BMM_INFO.SDP.SIMPLE_PRIM36.ram_ENBWREN_cooolgate_en_sig_116) which is driven by a register (skarab_infr/sync_sys_fpga_rst_reg) that has an active asychronous set or reset. This may cause corruption of the memory contents and/or read values when the set/reset is asserted and is not analyzed by the default static timing analysis. It is suggested to eliminate the use of a set/reset to registers driving this RAMB pin or else use a synchronous reset in which the assertion of the reset is timed by default.
Related violations: <none>

REQP-1839#16 Warning
RAMB36 async control check  
The RAMB36E1 ethernet_one_gbe_skarab_axi_tx_one_gbe/gmii_to_xaui_translator_0/gmii_to_xaui_fifo_0/U0/inst_fifo_gen/gconvfifo.rf/grf.rf/gntv_or_sync_fifo.mem/gbm.gbmg.gbmga.ngecc.bmg/inst_blk_mem_gen/gnbram.gnativebmg.native_blk_mem_gen/valid.cstr/ramloop[2].ram.r/prim_noinit.ram/DEVICE_7SERIES.NO_BMM_INFO.SDP.SIMPLE_PRIM36.ram has an input control pin ethernet_one_gbe_skarab_axi_tx_one_gbe/gmii_to_xaui_translator_0/gmii_to_xaui_fifo_0/U0/inst_fifo_gen/gconvfifo.rf/grf.rf/gntv_or_sync_fifo.mem/gbm.gbmg.gbmga.ngecc.bmg/inst_blk_mem_gen/gnbram.gnativebmg.native_blk_mem_gen/valid.cstr/ramloop[2].ram.r/prim_noinit.ram/DEVICE_7SERIES.NO_BMM_INFO.SDP.SIMPLE_PRIM36.ram/ENBWREN (net: ethernet_one_gbe_skarab_axi_tx_one_gbe/gmii_to_xaui_translator_0/gmii_to_xaui_fifo_0/U0/inst_fifo_gen/gconvfifo.rf/grf.rf/gntv_or_sync_fifo.mem/gbm.gbmg.gbmga.ngecc.bmg/inst_blk_mem_gen/gnbram.gnativebmg.native_blk_mem_gen/valid.cstr/ramloop[2].ram.r/prim_noinit.ram/DEVICE_7SERIES.NO_BMM_INFO.SDP.SIMPLE_PRIM36.ram_ENBWREN_cooolgate_en_sig_116) which is driven by a register (skarab_infr/sys_fpga_rst_reg) that has an active asychronous set or reset. This may cause corruption of the memory contents and/or read values when the set/reset is asserted and is not analyzed by the default static timing analysis. It is suggested to eliminate the use of a set/reset to registers driving this RAMB pin or else use a synchronous reset in which the assertion of the reset is timed by default.
Related violations: <none>

REQP-1839#17 Warning
RAMB36 async control check  
The RAMB36E1 ethernet_one_gbe_skarab_axi_tx_one_gbe/gmii_to_xaui_translator_0/gmii_to_xaui_fifo_0/U0/inst_fifo_gen/gconvfifo.rf/grf.rf/gntv_or_sync_fifo.mem/gbm.gbmg.gbmga.ngecc.bmg/inst_blk_mem_gen/gnbram.gnativebmg.native_blk_mem_gen/valid.cstr/ramloop[2].ram.r/prim_noinit.ram/DEVICE_7SERIES.NO_BMM_INFO.SDP.SIMPLE_PRIM36.ram has an input control pin ethernet_one_gbe_skarab_axi_tx_one_gbe/gmii_to_xaui_translator_0/gmii_to_xaui_fifo_0/U0/inst_fifo_gen/gconvfifo.rf/grf.rf/gntv_or_sync_fifo.mem/gbm.gbmg.gbmga.ngecc.bmg/inst_blk_mem_gen/gnbram.gnativebmg.native_blk_mem_gen/valid.cstr/ramloop[2].ram.r/prim_noinit.ram/DEVICE_7SERIES.NO_BMM_INFO.SDP.SIMPLE_PRIM36.ram/RSTRAMB (net: ethernet_one_gbe_skarab_axi_tx_one_gbe/gmii_to_xaui_translator_0/gmii_to_xaui_fifo_0/U0/inst_fifo_gen/gconvfifo.rf/grf.rf/gntv_or_sync_fifo.mem/gbm.gbmg.gbmga.ngecc.bmg/inst_blk_mem_gen/gnbram.gnativebmg.native_blk_mem_gen/valid.cstr/ramloop[2].ram.r/prim_noinit.ram/rd_rst) which is driven by a register (skarab_infr/sys_fpga_rst_reg) that has an active asychronous set or reset. This may cause corruption of the memory contents and/or read values when the set/reset is asserted and is not analyzed by the default static timing analysis. It is suggested to eliminate the use of a set/reset to registers driving this RAMB pin or else use a synchronous reset in which the assertion of the reset is timed by default.
Related violations: <none>

REQP-1839#18 Warning
RAMB36 async control check  
The RAMB36E1 ethernet_one_gbe_skarab_axi_tx_one_gbe/gmii_to_xaui_translator_0/gmii_to_xaui_fifo_0/U0/inst_fifo_gen/gconvfifo.rf/grf.rf/gntv_or_sync_fifo.mem/gbm.gbmg.gbmga.ngecc.bmg/inst_blk_mem_gen/gnbram.gnativebmg.native_blk_mem_gen/valid.cstr/ramloop[2].ram.r/prim_noinit.ram/DEVICE_7SERIES.NO_BMM_INFO.SDP.SIMPLE_PRIM36.ram has an input control pin ethernet_one_gbe_skarab_axi_tx_one_gbe/gmii_to_xaui_translator_0/gmii_to_xaui_fifo_0/U0/inst_fifo_gen/gconvfifo.rf/grf.rf/gntv_or_sync_fifo.mem/gbm.gbmg.gbmga.ngecc.bmg/inst_blk_mem_gen/gnbram.gnativebmg.native_blk_mem_gen/valid.cstr/ramloop[2].ram.r/prim_noinit.ram/DEVICE_7SERIES.NO_BMM_INFO.SDP.SIMPLE_PRIM36.ram/WEA[0] (net: ethernet_one_gbe_skarab_axi_tx_one_gbe/gmii_to_xaui_translator_0/gmii_to_xaui_fifo_0/U0/inst_fifo_gen/gconvfifo.rf/grf.rf/gntv_or_sync_fifo.mem/gbm.gbmg.gbmga.ngecc.bmg/inst_blk_mem_gen/gnbram.gnativebmg.native_blk_mem_gen/valid.cstr/ramloop[2].ram.r/prim_noinit.ram/DEVICE_7SERIES.NO_BMM_INFO.SDP.SIMPLE_PRIM36.ram_0) which is driven by a register (ethernet_one_gbe_skarab_axi_tx_one_gbe/gmii_to_xaui_translator_0/gmii_to_xaui_fifo_wr_en_reg) that has an active asychronous set or reset. This may cause corruption of the memory contents and/or read values when the set/reset is asserted and is not analyzed by the default static timing analysis. It is suggested to eliminate the use of a set/reset to registers driving this RAMB pin or else use a synchronous reset in which the assertion of the reset is timed by default.
Related violations: <none>

REQP-1839#19 Warning
RAMB36 async control check  
The RAMB36E1 ethernet_one_gbe_skarab_axi_tx_one_gbe/gmii_to_xaui_translator_0/gmii_to_xaui_fifo_0/U0/inst_fifo_gen/gconvfifo.rf/grf.rf/gntv_or_sync_fifo.mem/gbm.gbmg.gbmga.ngecc.bmg/inst_blk_mem_gen/gnbram.gnativebmg.native_blk_mem_gen/valid.cstr/ramloop[3].ram.r/prim_noinit.ram/DEVICE_7SERIES.NO_BMM_INFO.SDP.SIMPLE_PRIM36.ram has an input control pin ethernet_one_gbe_skarab_axi_tx_one_gbe/gmii_to_xaui_translator_0/gmii_to_xaui_fifo_0/U0/inst_fifo_gen/gconvfifo.rf/grf.rf/gntv_or_sync_fifo.mem/gbm.gbmg.gbmga.ngecc.bmg/inst_blk_mem_gen/gnbram.gnativebmg.native_blk_mem_gen/valid.cstr/ramloop[3].ram.r/prim_noinit.ram/DEVICE_7SERIES.NO_BMM_INFO.SDP.SIMPLE_PRIM36.ram/ENARDEN (net: ethernet_one_gbe_skarab_axi_tx_one_gbe/gmii_to_xaui_translator_0/gmii_to_xaui_fifo_0/U0/inst_fifo_gen/gconvfifo.rf/grf.rf/gntv_or_sync_fifo.mem/gbm.gbmg.gbmga.ngecc.bmg/inst_blk_mem_gen/gnbram.gnativebmg.native_blk_mem_gen/valid.cstr/ramloop[3].ram.r/prim_noinit.ram/DEVICE_7SERIES.NO_BMM_INFO.SDP.SIMPLE_PRIM36.ram_0) which is driven by a register (ethernet_one_gbe_skarab_axi_tx_one_gbe/gmii_to_xaui_translator_0/gmii_to_xaui_fifo_wr_en_reg) that has an active asychronous set or reset. This may cause corruption of the memory contents and/or read values when the set/reset is asserted and is not analyzed by the default static timing analysis. It is suggested to eliminate the use of a set/reset to registers driving this RAMB pin or else use a synchronous reset in which the assertion of the reset is timed by default.
Related violations: <none>

REQP-1839#20 Warning
RAMB36 async control check  
The RAMB36E1 ethernet_one_gbe_skarab_axi_tx_one_gbe/gmii_to_xaui_translator_0/gmii_to_xaui_fifo_0/U0/inst_fifo_gen/gconvfifo.rf/grf.rf/gntv_or_sync_fifo.mem/gbm.gbmg.gbmga.ngecc.bmg/inst_blk_mem_gen/gnbram.gnativebmg.native_blk_mem_gen/valid.cstr/ramloop[3].ram.r/prim_noinit.ram/DEVICE_7SERIES.NO_BMM_INFO.SDP.SIMPLE_PRIM36.ram has an input control pin ethernet_one_gbe_skarab_axi_tx_one_gbe/gmii_to_xaui_translator_0/gmii_to_xaui_fifo_0/U0/inst_fifo_gen/gconvfifo.rf/grf.rf/gntv_or_sync_fifo.mem/gbm.gbmg.gbmga.ngecc.bmg/inst_blk_mem_gen/gnbram.gnativebmg.native_blk_mem_gen/valid.cstr/ramloop[3].ram.r/prim_noinit.ram/DEVICE_7SERIES.NO_BMM_INFO.SDP.SIMPLE_PRIM36.ram/ENBWREN (net: ethernet_one_gbe_skarab_axi_tx_one_gbe/gmii_to_xaui_translator_0/gmii_to_xaui_fifo_0/U0/inst_fifo_gen/gconvfifo.rf/grf.rf/gntv_or_sync_fifo.mem/gbm.gbmg.gbmga.ngecc.bmg/inst_blk_mem_gen/gnbram.gnativebmg.native_blk_mem_gen/valid.cstr/ramloop[3].ram.r/prim_noinit.ram/DEVICE_7SERIES.NO_BMM_INFO.SDP.SIMPLE_PRIM36.ram_ENBWREN_cooolgate_en_sig_117) which is driven by a register (ethernet_one_gbe_skarab_axi_tx_one_gbe/gmii_to_xaui_translator_0/FSM_onehot_current_gen_state_reg[2]) that has an active asychronous set or reset. This may cause corruption of the memory contents and/or read values when the set/reset is asserted and is not analyzed by the default static timing analysis. It is suggested to eliminate the use of a set/reset to registers driving this RAMB pin or else use a synchronous reset in which the assertion of the reset is timed by default.
Related violations: <none>

REQP-1840#1 Warning
RAMB18 async control check  
The RAMB18E1 ethernet_one_gbe_skarab_axi_tx_one_gbe/kat_ten_gb_eth_0/tge_tx_inst/arp_cache_inst/U0/inst_blk_mem_gen/gnbram.gnativebmg.native_blk_mem_gen/valid.cstr/ramloop[0].ram.r/prim_init.ram/DEVICE_7SERIES.NO_BMM_INFO.TRUE_DP.SIMPLE_PRIM18.ram has an input control pin ethernet_one_gbe_skarab_axi_tx_one_gbe/kat_ten_gb_eth_0/tge_tx_inst/arp_cache_inst/U0/inst_blk_mem_gen/gnbram.gnativebmg.native_blk_mem_gen/valid.cstr/ramloop[0].ram.r/prim_init.ram/DEVICE_7SERIES.NO_BMM_INFO.TRUE_DP.SIMPLE_PRIM18.ram/ADDRBWRADDR[11] (net: ethernet_one_gbe_skarab_axi_tx_one_gbe/kat_ten_gb_eth_0/tge_tx_inst/arp_cache_inst/U0/inst_blk_mem_gen/gnbram.gnativebmg.native_blk_mem_gen/valid.cstr/ramloop[0].ram.r/prim_init.ram/addrb[7]) which is driven by a register (ethernet_one_gbe_skarab_axi_tx_one_gbe/kat_ten_gb_eth_0/tge_tx_inst/large_packet_gen.tx_ctrl_fifo_ext/U0/inst_fifo_gen/gconvfifo.rf/grf.rf/gntv_or_sync_fifo.mem/goreg_dm.dout_i_reg[0]) that has an active asychronous set or reset. This may cause corruption of the memory contents and/or read values when the set/reset is asserted and is not analyzed by the default static timing analysis. It is suggested to eliminate the use of a set/reset to registers driving this RAMB pin or else use a synchronous reset in which the assertion of the reset is timed by default.
Related violations: <none>

REQP-1840#2 Warning
RAMB18 async control check  
The RAMB18E1 ethernet_one_gbe_skarab_axi_tx_one_gbe/kat_ten_gb_eth_0/tge_tx_inst/arp_cache_inst/U0/inst_blk_mem_gen/gnbram.gnativebmg.native_blk_mem_gen/valid.cstr/ramloop[0].ram.r/prim_init.ram/DEVICE_7SERIES.NO_BMM_INFO.TRUE_DP.SIMPLE_PRIM18.ram has an input control pin ethernet_one_gbe_skarab_axi_tx_one_gbe/kat_ten_gb_eth_0/tge_tx_inst/arp_cache_inst/U0/inst_blk_mem_gen/gnbram.gnativebmg.native_blk_mem_gen/valid.cstr/ramloop[0].ram.r/prim_init.ram/DEVICE_7SERIES.NO_BMM_INFO.TRUE_DP.SIMPLE_PRIM18.ram/ADDRBWRADDR[11] (net: ethernet_one_gbe_skarab_axi_tx_one_gbe/kat_ten_gb_eth_0/tge_tx_inst/arp_cache_inst/U0/inst_blk_mem_gen/gnbram.gnativebmg.native_blk_mem_gen/valid.cstr/ramloop[0].ram.r/prim_init.ram/addrb[7]) which is driven by a register (ethernet_one_gbe_skarab_axi_tx_one_gbe/kat_ten_gb_eth_0/tge_tx_inst/large_packet_gen.tx_ctrl_fifo_ext/U0/inst_fifo_gen/gconvfifo.rf/grf.rf/gntv_or_sync_fifo.mem/goreg_dm.dout_i_reg[10]) that has an active asychronous set or reset. This may cause corruption of the memory contents and/or read values when the set/reset is asserted and is not analyzed by the default static timing analysis. It is suggested to eliminate the use of a set/reset to registers driving this RAMB pin or else use a synchronous reset in which the assertion of the reset is timed by default.
Related violations: <none>

REQP-1840#3 Warning
RAMB18 async control check  
The RAMB18E1 ethernet_one_gbe_skarab_axi_tx_one_gbe/kat_ten_gb_eth_0/tge_tx_inst/arp_cache_inst/U0/inst_blk_mem_gen/gnbram.gnativebmg.native_blk_mem_gen/valid.cstr/ramloop[0].ram.r/prim_init.ram/DEVICE_7SERIES.NO_BMM_INFO.TRUE_DP.SIMPLE_PRIM18.ram has an input control pin ethernet_one_gbe_skarab_axi_tx_one_gbe/kat_ten_gb_eth_0/tge_tx_inst/arp_cache_inst/U0/inst_blk_mem_gen/gnbram.gnativebmg.native_blk_mem_gen/valid.cstr/ramloop[0].ram.r/prim_init.ram/DEVICE_7SERIES.NO_BMM_INFO.TRUE_DP.SIMPLE_PRIM18.ram/ADDRBWRADDR[11] (net: ethernet_one_gbe_skarab_axi_tx_one_gbe/kat_ten_gb_eth_0/tge_tx_inst/arp_cache_inst/U0/inst_blk_mem_gen/gnbram.gnativebmg.native_blk_mem_gen/valid.cstr/ramloop[0].ram.r/prim_init.ram/addrb[7]) which is driven by a register (ethernet_one_gbe_skarab_axi_tx_one_gbe/kat_ten_gb_eth_0/tge_tx_inst/large_packet_gen.tx_ctrl_fifo_ext/U0/inst_fifo_gen/gconvfifo.rf/grf.rf/gntv_or_sync_fifo.mem/goreg_dm.dout_i_reg[11]) that has an active asychronous set or reset. This may cause corruption of the memory contents and/or read values when the set/reset is asserted and is not analyzed by the default static timing analysis. It is suggested to eliminate the use of a set/reset to registers driving this RAMB pin or else use a synchronous reset in which the assertion of the reset is timed by default.
Related violations: <none>

REQP-1840#4 Warning
RAMB18 async control check  
The RAMB18E1 ethernet_one_gbe_skarab_axi_tx_one_gbe/kat_ten_gb_eth_0/tge_tx_inst/arp_cache_inst/U0/inst_blk_mem_gen/gnbram.gnativebmg.native_blk_mem_gen/valid.cstr/ramloop[0].ram.r/prim_init.ram/DEVICE_7SERIES.NO_BMM_INFO.TRUE_DP.SIMPLE_PRIM18.ram has an input control pin ethernet_one_gbe_skarab_axi_tx_one_gbe/kat_ten_gb_eth_0/tge_tx_inst/arp_cache_inst/U0/inst_blk_mem_gen/gnbram.gnativebmg.native_blk_mem_gen/valid.cstr/ramloop[0].ram.r/prim_init.ram/DEVICE_7SERIES.NO_BMM_INFO.TRUE_DP.SIMPLE_PRIM18.ram/ADDRBWRADDR[11] (net: ethernet_one_gbe_skarab_axi_tx_one_gbe/kat_ten_gb_eth_0/tge_tx_inst/arp_cache_inst/U0/inst_blk_mem_gen/gnbram.gnativebmg.native_blk_mem_gen/valid.cstr/ramloop[0].ram.r/prim_init.ram/addrb[7]) which is driven by a register (ethernet_one_gbe_skarab_axi_tx_one_gbe/kat_ten_gb_eth_0/tge_tx_inst/large_packet_gen.tx_ctrl_fifo_ext/U0/inst_fifo_gen/gconvfifo.rf/grf.rf/gntv_or_sync_fifo.mem/goreg_dm.dout_i_reg[12]) that has an active asychronous set or reset. This may cause corruption of the memory contents and/or read values when the set/reset is asserted and is not analyzed by the default static timing analysis. It is suggested to eliminate the use of a set/reset to registers driving this RAMB pin or else use a synchronous reset in which the assertion of the reset is timed by default.
Related violations: <none>

REQP-1840#5 Warning
RAMB18 async control check  
The RAMB18E1 ethernet_one_gbe_skarab_axi_tx_one_gbe/kat_ten_gb_eth_0/tge_tx_inst/arp_cache_inst/U0/inst_blk_mem_gen/gnbram.gnativebmg.native_blk_mem_gen/valid.cstr/ramloop[0].ram.r/prim_init.ram/DEVICE_7SERIES.NO_BMM_INFO.TRUE_DP.SIMPLE_PRIM18.ram has an input control pin ethernet_one_gbe_skarab_axi_tx_one_gbe/kat_ten_gb_eth_0/tge_tx_inst/arp_cache_inst/U0/inst_blk_mem_gen/gnbram.gnativebmg.native_blk_mem_gen/valid.cstr/ramloop[0].ram.r/prim_init.ram/DEVICE_7SERIES.NO_BMM_INFO.TRUE_DP.SIMPLE_PRIM18.ram/ADDRBWRADDR[11] (net: ethernet_one_gbe_skarab_axi_tx_one_gbe/kat_ten_gb_eth_0/tge_tx_inst/arp_cache_inst/U0/inst_blk_mem_gen/gnbram.gnativebmg.native_blk_mem_gen/valid.cstr/ramloop[0].ram.r/prim_init.ram/addrb[7]) which is driven by a register (ethernet_one_gbe_skarab_axi_tx_one_gbe/kat_ten_gb_eth_0/tge_tx_inst/large_packet_gen.tx_ctrl_fifo_ext/U0/inst_fifo_gen/gconvfifo.rf/grf.rf/gntv_or_sync_fifo.mem/goreg_dm.dout_i_reg[13]) that has an active asychronous set or reset. This may cause corruption of the memory contents and/or read values when the set/reset is asserted and is not analyzed by the default static timing analysis. It is suggested to eliminate the use of a set/reset to registers driving this RAMB pin or else use a synchronous reset in which the assertion of the reset is timed by default.
Related violations: <none>

REQP-1840#6 Warning
RAMB18 async control check  
The RAMB18E1 ethernet_one_gbe_skarab_axi_tx_one_gbe/kat_ten_gb_eth_0/tge_tx_inst/arp_cache_inst/U0/inst_blk_mem_gen/gnbram.gnativebmg.native_blk_mem_gen/valid.cstr/ramloop[0].ram.r/prim_init.ram/DEVICE_7SERIES.NO_BMM_INFO.TRUE_DP.SIMPLE_PRIM18.ram has an input control pin ethernet_one_gbe_skarab_axi_tx_one_gbe/kat_ten_gb_eth_0/tge_tx_inst/arp_cache_inst/U0/inst_blk_mem_gen/gnbram.gnativebmg.native_blk_mem_gen/valid.cstr/ramloop[0].ram.r/prim_init.ram/DEVICE_7SERIES.NO_BMM_INFO.TRUE_DP.SIMPLE_PRIM18.ram/ADDRBWRADDR[11] (net: ethernet_one_gbe_skarab_axi_tx_one_gbe/kat_ten_gb_eth_0/tge_tx_inst/arp_cache_inst/U0/inst_blk_mem_gen/gnbram.gnativebmg.native_blk_mem_gen/valid.cstr/ramloop[0].ram.r/prim_init.ram/addrb[7]) which is driven by a register (ethernet_one_gbe_skarab_axi_tx_one_gbe/kat_ten_gb_eth_0/tge_tx_inst/large_packet_gen.tx_ctrl_fifo_ext/U0/inst_fifo_gen/gconvfifo.rf/grf.rf/gntv_or_sync_fifo.mem/goreg_dm.dout_i_reg[14]) that has an active asychronous set or reset. This may cause corruption of the memory contents and/or read values when the set/reset is asserted and is not analyzed by the default static timing analysis. It is suggested to eliminate the use of a set/reset to registers driving this RAMB pin or else use a synchronous reset in which the assertion of the reset is timed by default.
Related violations: <none>

REQP-1840#7 Warning
RAMB18 async control check  
The RAMB18E1 ethernet_one_gbe_skarab_axi_tx_one_gbe/kat_ten_gb_eth_0/tge_tx_inst/arp_cache_inst/U0/inst_blk_mem_gen/gnbram.gnativebmg.native_blk_mem_gen/valid.cstr/ramloop[0].ram.r/prim_init.ram/DEVICE_7SERIES.NO_BMM_INFO.TRUE_DP.SIMPLE_PRIM18.ram has an input control pin ethernet_one_gbe_skarab_axi_tx_one_gbe/kat_ten_gb_eth_0/tge_tx_inst/arp_cache_inst/U0/inst_blk_mem_gen/gnbram.gnativebmg.native_blk_mem_gen/valid.cstr/ramloop[0].ram.r/prim_init.ram/DEVICE_7SERIES.NO_BMM_INFO.TRUE_DP.SIMPLE_PRIM18.ram/ADDRBWRADDR[11] (net: ethernet_one_gbe_skarab_axi_tx_one_gbe/kat_ten_gb_eth_0/tge_tx_inst/arp_cache_inst/U0/inst_blk_mem_gen/gnbram.gnativebmg.native_blk_mem_gen/valid.cstr/ramloop[0].ram.r/prim_init.ram/addrb[7]) which is driven by a register (ethernet_one_gbe_skarab_axi_tx_one_gbe/kat_ten_gb_eth_0/tge_tx_inst/large_packet_gen.tx_ctrl_fifo_ext/U0/inst_fifo_gen/gconvfifo.rf/grf.rf/gntv_or_sync_fifo.mem/goreg_dm.dout_i_reg[15]) that has an active asychronous set or reset. This may cause corruption of the memory contents and/or read values when the set/reset is asserted and is not analyzed by the default static timing analysis. It is suggested to eliminate the use of a set/reset to registers driving this RAMB pin or else use a synchronous reset in which the assertion of the reset is timed by default.
Related violations: <none>

REQP-1840#8 Warning
RAMB18 async control check  
The RAMB18E1 ethernet_one_gbe_skarab_axi_tx_one_gbe/kat_ten_gb_eth_0/tge_tx_inst/arp_cache_inst/U0/inst_blk_mem_gen/gnbram.gnativebmg.native_blk_mem_gen/valid.cstr/ramloop[0].ram.r/prim_init.ram/DEVICE_7SERIES.NO_BMM_INFO.TRUE_DP.SIMPLE_PRIM18.ram has an input control pin ethernet_one_gbe_skarab_axi_tx_one_gbe/kat_ten_gb_eth_0/tge_tx_inst/arp_cache_inst/U0/inst_blk_mem_gen/gnbram.gnativebmg.native_blk_mem_gen/valid.cstr/ramloop[0].ram.r/prim_init.ram/DEVICE_7SERIES.NO_BMM_INFO.TRUE_DP.SIMPLE_PRIM18.ram/ADDRBWRADDR[11] (net: ethernet_one_gbe_skarab_axi_tx_one_gbe/kat_ten_gb_eth_0/tge_tx_inst/arp_cache_inst/U0/inst_blk_mem_gen/gnbram.gnativebmg.native_blk_mem_gen/valid.cstr/ramloop[0].ram.r/prim_init.ram/addrb[7]) which is driven by a register (ethernet_one_gbe_skarab_axi_tx_one_gbe/kat_ten_gb_eth_0/tge_tx_inst/large_packet_gen.tx_ctrl_fifo_ext/U0/inst_fifo_gen/gconvfifo.rf/grf.rf/gntv_or_sync_fifo.mem/goreg_dm.dout_i_reg[16]) that has an active asychronous set or reset. This may cause corruption of the memory contents and/or read values when the set/reset is asserted and is not analyzed by the default static timing analysis. It is suggested to eliminate the use of a set/reset to registers driving this RAMB pin or else use a synchronous reset in which the assertion of the reset is timed by default.
Related violations: <none>

REQP-1840#9 Warning
RAMB18 async control check  
The RAMB18E1 ethernet_one_gbe_skarab_axi_tx_one_gbe/kat_ten_gb_eth_0/tge_tx_inst/arp_cache_inst/U0/inst_blk_mem_gen/gnbram.gnativebmg.native_blk_mem_gen/valid.cstr/ramloop[0].ram.r/prim_init.ram/DEVICE_7SERIES.NO_BMM_INFO.TRUE_DP.SIMPLE_PRIM18.ram has an input control pin ethernet_one_gbe_skarab_axi_tx_one_gbe/kat_ten_gb_eth_0/tge_tx_inst/arp_cache_inst/U0/inst_blk_mem_gen/gnbram.gnativebmg.native_blk_mem_gen/valid.cstr/ramloop[0].ram.r/prim_init.ram/DEVICE_7SERIES.NO_BMM_INFO.TRUE_DP.SIMPLE_PRIM18.ram/ADDRBWRADDR[11] (net: ethernet_one_gbe_skarab_axi_tx_one_gbe/kat_ten_gb_eth_0/tge_tx_inst/arp_cache_inst/U0/inst_blk_mem_gen/gnbram.gnativebmg.native_blk_mem_gen/valid.cstr/ramloop[0].ram.r/prim_init.ram/addrb[7]) which is driven by a register (ethernet_one_gbe_skarab_axi_tx_one_gbe/kat_ten_gb_eth_0/tge_tx_inst/large_packet_gen.tx_ctrl_fifo_ext/U0/inst_fifo_gen/gconvfifo.rf/grf.rf/gntv_or_sync_fifo.mem/goreg_dm.dout_i_reg[17]) that has an active asychronous set or reset. This may cause corruption of the memory contents and/or read values when the set/reset is asserted and is not analyzed by the default static timing analysis. It is suggested to eliminate the use of a set/reset to registers driving this RAMB pin or else use a synchronous reset in which the assertion of the reset is timed by default.
Related violations: <none>

REQP-1840#10 Warning
RAMB18 async control check  
The RAMB18E1 ethernet_one_gbe_skarab_axi_tx_one_gbe/kat_ten_gb_eth_0/tge_tx_inst/arp_cache_inst/U0/inst_blk_mem_gen/gnbram.gnativebmg.native_blk_mem_gen/valid.cstr/ramloop[0].ram.r/prim_init.ram/DEVICE_7SERIES.NO_BMM_INFO.TRUE_DP.SIMPLE_PRIM18.ram has an input control pin ethernet_one_gbe_skarab_axi_tx_one_gbe/kat_ten_gb_eth_0/tge_tx_inst/arp_cache_inst/U0/inst_blk_mem_gen/gnbram.gnativebmg.native_blk_mem_gen/valid.cstr/ramloop[0].ram.r/prim_init.ram/DEVICE_7SERIES.NO_BMM_INFO.TRUE_DP.SIMPLE_PRIM18.ram/ADDRBWRADDR[11] (net: ethernet_one_gbe_skarab_axi_tx_one_gbe/kat_ten_gb_eth_0/tge_tx_inst/arp_cache_inst/U0/inst_blk_mem_gen/gnbram.gnativebmg.native_blk_mem_gen/valid.cstr/ramloop[0].ram.r/prim_init.ram/addrb[7]) which is driven by a register (ethernet_one_gbe_skarab_axi_tx_one_gbe/kat_ten_gb_eth_0/tge_tx_inst/large_packet_gen.tx_ctrl_fifo_ext/U0/inst_fifo_gen/gconvfifo.rf/grf.rf/gntv_or_sync_fifo.mem/goreg_dm.dout_i_reg[18]) that has an active asychronous set or reset. This may cause corruption of the memory contents and/or read values when the set/reset is asserted and is not analyzed by the default static timing analysis. It is suggested to eliminate the use of a set/reset to registers driving this RAMB pin or else use a synchronous reset in which the assertion of the reset is timed by default.
Related violations: <none>

REQP-1840#11 Warning
RAMB18 async control check  
The RAMB18E1 ethernet_one_gbe_skarab_axi_tx_one_gbe/kat_ten_gb_eth_0/tge_tx_inst/arp_cache_inst/U0/inst_blk_mem_gen/gnbram.gnativebmg.native_blk_mem_gen/valid.cstr/ramloop[0].ram.r/prim_init.ram/DEVICE_7SERIES.NO_BMM_INFO.TRUE_DP.SIMPLE_PRIM18.ram has an input control pin ethernet_one_gbe_skarab_axi_tx_one_gbe/kat_ten_gb_eth_0/tge_tx_inst/arp_cache_inst/U0/inst_blk_mem_gen/gnbram.gnativebmg.native_blk_mem_gen/valid.cstr/ramloop[0].ram.r/prim_init.ram/DEVICE_7SERIES.NO_BMM_INFO.TRUE_DP.SIMPLE_PRIM18.ram/ADDRBWRADDR[11] (net: ethernet_one_gbe_skarab_axi_tx_one_gbe/kat_ten_gb_eth_0/tge_tx_inst/arp_cache_inst/U0/inst_blk_mem_gen/gnbram.gnativebmg.native_blk_mem_gen/valid.cstr/ramloop[0].ram.r/prim_init.ram/addrb[7]) which is driven by a register (ethernet_one_gbe_skarab_axi_tx_one_gbe/kat_ten_gb_eth_0/tge_tx_inst/large_packet_gen.tx_ctrl_fifo_ext/U0/inst_fifo_gen/gconvfifo.rf/grf.rf/gntv_or_sync_fifo.mem/goreg_dm.dout_i_reg[19]) that has an active asychronous set or reset. This may cause corruption of the memory contents and/or read values when the set/reset is asserted and is not analyzed by the default static timing analysis. It is suggested to eliminate the use of a set/reset to registers driving this RAMB pin or else use a synchronous reset in which the assertion of the reset is timed by default.
Related violations: <none>

REQP-1840#12 Warning
RAMB18 async control check  
The RAMB18E1 ethernet_one_gbe_skarab_axi_tx_one_gbe/kat_ten_gb_eth_0/tge_tx_inst/arp_cache_inst/U0/inst_blk_mem_gen/gnbram.gnativebmg.native_blk_mem_gen/valid.cstr/ramloop[0].ram.r/prim_init.ram/DEVICE_7SERIES.NO_BMM_INFO.TRUE_DP.SIMPLE_PRIM18.ram has an input control pin ethernet_one_gbe_skarab_axi_tx_one_gbe/kat_ten_gb_eth_0/tge_tx_inst/arp_cache_inst/U0/inst_blk_mem_gen/gnbram.gnativebmg.native_blk_mem_gen/valid.cstr/ramloop[0].ram.r/prim_init.ram/DEVICE_7SERIES.NO_BMM_INFO.TRUE_DP.SIMPLE_PRIM18.ram/ADDRBWRADDR[11] (net: ethernet_one_gbe_skarab_axi_tx_one_gbe/kat_ten_gb_eth_0/tge_tx_inst/arp_cache_inst/U0/inst_blk_mem_gen/gnbram.gnativebmg.native_blk_mem_gen/valid.cstr/ramloop[0].ram.r/prim_init.ram/addrb[7]) which is driven by a register (ethernet_one_gbe_skarab_axi_tx_one_gbe/kat_ten_gb_eth_0/tge_tx_inst/large_packet_gen.tx_ctrl_fifo_ext/U0/inst_fifo_gen/gconvfifo.rf/grf.rf/gntv_or_sync_fifo.mem/goreg_dm.dout_i_reg[1]) that has an active asychronous set or reset. This may cause corruption of the memory contents and/or read values when the set/reset is asserted and is not analyzed by the default static timing analysis. It is suggested to eliminate the use of a set/reset to registers driving this RAMB pin or else use a synchronous reset in which the assertion of the reset is timed by default.
Related violations: <none>

REQP-1840#13 Warning
RAMB18 async control check  
The RAMB18E1 ethernet_one_gbe_skarab_axi_tx_one_gbe/kat_ten_gb_eth_0/tge_tx_inst/arp_cache_inst/U0/inst_blk_mem_gen/gnbram.gnativebmg.native_blk_mem_gen/valid.cstr/ramloop[0].ram.r/prim_init.ram/DEVICE_7SERIES.NO_BMM_INFO.TRUE_DP.SIMPLE_PRIM18.ram has an input control pin ethernet_one_gbe_skarab_axi_tx_one_gbe/kat_ten_gb_eth_0/tge_tx_inst/arp_cache_inst/U0/inst_blk_mem_gen/gnbram.gnativebmg.native_blk_mem_gen/valid.cstr/ramloop[0].ram.r/prim_init.ram/DEVICE_7SERIES.NO_BMM_INFO.TRUE_DP.SIMPLE_PRIM18.ram/ADDRBWRADDR[11] (net: ethernet_one_gbe_skarab_axi_tx_one_gbe/kat_ten_gb_eth_0/tge_tx_inst/arp_cache_inst/U0/inst_blk_mem_gen/gnbram.gnativebmg.native_blk_mem_gen/valid.cstr/ramloop[0].ram.r/prim_init.ram/addrb[7]) which is driven by a register (ethernet_one_gbe_skarab_axi_tx_one_gbe/kat_ten_gb_eth_0/tge_tx_inst/large_packet_gen.tx_ctrl_fifo_ext/U0/inst_fifo_gen/gconvfifo.rf/grf.rf/gntv_or_sync_fifo.mem/goreg_dm.dout_i_reg[20]) that has an active asychronous set or reset. This may cause corruption of the memory contents and/or read values when the set/reset is asserted and is not analyzed by the default static timing analysis. It is suggested to eliminate the use of a set/reset to registers driving this RAMB pin or else use a synchronous reset in which the assertion of the reset is timed by default.
Related violations: <none>

REQP-1840#14 Warning
RAMB18 async control check  
The RAMB18E1 ethernet_one_gbe_skarab_axi_tx_one_gbe/kat_ten_gb_eth_0/tge_tx_inst/arp_cache_inst/U0/inst_blk_mem_gen/gnbram.gnativebmg.native_blk_mem_gen/valid.cstr/ramloop[0].ram.r/prim_init.ram/DEVICE_7SERIES.NO_BMM_INFO.TRUE_DP.SIMPLE_PRIM18.ram has an input control pin ethernet_one_gbe_skarab_axi_tx_one_gbe/kat_ten_gb_eth_0/tge_tx_inst/arp_cache_inst/U0/inst_blk_mem_gen/gnbram.gnativebmg.native_blk_mem_gen/valid.cstr/ramloop[0].ram.r/prim_init.ram/DEVICE_7SERIES.NO_BMM_INFO.TRUE_DP.SIMPLE_PRIM18.ram/ADDRBWRADDR[11] (net: ethernet_one_gbe_skarab_axi_tx_one_gbe/kat_ten_gb_eth_0/tge_tx_inst/arp_cache_inst/U0/inst_blk_mem_gen/gnbram.gnativebmg.native_blk_mem_gen/valid.cstr/ramloop[0].ram.r/prim_init.ram/addrb[7]) which is driven by a register (ethernet_one_gbe_skarab_axi_tx_one_gbe/kat_ten_gb_eth_0/tge_tx_inst/large_packet_gen.tx_ctrl_fifo_ext/U0/inst_fifo_gen/gconvfifo.rf/grf.rf/gntv_or_sync_fifo.mem/goreg_dm.dout_i_reg[21]) that has an active asychronous set or reset. This may cause corruption of the memory contents and/or read values when the set/reset is asserted and is not analyzed by the default static timing analysis. It is suggested to eliminate the use of a set/reset to registers driving this RAMB pin or else use a synchronous reset in which the assertion of the reset is timed by default.
Related violations: <none>

REQP-1840#15 Warning
RAMB18 async control check  
The RAMB18E1 ethernet_one_gbe_skarab_axi_tx_one_gbe/kat_ten_gb_eth_0/tge_tx_inst/arp_cache_inst/U0/inst_blk_mem_gen/gnbram.gnativebmg.native_blk_mem_gen/valid.cstr/ramloop[0].ram.r/prim_init.ram/DEVICE_7SERIES.NO_BMM_INFO.TRUE_DP.SIMPLE_PRIM18.ram has an input control pin ethernet_one_gbe_skarab_axi_tx_one_gbe/kat_ten_gb_eth_0/tge_tx_inst/arp_cache_inst/U0/inst_blk_mem_gen/gnbram.gnativebmg.native_blk_mem_gen/valid.cstr/ramloop[0].ram.r/prim_init.ram/DEVICE_7SERIES.NO_BMM_INFO.TRUE_DP.SIMPLE_PRIM18.ram/ADDRBWRADDR[11] (net: ethernet_one_gbe_skarab_axi_tx_one_gbe/kat_ten_gb_eth_0/tge_tx_inst/arp_cache_inst/U0/inst_blk_mem_gen/gnbram.gnativebmg.native_blk_mem_gen/valid.cstr/ramloop[0].ram.r/prim_init.ram/addrb[7]) which is driven by a register (ethernet_one_gbe_skarab_axi_tx_one_gbe/kat_ten_gb_eth_0/tge_tx_inst/large_packet_gen.tx_ctrl_fifo_ext/U0/inst_fifo_gen/gconvfifo.rf/grf.rf/gntv_or_sync_fifo.mem/goreg_dm.dout_i_reg[22]) that has an active asychronous set or reset. This may cause corruption of the memory contents and/or read values when the set/reset is asserted and is not analyzed by the default static timing analysis. It is suggested to eliminate the use of a set/reset to registers driving this RAMB pin or else use a synchronous reset in which the assertion of the reset is timed by default.
Related violations: <none>

REQP-1840#16 Warning
RAMB18 async control check  
The RAMB18E1 ethernet_one_gbe_skarab_axi_tx_one_gbe/kat_ten_gb_eth_0/tge_tx_inst/arp_cache_inst/U0/inst_blk_mem_gen/gnbram.gnativebmg.native_blk_mem_gen/valid.cstr/ramloop[0].ram.r/prim_init.ram/DEVICE_7SERIES.NO_BMM_INFO.TRUE_DP.SIMPLE_PRIM18.ram has an input control pin ethernet_one_gbe_skarab_axi_tx_one_gbe/kat_ten_gb_eth_0/tge_tx_inst/arp_cache_inst/U0/inst_blk_mem_gen/gnbram.gnativebmg.native_blk_mem_gen/valid.cstr/ramloop[0].ram.r/prim_init.ram/DEVICE_7SERIES.NO_BMM_INFO.TRUE_DP.SIMPLE_PRIM18.ram/ADDRBWRADDR[11] (net: ethernet_one_gbe_skarab_axi_tx_one_gbe/kat_ten_gb_eth_0/tge_tx_inst/arp_cache_inst/U0/inst_blk_mem_gen/gnbram.gnativebmg.native_blk_mem_gen/valid.cstr/ramloop[0].ram.r/prim_init.ram/addrb[7]) which is driven by a register (ethernet_one_gbe_skarab_axi_tx_one_gbe/kat_ten_gb_eth_0/tge_tx_inst/large_packet_gen.tx_ctrl_fifo_ext/U0/inst_fifo_gen/gconvfifo.rf/grf.rf/gntv_or_sync_fifo.mem/goreg_dm.dout_i_reg[23]) that has an active asychronous set or reset. This may cause corruption of the memory contents and/or read values when the set/reset is asserted and is not analyzed by the default static timing analysis. It is suggested to eliminate the use of a set/reset to registers driving this RAMB pin or else use a synchronous reset in which the assertion of the reset is timed by default.
Related violations: <none>

REQP-1840#17 Warning
RAMB18 async control check  
The RAMB18E1 ethernet_one_gbe_skarab_axi_tx_one_gbe/kat_ten_gb_eth_0/tge_tx_inst/arp_cache_inst/U0/inst_blk_mem_gen/gnbram.gnativebmg.native_blk_mem_gen/valid.cstr/ramloop[0].ram.r/prim_init.ram/DEVICE_7SERIES.NO_BMM_INFO.TRUE_DP.SIMPLE_PRIM18.ram has an input control pin ethernet_one_gbe_skarab_axi_tx_one_gbe/kat_ten_gb_eth_0/tge_tx_inst/arp_cache_inst/U0/inst_blk_mem_gen/gnbram.gnativebmg.native_blk_mem_gen/valid.cstr/ramloop[0].ram.r/prim_init.ram/DEVICE_7SERIES.NO_BMM_INFO.TRUE_DP.SIMPLE_PRIM18.ram/ADDRBWRADDR[11] (net: ethernet_one_gbe_skarab_axi_tx_one_gbe/kat_ten_gb_eth_0/tge_tx_inst/arp_cache_inst/U0/inst_blk_mem_gen/gnbram.gnativebmg.native_blk_mem_gen/valid.cstr/ramloop[0].ram.r/prim_init.ram/addrb[7]) which is driven by a register (ethernet_one_gbe_skarab_axi_tx_one_gbe/kat_ten_gb_eth_0/tge_tx_inst/large_packet_gen.tx_ctrl_fifo_ext/U0/inst_fifo_gen/gconvfifo.rf/grf.rf/gntv_or_sync_fifo.mem/goreg_dm.dout_i_reg[24]) that has an active asychronous set or reset. This may cause corruption of the memory contents and/or read values when the set/reset is asserted and is not analyzed by the default static timing analysis. It is suggested to eliminate the use of a set/reset to registers driving this RAMB pin or else use a synchronous reset in which the assertion of the reset is timed by default.
Related violations: <none>

REQP-1840#18 Warning
RAMB18 async control check  
The RAMB18E1 ethernet_one_gbe_skarab_axi_tx_one_gbe/kat_ten_gb_eth_0/tge_tx_inst/arp_cache_inst/U0/inst_blk_mem_gen/gnbram.gnativebmg.native_blk_mem_gen/valid.cstr/ramloop[0].ram.r/prim_init.ram/DEVICE_7SERIES.NO_BMM_INFO.TRUE_DP.SIMPLE_PRIM18.ram has an input control pin ethernet_one_gbe_skarab_axi_tx_one_gbe/kat_ten_gb_eth_0/tge_tx_inst/arp_cache_inst/U0/inst_blk_mem_gen/gnbram.gnativebmg.native_blk_mem_gen/valid.cstr/ramloop[0].ram.r/prim_init.ram/DEVICE_7SERIES.NO_BMM_INFO.TRUE_DP.SIMPLE_PRIM18.ram/ADDRBWRADDR[11] (net: ethernet_one_gbe_skarab_axi_tx_one_gbe/kat_ten_gb_eth_0/tge_tx_inst/arp_cache_inst/U0/inst_blk_mem_gen/gnbram.gnativebmg.native_blk_mem_gen/valid.cstr/ramloop[0].ram.r/prim_init.ram/addrb[7]) which is driven by a register (ethernet_one_gbe_skarab_axi_tx_one_gbe/kat_ten_gb_eth_0/tge_tx_inst/large_packet_gen.tx_ctrl_fifo_ext/U0/inst_fifo_gen/gconvfifo.rf/grf.rf/gntv_or_sync_fifo.mem/goreg_dm.dout_i_reg[25]) that has an active asychronous set or reset. This may cause corruption of the memory contents and/or read values when the set/reset is asserted and is not analyzed by the default static timing analysis. It is suggested to eliminate the use of a set/reset to registers driving this RAMB pin or else use a synchronous reset in which the assertion of the reset is timed by default.
Related violations: <none>

REQP-1840#19 Warning
RAMB18 async control check  
The RAMB18E1 ethernet_one_gbe_skarab_axi_tx_one_gbe/kat_ten_gb_eth_0/tge_tx_inst/arp_cache_inst/U0/inst_blk_mem_gen/gnbram.gnativebmg.native_blk_mem_gen/valid.cstr/ramloop[0].ram.r/prim_init.ram/DEVICE_7SERIES.NO_BMM_INFO.TRUE_DP.SIMPLE_PRIM18.ram has an input control pin ethernet_one_gbe_skarab_axi_tx_one_gbe/kat_ten_gb_eth_0/tge_tx_inst/arp_cache_inst/U0/inst_blk_mem_gen/gnbram.gnativebmg.native_blk_mem_gen/valid.cstr/ramloop[0].ram.r/prim_init.ram/DEVICE_7SERIES.NO_BMM_INFO.TRUE_DP.SIMPLE_PRIM18.ram/ADDRBWRADDR[11] (net: ethernet_one_gbe_skarab_axi_tx_one_gbe/kat_ten_gb_eth_0/tge_tx_inst/arp_cache_inst/U0/inst_blk_mem_gen/gnbram.gnativebmg.native_blk_mem_gen/valid.cstr/ramloop[0].ram.r/prim_init.ram/addrb[7]) which is driven by a register (ethernet_one_gbe_skarab_axi_tx_one_gbe/kat_ten_gb_eth_0/tge_tx_inst/large_packet_gen.tx_ctrl_fifo_ext/U0/inst_fifo_gen/gconvfifo.rf/grf.rf/gntv_or_sync_fifo.mem/goreg_dm.dout_i_reg[26]) that has an active asychronous set or reset. This may cause corruption of the memory contents and/or read values when the set/reset is asserted and is not analyzed by the default static timing analysis. It is suggested to eliminate the use of a set/reset to registers driving this RAMB pin or else use a synchronous reset in which the assertion of the reset is timed by default.
Related violations: <none>

REQP-1840#20 Warning
RAMB18 async control check  
The RAMB18E1 ethernet_one_gbe_skarab_axi_tx_one_gbe/kat_ten_gb_eth_0/tge_tx_inst/arp_cache_inst/U0/inst_blk_mem_gen/gnbram.gnativebmg.native_blk_mem_gen/valid.cstr/ramloop[0].ram.r/prim_init.ram/DEVICE_7SERIES.NO_BMM_INFO.TRUE_DP.SIMPLE_PRIM18.ram has an input control pin ethernet_one_gbe_skarab_axi_tx_one_gbe/kat_ten_gb_eth_0/tge_tx_inst/arp_cache_inst/U0/inst_blk_mem_gen/gnbram.gnativebmg.native_blk_mem_gen/valid.cstr/ramloop[0].ram.r/prim_init.ram/DEVICE_7SERIES.NO_BMM_INFO.TRUE_DP.SIMPLE_PRIM18.ram/ADDRBWRADDR[11] (net: ethernet_one_gbe_skarab_axi_tx_one_gbe/kat_ten_gb_eth_0/tge_tx_inst/arp_cache_inst/U0/inst_blk_mem_gen/gnbram.gnativebmg.native_blk_mem_gen/valid.cstr/ramloop[0].ram.r/prim_init.ram/addrb[7]) which is driven by a register (ethernet_one_gbe_skarab_axi_tx_one_gbe/kat_ten_gb_eth_0/tge_tx_inst/large_packet_gen.tx_ctrl_fifo_ext/U0/inst_fifo_gen/gconvfifo.rf/grf.rf/gntv_or_sync_fifo.mem/goreg_dm.dout_i_reg[27]) that has an active asychronous set or reset. This may cause corruption of the memory contents and/or read values when the set/reset is asserted and is not analyzed by the default static timing analysis. It is suggested to eliminate the use of a set/reset to registers driving this RAMB pin or else use a synchronous reset in which the assertion of the reset is timed by default.
Related violations: <none>

RTSTAT-10#1 Warning
No routable loads  
28 net(s) have no routable loads. The problem bus(es) and/or net(s) are ethernet_one_gbe_skarab_axi_tx_one_gbe/kat_ten_gb_eth_0/tge_rx_inst/rx_packet_ctrl_fifo_inst/U0/inst_fifo_gen/gconvfifo.rf/grf.rf/gntv_or_sync_fifo.gl0.rd/gr1.gr1_int.rfwft/aempty_fwft_i, ethernet_one_gbe_skarab_axi_tx_one_gbe/kat_ten_gb_eth_0/tge_rx_inst/use_bram.rx_packet_fifo_bram_inst/U0/inst_fifo_gen/gconvfifo.rf/grf.rf/gntv_or_sync_fifo.gl0.rd/gr1.gr1_int.rfwft/aempty_fwft_i, ethernet_one_gbe_skarab_axi_tx_one_gbe/kat_ten_gb_eth_0/tge_tx_inst/large_packet_gen.tx_data_fifo_ext_0/U0/inst_fifo_gen/gconvfifo.rf/grf.rf/gntv_or_sync_fifo.gl0.rd/gr1.gr1_int.rfwft/aempty_fwft_i, ethernet_one_gbe_skarab_axi_tx_one_gbe/kat_ten_gb_eth_0/tge_tx_inst/tx_packet_fifo_inst/U0/inst_fifo_gen/gconvfifo.rf/grf.rf/gntv_or_sync_fifo.gl0.rd/gr1.gr1_int.rfwft/aempty_fwft_i, ethernet_one_gbe_skarab_axi_tx_one_gbe/kat_ten_gb_eth_0/tge_tx_inst/tx_packet_ctrl_fifo_inst/U0/inst_fifo_gen/gconvfifo.rf/grf.rf/gntv_or_sync_fifo.gl0.rd/gr1.gr1_int.rfwft/aempty_fwft_i, ethernet_one_gbe_skarab_axi_tx_one_gbe/kat_ten_gb_eth_0/tge_tx_inst/large_packet_gen.tx_ctrl_fifo_ext/U0/inst_fifo_gen/gconvfifo.rf/grf.rf/gntv_or_sync_fifo.gl0.rd/gr1.gr1_int.rfwft/aempty_fwft_i, skarab_infr/wishbone_flash_sdram_interface_0/isp_spi_programmer_0/isp_spi_buffer_1/U0/inst_fifo_gen/gconvfifo.rf/grf.rf/gntv_or_sync_fifo.gl0.wr/gwss.wsts/ram_afull_fb, skarab_infr/wishbone_flash_sdram_interface_0/isp_spi_programmer_0/isp_spi_buffer_0/U0/inst_fifo_gen/gconvfifo.rf/grf.rf/gntv_or_sync_fifo.gl0.wr/gwss.wsts/ram_afull_fb, skarab_infr/wishbone_flash_sdram_interface_0/common_clock_fifo_32x16_0/U0/inst_fifo_gen/gconvfifo.rf/grf.rf/gntv_or_sync_fifo.gl0.wr/gwss.wsts/ram_afull_fb, ethernet_one_gbe_skarab_axi_tx_one_gbe/kat_ten_gb_eth_0/tge_tx_inst/large_packet_gen.tx_data_fifo_ext_0/U0/inst_fifo_gen/gconvfifo.rf/grf.rf/gntv_or_sync_fifo.gl0.wr/gwss.wsts/ram_afull_fb, ethernet_one_gbe_skarab_axi_tx_one_gbe/kat_ten_gb_eth_0/tge_tx_inst/large_packet_gen.tx_ctrl_fifo_ext/U0/inst_fifo_gen/gconvfifo.rf/grf.rf/gntv_or_sync_fifo.gl0.wr/gwss.wsts/ram_afull_fb, skarab_infr/wishbone_flash_sdram_interface_0/isp_spi_programmer_0/isp_spi_buffer_1/U0/inst_fifo_gen/gconvfifo.rf/grf.rf/gntv_or_sync_fifo.gl0.wr/gwss.wsts/ram_afull_i, skarab_infr/wishbone_flash_sdram_interface_0/isp_spi_programmer_0/isp_spi_buffer_0/U0/inst_fifo_gen/gconvfifo.rf/grf.rf/gntv_or_sync_fifo.gl0.wr/gwss.wsts/ram_afull_i, ethernet_one_gbe_skarab_axi_tx_one_gbe/kat_ten_gb_eth_0/tge_tx_inst/large_packet_gen.tx_ctrl_fifo_ext/U0/inst_fifo_gen/gconvfifo.rf/grf.rf/gntv_or_sync_fifo.gl0.wr/gwss.wsts/ram_afull_i, ethernet_one_gbe_skarab_axi_tx_one_gbe/kat_ten_gb_eth_0/tge_tx_inst/large_packet_gen.tx_data_fifo_ext_0/U0/inst_fifo_gen/gconvfifo.rf/grf.rf/gntv_or_sync_fifo.gl0.wr/gwss.wsts/ram_afull_i (the first 15 of 28 listed).
Related violations: <none>

AVAL-5#1 Advisory
enum_USE_MULT_NONE_enum_DREG_ADREG_0_connects_CED_CEAD_RSTD_GND  
ethernet_one_gbe_skarab_axi_inst/ethernet_one_gbe_skarab_axi_struct/d3/ss/add_gen/add_gen/comp1.core_instance1/U0/i_synth/i_baseip.i_xbip_counter/i_dsp48.i_dsp/i_vx7.i_dsp48e_wrap/i_primitive: DSP48E1 is not using the Multiplier (USE_MULT = NONE). For improved power characteristics, set DREG and ADREG to '1', tie CED, CEAD, and RSTD to logic '0'.
Related violations: <none>

AVAL-5#2 Advisory
enum_USE_MULT_NONE_enum_DREG_ADREG_0_connects_CED_CEAD_RSTD_GND  
ethernet_one_gbe_skarab_axi_inst/ethernet_one_gbe_skarab_axi_struct/d4/ss/add_gen/add_gen/comp1.core_instance1/U0/i_synth/i_baseip.i_xbip_counter/i_dsp48.i_dsp/i_vx7.i_dsp48e_wrap/i_primitive: DSP48E1 is not using the Multiplier (USE_MULT = NONE). For improved power characteristics, set DREG and ADREG to '1', tie CED, CEAD, and RSTD to logic '0'.
Related violations: <none>

AVAL-5#3 Advisory
enum_USE_MULT_NONE_enum_DREG_ADREG_0_connects_CED_CEAD_RSTD_GND  
ethernet_one_gbe_skarab_axi_inst/ethernet_one_gbe_skarab_axi_struct/d5/ss/add_gen/add_gen/comp1.core_instance1/U0/i_synth/i_baseip.i_xbip_counter/i_dsp48.i_dsp/i_vx7.i_dsp48e_wrap/i_primitive: DSP48E1 is not using the Multiplier (USE_MULT = NONE). For improved power characteristics, set DREG and ADREG to '1', tie CED, CEAD, and RSTD to logic '0'.
Related violations: <none>

AVAL-5#4 Advisory
enum_USE_MULT_NONE_enum_DREG_ADREG_0_connects_CED_CEAD_RSTD_GND  
ethernet_one_gbe_skarab_axi_inst/ethernet_one_gbe_skarab_axi_struct/pkt_ctrs1/ss/add_gen/add_gen/comp3.core_instance3/U0/i_synth/i_baseip.i_xbip_counter/i_dsp48.i_dsp/i_vx7.i_dsp48e_wrap/i_primitive: DSP48E1 is not using the Multiplier (USE_MULT = NONE). For improved power characteristics, set DREG and ADREG to '1', tie CED, CEAD, and RSTD to logic '0'.
Related violations: <none>

AVAL-5#5 Advisory
enum_USE_MULT_NONE_enum_DREG_ADREG_0_connects_CED_CEAD_RSTD_GND  
ethernet_one_gbe_skarab_axi_inst/ethernet_one_gbe_skarab_axi_struct/pkt_ctrs_compare1/ss/add_gen/add_gen/comp4.core_instance4/U0/i_synth/i_baseip.i_xbip_counter/i_dsp48.i_dsp/i_vx7.i_dsp48e_wrap/i_primitive: DSP48E1 is not using the Multiplier (USE_MULT = NONE). For improved power characteristics, set DREG and ADREG to '1', tie CED, CEAD, and RSTD to logic '0'.
Related violations: <none>


