
*** Running vivado
    with args -log top.vdi -applog -m64 -product Vivado -messageDb vivado.pb -mode batch -source top.tcl -notrace


****** Vivado v2019.1 (64-bit)
  **** SW Build 2552052 on Fri May 24 14:47:09 MDT 2019
  **** IP Build 2548770 on Fri May 24 18:01:18 MDT 2019
    ** Copyright 1986-2019 Xilinx, Inc. All Rights Reserved.

WARNING: [Runs 36-547] Tool Strategy 'Vivado Implementation Defaults' from file '/tools/Xilinx/Vivado/2019.1/strategies/VDI2015.psg' discarded because strategy with same name already parsed from '/tools/Xilinx/Vivado/2019.1/strategies/VDI2015.psg'
WARNING: [Runs 36-547] Tool Strategy 'Performance_Explore' from file '/tools/Xilinx/Vivado/2019.1/strategies/VDI2015.psg' discarded because strategy with same name already parsed from '/tools/Xilinx/Vivado/2019.1/strategies/VDI2015.psg'
WARNING: [Runs 36-547] Tool Strategy 'Performance_ExplorePostRoutePhysOpt' from file '/tools/Xilinx/Vivado/2019.1/strategies/VDI2015.psg' discarded because strategy with same name already parsed from '/tools/Xilinx/Vivado/2019.1/strategies/VDI2015.psg'
WARNING: [Runs 36-547] Tool Strategy 'Performance_RefinePlacement' from file '/tools/Xilinx/Vivado/2019.1/strategies/VDI2015.psg' discarded because strategy with same name already parsed from '/tools/Xilinx/Vivado/2019.1/strategies/VDI2015.psg'
WARNING: [Runs 36-547] Tool Strategy 'Performance_WLBlockPlacement' from file '/tools/Xilinx/Vivado/2019.1/strategies/VDI2015.psg' discarded because strategy with same name already parsed from '/tools/Xilinx/Vivado/2019.1/strategies/VDI2015.psg'
WARNING: [Runs 36-547] Tool Strategy 'Performance_WLBlockPlacementFanoutOpt' from file '/tools/Xilinx/Vivado/2019.1/strategies/VDI2015.psg' discarded because strategy with same name already parsed from '/tools/Xilinx/Vivado/2019.1/strategies/VDI2015.psg'
WARNING: [Runs 36-547] Tool Strategy 'Performance_NetDelay_high' from file '/tools/Xilinx/Vivado/2019.1/strategies/VDI2015.psg' discarded because strategy with same name already parsed from '/tools/Xilinx/Vivado/2019.1/strategies/VDI2015.psg'
WARNING: [Runs 36-547] Tool Strategy 'Performance_NetDelay_medium' from file '/tools/Xilinx/Vivado/2019.1/strategies/VDI2015.psg' discarded because strategy with same name already parsed from '/tools/Xilinx/Vivado/2019.1/strategies/VDI2015.psg'
WARNING: [Runs 36-547] Tool Strategy 'Performance_NetDelay_low' from file '/tools/Xilinx/Vivado/2019.1/strategies/VDI2015.psg' discarded because strategy with same name already parsed from '/tools/Xilinx/Vivado/2019.1/strategies/VDI2015.psg'
WARNING: [Runs 36-547] Tool Strategy 'Performance_ExploreSLLs' from file '/tools/Xilinx/Vivado/2019.1/strategies/VDI2015.psg' discarded because strategy with same name already parsed from '/tools/Xilinx/Vivado/2019.1/strategies/VDI2015.psg'
WARNING: [Runs 36-547] Tool Strategy 'Performance_Retiming' from file '/tools/Xilinx/Vivado/2019.1/strategies/VDI2015.psg' discarded because strategy with same name already parsed from '/tools/Xilinx/Vivado/2019.1/strategies/VDI2015.psg'
WARNING: [Runs 36-547] Tool Strategy 'Area_Explore' from file '/tools/Xilinx/Vivado/2019.1/strategies/VDI2015.psg' discarded because strategy with same name already parsed from '/tools/Xilinx/Vivado/2019.1/strategies/VDI2015.psg'
WARNING: [Runs 36-547] Tool Strategy 'Power_DefaultOpt' from file '/tools/Xilinx/Vivado/2019.1/strategies/VDI2015.psg' discarded because strategy with same name already parsed from '/tools/Xilinx/Vivado/2019.1/strategies/VDI2015.psg'
WARNING: [Runs 36-547] Tool Strategy 'Flow_RunPhysOpt' from file '/tools/Xilinx/Vivado/2019.1/strategies/VDI2015.psg' discarded because strategy with same name already parsed from '/tools/Xilinx/Vivado/2019.1/strategies/VDI2015.psg'
WARNING: [Runs 36-547] Tool Strategy 'Flow_RunPostRoutePhysOpt' from file '/tools/Xilinx/Vivado/2019.1/strategies/VDI2015.psg' discarded because strategy with same name already parsed from '/tools/Xilinx/Vivado/2019.1/strategies/VDI2015.psg'
WARNING: [Runs 36-547] Tool Strategy 'Flow_RuntimeOptimized' from file '/tools/Xilinx/Vivado/2019.1/strategies/VDI2015.psg' discarded because strategy with same name already parsed from '/tools/Xilinx/Vivado/2019.1/strategies/VDI2015.psg'
WARNING: [Runs 36-547] Tool Strategy 'Flow_Quick' from file '/tools/Xilinx/Vivado/2019.1/strategies/VDI2015.psg' discarded because strategy with same name already parsed from '/tools/Xilinx/Vivado/2019.1/strategies/VDI2015.psg'
WARNING: [Runs 36-547] Tool Strategy 'Congestion_SpreadLogic_high' from file '/tools/Xilinx/Vivado/2019.1/strategies/VDI2015.psg' discarded because strategy with same name already parsed from '/tools/Xilinx/Vivado/2019.1/strategies/VDI2015.psg'
WARNING: [Runs 36-547] Tool Strategy 'Congestion_SpreadLogic_medium' from file '/tools/Xilinx/Vivado/2019.1/strategies/VDI2015.psg' discarded because strategy with same name already parsed from '/tools/Xilinx/Vivado/2019.1/strategies/VDI2015.psg'
WARNING: [Runs 36-547] Tool Strategy 'Congestion_SpreadLogic_low' from file '/tools/Xilinx/Vivado/2019.1/strategies/VDI2015.psg' discarded because strategy with same name already parsed from '/tools/Xilinx/Vivado/2019.1/strategies/VDI2015.psg'
WARNING: [Runs 36-547] Tool Strategy 'Congestion_SpreadLogicSLLs' from file '/tools/Xilinx/Vivado/2019.1/strategies/VDI2015.psg' discarded because strategy with same name already parsed from '/tools/Xilinx/Vivado/2019.1/strategies/VDI2015.psg'
WARNING: [Runs 36-547] Tool Strategy 'Congestion_BalanceSLLs' from file '/tools/Xilinx/Vivado/2019.1/strategies/VDI2015.psg' discarded because strategy with same name already parsed from '/tools/Xilinx/Vivado/2019.1/strategies/VDI2015.psg'
WARNING: [Runs 36-547] Tool Strategy 'Congestion_BalanceSLRs' from file '/tools/Xilinx/Vivado/2019.1/strategies/VDI2015.psg' discarded because strategy with same name already parsed from '/tools/Xilinx/Vivado/2019.1/strategies/VDI2015.psg'
WARNING: [Runs 36-547] Tool Strategy 'Congestion_CompressSLRs' from file '/tools/Xilinx/Vivado/2019.1/strategies/VDI2015.psg' discarded because strategy with same name already parsed from '/tools/Xilinx/Vivado/2019.1/strategies/VDI2015.psg'
WARNING: [Runs 36-547] Tool Strategy 'Vivado Synthesis Defaults' from file '/tools/Xilinx/Vivado/2019.1/strategies/VDS2012.psg' discarded because strategy with same name already parsed from '/tools/Xilinx/Vivado/2019.1/strategies/VDS2012.psg'
WARNING: [Runs 36-547] Tool Strategy 'Vivado Implementation Defaults' from file '/tools/Xilinx/Vivado/2019.1/strategies/VDI2012.psg' discarded because strategy with same name already parsed from '/tools/Xilinx/Vivado/2019.1/strategies/VDI2012.psg'
WARNING: [Runs 36-547] Tool Strategy 'HighEffort' from file '/tools/Xilinx/Vivado/2019.1/strategies/VDI2012.psg' discarded because strategy with same name already parsed from '/tools/Xilinx/Vivado/2019.1/strategies/VDI2012.psg'
WARNING: [Runs 36-547] Tool Strategy 'HighEffortPhySynth' from file '/tools/Xilinx/Vivado/2019.1/strategies/VDI2012.psg' discarded because strategy with same name already parsed from '/tools/Xilinx/Vivado/2019.1/strategies/VDI2012.psg'
WARNING: [Runs 36-547] Tool Strategy 'LowEffort' from file '/tools/Xilinx/Vivado/2019.1/strategies/VDI2012.psg' discarded because strategy with same name already parsed from '/tools/Xilinx/Vivado/2019.1/strategies/VDI2012.psg'
WARNING: [Runs 36-547] Tool Strategy 'QuickEffort' from file '/tools/Xilinx/Vivado/2019.1/strategies/VDI2012.psg' discarded because strategy with same name already parsed from '/tools/Xilinx/Vivado/2019.1/strategies/VDI2012.psg'
WARNING: [Runs 36-547] Tool Strategy 'Vivado Synthesis Defaults' from file '/tools/Xilinx/Vivado/2019.1/strategies/VDS2014.psg' discarded because strategy with same name already parsed from '/tools/Xilinx/Vivado/2019.1/strategies/VDS2014.psg'
WARNING: [Runs 36-547] Tool Strategy 'Flow_RuntimeOptimized' from file '/tools/Xilinx/Vivado/2019.1/strategies/VDS2014.psg' discarded because strategy with same name already parsed from '/tools/Xilinx/Vivado/2019.1/strategies/VDS2014.psg'
WARNING: [Runs 36-547] Tool Strategy 'Flow_AreaOptimized_High' from file '/tools/Xilinx/Vivado/2019.1/strategies/VDS2014.psg' discarded because strategy with same name already parsed from '/tools/Xilinx/Vivado/2019.1/strategies/VDS2014.psg'
WARNING: [Runs 36-547] Tool Strategy 'Flow_PerfOptimized_High' from file '/tools/Xilinx/Vivado/2019.1/strategies/VDS2014.psg' discarded because strategy with same name already parsed from '/tools/Xilinx/Vivado/2019.1/strategies/VDS2014.psg'
WARNING: [Runs 36-547] Tool Strategy 'Vivado Synthesis Defaults' from file '/tools/Xilinx/Vivado/2019.1/strategies/VDS2018.psg' discarded because strategy with same name already parsed from '/tools/Xilinx/Vivado/2019.1/strategies/VDS2018.psg'
WARNING: [Runs 36-547] Tool Strategy 'Flow_AreaOptimized_high' from file '/tools/Xilinx/Vivado/2019.1/strategies/VDS2018.psg' discarded because strategy with same name already parsed from '/tools/Xilinx/Vivado/2019.1/strategies/VDS2018.psg'
WARNING: [Runs 36-547] Tool Strategy 'Flow_AreaOptimized_medium' from file '/tools/Xilinx/Vivado/2019.1/strategies/VDS2018.psg' discarded because strategy with same name already parsed from '/tools/Xilinx/Vivado/2019.1/strategies/VDS2018.psg'
WARNING: [Runs 36-547] Tool Strategy 'Flow_AreaMultThresholdDSP' from file '/tools/Xilinx/Vivado/2019.1/strategies/VDS2018.psg' discarded because strategy with same name already parsed from '/tools/Xilinx/Vivado/2019.1/strategies/VDS2018.psg'
WARNING: [Runs 36-547] Tool Strategy 'Flow_AlternateRoutability' from file '/tools/Xilinx/Vivado/2019.1/strategies/VDS2018.psg' discarded because strategy with same name already parsed from '/tools/Xilinx/Vivado/2019.1/strategies/VDS2018.psg'
WARNING: [Runs 36-547] Tool Strategy 'Flow_PerfOptimized_high' from file '/tools/Xilinx/Vivado/2019.1/strategies/VDS2018.psg' discarded because strategy with same name already parsed from '/tools/Xilinx/Vivado/2019.1/strategies/VDS2018.psg'
WARNING: [Runs 36-547] Tool Strategy 'Flow_PerfThresholdCarry' from file '/tools/Xilinx/Vivado/2019.1/strategies/VDS2018.psg' discarded because strategy with same name already parsed from '/tools/Xilinx/Vivado/2019.1/strategies/VDS2018.psg'
WARNING: [Runs 36-547] Tool Strategy 'Flow_RuntimeOptimized' from file '/tools/Xilinx/Vivado/2019.1/strategies/VDS2018.psg' discarded because strategy with same name already parsed from '/tools/Xilinx/Vivado/2019.1/strategies/VDS2018.psg'
WARNING: [Runs 36-547] Tool Strategy 'Vivado Synthesis Defaults' from file '/tools/Xilinx/Vivado/2019.1/strategies/VDS2017.psg' discarded because strategy with same name already parsed from '/tools/Xilinx/Vivado/2019.1/strategies/VDS2017.psg'
WARNING: [Runs 36-547] Tool Strategy 'Flow_AreaOptimized_high' from file '/tools/Xilinx/Vivado/2019.1/strategies/VDS2017.psg' discarded because strategy with same name already parsed from '/tools/Xilinx/Vivado/2019.1/strategies/VDS2017.psg'
WARNING: [Runs 36-547] Tool Strategy 'Flow_AreaOptimized_medium' from file '/tools/Xilinx/Vivado/2019.1/strategies/VDS2017.psg' discarded because strategy with same name already parsed from '/tools/Xilinx/Vivado/2019.1/strategies/VDS2017.psg'
WARNING: [Runs 36-547] Tool Strategy 'Flow_AreaMultThresholdDSP' from file '/tools/Xilinx/Vivado/2019.1/strategies/VDS2017.psg' discarded because strategy with same name already parsed from '/tools/Xilinx/Vivado/2019.1/strategies/VDS2017.psg'
WARNING: [Runs 36-547] Tool Strategy 'Flow_AlternateRoutability' from file '/tools/Xilinx/Vivado/2019.1/strategies/VDS2017.psg' discarded because strategy with same name already parsed from '/tools/Xilinx/Vivado/2019.1/strategies/VDS2017.psg'
WARNING: [Runs 36-547] Tool Strategy 'Flow_PerfOptimized_high' from file '/tools/Xilinx/Vivado/2019.1/strategies/VDS2017.psg' discarded because strategy with same name already parsed from '/tools/Xilinx/Vivado/2019.1/strategies/VDS2017.psg'
WARNING: [Runs 36-547] Tool Strategy 'Flow_PerfThresholdCarry' from file '/tools/Xilinx/Vivado/2019.1/strategies/VDS2017.psg' discarded because strategy with same name already parsed from '/tools/Xilinx/Vivado/2019.1/strategies/VDS2017.psg'
WARNING: [Runs 36-547] Tool Strategy 'Flow_RuntimeOptimized' from file '/tools/Xilinx/Vivado/2019.1/strategies/VDS2017.psg' discarded because strategy with same name already parsed from '/tools/Xilinx/Vivado/2019.1/strategies/VDS2017.psg'
WARNING: [Runs 36-547] Tool Strategy 'Vivado Synthesis Defaults' from file '/tools/Xilinx/Vivado/2019.1/strategies/VDS2013.psg' discarded because strategy with same name already parsed from '/tools/Xilinx/Vivado/2019.1/strategies/VDS2013.psg'
WARNING: [Runs 36-547] Tool Strategy 'Flow_RuntimeOptimized' from file '/tools/Xilinx/Vivado/2019.1/strategies/VDS2013.psg' discarded because strategy with same name already parsed from '/tools/Xilinx/Vivado/2019.1/strategies/VDS2013.psg'
WARNING: [Runs 36-547] Tool Strategy 'Vivado Implementation Defaults' from file '/tools/Xilinx/Vivado/2019.1/strategies/VDI2017.psg' discarded because strategy with same name already parsed from '/tools/Xilinx/Vivado/2019.1/strategies/VDI2017.psg'
WARNING: [Runs 36-547] Tool Strategy 'Performance_Explore' from file '/tools/Xilinx/Vivado/2019.1/strategies/VDI2017.psg' discarded because strategy with same name already parsed from '/tools/Xilinx/Vivado/2019.1/strategies/VDI2017.psg'
WARNING: [Runs 36-547] Tool Strategy 'Performance_ExplorePostRoutePhysOpt' from file '/tools/Xilinx/Vivado/2019.1/strategies/VDI2017.psg' discarded because strategy with same name already parsed from '/tools/Xilinx/Vivado/2019.1/strategies/VDI2017.psg'
WARNING: [Runs 36-547] Tool Strategy 'Performance_WLBlockPlacement' from file '/tools/Xilinx/Vivado/2019.1/strategies/VDI2017.psg' discarded because strategy with same name already parsed from '/tools/Xilinx/Vivado/2019.1/strategies/VDI2017.psg'
WARNING: [Runs 36-547] Tool Strategy 'Performance_WLBlockPlacementFanoutOpt' from file '/tools/Xilinx/Vivado/2019.1/strategies/VDI2017.psg' discarded because strategy with same name already parsed from '/tools/Xilinx/Vivado/2019.1/strategies/VDI2017.psg'
WARNING: [Runs 36-547] Tool Strategy 'Performance_EarlyBlockPlacement' from file '/tools/Xilinx/Vivado/2019.1/strategies/VDI2017.psg' discarded because strategy with same name already parsed from '/tools/Xilinx/Vivado/2019.1/strategies/VDI2017.psg'
WARNING: [Runs 36-547] Tool Strategy 'Performance_NetDelay_high' from file '/tools/Xilinx/Vivado/2019.1/strategies/VDI2017.psg' discarded because strategy with same name already parsed from '/tools/Xilinx/Vivado/2019.1/strategies/VDI2017.psg'
WARNING: [Runs 36-547] Tool Strategy 'Performance_NetDelay_low' from file '/tools/Xilinx/Vivado/2019.1/strategies/VDI2017.psg' discarded because strategy with same name already parsed from '/tools/Xilinx/Vivado/2019.1/strategies/VDI2017.psg'
WARNING: [Runs 36-547] Tool Strategy 'Performance_Retiming' from file '/tools/Xilinx/Vivado/2019.1/strategies/VDI2017.psg' discarded because strategy with same name already parsed from '/tools/Xilinx/Vivado/2019.1/strategies/VDI2017.psg'
WARNING: [Runs 36-547] Tool Strategy 'Performance_ExtraTimingOpt' from file '/tools/Xilinx/Vivado/2019.1/strategies/VDI2017.psg' discarded because strategy with same name already parsed from '/tools/Xilinx/Vivado/2019.1/strategies/VDI2017.psg'
WARNING: [Runs 36-547] Tool Strategy 'Performance_RefinePlacement' from file '/tools/Xilinx/Vivado/2019.1/strategies/VDI2017.psg' discarded because strategy with same name already parsed from '/tools/Xilinx/Vivado/2019.1/strategies/VDI2017.psg'
WARNING: [Runs 36-547] Tool Strategy 'Performance_SpreadSLLs' from file '/tools/Xilinx/Vivado/2019.1/strategies/VDI2017.psg' discarded because strategy with same name already parsed from '/tools/Xilinx/Vivado/2019.1/strategies/VDI2017.psg'
WARNING: [Runs 36-547] Tool Strategy 'Performance_BalanceSLLs' from file '/tools/Xilinx/Vivado/2019.1/strategies/VDI2017.psg' discarded because strategy with same name already parsed from '/tools/Xilinx/Vivado/2019.1/strategies/VDI2017.psg'
WARNING: [Runs 36-547] Tool Strategy 'Congestion_SpreadLogic_high' from file '/tools/Xilinx/Vivado/2019.1/strategies/VDI2017.psg' discarded because strategy with same name already parsed from '/tools/Xilinx/Vivado/2019.1/strategies/VDI2017.psg'
WARNING: [Runs 36-547] Tool Strategy 'Congestion_SpreadLogic_medium' from file '/tools/Xilinx/Vivado/2019.1/strategies/VDI2017.psg' discarded because strategy with same name already parsed from '/tools/Xilinx/Vivado/2019.1/strategies/VDI2017.psg'
WARNING: [Runs 36-547] Tool Strategy 'Congestion_SpreadLogic_low' from file '/tools/Xilinx/Vivado/2019.1/strategies/VDI2017.psg' discarded because strategy with same name already parsed from '/tools/Xilinx/Vivado/2019.1/strategies/VDI2017.psg'
WARNING: [Runs 36-547] Tool Strategy 'Congestion_SpreadLogic_Explore' from file '/tools/Xilinx/Vivado/2019.1/strategies/VDI2017.psg' discarded because strategy with same name already parsed from '/tools/Xilinx/Vivado/2019.1/strategies/VDI2017.psg'
WARNING: [Runs 36-547] Tool Strategy 'Congestion_SSI_SpreadLogic_high' from file '/tools/Xilinx/Vivado/2019.1/strategies/VDI2017.psg' discarded because strategy with same name already parsed from '/tools/Xilinx/Vivado/2019.1/strategies/VDI2017.psg'
WARNING: [Runs 36-547] Tool Strategy 'Congestion_SSI_SpreadLogic_low' from file '/tools/Xilinx/Vivado/2019.1/strategies/VDI2017.psg' discarded because strategy with same name already parsed from '/tools/Xilinx/Vivado/2019.1/strategies/VDI2017.psg'
WARNING: [Runs 36-547] Tool Strategy 'Congestion_SSI_SpreadLogic_Explore' from file '/tools/Xilinx/Vivado/2019.1/strategies/VDI2017.psg' discarded because strategy with same name already parsed from '/tools/Xilinx/Vivado/2019.1/strategies/VDI2017.psg'
WARNING: [Runs 36-547] Tool Strategy 'Area_Explore' from file '/tools/Xilinx/Vivado/2019.1/strategies/VDI2017.psg' discarded because strategy with same name already parsed from '/tools/Xilinx/Vivado/2019.1/strategies/VDI2017.psg'
WARNING: [Runs 36-547] Tool Strategy 'Area_ExploreSequential' from file '/tools/Xilinx/Vivado/2019.1/strategies/VDI2017.psg' discarded because strategy with same name already parsed from '/tools/Xilinx/Vivado/2019.1/strategies/VDI2017.psg'
WARNING: [Runs 36-547] Tool Strategy 'Area_ExploreWithRemap' from file '/tools/Xilinx/Vivado/2019.1/strategies/VDI2017.psg' discarded because strategy with same name already parsed from '/tools/Xilinx/Vivado/2019.1/strategies/VDI2017.psg'
WARNING: [Runs 36-547] Tool Strategy 'Power_DefaultOpt' from file '/tools/Xilinx/Vivado/2019.1/strategies/VDI2017.psg' discarded because strategy with same name already parsed from '/tools/Xilinx/Vivado/2019.1/strategies/VDI2017.psg'
WARNING: [Runs 36-547] Tool Strategy 'Power_ExploreArea' from file '/tools/Xilinx/Vivado/2019.1/strategies/VDI2017.psg' discarded because strategy with same name already parsed from '/tools/Xilinx/Vivado/2019.1/strategies/VDI2017.psg'
WARNING: [Runs 36-547] Tool Strategy 'Flow_RunPhysOpt' from file '/tools/Xilinx/Vivado/2019.1/strategies/VDI2017.psg' discarded because strategy with same name already parsed from '/tools/Xilinx/Vivado/2019.1/strategies/VDI2017.psg'
WARNING: [Runs 36-547] Tool Strategy 'Flow_RunPostRoutePhysOpt' from file '/tools/Xilinx/Vivado/2019.1/strategies/VDI2017.psg' discarded because strategy with same name already parsed from '/tools/Xilinx/Vivado/2019.1/strategies/VDI2017.psg'
WARNING: [Runs 36-547] Tool Strategy 'Flow_RuntimeOptimized' from file '/tools/Xilinx/Vivado/2019.1/strategies/VDI2017.psg' discarded because strategy with same name already parsed from '/tools/Xilinx/Vivado/2019.1/strategies/VDI2017.psg'
WARNING: [Runs 36-547] Tool Strategy 'Flow_Quick' from file '/tools/Xilinx/Vivado/2019.1/strategies/VDI2017.psg' discarded because strategy with same name already parsed from '/tools/Xilinx/Vivado/2019.1/strategies/VDI2017.psg'
WARNING: [Runs 36-547] Tool Strategy 'Vivado Implementation Defaults' from file '/tools/Xilinx/Vivado/2019.1/strategies/VDI2014.psg' discarded because strategy with same name already parsed from '/tools/Xilinx/Vivado/2019.1/strategies/VDI2014.psg'
WARNING: [Runs 36-547] Tool Strategy 'Performance_Explore' from file '/tools/Xilinx/Vivado/2019.1/strategies/VDI2014.psg' discarded because strategy with same name already parsed from '/tools/Xilinx/Vivado/2019.1/strategies/VDI2014.psg'
WARNING: [Runs 36-547] Tool Strategy 'Performance_ExplorePostRoutePhysOpt' from file '/tools/Xilinx/Vivado/2019.1/strategies/VDI2014.psg' discarded because strategy with same name already parsed from '/tools/Xilinx/Vivado/2019.1/strategies/VDI2014.psg'
WARNING: [Runs 36-547] Tool Strategy 'Performance_RefinePlacement' from file '/tools/Xilinx/Vivado/2019.1/strategies/VDI2014.psg' discarded because strategy with same name already parsed from '/tools/Xilinx/Vivado/2019.1/strategies/VDI2014.psg'
WARNING: [Runs 36-547] Tool Strategy 'Performance_WLBlockPlacement' from file '/tools/Xilinx/Vivado/2019.1/strategies/VDI2014.psg' discarded because strategy with same name already parsed from '/tools/Xilinx/Vivado/2019.1/strategies/VDI2014.psg'
WARNING: [Runs 36-547] Tool Strategy 'Performance_WLBlockPlacementFanoutOpt' from file '/tools/Xilinx/Vivado/2019.1/strategies/VDI2014.psg' discarded because strategy with same name already parsed from '/tools/Xilinx/Vivado/2019.1/strategies/VDI2014.psg'
WARNING: [Runs 36-547] Tool Strategy 'Performance_LateBlockPlacement' from file '/tools/Xilinx/Vivado/2019.1/strategies/VDI2014.psg' discarded because strategy with same name already parsed from '/tools/Xilinx/Vivado/2019.1/strategies/VDI2014.psg'
WARNING: [Runs 36-547] Tool Strategy 'Performance_NetDelay_high' from file '/tools/Xilinx/Vivado/2019.1/strategies/VDI2014.psg' discarded because strategy with same name already parsed from '/tools/Xilinx/Vivado/2019.1/strategies/VDI2014.psg'
WARNING: [Runs 36-547] Tool Strategy 'Performance_NetDelay_medium' from file '/tools/Xilinx/Vivado/2019.1/strategies/VDI2014.psg' discarded because strategy with same name already parsed from '/tools/Xilinx/Vivado/2019.1/strategies/VDI2014.psg'
WARNING: [Runs 36-547] Tool Strategy 'Performance_NetDelay_low' from file '/tools/Xilinx/Vivado/2019.1/strategies/VDI2014.psg' discarded because strategy with same name already parsed from '/tools/Xilinx/Vivado/2019.1/strategies/VDI2014.psg'
WARNING: [Runs 36-547] Tool Strategy 'Performance_ExploreSLLs' from file '/tools/Xilinx/Vivado/2019.1/strategies/VDI2014.psg' discarded because strategy with same name already parsed from '/tools/Xilinx/Vivado/2019.1/strategies/VDI2014.psg'
WARNING: [Runs 36-547] Tool Strategy 'Performance_Retiming' from file '/tools/Xilinx/Vivado/2019.1/strategies/VDI2014.psg' discarded because strategy with same name already parsed from '/tools/Xilinx/Vivado/2019.1/strategies/VDI2014.psg'
WARNING: [Runs 36-547] Tool Strategy 'Area_Explore' from file '/tools/Xilinx/Vivado/2019.1/strategies/VDI2014.psg' discarded because strategy with same name already parsed from '/tools/Xilinx/Vivado/2019.1/strategies/VDI2014.psg'
WARNING: [Runs 36-547] Tool Strategy 'Power_DefaultOpt' from file '/tools/Xilinx/Vivado/2019.1/strategies/VDI2014.psg' discarded because strategy with same name already parsed from '/tools/Xilinx/Vivado/2019.1/strategies/VDI2014.psg'
WARNING: [Runs 36-547] Tool Strategy 'Flow_RunPhysOpt' from file '/tools/Xilinx/Vivado/2019.1/strategies/VDI2014.psg' discarded because strategy with same name already parsed from '/tools/Xilinx/Vivado/2019.1/strategies/VDI2014.psg'
WARNING: [Runs 36-547] Tool Strategy 'Flow_RunPostRoutePhysOpt' from file '/tools/Xilinx/Vivado/2019.1/strategies/VDI2014.psg' discarded because strategy with same name already parsed from '/tools/Xilinx/Vivado/2019.1/strategies/VDI2014.psg'
WARNING: [Runs 36-547] Tool Strategy 'Flow_RuntimeOptimized' from file '/tools/Xilinx/Vivado/2019.1/strategies/VDI2014.psg' discarded because strategy with same name already parsed from '/tools/Xilinx/Vivado/2019.1/strategies/VDI2014.psg'
WARNING: [Runs 36-547] Tool Strategy 'Flow_Quick' from file '/tools/Xilinx/Vivado/2019.1/strategies/VDI2014.psg' discarded because strategy with same name already parsed from '/tools/Xilinx/Vivado/2019.1/strategies/VDI2014.psg'
WARNING: [Runs 36-547] Tool Strategy 'Congestion_SpreadLogic_high' from file '/tools/Xilinx/Vivado/2019.1/strategies/VDI2014.psg' discarded because strategy with same name already parsed from '/tools/Xilinx/Vivado/2019.1/strategies/VDI2014.psg'
INFO: [Common 17-14] Message 'Runs 36-547' appears 100 times and further instances of the messages will be disabled. Use the Tcl command set_msg_config to change the current settings.
WARNING: [Runs 36-546] Tool Report Strategy 'Vivado Implementation Default Reports' from file '/tools/Xilinx/Vivado/2019.1/reportstrategies/VRI2017.psg' discarded because strategy with same name already parsed from '/tools/Xilinx/Vivado/2019.1/reportstrategies/VRI2017.psg'
WARNING: [Runs 36-546] Tool Report Strategy 'UltraFast Design Methodology Reports' from file '/tools/Xilinx/Vivado/2019.1/reportstrategies/VRI2017.psg' discarded because strategy with same name already parsed from '/tools/Xilinx/Vivado/2019.1/reportstrategies/VRI2017.psg'
WARNING: [Runs 36-546] Tool Report Strategy 'Performance Explore Reports' from file '/tools/Xilinx/Vivado/2019.1/reportstrategies/VRI2017.psg' discarded because strategy with same name already parsed from '/tools/Xilinx/Vivado/2019.1/reportstrategies/VRI2017.psg'
WARNING: [Runs 36-546] Tool Report Strategy 'Timing Closure Reports' from file '/tools/Xilinx/Vivado/2019.1/reportstrategies/VRI2017.psg' discarded because strategy with same name already parsed from '/tools/Xilinx/Vivado/2019.1/reportstrategies/VRI2017.psg'
WARNING: [Runs 36-546] Tool Report Strategy 'No Reports' from file '/tools/Xilinx/Vivado/2019.1/reportstrategies/VRI2017.psg' discarded because strategy with same name already parsed from '/tools/Xilinx/Vivado/2019.1/reportstrategies/VRI2017.psg'
WARNING: [Runs 36-546] Tool Report Strategy 'Vivado Implementation Default Reports' from file '/tools/Xilinx/Vivado/2019.1/reportstrategies/VRI2018.psg' discarded because strategy with same name already parsed from '/tools/Xilinx/Vivado/2019.1/reportstrategies/VRI2018.psg'
WARNING: [Runs 36-546] Tool Report Strategy 'UltraFast Design Methodology Reports' from file '/tools/Xilinx/Vivado/2019.1/reportstrategies/VRI2018.psg' discarded because strategy with same name already parsed from '/tools/Xilinx/Vivado/2019.1/reportstrategies/VRI2018.psg'
WARNING: [Runs 36-546] Tool Report Strategy 'Performance Explore Reports' from file '/tools/Xilinx/Vivado/2019.1/reportstrategies/VRI2018.psg' discarded because strategy with same name already parsed from '/tools/Xilinx/Vivado/2019.1/reportstrategies/VRI2018.psg'
WARNING: [Runs 36-546] Tool Report Strategy 'Timing Closure Reports' from file '/tools/Xilinx/Vivado/2019.1/reportstrategies/VRI2018.psg' discarded because strategy with same name already parsed from '/tools/Xilinx/Vivado/2019.1/reportstrategies/VRI2018.psg'
WARNING: [Runs 36-546] Tool Report Strategy 'No Reports' from file '/tools/Xilinx/Vivado/2019.1/reportstrategies/VRI2018.psg' discarded because strategy with same name already parsed from '/tools/Xilinx/Vivado/2019.1/reportstrategies/VRI2018.psg'
WARNING: [Runs 36-546] Tool Report Strategy 'Vivado Synthesis Default Reports' from file '/tools/Xilinx/Vivado/2019.1/reportstrategies/VRS2018.psg' discarded because strategy with same name already parsed from '/tools/Xilinx/Vivado/2019.1/reportstrategies/VRS2018.psg'
WARNING: [Runs 36-546] Tool Report Strategy 'No Reports' from file '/tools/Xilinx/Vivado/2019.1/reportstrategies/VRS2018.psg' discarded because strategy with same name already parsed from '/tools/Xilinx/Vivado/2019.1/reportstrategies/VRS2018.psg'
WARNING: [Runs 36-546] Tool Report Strategy 'Vivado Synthesis Default Reports' from file '/tools/Xilinx/Vivado/2019.1/reportstrategies/VRS2019.psg' discarded because strategy with same name already parsed from '/tools/Xilinx/Vivado/2019.1/reportstrategies/VRS2019.psg'
WARNING: [Runs 36-546] Tool Report Strategy 'No Reports' from file '/tools/Xilinx/Vivado/2019.1/reportstrategies/VRS2019.psg' discarded because strategy with same name already parsed from '/tools/Xilinx/Vivado/2019.1/reportstrategies/VRS2019.psg'
WARNING: [Runs 36-546] Tool Report Strategy 'Vivado Implementation Default Reports' from file '/tools/Xilinx/Vivado/2019.1/reportstrategies/VRI2019.psg' discarded because strategy with same name already parsed from '/tools/Xilinx/Vivado/2019.1/reportstrategies/VRI2019.psg'
WARNING: [Runs 36-546] Tool Report Strategy 'UltraFast Design Methodology Reports' from file '/tools/Xilinx/Vivado/2019.1/reportstrategies/VRI2019.psg' discarded because strategy with same name already parsed from '/tools/Xilinx/Vivado/2019.1/reportstrategies/VRI2019.psg'
WARNING: [Runs 36-546] Tool Report Strategy 'Performance Explore Reports' from file '/tools/Xilinx/Vivado/2019.1/reportstrategies/VRI2019.psg' discarded because strategy with same name already parsed from '/tools/Xilinx/Vivado/2019.1/reportstrategies/VRI2019.psg'
WARNING: [Runs 36-546] Tool Report Strategy 'Timing Closure Reports' from file '/tools/Xilinx/Vivado/2019.1/reportstrategies/VRI2019.psg' discarded because strategy with same name already parsed from '/tools/Xilinx/Vivado/2019.1/reportstrategies/VRI2019.psg'
WARNING: [Runs 36-546] Tool Report Strategy 'No Reports' from file '/tools/Xilinx/Vivado/2019.1/reportstrategies/VRI2019.psg' discarded because strategy with same name already parsed from '/tools/Xilinx/Vivado/2019.1/reportstrategies/VRI2019.psg'
WARNING: [Runs 36-546] Tool Report Strategy 'Vivado Synthesis Default Reports' from file '/tools/Xilinx/Vivado/2019.1/reportstrategies/VRS2017.psg' discarded because strategy with same name already parsed from '/tools/Xilinx/Vivado/2019.1/reportstrategies/VRS2017.psg'
WARNING: [Runs 36-546] Tool Report Strategy 'No Reports' from file '/tools/Xilinx/Vivado/2019.1/reportstrategies/VRS2017.psg' discarded because strategy with same name already parsed from '/tools/Xilinx/Vivado/2019.1/reportstrategies/VRS2017.psg'
source top.tcl -notrace
Command: open_checkpoint /home/valmyrsilva07/virtex7/skarab-virtex7-toolflow/fpgs/ethernet_one_gbe_skarab_control/ethernet_one_gbe_skarab_loop/myproj/myproj.runs/impl_1/top.dcp

Starting open_checkpoint Task

Time (s): cpu = 00:00:00.02 ; elapsed = 00:00:00.03 . Memory (MB): peak = 1390.164 ; gain = 0.000 ; free physical = 45245 ; free virtual = 53915
INFO: [Device 21-403] Loading part xc7vx690tffg1927-2
INFO: [Netlist 29-17] Analyzing 1504 Unisim elements for replacement
INFO: [Netlist 29-28] Unisim Transformation completed in 0 CPU seconds
INFO: [Project 1-479] Netlist was created with Vivado 2019.1
INFO: [Project 1-570] Preparing netlist for logic optimization
INFO: [Timing 38-478] Restoring timing data from binary archive.
INFO: [Timing 38-479] Binary timing data restore complete.
INFO: [Project 1-856] Restoring constraints from binary archive.
INFO: [Project 1-853] Binary constraint restore complete.
Reading XDEF placement.
Reading placer database...
Reading XDEF routing.
Read XDEF File: Time (s): cpu = 00:00:00.05 ; elapsed = 00:00:00.08 . Memory (MB): peak = 2597.992 ; gain = 2.969 ; free physical = 43944 ; free virtual = 52613
Restored from archive | CPU: 0.080000 secs | Memory: 1.246490 MB |
Finished XDEF File Restore: Time (s): cpu = 00:00:00.05 ; elapsed = 00:00:00.08 . Memory (MB): peak = 2597.992 ; gain = 2.969 ; free physical = 43944 ; free virtual = 52613
Netlist sorting complete. Time (s): cpu = 00:00:00 ; elapsed = 00:00:00 . Memory (MB): peak = 2597.992 ; gain = 0.000 ; free physical = 43953 ; free virtual = 52622
INFO: [Project 1-111] Unisim Transformation Summary:
  A total of 312 instances were transformed.
  IOBUF => IOBUF (IBUF, OBUFT): 31 instances
  LUT6_2 => LUT6_2 (LUT5, LUT6): 96 instances
  RAM16X1D => RAM32X1D (RAMD32, RAMD32): 32 instances
  RAM32M => RAM32M (RAMD32, RAMD32, RAMD32, RAMD32, RAMD32, RAMD32, RAMS32, RAMS32): 57 instances
  RAM64M => RAM64M (RAMD64E, RAMD64E, RAMD64E, RAMD64E): 64 instances
  RAM64X1D => RAM64X1D (RAMD64E, RAMD64E): 32 instances

INFO: [Project 1-604] Checkpoint was created with Vivado v2019.1 (64-bit) build 2552052
open_checkpoint: Time (s): cpu = 00:00:12 ; elapsed = 00:00:14 . Memory (MB): peak = 2597.992 ; gain = 1207.828 ; free physical = 43953 ; free virtual = 52622
INFO: [IP_Flow 19-234] Refreshing IP repositories
INFO: [IP_Flow 19-1700] Loaded user IP repository '/home/valmyrsilva07/teste12345/mlib_devel/jasper_library/hdl_sources/skarab_infr/cont_microblaze/ipshared/peralex.com'.
INFO: [IP_Flow 19-2313] Loaded Vivado IP repository '/tools/Xilinx/Vivado/2019.1/data/ip'.
Command: opt_design
Attempting to get a license for feature 'Implementation' and/or device 'xc7vx690t'
INFO: [Common 17-349] Got license for feature 'Implementation' and/or device 'xc7vx690t'
Running DRC as a precondition to command opt_design

Starting DRC Task
INFO: [DRC 23-27] Running DRC with 8 threads
INFO: [Project 1-461] DRC finished with 0 Errors
INFO: [Project 1-462] Please refer to the DRC report (report_drc) for more information.

Time (s): cpu = 00:00:00.90 ; elapsed = 00:00:00.53 . Memory (MB): peak = 2707.684 ; gain = 95.750 ; free physical = 43938 ; free virtual = 52607

Starting Cache Timing Information Task
INFO: [Constraints 18-483] create_clock: no pin(s)/port(s)/net(s) specified as objects, only virtual clock 'virtual_emcc_clock' will be created. If you don't want this, please specify pin(s)/ports(s)/net(s) as objects to the command. [/home/valmyrsilva07/virtex7/skarab-virtex7-toolflow/fpgs/ethernet_one_gbe_skarab_control/ethernet_one_gbe_skarab_loop/myproj/myproj.srcs/constrs_1/imports/ethernet_one_gbe_skarab_loop/user_const.xdc:341]
INFO: [Timing 38-35] Done setting XDC timing constraints.
Ending Cache Timing Information Task | Checksum: 1713ad1c9

Time (s): cpu = 00:00:00.81 ; elapsed = 00:00:00.34 . Memory (MB): peak = 2802.496 ; gain = 94.812 ; free physical = 43810 ; free virtual = 52547

Starting Logic Optimization Task

Phase 1 Retarget
INFO: [Opt 31-138] Pushed 5 inverter(s) to 11 load pin(s).
INFO: [Opt 31-49] Retargeted 0 cell(s).
Phase 1 Retarget | Checksum: 198b7aa6f

Time (s): cpu = 00:00:00.99 ; elapsed = 00:00:00.49 . Memory (MB): peak = 2970.430 ; gain = 56.027 ; free physical = 43481 ; free virtual = 52464
INFO: [Opt 31-389] Phase Retarget created 185 cells and removed 279 cells
INFO: [Opt 31-1021] In phase Retarget, 14 netlist objects are constrained preventing optimization. Please run opt_design with -debug_log to get more detail. 

Phase 2 Constant propagation
INFO: [Opt 31-138] Pushed 0 inverter(s) to 0 load pin(s).
Phase 2 Constant propagation | Checksum: 210713803

Time (s): cpu = 00:00:01 ; elapsed = 00:00:00.72 . Memory (MB): peak = 2970.430 ; gain = 56.027 ; free physical = 43475 ; free virtual = 52459
INFO: [Opt 31-389] Phase Constant propagation created 129 cells and removed 1172 cells
INFO: [Opt 31-1021] In phase Constant propagation, 9 netlist objects are constrained preventing optimization. Please run opt_design with -debug_log to get more detail. 

Phase 3 Sweep
Phase 3 Sweep | Checksum: 22335cc86

Time (s): cpu = 00:00:02 ; elapsed = 00:00:01 . Memory (MB): peak = 2970.430 ; gain = 56.027 ; free physical = 43473 ; free virtual = 52456
INFO: [Opt 31-389] Phase Sweep created 1 cells and removed 1202 cells
INFO: [Opt 31-1021] In phase Sweep, 188 netlist objects are constrained preventing optimization. Please run opt_design with -debug_log to get more detail. 

Phase 4 BUFG optimization
Phase 4 BUFG optimization | Checksum: 22335cc86

Time (s): cpu = 00:00:02 ; elapsed = 00:00:01 . Memory (MB): peak = 2970.430 ; gain = 56.027 ; free physical = 43473 ; free virtual = 52456
INFO: [Opt 31-662] Phase BUFG optimization created 0 cells of which 0 are BUFGs and removed 0 cells.

Phase 5 Shift Register Optimization
INFO: [Opt 31-1064] SRL Remap converted 0 SRLs to 0 registers and converted 0 registers of register chains to 0 SRLs
Phase 5 Shift Register Optimization | Checksum: 22335cc86

Time (s): cpu = 00:00:02 ; elapsed = 00:00:02 . Memory (MB): peak = 2970.430 ; gain = 56.027 ; free physical = 43480 ; free virtual = 52464
INFO: [Opt 31-389] Phase Shift Register Optimization created 0 cells and removed 0 cells

Phase 6 Post Processing Netlist
Phase 6 Post Processing Netlist | Checksum: 1900eba59

Time (s): cpu = 00:00:02 ; elapsed = 00:00:02 . Memory (MB): peak = 2970.430 ; gain = 56.027 ; free physical = 43480 ; free virtual = 52463
INFO: [Opt 31-389] Phase Post Processing Netlist created 0 cells and removed 0 cells
INFO: [Opt 31-1021] In phase Post Processing Netlist, 28 netlist objects are constrained preventing optimization. Please run opt_design with -debug_log to get more detail. 
Opt_design Change Summary
=========================


-------------------------------------------------------------------------------------------------------------------------
|  Phase                        |  #Cells created  |  #Cells Removed  |  #Constrained objects preventing optimizations  |
-------------------------------------------------------------------------------------------------------------------------
|  Retarget                     |             185  |             279  |                                             14  |
|  Constant propagation         |             129  |            1172  |                                              9  |
|  Sweep                        |               1  |            1202  |                                            188  |
|  BUFG optimization            |               0  |               0  |                                              0  |
|  Shift Register Optimization  |               0  |               0  |                                              0  |
|  Post Processing Netlist      |               0  |               0  |                                             28  |
-------------------------------------------------------------------------------------------------------------------------



Starting Connectivity Check Task

Time (s): cpu = 00:00:00.02 ; elapsed = 00:00:00.01 . Memory (MB): peak = 2970.430 ; gain = 0.000 ; free physical = 43480 ; free virtual = 52463
Ending Logic Optimization Task | Checksum: ef5c2cb8

Time (s): cpu = 00:00:02 ; elapsed = 00:00:02 . Memory (MB): peak = 2970.430 ; gain = 56.027 ; free physical = 43472 ; free virtual = 52456

Starting Power Optimization Task
INFO: [Pwropt 34-132] Skipping clock gating for clocks with a period < 2.00 ns.
INFO: [Constraints 18-483] create_clock: no pin(s)/port(s)/net(s) specified as objects, only virtual clock 'virtual_emcc_clock' will be created. If you don't want this, please specify pin(s)/ports(s)/net(s) as objects to the command. [/home/valmyrsilva07/virtex7/skarab-virtex7-toolflow/fpgs/ethernet_one_gbe_skarab_control/ethernet_one_gbe_skarab_loop/myproj/myproj.srcs/constrs_1/imports/ethernet_one_gbe_skarab_loop/user_const.xdc:341]
INFO: [Timing 38-35] Done setting XDC timing constraints.
INFO: [Physopt 32-619] Estimated Timing Summary | WNS=1.689 | TNS=0.000 |
INFO: [Power 33-23] Power model is not available for DNA_PORT_inst
INFO: [Power 33-23] Power model is not available for USR_ACCESSE2_0
Running Vector-less Activity Propagation...

Finished Running Vector-less Activity Propagation
INFO: [Pwropt 34-9] Applying IDT optimizations ...
INFO: [Pwropt 34-10] Applying ODC optimizations ...


Starting PowerOpt Patch Enables Task
INFO: [Pwropt 34-162] WRITE_MODE attribute of 18 BRAM(s) out of a total of 274 has been updated to save power. Run report_power_opt to get a complete listing of the BRAMs updated.
INFO: [Pwropt 34-201] Structural ODC has moved 148 WE to EN ports
Number of BRAM Ports augmented: 42 newly gated: 268 Total Ports: 548
Number of Flops added for Enable Generation: 1

Ending PowerOpt Patch Enables Task | Checksum: 1af8cad20

Time (s): cpu = 00:00:00.50 ; elapsed = 00:00:00.44 . Memory (MB): peak = 3702.855 ; gain = 0.000 ; free physical = 43353 ; free virtual = 52336
Ending Power Optimization Task | Checksum: 1af8cad20

Time (s): cpu = 00:00:14 ; elapsed = 00:00:10 . Memory (MB): peak = 3702.855 ; gain = 732.426 ; free physical = 43398 ; free virtual = 52382

Starting Final Cleanup Task

Starting Logic Optimization Task
INFO: [Constraints 18-483] create_clock: no pin(s)/port(s)/net(s) specified as objects, only virtual clock 'virtual_emcc_clock' will be created. If you don't want this, please specify pin(s)/ports(s)/net(s) as objects to the command. [/home/valmyrsilva07/virtex7/skarab-virtex7-toolflow/fpgs/ethernet_one_gbe_skarab_control/ethernet_one_gbe_skarab_loop/myproj/myproj.srcs/constrs_1/imports/ethernet_one_gbe_skarab_loop/user_const.xdc:341]
INFO: [Timing 38-35] Done setting XDC timing constraints.
Ending Logic Optimization Task | Checksum: 21ecfa6b9

Time (s): cpu = 00:00:02 ; elapsed = 00:00:00.86 . Memory (MB): peak = 3702.855 ; gain = 0.000 ; free physical = 43417 ; free virtual = 52401
Ending Final Cleanup Task | Checksum: 21ecfa6b9

Time (s): cpu = 00:00:02 ; elapsed = 00:00:02 . Memory (MB): peak = 3702.855 ; gain = 0.000 ; free physical = 43417 ; free virtual = 52400

Starting Netlist Obfuscation Task
Netlist sorting complete. Time (s): cpu = 00:00:00 ; elapsed = 00:00:00 . Memory (MB): peak = 3702.855 ; gain = 0.000 ; free physical = 43417 ; free virtual = 52400
Ending Netlist Obfuscation Task | Checksum: 21ecfa6b9

Time (s): cpu = 00:00:00 ; elapsed = 00:00:00 . Memory (MB): peak = 3702.855 ; gain = 0.000 ; free physical = 43416 ; free virtual = 52400
INFO: [Common 17-83] Releasing license: Implementation
47 Infos, 0 Warnings, 0 Critical Warnings and 0 Errors encountered.
opt_design completed successfully
opt_design: Time (s): cpu = 00:00:22 ; elapsed = 00:00:16 . Memory (MB): peak = 3702.855 ; gain = 1101.895 ; free physical = 43418 ; free virtual = 52402
Netlist sorting complete. Time (s): cpu = 00:00:00 ; elapsed = 00:00:00 . Memory (MB): peak = 3702.855 ; gain = 0.000 ; free physical = 43418 ; free virtual = 52402
INFO: [Timing 38-480] Writing timing data to binary archive.
Writing placer database...
Writing XDEF routing.
Writing XDEF routing logical nets.
Writing XDEF routing special nets.
Write XDEF Complete: Time (s): cpu = 00:00:00.06 ; elapsed = 00:00:00.01 . Memory (MB): peak = 3702.855 ; gain = 0.000 ; free physical = 43414 ; free virtual = 52401
INFO: [Common 17-1381] The checkpoint '/home/valmyrsilva07/virtex7/skarab-virtex7-toolflow/fpgs/ethernet_one_gbe_skarab_control/ethernet_one_gbe_skarab_loop/myproj/myproj.runs/impl_1/top_opt.dcp' has been generated.
INFO: [runtcl-4] Executing : report_drc -file top_drc_opted.rpt -pb top_drc_opted.pb -rpx top_drc_opted.rpx
Command: report_drc -file top_drc_opted.rpt -pb top_drc_opted.pb -rpx top_drc_opted.rpx
INFO: [IP_Flow 19-1839] IP Catalog is up to date.
INFO: [DRC 23-27] Running DRC with 8 threads
INFO: [Coretcl 2-168] The results of DRC are in file /home/valmyrsilva07/virtex7/skarab-virtex7-toolflow/fpgs/ethernet_one_gbe_skarab_control/ethernet_one_gbe_skarab_loop/myproj/myproj.runs/impl_1/top_drc_opted.rpt.
report_drc completed successfully
Command: place_design
Attempting to get a license for feature 'Implementation' and/or device 'xc7vx690t'
INFO: [Common 17-349] Got license for feature 'Implementation' and/or device 'xc7vx690t'
INFO: [DRC 23-27] Running DRC with 8 threads
INFO: [Vivado_Tcl 4-198] DRC finished with 0 Errors
INFO: [Vivado_Tcl 4-199] Please refer to the DRC report (report_drc) for more information.
Running DRC as a precondition to command place_design
INFO: [DRC 23-27] Running DRC with 8 threads
WARNING: [DRC CHECK-3] Report rule limit reached: REQP-1839 rule limit reached: 20 violations have been found.
WARNING: [DRC CHECK-3] Report rule limit reached: REQP-1840 rule limit reached: 20 violations have been found.
WARNING: [DRC REQP-1839] RAMB36 async control check: The RAMB36E1 ethernet_one_gbe_skarab_loop_inst/ethernet_one_gbe_skarab_loop_struct/axi_fifo1/xpm_fifo_axis_inst/xpm_fifo_base_inst/gen_sdpram.xpm_memory_base_inst/gen_wr_a.gen_word_narrow.mem_reg has an input control pin ethernet_one_gbe_skarab_loop_inst/ethernet_one_gbe_skarab_loop_struct/axi_fifo1/xpm_fifo_axis_inst/xpm_fifo_base_inst/gen_sdpram.xpm_memory_base_inst/gen_wr_a.gen_word_narrow.mem_reg/ENBWREN (net: ethernet_one_gbe_skarab_loop_inst/ethernet_one_gbe_skarab_loop_struct/axi_fifo1/xpm_fifo_axis_inst/xpm_fifo_base_inst/gen_sdpram.xpm_memory_base_inst/ena) which is driven by a register (ethernet_one_gbe_skarab_loop_tx_one_gbe/kat_ten_gb_eth_0/tge_rx_inst/use_bram.rx_packet_fifo_bram_inst/U0/inst_fifo_gen/gconvfifo.rf/grf.rf/gntv_or_sync_fifo.gl0.rd/gr1.gr1_int.rfwft/empty_fwft_i_reg) that has an active asychronous set or reset. This may cause corruption of the memory contents and/or read values when the set/reset is asserted and is not analyzed by the default static timing analysis. It is suggested to eliminate the use of a set/reset to registers driving this RAMB pin or else use a synchronous reset in which the assertion of the reset is timed by default.
WARNING: [DRC REQP-1839] RAMB36 async control check: The RAMB36E1 ethernet_one_gbe_skarab_loop_inst/ethernet_one_gbe_skarab_loop_struct/axi_fifo1/xpm_fifo_axis_inst/xpm_fifo_base_inst/gen_sdpram.xpm_memory_base_inst/gen_wr_a.gen_word_narrow.mem_reg has an input control pin ethernet_one_gbe_skarab_loop_inst/ethernet_one_gbe_skarab_loop_struct/axi_fifo1/xpm_fifo_axis_inst/xpm_fifo_base_inst/gen_sdpram.xpm_memory_base_inst/gen_wr_a.gen_word_narrow.mem_reg/WEBWE[0] (net: ethernet_one_gbe_skarab_loop_inst/ethernet_one_gbe_skarab_loop_struct/axi_fifo1/xpm_fifo_axis_inst/xpm_fifo_base_inst/gen_sdpram.xpm_memory_base_inst/ena) which is driven by a register (ethernet_one_gbe_skarab_loop_tx_one_gbe/kat_ten_gb_eth_0/tge_rx_inst/use_bram.rx_packet_fifo_bram_inst/U0/inst_fifo_gen/gconvfifo.rf/grf.rf/gntv_or_sync_fifo.gl0.rd/gr1.gr1_int.rfwft/empty_fwft_i_reg) that has an active asychronous set or reset. This may cause corruption of the memory contents and/or read values when the set/reset is asserted and is not analyzed by the default static timing analysis. It is suggested to eliminate the use of a set/reset to registers driving this RAMB pin or else use a synchronous reset in which the assertion of the reset is timed by default.
WARNING: [DRC REQP-1839] RAMB36 async control check: The RAMB36E1 ethernet_one_gbe_skarab_loop_inst/ethernet_one_gbe_skarab_loop_struct/axi_fifo1/xpm_fifo_axis_inst/xpm_fifo_base_inst/gen_sdpram.xpm_memory_base_inst/gen_wr_a.gen_word_narrow.mem_reg has an input control pin ethernet_one_gbe_skarab_loop_inst/ethernet_one_gbe_skarab_loop_struct/axi_fifo1/xpm_fifo_axis_inst/xpm_fifo_base_inst/gen_sdpram.xpm_memory_base_inst/gen_wr_a.gen_word_narrow.mem_reg/WEBWE[1] (net: ethernet_one_gbe_skarab_loop_inst/ethernet_one_gbe_skarab_loop_struct/axi_fifo1/xpm_fifo_axis_inst/xpm_fifo_base_inst/gen_sdpram.xpm_memory_base_inst/ena) which is driven by a register (ethernet_one_gbe_skarab_loop_tx_one_gbe/kat_ten_gb_eth_0/tge_rx_inst/use_bram.rx_packet_fifo_bram_inst/U0/inst_fifo_gen/gconvfifo.rf/grf.rf/gntv_or_sync_fifo.gl0.rd/gr1.gr1_int.rfwft/empty_fwft_i_reg) that has an active asychronous set or reset. This may cause corruption of the memory contents and/or read values when the set/reset is asserted and is not analyzed by the default static timing analysis. It is suggested to eliminate the use of a set/reset to registers driving this RAMB pin or else use a synchronous reset in which the assertion of the reset is timed by default.
WARNING: [DRC REQP-1839] RAMB36 async control check: The RAMB36E1 ethernet_one_gbe_skarab_loop_inst/ethernet_one_gbe_skarab_loop_struct/axi_fifo1/xpm_fifo_axis_inst/xpm_fifo_base_inst/gen_sdpram.xpm_memory_base_inst/gen_wr_a.gen_word_narrow.mem_reg has an input control pin ethernet_one_gbe_skarab_loop_inst/ethernet_one_gbe_skarab_loop_struct/axi_fifo1/xpm_fifo_axis_inst/xpm_fifo_base_inst/gen_sdpram.xpm_memory_base_inst/gen_wr_a.gen_word_narrow.mem_reg/WEBWE[2] (net: ethernet_one_gbe_skarab_loop_inst/ethernet_one_gbe_skarab_loop_struct/axi_fifo1/xpm_fifo_axis_inst/xpm_fifo_base_inst/gen_sdpram.xpm_memory_base_inst/ena) which is driven by a register (ethernet_one_gbe_skarab_loop_tx_one_gbe/kat_ten_gb_eth_0/tge_rx_inst/use_bram.rx_packet_fifo_bram_inst/U0/inst_fifo_gen/gconvfifo.rf/grf.rf/gntv_or_sync_fifo.gl0.rd/gr1.gr1_int.rfwft/empty_fwft_i_reg) that has an active asychronous set or reset. This may cause corruption of the memory contents and/or read values when the set/reset is asserted and is not analyzed by the default static timing analysis. It is suggested to eliminate the use of a set/reset to registers driving this RAMB pin or else use a synchronous reset in which the assertion of the reset is timed by default.
WARNING: [DRC REQP-1839] RAMB36 async control check: The RAMB36E1 ethernet_one_gbe_skarab_loop_inst/ethernet_one_gbe_skarab_loop_struct/axi_fifo1/xpm_fifo_axis_inst/xpm_fifo_base_inst/gen_sdpram.xpm_memory_base_inst/gen_wr_a.gen_word_narrow.mem_reg has an input control pin ethernet_one_gbe_skarab_loop_inst/ethernet_one_gbe_skarab_loop_struct/axi_fifo1/xpm_fifo_axis_inst/xpm_fifo_base_inst/gen_sdpram.xpm_memory_base_inst/gen_wr_a.gen_word_narrow.mem_reg/WEBWE[3] (net: ethernet_one_gbe_skarab_loop_inst/ethernet_one_gbe_skarab_loop_struct/axi_fifo1/xpm_fifo_axis_inst/xpm_fifo_base_inst/gen_sdpram.xpm_memory_base_inst/ena) which is driven by a register (ethernet_one_gbe_skarab_loop_tx_one_gbe/kat_ten_gb_eth_0/tge_rx_inst/use_bram.rx_packet_fifo_bram_inst/U0/inst_fifo_gen/gconvfifo.rf/grf.rf/gntv_or_sync_fifo.gl0.rd/gr1.gr1_int.rfwft/empty_fwft_i_reg) that has an active asychronous set or reset. This may cause corruption of the memory contents and/or read values when the set/reset is asserted and is not analyzed by the default static timing analysis. It is suggested to eliminate the use of a set/reset to registers driving this RAMB pin or else use a synchronous reset in which the assertion of the reset is timed by default.
WARNING: [DRC REQP-1839] RAMB36 async control check: The RAMB36E1 ethernet_one_gbe_skarab_loop_inst/ethernet_one_gbe_skarab_loop_struct/axi_fifo1/xpm_fifo_axis_inst/xpm_fifo_base_inst/gen_sdpram.xpm_memory_base_inst/gen_wr_a.gen_word_narrow.mem_reg has an input control pin ethernet_one_gbe_skarab_loop_inst/ethernet_one_gbe_skarab_loop_struct/axi_fifo1/xpm_fifo_axis_inst/xpm_fifo_base_inst/gen_sdpram.xpm_memory_base_inst/gen_wr_a.gen_word_narrow.mem_reg/WEBWE[4] (net: ethernet_one_gbe_skarab_loop_inst/ethernet_one_gbe_skarab_loop_struct/axi_fifo1/xpm_fifo_axis_inst/xpm_fifo_base_inst/gen_sdpram.xpm_memory_base_inst/ena) which is driven by a register (ethernet_one_gbe_skarab_loop_tx_one_gbe/kat_ten_gb_eth_0/tge_rx_inst/use_bram.rx_packet_fifo_bram_inst/U0/inst_fifo_gen/gconvfifo.rf/grf.rf/gntv_or_sync_fifo.gl0.rd/gr1.gr1_int.rfwft/empty_fwft_i_reg) that has an active asychronous set or reset. This may cause corruption of the memory contents and/or read values when the set/reset is asserted and is not analyzed by the default static timing analysis. It is suggested to eliminate the use of a set/reset to registers driving this RAMB pin or else use a synchronous reset in which the assertion of the reset is timed by default.
WARNING: [DRC REQP-1839] RAMB36 async control check: The RAMB36E1 ethernet_one_gbe_skarab_loop_inst/ethernet_one_gbe_skarab_loop_struct/axi_fifo1/xpm_fifo_axis_inst/xpm_fifo_base_inst/gen_sdpram.xpm_memory_base_inst/gen_wr_a.gen_word_narrow.mem_reg has an input control pin ethernet_one_gbe_skarab_loop_inst/ethernet_one_gbe_skarab_loop_struct/axi_fifo1/xpm_fifo_axis_inst/xpm_fifo_base_inst/gen_sdpram.xpm_memory_base_inst/gen_wr_a.gen_word_narrow.mem_reg/WEBWE[5] (net: ethernet_one_gbe_skarab_loop_inst/ethernet_one_gbe_skarab_loop_struct/axi_fifo1/xpm_fifo_axis_inst/xpm_fifo_base_inst/gen_sdpram.xpm_memory_base_inst/ena) which is driven by a register (ethernet_one_gbe_skarab_loop_tx_one_gbe/kat_ten_gb_eth_0/tge_rx_inst/use_bram.rx_packet_fifo_bram_inst/U0/inst_fifo_gen/gconvfifo.rf/grf.rf/gntv_or_sync_fifo.gl0.rd/gr1.gr1_int.rfwft/empty_fwft_i_reg) that has an active asychronous set or reset. This may cause corruption of the memory contents and/or read values when the set/reset is asserted and is not analyzed by the default static timing analysis. It is suggested to eliminate the use of a set/reset to registers driving this RAMB pin or else use a synchronous reset in which the assertion of the reset is timed by default.
WARNING: [DRC REQP-1839] RAMB36 async control check: The RAMB36E1 ethernet_one_gbe_skarab_loop_inst/ethernet_one_gbe_skarab_loop_struct/axi_fifo1/xpm_fifo_axis_inst/xpm_fifo_base_inst/gen_sdpram.xpm_memory_base_inst/gen_wr_a.gen_word_narrow.mem_reg has an input control pin ethernet_one_gbe_skarab_loop_inst/ethernet_one_gbe_skarab_loop_struct/axi_fifo1/xpm_fifo_axis_inst/xpm_fifo_base_inst/gen_sdpram.xpm_memory_base_inst/gen_wr_a.gen_word_narrow.mem_reg/WEBWE[6] (net: ethernet_one_gbe_skarab_loop_inst/ethernet_one_gbe_skarab_loop_struct/axi_fifo1/xpm_fifo_axis_inst/xpm_fifo_base_inst/gen_sdpram.xpm_memory_base_inst/ena) which is driven by a register (ethernet_one_gbe_skarab_loop_tx_one_gbe/kat_ten_gb_eth_0/tge_rx_inst/use_bram.rx_packet_fifo_bram_inst/U0/inst_fifo_gen/gconvfifo.rf/grf.rf/gntv_or_sync_fifo.gl0.rd/gr1.gr1_int.rfwft/empty_fwft_i_reg) that has an active asychronous set or reset. This may cause corruption of the memory contents and/or read values when the set/reset is asserted and is not analyzed by the default static timing analysis. It is suggested to eliminate the use of a set/reset to registers driving this RAMB pin or else use a synchronous reset in which the assertion of the reset is timed by default.
WARNING: [DRC REQP-1839] RAMB36 async control check: The RAMB36E1 ethernet_one_gbe_skarab_loop_inst/ethernet_one_gbe_skarab_loop_struct/axi_fifo1/xpm_fifo_axis_inst/xpm_fifo_base_inst/gen_sdpram.xpm_memory_base_inst/gen_wr_a.gen_word_narrow.mem_reg has an input control pin ethernet_one_gbe_skarab_loop_inst/ethernet_one_gbe_skarab_loop_struct/axi_fifo1/xpm_fifo_axis_inst/xpm_fifo_base_inst/gen_sdpram.xpm_memory_base_inst/gen_wr_a.gen_word_narrow.mem_reg/WEBWE[7] (net: ethernet_one_gbe_skarab_loop_inst/ethernet_one_gbe_skarab_loop_struct/axi_fifo1/xpm_fifo_axis_inst/xpm_fifo_base_inst/gen_sdpram.xpm_memory_base_inst/ena) which is driven by a register (ethernet_one_gbe_skarab_loop_tx_one_gbe/kat_ten_gb_eth_0/tge_rx_inst/use_bram.rx_packet_fifo_bram_inst/U0/inst_fifo_gen/gconvfifo.rf/grf.rf/gntv_or_sync_fifo.gl0.rd/gr1.gr1_int.rfwft/empty_fwft_i_reg) that has an active asychronous set or reset. This may cause corruption of the memory contents and/or read values when the set/reset is asserted and is not analyzed by the default static timing analysis. It is suggested to eliminate the use of a set/reset to registers driving this RAMB pin or else use a synchronous reset in which the assertion of the reset is timed by default.
WARNING: [DRC REQP-1839] RAMB36 async control check: The RAMB36E1 ethernet_one_gbe_skarab_loop_tx_one_gbe/gmii_to_xaui_translator_0/gmii_to_xaui_fifo_0/U0/inst_fifo_gen/gconvfifo.rf/grf.rf/gntv_or_sync_fifo.mem/gbm.gbmg.gbmga.ngecc.bmg/inst_blk_mem_gen/gnbram.gnativebmg.native_blk_mem_gen/valid.cstr/ramloop[0].ram.r/prim_noinit.ram/DEVICE_7SERIES.NO_BMM_INFO.SDP.SIMPLE_PRIM36.ram has an input control pin ethernet_one_gbe_skarab_loop_tx_one_gbe/gmii_to_xaui_translator_0/gmii_to_xaui_fifo_0/U0/inst_fifo_gen/gconvfifo.rf/grf.rf/gntv_or_sync_fifo.mem/gbm.gbmg.gbmga.ngecc.bmg/inst_blk_mem_gen/gnbram.gnativebmg.native_blk_mem_gen/valid.cstr/ramloop[0].ram.r/prim_noinit.ram/DEVICE_7SERIES.NO_BMM_INFO.SDP.SIMPLE_PRIM36.ram/ENARDEN (net: ethernet_one_gbe_skarab_loop_tx_one_gbe/gmii_to_xaui_translator_0/gmii_to_xaui_fifo_0/U0/inst_fifo_gen/gconvfifo.rf/grf.rf/gntv_or_sync_fifo.mem/gbm.gbmg.gbmga.ngecc.bmg/inst_blk_mem_gen/gnbram.gnativebmg.native_blk_mem_gen/valid.cstr/ramloop[0].ram.r/prim_noinit.ram/DEVICE_7SERIES.NO_BMM_INFO.SDP.SIMPLE_PRIM36.ram_0) which is driven by a register (ethernet_one_gbe_skarab_loop_tx_one_gbe/gmii_to_xaui_translator_0/gmii_to_xaui_fifo_wr_en_reg) that has an active asychronous set or reset. This may cause corruption of the memory contents and/or read values when the set/reset is asserted and is not analyzed by the default static timing analysis. It is suggested to eliminate the use of a set/reset to registers driving this RAMB pin or else use a synchronous reset in which the assertion of the reset is timed by default.
WARNING: [DRC REQP-1839] RAMB36 async control check: The RAMB36E1 ethernet_one_gbe_skarab_loop_tx_one_gbe/gmii_to_xaui_translator_0/gmii_to_xaui_fifo_0/U0/inst_fifo_gen/gconvfifo.rf/grf.rf/gntv_or_sync_fifo.mem/gbm.gbmg.gbmga.ngecc.bmg/inst_blk_mem_gen/gnbram.gnativebmg.native_blk_mem_gen/valid.cstr/ramloop[0].ram.r/prim_noinit.ram/DEVICE_7SERIES.NO_BMM_INFO.SDP.SIMPLE_PRIM36.ram has an input control pin ethernet_one_gbe_skarab_loop_tx_one_gbe/gmii_to_xaui_translator_0/gmii_to_xaui_fifo_0/U0/inst_fifo_gen/gconvfifo.rf/grf.rf/gntv_or_sync_fifo.mem/gbm.gbmg.gbmga.ngecc.bmg/inst_blk_mem_gen/gnbram.gnativebmg.native_blk_mem_gen/valid.cstr/ramloop[0].ram.r/prim_noinit.ram/DEVICE_7SERIES.NO_BMM_INFO.SDP.SIMPLE_PRIM36.ram/ENBWREN (net: ethernet_one_gbe_skarab_loop_tx_one_gbe/gmii_to_xaui_translator_0/gmii_to_xaui_fifo_0/U0/inst_fifo_gen/gconvfifo.rf/grf.rf/gntv_or_sync_fifo.mem/gbm.gbmg.gbmga.ngecc.bmg/inst_blk_mem_gen/gnbram.gnativebmg.native_blk_mem_gen/valid.cstr/ramloop[0].ram.r/prim_noinit.ram/DEVICE_7SERIES.NO_BMM_INFO.SDP.SIMPLE_PRIM36.ram_ENBWREN_cooolgate_en_sig_115) which is driven by a register (ethernet_one_gbe_skarab_loop_tx_one_gbe/gmii_to_xaui_translator_0/FSM_onehot_current_gen_state_reg[2]) that has an active asychronous set or reset. This may cause corruption of the memory contents and/or read values when the set/reset is asserted and is not analyzed by the default static timing analysis. It is suggested to eliminate the use of a set/reset to registers driving this RAMB pin or else use a synchronous reset in which the assertion of the reset is timed by default.
WARNING: [DRC REQP-1839] RAMB36 async control check: The RAMB36E1 ethernet_one_gbe_skarab_loop_tx_one_gbe/gmii_to_xaui_translator_0/gmii_to_xaui_fifo_0/U0/inst_fifo_gen/gconvfifo.rf/grf.rf/gntv_or_sync_fifo.mem/gbm.gbmg.gbmga.ngecc.bmg/inst_blk_mem_gen/gnbram.gnativebmg.native_blk_mem_gen/valid.cstr/ramloop[0].ram.r/prim_noinit.ram/DEVICE_7SERIES.NO_BMM_INFO.SDP.SIMPLE_PRIM36.ram has an input control pin ethernet_one_gbe_skarab_loop_tx_one_gbe/gmii_to_xaui_translator_0/gmii_to_xaui_fifo_0/U0/inst_fifo_gen/gconvfifo.rf/grf.rf/gntv_or_sync_fifo.mem/gbm.gbmg.gbmga.ngecc.bmg/inst_blk_mem_gen/gnbram.gnativebmg.native_blk_mem_gen/valid.cstr/ramloop[0].ram.r/prim_noinit.ram/DEVICE_7SERIES.NO_BMM_INFO.SDP.SIMPLE_PRIM36.ram/ENBWREN (net: ethernet_one_gbe_skarab_loop_tx_one_gbe/gmii_to_xaui_translator_0/gmii_to_xaui_fifo_0/U0/inst_fifo_gen/gconvfifo.rf/grf.rf/gntv_or_sync_fifo.mem/gbm.gbmg.gbmga.ngecc.bmg/inst_blk_mem_gen/gnbram.gnativebmg.native_blk_mem_gen/valid.cstr/ramloop[0].ram.r/prim_noinit.ram/DEVICE_7SERIES.NO_BMM_INFO.SDP.SIMPLE_PRIM36.ram_ENBWREN_cooolgate_en_sig_115) which is driven by a register (skarab_infr/sync_sys_fpga_rst_reg) that has an active asychronous set or reset. This may cause corruption of the memory contents and/or read values when the set/reset is asserted and is not analyzed by the default static timing analysis. It is suggested to eliminate the use of a set/reset to registers driving this RAMB pin or else use a synchronous reset in which the assertion of the reset is timed by default.
WARNING: [DRC REQP-1839] RAMB36 async control check: The RAMB36E1 ethernet_one_gbe_skarab_loop_tx_one_gbe/gmii_to_xaui_translator_0/gmii_to_xaui_fifo_0/U0/inst_fifo_gen/gconvfifo.rf/grf.rf/gntv_or_sync_fifo.mem/gbm.gbmg.gbmga.ngecc.bmg/inst_blk_mem_gen/gnbram.gnativebmg.native_blk_mem_gen/valid.cstr/ramloop[0].ram.r/prim_noinit.ram/DEVICE_7SERIES.NO_BMM_INFO.SDP.SIMPLE_PRIM36.ram has an input control pin ethernet_one_gbe_skarab_loop_tx_one_gbe/gmii_to_xaui_translator_0/gmii_to_xaui_fifo_0/U0/inst_fifo_gen/gconvfifo.rf/grf.rf/gntv_or_sync_fifo.mem/gbm.gbmg.gbmga.ngecc.bmg/inst_blk_mem_gen/gnbram.gnativebmg.native_blk_mem_gen/valid.cstr/ramloop[0].ram.r/prim_noinit.ram/DEVICE_7SERIES.NO_BMM_INFO.SDP.SIMPLE_PRIM36.ram/ENBWREN (net: ethernet_one_gbe_skarab_loop_tx_one_gbe/gmii_to_xaui_translator_0/gmii_to_xaui_fifo_0/U0/inst_fifo_gen/gconvfifo.rf/grf.rf/gntv_or_sync_fifo.mem/gbm.gbmg.gbmga.ngecc.bmg/inst_blk_mem_gen/gnbram.gnativebmg.native_blk_mem_gen/valid.cstr/ramloop[0].ram.r/prim_noinit.ram/DEVICE_7SERIES.NO_BMM_INFO.SDP.SIMPLE_PRIM36.ram_ENBWREN_cooolgate_en_sig_115) which is driven by a register (skarab_infr/sys_fpga_rst_reg) that has an active asychronous set or reset. This may cause corruption of the memory contents and/or read values when the set/reset is asserted and is not analyzed by the default static timing analysis. It is suggested to eliminate the use of a set/reset to registers driving this RAMB pin or else use a synchronous reset in which the assertion of the reset is timed by default.
WARNING: [DRC REQP-1839] RAMB36 async control check: The RAMB36E1 ethernet_one_gbe_skarab_loop_tx_one_gbe/gmii_to_xaui_translator_0/gmii_to_xaui_fifo_0/U0/inst_fifo_gen/gconvfifo.rf/grf.rf/gntv_or_sync_fifo.mem/gbm.gbmg.gbmga.ngecc.bmg/inst_blk_mem_gen/gnbram.gnativebmg.native_blk_mem_gen/valid.cstr/ramloop[0].ram.r/prim_noinit.ram/DEVICE_7SERIES.NO_BMM_INFO.SDP.SIMPLE_PRIM36.ram has an input control pin ethernet_one_gbe_skarab_loop_tx_one_gbe/gmii_to_xaui_translator_0/gmii_to_xaui_fifo_0/U0/inst_fifo_gen/gconvfifo.rf/grf.rf/gntv_or_sync_fifo.mem/gbm.gbmg.gbmga.ngecc.bmg/inst_blk_mem_gen/gnbram.gnativebmg.native_blk_mem_gen/valid.cstr/ramloop[0].ram.r/prim_noinit.ram/DEVICE_7SERIES.NO_BMM_INFO.SDP.SIMPLE_PRIM36.ram/RSTRAMB (net: ethernet_one_gbe_skarab_loop_tx_one_gbe/gmii_to_xaui_translator_0/gmii_to_xaui_fifo_0/U0/inst_fifo_gen/gconvfifo.rf/grf.rf/gntv_or_sync_fifo.mem/gbm.gbmg.gbmga.ngecc.bmg/inst_blk_mem_gen/gnbram.gnativebmg.native_blk_mem_gen/valid.cstr/ramloop[0].ram.r/prim_noinit.ram/rd_rst) which is driven by a register (skarab_infr/sys_fpga_rst_reg) that has an active asychronous set or reset. This may cause corruption of the memory contents and/or read values when the set/reset is asserted and is not analyzed by the default static timing analysis. It is suggested to eliminate the use of a set/reset to registers driving this RAMB pin or else use a synchronous reset in which the assertion of the reset is timed by default.
WARNING: [DRC REQP-1839] RAMB36 async control check: The RAMB36E1 ethernet_one_gbe_skarab_loop_tx_one_gbe/gmii_to_xaui_translator_0/gmii_to_xaui_fifo_0/U0/inst_fifo_gen/gconvfifo.rf/grf.rf/gntv_or_sync_fifo.mem/gbm.gbmg.gbmga.ngecc.bmg/inst_blk_mem_gen/gnbram.gnativebmg.native_blk_mem_gen/valid.cstr/ramloop[0].ram.r/prim_noinit.ram/DEVICE_7SERIES.NO_BMM_INFO.SDP.SIMPLE_PRIM36.ram has an input control pin ethernet_one_gbe_skarab_loop_tx_one_gbe/gmii_to_xaui_translator_0/gmii_to_xaui_fifo_0/U0/inst_fifo_gen/gconvfifo.rf/grf.rf/gntv_or_sync_fifo.mem/gbm.gbmg.gbmga.ngecc.bmg/inst_blk_mem_gen/gnbram.gnativebmg.native_blk_mem_gen/valid.cstr/ramloop[0].ram.r/prim_noinit.ram/DEVICE_7SERIES.NO_BMM_INFO.SDP.SIMPLE_PRIM36.ram/WEA[0] (net: ethernet_one_gbe_skarab_loop_tx_one_gbe/gmii_to_xaui_translator_0/gmii_to_xaui_fifo_0/U0/inst_fifo_gen/gconvfifo.rf/grf.rf/gntv_or_sync_fifo.mem/gbm.gbmg.gbmga.ngecc.bmg/inst_blk_mem_gen/gnbram.gnativebmg.native_blk_mem_gen/valid.cstr/ramloop[0].ram.r/prim_noinit.ram/DEVICE_7SERIES.NO_BMM_INFO.SDP.SIMPLE_PRIM36.ram_0) which is driven by a register (ethernet_one_gbe_skarab_loop_tx_one_gbe/gmii_to_xaui_translator_0/gmii_to_xaui_fifo_wr_en_reg) that has an active asychronous set or reset. This may cause corruption of the memory contents and/or read values when the set/reset is asserted and is not analyzed by the default static timing analysis. It is suggested to eliminate the use of a set/reset to registers driving this RAMB pin or else use a synchronous reset in which the assertion of the reset is timed by default.
WARNING: [DRC REQP-1839] RAMB36 async control check: The RAMB36E1 ethernet_one_gbe_skarab_loop_tx_one_gbe/gmii_to_xaui_translator_0/gmii_to_xaui_fifo_0/U0/inst_fifo_gen/gconvfifo.rf/grf.rf/gntv_or_sync_fifo.mem/gbm.gbmg.gbmga.ngecc.bmg/inst_blk_mem_gen/gnbram.gnativebmg.native_blk_mem_gen/valid.cstr/ramloop[1].ram.r/prim_noinit.ram/DEVICE_7SERIES.NO_BMM_INFO.SDP.SIMPLE_PRIM36.ram has an input control pin ethernet_one_gbe_skarab_loop_tx_one_gbe/gmii_to_xaui_translator_0/gmii_to_xaui_fifo_0/U0/inst_fifo_gen/gconvfifo.rf/grf.rf/gntv_or_sync_fifo.mem/gbm.gbmg.gbmga.ngecc.bmg/inst_blk_mem_gen/gnbram.gnativebmg.native_blk_mem_gen/valid.cstr/ramloop[1].ram.r/prim_noinit.ram/DEVICE_7SERIES.NO_BMM_INFO.SDP.SIMPLE_PRIM36.ram/ENARDEN (net: ethernet_one_gbe_skarab_loop_tx_one_gbe/gmii_to_xaui_translator_0/gmii_to_xaui_fifo_0/U0/inst_fifo_gen/gconvfifo.rf/grf.rf/gntv_or_sync_fifo.mem/gbm.gbmg.gbmga.ngecc.bmg/inst_blk_mem_gen/gnbram.gnativebmg.native_blk_mem_gen/valid.cstr/ramloop[1].ram.r/prim_noinit.ram/DEVICE_7SERIES.NO_BMM_INFO.SDP.SIMPLE_PRIM36.ram_0) which is driven by a register (ethernet_one_gbe_skarab_loop_tx_one_gbe/gmii_to_xaui_translator_0/gmii_to_xaui_fifo_wr_en_reg) that has an active asychronous set or reset. This may cause corruption of the memory contents and/or read values when the set/reset is asserted and is not analyzed by the default static timing analysis. It is suggested to eliminate the use of a set/reset to registers driving this RAMB pin or else use a synchronous reset in which the assertion of the reset is timed by default.
WARNING: [DRC REQP-1839] RAMB36 async control check: The RAMB36E1 ethernet_one_gbe_skarab_loop_tx_one_gbe/gmii_to_xaui_translator_0/gmii_to_xaui_fifo_0/U0/inst_fifo_gen/gconvfifo.rf/grf.rf/gntv_or_sync_fifo.mem/gbm.gbmg.gbmga.ngecc.bmg/inst_blk_mem_gen/gnbram.gnativebmg.native_blk_mem_gen/valid.cstr/ramloop[1].ram.r/prim_noinit.ram/DEVICE_7SERIES.NO_BMM_INFO.SDP.SIMPLE_PRIM36.ram has an input control pin ethernet_one_gbe_skarab_loop_tx_one_gbe/gmii_to_xaui_translator_0/gmii_to_xaui_fifo_0/U0/inst_fifo_gen/gconvfifo.rf/grf.rf/gntv_or_sync_fifo.mem/gbm.gbmg.gbmga.ngecc.bmg/inst_blk_mem_gen/gnbram.gnativebmg.native_blk_mem_gen/valid.cstr/ramloop[1].ram.r/prim_noinit.ram/DEVICE_7SERIES.NO_BMM_INFO.SDP.SIMPLE_PRIM36.ram/ENBWREN (net: ethernet_one_gbe_skarab_loop_tx_one_gbe/gmii_to_xaui_translator_0/gmii_to_xaui_fifo_0/U0/inst_fifo_gen/gconvfifo.rf/grf.rf/gntv_or_sync_fifo.mem/gbm.gbmg.gbmga.ngecc.bmg/inst_blk_mem_gen/gnbram.gnativebmg.native_blk_mem_gen/valid.cstr/ramloop[1].ram.r/prim_noinit.ram/DEVICE_7SERIES.NO_BMM_INFO.SDP.SIMPLE_PRIM36.ram_ENBWREN_cooolgate_en_sig_116) which is driven by a register (ethernet_one_gbe_skarab_loop_tx_one_gbe/gmii_to_xaui_translator_0/FSM_onehot_current_gen_state_reg[2]) that has an active asychronous set or reset. This may cause corruption of the memory contents and/or read values when the set/reset is asserted and is not analyzed by the default static timing analysis. It is suggested to eliminate the use of a set/reset to registers driving this RAMB pin or else use a synchronous reset in which the assertion of the reset is timed by default.
WARNING: [DRC REQP-1839] RAMB36 async control check: The RAMB36E1 ethernet_one_gbe_skarab_loop_tx_one_gbe/gmii_to_xaui_translator_0/gmii_to_xaui_fifo_0/U0/inst_fifo_gen/gconvfifo.rf/grf.rf/gntv_or_sync_fifo.mem/gbm.gbmg.gbmga.ngecc.bmg/inst_blk_mem_gen/gnbram.gnativebmg.native_blk_mem_gen/valid.cstr/ramloop[1].ram.r/prim_noinit.ram/DEVICE_7SERIES.NO_BMM_INFO.SDP.SIMPLE_PRIM36.ram has an input control pin ethernet_one_gbe_skarab_loop_tx_one_gbe/gmii_to_xaui_translator_0/gmii_to_xaui_fifo_0/U0/inst_fifo_gen/gconvfifo.rf/grf.rf/gntv_or_sync_fifo.mem/gbm.gbmg.gbmga.ngecc.bmg/inst_blk_mem_gen/gnbram.gnativebmg.native_blk_mem_gen/valid.cstr/ramloop[1].ram.r/prim_noinit.ram/DEVICE_7SERIES.NO_BMM_INFO.SDP.SIMPLE_PRIM36.ram/ENBWREN (net: ethernet_one_gbe_skarab_loop_tx_one_gbe/gmii_to_xaui_translator_0/gmii_to_xaui_fifo_0/U0/inst_fifo_gen/gconvfifo.rf/grf.rf/gntv_or_sync_fifo.mem/gbm.gbmg.gbmga.ngecc.bmg/inst_blk_mem_gen/gnbram.gnativebmg.native_blk_mem_gen/valid.cstr/ramloop[1].ram.r/prim_noinit.ram/DEVICE_7SERIES.NO_BMM_INFO.SDP.SIMPLE_PRIM36.ram_ENBWREN_cooolgate_en_sig_116) which is driven by a register (skarab_infr/sync_sys_fpga_rst_reg) that has an active asychronous set or reset. This may cause corruption of the memory contents and/or read values when the set/reset is asserted and is not analyzed by the default static timing analysis. It is suggested to eliminate the use of a set/reset to registers driving this RAMB pin or else use a synchronous reset in which the assertion of the reset is timed by default.
WARNING: [DRC REQP-1839] RAMB36 async control check: The RAMB36E1 ethernet_one_gbe_skarab_loop_tx_one_gbe/gmii_to_xaui_translator_0/gmii_to_xaui_fifo_0/U0/inst_fifo_gen/gconvfifo.rf/grf.rf/gntv_or_sync_fifo.mem/gbm.gbmg.gbmga.ngecc.bmg/inst_blk_mem_gen/gnbram.gnativebmg.native_blk_mem_gen/valid.cstr/ramloop[1].ram.r/prim_noinit.ram/DEVICE_7SERIES.NO_BMM_INFO.SDP.SIMPLE_PRIM36.ram has an input control pin ethernet_one_gbe_skarab_loop_tx_one_gbe/gmii_to_xaui_translator_0/gmii_to_xaui_fifo_0/U0/inst_fifo_gen/gconvfifo.rf/grf.rf/gntv_or_sync_fifo.mem/gbm.gbmg.gbmga.ngecc.bmg/inst_blk_mem_gen/gnbram.gnativebmg.native_blk_mem_gen/valid.cstr/ramloop[1].ram.r/prim_noinit.ram/DEVICE_7SERIES.NO_BMM_INFO.SDP.SIMPLE_PRIM36.ram/ENBWREN (net: ethernet_one_gbe_skarab_loop_tx_one_gbe/gmii_to_xaui_translator_0/gmii_to_xaui_fifo_0/U0/inst_fifo_gen/gconvfifo.rf/grf.rf/gntv_or_sync_fifo.mem/gbm.gbmg.gbmga.ngecc.bmg/inst_blk_mem_gen/gnbram.gnativebmg.native_blk_mem_gen/valid.cstr/ramloop[1].ram.r/prim_noinit.ram/DEVICE_7SERIES.NO_BMM_INFO.SDP.SIMPLE_PRIM36.ram_ENBWREN_cooolgate_en_sig_116) which is driven by a register (skarab_infr/sys_fpga_rst_reg) that has an active asychronous set or reset. This may cause corruption of the memory contents and/or read values when the set/reset is asserted and is not analyzed by the default static timing analysis. It is suggested to eliminate the use of a set/reset to registers driving this RAMB pin or else use a synchronous reset in which the assertion of the reset is timed by default.
WARNING: [DRC REQP-1839] RAMB36 async control check: The RAMB36E1 ethernet_one_gbe_skarab_loop_tx_one_gbe/gmii_to_xaui_translator_0/gmii_to_xaui_fifo_0/U0/inst_fifo_gen/gconvfifo.rf/grf.rf/gntv_or_sync_fifo.mem/gbm.gbmg.gbmga.ngecc.bmg/inst_blk_mem_gen/gnbram.gnativebmg.native_blk_mem_gen/valid.cstr/ramloop[1].ram.r/prim_noinit.ram/DEVICE_7SERIES.NO_BMM_INFO.SDP.SIMPLE_PRIM36.ram has an input control pin ethernet_one_gbe_skarab_loop_tx_one_gbe/gmii_to_xaui_translator_0/gmii_to_xaui_fifo_0/U0/inst_fifo_gen/gconvfifo.rf/grf.rf/gntv_or_sync_fifo.mem/gbm.gbmg.gbmga.ngecc.bmg/inst_blk_mem_gen/gnbram.gnativebmg.native_blk_mem_gen/valid.cstr/ramloop[1].ram.r/prim_noinit.ram/DEVICE_7SERIES.NO_BMM_INFO.SDP.SIMPLE_PRIM36.ram/RSTRAMB (net: ethernet_one_gbe_skarab_loop_tx_one_gbe/gmii_to_xaui_translator_0/gmii_to_xaui_fifo_0/U0/inst_fifo_gen/gconvfifo.rf/grf.rf/gntv_or_sync_fifo.mem/gbm.gbmg.gbmga.ngecc.bmg/inst_blk_mem_gen/gnbram.gnativebmg.native_blk_mem_gen/valid.cstr/ramloop[1].ram.r/prim_noinit.ram/rd_rst) which is driven by a register (skarab_infr/sys_fpga_rst_reg) that has an active asychronous set or reset. This may cause corruption of the memory contents and/or read values when the set/reset is asserted and is not analyzed by the default static timing analysis. It is suggested to eliminate the use of a set/reset to registers driving this RAMB pin or else use a synchronous reset in which the assertion of the reset is timed by default.
WARNING: [DRC REQP-1840] RAMB18 async control check: The RAMB18E1 ethernet_one_gbe_skarab_loop_tx_one_gbe/kat_ten_gb_eth_0/tge_tx_inst/arp_cache_inst/U0/inst_blk_mem_gen/gnbram.gnativebmg.native_blk_mem_gen/valid.cstr/ramloop[0].ram.r/prim_init.ram/DEVICE_7SERIES.NO_BMM_INFO.TRUE_DP.SIMPLE_PRIM18.ram has an input control pin ethernet_one_gbe_skarab_loop_tx_one_gbe/kat_ten_gb_eth_0/tge_tx_inst/arp_cache_inst/U0/inst_blk_mem_gen/gnbram.gnativebmg.native_blk_mem_gen/valid.cstr/ramloop[0].ram.r/prim_init.ram/DEVICE_7SERIES.NO_BMM_INFO.TRUE_DP.SIMPLE_PRIM18.ram/ADDRBWRADDR[11] (net: ethernet_one_gbe_skarab_loop_tx_one_gbe/kat_ten_gb_eth_0/tge_tx_inst/arp_cache_inst/U0/inst_blk_mem_gen/gnbram.gnativebmg.native_blk_mem_gen/valid.cstr/ramloop[0].ram.r/prim_init.ram/addrb[7]) which is driven by a register (ethernet_one_gbe_skarab_loop_tx_one_gbe/kat_ten_gb_eth_0/tge_tx_inst/large_packet_gen.tx_ctrl_fifo_ext/U0/inst_fifo_gen/gconvfifo.rf/grf.rf/gntv_or_sync_fifo.mem/goreg_dm.dout_i_reg[0]) that has an active asychronous set or reset. This may cause corruption of the memory contents and/or read values when the set/reset is asserted and is not analyzed by the default static timing analysis. It is suggested to eliminate the use of a set/reset to registers driving this RAMB pin or else use a synchronous reset in which the assertion of the reset is timed by default.
WARNING: [DRC REQP-1840] RAMB18 async control check: The RAMB18E1 ethernet_one_gbe_skarab_loop_tx_one_gbe/kat_ten_gb_eth_0/tge_tx_inst/arp_cache_inst/U0/inst_blk_mem_gen/gnbram.gnativebmg.native_blk_mem_gen/valid.cstr/ramloop[0].ram.r/prim_init.ram/DEVICE_7SERIES.NO_BMM_INFO.TRUE_DP.SIMPLE_PRIM18.ram has an input control pin ethernet_one_gbe_skarab_loop_tx_one_gbe/kat_ten_gb_eth_0/tge_tx_inst/arp_cache_inst/U0/inst_blk_mem_gen/gnbram.gnativebmg.native_blk_mem_gen/valid.cstr/ramloop[0].ram.r/prim_init.ram/DEVICE_7SERIES.NO_BMM_INFO.TRUE_DP.SIMPLE_PRIM18.ram/ADDRBWRADDR[11] (net: ethernet_one_gbe_skarab_loop_tx_one_gbe/kat_ten_gb_eth_0/tge_tx_inst/arp_cache_inst/U0/inst_blk_mem_gen/gnbram.gnativebmg.native_blk_mem_gen/valid.cstr/ramloop[0].ram.r/prim_init.ram/addrb[7]) which is driven by a register (ethernet_one_gbe_skarab_loop_tx_one_gbe/kat_ten_gb_eth_0/tge_tx_inst/large_packet_gen.tx_ctrl_fifo_ext/U0/inst_fifo_gen/gconvfifo.rf/grf.rf/gntv_or_sync_fifo.mem/goreg_dm.dout_i_reg[10]) that has an active asychronous set or reset. This may cause corruption of the memory contents and/or read values when the set/reset is asserted and is not analyzed by the default static timing analysis. It is suggested to eliminate the use of a set/reset to registers driving this RAMB pin or else use a synchronous reset in which the assertion of the reset is timed by default.
WARNING: [DRC REQP-1840] RAMB18 async control check: The RAMB18E1 ethernet_one_gbe_skarab_loop_tx_one_gbe/kat_ten_gb_eth_0/tge_tx_inst/arp_cache_inst/U0/inst_blk_mem_gen/gnbram.gnativebmg.native_blk_mem_gen/valid.cstr/ramloop[0].ram.r/prim_init.ram/DEVICE_7SERIES.NO_BMM_INFO.TRUE_DP.SIMPLE_PRIM18.ram has an input control pin ethernet_one_gbe_skarab_loop_tx_one_gbe/kat_ten_gb_eth_0/tge_tx_inst/arp_cache_inst/U0/inst_blk_mem_gen/gnbram.gnativebmg.native_blk_mem_gen/valid.cstr/ramloop[0].ram.r/prim_init.ram/DEVICE_7SERIES.NO_BMM_INFO.TRUE_DP.SIMPLE_PRIM18.ram/ADDRBWRADDR[11] (net: ethernet_one_gbe_skarab_loop_tx_one_gbe/kat_ten_gb_eth_0/tge_tx_inst/arp_cache_inst/U0/inst_blk_mem_gen/gnbram.gnativebmg.native_blk_mem_gen/valid.cstr/ramloop[0].ram.r/prim_init.ram/addrb[7]) which is driven by a register (ethernet_one_gbe_skarab_loop_tx_one_gbe/kat_ten_gb_eth_0/tge_tx_inst/large_packet_gen.tx_ctrl_fifo_ext/U0/inst_fifo_gen/gconvfifo.rf/grf.rf/gntv_or_sync_fifo.mem/goreg_dm.dout_i_reg[11]) that has an active asychronous set or reset. This may cause corruption of the memory contents and/or read values when the set/reset is asserted and is not analyzed by the default static timing analysis. It is suggested to eliminate the use of a set/reset to registers driving this RAMB pin or else use a synchronous reset in which the assertion of the reset is timed by default.
WARNING: [DRC REQP-1840] RAMB18 async control check: The RAMB18E1 ethernet_one_gbe_skarab_loop_tx_one_gbe/kat_ten_gb_eth_0/tge_tx_inst/arp_cache_inst/U0/inst_blk_mem_gen/gnbram.gnativebmg.native_blk_mem_gen/valid.cstr/ramloop[0].ram.r/prim_init.ram/DEVICE_7SERIES.NO_BMM_INFO.TRUE_DP.SIMPLE_PRIM18.ram has an input control pin ethernet_one_gbe_skarab_loop_tx_one_gbe/kat_ten_gb_eth_0/tge_tx_inst/arp_cache_inst/U0/inst_blk_mem_gen/gnbram.gnativebmg.native_blk_mem_gen/valid.cstr/ramloop[0].ram.r/prim_init.ram/DEVICE_7SERIES.NO_BMM_INFO.TRUE_DP.SIMPLE_PRIM18.ram/ADDRBWRADDR[11] (net: ethernet_one_gbe_skarab_loop_tx_one_gbe/kat_ten_gb_eth_0/tge_tx_inst/arp_cache_inst/U0/inst_blk_mem_gen/gnbram.gnativebmg.native_blk_mem_gen/valid.cstr/ramloop[0].ram.r/prim_init.ram/addrb[7]) which is driven by a register (ethernet_one_gbe_skarab_loop_tx_one_gbe/kat_ten_gb_eth_0/tge_tx_inst/large_packet_gen.tx_ctrl_fifo_ext/U0/inst_fifo_gen/gconvfifo.rf/grf.rf/gntv_or_sync_fifo.mem/goreg_dm.dout_i_reg[12]) that has an active asychronous set or reset. This may cause corruption of the memory contents and/or read values when the set/reset is asserted and is not analyzed by the default static timing analysis. It is suggested to eliminate the use of a set/reset to registers driving this RAMB pin or else use a synchronous reset in which the assertion of the reset is timed by default.
WARNING: [DRC REQP-1840] RAMB18 async control check: The RAMB18E1 ethernet_one_gbe_skarab_loop_tx_one_gbe/kat_ten_gb_eth_0/tge_tx_inst/arp_cache_inst/U0/inst_blk_mem_gen/gnbram.gnativebmg.native_blk_mem_gen/valid.cstr/ramloop[0].ram.r/prim_init.ram/DEVICE_7SERIES.NO_BMM_INFO.TRUE_DP.SIMPLE_PRIM18.ram has an input control pin ethernet_one_gbe_skarab_loop_tx_one_gbe/kat_ten_gb_eth_0/tge_tx_inst/arp_cache_inst/U0/inst_blk_mem_gen/gnbram.gnativebmg.native_blk_mem_gen/valid.cstr/ramloop[0].ram.r/prim_init.ram/DEVICE_7SERIES.NO_BMM_INFO.TRUE_DP.SIMPLE_PRIM18.ram/ADDRBWRADDR[11] (net: ethernet_one_gbe_skarab_loop_tx_one_gbe/kat_ten_gb_eth_0/tge_tx_inst/arp_cache_inst/U0/inst_blk_mem_gen/gnbram.gnativebmg.native_blk_mem_gen/valid.cstr/ramloop[0].ram.r/prim_init.ram/addrb[7]) which is driven by a register (ethernet_one_gbe_skarab_loop_tx_one_gbe/kat_ten_gb_eth_0/tge_tx_inst/large_packet_gen.tx_ctrl_fifo_ext/U0/inst_fifo_gen/gconvfifo.rf/grf.rf/gntv_or_sync_fifo.mem/goreg_dm.dout_i_reg[13]) that has an active asychronous set or reset. This may cause corruption of the memory contents and/or read values when the set/reset is asserted and is not analyzed by the default static timing analysis. It is suggested to eliminate the use of a set/reset to registers driving this RAMB pin or else use a synchronous reset in which the assertion of the reset is timed by default.
WARNING: [DRC REQP-1840] RAMB18 async control check: The RAMB18E1 ethernet_one_gbe_skarab_loop_tx_one_gbe/kat_ten_gb_eth_0/tge_tx_inst/arp_cache_inst/U0/inst_blk_mem_gen/gnbram.gnativebmg.native_blk_mem_gen/valid.cstr/ramloop[0].ram.r/prim_init.ram/DEVICE_7SERIES.NO_BMM_INFO.TRUE_DP.SIMPLE_PRIM18.ram has an input control pin ethernet_one_gbe_skarab_loop_tx_one_gbe/kat_ten_gb_eth_0/tge_tx_inst/arp_cache_inst/U0/inst_blk_mem_gen/gnbram.gnativebmg.native_blk_mem_gen/valid.cstr/ramloop[0].ram.r/prim_init.ram/DEVICE_7SERIES.NO_BMM_INFO.TRUE_DP.SIMPLE_PRIM18.ram/ADDRBWRADDR[11] (net: ethernet_one_gbe_skarab_loop_tx_one_gbe/kat_ten_gb_eth_0/tge_tx_inst/arp_cache_inst/U0/inst_blk_mem_gen/gnbram.gnativebmg.native_blk_mem_gen/valid.cstr/ramloop[0].ram.r/prim_init.ram/addrb[7]) which is driven by a register (ethernet_one_gbe_skarab_loop_tx_one_gbe/kat_ten_gb_eth_0/tge_tx_inst/large_packet_gen.tx_ctrl_fifo_ext/U0/inst_fifo_gen/gconvfifo.rf/grf.rf/gntv_or_sync_fifo.mem/goreg_dm.dout_i_reg[14]) that has an active asychronous set or reset. This may cause corruption of the memory contents and/or read values when the set/reset is asserted and is not analyzed by the default static timing analysis. It is suggested to eliminate the use of a set/reset to registers driving this RAMB pin or else use a synchronous reset in which the assertion of the reset is timed by default.
WARNING: [DRC REQP-1840] RAMB18 async control check: The RAMB18E1 ethernet_one_gbe_skarab_loop_tx_one_gbe/kat_ten_gb_eth_0/tge_tx_inst/arp_cache_inst/U0/inst_blk_mem_gen/gnbram.gnativebmg.native_blk_mem_gen/valid.cstr/ramloop[0].ram.r/prim_init.ram/DEVICE_7SERIES.NO_BMM_INFO.TRUE_DP.SIMPLE_PRIM18.ram has an input control pin ethernet_one_gbe_skarab_loop_tx_one_gbe/kat_ten_gb_eth_0/tge_tx_inst/arp_cache_inst/U0/inst_blk_mem_gen/gnbram.gnativebmg.native_blk_mem_gen/valid.cstr/ramloop[0].ram.r/prim_init.ram/DEVICE_7SERIES.NO_BMM_INFO.TRUE_DP.SIMPLE_PRIM18.ram/ADDRBWRADDR[11] (net: ethernet_one_gbe_skarab_loop_tx_one_gbe/kat_ten_gb_eth_0/tge_tx_inst/arp_cache_inst/U0/inst_blk_mem_gen/gnbram.gnativebmg.native_blk_mem_gen/valid.cstr/ramloop[0].ram.r/prim_init.ram/addrb[7]) which is driven by a register (ethernet_one_gbe_skarab_loop_tx_one_gbe/kat_ten_gb_eth_0/tge_tx_inst/large_packet_gen.tx_ctrl_fifo_ext/U0/inst_fifo_gen/gconvfifo.rf/grf.rf/gntv_or_sync_fifo.mem/goreg_dm.dout_i_reg[15]) that has an active asychronous set or reset. This may cause corruption of the memory contents and/or read values when the set/reset is asserted and is not analyzed by the default static timing analysis. It is suggested to eliminate the use of a set/reset to registers driving this RAMB pin or else use a synchronous reset in which the assertion of the reset is timed by default.
WARNING: [DRC REQP-1840] RAMB18 async control check: The RAMB18E1 ethernet_one_gbe_skarab_loop_tx_one_gbe/kat_ten_gb_eth_0/tge_tx_inst/arp_cache_inst/U0/inst_blk_mem_gen/gnbram.gnativebmg.native_blk_mem_gen/valid.cstr/ramloop[0].ram.r/prim_init.ram/DEVICE_7SERIES.NO_BMM_INFO.TRUE_DP.SIMPLE_PRIM18.ram has an input control pin ethernet_one_gbe_skarab_loop_tx_one_gbe/kat_ten_gb_eth_0/tge_tx_inst/arp_cache_inst/U0/inst_blk_mem_gen/gnbram.gnativebmg.native_blk_mem_gen/valid.cstr/ramloop[0].ram.r/prim_init.ram/DEVICE_7SERIES.NO_BMM_INFO.TRUE_DP.SIMPLE_PRIM18.ram/ADDRBWRADDR[11] (net: ethernet_one_gbe_skarab_loop_tx_one_gbe/kat_ten_gb_eth_0/tge_tx_inst/arp_cache_inst/U0/inst_blk_mem_gen/gnbram.gnativebmg.native_blk_mem_gen/valid.cstr/ramloop[0].ram.r/prim_init.ram/addrb[7]) which is driven by a register (ethernet_one_gbe_skarab_loop_tx_one_gbe/kat_ten_gb_eth_0/tge_tx_inst/large_packet_gen.tx_ctrl_fifo_ext/U0/inst_fifo_gen/gconvfifo.rf/grf.rf/gntv_or_sync_fifo.mem/goreg_dm.dout_i_reg[16]) that has an active asychronous set or reset. This may cause corruption of the memory contents and/or read values when the set/reset is asserted and is not analyzed by the default static timing analysis. It is suggested to eliminate the use of a set/reset to registers driving this RAMB pin or else use a synchronous reset in which the assertion of the reset is timed by default.
WARNING: [DRC REQP-1840] RAMB18 async control check: The RAMB18E1 ethernet_one_gbe_skarab_loop_tx_one_gbe/kat_ten_gb_eth_0/tge_tx_inst/arp_cache_inst/U0/inst_blk_mem_gen/gnbram.gnativebmg.native_blk_mem_gen/valid.cstr/ramloop[0].ram.r/prim_init.ram/DEVICE_7SERIES.NO_BMM_INFO.TRUE_DP.SIMPLE_PRIM18.ram has an input control pin ethernet_one_gbe_skarab_loop_tx_one_gbe/kat_ten_gb_eth_0/tge_tx_inst/arp_cache_inst/U0/inst_blk_mem_gen/gnbram.gnativebmg.native_blk_mem_gen/valid.cstr/ramloop[0].ram.r/prim_init.ram/DEVICE_7SERIES.NO_BMM_INFO.TRUE_DP.SIMPLE_PRIM18.ram/ADDRBWRADDR[11] (net: ethernet_one_gbe_skarab_loop_tx_one_gbe/kat_ten_gb_eth_0/tge_tx_inst/arp_cache_inst/U0/inst_blk_mem_gen/gnbram.gnativebmg.native_blk_mem_gen/valid.cstr/ramloop[0].ram.r/prim_init.ram/addrb[7]) which is driven by a register (ethernet_one_gbe_skarab_loop_tx_one_gbe/kat_ten_gb_eth_0/tge_tx_inst/large_packet_gen.tx_ctrl_fifo_ext/U0/inst_fifo_gen/gconvfifo.rf/grf.rf/gntv_or_sync_fifo.mem/goreg_dm.dout_i_reg[17]) that has an active asychronous set or reset. This may cause corruption of the memory contents and/or read values when the set/reset is asserted and is not analyzed by the default static timing analysis. It is suggested to eliminate the use of a set/reset to registers driving this RAMB pin or else use a synchronous reset in which the assertion of the reset is timed by default.
WARNING: [DRC REQP-1840] RAMB18 async control check: The RAMB18E1 ethernet_one_gbe_skarab_loop_tx_one_gbe/kat_ten_gb_eth_0/tge_tx_inst/arp_cache_inst/U0/inst_blk_mem_gen/gnbram.gnativebmg.native_blk_mem_gen/valid.cstr/ramloop[0].ram.r/prim_init.ram/DEVICE_7SERIES.NO_BMM_INFO.TRUE_DP.SIMPLE_PRIM18.ram has an input control pin ethernet_one_gbe_skarab_loop_tx_one_gbe/kat_ten_gb_eth_0/tge_tx_inst/arp_cache_inst/U0/inst_blk_mem_gen/gnbram.gnativebmg.native_blk_mem_gen/valid.cstr/ramloop[0].ram.r/prim_init.ram/DEVICE_7SERIES.NO_BMM_INFO.TRUE_DP.SIMPLE_PRIM18.ram/ADDRBWRADDR[11] (net: ethernet_one_gbe_skarab_loop_tx_one_gbe/kat_ten_gb_eth_0/tge_tx_inst/arp_cache_inst/U0/inst_blk_mem_gen/gnbram.gnativebmg.native_blk_mem_gen/valid.cstr/ramloop[0].ram.r/prim_init.ram/addrb[7]) which is driven by a register (ethernet_one_gbe_skarab_loop_tx_one_gbe/kat_ten_gb_eth_0/tge_tx_inst/large_packet_gen.tx_ctrl_fifo_ext/U0/inst_fifo_gen/gconvfifo.rf/grf.rf/gntv_or_sync_fifo.mem/goreg_dm.dout_i_reg[18]) that has an active asychronous set or reset. This may cause corruption of the memory contents and/or read values when the set/reset is asserted and is not analyzed by the default static timing analysis. It is suggested to eliminate the use of a set/reset to registers driving this RAMB pin or else use a synchronous reset in which the assertion of the reset is timed by default.
WARNING: [DRC REQP-1840] RAMB18 async control check: The RAMB18E1 ethernet_one_gbe_skarab_loop_tx_one_gbe/kat_ten_gb_eth_0/tge_tx_inst/arp_cache_inst/U0/inst_blk_mem_gen/gnbram.gnativebmg.native_blk_mem_gen/valid.cstr/ramloop[0].ram.r/prim_init.ram/DEVICE_7SERIES.NO_BMM_INFO.TRUE_DP.SIMPLE_PRIM18.ram has an input control pin ethernet_one_gbe_skarab_loop_tx_one_gbe/kat_ten_gb_eth_0/tge_tx_inst/arp_cache_inst/U0/inst_blk_mem_gen/gnbram.gnativebmg.native_blk_mem_gen/valid.cstr/ramloop[0].ram.r/prim_init.ram/DEVICE_7SERIES.NO_BMM_INFO.TRUE_DP.SIMPLE_PRIM18.ram/ADDRBWRADDR[11] (net: ethernet_one_gbe_skarab_loop_tx_one_gbe/kat_ten_gb_eth_0/tge_tx_inst/arp_cache_inst/U0/inst_blk_mem_gen/gnbram.gnativebmg.native_blk_mem_gen/valid.cstr/ramloop[0].ram.r/prim_init.ram/addrb[7]) which is driven by a register (ethernet_one_gbe_skarab_loop_tx_one_gbe/kat_ten_gb_eth_0/tge_tx_inst/large_packet_gen.tx_ctrl_fifo_ext/U0/inst_fifo_gen/gconvfifo.rf/grf.rf/gntv_or_sync_fifo.mem/goreg_dm.dout_i_reg[19]) that has an active asychronous set or reset. This may cause corruption of the memory contents and/or read values when the set/reset is asserted and is not analyzed by the default static timing analysis. It is suggested to eliminate the use of a set/reset to registers driving this RAMB pin or else use a synchronous reset in which the assertion of the reset is timed by default.
WARNING: [DRC REQP-1840] RAMB18 async control check: The RAMB18E1 ethernet_one_gbe_skarab_loop_tx_one_gbe/kat_ten_gb_eth_0/tge_tx_inst/arp_cache_inst/U0/inst_blk_mem_gen/gnbram.gnativebmg.native_blk_mem_gen/valid.cstr/ramloop[0].ram.r/prim_init.ram/DEVICE_7SERIES.NO_BMM_INFO.TRUE_DP.SIMPLE_PRIM18.ram has an input control pin ethernet_one_gbe_skarab_loop_tx_one_gbe/kat_ten_gb_eth_0/tge_tx_inst/arp_cache_inst/U0/inst_blk_mem_gen/gnbram.gnativebmg.native_blk_mem_gen/valid.cstr/ramloop[0].ram.r/prim_init.ram/DEVICE_7SERIES.NO_BMM_INFO.TRUE_DP.SIMPLE_PRIM18.ram/ADDRBWRADDR[11] (net: ethernet_one_gbe_skarab_loop_tx_one_gbe/kat_ten_gb_eth_0/tge_tx_inst/arp_cache_inst/U0/inst_blk_mem_gen/gnbram.gnativebmg.native_blk_mem_gen/valid.cstr/ramloop[0].ram.r/prim_init.ram/addrb[7]) which is driven by a register (ethernet_one_gbe_skarab_loop_tx_one_gbe/kat_ten_gb_eth_0/tge_tx_inst/large_packet_gen.tx_ctrl_fifo_ext/U0/inst_fifo_gen/gconvfifo.rf/grf.rf/gntv_or_sync_fifo.mem/goreg_dm.dout_i_reg[1]) that has an active asychronous set or reset. This may cause corruption of the memory contents and/or read values when the set/reset is asserted and is not analyzed by the default static timing analysis. It is suggested to eliminate the use of a set/reset to registers driving this RAMB pin or else use a synchronous reset in which the assertion of the reset is timed by default.
WARNING: [DRC REQP-1840] RAMB18 async control check: The RAMB18E1 ethernet_one_gbe_skarab_loop_tx_one_gbe/kat_ten_gb_eth_0/tge_tx_inst/arp_cache_inst/U0/inst_blk_mem_gen/gnbram.gnativebmg.native_blk_mem_gen/valid.cstr/ramloop[0].ram.r/prim_init.ram/DEVICE_7SERIES.NO_BMM_INFO.TRUE_DP.SIMPLE_PRIM18.ram has an input control pin ethernet_one_gbe_skarab_loop_tx_one_gbe/kat_ten_gb_eth_0/tge_tx_inst/arp_cache_inst/U0/inst_blk_mem_gen/gnbram.gnativebmg.native_blk_mem_gen/valid.cstr/ramloop[0].ram.r/prim_init.ram/DEVICE_7SERIES.NO_BMM_INFO.TRUE_DP.SIMPLE_PRIM18.ram/ADDRBWRADDR[11] (net: ethernet_one_gbe_skarab_loop_tx_one_gbe/kat_ten_gb_eth_0/tge_tx_inst/arp_cache_inst/U0/inst_blk_mem_gen/gnbram.gnativebmg.native_blk_mem_gen/valid.cstr/ramloop[0].ram.r/prim_init.ram/addrb[7]) which is driven by a register (ethernet_one_gbe_skarab_loop_tx_one_gbe/kat_ten_gb_eth_0/tge_tx_inst/large_packet_gen.tx_ctrl_fifo_ext/U0/inst_fifo_gen/gconvfifo.rf/grf.rf/gntv_or_sync_fifo.mem/goreg_dm.dout_i_reg[20]) that has an active asychronous set or reset. This may cause corruption of the memory contents and/or read values when the set/reset is asserted and is not analyzed by the default static timing analysis. It is suggested to eliminate the use of a set/reset to registers driving this RAMB pin or else use a synchronous reset in which the assertion of the reset is timed by default.
WARNING: [DRC REQP-1840] RAMB18 async control check: The RAMB18E1 ethernet_one_gbe_skarab_loop_tx_one_gbe/kat_ten_gb_eth_0/tge_tx_inst/arp_cache_inst/U0/inst_blk_mem_gen/gnbram.gnativebmg.native_blk_mem_gen/valid.cstr/ramloop[0].ram.r/prim_init.ram/DEVICE_7SERIES.NO_BMM_INFO.TRUE_DP.SIMPLE_PRIM18.ram has an input control pin ethernet_one_gbe_skarab_loop_tx_one_gbe/kat_ten_gb_eth_0/tge_tx_inst/arp_cache_inst/U0/inst_blk_mem_gen/gnbram.gnativebmg.native_blk_mem_gen/valid.cstr/ramloop[0].ram.r/prim_init.ram/DEVICE_7SERIES.NO_BMM_INFO.TRUE_DP.SIMPLE_PRIM18.ram/ADDRBWRADDR[11] (net: ethernet_one_gbe_skarab_loop_tx_one_gbe/kat_ten_gb_eth_0/tge_tx_inst/arp_cache_inst/U0/inst_blk_mem_gen/gnbram.gnativebmg.native_blk_mem_gen/valid.cstr/ramloop[0].ram.r/prim_init.ram/addrb[7]) which is driven by a register (ethernet_one_gbe_skarab_loop_tx_one_gbe/kat_ten_gb_eth_0/tge_tx_inst/large_packet_gen.tx_ctrl_fifo_ext/U0/inst_fifo_gen/gconvfifo.rf/grf.rf/gntv_or_sync_fifo.mem/goreg_dm.dout_i_reg[21]) that has an active asychronous set or reset. This may cause corruption of the memory contents and/or read values when the set/reset is asserted and is not analyzed by the default static timing analysis. It is suggested to eliminate the use of a set/reset to registers driving this RAMB pin or else use a synchronous reset in which the assertion of the reset is timed by default.
WARNING: [DRC REQP-1840] RAMB18 async control check: The RAMB18E1 ethernet_one_gbe_skarab_loop_tx_one_gbe/kat_ten_gb_eth_0/tge_tx_inst/arp_cache_inst/U0/inst_blk_mem_gen/gnbram.gnativebmg.native_blk_mem_gen/valid.cstr/ramloop[0].ram.r/prim_init.ram/DEVICE_7SERIES.NO_BMM_INFO.TRUE_DP.SIMPLE_PRIM18.ram has an input control pin ethernet_one_gbe_skarab_loop_tx_one_gbe/kat_ten_gb_eth_0/tge_tx_inst/arp_cache_inst/U0/inst_blk_mem_gen/gnbram.gnativebmg.native_blk_mem_gen/valid.cstr/ramloop[0].ram.r/prim_init.ram/DEVICE_7SERIES.NO_BMM_INFO.TRUE_DP.SIMPLE_PRIM18.ram/ADDRBWRADDR[11] (net: ethernet_one_gbe_skarab_loop_tx_one_gbe/kat_ten_gb_eth_0/tge_tx_inst/arp_cache_inst/U0/inst_blk_mem_gen/gnbram.gnativebmg.native_blk_mem_gen/valid.cstr/ramloop[0].ram.r/prim_init.ram/addrb[7]) which is driven by a register (ethernet_one_gbe_skarab_loop_tx_one_gbe/kat_ten_gb_eth_0/tge_tx_inst/large_packet_gen.tx_ctrl_fifo_ext/U0/inst_fifo_gen/gconvfifo.rf/grf.rf/gntv_or_sync_fifo.mem/goreg_dm.dout_i_reg[22]) that has an active asychronous set or reset. This may cause corruption of the memory contents and/or read values when the set/reset is asserted and is not analyzed by the default static timing analysis. It is suggested to eliminate the use of a set/reset to registers driving this RAMB pin or else use a synchronous reset in which the assertion of the reset is timed by default.
WARNING: [DRC REQP-1840] RAMB18 async control check: The RAMB18E1 ethernet_one_gbe_skarab_loop_tx_one_gbe/kat_ten_gb_eth_0/tge_tx_inst/arp_cache_inst/U0/inst_blk_mem_gen/gnbram.gnativebmg.native_blk_mem_gen/valid.cstr/ramloop[0].ram.r/prim_init.ram/DEVICE_7SERIES.NO_BMM_INFO.TRUE_DP.SIMPLE_PRIM18.ram has an input control pin ethernet_one_gbe_skarab_loop_tx_one_gbe/kat_ten_gb_eth_0/tge_tx_inst/arp_cache_inst/U0/inst_blk_mem_gen/gnbram.gnativebmg.native_blk_mem_gen/valid.cstr/ramloop[0].ram.r/prim_init.ram/DEVICE_7SERIES.NO_BMM_INFO.TRUE_DP.SIMPLE_PRIM18.ram/ADDRBWRADDR[11] (net: ethernet_one_gbe_skarab_loop_tx_one_gbe/kat_ten_gb_eth_0/tge_tx_inst/arp_cache_inst/U0/inst_blk_mem_gen/gnbram.gnativebmg.native_blk_mem_gen/valid.cstr/ramloop[0].ram.r/prim_init.ram/addrb[7]) which is driven by a register (ethernet_one_gbe_skarab_loop_tx_one_gbe/kat_ten_gb_eth_0/tge_tx_inst/large_packet_gen.tx_ctrl_fifo_ext/U0/inst_fifo_gen/gconvfifo.rf/grf.rf/gntv_or_sync_fifo.mem/goreg_dm.dout_i_reg[23]) that has an active asychronous set or reset. This may cause corruption of the memory contents and/or read values when the set/reset is asserted and is not analyzed by the default static timing analysis. It is suggested to eliminate the use of a set/reset to registers driving this RAMB pin or else use a synchronous reset in which the assertion of the reset is timed by default.
WARNING: [DRC REQP-1840] RAMB18 async control check: The RAMB18E1 ethernet_one_gbe_skarab_loop_tx_one_gbe/kat_ten_gb_eth_0/tge_tx_inst/arp_cache_inst/U0/inst_blk_mem_gen/gnbram.gnativebmg.native_blk_mem_gen/valid.cstr/ramloop[0].ram.r/prim_init.ram/DEVICE_7SERIES.NO_BMM_INFO.TRUE_DP.SIMPLE_PRIM18.ram has an input control pin ethernet_one_gbe_skarab_loop_tx_one_gbe/kat_ten_gb_eth_0/tge_tx_inst/arp_cache_inst/U0/inst_blk_mem_gen/gnbram.gnativebmg.native_blk_mem_gen/valid.cstr/ramloop[0].ram.r/prim_init.ram/DEVICE_7SERIES.NO_BMM_INFO.TRUE_DP.SIMPLE_PRIM18.ram/ADDRBWRADDR[11] (net: ethernet_one_gbe_skarab_loop_tx_one_gbe/kat_ten_gb_eth_0/tge_tx_inst/arp_cache_inst/U0/inst_blk_mem_gen/gnbram.gnativebmg.native_blk_mem_gen/valid.cstr/ramloop[0].ram.r/prim_init.ram/addrb[7]) which is driven by a register (ethernet_one_gbe_skarab_loop_tx_one_gbe/kat_ten_gb_eth_0/tge_tx_inst/large_packet_gen.tx_ctrl_fifo_ext/U0/inst_fifo_gen/gconvfifo.rf/grf.rf/gntv_or_sync_fifo.mem/goreg_dm.dout_i_reg[24]) that has an active asychronous set or reset. This may cause corruption of the memory contents and/or read values when the set/reset is asserted and is not analyzed by the default static timing analysis. It is suggested to eliminate the use of a set/reset to registers driving this RAMB pin or else use a synchronous reset in which the assertion of the reset is timed by default.
WARNING: [DRC REQP-1840] RAMB18 async control check: The RAMB18E1 ethernet_one_gbe_skarab_loop_tx_one_gbe/kat_ten_gb_eth_0/tge_tx_inst/arp_cache_inst/U0/inst_blk_mem_gen/gnbram.gnativebmg.native_blk_mem_gen/valid.cstr/ramloop[0].ram.r/prim_init.ram/DEVICE_7SERIES.NO_BMM_INFO.TRUE_DP.SIMPLE_PRIM18.ram has an input control pin ethernet_one_gbe_skarab_loop_tx_one_gbe/kat_ten_gb_eth_0/tge_tx_inst/arp_cache_inst/U0/inst_blk_mem_gen/gnbram.gnativebmg.native_blk_mem_gen/valid.cstr/ramloop[0].ram.r/prim_init.ram/DEVICE_7SERIES.NO_BMM_INFO.TRUE_DP.SIMPLE_PRIM18.ram/ADDRBWRADDR[11] (net: ethernet_one_gbe_skarab_loop_tx_one_gbe/kat_ten_gb_eth_0/tge_tx_inst/arp_cache_inst/U0/inst_blk_mem_gen/gnbram.gnativebmg.native_blk_mem_gen/valid.cstr/ramloop[0].ram.r/prim_init.ram/addrb[7]) which is driven by a register (ethernet_one_gbe_skarab_loop_tx_one_gbe/kat_ten_gb_eth_0/tge_tx_inst/large_packet_gen.tx_ctrl_fifo_ext/U0/inst_fifo_gen/gconvfifo.rf/grf.rf/gntv_or_sync_fifo.mem/goreg_dm.dout_i_reg[25]) that has an active asychronous set or reset. This may cause corruption of the memory contents and/or read values when the set/reset is asserted and is not analyzed by the default static timing analysis. It is suggested to eliminate the use of a set/reset to registers driving this RAMB pin or else use a synchronous reset in which the assertion of the reset is timed by default.
WARNING: [DRC REQP-1840] RAMB18 async control check: The RAMB18E1 ethernet_one_gbe_skarab_loop_tx_one_gbe/kat_ten_gb_eth_0/tge_tx_inst/arp_cache_inst/U0/inst_blk_mem_gen/gnbram.gnativebmg.native_blk_mem_gen/valid.cstr/ramloop[0].ram.r/prim_init.ram/DEVICE_7SERIES.NO_BMM_INFO.TRUE_DP.SIMPLE_PRIM18.ram has an input control pin ethernet_one_gbe_skarab_loop_tx_one_gbe/kat_ten_gb_eth_0/tge_tx_inst/arp_cache_inst/U0/inst_blk_mem_gen/gnbram.gnativebmg.native_blk_mem_gen/valid.cstr/ramloop[0].ram.r/prim_init.ram/DEVICE_7SERIES.NO_BMM_INFO.TRUE_DP.SIMPLE_PRIM18.ram/ADDRBWRADDR[11] (net: ethernet_one_gbe_skarab_loop_tx_one_gbe/kat_ten_gb_eth_0/tge_tx_inst/arp_cache_inst/U0/inst_blk_mem_gen/gnbram.gnativebmg.native_blk_mem_gen/valid.cstr/ramloop[0].ram.r/prim_init.ram/addrb[7]) which is driven by a register (ethernet_one_gbe_skarab_loop_tx_one_gbe/kat_ten_gb_eth_0/tge_tx_inst/large_packet_gen.tx_ctrl_fifo_ext/U0/inst_fifo_gen/gconvfifo.rf/grf.rf/gntv_or_sync_fifo.mem/goreg_dm.dout_i_reg[26]) that has an active asychronous set or reset. This may cause corruption of the memory contents and/or read values when the set/reset is asserted and is not analyzed by the default static timing analysis. It is suggested to eliminate the use of a set/reset to registers driving this RAMB pin or else use a synchronous reset in which the assertion of the reset is timed by default.
WARNING: [DRC REQP-1840] RAMB18 async control check: The RAMB18E1 ethernet_one_gbe_skarab_loop_tx_one_gbe/kat_ten_gb_eth_0/tge_tx_inst/arp_cache_inst/U0/inst_blk_mem_gen/gnbram.gnativebmg.native_blk_mem_gen/valid.cstr/ramloop[0].ram.r/prim_init.ram/DEVICE_7SERIES.NO_BMM_INFO.TRUE_DP.SIMPLE_PRIM18.ram has an input control pin ethernet_one_gbe_skarab_loop_tx_one_gbe/kat_ten_gb_eth_0/tge_tx_inst/arp_cache_inst/U0/inst_blk_mem_gen/gnbram.gnativebmg.native_blk_mem_gen/valid.cstr/ramloop[0].ram.r/prim_init.ram/DEVICE_7SERIES.NO_BMM_INFO.TRUE_DP.SIMPLE_PRIM18.ram/ADDRBWRADDR[11] (net: ethernet_one_gbe_skarab_loop_tx_one_gbe/kat_ten_gb_eth_0/tge_tx_inst/arp_cache_inst/U0/inst_blk_mem_gen/gnbram.gnativebmg.native_blk_mem_gen/valid.cstr/ramloop[0].ram.r/prim_init.ram/addrb[7]) which is driven by a register (ethernet_one_gbe_skarab_loop_tx_one_gbe/kat_ten_gb_eth_0/tge_tx_inst/large_packet_gen.tx_ctrl_fifo_ext/U0/inst_fifo_gen/gconvfifo.rf/grf.rf/gntv_or_sync_fifo.mem/goreg_dm.dout_i_reg[27]) that has an active asychronous set or reset. This may cause corruption of the memory contents and/or read values when the set/reset is asserted and is not analyzed by the default static timing analysis. It is suggested to eliminate the use of a set/reset to registers driving this RAMB pin or else use a synchronous reset in which the assertion of the reset is timed by default.
INFO: [Vivado_Tcl 4-198] DRC finished with 0 Errors, 42 Warnings
INFO: [Vivado_Tcl 4-199] Please refer to the DRC report (report_drc) for more information.

Starting Placer Task
INFO: [Place 30-611] Multithreading enabled for place_design using a maximum of 8 CPUs

Phase 1 Placer Initialization

Phase 1.1 Placer Initialization Netlist Sorting
Netlist sorting complete. Time (s): cpu = 00:00:00 ; elapsed = 00:00:00.01 . Memory (MB): peak = 3782.895 ; gain = 0.000 ; free physical = 43376 ; free virtual = 52368
Phase 1.1 Placer Initialization Netlist Sorting | Checksum: 142b2f9dd

Time (s): cpu = 00:00:00.01 ; elapsed = 00:00:00.03 . Memory (MB): peak = 3782.895 ; gain = 0.000 ; free physical = 43376 ; free virtual = 52368
Netlist sorting complete. Time (s): cpu = 00:00:00 ; elapsed = 00:00:00 . Memory (MB): peak = 3782.895 ; gain = 0.000 ; free physical = 43367 ; free virtual = 52359

Phase 1.2 IO Placement/ Clock Placement/ Build Placer Device
INFO: [Constraints 18-483] create_clock: no pin(s)/port(s)/net(s) specified as objects, only virtual clock 'virtual_emcc_clock' will be created. If you don't want this, please specify pin(s)/ports(s)/net(s) as objects to the command. [/home/valmyrsilva07/virtex7/skarab-virtex7-toolflow/fpgs/ethernet_one_gbe_skarab_control/ethernet_one_gbe_skarab_loop/myproj/myproj.srcs/constrs_1/imports/ethernet_one_gbe_skarab_loop/user_const.xdc:341]
INFO: [Timing 38-35] Done setting XDC timing constraints.
Phase 1.2 IO Placement/ Clock Placement/ Build Placer Device | Checksum: 1552e75d7

Time (s): cpu = 00:00:03 ; elapsed = 00:00:01 . Memory (MB): peak = 3782.895 ; gain = 0.000 ; free physical = 43327 ; free virtual = 52319

Phase 1.3 Build Placer Netlist Model
Phase 1.3 Build Placer Netlist Model | Checksum: 208b198cc

Time (s): cpu = 00:00:06 ; elapsed = 00:00:03 . Memory (MB): peak = 3782.895 ; gain = 0.000 ; free physical = 43287 ; free virtual = 52279

Phase 1.4 Constrain Clocks/Macros
Phase 1.4 Constrain Clocks/Macros | Checksum: 208b198cc

Time (s): cpu = 00:00:06 ; elapsed = 00:00:03 . Memory (MB): peak = 3782.895 ; gain = 0.000 ; free physical = 43287 ; free virtual = 52279
Phase 1 Placer Initialization | Checksum: 208b198cc

Time (s): cpu = 00:00:06 ; elapsed = 00:00:03 . Memory (MB): peak = 3782.895 ; gain = 0.000 ; free physical = 43287 ; free virtual = 52279

Phase 2 Global Placement

Phase 2.1 Floorplanning
Phase 2.1 Floorplanning | Checksum: 2744b9cb8

Time (s): cpu = 00:00:08 ; elapsed = 00:00:04 . Memory (MB): peak = 3782.895 ; gain = 0.000 ; free physical = 43235 ; free virtual = 52227

Phase 2.2 Global Placement Core

Phase 2.2.1 Physical Synthesis In Placer
INFO: [Physopt 32-65] No nets found for high-fanout optimization.
INFO: [Physopt 32-232] Optimized 0 net. Created 0 new instance.
INFO: [Physopt 32-775] End 1 Pass. Optimized 0 net or cell. Created 0 new cell, deleted 0 existing cell and moved 0 existing cell
INFO: [Physopt 32-670] No setup violation found.  DSP Register Optimization was not performed.
INFO: [Physopt 32-670] No setup violation found.  Shift Register Optimization was not performed.
INFO: [Physopt 32-670] No setup violation found.  BRAM Register Optimization was not performed.
INFO: [Physopt 32-949] No candidate nets found for HD net replication
INFO: [Physopt 32-775] End 1 Pass. Optimized 0 net or cell. Created 0 new cell, deleted 0 existing cell and moved 0 existing cell
Netlist sorting complete. Time (s): cpu = 00:00:00 ; elapsed = 00:00:00 . Memory (MB): peak = 3782.895 ; gain = 0.000 ; free physical = 43124 ; free virtual = 52128

Summary of Physical Synthesis Optimizations
============================================


----------------------------------------------------------------------------------------------------------------------------------------
|  Optimization                  |  Added Cells  |  Removed Cells  |  Optimized Cells/Nets  |  Dont Touch  |  Iterations  |  Elapsed   |
----------------------------------------------------------------------------------------------------------------------------------------
|  Very High Fanout              |            0  |              0  |                     0  |           0  |           1  |  00:00:00  |
|  DSP Register                  |            0  |              0  |                     0  |           0  |           0  |  00:00:00  |
|  Shift Register                |            0  |              0  |                     0  |           0  |           0  |  00:00:00  |
|  BRAM Register                 |            0  |              0  |                     0  |           0  |           0  |  00:00:00  |
|  HD Interface Net Replication  |            0  |              0  |                     0  |           0  |           1  |  00:00:00  |
|  Total                         |            0  |              0  |                     0  |           0  |           2  |  00:00:00  |
----------------------------------------------------------------------------------------------------------------------------------------


Phase 2.2.1 Physical Synthesis In Placer | Checksum: 18b5dc0a4

Time (s): cpu = 00:00:37 ; elapsed = 00:00:13 . Memory (MB): peak = 3782.895 ; gain = 0.000 ; free physical = 43125 ; free virtual = 52128
Phase 2.2 Global Placement Core | Checksum: 26bdf5961

Time (s): cpu = 00:00:38 ; elapsed = 00:00:13 . Memory (MB): peak = 3782.895 ; gain = 0.000 ; free physical = 43117 ; free virtual = 52120
Phase 2 Global Placement | Checksum: 26bdf5961

Time (s): cpu = 00:00:38 ; elapsed = 00:00:13 . Memory (MB): peak = 3782.895 ; gain = 0.000 ; free physical = 43137 ; free virtual = 52140

Phase 3 Detail Placement

Phase 3.1 Commit Multi Column Macros
Phase 3.1 Commit Multi Column Macros | Checksum: 27e254449

Time (s): cpu = 00:00:40 ; elapsed = 00:00:14 . Memory (MB): peak = 3782.895 ; gain = 0.000 ; free physical = 43139 ; free virtual = 52141

Phase 3.2 Commit Most Macros & LUTRAMs
Phase 3.2 Commit Most Macros & LUTRAMs | Checksum: 198369a47

Time (s): cpu = 00:00:42 ; elapsed = 00:00:15 . Memory (MB): peak = 3782.895 ; gain = 0.000 ; free physical = 43133 ; free virtual = 52138

Phase 3.3 Area Swap Optimization
Phase 3.3 Area Swap Optimization | Checksum: 15aa1d375

Time (s): cpu = 00:00:43 ; elapsed = 00:00:15 . Memory (MB): peak = 3782.895 ; gain = 0.000 ; free physical = 43133 ; free virtual = 52137

Phase 3.4 Pipeline Register Optimization
Phase 3.4 Pipeline Register Optimization | Checksum: 1b2bab26b

Time (s): cpu = 00:00:43 ; elapsed = 00:00:15 . Memory (MB): peak = 3782.895 ; gain = 0.000 ; free physical = 43132 ; free virtual = 52136

Phase 3.5 Small Shape Detail Placement
Phase 3.5 Small Shape Detail Placement | Checksum: 24093fa27

Time (s): cpu = 00:00:46 ; elapsed = 00:00:18 . Memory (MB): peak = 3782.895 ; gain = 0.000 ; free physical = 43103 ; free virtual = 52106

Phase 3.6 Re-assign LUT pins
Phase 3.6 Re-assign LUT pins | Checksum: 1aaeb4b06

Time (s): cpu = 00:00:46 ; elapsed = 00:00:18 . Memory (MB): peak = 3782.895 ; gain = 0.000 ; free physical = 43052 ; free virtual = 52055

Phase 3.7 Pipeline Register Optimization
Phase 3.7 Pipeline Register Optimization | Checksum: 226d02912

Time (s): cpu = 00:00:46 ; elapsed = 00:00:18 . Memory (MB): peak = 3782.895 ; gain = 0.000 ; free physical = 43050 ; free virtual = 52056
Phase 3 Detail Placement | Checksum: 226d02912

Time (s): cpu = 00:00:46 ; elapsed = 00:00:18 . Memory (MB): peak = 3782.895 ; gain = 0.000 ; free physical = 43048 ; free virtual = 52051

Phase 4 Post Placement Optimization and Clean-Up

Phase 4.1 Post Commit Optimization
INFO: [Constraints 18-483] create_clock: no pin(s)/port(s)/net(s) specified as objects, only virtual clock 'virtual_emcc_clock' will be created. If you don't want this, please specify pin(s)/ports(s)/net(s) as objects to the command. [/home/valmyrsilva07/virtex7/skarab-virtex7-toolflow/fpgs/ethernet_one_gbe_skarab_control/ethernet_one_gbe_skarab_loop/myproj/myproj.srcs/constrs_1/imports/ethernet_one_gbe_skarab_loop/user_const.xdc:341]
INFO: [Timing 38-35] Done setting XDC timing constraints.

Phase 4.1.1 Post Placement Optimization
Post Placement Optimization Initialization | Checksum: 15d875a83

Phase 4.1.1.1 BUFG Insertion
INFO: [Place 46-33] Processed net skarab_infr/bsp_fpga_rst, BUFG insertion was skipped due to placement/routing conflicts.
INFO: [Place 46-56] BUFG insertion identified 1 candidate nets. Inserted BUFG: 0, Replicated BUFG Driver: 0, Skipped due to Placement/Routing Conflicts: 1, Skipped due to Timing Degradation: 0, Skipped due to Illegal Netlist: 0.
Phase 4.1.1.1 BUFG Insertion | Checksum: 15d875a83

Time (s): cpu = 00:00:50 ; elapsed = 00:00:20 . Memory (MB): peak = 3782.895 ; gain = 0.000 ; free physical = 43057 ; free virtual = 52063
INFO: [Place 30-746] Post Placement Timing Summary WNS=0.833. For the most accurate timing information please run report_timing.
Phase 4.1.1 Post Placement Optimization | Checksum: 18d93ff94

Time (s): cpu = 00:00:50 ; elapsed = 00:00:20 . Memory (MB): peak = 3782.895 ; gain = 0.000 ; free physical = 43057 ; free virtual = 52063
Phase 4.1 Post Commit Optimization | Checksum: 18d93ff94

Time (s): cpu = 00:00:50 ; elapsed = 00:00:20 . Memory (MB): peak = 3782.895 ; gain = 0.000 ; free physical = 43062 ; free virtual = 52068

Phase 4.2 Post Placement Cleanup
Phase 4.2 Post Placement Cleanup | Checksum: 18d93ff94

Time (s): cpu = 00:00:51 ; elapsed = 00:00:20 . Memory (MB): peak = 3782.895 ; gain = 0.000 ; free physical = 43077 ; free virtual = 52082

Phase 4.3 Placer Reporting
Phase 4.3 Placer Reporting | Checksum: 18d93ff94

Time (s): cpu = 00:00:51 ; elapsed = 00:00:20 . Memory (MB): peak = 3782.895 ; gain = 0.000 ; free physical = 43077 ; free virtual = 52083

Phase 4.4 Final Placement Cleanup
Netlist sorting complete. Time (s): cpu = 00:00:00 ; elapsed = 00:00:00.01 . Memory (MB): peak = 3782.895 ; gain = 0.000 ; free physical = 43077 ; free virtual = 52083
Phase 4.4 Final Placement Cleanup | Checksum: 105868336

Time (s): cpu = 00:00:51 ; elapsed = 00:00:20 . Memory (MB): peak = 3782.895 ; gain = 0.000 ; free physical = 43077 ; free virtual = 52083
Phase 4 Post Placement Optimization and Clean-Up | Checksum: 105868336

Time (s): cpu = 00:00:51 ; elapsed = 00:00:20 . Memory (MB): peak = 3782.895 ; gain = 0.000 ; free physical = 43077 ; free virtual = 52082
Ending Placer Task | Checksum: 565402df

Time (s): cpu = 00:00:51 ; elapsed = 00:00:20 . Memory (MB): peak = 3782.895 ; gain = 0.000 ; free physical = 43077 ; free virtual = 52082
INFO: [Common 17-83] Releasing license: Implementation
77 Infos, 42 Warnings, 0 Critical Warnings and 0 Errors encountered.
place_design completed successfully
place_design: Time (s): cpu = 00:00:52 ; elapsed = 00:00:21 . Memory (MB): peak = 3782.895 ; gain = 0.000 ; free physical = 43202 ; free virtual = 52207
Netlist sorting complete. Time (s): cpu = 00:00:00.01 ; elapsed = 00:00:00 . Memory (MB): peak = 3782.895 ; gain = 0.000 ; free physical = 43203 ; free virtual = 52209
INFO: [Timing 38-480] Writing timing data to binary archive.
Writing placer database...
Writing XDEF routing.
Writing XDEF routing logical nets.
Writing XDEF routing special nets.
Write XDEF Complete: Time (s): cpu = 00:00:02 ; elapsed = 00:00:00.53 . Memory (MB): peak = 3782.895 ; gain = 0.000 ; free physical = 43147 ; free virtual = 52194
INFO: [Common 17-1381] The checkpoint '/home/valmyrsilva07/virtex7/skarab-virtex7-toolflow/fpgs/ethernet_one_gbe_skarab_control/ethernet_one_gbe_skarab_loop/myproj/myproj.runs/impl_1/top_placed.dcp' has been generated.
INFO: [runtcl-4] Executing : report_io -file top_io_placed.rpt
report_io: Time (s): cpu = 00:00:00.12 ; elapsed = 00:00:00.18 . Memory (MB): peak = 3782.895 ; gain = 0.000 ; free physical = 43146 ; free virtual = 52163
INFO: [runtcl-4] Executing : report_utilization -file top_utilization_placed.rpt -pb top_utilization_placed.pb
INFO: [runtcl-4] Executing : report_control_sets -verbose -file top_control_sets_placed.rpt
report_control_sets: Time (s): cpu = 00:00:00.21 ; elapsed = 00:00:00.24 . Memory (MB): peak = 3782.895 ; gain = 0.000 ; free physical = 43189 ; free virtual = 52200
Command: phys_opt_design
Attempting to get a license for feature 'Implementation' and/or device 'xc7vx690t'
INFO: [Common 17-349] Got license for feature 'Implementation' and/or device 'xc7vx690t'
INFO: [Vivado_Tcl 4-383] Design worst setup slack (WNS) is greater than or equal to 0.250 ns. Skipping all physical synthesis optimizations.
INFO: [Vivado_Tcl 4-232] No setup violation found. The netlist was not modified.
INFO: [Common 17-83] Releasing license: Implementation
86 Infos, 42 Warnings, 0 Critical Warnings and 0 Errors encountered.
phys_opt_design completed successfully
Netlist sorting complete. Time (s): cpu = 00:00:00 ; elapsed = 00:00:00 . Memory (MB): peak = 3782.895 ; gain = 0.000 ; free physical = 43160 ; free virtual = 52171
INFO: [Timing 38-480] Writing timing data to binary archive.
Writing placer database...
Writing XDEF routing.
Writing XDEF routing logical nets.
Writing XDEF routing special nets.
Write XDEF Complete: Time (s): cpu = 00:00:02 ; elapsed = 00:00:00.54 . Memory (MB): peak = 3782.895 ; gain = 0.000 ; free physical = 43103 ; free virtual = 52152
INFO: [Common 17-1381] The checkpoint '/home/valmyrsilva07/virtex7/skarab-virtex7-toolflow/fpgs/ethernet_one_gbe_skarab_control/ethernet_one_gbe_skarab_loop/myproj/myproj.runs/impl_1/top_physopt.dcp' has been generated.
Command: route_design
Attempting to get a license for feature 'Implementation' and/or device 'xc7vx690t'
INFO: [Common 17-349] Got license for feature 'Implementation' and/or device 'xc7vx690t'
Running DRC as a precondition to command route_design
INFO: [DRC 23-27] Running DRC with 8 threads
INFO: [Vivado_Tcl 4-198] DRC finished with 0 Errors
INFO: [Vivado_Tcl 4-199] Please refer to the DRC report (report_drc) for more information.


Starting Routing Task
INFO: [Route 35-254] Multithreading enabled for route_design using a maximum of 8 CPUs
Checksum: PlaceDB: 51fd5ff4 ConstDB: 0 ShapeSum: 456a2eb RouteDB: 0

Phase 1 Build RT Design
Phase 1 Build RT Design | Checksum: 10339a2e4

Time (s): cpu = 00:00:34 ; elapsed = 00:00:22 . Memory (MB): peak = 3782.895 ; gain = 0.000 ; free physical = 42697 ; free virtual = 51732
Post Restoration Checksum: NetGraph: a5f37c98 NumContArr: 5d46264c Constraints: 0 Timing: 0

Phase 2 Router Initialization

Phase 2.1 Create Timer
Phase 2.1 Create Timer | Checksum: 10339a2e4

Time (s): cpu = 00:00:34 ; elapsed = 00:00:22 . Memory (MB): peak = 3782.895 ; gain = 0.000 ; free physical = 42707 ; free virtual = 51741

Phase 2.2 Fix Topology Constraints
Phase 2.2 Fix Topology Constraints | Checksum: 10339a2e4

Time (s): cpu = 00:00:34 ; elapsed = 00:00:22 . Memory (MB): peak = 3782.895 ; gain = 0.000 ; free physical = 42636 ; free virtual = 51671

Phase 2.3 Pre Route Cleanup
Phase 2.3 Pre Route Cleanup | Checksum: 10339a2e4

Time (s): cpu = 00:00:34 ; elapsed = 00:00:22 . Memory (MB): peak = 3782.895 ; gain = 0.000 ; free physical = 42636 ; free virtual = 51671
 Number of Nodes with overlaps = 0

Phase 2.4 Update Timing
Phase 2.4 Update Timing | Checksum: f743eabc

Time (s): cpu = 00:00:42 ; elapsed = 00:00:29 . Memory (MB): peak = 4010.934 ; gain = 228.039 ; free physical = 42588 ; free virtual = 51630
INFO: [Route 35-416] Intermediate Timing Summary | WNS=0.915  | TNS=0.000  | WHS=-0.510 | THS=-1419.588|


Phase 2.5 Update Timing for Bus Skew

Phase 2.5.1 Update Timing
Phase 2.5.1 Update Timing | Checksum: 19dfb8102

Time (s): cpu = 00:00:46 ; elapsed = 00:00:30 . Memory (MB): peak = 4010.934 ; gain = 228.039 ; free physical = 42569 ; free virtual = 51611
INFO: [Route 35-416] Intermediate Timing Summary | WNS=0.915  | TNS=0.000  | WHS=N/A    | THS=N/A    |

Phase 2.5 Update Timing for Bus Skew | Checksum: f3e15fff

Time (s): cpu = 00:00:46 ; elapsed = 00:00:30 . Memory (MB): peak = 4010.934 ; gain = 228.039 ; free physical = 42568 ; free virtual = 51611
Phase 2 Router Initialization | Checksum: 1fd7c3355

Time (s): cpu = 00:00:46 ; elapsed = 00:00:30 . Memory (MB): peak = 4010.934 ; gain = 228.039 ; free physical = 42566 ; free virtual = 51609

Router Utilization Summary
  Global Vertical Routing Utilization    = 0 %
  Global Horizontal Routing Utilization  = 0 %
  Routable Net Status*
  *Does not include unroutable nets such as driverless and loadless.
  Run report_route_status for detailed report.
  Number of Failed Nets               = 23231
    (Failed Nets is the sum of unrouted and partially routed nets)
  Number of Unrouted Nets             = 23230
  Number of Partially Routed Nets     = 1
  Number of Node Overlaps             = 0


Phase 3 Initial Routing
Phase 3 Initial Routing | Checksum: 21f6f5b72

Time (s): cpu = 00:01:18 ; elapsed = 00:00:45 . Memory (MB): peak = 4013.934 ; gain = 231.039 ; free physical = 42419 ; free virtual = 51451

Phase 4 Rip-up And Reroute

Phase 4.1 Global Iteration 0
 Number of Nodes with overlaps = 2460
 Number of Nodes with overlaps = 192
 Number of Nodes with overlaps = 7
 Number of Nodes with overlaps = 1
 Number of Nodes with overlaps = 0
INFO: [Route 35-416] Intermediate Timing Summary | WNS=0.425  | TNS=0.000  | WHS=N/A    | THS=N/A    |

Phase 4.1 Global Iteration 0 | Checksum: 1b2ba9950

Time (s): cpu = 00:01:27 ; elapsed = 00:00:49 . Memory (MB): peak = 4013.934 ; gain = 231.039 ; free physical = 42439 ; free virtual = 51468
Phase 4 Rip-up And Reroute | Checksum: 1b2ba9950

Time (s): cpu = 00:01:27 ; elapsed = 00:00:49 . Memory (MB): peak = 4013.934 ; gain = 231.039 ; free physical = 42440 ; free virtual = 51469

Phase 5 Delay and Skew Optimization

Phase 5.1 Delay CleanUp
Phase 5.1 Delay CleanUp | Checksum: 1b2ba9950

Time (s): cpu = 00:01:27 ; elapsed = 00:00:49 . Memory (MB): peak = 4013.934 ; gain = 231.039 ; free physical = 42440 ; free virtual = 51469

Phase 5.2 Clock Skew Optimization
Phase 5.2 Clock Skew Optimization | Checksum: 1b2ba9950

Time (s): cpu = 00:01:27 ; elapsed = 00:00:49 . Memory (MB): peak = 4013.934 ; gain = 231.039 ; free physical = 42440 ; free virtual = 51469
Phase 5 Delay and Skew Optimization | Checksum: 1b2ba9950

Time (s): cpu = 00:01:27 ; elapsed = 00:00:49 . Memory (MB): peak = 4013.934 ; gain = 231.039 ; free physical = 42440 ; free virtual = 51469

Phase 6 Post Hold Fix

Phase 6.1 Hold Fix Iter

Phase 6.1.1 Update Timing
Phase 6.1.1 Update Timing | Checksum: 1d7150241

Time (s): cpu = 00:01:28 ; elapsed = 00:00:49 . Memory (MB): peak = 4013.934 ; gain = 231.039 ; free physical = 42435 ; free virtual = 51464
INFO: [Route 35-416] Intermediate Timing Summary | WNS=0.519  | TNS=0.000  | WHS=-0.690 | THS=-7.620 |

Phase 6.1 Hold Fix Iter | Checksum: 9d86266e

Time (s): cpu = 00:01:29 ; elapsed = 00:00:49 . Memory (MB): peak = 4013.934 ; gain = 231.039 ; free physical = 42417 ; free virtual = 51445
Phase 6 Post Hold Fix | Checksum: 151d04052

Time (s): cpu = 00:01:29 ; elapsed = 00:00:49 . Memory (MB): peak = 4013.934 ; gain = 231.039 ; free physical = 42415 ; free virtual = 51443

Phase 7 Route finalize

Router Utilization Summary
  Global Vertical Routing Utilization    = 1.03693 %
  Global Horizontal Routing Utilization  = 1.15618 %
  Routable Net Status*
  *Does not include unroutable nets such as driverless and loadless.
  Run report_route_status for detailed report.
  Number of Failed Nets               = 0
    (Failed Nets is the sum of unrouted and partially routed nets)
  Number of Unrouted Nets             = 0
  Number of Partially Routed Nets     = 0
  Number of Node Overlaps             = 0

Phase 7 Route finalize | Checksum: 11d075a59

Time (s): cpu = 00:01:29 ; elapsed = 00:00:50 . Memory (MB): peak = 4013.934 ; gain = 231.039 ; free physical = 42408 ; free virtual = 51437

Phase 8 Verifying routed nets

 Verification completed successfully
Phase 8 Verifying routed nets | Checksum: 11d075a59

Time (s): cpu = 00:01:29 ; elapsed = 00:00:50 . Memory (MB): peak = 4013.934 ; gain = 231.039 ; free physical = 42406 ; free virtual = 51434

Phase 9 Depositing Routes
Phase 9 Depositing Routes | Checksum: ac7b2fd4

Time (s): cpu = 00:01:30 ; elapsed = 00:00:50 . Memory (MB): peak = 4013.934 ; gain = 231.039 ; free physical = 42411 ; free virtual = 51441

Phase 10 Post Router Timing

Phase 10.1 Update Timing
Phase 10.1 Update Timing | Checksum: 100ab0f3d

Time (s): cpu = 00:01:31 ; elapsed = 00:00:51 . Memory (MB): peak = 4013.934 ; gain = 231.039 ; free physical = 42415 ; free virtual = 51444
INFO: [Route 35-57] Estimated Timing Summary | WNS=0.519  | TNS=0.000  | WHS=0.053  | THS=0.000  |

INFO: [Route 35-327] The final timing numbers are based on the router estimated timing analysis. For a complete and accurate timing signoff, please run report_timing_summary.
Phase 10 Post Router Timing | Checksum: 100ab0f3d

Time (s): cpu = 00:01:31 ; elapsed = 00:00:51 . Memory (MB): peak = 4013.934 ; gain = 231.039 ; free physical = 42423 ; free virtual = 51446
INFO: [Route 35-16] Router Completed Successfully

Time (s): cpu = 00:01:31 ; elapsed = 00:00:51 . Memory (MB): peak = 4013.934 ; gain = 231.039 ; free physical = 42548 ; free virtual = 51572

Routing Is Done.
INFO: [Common 17-83] Releasing license: Implementation
101 Infos, 42 Warnings, 0 Critical Warnings and 0 Errors encountered.
route_design completed successfully
route_design: Time (s): cpu = 00:01:33 ; elapsed = 00:00:51 . Memory (MB): peak = 4013.934 ; gain = 231.039 ; free physical = 42548 ; free virtual = 51572
Netlist sorting complete. Time (s): cpu = 00:00:00 ; elapsed = 00:00:00.01 . Memory (MB): peak = 4013.934 ; gain = 0.000 ; free physical = 42548 ; free virtual = 51571
INFO: [Timing 38-480] Writing timing data to binary archive.
Writing placer database...
Writing XDEF routing.
Writing XDEF routing logical nets.
Writing XDEF routing special nets.
Write XDEF Complete: Time (s): cpu = 00:00:02 ; elapsed = 00:00:00.62 . Memory (MB): peak = 4013.934 ; gain = 0.000 ; free physical = 42484 ; free virtual = 51560
INFO: [Common 17-1381] The checkpoint '/home/valmyrsilva07/virtex7/skarab-virtex7-toolflow/fpgs/ethernet_one_gbe_skarab_control/ethernet_one_gbe_skarab_loop/myproj/myproj.runs/impl_1/top_routed.dcp' has been generated.
INFO: [runtcl-4] Executing : report_drc -file top_drc_routed.rpt -pb top_drc_routed.pb -rpx top_drc_routed.rpx
Command: report_drc -file top_drc_routed.rpt -pb top_drc_routed.pb -rpx top_drc_routed.rpx
INFO: [IP_Flow 19-1839] IP Catalog is up to date.
INFO: [DRC 23-27] Running DRC with 8 threads
INFO: [Coretcl 2-168] The results of DRC are in file /home/valmyrsilva07/virtex7/skarab-virtex7-toolflow/fpgs/ethernet_one_gbe_skarab_control/ethernet_one_gbe_skarab_loop/myproj/myproj.runs/impl_1/top_drc_routed.rpt.
report_drc completed successfully
INFO: [runtcl-4] Executing : report_methodology -file top_methodology_drc_routed.rpt -pb top_methodology_drc_routed.pb -rpx top_methodology_drc_routed.rpx
Command: report_methodology -file top_methodology_drc_routed.rpt -pb top_methodology_drc_routed.pb -rpx top_methodology_drc_routed.rpx
INFO: [Constraints 18-483] create_clock: no pin(s)/port(s)/net(s) specified as objects, only virtual clock 'virtual_emcc_clock' will be created. If you don't want this, please specify pin(s)/ports(s)/net(s) as objects to the command. [/home/valmyrsilva07/virtex7/skarab-virtex7-toolflow/fpgs/ethernet_one_gbe_skarab_control/ethernet_one_gbe_skarab_loop/myproj/myproj.srcs/constrs_1/imports/ethernet_one_gbe_skarab_loop/user_const.xdc:341]
INFO: [Timing 38-35] Done setting XDC timing constraints.
INFO: [DRC 23-133] Running Methodology with 8 threads
INFO: [Coretcl 2-1520] The results of Report Methodology are in file /home/valmyrsilva07/virtex7/skarab-virtex7-toolflow/fpgs/ethernet_one_gbe_skarab_control/ethernet_one_gbe_skarab_loop/myproj/myproj.runs/impl_1/top_methodology_drc_routed.rpt.
report_methodology completed successfully
INFO: [runtcl-4] Executing : report_power -file top_power_routed.rpt -pb top_power_summary_routed.pb -rpx top_power_routed.rpx
Command: report_power -file top_power_routed.rpt -pb top_power_summary_routed.pb -rpx top_power_routed.rpx
INFO: [Power 33-23] Power model is not available for DNA_PORT_inst
INFO: [Power 33-23] Power model is not available for USR_ACCESSE2_0
INFO: [Constraints 18-483] create_clock: no pin(s)/port(s)/net(s) specified as objects, only virtual clock 'virtual_emcc_clock' will be created. If you don't want this, please specify pin(s)/ports(s)/net(s) as objects to the command. [/home/valmyrsilva07/virtex7/skarab-virtex7-toolflow/fpgs/ethernet_one_gbe_skarab_control/ethernet_one_gbe_skarab_loop/myproj/myproj.srcs/constrs_1/imports/ethernet_one_gbe_skarab_loop/user_const.xdc:341]
INFO: [Timing 38-35] Done setting XDC timing constraints.
Running Vector-less Activity Propagation...

Finished Running Vector-less Activity Propagation
WARNING: [Power 33-332] Found switching activity that implies high-fanout reset nets being asserted for excessive periods of time which may result in inaccurate power analysis.
Resolution: To review and fix problems, please run Power Constraints Advisor in the GUI from Tools > Power Constraints Advisor or run report_power with the -advisory option to generate a text report.
117 Infos, 43 Warnings, 0 Critical Warnings and 0 Errors encountered.
report_power completed successfully
INFO: [runtcl-4] Executing : report_route_status -file top_route_status.rpt -pb top_route_status.pb
INFO: [runtcl-4] Executing : report_timing_summary -max_paths 10 -file top_timing_summary_routed.rpt -pb top_timing_summary_routed.pb -rpx top_timing_summary_routed.rpx
INFO: [Timing 38-91] UpdateTimingParams: Speed grade: -2, Delay Type: min_max.
INFO: [Timing 38-191] Multithreading enabled for timing update using a maximum of 8 CPUs
WARNING: [Timing 38-436] There are set_bus_skew constraint(s) in this design. Please run report_bus_skew to ensure that bus skew requirements are met.
INFO: [runtcl-4] Executing : report_incremental_reuse -file top_incremental_reuse_routed.rpt
INFO: [Vivado_Tcl 4-1062] Incremental flow is disabled. No incremental reuse Info to report.
INFO: [runtcl-4] Executing : report_clock_utilization -file top_clock_utilization_routed.rpt
INFO: [runtcl-4] Executing : report_bus_skew -warn_on_violation -file top_bus_skew_routed.rpt -pb top_bus_skew_routed.pb -rpx top_bus_skew_routed.rpx
INFO: [Timing 38-91] UpdateTimingParams: Speed grade: -2, Delay Type: min_max.
INFO: [Timing 38-191] Multithreading enabled for timing update using a maximum of 8 CPUs
Command: phys_opt_design
Attempting to get a license for feature 'Implementation' and/or device 'xc7vx690t'
INFO: [Common 17-349] Got license for feature 'Implementation' and/or device 'xc7vx690t'
INFO: [Vivado_Tcl 4-241] Physical synthesis in post route mode ( 100.0% nets are fully routed)
INFO: [Vivado_Tcl 4-383] Design worst setup slack (WNS) is greater than or equal to 0.000 ns. Skipping all physical synthesis optimizations.
INFO: [Vivado_Tcl 4-232] No setup violation found. The netlist was not modified.
INFO: [Common 17-83] Releasing license: Implementation
132 Infos, 44 Warnings, 0 Critical Warnings and 0 Errors encountered.
phys_opt_design completed successfully
Netlist sorting complete. Time (s): cpu = 00:00:00.01 ; elapsed = 00:00:00 . Memory (MB): peak = 4093.973 ; gain = 0.000 ; free physical = 42651 ; free virtual = 51708
INFO: [Timing 38-480] Writing timing data to binary archive.
Writing placer database...
Writing XDEF routing.
Writing XDEF routing logical nets.
Writing XDEF routing special nets.
Write XDEF Complete: Time (s): cpu = 00:00:02 ; elapsed = 00:00:00.61 . Memory (MB): peak = 4093.973 ; gain = 0.000 ; free physical = 42560 ; free virtual = 51676
INFO: [Common 17-1381] The checkpoint '/home/valmyrsilva07/virtex7/skarab-virtex7-toolflow/fpgs/ethernet_one_gbe_skarab_control/ethernet_one_gbe_skarab_loop/myproj/myproj.runs/impl_1/top_postroute_physopt.dcp' has been generated.
INFO: [runtcl-4] Executing : report_timing_summary -max_paths 10 -warn_on_violation -file top_timing_summary_postroute_physopted.rpt -pb top_timing_summary_postroute_physopted.pb -rpx top_timing_summary_postroute_physopted.rpx
INFO: [Timing 38-91] UpdateTimingParams: Speed grade: -2, Delay Type: min_max.
INFO: [Timing 38-191] Multithreading enabled for timing update using a maximum of 8 CPUs
WARNING: [Timing 38-436] There are set_bus_skew constraint(s) in this design. Please run report_bus_skew to ensure that bus skew requirements are met.
INFO: [runtcl-4] Executing : report_bus_skew -warn_on_violation -file top_bus_skew_postroute_physopted.rpt -pb top_bus_skew_postroute_physopted.pb -rpx top_bus_skew_postroute_physopted.rpx
INFO: [Timing 38-91] UpdateTimingParams: Speed grade: -2, Delay Type: min_max.
INFO: [Timing 38-191] Multithreading enabled for timing update using a maximum of 8 CPUs
INFO: [Common 17-206] Exiting Vivado at Sat Aug  1 19:46:28 2026...

*** Running vivado
    with args -log top.vdi -applog -m64 -product Vivado -messageDb vivado.pb -mode batch -source top.tcl -notrace


****** Vivado v2019.1 (64-bit)
  **** SW Build 2552052 on Fri May 24 14:47:09 MDT 2019
  **** IP Build 2548770 on Fri May 24 18:01:18 MDT 2019
    ** Copyright 1986-2019 Xilinx, Inc. All Rights Reserved.

WARNING: [Runs 36-547] Tool Strategy 'Vivado Implementation Defaults' from file '/tools/Xilinx/Vivado/2019.1/strategies/VDI2015.psg' discarded because strategy with same name already parsed from '/tools/Xilinx/Vivado/2019.1/strategies/VDI2015.psg'
WARNING: [Runs 36-547] Tool Strategy 'Performance_Explore' from file '/tools/Xilinx/Vivado/2019.1/strategies/VDI2015.psg' discarded because strategy with same name already parsed from '/tools/Xilinx/Vivado/2019.1/strategies/VDI2015.psg'
WARNING: [Runs 36-547] Tool Strategy 'Performance_ExplorePostRoutePhysOpt' from file '/tools/Xilinx/Vivado/2019.1/strategies/VDI2015.psg' discarded because strategy with same name already parsed from '/tools/Xilinx/Vivado/2019.1/strategies/VDI2015.psg'
WARNING: [Runs 36-547] Tool Strategy 'Performance_RefinePlacement' from file '/tools/Xilinx/Vivado/2019.1/strategies/VDI2015.psg' discarded because strategy with same name already parsed from '/tools/Xilinx/Vivado/2019.1/strategies/VDI2015.psg'
WARNING: [Runs 36-547] Tool Strategy 'Performance_WLBlockPlacement' from file '/tools/Xilinx/Vivado/2019.1/strategies/VDI2015.psg' discarded because strategy with same name already parsed from '/tools/Xilinx/Vivado/2019.1/strategies/VDI2015.psg'
WARNING: [Runs 36-547] Tool Strategy 'Performance_WLBlockPlacementFanoutOpt' from file '/tools/Xilinx/Vivado/2019.1/strategies/VDI2015.psg' discarded because strategy with same name already parsed from '/tools/Xilinx/Vivado/2019.1/strategies/VDI2015.psg'
WARNING: [Runs 36-547] Tool Strategy 'Performance_NetDelay_high' from file '/tools/Xilinx/Vivado/2019.1/strategies/VDI2015.psg' discarded because strategy with same name already parsed from '/tools/Xilinx/Vivado/2019.1/strategies/VDI2015.psg'
WARNING: [Runs 36-547] Tool Strategy 'Performance_NetDelay_medium' from file '/tools/Xilinx/Vivado/2019.1/strategies/VDI2015.psg' discarded because strategy with same name already parsed from '/tools/Xilinx/Vivado/2019.1/strategies/VDI2015.psg'
WARNING: [Runs 36-547] Tool Strategy 'Performance_NetDelay_low' from file '/tools/Xilinx/Vivado/2019.1/strategies/VDI2015.psg' discarded because strategy with same name already parsed from '/tools/Xilinx/Vivado/2019.1/strategies/VDI2015.psg'
WARNING: [Runs 36-547] Tool Strategy 'Performance_ExploreSLLs' from file '/tools/Xilinx/Vivado/2019.1/strategies/VDI2015.psg' discarded because strategy with same name already parsed from '/tools/Xilinx/Vivado/2019.1/strategies/VDI2015.psg'
WARNING: [Runs 36-547] Tool Strategy 'Performance_Retiming' from file '/tools/Xilinx/Vivado/2019.1/strategies/VDI2015.psg' discarded because strategy with same name already parsed from '/tools/Xilinx/Vivado/2019.1/strategies/VDI2015.psg'
WARNING: [Runs 36-547] Tool Strategy 'Area_Explore' from file '/tools/Xilinx/Vivado/2019.1/strategies/VDI2015.psg' discarded because strategy with same name already parsed from '/tools/Xilinx/Vivado/2019.1/strategies/VDI2015.psg'
WARNING: [Runs 36-547] Tool Strategy 'Power_DefaultOpt' from file '/tools/Xilinx/Vivado/2019.1/strategies/VDI2015.psg' discarded because strategy with same name already parsed from '/tools/Xilinx/Vivado/2019.1/strategies/VDI2015.psg'
WARNING: [Runs 36-547] Tool Strategy 'Flow_RunPhysOpt' from file '/tools/Xilinx/Vivado/2019.1/strategies/VDI2015.psg' discarded because strategy with same name already parsed from '/tools/Xilinx/Vivado/2019.1/strategies/VDI2015.psg'
WARNING: [Runs 36-547] Tool Strategy 'Flow_RunPostRoutePhysOpt' from file '/tools/Xilinx/Vivado/2019.1/strategies/VDI2015.psg' discarded because strategy with same name already parsed from '/tools/Xilinx/Vivado/2019.1/strategies/VDI2015.psg'
WARNING: [Runs 36-547] Tool Strategy 'Flow_RuntimeOptimized' from file '/tools/Xilinx/Vivado/2019.1/strategies/VDI2015.psg' discarded because strategy with same name already parsed from '/tools/Xilinx/Vivado/2019.1/strategies/VDI2015.psg'
WARNING: [Runs 36-547] Tool Strategy 'Flow_Quick' from file '/tools/Xilinx/Vivado/2019.1/strategies/VDI2015.psg' discarded because strategy with same name already parsed from '/tools/Xilinx/Vivado/2019.1/strategies/VDI2015.psg'
WARNING: [Runs 36-547] Tool Strategy 'Congestion_SpreadLogic_high' from file '/tools/Xilinx/Vivado/2019.1/strategies/VDI2015.psg' discarded because strategy with same name already parsed from '/tools/Xilinx/Vivado/2019.1/strategies/VDI2015.psg'
WARNING: [Runs 36-547] Tool Strategy 'Congestion_SpreadLogic_medium' from file '/tools/Xilinx/Vivado/2019.1/strategies/VDI2015.psg' discarded because strategy with same name already parsed from '/tools/Xilinx/Vivado/2019.1/strategies/VDI2015.psg'
WARNING: [Runs 36-547] Tool Strategy 'Congestion_SpreadLogic_low' from file '/tools/Xilinx/Vivado/2019.1/strategies/VDI2015.psg' discarded because strategy with same name already parsed from '/tools/Xilinx/Vivado/2019.1/strategies/VDI2015.psg'
WARNING: [Runs 36-547] Tool Strategy 'Congestion_SpreadLogicSLLs' from file '/tools/Xilinx/Vivado/2019.1/strategies/VDI2015.psg' discarded because strategy with same name already parsed from '/tools/Xilinx/Vivado/2019.1/strategies/VDI2015.psg'
WARNING: [Runs 36-547] Tool Strategy 'Congestion_BalanceSLLs' from file '/tools/Xilinx/Vivado/2019.1/strategies/VDI2015.psg' discarded because strategy with same name already parsed from '/tools/Xilinx/Vivado/2019.1/strategies/VDI2015.psg'
WARNING: [Runs 36-547] Tool Strategy 'Congestion_BalanceSLRs' from file '/tools/Xilinx/Vivado/2019.1/strategies/VDI2015.psg' discarded because strategy with same name already parsed from '/tools/Xilinx/Vivado/2019.1/strategies/VDI2015.psg'
WARNING: [Runs 36-547] Tool Strategy 'Congestion_CompressSLRs' from file '/tools/Xilinx/Vivado/2019.1/strategies/VDI2015.psg' discarded because strategy with same name already parsed from '/tools/Xilinx/Vivado/2019.1/strategies/VDI2015.psg'
WARNING: [Runs 36-547] Tool Strategy 'Vivado Synthesis Defaults' from file '/tools/Xilinx/Vivado/2019.1/strategies/VDS2012.psg' discarded because strategy with same name already parsed from '/tools/Xilinx/Vivado/2019.1/strategies/VDS2012.psg'
WARNING: [Runs 36-547] Tool Strategy 'Vivado Implementation Defaults' from file '/tools/Xilinx/Vivado/2019.1/strategies/VDI2012.psg' discarded because strategy with same name already parsed from '/tools/Xilinx/Vivado/2019.1/strategies/VDI2012.psg'
WARNING: [Runs 36-547] Tool Strategy 'HighEffort' from file '/tools/Xilinx/Vivado/2019.1/strategies/VDI2012.psg' discarded because strategy with same name already parsed from '/tools/Xilinx/Vivado/2019.1/strategies/VDI2012.psg'
WARNING: [Runs 36-547] Tool Strategy 'HighEffortPhySynth' from file '/tools/Xilinx/Vivado/2019.1/strategies/VDI2012.psg' discarded because strategy with same name already parsed from '/tools/Xilinx/Vivado/2019.1/strategies/VDI2012.psg'
WARNING: [Runs 36-547] Tool Strategy 'LowEffort' from file '/tools/Xilinx/Vivado/2019.1/strategies/VDI2012.psg' discarded because strategy with same name already parsed from '/tools/Xilinx/Vivado/2019.1/strategies/VDI2012.psg'
WARNING: [Runs 36-547] Tool Strategy 'QuickEffort' from file '/tools/Xilinx/Vivado/2019.1/strategies/VDI2012.psg' discarded because strategy with same name already parsed from '/tools/Xilinx/Vivado/2019.1/strategies/VDI2012.psg'
WARNING: [Runs 36-547] Tool Strategy 'Vivado Synthesis Defaults' from file '/tools/Xilinx/Vivado/2019.1/strategies/VDS2014.psg' discarded because strategy with same name already parsed from '/tools/Xilinx/Vivado/2019.1/strategies/VDS2014.psg'
WARNING: [Runs 36-547] Tool Strategy 'Flow_RuntimeOptimized' from file '/tools/Xilinx/Vivado/2019.1/strategies/VDS2014.psg' discarded because strategy with same name already parsed from '/tools/Xilinx/Vivado/2019.1/strategies/VDS2014.psg'
WARNING: [Runs 36-547] Tool Strategy 'Flow_AreaOptimized_High' from file '/tools/Xilinx/Vivado/2019.1/strategies/VDS2014.psg' discarded because strategy with same name already parsed from '/tools/Xilinx/Vivado/2019.1/strategies/VDS2014.psg'
WARNING: [Runs 36-547] Tool Strategy 'Flow_PerfOptimized_High' from file '/tools/Xilinx/Vivado/2019.1/strategies/VDS2014.psg' discarded because strategy with same name already parsed from '/tools/Xilinx/Vivado/2019.1/strategies/VDS2014.psg'
WARNING: [Runs 36-547] Tool Strategy 'Vivado Synthesis Defaults' from file '/tools/Xilinx/Vivado/2019.1/strategies/VDS2018.psg' discarded because strategy with same name already parsed from '/tools/Xilinx/Vivado/2019.1/strategies/VDS2018.psg'
WARNING: [Runs 36-547] Tool Strategy 'Flow_AreaOptimized_high' from file '/tools/Xilinx/Vivado/2019.1/strategies/VDS2018.psg' discarded because strategy with same name already parsed from '/tools/Xilinx/Vivado/2019.1/strategies/VDS2018.psg'
WARNING: [Runs 36-547] Tool Strategy 'Flow_AreaOptimized_medium' from file '/tools/Xilinx/Vivado/2019.1/strategies/VDS2018.psg' discarded because strategy with same name already parsed from '/tools/Xilinx/Vivado/2019.1/strategies/VDS2018.psg'
WARNING: [Runs 36-547] Tool Strategy 'Flow_AreaMultThresholdDSP' from file '/tools/Xilinx/Vivado/2019.1/strategies/VDS2018.psg' discarded because strategy with same name already parsed from '/tools/Xilinx/Vivado/2019.1/strategies/VDS2018.psg'
WARNING: [Runs 36-547] Tool Strategy 'Flow_AlternateRoutability' from file '/tools/Xilinx/Vivado/2019.1/strategies/VDS2018.psg' discarded because strategy with same name already parsed from '/tools/Xilinx/Vivado/2019.1/strategies/VDS2018.psg'
WARNING: [Runs 36-547] Tool Strategy 'Flow_PerfOptimized_high' from file '/tools/Xilinx/Vivado/2019.1/strategies/VDS2018.psg' discarded because strategy with same name already parsed from '/tools/Xilinx/Vivado/2019.1/strategies/VDS2018.psg'
WARNING: [Runs 36-547] Tool Strategy 'Flow_PerfThresholdCarry' from file '/tools/Xilinx/Vivado/2019.1/strategies/VDS2018.psg' discarded because strategy with same name already parsed from '/tools/Xilinx/Vivado/2019.1/strategies/VDS2018.psg'
WARNING: [Runs 36-547] Tool Strategy 'Flow_RuntimeOptimized' from file '/tools/Xilinx/Vivado/2019.1/strategies/VDS2018.psg' discarded because strategy with same name already parsed from '/tools/Xilinx/Vivado/2019.1/strategies/VDS2018.psg'
WARNING: [Runs 36-547] Tool Strategy 'Vivado Synthesis Defaults' from file '/tools/Xilinx/Vivado/2019.1/strategies/VDS2017.psg' discarded because strategy with same name already parsed from '/tools/Xilinx/Vivado/2019.1/strategies/VDS2017.psg'
WARNING: [Runs 36-547] Tool Strategy 'Flow_AreaOptimized_high' from file '/tools/Xilinx/Vivado/2019.1/strategies/VDS2017.psg' discarded because strategy with same name already parsed from '/tools/Xilinx/Vivado/2019.1/strategies/VDS2017.psg'
WARNING: [Runs 36-547] Tool Strategy 'Flow_AreaOptimized_medium' from file '/tools/Xilinx/Vivado/2019.1/strategies/VDS2017.psg' discarded because strategy with same name already parsed from '/tools/Xilinx/Vivado/2019.1/strategies/VDS2017.psg'
WARNING: [Runs 36-547] Tool Strategy 'Flow_AreaMultThresholdDSP' from file '/tools/Xilinx/Vivado/2019.1/strategies/VDS2017.psg' discarded because strategy with same name already parsed from '/tools/Xilinx/Vivado/2019.1/strategies/VDS2017.psg'
WARNING: [Runs 36-547] Tool Strategy 'Flow_AlternateRoutability' from file '/tools/Xilinx/Vivado/2019.1/strategies/VDS2017.psg' discarded because strategy with same name already parsed from '/tools/Xilinx/Vivado/2019.1/strategies/VDS2017.psg'
WARNING: [Runs 36-547] Tool Strategy 'Flow_PerfOptimized_high' from file '/tools/Xilinx/Vivado/2019.1/strategies/VDS2017.psg' discarded because strategy with same name already parsed from '/tools/Xilinx/Vivado/2019.1/strategies/VDS2017.psg'
WARNING: [Runs 36-547] Tool Strategy 'Flow_PerfThresholdCarry' from file '/tools/Xilinx/Vivado/2019.1/strategies/VDS2017.psg' discarded because strategy with same name already parsed from '/tools/Xilinx/Vivado/2019.1/strategies/VDS2017.psg'
WARNING: [Runs 36-547] Tool Strategy 'Flow_RuntimeOptimized' from file '/tools/Xilinx/Vivado/2019.1/strategies/VDS2017.psg' discarded because strategy with same name already parsed from '/tools/Xilinx/Vivado/2019.1/strategies/VDS2017.psg'
WARNING: [Runs 36-547] Tool Strategy 'Vivado Synthesis Defaults' from file '/tools/Xilinx/Vivado/2019.1/strategies/VDS2013.psg' discarded because strategy with same name already parsed from '/tools/Xilinx/Vivado/2019.1/strategies/VDS2013.psg'
WARNING: [Runs 36-547] Tool Strategy 'Flow_RuntimeOptimized' from file '/tools/Xilinx/Vivado/2019.1/strategies/VDS2013.psg' discarded because strategy with same name already parsed from '/tools/Xilinx/Vivado/2019.1/strategies/VDS2013.psg'
WARNING: [Runs 36-547] Tool Strategy 'Vivado Implementation Defaults' from file '/tools/Xilinx/Vivado/2019.1/strategies/VDI2017.psg' discarded because strategy with same name already parsed from '/tools/Xilinx/Vivado/2019.1/strategies/VDI2017.psg'
WARNING: [Runs 36-547] Tool Strategy 'Performance_Explore' from file '/tools/Xilinx/Vivado/2019.1/strategies/VDI2017.psg' discarded because strategy with same name already parsed from '/tools/Xilinx/Vivado/2019.1/strategies/VDI2017.psg'
WARNING: [Runs 36-547] Tool Strategy 'Performance_ExplorePostRoutePhysOpt' from file '/tools/Xilinx/Vivado/2019.1/strategies/VDI2017.psg' discarded because strategy with same name already parsed from '/tools/Xilinx/Vivado/2019.1/strategies/VDI2017.psg'
WARNING: [Runs 36-547] Tool Strategy 'Performance_WLBlockPlacement' from file '/tools/Xilinx/Vivado/2019.1/strategies/VDI2017.psg' discarded because strategy with same name already parsed from '/tools/Xilinx/Vivado/2019.1/strategies/VDI2017.psg'
WARNING: [Runs 36-547] Tool Strategy 'Performance_WLBlockPlacementFanoutOpt' from file '/tools/Xilinx/Vivado/2019.1/strategies/VDI2017.psg' discarded because strategy with same name already parsed from '/tools/Xilinx/Vivado/2019.1/strategies/VDI2017.psg'
WARNING: [Runs 36-547] Tool Strategy 'Performance_EarlyBlockPlacement' from file '/tools/Xilinx/Vivado/2019.1/strategies/VDI2017.psg' discarded because strategy with same name already parsed from '/tools/Xilinx/Vivado/2019.1/strategies/VDI2017.psg'
WARNING: [Runs 36-547] Tool Strategy 'Performance_NetDelay_high' from file '/tools/Xilinx/Vivado/2019.1/strategies/VDI2017.psg' discarded because strategy with same name already parsed from '/tools/Xilinx/Vivado/2019.1/strategies/VDI2017.psg'
WARNING: [Runs 36-547] Tool Strategy 'Performance_NetDelay_low' from file '/tools/Xilinx/Vivado/2019.1/strategies/VDI2017.psg' discarded because strategy with same name already parsed from '/tools/Xilinx/Vivado/2019.1/strategies/VDI2017.psg'
WARNING: [Runs 36-547] Tool Strategy 'Performance_Retiming' from file '/tools/Xilinx/Vivado/2019.1/strategies/VDI2017.psg' discarded because strategy with same name already parsed from '/tools/Xilinx/Vivado/2019.1/strategies/VDI2017.psg'
WARNING: [Runs 36-547] Tool Strategy 'Performance_ExtraTimingOpt' from file '/tools/Xilinx/Vivado/2019.1/strategies/VDI2017.psg' discarded because strategy with same name already parsed from '/tools/Xilinx/Vivado/2019.1/strategies/VDI2017.psg'
WARNING: [Runs 36-547] Tool Strategy 'Performance_RefinePlacement' from file '/tools/Xilinx/Vivado/2019.1/strategies/VDI2017.psg' discarded because strategy with same name already parsed from '/tools/Xilinx/Vivado/2019.1/strategies/VDI2017.psg'
WARNING: [Runs 36-547] Tool Strategy 'Performance_SpreadSLLs' from file '/tools/Xilinx/Vivado/2019.1/strategies/VDI2017.psg' discarded because strategy with same name already parsed from '/tools/Xilinx/Vivado/2019.1/strategies/VDI2017.psg'
WARNING: [Runs 36-547] Tool Strategy 'Performance_BalanceSLLs' from file '/tools/Xilinx/Vivado/2019.1/strategies/VDI2017.psg' discarded because strategy with same name already parsed from '/tools/Xilinx/Vivado/2019.1/strategies/VDI2017.psg'
WARNING: [Runs 36-547] Tool Strategy 'Congestion_SpreadLogic_high' from file '/tools/Xilinx/Vivado/2019.1/strategies/VDI2017.psg' discarded because strategy with same name already parsed from '/tools/Xilinx/Vivado/2019.1/strategies/VDI2017.psg'
WARNING: [Runs 36-547] Tool Strategy 'Congestion_SpreadLogic_medium' from file '/tools/Xilinx/Vivado/2019.1/strategies/VDI2017.psg' discarded because strategy with same name already parsed from '/tools/Xilinx/Vivado/2019.1/strategies/VDI2017.psg'
WARNING: [Runs 36-547] Tool Strategy 'Congestion_SpreadLogic_low' from file '/tools/Xilinx/Vivado/2019.1/strategies/VDI2017.psg' discarded because strategy with same name already parsed from '/tools/Xilinx/Vivado/2019.1/strategies/VDI2017.psg'
WARNING: [Runs 36-547] Tool Strategy 'Congestion_SpreadLogic_Explore' from file '/tools/Xilinx/Vivado/2019.1/strategies/VDI2017.psg' discarded because strategy with same name already parsed from '/tools/Xilinx/Vivado/2019.1/strategies/VDI2017.psg'
WARNING: [Runs 36-547] Tool Strategy 'Congestion_SSI_SpreadLogic_high' from file '/tools/Xilinx/Vivado/2019.1/strategies/VDI2017.psg' discarded because strategy with same name already parsed from '/tools/Xilinx/Vivado/2019.1/strategies/VDI2017.psg'
WARNING: [Runs 36-547] Tool Strategy 'Congestion_SSI_SpreadLogic_low' from file '/tools/Xilinx/Vivado/2019.1/strategies/VDI2017.psg' discarded because strategy with same name already parsed from '/tools/Xilinx/Vivado/2019.1/strategies/VDI2017.psg'
WARNING: [Runs 36-547] Tool Strategy 'Congestion_SSI_SpreadLogic_Explore' from file '/tools/Xilinx/Vivado/2019.1/strategies/VDI2017.psg' discarded because strategy with same name already parsed from '/tools/Xilinx/Vivado/2019.1/strategies/VDI2017.psg'
WARNING: [Runs 36-547] Tool Strategy 'Area_Explore' from file '/tools/Xilinx/Vivado/2019.1/strategies/VDI2017.psg' discarded because strategy with same name already parsed from '/tools/Xilinx/Vivado/2019.1/strategies/VDI2017.psg'
WARNING: [Runs 36-547] Tool Strategy 'Area_ExploreSequential' from file '/tools/Xilinx/Vivado/2019.1/strategies/VDI2017.psg' discarded because strategy with same name already parsed from '/tools/Xilinx/Vivado/2019.1/strategies/VDI2017.psg'
WARNING: [Runs 36-547] Tool Strategy 'Area_ExploreWithRemap' from file '/tools/Xilinx/Vivado/2019.1/strategies/VDI2017.psg' discarded because strategy with same name already parsed from '/tools/Xilinx/Vivado/2019.1/strategies/VDI2017.psg'
WARNING: [Runs 36-547] Tool Strategy 'Power_DefaultOpt' from file '/tools/Xilinx/Vivado/2019.1/strategies/VDI2017.psg' discarded because strategy with same name already parsed from '/tools/Xilinx/Vivado/2019.1/strategies/VDI2017.psg'
WARNING: [Runs 36-547] Tool Strategy 'Power_ExploreArea' from file '/tools/Xilinx/Vivado/2019.1/strategies/VDI2017.psg' discarded because strategy with same name already parsed from '/tools/Xilinx/Vivado/2019.1/strategies/VDI2017.psg'
WARNING: [Runs 36-547] Tool Strategy 'Flow_RunPhysOpt' from file '/tools/Xilinx/Vivado/2019.1/strategies/VDI2017.psg' discarded because strategy with same name already parsed from '/tools/Xilinx/Vivado/2019.1/strategies/VDI2017.psg'
WARNING: [Runs 36-547] Tool Strategy 'Flow_RunPostRoutePhysOpt' from file '/tools/Xilinx/Vivado/2019.1/strategies/VDI2017.psg' discarded because strategy with same name already parsed from '/tools/Xilinx/Vivado/2019.1/strategies/VDI2017.psg'
WARNING: [Runs 36-547] Tool Strategy 'Flow_RuntimeOptimized' from file '/tools/Xilinx/Vivado/2019.1/strategies/VDI2017.psg' discarded because strategy with same name already parsed from '/tools/Xilinx/Vivado/2019.1/strategies/VDI2017.psg'
WARNING: [Runs 36-547] Tool Strategy 'Flow_Quick' from file '/tools/Xilinx/Vivado/2019.1/strategies/VDI2017.psg' discarded because strategy with same name already parsed from '/tools/Xilinx/Vivado/2019.1/strategies/VDI2017.psg'
WARNING: [Runs 36-547] Tool Strategy 'Vivado Implementation Defaults' from file '/tools/Xilinx/Vivado/2019.1/strategies/VDI2014.psg' discarded because strategy with same name already parsed from '/tools/Xilinx/Vivado/2019.1/strategies/VDI2014.psg'
WARNING: [Runs 36-547] Tool Strategy 'Performance_Explore' from file '/tools/Xilinx/Vivado/2019.1/strategies/VDI2014.psg' discarded because strategy with same name already parsed from '/tools/Xilinx/Vivado/2019.1/strategies/VDI2014.psg'
WARNING: [Runs 36-547] Tool Strategy 'Performance_ExplorePostRoutePhysOpt' from file '/tools/Xilinx/Vivado/2019.1/strategies/VDI2014.psg' discarded because strategy with same name already parsed from '/tools/Xilinx/Vivado/2019.1/strategies/VDI2014.psg'
WARNING: [Runs 36-547] Tool Strategy 'Performance_RefinePlacement' from file '/tools/Xilinx/Vivado/2019.1/strategies/VDI2014.psg' discarded because strategy with same name already parsed from '/tools/Xilinx/Vivado/2019.1/strategies/VDI2014.psg'
WARNING: [Runs 36-547] Tool Strategy 'Performance_WLBlockPlacement' from file '/tools/Xilinx/Vivado/2019.1/strategies/VDI2014.psg' discarded because strategy with same name already parsed from '/tools/Xilinx/Vivado/2019.1/strategies/VDI2014.psg'
WARNING: [Runs 36-547] Tool Strategy 'Performance_WLBlockPlacementFanoutOpt' from file '/tools/Xilinx/Vivado/2019.1/strategies/VDI2014.psg' discarded because strategy with same name already parsed from '/tools/Xilinx/Vivado/2019.1/strategies/VDI2014.psg'
WARNING: [Runs 36-547] Tool Strategy 'Performance_LateBlockPlacement' from file '/tools/Xilinx/Vivado/2019.1/strategies/VDI2014.psg' discarded because strategy with same name already parsed from '/tools/Xilinx/Vivado/2019.1/strategies/VDI2014.psg'
WARNING: [Runs 36-547] Tool Strategy 'Performance_NetDelay_high' from file '/tools/Xilinx/Vivado/2019.1/strategies/VDI2014.psg' discarded because strategy with same name already parsed from '/tools/Xilinx/Vivado/2019.1/strategies/VDI2014.psg'
WARNING: [Runs 36-547] Tool Strategy 'Performance_NetDelay_medium' from file '/tools/Xilinx/Vivado/2019.1/strategies/VDI2014.psg' discarded because strategy with same name already parsed from '/tools/Xilinx/Vivado/2019.1/strategies/VDI2014.psg'
WARNING: [Runs 36-547] Tool Strategy 'Performance_NetDelay_low' from file '/tools/Xilinx/Vivado/2019.1/strategies/VDI2014.psg' discarded because strategy with same name already parsed from '/tools/Xilinx/Vivado/2019.1/strategies/VDI2014.psg'
WARNING: [Runs 36-547] Tool Strategy 'Performance_ExploreSLLs' from file '/tools/Xilinx/Vivado/2019.1/strategies/VDI2014.psg' discarded because strategy with same name already parsed from '/tools/Xilinx/Vivado/2019.1/strategies/VDI2014.psg'
WARNING: [Runs 36-547] Tool Strategy 'Performance_Retiming' from file '/tools/Xilinx/Vivado/2019.1/strategies/VDI2014.psg' discarded because strategy with same name already parsed from '/tools/Xilinx/Vivado/2019.1/strategies/VDI2014.psg'
WARNING: [Runs 36-547] Tool Strategy 'Area_Explore' from file '/tools/Xilinx/Vivado/2019.1/strategies/VDI2014.psg' discarded because strategy with same name already parsed from '/tools/Xilinx/Vivado/2019.1/strategies/VDI2014.psg'
WARNING: [Runs 36-547] Tool Strategy 'Power_DefaultOpt' from file '/tools/Xilinx/Vivado/2019.1/strategies/VDI2014.psg' discarded because strategy with same name already parsed from '/tools/Xilinx/Vivado/2019.1/strategies/VDI2014.psg'
WARNING: [Runs 36-547] Tool Strategy 'Flow_RunPhysOpt' from file '/tools/Xilinx/Vivado/2019.1/strategies/VDI2014.psg' discarded because strategy with same name already parsed from '/tools/Xilinx/Vivado/2019.1/strategies/VDI2014.psg'
WARNING: [Runs 36-547] Tool Strategy 'Flow_RunPostRoutePhysOpt' from file '/tools/Xilinx/Vivado/2019.1/strategies/VDI2014.psg' discarded because strategy with same name already parsed from '/tools/Xilinx/Vivado/2019.1/strategies/VDI2014.psg'
WARNING: [Runs 36-547] Tool Strategy 'Flow_RuntimeOptimized' from file '/tools/Xilinx/Vivado/2019.1/strategies/VDI2014.psg' discarded because strategy with same name already parsed from '/tools/Xilinx/Vivado/2019.1/strategies/VDI2014.psg'
WARNING: [Runs 36-547] Tool Strategy 'Flow_Quick' from file '/tools/Xilinx/Vivado/2019.1/strategies/VDI2014.psg' discarded because strategy with same name already parsed from '/tools/Xilinx/Vivado/2019.1/strategies/VDI2014.psg'
WARNING: [Runs 36-547] Tool Strategy 'Congestion_SpreadLogic_high' from file '/tools/Xilinx/Vivado/2019.1/strategies/VDI2014.psg' discarded because strategy with same name already parsed from '/tools/Xilinx/Vivado/2019.1/strategies/VDI2014.psg'
INFO: [Common 17-14] Message 'Runs 36-547' appears 100 times and further instances of the messages will be disabled. Use the Tcl command set_msg_config to change the current settings.
WARNING: [Runs 36-546] Tool Report Strategy 'Vivado Implementation Default Reports' from file '/tools/Xilinx/Vivado/2019.1/reportstrategies/VRI2017.psg' discarded because strategy with same name already parsed from '/tools/Xilinx/Vivado/2019.1/reportstrategies/VRI2017.psg'
WARNING: [Runs 36-546] Tool Report Strategy 'UltraFast Design Methodology Reports' from file '/tools/Xilinx/Vivado/2019.1/reportstrategies/VRI2017.psg' discarded because strategy with same name already parsed from '/tools/Xilinx/Vivado/2019.1/reportstrategies/VRI2017.psg'
WARNING: [Runs 36-546] Tool Report Strategy 'Performance Explore Reports' from file '/tools/Xilinx/Vivado/2019.1/reportstrategies/VRI2017.psg' discarded because strategy with same name already parsed from '/tools/Xilinx/Vivado/2019.1/reportstrategies/VRI2017.psg'
WARNING: [Runs 36-546] Tool Report Strategy 'Timing Closure Reports' from file '/tools/Xilinx/Vivado/2019.1/reportstrategies/VRI2017.psg' discarded because strategy with same name already parsed from '/tools/Xilinx/Vivado/2019.1/reportstrategies/VRI2017.psg'
WARNING: [Runs 36-546] Tool Report Strategy 'No Reports' from file '/tools/Xilinx/Vivado/2019.1/reportstrategies/VRI2017.psg' discarded because strategy with same name already parsed from '/tools/Xilinx/Vivado/2019.1/reportstrategies/VRI2017.psg'
WARNING: [Runs 36-546] Tool Report Strategy 'Vivado Implementation Default Reports' from file '/tools/Xilinx/Vivado/2019.1/reportstrategies/VRI2018.psg' discarded because strategy with same name already parsed from '/tools/Xilinx/Vivado/2019.1/reportstrategies/VRI2018.psg'
WARNING: [Runs 36-546] Tool Report Strategy 'UltraFast Design Methodology Reports' from file '/tools/Xilinx/Vivado/2019.1/reportstrategies/VRI2018.psg' discarded because strategy with same name already parsed from '/tools/Xilinx/Vivado/2019.1/reportstrategies/VRI2018.psg'
WARNING: [Runs 36-546] Tool Report Strategy 'Performance Explore Reports' from file '/tools/Xilinx/Vivado/2019.1/reportstrategies/VRI2018.psg' discarded because strategy with same name already parsed from '/tools/Xilinx/Vivado/2019.1/reportstrategies/VRI2018.psg'
WARNING: [Runs 36-546] Tool Report Strategy 'Timing Closure Reports' from file '/tools/Xilinx/Vivado/2019.1/reportstrategies/VRI2018.psg' discarded because strategy with same name already parsed from '/tools/Xilinx/Vivado/2019.1/reportstrategies/VRI2018.psg'
WARNING: [Runs 36-546] Tool Report Strategy 'No Reports' from file '/tools/Xilinx/Vivado/2019.1/reportstrategies/VRI2018.psg' discarded because strategy with same name already parsed from '/tools/Xilinx/Vivado/2019.1/reportstrategies/VRI2018.psg'
WARNING: [Runs 36-546] Tool Report Strategy 'Vivado Synthesis Default Reports' from file '/tools/Xilinx/Vivado/2019.1/reportstrategies/VRS2018.psg' discarded because strategy with same name already parsed from '/tools/Xilinx/Vivado/2019.1/reportstrategies/VRS2018.psg'
WARNING: [Runs 36-546] Tool Report Strategy 'No Reports' from file '/tools/Xilinx/Vivado/2019.1/reportstrategies/VRS2018.psg' discarded because strategy with same name already parsed from '/tools/Xilinx/Vivado/2019.1/reportstrategies/VRS2018.psg'
WARNING: [Runs 36-546] Tool Report Strategy 'Vivado Synthesis Default Reports' from file '/tools/Xilinx/Vivado/2019.1/reportstrategies/VRS2019.psg' discarded because strategy with same name already parsed from '/tools/Xilinx/Vivado/2019.1/reportstrategies/VRS2019.psg'
WARNING: [Runs 36-546] Tool Report Strategy 'No Reports' from file '/tools/Xilinx/Vivado/2019.1/reportstrategies/VRS2019.psg' discarded because strategy with same name already parsed from '/tools/Xilinx/Vivado/2019.1/reportstrategies/VRS2019.psg'
WARNING: [Runs 36-546] Tool Report Strategy 'Vivado Implementation Default Reports' from file '/tools/Xilinx/Vivado/2019.1/reportstrategies/VRI2019.psg' discarded because strategy with same name already parsed from '/tools/Xilinx/Vivado/2019.1/reportstrategies/VRI2019.psg'
WARNING: [Runs 36-546] Tool Report Strategy 'UltraFast Design Methodology Reports' from file '/tools/Xilinx/Vivado/2019.1/reportstrategies/VRI2019.psg' discarded because strategy with same name already parsed from '/tools/Xilinx/Vivado/2019.1/reportstrategies/VRI2019.psg'
WARNING: [Runs 36-546] Tool Report Strategy 'Performance Explore Reports' from file '/tools/Xilinx/Vivado/2019.1/reportstrategies/VRI2019.psg' discarded because strategy with same name already parsed from '/tools/Xilinx/Vivado/2019.1/reportstrategies/VRI2019.psg'
WARNING: [Runs 36-546] Tool Report Strategy 'Timing Closure Reports' from file '/tools/Xilinx/Vivado/2019.1/reportstrategies/VRI2019.psg' discarded because strategy with same name already parsed from '/tools/Xilinx/Vivado/2019.1/reportstrategies/VRI2019.psg'
WARNING: [Runs 36-546] Tool Report Strategy 'No Reports' from file '/tools/Xilinx/Vivado/2019.1/reportstrategies/VRI2019.psg' discarded because strategy with same name already parsed from '/tools/Xilinx/Vivado/2019.1/reportstrategies/VRI2019.psg'
WARNING: [Runs 36-546] Tool Report Strategy 'Vivado Synthesis Default Reports' from file '/tools/Xilinx/Vivado/2019.1/reportstrategies/VRS2017.psg' discarded because strategy with same name already parsed from '/tools/Xilinx/Vivado/2019.1/reportstrategies/VRS2017.psg'
WARNING: [Runs 36-546] Tool Report Strategy 'No Reports' from file '/tools/Xilinx/Vivado/2019.1/reportstrategies/VRS2017.psg' discarded because strategy with same name already parsed from '/tools/Xilinx/Vivado/2019.1/reportstrategies/VRS2017.psg'
source top.tcl -notrace
Command: open_checkpoint top_postroute_physopt.dcp

Starting open_checkpoint Task

Time (s): cpu = 00:00:00.02 ; elapsed = 00:00:00.04 . Memory (MB): peak = 1412.000 ; gain = 0.000 ; free physical = 44346 ; free virtual = 53441
INFO: [Device 21-403] Loading part xc7vx690tffg1927-2
INFO: [Netlist 29-17] Analyzing 1431 Unisim elements for replacement
INFO: [Netlist 29-28] Unisim Transformation completed in 0 CPU seconds
INFO: [Project 1-479] Netlist was created with Vivado 2019.1
INFO: [Project 1-570] Preparing netlist for logic optimization
INFO: [Timing 38-478] Restoring timing data from binary archive.
INFO: [Timing 38-479] Binary timing data restore complete.
INFO: [Project 1-856] Restoring constraints from binary archive.
INFO: [Project 1-853] Binary constraint restore complete.
Reading XDEF placement.
Reading placer database...
Reading XDEF routing.
Read XDEF File: Time (s): cpu = 00:00:00.77 ; elapsed = 00:00:00.79 . Memory (MB): peak = 2799.258 ; gain = 28.336 ; free physical = 42945 ; free virtual = 52020
Restored from archive | CPU: 0.790000 secs | Memory: 34.519547 MB |
Finished XDEF File Restore: Time (s): cpu = 00:00:00.77 ; elapsed = 00:00:00.79 . Memory (MB): peak = 2799.258 ; gain = 28.336 ; free physical = 42945 ; free virtual = 52020
Netlist sorting complete. Time (s): cpu = 00:00:00 ; elapsed = 00:00:00 . Memory (MB): peak = 2799.258 ; gain = 0.000 ; free physical = 42948 ; free virtual = 52023
INFO: [Project 1-111] Unisim Transformation Summary:
  A total of 312 instances were transformed.
  IOBUF => IOBUF (IBUF, OBUFT): 31 instances
  LUT6_2 => LUT6_2 (LUT5, LUT6): 95 instances
  RAM16X1D => RAM32X1D (RAMD32, RAMD32): 32 instances
  RAM32M => RAM32M (RAMD32, RAMD32, RAMD32, RAMD32, RAMD32, RAMD32, RAMS32, RAMS32): 57 instances
  RAM64M => RAM64M (RAMD64E, RAMD64E, RAMD64E, RAMD64E): 64 instances
  RAM64X1D => RAM64X1D (RAMD64E, RAMD64E): 32 instances
  SRLC16E => SRL16E: 1 instances

INFO: [Project 1-604] Checkpoint was created with Vivado v2019.1 (64-bit) build 2552052
open_checkpoint: Time (s): cpu = 00:00:14 ; elapsed = 00:00:16 . Memory (MB): peak = 2799.258 ; gain = 1387.258 ; free physical = 42948 ; free virtual = 52023
Command: write_bitstream -force top.bit -bin_file
Attempting to get a license for feature 'Implementation' and/or device 'xc7vx690t'
INFO: [Common 17-349] Got license for feature 'Implementation' and/or device 'xc7vx690t'
Running DRC as a precondition to command write_bitstream
INFO: [IP_Flow 19-234] Refreshing IP repositories
INFO: [IP_Flow 19-1704] No user IP repositories specified
INFO: [IP_Flow 19-2313] Loaded Vivado IP repository '/tools/Xilinx/Vivado/2019.1/data/ip'.
INFO: [DRC 23-27] Running DRC with 8 threads
WARNING: [DRC CHECK-3] Report rule limit reached: REQP-1839 rule limit reached: 20 violations have been found.
WARNING: [DRC CHECK-3] Report rule limit reached: REQP-1840 rule limit reached: 20 violations have been found.
WARNING: [DRC REQP-1839] RAMB36 async control check: The RAMB36E1 ethernet_one_gbe_skarab_loop_inst/ethernet_one_gbe_skarab_loop_struct/axi_fifo1/xpm_fifo_axis_inst/xpm_fifo_base_inst/gen_sdpram.xpm_memory_base_inst/gen_wr_a.gen_word_narrow.mem_reg has an input control pin ethernet_one_gbe_skarab_loop_inst/ethernet_one_gbe_skarab_loop_struct/axi_fifo1/xpm_fifo_axis_inst/xpm_fifo_base_inst/gen_sdpram.xpm_memory_base_inst/gen_wr_a.gen_word_narrow.mem_reg/ENBWREN (net: ethernet_one_gbe_skarab_loop_inst/ethernet_one_gbe_skarab_loop_struct/axi_fifo1/xpm_fifo_axis_inst/xpm_fifo_base_inst/gen_sdpram.xpm_memory_base_inst/ena) which is driven by a register (ethernet_one_gbe_skarab_loop_tx_one_gbe/kat_ten_gb_eth_0/tge_rx_inst/use_bram.rx_packet_fifo_bram_inst/U0/inst_fifo_gen/gconvfifo.rf/grf.rf/gntv_or_sync_fifo.gl0.rd/gr1.gr1_int.rfwft/empty_fwft_i_reg) that has an active asychronous set or reset. This may cause corruption of the memory contents and/or read values when the set/reset is asserted and is not analyzed by the default static timing analysis. It is suggested to eliminate the use of a set/reset to registers driving this RAMB pin or else use a synchronous reset in which the assertion of the reset is timed by default.
WARNING: [DRC REQP-1839] RAMB36 async control check: The RAMB36E1 ethernet_one_gbe_skarab_loop_inst/ethernet_one_gbe_skarab_loop_struct/axi_fifo1/xpm_fifo_axis_inst/xpm_fifo_base_inst/gen_sdpram.xpm_memory_base_inst/gen_wr_a.gen_word_narrow.mem_reg has an input control pin ethernet_one_gbe_skarab_loop_inst/ethernet_one_gbe_skarab_loop_struct/axi_fifo1/xpm_fifo_axis_inst/xpm_fifo_base_inst/gen_sdpram.xpm_memory_base_inst/gen_wr_a.gen_word_narrow.mem_reg/WEBWE[0] (net: ethernet_one_gbe_skarab_loop_inst/ethernet_one_gbe_skarab_loop_struct/axi_fifo1/xpm_fifo_axis_inst/xpm_fifo_base_inst/gen_sdpram.xpm_memory_base_inst/ena) which is driven by a register (ethernet_one_gbe_skarab_loop_tx_one_gbe/kat_ten_gb_eth_0/tge_rx_inst/use_bram.rx_packet_fifo_bram_inst/U0/inst_fifo_gen/gconvfifo.rf/grf.rf/gntv_or_sync_fifo.gl0.rd/gr1.gr1_int.rfwft/empty_fwft_i_reg) that has an active asychronous set or reset. This may cause corruption of the memory contents and/or read values when the set/reset is asserted and is not analyzed by the default static timing analysis. It is suggested to eliminate the use of a set/reset to registers driving this RAMB pin or else use a synchronous reset in which the assertion of the reset is timed by default.
WARNING: [DRC REQP-1839] RAMB36 async control check: The RAMB36E1 ethernet_one_gbe_skarab_loop_inst/ethernet_one_gbe_skarab_loop_struct/axi_fifo1/xpm_fifo_axis_inst/xpm_fifo_base_inst/gen_sdpram.xpm_memory_base_inst/gen_wr_a.gen_word_narrow.mem_reg has an input control pin ethernet_one_gbe_skarab_loop_inst/ethernet_one_gbe_skarab_loop_struct/axi_fifo1/xpm_fifo_axis_inst/xpm_fifo_base_inst/gen_sdpram.xpm_memory_base_inst/gen_wr_a.gen_word_narrow.mem_reg/WEBWE[1] (net: ethernet_one_gbe_skarab_loop_inst/ethernet_one_gbe_skarab_loop_struct/axi_fifo1/xpm_fifo_axis_inst/xpm_fifo_base_inst/gen_sdpram.xpm_memory_base_inst/ena) which is driven by a register (ethernet_one_gbe_skarab_loop_tx_one_gbe/kat_ten_gb_eth_0/tge_rx_inst/use_bram.rx_packet_fifo_bram_inst/U0/inst_fifo_gen/gconvfifo.rf/grf.rf/gntv_or_sync_fifo.gl0.rd/gr1.gr1_int.rfwft/empty_fwft_i_reg) that has an active asychronous set or reset. This may cause corruption of the memory contents and/or read values when the set/reset is asserted and is not analyzed by the default static timing analysis. It is suggested to eliminate the use of a set/reset to registers driving this RAMB pin or else use a synchronous reset in which the assertion of the reset is timed by default.
WARNING: [DRC REQP-1839] RAMB36 async control check: The RAMB36E1 ethernet_one_gbe_skarab_loop_inst/ethernet_one_gbe_skarab_loop_struct/axi_fifo1/xpm_fifo_axis_inst/xpm_fifo_base_inst/gen_sdpram.xpm_memory_base_inst/gen_wr_a.gen_word_narrow.mem_reg has an input control pin ethernet_one_gbe_skarab_loop_inst/ethernet_one_gbe_skarab_loop_struct/axi_fifo1/xpm_fifo_axis_inst/xpm_fifo_base_inst/gen_sdpram.xpm_memory_base_inst/gen_wr_a.gen_word_narrow.mem_reg/WEBWE[2] (net: ethernet_one_gbe_skarab_loop_inst/ethernet_one_gbe_skarab_loop_struct/axi_fifo1/xpm_fifo_axis_inst/xpm_fifo_base_inst/gen_sdpram.xpm_memory_base_inst/ena) which is driven by a register (ethernet_one_gbe_skarab_loop_tx_one_gbe/kat_ten_gb_eth_0/tge_rx_inst/use_bram.rx_packet_fifo_bram_inst/U0/inst_fifo_gen/gconvfifo.rf/grf.rf/gntv_or_sync_fifo.gl0.rd/gr1.gr1_int.rfwft/empty_fwft_i_reg) that has an active asychronous set or reset. This may cause corruption of the memory contents and/or read values when the set/reset is asserted and is not analyzed by the default static timing analysis. It is suggested to eliminate the use of a set/reset to registers driving this RAMB pin or else use a synchronous reset in which the assertion of the reset is timed by default.
WARNING: [DRC REQP-1839] RAMB36 async control check: The RAMB36E1 ethernet_one_gbe_skarab_loop_inst/ethernet_one_gbe_skarab_loop_struct/axi_fifo1/xpm_fifo_axis_inst/xpm_fifo_base_inst/gen_sdpram.xpm_memory_base_inst/gen_wr_a.gen_word_narrow.mem_reg has an input control pin ethernet_one_gbe_skarab_loop_inst/ethernet_one_gbe_skarab_loop_struct/axi_fifo1/xpm_fifo_axis_inst/xpm_fifo_base_inst/gen_sdpram.xpm_memory_base_inst/gen_wr_a.gen_word_narrow.mem_reg/WEBWE[3] (net: ethernet_one_gbe_skarab_loop_inst/ethernet_one_gbe_skarab_loop_struct/axi_fifo1/xpm_fifo_axis_inst/xpm_fifo_base_inst/gen_sdpram.xpm_memory_base_inst/ena) which is driven by a register (ethernet_one_gbe_skarab_loop_tx_one_gbe/kat_ten_gb_eth_0/tge_rx_inst/use_bram.rx_packet_fifo_bram_inst/U0/inst_fifo_gen/gconvfifo.rf/grf.rf/gntv_or_sync_fifo.gl0.rd/gr1.gr1_int.rfwft/empty_fwft_i_reg) that has an active asychronous set or reset. This may cause corruption of the memory contents and/or read values when the set/reset is asserted and is not analyzed by the default static timing analysis. It is suggested to eliminate the use of a set/reset to registers driving this RAMB pin or else use a synchronous reset in which the assertion of the reset is timed by default.
WARNING: [DRC REQP-1839] RAMB36 async control check: The RAMB36E1 ethernet_one_gbe_skarab_loop_inst/ethernet_one_gbe_skarab_loop_struct/axi_fifo1/xpm_fifo_axis_inst/xpm_fifo_base_inst/gen_sdpram.xpm_memory_base_inst/gen_wr_a.gen_word_narrow.mem_reg has an input control pin ethernet_one_gbe_skarab_loop_inst/ethernet_one_gbe_skarab_loop_struct/axi_fifo1/xpm_fifo_axis_inst/xpm_fifo_base_inst/gen_sdpram.xpm_memory_base_inst/gen_wr_a.gen_word_narrow.mem_reg/WEBWE[4] (net: ethernet_one_gbe_skarab_loop_inst/ethernet_one_gbe_skarab_loop_struct/axi_fifo1/xpm_fifo_axis_inst/xpm_fifo_base_inst/gen_sdpram.xpm_memory_base_inst/ena) which is driven by a register (ethernet_one_gbe_skarab_loop_tx_one_gbe/kat_ten_gb_eth_0/tge_rx_inst/use_bram.rx_packet_fifo_bram_inst/U0/inst_fifo_gen/gconvfifo.rf/grf.rf/gntv_or_sync_fifo.gl0.rd/gr1.gr1_int.rfwft/empty_fwft_i_reg) that has an active asychronous set or reset. This may cause corruption of the memory contents and/or read values when the set/reset is asserted and is not analyzed by the default static timing analysis. It is suggested to eliminate the use of a set/reset to registers driving this RAMB pin or else use a synchronous reset in which the assertion of the reset is timed by default.
WARNING: [DRC REQP-1839] RAMB36 async control check: The RAMB36E1 ethernet_one_gbe_skarab_loop_inst/ethernet_one_gbe_skarab_loop_struct/axi_fifo1/xpm_fifo_axis_inst/xpm_fifo_base_inst/gen_sdpram.xpm_memory_base_inst/gen_wr_a.gen_word_narrow.mem_reg has an input control pin ethernet_one_gbe_skarab_loop_inst/ethernet_one_gbe_skarab_loop_struct/axi_fifo1/xpm_fifo_axis_inst/xpm_fifo_base_inst/gen_sdpram.xpm_memory_base_inst/gen_wr_a.gen_word_narrow.mem_reg/WEBWE[5] (net: ethernet_one_gbe_skarab_loop_inst/ethernet_one_gbe_skarab_loop_struct/axi_fifo1/xpm_fifo_axis_inst/xpm_fifo_base_inst/gen_sdpram.xpm_memory_base_inst/ena) which is driven by a register (ethernet_one_gbe_skarab_loop_tx_one_gbe/kat_ten_gb_eth_0/tge_rx_inst/use_bram.rx_packet_fifo_bram_inst/U0/inst_fifo_gen/gconvfifo.rf/grf.rf/gntv_or_sync_fifo.gl0.rd/gr1.gr1_int.rfwft/empty_fwft_i_reg) that has an active asychronous set or reset. This may cause corruption of the memory contents and/or read values when the set/reset is asserted and is not analyzed by the default static timing analysis. It is suggested to eliminate the use of a set/reset to registers driving this RAMB pin or else use a synchronous reset in which the assertion of the reset is timed by default.
WARNING: [DRC REQP-1839] RAMB36 async control check: The RAMB36E1 ethernet_one_gbe_skarab_loop_inst/ethernet_one_gbe_skarab_loop_struct/axi_fifo1/xpm_fifo_axis_inst/xpm_fifo_base_inst/gen_sdpram.xpm_memory_base_inst/gen_wr_a.gen_word_narrow.mem_reg has an input control pin ethernet_one_gbe_skarab_loop_inst/ethernet_one_gbe_skarab_loop_struct/axi_fifo1/xpm_fifo_axis_inst/xpm_fifo_base_inst/gen_sdpram.xpm_memory_base_inst/gen_wr_a.gen_word_narrow.mem_reg/WEBWE[6] (net: ethernet_one_gbe_skarab_loop_inst/ethernet_one_gbe_skarab_loop_struct/axi_fifo1/xpm_fifo_axis_inst/xpm_fifo_base_inst/gen_sdpram.xpm_memory_base_inst/ena) which is driven by a register (ethernet_one_gbe_skarab_loop_tx_one_gbe/kat_ten_gb_eth_0/tge_rx_inst/use_bram.rx_packet_fifo_bram_inst/U0/inst_fifo_gen/gconvfifo.rf/grf.rf/gntv_or_sync_fifo.gl0.rd/gr1.gr1_int.rfwft/empty_fwft_i_reg) that has an active asychronous set or reset. This may cause corruption of the memory contents and/or read values when the set/reset is asserted and is not analyzed by the default static timing analysis. It is suggested to eliminate the use of a set/reset to registers driving this RAMB pin or else use a synchronous reset in which the assertion of the reset is timed by default.
WARNING: [DRC REQP-1839] RAMB36 async control check: The RAMB36E1 ethernet_one_gbe_skarab_loop_inst/ethernet_one_gbe_skarab_loop_struct/axi_fifo1/xpm_fifo_axis_inst/xpm_fifo_base_inst/gen_sdpram.xpm_memory_base_inst/gen_wr_a.gen_word_narrow.mem_reg has an input control pin ethernet_one_gbe_skarab_loop_inst/ethernet_one_gbe_skarab_loop_struct/axi_fifo1/xpm_fifo_axis_inst/xpm_fifo_base_inst/gen_sdpram.xpm_memory_base_inst/gen_wr_a.gen_word_narrow.mem_reg/WEBWE[7] (net: ethernet_one_gbe_skarab_loop_inst/ethernet_one_gbe_skarab_loop_struct/axi_fifo1/xpm_fifo_axis_inst/xpm_fifo_base_inst/gen_sdpram.xpm_memory_base_inst/ena) which is driven by a register (ethernet_one_gbe_skarab_loop_tx_one_gbe/kat_ten_gb_eth_0/tge_rx_inst/use_bram.rx_packet_fifo_bram_inst/U0/inst_fifo_gen/gconvfifo.rf/grf.rf/gntv_or_sync_fifo.gl0.rd/gr1.gr1_int.rfwft/empty_fwft_i_reg) that has an active asychronous set or reset. This may cause corruption of the memory contents and/or read values when the set/reset is asserted and is not analyzed by the default static timing analysis. It is suggested to eliminate the use of a set/reset to registers driving this RAMB pin or else use a synchronous reset in which the assertion of the reset is timed by default.
WARNING: [DRC REQP-1839] RAMB36 async control check: The RAMB36E1 ethernet_one_gbe_skarab_loop_tx_one_gbe/gmii_to_xaui_translator_0/gmii_to_xaui_fifo_0/U0/inst_fifo_gen/gconvfifo.rf/grf.rf/gntv_or_sync_fifo.mem/gbm.gbmg.gbmga.ngecc.bmg/inst_blk_mem_gen/gnbram.gnativebmg.native_blk_mem_gen/valid.cstr/ramloop[0].ram.r/prim_noinit.ram/DEVICE_7SERIES.NO_BMM_INFO.SDP.SIMPLE_PRIM36.ram has an input control pin ethernet_one_gbe_skarab_loop_tx_one_gbe/gmii_to_xaui_translator_0/gmii_to_xaui_fifo_0/U0/inst_fifo_gen/gconvfifo.rf/grf.rf/gntv_or_sync_fifo.mem/gbm.gbmg.gbmga.ngecc.bmg/inst_blk_mem_gen/gnbram.gnativebmg.native_blk_mem_gen/valid.cstr/ramloop[0].ram.r/prim_noinit.ram/DEVICE_7SERIES.NO_BMM_INFO.SDP.SIMPLE_PRIM36.ram/ENARDEN (net: ethernet_one_gbe_skarab_loop_tx_one_gbe/gmii_to_xaui_translator_0/gmii_to_xaui_fifo_0/U0/inst_fifo_gen/gconvfifo.rf/grf.rf/gntv_or_sync_fifo.mem/gbm.gbmg.gbmga.ngecc.bmg/inst_blk_mem_gen/gnbram.gnativebmg.native_blk_mem_gen/valid.cstr/ramloop[0].ram.r/prim_noinit.ram/DEVICE_7SERIES.NO_BMM_INFO.SDP.SIMPLE_PRIM36.ram_0) which is driven by a register (ethernet_one_gbe_skarab_loop_tx_one_gbe/gmii_to_xaui_translator_0/gmii_to_xaui_fifo_wr_en_reg) that has an active asychronous set or reset. This may cause corruption of the memory contents and/or read values when the set/reset is asserted and is not analyzed by the default static timing analysis. It is suggested to eliminate the use of a set/reset to registers driving this RAMB pin or else use a synchronous reset in which the assertion of the reset is timed by default.
WARNING: [DRC REQP-1839] RAMB36 async control check: The RAMB36E1 ethernet_one_gbe_skarab_loop_tx_one_gbe/gmii_to_xaui_translator_0/gmii_to_xaui_fifo_0/U0/inst_fifo_gen/gconvfifo.rf/grf.rf/gntv_or_sync_fifo.mem/gbm.gbmg.gbmga.ngecc.bmg/inst_blk_mem_gen/gnbram.gnativebmg.native_blk_mem_gen/valid.cstr/ramloop[0].ram.r/prim_noinit.ram/DEVICE_7SERIES.NO_BMM_INFO.SDP.SIMPLE_PRIM36.ram has an input control pin ethernet_one_gbe_skarab_loop_tx_one_gbe/gmii_to_xaui_translator_0/gmii_to_xaui_fifo_0/U0/inst_fifo_gen/gconvfifo.rf/grf.rf/gntv_or_sync_fifo.mem/gbm.gbmg.gbmga.ngecc.bmg/inst_blk_mem_gen/gnbram.gnativebmg.native_blk_mem_gen/valid.cstr/ramloop[0].ram.r/prim_noinit.ram/DEVICE_7SERIES.NO_BMM_INFO.SDP.SIMPLE_PRIM36.ram/ENBWREN (net: ethernet_one_gbe_skarab_loop_tx_one_gbe/gmii_to_xaui_translator_0/gmii_to_xaui_fifo_0/U0/inst_fifo_gen/gconvfifo.rf/grf.rf/gntv_or_sync_fifo.mem/gbm.gbmg.gbmga.ngecc.bmg/inst_blk_mem_gen/gnbram.gnativebmg.native_blk_mem_gen/valid.cstr/ramloop[0].ram.r/prim_noinit.ram/DEVICE_7SERIES.NO_BMM_INFO.SDP.SIMPLE_PRIM36.ram_ENBWREN_cooolgate_en_sig_115) which is driven by a register (ethernet_one_gbe_skarab_loop_tx_one_gbe/gmii_to_xaui_translator_0/FSM_onehot_current_gen_state_reg[2]) that has an active asychronous set or reset. This may cause corruption of the memory contents and/or read values when the set/reset is asserted and is not analyzed by the default static timing analysis. It is suggested to eliminate the use of a set/reset to registers driving this RAMB pin or else use a synchronous reset in which the assertion of the reset is timed by default.
WARNING: [DRC REQP-1839] RAMB36 async control check: The RAMB36E1 ethernet_one_gbe_skarab_loop_tx_one_gbe/gmii_to_xaui_translator_0/gmii_to_xaui_fifo_0/U0/inst_fifo_gen/gconvfifo.rf/grf.rf/gntv_or_sync_fifo.mem/gbm.gbmg.gbmga.ngecc.bmg/inst_blk_mem_gen/gnbram.gnativebmg.native_blk_mem_gen/valid.cstr/ramloop[0].ram.r/prim_noinit.ram/DEVICE_7SERIES.NO_BMM_INFO.SDP.SIMPLE_PRIM36.ram has an input control pin ethernet_one_gbe_skarab_loop_tx_one_gbe/gmii_to_xaui_translator_0/gmii_to_xaui_fifo_0/U0/inst_fifo_gen/gconvfifo.rf/grf.rf/gntv_or_sync_fifo.mem/gbm.gbmg.gbmga.ngecc.bmg/inst_blk_mem_gen/gnbram.gnativebmg.native_blk_mem_gen/valid.cstr/ramloop[0].ram.r/prim_noinit.ram/DEVICE_7SERIES.NO_BMM_INFO.SDP.SIMPLE_PRIM36.ram/ENBWREN (net: ethernet_one_gbe_skarab_loop_tx_one_gbe/gmii_to_xaui_translator_0/gmii_to_xaui_fifo_0/U0/inst_fifo_gen/gconvfifo.rf/grf.rf/gntv_or_sync_fifo.mem/gbm.gbmg.gbmga.ngecc.bmg/inst_blk_mem_gen/gnbram.gnativebmg.native_blk_mem_gen/valid.cstr/ramloop[0].ram.r/prim_noinit.ram/DEVICE_7SERIES.NO_BMM_INFO.SDP.SIMPLE_PRIM36.ram_ENBWREN_cooolgate_en_sig_115) which is driven by a register (skarab_infr/sync_sys_fpga_rst_reg) that has an active asychronous set or reset. This may cause corruption of the memory contents and/or read values when the set/reset is asserted and is not analyzed by the default static timing analysis. It is suggested to eliminate the use of a set/reset to registers driving this RAMB pin or else use a synchronous reset in which the assertion of the reset is timed by default.
WARNING: [DRC REQP-1839] RAMB36 async control check: The RAMB36E1 ethernet_one_gbe_skarab_loop_tx_one_gbe/gmii_to_xaui_translator_0/gmii_to_xaui_fifo_0/U0/inst_fifo_gen/gconvfifo.rf/grf.rf/gntv_or_sync_fifo.mem/gbm.gbmg.gbmga.ngecc.bmg/inst_blk_mem_gen/gnbram.gnativebmg.native_blk_mem_gen/valid.cstr/ramloop[0].ram.r/prim_noinit.ram/DEVICE_7SERIES.NO_BMM_INFO.SDP.SIMPLE_PRIM36.ram has an input control pin ethernet_one_gbe_skarab_loop_tx_one_gbe/gmii_to_xaui_translator_0/gmii_to_xaui_fifo_0/U0/inst_fifo_gen/gconvfifo.rf/grf.rf/gntv_or_sync_fifo.mem/gbm.gbmg.gbmga.ngecc.bmg/inst_blk_mem_gen/gnbram.gnativebmg.native_blk_mem_gen/valid.cstr/ramloop[0].ram.r/prim_noinit.ram/DEVICE_7SERIES.NO_BMM_INFO.SDP.SIMPLE_PRIM36.ram/ENBWREN (net: ethernet_one_gbe_skarab_loop_tx_one_gbe/gmii_to_xaui_translator_0/gmii_to_xaui_fifo_0/U0/inst_fifo_gen/gconvfifo.rf/grf.rf/gntv_or_sync_fifo.mem/gbm.gbmg.gbmga.ngecc.bmg/inst_blk_mem_gen/gnbram.gnativebmg.native_blk_mem_gen/valid.cstr/ramloop[0].ram.r/prim_noinit.ram/DEVICE_7SERIES.NO_BMM_INFO.SDP.SIMPLE_PRIM36.ram_ENBWREN_cooolgate_en_sig_115) which is driven by a register (skarab_infr/sys_fpga_rst_reg) that has an active asychronous set or reset. This may cause corruption of the memory contents and/or read values when the set/reset is asserted and is not analyzed by the default static timing analysis. It is suggested to eliminate the use of a set/reset to registers driving this RAMB pin or else use a synchronous reset in which the assertion of the reset is timed by default.
WARNING: [DRC REQP-1839] RAMB36 async control check: The RAMB36E1 ethernet_one_gbe_skarab_loop_tx_one_gbe/gmii_to_xaui_translator_0/gmii_to_xaui_fifo_0/U0/inst_fifo_gen/gconvfifo.rf/grf.rf/gntv_or_sync_fifo.mem/gbm.gbmg.gbmga.ngecc.bmg/inst_blk_mem_gen/gnbram.gnativebmg.native_blk_mem_gen/valid.cstr/ramloop[0].ram.r/prim_noinit.ram/DEVICE_7SERIES.NO_BMM_INFO.SDP.SIMPLE_PRIM36.ram has an input control pin ethernet_one_gbe_skarab_loop_tx_one_gbe/gmii_to_xaui_translator_0/gmii_to_xaui_fifo_0/U0/inst_fifo_gen/gconvfifo.rf/grf.rf/gntv_or_sync_fifo.mem/gbm.gbmg.gbmga.ngecc.bmg/inst_blk_mem_gen/gnbram.gnativebmg.native_blk_mem_gen/valid.cstr/ramloop[0].ram.r/prim_noinit.ram/DEVICE_7SERIES.NO_BMM_INFO.SDP.SIMPLE_PRIM36.ram/RSTRAMB (net: ethernet_one_gbe_skarab_loop_tx_one_gbe/gmii_to_xaui_translator_0/gmii_to_xaui_fifo_0/U0/inst_fifo_gen/gconvfifo.rf/grf.rf/gntv_or_sync_fifo.mem/gbm.gbmg.gbmga.ngecc.bmg/inst_blk_mem_gen/gnbram.gnativebmg.native_blk_mem_gen/valid.cstr/ramloop[0].ram.r/prim_noinit.ram/rd_rst) which is driven by a register (skarab_infr/sys_fpga_rst_reg) that has an active asychronous set or reset. This may cause corruption of the memory contents and/or read values when the set/reset is asserted and is not analyzed by the default static timing analysis. It is suggested to eliminate the use of a set/reset to registers driving this RAMB pin or else use a synchronous reset in which the assertion of the reset is timed by default.
WARNING: [DRC REQP-1839] RAMB36 async control check: The RAMB36E1 ethernet_one_gbe_skarab_loop_tx_one_gbe/gmii_to_xaui_translator_0/gmii_to_xaui_fifo_0/U0/inst_fifo_gen/gconvfifo.rf/grf.rf/gntv_or_sync_fifo.mem/gbm.gbmg.gbmga.ngecc.bmg/inst_blk_mem_gen/gnbram.gnativebmg.native_blk_mem_gen/valid.cstr/ramloop[0].ram.r/prim_noinit.ram/DEVICE_7SERIES.NO_BMM_INFO.SDP.SIMPLE_PRIM36.ram has an input control pin ethernet_one_gbe_skarab_loop_tx_one_gbe/gmii_to_xaui_translator_0/gmii_to_xaui_fifo_0/U0/inst_fifo_gen/gconvfifo.rf/grf.rf/gntv_or_sync_fifo.mem/gbm.gbmg.gbmga.ngecc.bmg/inst_blk_mem_gen/gnbram.gnativebmg.native_blk_mem_gen/valid.cstr/ramloop[0].ram.r/prim_noinit.ram/DEVICE_7SERIES.NO_BMM_INFO.SDP.SIMPLE_PRIM36.ram/WEA[0] (net: ethernet_one_gbe_skarab_loop_tx_one_gbe/gmii_to_xaui_translator_0/gmii_to_xaui_fifo_0/U0/inst_fifo_gen/gconvfifo.rf/grf.rf/gntv_or_sync_fifo.mem/gbm.gbmg.gbmga.ngecc.bmg/inst_blk_mem_gen/gnbram.gnativebmg.native_blk_mem_gen/valid.cstr/ramloop[0].ram.r/prim_noinit.ram/DEVICE_7SERIES.NO_BMM_INFO.SDP.SIMPLE_PRIM36.ram_0) which is driven by a register (ethernet_one_gbe_skarab_loop_tx_one_gbe/gmii_to_xaui_translator_0/gmii_to_xaui_fifo_wr_en_reg) that has an active asychronous set or reset. This may cause corruption of the memory contents and/or read values when the set/reset is asserted and is not analyzed by the default static timing analysis. It is suggested to eliminate the use of a set/reset to registers driving this RAMB pin or else use a synchronous reset in which the assertion of the reset is timed by default.
WARNING: [DRC REQP-1839] RAMB36 async control check: The RAMB36E1 ethernet_one_gbe_skarab_loop_tx_one_gbe/gmii_to_xaui_translator_0/gmii_to_xaui_fifo_0/U0/inst_fifo_gen/gconvfifo.rf/grf.rf/gntv_or_sync_fifo.mem/gbm.gbmg.gbmga.ngecc.bmg/inst_blk_mem_gen/gnbram.gnativebmg.native_blk_mem_gen/valid.cstr/ramloop[1].ram.r/prim_noinit.ram/DEVICE_7SERIES.NO_BMM_INFO.SDP.SIMPLE_PRIM36.ram has an input control pin ethernet_one_gbe_skarab_loop_tx_one_gbe/gmii_to_xaui_translator_0/gmii_to_xaui_fifo_0/U0/inst_fifo_gen/gconvfifo.rf/grf.rf/gntv_or_sync_fifo.mem/gbm.gbmg.gbmga.ngecc.bmg/inst_blk_mem_gen/gnbram.gnativebmg.native_blk_mem_gen/valid.cstr/ramloop[1].ram.r/prim_noinit.ram/DEVICE_7SERIES.NO_BMM_INFO.SDP.SIMPLE_PRIM36.ram/ENARDEN (net: ethernet_one_gbe_skarab_loop_tx_one_gbe/gmii_to_xaui_translator_0/gmii_to_xaui_fifo_0/U0/inst_fifo_gen/gconvfifo.rf/grf.rf/gntv_or_sync_fifo.mem/gbm.gbmg.gbmga.ngecc.bmg/inst_blk_mem_gen/gnbram.gnativebmg.native_blk_mem_gen/valid.cstr/ramloop[1].ram.r/prim_noinit.ram/DEVICE_7SERIES.NO_BMM_INFO.SDP.SIMPLE_PRIM36.ram_0) which is driven by a register (ethernet_one_gbe_skarab_loop_tx_one_gbe/gmii_to_xaui_translator_0/gmii_to_xaui_fifo_wr_en_reg) that has an active asychronous set or reset. This may cause corruption of the memory contents and/or read values when the set/reset is asserted and is not analyzed by the default static timing analysis. It is suggested to eliminate the use of a set/reset to registers driving this RAMB pin or else use a synchronous reset in which the assertion of the reset is timed by default.
WARNING: [DRC REQP-1839] RAMB36 async control check: The RAMB36E1 ethernet_one_gbe_skarab_loop_tx_one_gbe/gmii_to_xaui_translator_0/gmii_to_xaui_fifo_0/U0/inst_fifo_gen/gconvfifo.rf/grf.rf/gntv_or_sync_fifo.mem/gbm.gbmg.gbmga.ngecc.bmg/inst_blk_mem_gen/gnbram.gnativebmg.native_blk_mem_gen/valid.cstr/ramloop[1].ram.r/prim_noinit.ram/DEVICE_7SERIES.NO_BMM_INFO.SDP.SIMPLE_PRIM36.ram has an input control pin ethernet_one_gbe_skarab_loop_tx_one_gbe/gmii_to_xaui_translator_0/gmii_to_xaui_fifo_0/U0/inst_fifo_gen/gconvfifo.rf/grf.rf/gntv_or_sync_fifo.mem/gbm.gbmg.gbmga.ngecc.bmg/inst_blk_mem_gen/gnbram.gnativebmg.native_blk_mem_gen/valid.cstr/ramloop[1].ram.r/prim_noinit.ram/DEVICE_7SERIES.NO_BMM_INFO.SDP.SIMPLE_PRIM36.ram/ENBWREN (net: ethernet_one_gbe_skarab_loop_tx_one_gbe/gmii_to_xaui_translator_0/gmii_to_xaui_fifo_0/U0/inst_fifo_gen/gconvfifo.rf/grf.rf/gntv_or_sync_fifo.mem/gbm.gbmg.gbmga.ngecc.bmg/inst_blk_mem_gen/gnbram.gnativebmg.native_blk_mem_gen/valid.cstr/ramloop[1].ram.r/prim_noinit.ram/DEVICE_7SERIES.NO_BMM_INFO.SDP.SIMPLE_PRIM36.ram_ENBWREN_cooolgate_en_sig_116) which is driven by a register (ethernet_one_gbe_skarab_loop_tx_one_gbe/gmii_to_xaui_translator_0/FSM_onehot_current_gen_state_reg[2]) that has an active asychronous set or reset. This may cause corruption of the memory contents and/or read values when the set/reset is asserted and is not analyzed by the default static timing analysis. It is suggested to eliminate the use of a set/reset to registers driving this RAMB pin or else use a synchronous reset in which the assertion of the reset is timed by default.
WARNING: [DRC REQP-1839] RAMB36 async control check: The RAMB36E1 ethernet_one_gbe_skarab_loop_tx_one_gbe/gmii_to_xaui_translator_0/gmii_to_xaui_fifo_0/U0/inst_fifo_gen/gconvfifo.rf/grf.rf/gntv_or_sync_fifo.mem/gbm.gbmg.gbmga.ngecc.bmg/inst_blk_mem_gen/gnbram.gnativebmg.native_blk_mem_gen/valid.cstr/ramloop[1].ram.r/prim_noinit.ram/DEVICE_7SERIES.NO_BMM_INFO.SDP.SIMPLE_PRIM36.ram has an input control pin ethernet_one_gbe_skarab_loop_tx_one_gbe/gmii_to_xaui_translator_0/gmii_to_xaui_fifo_0/U0/inst_fifo_gen/gconvfifo.rf/grf.rf/gntv_or_sync_fifo.mem/gbm.gbmg.gbmga.ngecc.bmg/inst_blk_mem_gen/gnbram.gnativebmg.native_blk_mem_gen/valid.cstr/ramloop[1].ram.r/prim_noinit.ram/DEVICE_7SERIES.NO_BMM_INFO.SDP.SIMPLE_PRIM36.ram/ENBWREN (net: ethernet_one_gbe_skarab_loop_tx_one_gbe/gmii_to_xaui_translator_0/gmii_to_xaui_fifo_0/U0/inst_fifo_gen/gconvfifo.rf/grf.rf/gntv_or_sync_fifo.mem/gbm.gbmg.gbmga.ngecc.bmg/inst_blk_mem_gen/gnbram.gnativebmg.native_blk_mem_gen/valid.cstr/ramloop[1].ram.r/prim_noinit.ram/DEVICE_7SERIES.NO_BMM_INFO.SDP.SIMPLE_PRIM36.ram_ENBWREN_cooolgate_en_sig_116) which is driven by a register (skarab_infr/sync_sys_fpga_rst_reg) that has an active asychronous set or reset. This may cause corruption of the memory contents and/or read values when the set/reset is asserted and is not analyzed by the default static timing analysis. It is suggested to eliminate the use of a set/reset to registers driving this RAMB pin or else use a synchronous reset in which the assertion of the reset is timed by default.
WARNING: [DRC REQP-1839] RAMB36 async control check: The RAMB36E1 ethernet_one_gbe_skarab_loop_tx_one_gbe/gmii_to_xaui_translator_0/gmii_to_xaui_fifo_0/U0/inst_fifo_gen/gconvfifo.rf/grf.rf/gntv_or_sync_fifo.mem/gbm.gbmg.gbmga.ngecc.bmg/inst_blk_mem_gen/gnbram.gnativebmg.native_blk_mem_gen/valid.cstr/ramloop[1].ram.r/prim_noinit.ram/DEVICE_7SERIES.NO_BMM_INFO.SDP.SIMPLE_PRIM36.ram has an input control pin ethernet_one_gbe_skarab_loop_tx_one_gbe/gmii_to_xaui_translator_0/gmii_to_xaui_fifo_0/U0/inst_fifo_gen/gconvfifo.rf/grf.rf/gntv_or_sync_fifo.mem/gbm.gbmg.gbmga.ngecc.bmg/inst_blk_mem_gen/gnbram.gnativebmg.native_blk_mem_gen/valid.cstr/ramloop[1].ram.r/prim_noinit.ram/DEVICE_7SERIES.NO_BMM_INFO.SDP.SIMPLE_PRIM36.ram/ENBWREN (net: ethernet_one_gbe_skarab_loop_tx_one_gbe/gmii_to_xaui_translator_0/gmii_to_xaui_fifo_0/U0/inst_fifo_gen/gconvfifo.rf/grf.rf/gntv_or_sync_fifo.mem/gbm.gbmg.gbmga.ngecc.bmg/inst_blk_mem_gen/gnbram.gnativebmg.native_blk_mem_gen/valid.cstr/ramloop[1].ram.r/prim_noinit.ram/DEVICE_7SERIES.NO_BMM_INFO.SDP.SIMPLE_PRIM36.ram_ENBWREN_cooolgate_en_sig_116) which is driven by a register (skarab_infr/sys_fpga_rst_reg) that has an active asychronous set or reset. This may cause corruption of the memory contents and/or read values when the set/reset is asserted and is not analyzed by the default static timing analysis. It is suggested to eliminate the use of a set/reset to registers driving this RAMB pin or else use a synchronous reset in which the assertion of the reset is timed by default.
WARNING: [DRC REQP-1839] RAMB36 async control check: The RAMB36E1 ethernet_one_gbe_skarab_loop_tx_one_gbe/gmii_to_xaui_translator_0/gmii_to_xaui_fifo_0/U0/inst_fifo_gen/gconvfifo.rf/grf.rf/gntv_or_sync_fifo.mem/gbm.gbmg.gbmga.ngecc.bmg/inst_blk_mem_gen/gnbram.gnativebmg.native_blk_mem_gen/valid.cstr/ramloop[1].ram.r/prim_noinit.ram/DEVICE_7SERIES.NO_BMM_INFO.SDP.SIMPLE_PRIM36.ram has an input control pin ethernet_one_gbe_skarab_loop_tx_one_gbe/gmii_to_xaui_translator_0/gmii_to_xaui_fifo_0/U0/inst_fifo_gen/gconvfifo.rf/grf.rf/gntv_or_sync_fifo.mem/gbm.gbmg.gbmga.ngecc.bmg/inst_blk_mem_gen/gnbram.gnativebmg.native_blk_mem_gen/valid.cstr/ramloop[1].ram.r/prim_noinit.ram/DEVICE_7SERIES.NO_BMM_INFO.SDP.SIMPLE_PRIM36.ram/RSTRAMB (net: ethernet_one_gbe_skarab_loop_tx_one_gbe/gmii_to_xaui_translator_0/gmii_to_xaui_fifo_0/U0/inst_fifo_gen/gconvfifo.rf/grf.rf/gntv_or_sync_fifo.mem/gbm.gbmg.gbmga.ngecc.bmg/inst_blk_mem_gen/gnbram.gnativebmg.native_blk_mem_gen/valid.cstr/ramloop[1].ram.r/prim_noinit.ram/rd_rst) which is driven by a register (skarab_infr/sys_fpga_rst_reg) that has an active asychronous set or reset. This may cause corruption of the memory contents and/or read values when the set/reset is asserted and is not analyzed by the default static timing analysis. It is suggested to eliminate the use of a set/reset to registers driving this RAMB pin or else use a synchronous reset in which the assertion of the reset is timed by default.
WARNING: [DRC REQP-1840] RAMB18 async control check: The RAMB18E1 ethernet_one_gbe_skarab_loop_tx_one_gbe/kat_ten_gb_eth_0/tge_tx_inst/arp_cache_inst/U0/inst_blk_mem_gen/gnbram.gnativebmg.native_blk_mem_gen/valid.cstr/ramloop[0].ram.r/prim_init.ram/DEVICE_7SERIES.NO_BMM_INFO.TRUE_DP.SIMPLE_PRIM18.ram has an input control pin ethernet_one_gbe_skarab_loop_tx_one_gbe/kat_ten_gb_eth_0/tge_tx_inst/arp_cache_inst/U0/inst_blk_mem_gen/gnbram.gnativebmg.native_blk_mem_gen/valid.cstr/ramloop[0].ram.r/prim_init.ram/DEVICE_7SERIES.NO_BMM_INFO.TRUE_DP.SIMPLE_PRIM18.ram/ADDRBWRADDR[11] (net: ethernet_one_gbe_skarab_loop_tx_one_gbe/kat_ten_gb_eth_0/tge_tx_inst/arp_cache_inst/U0/inst_blk_mem_gen/gnbram.gnativebmg.native_blk_mem_gen/valid.cstr/ramloop[0].ram.r/prim_init.ram/addrb[7]) which is driven by a register (ethernet_one_gbe_skarab_loop_tx_one_gbe/kat_ten_gb_eth_0/tge_tx_inst/large_packet_gen.tx_ctrl_fifo_ext/U0/inst_fifo_gen/gconvfifo.rf/grf.rf/gntv_or_sync_fifo.mem/goreg_dm.dout_i_reg[0]) that has an active asychronous set or reset. This may cause corruption of the memory contents and/or read values when the set/reset is asserted and is not analyzed by the default static timing analysis. It is suggested to eliminate the use of a set/reset to registers driving this RAMB pin or else use a synchronous reset in which the assertion of the reset is timed by default.
WARNING: [DRC REQP-1840] RAMB18 async control check: The RAMB18E1 ethernet_one_gbe_skarab_loop_tx_one_gbe/kat_ten_gb_eth_0/tge_tx_inst/arp_cache_inst/U0/inst_blk_mem_gen/gnbram.gnativebmg.native_blk_mem_gen/valid.cstr/ramloop[0].ram.r/prim_init.ram/DEVICE_7SERIES.NO_BMM_INFO.TRUE_DP.SIMPLE_PRIM18.ram has an input control pin ethernet_one_gbe_skarab_loop_tx_one_gbe/kat_ten_gb_eth_0/tge_tx_inst/arp_cache_inst/U0/inst_blk_mem_gen/gnbram.gnativebmg.native_blk_mem_gen/valid.cstr/ramloop[0].ram.r/prim_init.ram/DEVICE_7SERIES.NO_BMM_INFO.TRUE_DP.SIMPLE_PRIM18.ram/ADDRBWRADDR[11] (net: ethernet_one_gbe_skarab_loop_tx_one_gbe/kat_ten_gb_eth_0/tge_tx_inst/arp_cache_inst/U0/inst_blk_mem_gen/gnbram.gnativebmg.native_blk_mem_gen/valid.cstr/ramloop[0].ram.r/prim_init.ram/addrb[7]) which is driven by a register (ethernet_one_gbe_skarab_loop_tx_one_gbe/kat_ten_gb_eth_0/tge_tx_inst/large_packet_gen.tx_ctrl_fifo_ext/U0/inst_fifo_gen/gconvfifo.rf/grf.rf/gntv_or_sync_fifo.mem/goreg_dm.dout_i_reg[10]) that has an active asychronous set or reset. This may cause corruption of the memory contents and/or read values when the set/reset is asserted and is not analyzed by the default static timing analysis. It is suggested to eliminate the use of a set/reset to registers driving this RAMB pin or else use a synchronous reset in which the assertion of the reset is timed by default.
WARNING: [DRC REQP-1840] RAMB18 async control check: The RAMB18E1 ethernet_one_gbe_skarab_loop_tx_one_gbe/kat_ten_gb_eth_0/tge_tx_inst/arp_cache_inst/U0/inst_blk_mem_gen/gnbram.gnativebmg.native_blk_mem_gen/valid.cstr/ramloop[0].ram.r/prim_init.ram/DEVICE_7SERIES.NO_BMM_INFO.TRUE_DP.SIMPLE_PRIM18.ram has an input control pin ethernet_one_gbe_skarab_loop_tx_one_gbe/kat_ten_gb_eth_0/tge_tx_inst/arp_cache_inst/U0/inst_blk_mem_gen/gnbram.gnativebmg.native_blk_mem_gen/valid.cstr/ramloop[0].ram.r/prim_init.ram/DEVICE_7SERIES.NO_BMM_INFO.TRUE_DP.SIMPLE_PRIM18.ram/ADDRBWRADDR[11] (net: ethernet_one_gbe_skarab_loop_tx_one_gbe/kat_ten_gb_eth_0/tge_tx_inst/arp_cache_inst/U0/inst_blk_mem_gen/gnbram.gnativebmg.native_blk_mem_gen/valid.cstr/ramloop[0].ram.r/prim_init.ram/addrb[7]) which is driven by a register (ethernet_one_gbe_skarab_loop_tx_one_gbe/kat_ten_gb_eth_0/tge_tx_inst/large_packet_gen.tx_ctrl_fifo_ext/U0/inst_fifo_gen/gconvfifo.rf/grf.rf/gntv_or_sync_fifo.mem/goreg_dm.dout_i_reg[11]) that has an active asychronous set or reset. This may cause corruption of the memory contents and/or read values when the set/reset is asserted and is not analyzed by the default static timing analysis. It is suggested to eliminate the use of a set/reset to registers driving this RAMB pin or else use a synchronous reset in which the assertion of the reset is timed by default.
WARNING: [DRC REQP-1840] RAMB18 async control check: The RAMB18E1 ethernet_one_gbe_skarab_loop_tx_one_gbe/kat_ten_gb_eth_0/tge_tx_inst/arp_cache_inst/U0/inst_blk_mem_gen/gnbram.gnativebmg.native_blk_mem_gen/valid.cstr/ramloop[0].ram.r/prim_init.ram/DEVICE_7SERIES.NO_BMM_INFO.TRUE_DP.SIMPLE_PRIM18.ram has an input control pin ethernet_one_gbe_skarab_loop_tx_one_gbe/kat_ten_gb_eth_0/tge_tx_inst/arp_cache_inst/U0/inst_blk_mem_gen/gnbram.gnativebmg.native_blk_mem_gen/valid.cstr/ramloop[0].ram.r/prim_init.ram/DEVICE_7SERIES.NO_BMM_INFO.TRUE_DP.SIMPLE_PRIM18.ram/ADDRBWRADDR[11] (net: ethernet_one_gbe_skarab_loop_tx_one_gbe/kat_ten_gb_eth_0/tge_tx_inst/arp_cache_inst/U0/inst_blk_mem_gen/gnbram.gnativebmg.native_blk_mem_gen/valid.cstr/ramloop[0].ram.r/prim_init.ram/addrb[7]) which is driven by a register (ethernet_one_gbe_skarab_loop_tx_one_gbe/kat_ten_gb_eth_0/tge_tx_inst/large_packet_gen.tx_ctrl_fifo_ext/U0/inst_fifo_gen/gconvfifo.rf/grf.rf/gntv_or_sync_fifo.mem/goreg_dm.dout_i_reg[12]) that has an active asychronous set or reset. This may cause corruption of the memory contents and/or read values when the set/reset is asserted and is not analyzed by the default static timing analysis. It is suggested to eliminate the use of a set/reset to registers driving this RAMB pin or else use a synchronous reset in which the assertion of the reset is timed by default.
WARNING: [DRC REQP-1840] RAMB18 async control check: The RAMB18E1 ethernet_one_gbe_skarab_loop_tx_one_gbe/kat_ten_gb_eth_0/tge_tx_inst/arp_cache_inst/U0/inst_blk_mem_gen/gnbram.gnativebmg.native_blk_mem_gen/valid.cstr/ramloop[0].ram.r/prim_init.ram/DEVICE_7SERIES.NO_BMM_INFO.TRUE_DP.SIMPLE_PRIM18.ram has an input control pin ethernet_one_gbe_skarab_loop_tx_one_gbe/kat_ten_gb_eth_0/tge_tx_inst/arp_cache_inst/U0/inst_blk_mem_gen/gnbram.gnativebmg.native_blk_mem_gen/valid.cstr/ramloop[0].ram.r/prim_init.ram/DEVICE_7SERIES.NO_BMM_INFO.TRUE_DP.SIMPLE_PRIM18.ram/ADDRBWRADDR[11] (net: ethernet_one_gbe_skarab_loop_tx_one_gbe/kat_ten_gb_eth_0/tge_tx_inst/arp_cache_inst/U0/inst_blk_mem_gen/gnbram.gnativebmg.native_blk_mem_gen/valid.cstr/ramloop[0].ram.r/prim_init.ram/addrb[7]) which is driven by a register (ethernet_one_gbe_skarab_loop_tx_one_gbe/kat_ten_gb_eth_0/tge_tx_inst/large_packet_gen.tx_ctrl_fifo_ext/U0/inst_fifo_gen/gconvfifo.rf/grf.rf/gntv_or_sync_fifo.mem/goreg_dm.dout_i_reg[13]) that has an active asychronous set or reset. This may cause corruption of the memory contents and/or read values when the set/reset is asserted and is not analyzed by the default static timing analysis. It is suggested to eliminate the use of a set/reset to registers driving this RAMB pin or else use a synchronous reset in which the assertion of the reset is timed by default.
WARNING: [DRC REQP-1840] RAMB18 async control check: The RAMB18E1 ethernet_one_gbe_skarab_loop_tx_one_gbe/kat_ten_gb_eth_0/tge_tx_inst/arp_cache_inst/U0/inst_blk_mem_gen/gnbram.gnativebmg.native_blk_mem_gen/valid.cstr/ramloop[0].ram.r/prim_init.ram/DEVICE_7SERIES.NO_BMM_INFO.TRUE_DP.SIMPLE_PRIM18.ram has an input control pin ethernet_one_gbe_skarab_loop_tx_one_gbe/kat_ten_gb_eth_0/tge_tx_inst/arp_cache_inst/U0/inst_blk_mem_gen/gnbram.gnativebmg.native_blk_mem_gen/valid.cstr/ramloop[0].ram.r/prim_init.ram/DEVICE_7SERIES.NO_BMM_INFO.TRUE_DP.SIMPLE_PRIM18.ram/ADDRBWRADDR[11] (net: ethernet_one_gbe_skarab_loop_tx_one_gbe/kat_ten_gb_eth_0/tge_tx_inst/arp_cache_inst/U0/inst_blk_mem_gen/gnbram.gnativebmg.native_blk_mem_gen/valid.cstr/ramloop[0].ram.r/prim_init.ram/addrb[7]) which is driven by a register (ethernet_one_gbe_skarab_loop_tx_one_gbe/kat_ten_gb_eth_0/tge_tx_inst/large_packet_gen.tx_ctrl_fifo_ext/U0/inst_fifo_gen/gconvfifo.rf/grf.rf/gntv_or_sync_fifo.mem/goreg_dm.dout_i_reg[14]) that has an active asychronous set or reset. This may cause corruption of the memory contents and/or read values when the set/reset is asserted and is not analyzed by the default static timing analysis. It is suggested to eliminate the use of a set/reset to registers driving this RAMB pin or else use a synchronous reset in which the assertion of the reset is timed by default.
WARNING: [DRC REQP-1840] RAMB18 async control check: The RAMB18E1 ethernet_one_gbe_skarab_loop_tx_one_gbe/kat_ten_gb_eth_0/tge_tx_inst/arp_cache_inst/U0/inst_blk_mem_gen/gnbram.gnativebmg.native_blk_mem_gen/valid.cstr/ramloop[0].ram.r/prim_init.ram/DEVICE_7SERIES.NO_BMM_INFO.TRUE_DP.SIMPLE_PRIM18.ram has an input control pin ethernet_one_gbe_skarab_loop_tx_one_gbe/kat_ten_gb_eth_0/tge_tx_inst/arp_cache_inst/U0/inst_blk_mem_gen/gnbram.gnativebmg.native_blk_mem_gen/valid.cstr/ramloop[0].ram.r/prim_init.ram/DEVICE_7SERIES.NO_BMM_INFO.TRUE_DP.SIMPLE_PRIM18.ram/ADDRBWRADDR[11] (net: ethernet_one_gbe_skarab_loop_tx_one_gbe/kat_ten_gb_eth_0/tge_tx_inst/arp_cache_inst/U0/inst_blk_mem_gen/gnbram.gnativebmg.native_blk_mem_gen/valid.cstr/ramloop[0].ram.r/prim_init.ram/addrb[7]) which is driven by a register (ethernet_one_gbe_skarab_loop_tx_one_gbe/kat_ten_gb_eth_0/tge_tx_inst/large_packet_gen.tx_ctrl_fifo_ext/U0/inst_fifo_gen/gconvfifo.rf/grf.rf/gntv_or_sync_fifo.mem/goreg_dm.dout_i_reg[15]) that has an active asychronous set or reset. This may cause corruption of the memory contents and/or read values when the set/reset is asserted and is not analyzed by the default static timing analysis. It is suggested to eliminate the use of a set/reset to registers driving this RAMB pin or else use a synchronous reset in which the assertion of the reset is timed by default.
WARNING: [DRC REQP-1840] RAMB18 async control check: The RAMB18E1 ethernet_one_gbe_skarab_loop_tx_one_gbe/kat_ten_gb_eth_0/tge_tx_inst/arp_cache_inst/U0/inst_blk_mem_gen/gnbram.gnativebmg.native_blk_mem_gen/valid.cstr/ramloop[0].ram.r/prim_init.ram/DEVICE_7SERIES.NO_BMM_INFO.TRUE_DP.SIMPLE_PRIM18.ram has an input control pin ethernet_one_gbe_skarab_loop_tx_one_gbe/kat_ten_gb_eth_0/tge_tx_inst/arp_cache_inst/U0/inst_blk_mem_gen/gnbram.gnativebmg.native_blk_mem_gen/valid.cstr/ramloop[0].ram.r/prim_init.ram/DEVICE_7SERIES.NO_BMM_INFO.TRUE_DP.SIMPLE_PRIM18.ram/ADDRBWRADDR[11] (net: ethernet_one_gbe_skarab_loop_tx_one_gbe/kat_ten_gb_eth_0/tge_tx_inst/arp_cache_inst/U0/inst_blk_mem_gen/gnbram.gnativebmg.native_blk_mem_gen/valid.cstr/ramloop[0].ram.r/prim_init.ram/addrb[7]) which is driven by a register (ethernet_one_gbe_skarab_loop_tx_one_gbe/kat_ten_gb_eth_0/tge_tx_inst/large_packet_gen.tx_ctrl_fifo_ext/U0/inst_fifo_gen/gconvfifo.rf/grf.rf/gntv_or_sync_fifo.mem/goreg_dm.dout_i_reg[16]) that has an active asychronous set or reset. This may cause corruption of the memory contents and/or read values when the set/reset is asserted and is not analyzed by the default static timing analysis. It is suggested to eliminate the use of a set/reset to registers driving this RAMB pin or else use a synchronous reset in which the assertion of the reset is timed by default.
WARNING: [DRC REQP-1840] RAMB18 async control check: The RAMB18E1 ethernet_one_gbe_skarab_loop_tx_one_gbe/kat_ten_gb_eth_0/tge_tx_inst/arp_cache_inst/U0/inst_blk_mem_gen/gnbram.gnativebmg.native_blk_mem_gen/valid.cstr/ramloop[0].ram.r/prim_init.ram/DEVICE_7SERIES.NO_BMM_INFO.TRUE_DP.SIMPLE_PRIM18.ram has an input control pin ethernet_one_gbe_skarab_loop_tx_one_gbe/kat_ten_gb_eth_0/tge_tx_inst/arp_cache_inst/U0/inst_blk_mem_gen/gnbram.gnativebmg.native_blk_mem_gen/valid.cstr/ramloop[0].ram.r/prim_init.ram/DEVICE_7SERIES.NO_BMM_INFO.TRUE_DP.SIMPLE_PRIM18.ram/ADDRBWRADDR[11] (net: ethernet_one_gbe_skarab_loop_tx_one_gbe/kat_ten_gb_eth_0/tge_tx_inst/arp_cache_inst/U0/inst_blk_mem_gen/gnbram.gnativebmg.native_blk_mem_gen/valid.cstr/ramloop[0].ram.r/prim_init.ram/addrb[7]) which is driven by a register (ethernet_one_gbe_skarab_loop_tx_one_gbe/kat_ten_gb_eth_0/tge_tx_inst/large_packet_gen.tx_ctrl_fifo_ext/U0/inst_fifo_gen/gconvfifo.rf/grf.rf/gntv_or_sync_fifo.mem/goreg_dm.dout_i_reg[17]) that has an active asychronous set or reset. This may cause corruption of the memory contents and/or read values when the set/reset is asserted and is not analyzed by the default static timing analysis. It is suggested to eliminate the use of a set/reset to registers driving this RAMB pin or else use a synchronous reset in which the assertion of the reset is timed by default.
WARNING: [DRC REQP-1840] RAMB18 async control check: The RAMB18E1 ethernet_one_gbe_skarab_loop_tx_one_gbe/kat_ten_gb_eth_0/tge_tx_inst/arp_cache_inst/U0/inst_blk_mem_gen/gnbram.gnativebmg.native_blk_mem_gen/valid.cstr/ramloop[0].ram.r/prim_init.ram/DEVICE_7SERIES.NO_BMM_INFO.TRUE_DP.SIMPLE_PRIM18.ram has an input control pin ethernet_one_gbe_skarab_loop_tx_one_gbe/kat_ten_gb_eth_0/tge_tx_inst/arp_cache_inst/U0/inst_blk_mem_gen/gnbram.gnativebmg.native_blk_mem_gen/valid.cstr/ramloop[0].ram.r/prim_init.ram/DEVICE_7SERIES.NO_BMM_INFO.TRUE_DP.SIMPLE_PRIM18.ram/ADDRBWRADDR[11] (net: ethernet_one_gbe_skarab_loop_tx_one_gbe/kat_ten_gb_eth_0/tge_tx_inst/arp_cache_inst/U0/inst_blk_mem_gen/gnbram.gnativebmg.native_blk_mem_gen/valid.cstr/ramloop[0].ram.r/prim_init.ram/addrb[7]) which is driven by a register (ethernet_one_gbe_skarab_loop_tx_one_gbe/kat_ten_gb_eth_0/tge_tx_inst/large_packet_gen.tx_ctrl_fifo_ext/U0/inst_fifo_gen/gconvfifo.rf/grf.rf/gntv_or_sync_fifo.mem/goreg_dm.dout_i_reg[18]) that has an active asychronous set or reset. This may cause corruption of the memory contents and/or read values when the set/reset is asserted and is not analyzed by the default static timing analysis. It is suggested to eliminate the use of a set/reset to registers driving this RAMB pin or else use a synchronous reset in which the assertion of the reset is timed by default.
WARNING: [DRC REQP-1840] RAMB18 async control check: The RAMB18E1 ethernet_one_gbe_skarab_loop_tx_one_gbe/kat_ten_gb_eth_0/tge_tx_inst/arp_cache_inst/U0/inst_blk_mem_gen/gnbram.gnativebmg.native_blk_mem_gen/valid.cstr/ramloop[0].ram.r/prim_init.ram/DEVICE_7SERIES.NO_BMM_INFO.TRUE_DP.SIMPLE_PRIM18.ram has an input control pin ethernet_one_gbe_skarab_loop_tx_one_gbe/kat_ten_gb_eth_0/tge_tx_inst/arp_cache_inst/U0/inst_blk_mem_gen/gnbram.gnativebmg.native_blk_mem_gen/valid.cstr/ramloop[0].ram.r/prim_init.ram/DEVICE_7SERIES.NO_BMM_INFO.TRUE_DP.SIMPLE_PRIM18.ram/ADDRBWRADDR[11] (net: ethernet_one_gbe_skarab_loop_tx_one_gbe/kat_ten_gb_eth_0/tge_tx_inst/arp_cache_inst/U0/inst_blk_mem_gen/gnbram.gnativebmg.native_blk_mem_gen/valid.cstr/ramloop[0].ram.r/prim_init.ram/addrb[7]) which is driven by a register (ethernet_one_gbe_skarab_loop_tx_one_gbe/kat_ten_gb_eth_0/tge_tx_inst/large_packet_gen.tx_ctrl_fifo_ext/U0/inst_fifo_gen/gconvfifo.rf/grf.rf/gntv_or_sync_fifo.mem/goreg_dm.dout_i_reg[19]) that has an active asychronous set or reset. This may cause corruption of the memory contents and/or read values when the set/reset is asserted and is not analyzed by the default static timing analysis. It is suggested to eliminate the use of a set/reset to registers driving this RAMB pin or else use a synchronous reset in which the assertion of the reset is timed by default.
WARNING: [DRC REQP-1840] RAMB18 async control check: The RAMB18E1 ethernet_one_gbe_skarab_loop_tx_one_gbe/kat_ten_gb_eth_0/tge_tx_inst/arp_cache_inst/U0/inst_blk_mem_gen/gnbram.gnativebmg.native_blk_mem_gen/valid.cstr/ramloop[0].ram.r/prim_init.ram/DEVICE_7SERIES.NO_BMM_INFO.TRUE_DP.SIMPLE_PRIM18.ram has an input control pin ethernet_one_gbe_skarab_loop_tx_one_gbe/kat_ten_gb_eth_0/tge_tx_inst/arp_cache_inst/U0/inst_blk_mem_gen/gnbram.gnativebmg.native_blk_mem_gen/valid.cstr/ramloop[0].ram.r/prim_init.ram/DEVICE_7SERIES.NO_BMM_INFO.TRUE_DP.SIMPLE_PRIM18.ram/ADDRBWRADDR[11] (net: ethernet_one_gbe_skarab_loop_tx_one_gbe/kat_ten_gb_eth_0/tge_tx_inst/arp_cache_inst/U0/inst_blk_mem_gen/gnbram.gnativebmg.native_blk_mem_gen/valid.cstr/ramloop[0].ram.r/prim_init.ram/addrb[7]) which is driven by a register (ethernet_one_gbe_skarab_loop_tx_one_gbe/kat_ten_gb_eth_0/tge_tx_inst/large_packet_gen.tx_ctrl_fifo_ext/U0/inst_fifo_gen/gconvfifo.rf/grf.rf/gntv_or_sync_fifo.mem/goreg_dm.dout_i_reg[1]) that has an active asychronous set or reset. This may cause corruption of the memory contents and/or read values when the set/reset is asserted and is not analyzed by the default static timing analysis. It is suggested to eliminate the use of a set/reset to registers driving this RAMB pin or else use a synchronous reset in which the assertion of the reset is timed by default.
WARNING: [DRC REQP-1840] RAMB18 async control check: The RAMB18E1 ethernet_one_gbe_skarab_loop_tx_one_gbe/kat_ten_gb_eth_0/tge_tx_inst/arp_cache_inst/U0/inst_blk_mem_gen/gnbram.gnativebmg.native_blk_mem_gen/valid.cstr/ramloop[0].ram.r/prim_init.ram/DEVICE_7SERIES.NO_BMM_INFO.TRUE_DP.SIMPLE_PRIM18.ram has an input control pin ethernet_one_gbe_skarab_loop_tx_one_gbe/kat_ten_gb_eth_0/tge_tx_inst/arp_cache_inst/U0/inst_blk_mem_gen/gnbram.gnativebmg.native_blk_mem_gen/valid.cstr/ramloop[0].ram.r/prim_init.ram/DEVICE_7SERIES.NO_BMM_INFO.TRUE_DP.SIMPLE_PRIM18.ram/ADDRBWRADDR[11] (net: ethernet_one_gbe_skarab_loop_tx_one_gbe/kat_ten_gb_eth_0/tge_tx_inst/arp_cache_inst/U0/inst_blk_mem_gen/gnbram.gnativebmg.native_blk_mem_gen/valid.cstr/ramloop[0].ram.r/prim_init.ram/addrb[7]) which is driven by a register (ethernet_one_gbe_skarab_loop_tx_one_gbe/kat_ten_gb_eth_0/tge_tx_inst/large_packet_gen.tx_ctrl_fifo_ext/U0/inst_fifo_gen/gconvfifo.rf/grf.rf/gntv_or_sync_fifo.mem/goreg_dm.dout_i_reg[20]) that has an active asychronous set or reset. This may cause corruption of the memory contents and/or read values when the set/reset is asserted and is not analyzed by the default static timing analysis. It is suggested to eliminate the use of a set/reset to registers driving this RAMB pin or else use a synchronous reset in which the assertion of the reset is timed by default.
WARNING: [DRC REQP-1840] RAMB18 async control check: The RAMB18E1 ethernet_one_gbe_skarab_loop_tx_one_gbe/kat_ten_gb_eth_0/tge_tx_inst/arp_cache_inst/U0/inst_blk_mem_gen/gnbram.gnativebmg.native_blk_mem_gen/valid.cstr/ramloop[0].ram.r/prim_init.ram/DEVICE_7SERIES.NO_BMM_INFO.TRUE_DP.SIMPLE_PRIM18.ram has an input control pin ethernet_one_gbe_skarab_loop_tx_one_gbe/kat_ten_gb_eth_0/tge_tx_inst/arp_cache_inst/U0/inst_blk_mem_gen/gnbram.gnativebmg.native_blk_mem_gen/valid.cstr/ramloop[0].ram.r/prim_init.ram/DEVICE_7SERIES.NO_BMM_INFO.TRUE_DP.SIMPLE_PRIM18.ram/ADDRBWRADDR[11] (net: ethernet_one_gbe_skarab_loop_tx_one_gbe/kat_ten_gb_eth_0/tge_tx_inst/arp_cache_inst/U0/inst_blk_mem_gen/gnbram.gnativebmg.native_blk_mem_gen/valid.cstr/ramloop[0].ram.r/prim_init.ram/addrb[7]) which is driven by a register (ethernet_one_gbe_skarab_loop_tx_one_gbe/kat_ten_gb_eth_0/tge_tx_inst/large_packet_gen.tx_ctrl_fifo_ext/U0/inst_fifo_gen/gconvfifo.rf/grf.rf/gntv_or_sync_fifo.mem/goreg_dm.dout_i_reg[21]) that has an active asychronous set or reset. This may cause corruption of the memory contents and/or read values when the set/reset is asserted and is not analyzed by the default static timing analysis. It is suggested to eliminate the use of a set/reset to registers driving this RAMB pin or else use a synchronous reset in which the assertion of the reset is timed by default.
WARNING: [DRC REQP-1840] RAMB18 async control check: The RAMB18E1 ethernet_one_gbe_skarab_loop_tx_one_gbe/kat_ten_gb_eth_0/tge_tx_inst/arp_cache_inst/U0/inst_blk_mem_gen/gnbram.gnativebmg.native_blk_mem_gen/valid.cstr/ramloop[0].ram.r/prim_init.ram/DEVICE_7SERIES.NO_BMM_INFO.TRUE_DP.SIMPLE_PRIM18.ram has an input control pin ethernet_one_gbe_skarab_loop_tx_one_gbe/kat_ten_gb_eth_0/tge_tx_inst/arp_cache_inst/U0/inst_blk_mem_gen/gnbram.gnativebmg.native_blk_mem_gen/valid.cstr/ramloop[0].ram.r/prim_init.ram/DEVICE_7SERIES.NO_BMM_INFO.TRUE_DP.SIMPLE_PRIM18.ram/ADDRBWRADDR[11] (net: ethernet_one_gbe_skarab_loop_tx_one_gbe/kat_ten_gb_eth_0/tge_tx_inst/arp_cache_inst/U0/inst_blk_mem_gen/gnbram.gnativebmg.native_blk_mem_gen/valid.cstr/ramloop[0].ram.r/prim_init.ram/addrb[7]) which is driven by a register (ethernet_one_gbe_skarab_loop_tx_one_gbe/kat_ten_gb_eth_0/tge_tx_inst/large_packet_gen.tx_ctrl_fifo_ext/U0/inst_fifo_gen/gconvfifo.rf/grf.rf/gntv_or_sync_fifo.mem/goreg_dm.dout_i_reg[22]) that has an active asychronous set or reset. This may cause corruption of the memory contents and/or read values when the set/reset is asserted and is not analyzed by the default static timing analysis. It is suggested to eliminate the use of a set/reset to registers driving this RAMB pin or else use a synchronous reset in which the assertion of the reset is timed by default.
WARNING: [DRC REQP-1840] RAMB18 async control check: The RAMB18E1 ethernet_one_gbe_skarab_loop_tx_one_gbe/kat_ten_gb_eth_0/tge_tx_inst/arp_cache_inst/U0/inst_blk_mem_gen/gnbram.gnativebmg.native_blk_mem_gen/valid.cstr/ramloop[0].ram.r/prim_init.ram/DEVICE_7SERIES.NO_BMM_INFO.TRUE_DP.SIMPLE_PRIM18.ram has an input control pin ethernet_one_gbe_skarab_loop_tx_one_gbe/kat_ten_gb_eth_0/tge_tx_inst/arp_cache_inst/U0/inst_blk_mem_gen/gnbram.gnativebmg.native_blk_mem_gen/valid.cstr/ramloop[0].ram.r/prim_init.ram/DEVICE_7SERIES.NO_BMM_INFO.TRUE_DP.SIMPLE_PRIM18.ram/ADDRBWRADDR[11] (net: ethernet_one_gbe_skarab_loop_tx_one_gbe/kat_ten_gb_eth_0/tge_tx_inst/arp_cache_inst/U0/inst_blk_mem_gen/gnbram.gnativebmg.native_blk_mem_gen/valid.cstr/ramloop[0].ram.r/prim_init.ram/addrb[7]) which is driven by a register (ethernet_one_gbe_skarab_loop_tx_one_gbe/kat_ten_gb_eth_0/tge_tx_inst/large_packet_gen.tx_ctrl_fifo_ext/U0/inst_fifo_gen/gconvfifo.rf/grf.rf/gntv_or_sync_fifo.mem/goreg_dm.dout_i_reg[23]) that has an active asychronous set or reset. This may cause corruption of the memory contents and/or read values when the set/reset is asserted and is not analyzed by the default static timing analysis. It is suggested to eliminate the use of a set/reset to registers driving this RAMB pin or else use a synchronous reset in which the assertion of the reset is timed by default.
WARNING: [DRC REQP-1840] RAMB18 async control check: The RAMB18E1 ethernet_one_gbe_skarab_loop_tx_one_gbe/kat_ten_gb_eth_0/tge_tx_inst/arp_cache_inst/U0/inst_blk_mem_gen/gnbram.gnativebmg.native_blk_mem_gen/valid.cstr/ramloop[0].ram.r/prim_init.ram/DEVICE_7SERIES.NO_BMM_INFO.TRUE_DP.SIMPLE_PRIM18.ram has an input control pin ethernet_one_gbe_skarab_loop_tx_one_gbe/kat_ten_gb_eth_0/tge_tx_inst/arp_cache_inst/U0/inst_blk_mem_gen/gnbram.gnativebmg.native_blk_mem_gen/valid.cstr/ramloop[0].ram.r/prim_init.ram/DEVICE_7SERIES.NO_BMM_INFO.TRUE_DP.SIMPLE_PRIM18.ram/ADDRBWRADDR[11] (net: ethernet_one_gbe_skarab_loop_tx_one_gbe/kat_ten_gb_eth_0/tge_tx_inst/arp_cache_inst/U0/inst_blk_mem_gen/gnbram.gnativebmg.native_blk_mem_gen/valid.cstr/ramloop[0].ram.r/prim_init.ram/addrb[7]) which is driven by a register (ethernet_one_gbe_skarab_loop_tx_one_gbe/kat_ten_gb_eth_0/tge_tx_inst/large_packet_gen.tx_ctrl_fifo_ext/U0/inst_fifo_gen/gconvfifo.rf/grf.rf/gntv_or_sync_fifo.mem/goreg_dm.dout_i_reg[24]) that has an active asychronous set or reset. This may cause corruption of the memory contents and/or read values when the set/reset is asserted and is not analyzed by the default static timing analysis. It is suggested to eliminate the use of a set/reset to registers driving this RAMB pin or else use a synchronous reset in which the assertion of the reset is timed by default.
WARNING: [DRC REQP-1840] RAMB18 async control check: The RAMB18E1 ethernet_one_gbe_skarab_loop_tx_one_gbe/kat_ten_gb_eth_0/tge_tx_inst/arp_cache_inst/U0/inst_blk_mem_gen/gnbram.gnativebmg.native_blk_mem_gen/valid.cstr/ramloop[0].ram.r/prim_init.ram/DEVICE_7SERIES.NO_BMM_INFO.TRUE_DP.SIMPLE_PRIM18.ram has an input control pin ethernet_one_gbe_skarab_loop_tx_one_gbe/kat_ten_gb_eth_0/tge_tx_inst/arp_cache_inst/U0/inst_blk_mem_gen/gnbram.gnativebmg.native_blk_mem_gen/valid.cstr/ramloop[0].ram.r/prim_init.ram/DEVICE_7SERIES.NO_BMM_INFO.TRUE_DP.SIMPLE_PRIM18.ram/ADDRBWRADDR[11] (net: ethernet_one_gbe_skarab_loop_tx_one_gbe/kat_ten_gb_eth_0/tge_tx_inst/arp_cache_inst/U0/inst_blk_mem_gen/gnbram.gnativebmg.native_blk_mem_gen/valid.cstr/ramloop[0].ram.r/prim_init.ram/addrb[7]) which is driven by a register (ethernet_one_gbe_skarab_loop_tx_one_gbe/kat_ten_gb_eth_0/tge_tx_inst/large_packet_gen.tx_ctrl_fifo_ext/U0/inst_fifo_gen/gconvfifo.rf/grf.rf/gntv_or_sync_fifo.mem/goreg_dm.dout_i_reg[25]) that has an active asychronous set or reset. This may cause corruption of the memory contents and/or read values when the set/reset is asserted and is not analyzed by the default static timing analysis. It is suggested to eliminate the use of a set/reset to registers driving this RAMB pin or else use a synchronous reset in which the assertion of the reset is timed by default.
WARNING: [DRC REQP-1840] RAMB18 async control check: The RAMB18E1 ethernet_one_gbe_skarab_loop_tx_one_gbe/kat_ten_gb_eth_0/tge_tx_inst/arp_cache_inst/U0/inst_blk_mem_gen/gnbram.gnativebmg.native_blk_mem_gen/valid.cstr/ramloop[0].ram.r/prim_init.ram/DEVICE_7SERIES.NO_BMM_INFO.TRUE_DP.SIMPLE_PRIM18.ram has an input control pin ethernet_one_gbe_skarab_loop_tx_one_gbe/kat_ten_gb_eth_0/tge_tx_inst/arp_cache_inst/U0/inst_blk_mem_gen/gnbram.gnativebmg.native_blk_mem_gen/valid.cstr/ramloop[0].ram.r/prim_init.ram/DEVICE_7SERIES.NO_BMM_INFO.TRUE_DP.SIMPLE_PRIM18.ram/ADDRBWRADDR[11] (net: ethernet_one_gbe_skarab_loop_tx_one_gbe/kat_ten_gb_eth_0/tge_tx_inst/arp_cache_inst/U0/inst_blk_mem_gen/gnbram.gnativebmg.native_blk_mem_gen/valid.cstr/ramloop[0].ram.r/prim_init.ram/addrb[7]) which is driven by a register (ethernet_one_gbe_skarab_loop_tx_one_gbe/kat_ten_gb_eth_0/tge_tx_inst/large_packet_gen.tx_ctrl_fifo_ext/U0/inst_fifo_gen/gconvfifo.rf/grf.rf/gntv_or_sync_fifo.mem/goreg_dm.dout_i_reg[26]) that has an active asychronous set or reset. This may cause corruption of the memory contents and/or read values when the set/reset is asserted and is not analyzed by the default static timing analysis. It is suggested to eliminate the use of a set/reset to registers driving this RAMB pin or else use a synchronous reset in which the assertion of the reset is timed by default.
WARNING: [DRC REQP-1840] RAMB18 async control check: The RAMB18E1 ethernet_one_gbe_skarab_loop_tx_one_gbe/kat_ten_gb_eth_0/tge_tx_inst/arp_cache_inst/U0/inst_blk_mem_gen/gnbram.gnativebmg.native_blk_mem_gen/valid.cstr/ramloop[0].ram.r/prim_init.ram/DEVICE_7SERIES.NO_BMM_INFO.TRUE_DP.SIMPLE_PRIM18.ram has an input control pin ethernet_one_gbe_skarab_loop_tx_one_gbe/kat_ten_gb_eth_0/tge_tx_inst/arp_cache_inst/U0/inst_blk_mem_gen/gnbram.gnativebmg.native_blk_mem_gen/valid.cstr/ramloop[0].ram.r/prim_init.ram/DEVICE_7SERIES.NO_BMM_INFO.TRUE_DP.SIMPLE_PRIM18.ram/ADDRBWRADDR[11] (net: ethernet_one_gbe_skarab_loop_tx_one_gbe/kat_ten_gb_eth_0/tge_tx_inst/arp_cache_inst/U0/inst_blk_mem_gen/gnbram.gnativebmg.native_blk_mem_gen/valid.cstr/ramloop[0].ram.r/prim_init.ram/addrb[7]) which is driven by a register (ethernet_one_gbe_skarab_loop_tx_one_gbe/kat_ten_gb_eth_0/tge_tx_inst/large_packet_gen.tx_ctrl_fifo_ext/U0/inst_fifo_gen/gconvfifo.rf/grf.rf/gntv_or_sync_fifo.mem/goreg_dm.dout_i_reg[27]) that has an active asychronous set or reset. This may cause corruption of the memory contents and/or read values when the set/reset is asserted and is not analyzed by the default static timing analysis. It is suggested to eliminate the use of a set/reset to registers driving this RAMB pin or else use a synchronous reset in which the assertion of the reset is timed by default.
WARNING: [DRC RTSTAT-10] No routable loads: 28 net(s) have no routable loads. The problem bus(es) and/or net(s) are ethernet_one_gbe_skarab_loop_tx_one_gbe/kat_ten_gb_eth_0/tge_rx_inst/rx_packet_ctrl_fifo_inst/U0/inst_fifo_gen/gconvfifo.rf/grf.rf/gntv_or_sync_fifo.gl0.rd/gr1.gr1_int.rfwft/aempty_fwft_i, ethernet_one_gbe_skarab_loop_tx_one_gbe/kat_ten_gb_eth_0/tge_rx_inst/use_bram.rx_packet_fifo_bram_inst/U0/inst_fifo_gen/gconvfifo.rf/grf.rf/gntv_or_sync_fifo.gl0.rd/gr1.gr1_int.rfwft/aempty_fwft_i, ethernet_one_gbe_skarab_loop_tx_one_gbe/kat_ten_gb_eth_0/tge_tx_inst/large_packet_gen.tx_data_fifo_ext_0/U0/inst_fifo_gen/gconvfifo.rf/grf.rf/gntv_or_sync_fifo.gl0.rd/gr1.gr1_int.rfwft/aempty_fwft_i, ethernet_one_gbe_skarab_loop_tx_one_gbe/kat_ten_gb_eth_0/tge_tx_inst/tx_packet_fifo_inst/U0/inst_fifo_gen/gconvfifo.rf/grf.rf/gntv_or_sync_fifo.gl0.rd/gr1.gr1_int.rfwft/aempty_fwft_i, ethernet_one_gbe_skarab_loop_tx_one_gbe/kat_ten_gb_eth_0/tge_tx_inst/tx_packet_ctrl_fifo_inst/U0/inst_fifo_gen/gconvfifo.rf/grf.rf/gntv_or_sync_fifo.gl0.rd/gr1.gr1_int.rfwft/aempty_fwft_i, ethernet_one_gbe_skarab_loop_tx_one_gbe/kat_ten_gb_eth_0/tge_tx_inst/large_packet_gen.tx_ctrl_fifo_ext/U0/inst_fifo_gen/gconvfifo.rf/grf.rf/gntv_or_sync_fifo.gl0.rd/gr1.gr1_int.rfwft/aempty_fwft_i, skarab_infr/wishbone_flash_sdram_interface_0/isp_spi_programmer_0/isp_spi_buffer_1/U0/inst_fifo_gen/gconvfifo.rf/grf.rf/gntv_or_sync_fifo.gl0.wr/gwss.wsts/ram_afull_fb, skarab_infr/wishbone_flash_sdram_interface_0/isp_spi_programmer_0/isp_spi_buffer_0/U0/inst_fifo_gen/gconvfifo.rf/grf.rf/gntv_or_sync_fifo.gl0.wr/gwss.wsts/ram_afull_fb, skarab_infr/wishbone_flash_sdram_interface_0/common_clock_fifo_32x16_0/U0/inst_fifo_gen/gconvfifo.rf/grf.rf/gntv_or_sync_fifo.gl0.wr/gwss.wsts/ram_afull_fb, ethernet_one_gbe_skarab_loop_tx_one_gbe/kat_ten_gb_eth_0/tge_tx_inst/large_packet_gen.tx_data_fifo_ext_0/U0/inst_fifo_gen/gconvfifo.rf/grf.rf/gntv_or_sync_fifo.gl0.wr/gwss.wsts/ram_afull_fb, ethernet_one_gbe_skarab_loop_tx_one_gbe/kat_ten_gb_eth_0/tge_tx_inst/large_packet_gen.tx_ctrl_fifo_ext/U0/inst_fifo_gen/gconvfifo.rf/grf.rf/gntv_or_sync_fifo.gl0.wr/gwss.wsts/ram_afull_fb, skarab_infr/wishbone_flash_sdram_interface_0/isp_spi_programmer_0/isp_spi_buffer_1/U0/inst_fifo_gen/gconvfifo.rf/grf.rf/gntv_or_sync_fifo.gl0.wr/gwss.wsts/ram_afull_i, skarab_infr/wishbone_flash_sdram_interface_0/isp_spi_programmer_0/isp_spi_buffer_0/U0/inst_fifo_gen/gconvfifo.rf/grf.rf/gntv_or_sync_fifo.gl0.wr/gwss.wsts/ram_afull_i, ethernet_one_gbe_skarab_loop_tx_one_gbe/kat_ten_gb_eth_0/tge_tx_inst/large_packet_gen.tx_ctrl_fifo_ext/U0/inst_fifo_gen/gconvfifo.rf/grf.rf/gntv_or_sync_fifo.gl0.wr/gwss.wsts/ram_afull_i, ethernet_one_gbe_skarab_loop_tx_one_gbe/kat_ten_gb_eth_0/tge_tx_inst/large_packet_gen.tx_data_fifo_ext_0/U0/inst_fifo_gen/gconvfifo.rf/grf.rf/gntv_or_sync_fifo.gl0.wr/gwss.wsts/ram_afull_i... and (the first 15 of 28 listed).
INFO: [DRC AVAL-5] enum_USE_MULT_NONE_enum_DREG_ADREG_0_connects_CED_CEAD_RSTD_GND: ethernet_one_gbe_skarab_loop_inst/ethernet_one_gbe_skarab_loop_struct/d3/ss/add_gen/add_gen/comp1.core_instance1/U0/i_synth/i_baseip.i_xbip_counter/i_dsp48.i_dsp/i_vx7.i_dsp48e_wrap/i_primitive: DSP48E1 is not using the Multiplier (USE_MULT = NONE). For improved power characteristics, set DREG and ADREG to '1', tie CED, CEAD, and RSTD to logic '0'.
INFO: [DRC AVAL-5] enum_USE_MULT_NONE_enum_DREG_ADREG_0_connects_CED_CEAD_RSTD_GND: ethernet_one_gbe_skarab_loop_inst/ethernet_one_gbe_skarab_loop_struct/d4/ss/add_gen/add_gen/comp1.core_instance1/U0/i_synth/i_baseip.i_xbip_counter/i_dsp48.i_dsp/i_vx7.i_dsp48e_wrap/i_primitive: DSP48E1 is not using the Multiplier (USE_MULT = NONE). For improved power characteristics, set DREG and ADREG to '1', tie CED, CEAD, and RSTD to logic '0'.
INFO: [DRC AVAL-5] enum_USE_MULT_NONE_enum_DREG_ADREG_0_connects_CED_CEAD_RSTD_GND: ethernet_one_gbe_skarab_loop_inst/ethernet_one_gbe_skarab_loop_struct/d5/ss/add_gen/add_gen/comp1.core_instance1/U0/i_synth/i_baseip.i_xbip_counter/i_dsp48.i_dsp/i_vx7.i_dsp48e_wrap/i_primitive: DSP48E1 is not using the Multiplier (USE_MULT = NONE). For improved power characteristics, set DREG and ADREG to '1', tie CED, CEAD, and RSTD to logic '0'.
INFO: [DRC AVAL-5] enum_USE_MULT_NONE_enum_DREG_ADREG_0_connects_CED_CEAD_RSTD_GND: ethernet_one_gbe_skarab_loop_inst/ethernet_one_gbe_skarab_loop_struct/pkt_ctrs1/ss/add_gen/add_gen/comp3.core_instance3/U0/i_synth/i_baseip.i_xbip_counter/i_dsp48.i_dsp/i_vx7.i_dsp48e_wrap/i_primitive: DSP48E1 is not using the Multiplier (USE_MULT = NONE). For improved power characteristics, set DREG and ADREG to '1', tie CED, CEAD, and RSTD to logic '0'.
INFO: [DRC AVAL-5] enum_USE_MULT_NONE_enum_DREG_ADREG_0_connects_CED_CEAD_RSTD_GND: ethernet_one_gbe_skarab_loop_inst/ethernet_one_gbe_skarab_loop_struct/pkt_ctrs_compare1/ss/add_gen/add_gen/comp4.core_instance4/U0/i_synth/i_baseip.i_xbip_counter/i_dsp48.i_dsp/i_vx7.i_dsp48e_wrap/i_primitive: DSP48E1 is not using the Multiplier (USE_MULT = NONE). For improved power characteristics, set DREG and ADREG to '1', tie CED, CEAD, and RSTD to logic '0'.
INFO: [DRC REQP-181] writefirst: Synchronous clocking is detected for BRAM (ethernet_one_gbe_skarab_loop_inst/ethernet_one_gbe_skarab_loop_struct/axi_fifo1/xpm_fifo_axis_inst/xpm_fifo_base_inst/gen_sdpram.xpm_memory_base_inst/gen_wr_a.gen_word_narrow.mem_reg) in SDP mode with WRITE_FIRST write-mode. This is the preferred mode for best power characteristics, however it may exhibit address collisions if the same address appears on both read and write ports resulting in unknown or corrupted read data. It is suggested to confirm via simulation that an address collision never occurs and if so it is suggested to try and avoid this situation. If address collisions cannot be avoided, the write-mode may be set to READ_FIRST which guarantees that the read data is the prior contents of the memory at the cost of additional power in the design. See the FPGA Memory Resources User Guide for additional information.
INFO: [Vivado 12-3199] DRC finished with 0 Errors, 43 Warnings, 6 Advisories
INFO: [Vivado 12-3200] Please refer to the DRC report (report_drc) for more information.
INFO: [Memdata 28-144] Successfully populated the BRAM INIT strings from the following elf files: /home/valmyrsilva07/virtex7/skarab-virtex7-toolflow/fpgs/ethernet_one_gbe_skarab_control/ethernet_one_gbe_skarab_loop/myproj/myproj.srcs/sources_1/imports/cont_microblaze/EMB123701U1R1.elf 
INFO: [Designutils 20-2272] Running write_bitstream with 8 threads.
Loading data files...
Loading site data...
Loading route data...
Processing options...
Creating bitmap...
Creating bitstream...
Bitstream compression saved 173814528 bits.
Writing bitstream ./top.bit...
Writing bitstream ./top.bin...
INFO: [Vivado 12-1842] Bitgen Completed Successfully.
INFO: [Project 1-118] WebTalk data collection is enabled (User setting is ON. Install Setting is ON.).
INFO: [Common 17-83] Releasing license: Implementation
29 Infos, 43 Warnings, 0 Critical Warnings and 0 Errors encountered.
write_bitstream completed successfully
write_bitstream: Time (s): cpu = 00:00:37 ; elapsed = 00:00:22 . Memory (MB): peak = 3656.012 ; gain = 848.750 ; free physical = 42712 ; free virtual = 51812
INFO: [Common 17-206] Exiting Vivado at Sat Aug  1 19:47:15 2026...
