Copyright 1986-2019 Xilinx, Inc. All Rights Reserved.
---------------------------------------------------------------------------------------------------------------------------------------------------------------------------------
| Tool Version : Vivado v.2019.1 (lin64) Build 2552052 Fri May 24 14:47:09 MDT 2019
| Date         : Tue Jun 16 00:23:48 2026
| Host         : valmyrsilva07-B760M-AORUS-ELITE running 64-bit Ubuntu 20.04.6 LTS
| Command      : report_bus_skew -warn_on_violation -file top_bus_skew_postroute_physopted.rpt -pb top_bus_skew_postroute_physopted.pb -rpx top_bus_skew_postroute_physopted.rpx
| Design       : top
| Device       : 7vx690t-ffg1927
| Speed File   : -2  PRODUCTION 1.11 2014-09-11
---------------------------------------------------------------------------------------------------------------------------------------------------------------------------------

Bus Skew Report

Table of Contents
-----------------
1. Bus Skew Report Summary
2. Bus Skew Report Per Constraint

1. Bus Skew Report Summary
--------------------------

Id  Position  From                            To                              Corner  Requirement(ns)  Actual(ns)  Slack(ns)
--  --------  ------------------------------  ------------------------------  ------  ---------------  ----------  ---------
1   279       [get_cells [list {ethernet_one_gbe_skarab_control_tx_one_gbe/kat_ten_gb_eth_0/tge_rx_inst/rx_packet_ctrl_fifo_inst/U0/inst_fifo_gen/gconvfifo.rf/grf.rf/gntv_or_sync_fifo.gcx.clkx/rd_pntr_cdc_inst/src_gray_ff_reg[0]} {ethernet_one_gbe_skarab_control_tx_one_gbe/kat_ten_gb_eth_0/tge_rx_inst/rx_packet_ctrl_fifo_inst/U0/inst_fifo_gen/gconvfifo.rf/grf.rf/gntv_or_sync_fifo.gcx.clkx/rd_pntr_cdc_inst/src_gray_ff_reg[1]} {ethernet_one_gbe_skarab_control_tx_one_gbe/kat_ten_gb_eth_0/tge_rx_inst/rx_packet_ctrl_fifo_inst/U0/inst_fifo_gen/gconvfifo.rf/grf.rf/gntv_or_sync_fifo.gcx.clkx/rd_pntr_cdc_inst/src_gray_ff_reg[2]} {ethernet_one_gbe_skarab_control_tx_one_gbe/kat_ten_gb_eth_0/tge_rx_inst/rx_packet_ctrl_fifo_inst/U0/inst_fifo_gen/gconvfifo.rf/grf.rf/gntv_or_sync_fifo.gcx.clkx/rd_pntr_cdc_inst/src_gray_ff_reg[3]}]]
                                              [get_cells [list {ethernet_one_gbe_skarab_control_tx_one_gbe/kat_ten_gb_eth_0/tge_rx_inst/rx_packet_ctrl_fifo_inst/U0/inst_fifo_gen/gconvfifo.rf/grf.rf/gntv_or_sync_fifo.gcx.clkx/rd_pntr_cdc_inst/dest_graysync_ff_reg[0][0]} {ethernet_one_gbe_skarab_control_tx_one_gbe/kat_ten_gb_eth_0/tge_rx_inst/rx_packet_ctrl_fifo_inst/U0/inst_fifo_gen/gconvfifo.rf/grf.rf/gntv_or_sync_fifo.gcx.clkx/rd_pntr_cdc_inst/dest_graysync_ff_reg[0][1]} {ethernet_one_gbe_skarab_control_tx_one_gbe/kat_ten_gb_eth_0/tge_rx_inst/rx_packet_ctrl_fifo_inst/U0/inst_fifo_gen/gconvfifo.rf/grf.rf/gntv_or_sync_fifo.gcx.clkx/rd_pntr_cdc_inst/dest_graysync_ff_reg[0][2]} {ethernet_one_gbe_skarab_control_tx_one_gbe/kat_ten_gb_eth_0/tge_rx_inst/rx_packet_ctrl_fifo_inst/U0/inst_fifo_gen/gconvfifo.rf/grf.rf/gntv_or_sync_fifo.gcx.clkx/rd_pntr_cdc_inst/dest_graysync_ff_reg[0][3]}]]
                                                                              Slow              4.335       1.398      2.937
2   281       [get_cells [list {ethernet_one_gbe_skarab_control_tx_one_gbe/kat_ten_gb_eth_0/tge_rx_inst/rx_packet_ctrl_fifo_inst/U0/inst_fifo_gen/gconvfifo.rf/grf.rf/gntv_or_sync_fifo.gcx.clkx/wr_pntr_cdc_inst/src_gray_ff_reg[0]} {ethernet_one_gbe_skarab_control_tx_one_gbe/kat_ten_gb_eth_0/tge_rx_inst/rx_packet_ctrl_fifo_inst/U0/inst_fifo_gen/gconvfifo.rf/grf.rf/gntv_or_sync_fifo.gcx.clkx/wr_pntr_cdc_inst/src_gray_ff_reg[1]} {ethernet_one_gbe_skarab_control_tx_one_gbe/kat_ten_gb_eth_0/tge_rx_inst/rx_packet_ctrl_fifo_inst/U0/inst_fifo_gen/gconvfifo.rf/grf.rf/gntv_or_sync_fifo.gcx.clkx/wr_pntr_cdc_inst/src_gray_ff_reg[2]} {ethernet_one_gbe_skarab_control_tx_one_gbe/kat_ten_gb_eth_0/tge_rx_inst/rx_packet_ctrl_fifo_inst/U0/inst_fifo_gen/gconvfifo.rf/grf.rf/gntv_or_sync_fifo.gcx.clkx/wr_pntr_cdc_inst/src_gray_ff_reg[3]}]]
                                              [get_cells [list {ethernet_one_gbe_skarab_control_tx_one_gbe/kat_ten_gb_eth_0/tge_rx_inst/rx_packet_ctrl_fifo_inst/U0/inst_fifo_gen/gconvfifo.rf/grf.rf/gntv_or_sync_fifo.gcx.clkx/wr_pntr_cdc_inst/dest_graysync_ff_reg[0][0]} {ethernet_one_gbe_skarab_control_tx_one_gbe/kat_ten_gb_eth_0/tge_rx_inst/rx_packet_ctrl_fifo_inst/U0/inst_fifo_gen/gconvfifo.rf/grf.rf/gntv_or_sync_fifo.gcx.clkx/wr_pntr_cdc_inst/dest_graysync_ff_reg[0][1]} {ethernet_one_gbe_skarab_control_tx_one_gbe/kat_ten_gb_eth_0/tge_rx_inst/rx_packet_ctrl_fifo_inst/U0/inst_fifo_gen/gconvfifo.rf/grf.rf/gntv_or_sync_fifo.gcx.clkx/wr_pntr_cdc_inst/dest_graysync_ff_reg[0][2]} {ethernet_one_gbe_skarab_control_tx_one_gbe/kat_ten_gb_eth_0/tge_rx_inst/rx_packet_ctrl_fifo_inst/U0/inst_fifo_gen/gconvfifo.rf/grf.rf/gntv_or_sync_fifo.gcx.clkx/wr_pntr_cdc_inst/dest_graysync_ff_reg[0][3]}]]
                                                                              Slow              4.335       1.494      2.841
3   283       [get_cells [list {ethernet_one_gbe_skarab_control_tx_one_gbe/kat_ten_gb_eth_0/tge_rx_inst/use_bram.rx_packet_fifo_bram_inst/U0/inst_fifo_gen/gconvfifo.rf/grf.rf/gntv_or_sync_fifo.gcx.clkx/rd_pntr_cdc_inst/src_gray_ff_reg[0]} {ethernet_one_gbe_skarab_control_tx_one_gbe/kat_ten_gb_eth_0/tge_rx_inst/use_bram.rx_packet_fifo_bram_inst/U0/inst_fifo_gen/gconvfifo.rf/grf.rf/gntv_or_sync_fifo.gcx.clkx/rd_pntr_cdc_inst/src_gray_ff_reg[1]} {ethernet_one_gbe_skarab_control_tx_one_gbe/kat_ten_gb_eth_0/tge_rx_inst/use_bram.rx_packet_fifo_bram_inst/U0/inst_fifo_gen/gconvfifo.rf/grf.rf/gntv_or_sync_fifo.gcx.clkx/rd_pntr_cdc_inst/src_gray_ff_reg[2]} {ethernet_one_gbe_skarab_control_tx_one_gbe/kat_ten_gb_eth_0/tge_rx_inst/use_bram.rx_packet_fifo_bram_inst/U0/inst_fifo_gen/gconvfifo.rf/grf.rf/gntv_or_sync_fifo.gcx.clkx/rd_pntr_cdc_inst/src_gray_ff_reg[3]} {ethernet_one_gbe_skarab_control_tx_one_gbe/kat_ten_gb_eth_0/tge_rx_inst/use_bram.rx_packet_fifo_bram_inst/U0/inst_fifo_gen/gconvfifo.rf/grf.rf/gntv_or_sync_fifo.gcx.clkx/rd_pntr_cdc_inst/src_gray_ff_reg[4]} {ethernet_one_gbe_skarab_control_tx_one_gbe/kat_ten_gb_eth_0/tge_rx_inst/use_bram.rx_packet_fifo_bram_inst/U0/inst_fifo_gen/gconvfifo.rf/grf.rf/gntv_or_sync_fifo.gcx.clkx/rd_pntr_cdc_inst/src_gray_ff_reg[5]} {ethernet_one_gbe_skarab_control_tx_one_gbe/kat_ten_gb_eth_0/tge_rx_inst/use_bram.rx_packet_fifo_bram_inst/U0/inst_fifo_gen/gconvfifo.rf/grf.rf/gntv_or_sync_fifo.gcx.clkx/rd_pntr_cdc_inst/src_gray_ff_reg[6]} {ethernet_one_gbe_skarab_control_tx_one_gbe/kat_ten_gb_eth_0/tge_rx_inst/use_bram.rx_packet_fifo_bram_inst/U0/inst_fifo_gen/gconvfifo.rf/grf.rf/gntv_or_sync_fifo.gcx.clkx/rd_pntr_cdc_inst/src_gray_ff_reg[7]} {ethernet_one_gbe_skarab_control_tx_one_gbe/kat_ten_gb_eth_0/tge_rx_inst/use_bram.rx_packet_fifo_bram_inst/U0/inst_fifo_gen/gconvfifo.rf/grf.rf/gntv_or_sync_fifo.gcx.clkx/rd_pntr_cdc_inst/src_gray_ff_reg[8]} {ethernet_one_gbe_skarab_control_tx_one_gbe/kat_ten_gb_eth_0/tge_rx_inst/use_bram.rx_packet_fifo_bram_inst/U0/inst_fifo_gen/gconvfifo.rf/grf.rf/gntv_or_sync_fifo.gcx.clkx/rd_pntr_cdc_inst/src_gray_ff_reg[9]}]]
                                              [get_cells [list {ethernet_one_gbe_skarab_control_tx_one_gbe/kat_ten_gb_eth_0/tge_rx_inst/use_bram.rx_packet_fifo_bram_inst/U0/inst_fifo_gen/gconvfifo.rf/grf.rf/gntv_or_sync_fifo.gcx.clkx/rd_pntr_cdc_inst/dest_graysync_ff_reg[0][0]} {ethernet_one_gbe_skarab_control_tx_one_gbe/kat_ten_gb_eth_0/tge_rx_inst/use_bram.rx_packet_fifo_bram_inst/U0/inst_fifo_gen/gconvfifo.rf/grf.rf/gntv_or_sync_fifo.gcx.clkx/rd_pntr_cdc_inst/dest_graysync_ff_reg[0][1]} {ethernet_one_gbe_skarab_control_tx_one_gbe/kat_ten_gb_eth_0/tge_rx_inst/use_bram.rx_packet_fifo_bram_inst/U0/inst_fifo_gen/gconvfifo.rf/grf.rf/gntv_or_sync_fifo.gcx.clkx/rd_pntr_cdc_inst/dest_graysync_ff_reg[0][2]} {ethernet_one_gbe_skarab_control_tx_one_gbe/kat_ten_gb_eth_0/tge_rx_inst/use_bram.rx_packet_fifo_bram_inst/U0/inst_fifo_gen/gconvfifo.rf/grf.rf/gntv_or_sync_fifo.gcx.clkx/rd_pntr_cdc_inst/dest_graysync_ff_reg[0][3]} {ethernet_one_gbe_skarab_control_tx_one_gbe/kat_ten_gb_eth_0/tge_rx_inst/use_bram.rx_packet_fifo_bram_inst/U0/inst_fifo_gen/gconvfifo.rf/grf.rf/gntv_or_sync_fifo.gcx.clkx/rd_pntr_cdc_inst/dest_graysync_ff_reg[0][4]} {ethernet_one_gbe_skarab_control_tx_one_gbe/kat_ten_gb_eth_0/tge_rx_inst/use_bram.rx_packet_fifo_bram_inst/U0/inst_fifo_gen/gconvfifo.rf/grf.rf/gntv_or_sync_fifo.gcx.clkx/rd_pntr_cdc_inst/dest_graysync_ff_reg[0][5]} {ethernet_one_gbe_skarab_control_tx_one_gbe/kat_ten_gb_eth_0/tge_rx_inst/use_bram.rx_packet_fifo_bram_inst/U0/inst_fifo_gen/gconvfifo.rf/grf.rf/gntv_or_sync_fifo.gcx.clkx/rd_pntr_cdc_inst/dest_graysync_ff_reg[0][6]} {ethernet_one_gbe_skarab_control_tx_one_gbe/kat_ten_gb_eth_0/tge_rx_inst/use_bram.rx_packet_fifo_bram_inst/U0/inst_fifo_gen/gconvfifo.rf/grf.rf/gntv_or_sync_fifo.gcx.clkx/rd_pntr_cdc_inst/dest_graysync_ff_reg[0][7]} {ethernet_one_gbe_skarab_control_tx_one_gbe/kat_ten_gb_eth_0/tge_rx_inst/use_bram.rx_packet_fifo_bram_inst/U0/inst_fifo_gen/gconvfifo.rf/grf.rf/gntv_or_sync_fifo.gcx.clkx/rd_pntr_cdc_inst/dest_graysync_ff_reg[0][8]} {ethernet_one_gbe_skarab_control_tx_one_gbe/kat_ten_gb_eth_0/tge_rx_inst/use_bram.rx_packet_fifo_bram_inst/U0/inst_fifo_gen/gconvfifo.rf/grf.rf/gntv_or_sync_fifo.gcx.clkx/rd_pntr_cdc_inst/dest_graysync_ff_reg[0][9]}]]
                                                                              Slow              4.335       1.548      2.787
4   285       [get_cells [list {ethernet_one_gbe_skarab_control_tx_one_gbe/kat_ten_gb_eth_0/tge_rx_inst/use_bram.rx_packet_fifo_bram_inst/U0/inst_fifo_gen/gconvfifo.rf/grf.rf/gntv_or_sync_fifo.gcx.clkx/wr_pntr_cdc_inst/src_gray_ff_reg[0]} {ethernet_one_gbe_skarab_control_tx_one_gbe/kat_ten_gb_eth_0/tge_rx_inst/use_bram.rx_packet_fifo_bram_inst/U0/inst_fifo_gen/gconvfifo.rf/grf.rf/gntv_or_sync_fifo.gcx.clkx/wr_pntr_cdc_inst/src_gray_ff_reg[1]} {ethernet_one_gbe_skarab_control_tx_one_gbe/kat_ten_gb_eth_0/tge_rx_inst/use_bram.rx_packet_fifo_bram_inst/U0/inst_fifo_gen/gconvfifo.rf/grf.rf/gntv_or_sync_fifo.gcx.clkx/wr_pntr_cdc_inst/src_gray_ff_reg[2]} {ethernet_one_gbe_skarab_control_tx_one_gbe/kat_ten_gb_eth_0/tge_rx_inst/use_bram.rx_packet_fifo_bram_inst/U0/inst_fifo_gen/gconvfifo.rf/grf.rf/gntv_or_sync_fifo.gcx.clkx/wr_pntr_cdc_inst/src_gray_ff_reg[3]} {ethernet_one_gbe_skarab_control_tx_one_gbe/kat_ten_gb_eth_0/tge_rx_inst/use_bram.rx_packet_fifo_bram_inst/U0/inst_fifo_gen/gconvfifo.rf/grf.rf/gntv_or_sync_fifo.gcx.clkx/wr_pntr_cdc_inst/src_gray_ff_reg[4]} {ethernet_one_gbe_skarab_control_tx_one_gbe/kat_ten_gb_eth_0/tge_rx_inst/use_bram.rx_packet_fifo_bram_inst/U0/inst_fifo_gen/gconvfifo.rf/grf.rf/gntv_or_sync_fifo.gcx.clkx/wr_pntr_cdc_inst/src_gray_ff_reg[5]} {ethernet_one_gbe_skarab_control_tx_one_gbe/kat_ten_gb_eth_0/tge_rx_inst/use_bram.rx_packet_fifo_bram_inst/U0/inst_fifo_gen/gconvfifo.rf/grf.rf/gntv_or_sync_fifo.gcx.clkx/wr_pntr_cdc_inst/src_gray_ff_reg[6]} {ethernet_one_gbe_skarab_control_tx_one_gbe/kat_ten_gb_eth_0/tge_rx_inst/use_bram.rx_packet_fifo_bram_inst/U0/inst_fifo_gen/gconvfifo.rf/grf.rf/gntv_or_sync_fifo.gcx.clkx/wr_pntr_cdc_inst/src_gray_ff_reg[7]} {ethernet_one_gbe_skarab_control_tx_one_gbe/kat_ten_gb_eth_0/tge_rx_inst/use_bram.rx_packet_fifo_bram_inst/U0/inst_fifo_gen/gconvfifo.rf/grf.rf/gntv_or_sync_fifo.gcx.clkx/wr_pntr_cdc_inst/src_gray_ff_reg[8]} {ethernet_one_gbe_skarab_control_tx_one_gbe/kat_ten_gb_eth_0/tge_rx_inst/use_bram.rx_packet_fifo_bram_inst/U0/inst_fifo_gen/gconvfifo.rf/grf.rf/gntv_or_sync_fifo.gcx.clkx/wr_pntr_cdc_inst/src_gray_ff_reg[9]}]]
                                              [get_cells [list {ethernet_one_gbe_skarab_control_tx_one_gbe/kat_ten_gb_eth_0/tge_rx_inst/use_bram.rx_packet_fifo_bram_inst/U0/inst_fifo_gen/gconvfifo.rf/grf.rf/gntv_or_sync_fifo.gcx.clkx/wr_pntr_cdc_inst/dest_graysync_ff_reg[0][0]} {ethernet_one_gbe_skarab_control_tx_one_gbe/kat_ten_gb_eth_0/tge_rx_inst/use_bram.rx_packet_fifo_bram_inst/U0/inst_fifo_gen/gconvfifo.rf/grf.rf/gntv_or_sync_fifo.gcx.clkx/wr_pntr_cdc_inst/dest_graysync_ff_reg[0][1]} {ethernet_one_gbe_skarab_control_tx_one_gbe/kat_ten_gb_eth_0/tge_rx_inst/use_bram.rx_packet_fifo_bram_inst/U0/inst_fifo_gen/gconvfifo.rf/grf.rf/gntv_or_sync_fifo.gcx.clkx/wr_pntr_cdc_inst/dest_graysync_ff_reg[0][2]} {ethernet_one_gbe_skarab_control_tx_one_gbe/kat_ten_gb_eth_0/tge_rx_inst/use_bram.rx_packet_fifo_bram_inst/U0/inst_fifo_gen/gconvfifo.rf/grf.rf/gntv_or_sync_fifo.gcx.clkx/wr_pntr_cdc_inst/dest_graysync_ff_reg[0][3]} {ethernet_one_gbe_skarab_control_tx_one_gbe/kat_ten_gb_eth_0/tge_rx_inst/use_bram.rx_packet_fifo_bram_inst/U0/inst_fifo_gen/gconvfifo.rf/grf.rf/gntv_or_sync_fifo.gcx.clkx/wr_pntr_cdc_inst/dest_graysync_ff_reg[0][4]} {ethernet_one_gbe_skarab_control_tx_one_gbe/kat_ten_gb_eth_0/tge_rx_inst/use_bram.rx_packet_fifo_bram_inst/U0/inst_fifo_gen/gconvfifo.rf/grf.rf/gntv_or_sync_fifo.gcx.clkx/wr_pntr_cdc_inst/dest_graysync_ff_reg[0][5]} {ethernet_one_gbe_skarab_control_tx_one_gbe/kat_ten_gb_eth_0/tge_rx_inst/use_bram.rx_packet_fifo_bram_inst/U0/inst_fifo_gen/gconvfifo.rf/grf.rf/gntv_or_sync_fifo.gcx.clkx/wr_pntr_cdc_inst/dest_graysync_ff_reg[0][6]} {ethernet_one_gbe_skarab_control_tx_one_gbe/kat_ten_gb_eth_0/tge_rx_inst/use_bram.rx_packet_fifo_bram_inst/U0/inst_fifo_gen/gconvfifo.rf/grf.rf/gntv_or_sync_fifo.gcx.clkx/wr_pntr_cdc_inst/dest_graysync_ff_reg[0][7]} {ethernet_one_gbe_skarab_control_tx_one_gbe/kat_ten_gb_eth_0/tge_rx_inst/use_bram.rx_packet_fifo_bram_inst/U0/inst_fifo_gen/gconvfifo.rf/grf.rf/gntv_or_sync_fifo.gcx.clkx/wr_pntr_cdc_inst/dest_graysync_ff_reg[0][8]} {ethernet_one_gbe_skarab_control_tx_one_gbe/kat_ten_gb_eth_0/tge_rx_inst/use_bram.rx_packet_fifo_bram_inst/U0/inst_fifo_gen/gconvfifo.rf/grf.rf/gntv_or_sync_fifo.gcx.clkx/wr_pntr_cdc_inst/dest_graysync_ff_reg[0][9]}]]
                                                                              Slow              4.335       1.489      2.846
5   287       [get_cells [list {ethernet_one_gbe_skarab_control_tx_one_gbe/kat_ten_gb_eth_0/tge_tx_inst/tx_packet_ctrl_fifo_inst/U0/inst_fifo_gen/gconvfifo.rf/grf.rf/gntv_or_sync_fifo.gcx.clkx/rd_pntr_cdc_inst/src_gray_ff_reg[0]} {ethernet_one_gbe_skarab_control_tx_one_gbe/kat_ten_gb_eth_0/tge_tx_inst/tx_packet_ctrl_fifo_inst/U0/inst_fifo_gen/gconvfifo.rf/grf.rf/gntv_or_sync_fifo.gcx.clkx/rd_pntr_cdc_inst/src_gray_ff_reg[1]} {ethernet_one_gbe_skarab_control_tx_one_gbe/kat_ten_gb_eth_0/tge_tx_inst/tx_packet_ctrl_fifo_inst/U0/inst_fifo_gen/gconvfifo.rf/grf.rf/gntv_or_sync_fifo.gcx.clkx/rd_pntr_cdc_inst/src_gray_ff_reg[2]} {ethernet_one_gbe_skarab_control_tx_one_gbe/kat_ten_gb_eth_0/tge_tx_inst/tx_packet_ctrl_fifo_inst/U0/inst_fifo_gen/gconvfifo.rf/grf.rf/gntv_or_sync_fifo.gcx.clkx/rd_pntr_cdc_inst/src_gray_ff_reg[3]}]]
                                              [get_cells [list {ethernet_one_gbe_skarab_control_tx_one_gbe/kat_ten_gb_eth_0/tge_tx_inst/tx_packet_ctrl_fifo_inst/U0/inst_fifo_gen/gconvfifo.rf/grf.rf/gntv_or_sync_fifo.gcx.clkx/rd_pntr_cdc_inst/dest_graysync_ff_reg[0][0]} {ethernet_one_gbe_skarab_control_tx_one_gbe/kat_ten_gb_eth_0/tge_tx_inst/tx_packet_ctrl_fifo_inst/U0/inst_fifo_gen/gconvfifo.rf/grf.rf/gntv_or_sync_fifo.gcx.clkx/rd_pntr_cdc_inst/dest_graysync_ff_reg[0][1]} {ethernet_one_gbe_skarab_control_tx_one_gbe/kat_ten_gb_eth_0/tge_tx_inst/tx_packet_ctrl_fifo_inst/U0/inst_fifo_gen/gconvfifo.rf/grf.rf/gntv_or_sync_fifo.gcx.clkx/rd_pntr_cdc_inst/dest_graysync_ff_reg[0][2]} {ethernet_one_gbe_skarab_control_tx_one_gbe/kat_ten_gb_eth_0/tge_tx_inst/tx_packet_ctrl_fifo_inst/U0/inst_fifo_gen/gconvfifo.rf/grf.rf/gntv_or_sync_fifo.gcx.clkx/rd_pntr_cdc_inst/dest_graysync_ff_reg[0][3]}]]
                                                                              Slow              4.335       1.384      2.951
6   289       [get_cells [list {ethernet_one_gbe_skarab_control_tx_one_gbe/kat_ten_gb_eth_0/tge_tx_inst/tx_packet_ctrl_fifo_inst/U0/inst_fifo_gen/gconvfifo.rf/grf.rf/gntv_or_sync_fifo.gcx.clkx/wr_pntr_cdc_inst/src_gray_ff_reg[0]} {ethernet_one_gbe_skarab_control_tx_one_gbe/kat_ten_gb_eth_0/tge_tx_inst/tx_packet_ctrl_fifo_inst/U0/inst_fifo_gen/gconvfifo.rf/grf.rf/gntv_or_sync_fifo.gcx.clkx/wr_pntr_cdc_inst/src_gray_ff_reg[1]} {ethernet_one_gbe_skarab_control_tx_one_gbe/kat_ten_gb_eth_0/tge_tx_inst/tx_packet_ctrl_fifo_inst/U0/inst_fifo_gen/gconvfifo.rf/grf.rf/gntv_or_sync_fifo.gcx.clkx/wr_pntr_cdc_inst/src_gray_ff_reg[2]} {ethernet_one_gbe_skarab_control_tx_one_gbe/kat_ten_gb_eth_0/tge_tx_inst/tx_packet_ctrl_fifo_inst/U0/inst_fifo_gen/gconvfifo.rf/grf.rf/gntv_or_sync_fifo.gcx.clkx/wr_pntr_cdc_inst/src_gray_ff_reg[3]}]]
                                              [get_cells [list {ethernet_one_gbe_skarab_control_tx_one_gbe/kat_ten_gb_eth_0/tge_tx_inst/tx_packet_ctrl_fifo_inst/U0/inst_fifo_gen/gconvfifo.rf/grf.rf/gntv_or_sync_fifo.gcx.clkx/wr_pntr_cdc_inst/dest_graysync_ff_reg[0][0]} {ethernet_one_gbe_skarab_control_tx_one_gbe/kat_ten_gb_eth_0/tge_tx_inst/tx_packet_ctrl_fifo_inst/U0/inst_fifo_gen/gconvfifo.rf/grf.rf/gntv_or_sync_fifo.gcx.clkx/wr_pntr_cdc_inst/dest_graysync_ff_reg[0][1]} {ethernet_one_gbe_skarab_control_tx_one_gbe/kat_ten_gb_eth_0/tge_tx_inst/tx_packet_ctrl_fifo_inst/U0/inst_fifo_gen/gconvfifo.rf/grf.rf/gntv_or_sync_fifo.gcx.clkx/wr_pntr_cdc_inst/dest_graysync_ff_reg[0][2]} {ethernet_one_gbe_skarab_control_tx_one_gbe/kat_ten_gb_eth_0/tge_tx_inst/tx_packet_ctrl_fifo_inst/U0/inst_fifo_gen/gconvfifo.rf/grf.rf/gntv_or_sync_fifo.gcx.clkx/wr_pntr_cdc_inst/dest_graysync_ff_reg[0][3]}]]
                                                                              Slow              4.335       1.518      2.817
7   291       [get_cells [list {ethernet_one_gbe_skarab_control_tx_one_gbe/kat_ten_gb_eth_0/tge_tx_inst/tx_packet_fifo_inst/U0/inst_fifo_gen/gconvfifo.rf/grf.rf/gntv_or_sync_fifo.gcx.clkx/rd_pntr_cdc_inst/src_gray_ff_reg[0]} {ethernet_one_gbe_skarab_control_tx_one_gbe/kat_ten_gb_eth_0/tge_tx_inst/tx_packet_fifo_inst/U0/inst_fifo_gen/gconvfifo.rf/grf.rf/gntv_or_sync_fifo.gcx.clkx/rd_pntr_cdc_inst/src_gray_ff_reg[1]} {ethernet_one_gbe_skarab_control_tx_one_gbe/kat_ten_gb_eth_0/tge_tx_inst/tx_packet_fifo_inst/U0/inst_fifo_gen/gconvfifo.rf/grf.rf/gntv_or_sync_fifo.gcx.clkx/rd_pntr_cdc_inst/src_gray_ff_reg[2]} {ethernet_one_gbe_skarab_control_tx_one_gbe/kat_ten_gb_eth_0/tge_tx_inst/tx_packet_fifo_inst/U0/inst_fifo_gen/gconvfifo.rf/grf.rf/gntv_or_sync_fifo.gcx.clkx/rd_pntr_cdc_inst/src_gray_ff_reg[3]} {ethernet_one_gbe_skarab_control_tx_one_gbe/kat_ten_gb_eth_0/tge_tx_inst/tx_packet_fifo_inst/U0/inst_fifo_gen/gconvfifo.rf/grf.rf/gntv_or_sync_fifo.gcx.clkx/rd_pntr_cdc_inst/src_gray_ff_reg[4]} {ethernet_one_gbe_skarab_control_tx_one_gbe/kat_ten_gb_eth_0/tge_tx_inst/tx_packet_fifo_inst/U0/inst_fifo_gen/gconvfifo.rf/grf.rf/gntv_or_sync_fifo.gcx.clkx/rd_pntr_cdc_inst/src_gray_ff_reg[5]} {ethernet_one_gbe_skarab_control_tx_one_gbe/kat_ten_gb_eth_0/tge_tx_inst/tx_packet_fifo_inst/U0/inst_fifo_gen/gconvfifo.rf/grf.rf/gntv_or_sync_fifo.gcx.clkx/rd_pntr_cdc_inst/src_gray_ff_reg[6]} {ethernet_one_gbe_skarab_control_tx_one_gbe/kat_ten_gb_eth_0/tge_tx_inst/tx_packet_fifo_inst/U0/inst_fifo_gen/gconvfifo.rf/grf.rf/gntv_or_sync_fifo.gcx.clkx/rd_pntr_cdc_inst/src_gray_ff_reg[7]} {ethernet_one_gbe_skarab_control_tx_one_gbe/kat_ten_gb_eth_0/tge_tx_inst/tx_packet_fifo_inst/U0/inst_fifo_gen/gconvfifo.rf/grf.rf/gntv_or_sync_fifo.gcx.clkx/rd_pntr_cdc_inst/src_gray_ff_reg[8]} {ethernet_one_gbe_skarab_control_tx_one_gbe/kat_ten_gb_eth_0/tge_tx_inst/tx_packet_fifo_inst/U0/inst_fifo_gen/gconvfifo.rf/grf.rf/gntv_or_sync_fifo.gcx.clkx/rd_pntr_cdc_inst/src_gray_ff_reg[9]}]]
                                              [get_cells [list {ethernet_one_gbe_skarab_control_tx_one_gbe/kat_ten_gb_eth_0/tge_tx_inst/tx_packet_fifo_inst/U0/inst_fifo_gen/gconvfifo.rf/grf.rf/gntv_or_sync_fifo.gcx.clkx/rd_pntr_cdc_inst/dest_graysync_ff_reg[0][0]} {ethernet_one_gbe_skarab_control_tx_one_gbe/kat_ten_gb_eth_0/tge_tx_inst/tx_packet_fifo_inst/U0/inst_fifo_gen/gconvfifo.rf/grf.rf/gntv_or_sync_fifo.gcx.clkx/rd_pntr_cdc_inst/dest_graysync_ff_reg[0][1]} {ethernet_one_gbe_skarab_control_tx_one_gbe/kat_ten_gb_eth_0/tge_tx_inst/tx_packet_fifo_inst/U0/inst_fifo_gen/gconvfifo.rf/grf.rf/gntv_or_sync_fifo.gcx.clkx/rd_pntr_cdc_inst/dest_graysync_ff_reg[0][2]} {ethernet_one_gbe_skarab_control_tx_one_gbe/kat_ten_gb_eth_0/tge_tx_inst/tx_packet_fifo_inst/U0/inst_fifo_gen/gconvfifo.rf/grf.rf/gntv_or_sync_fifo.gcx.clkx/rd_pntr_cdc_inst/dest_graysync_ff_reg[0][3]} {ethernet_one_gbe_skarab_control_tx_one_gbe/kat_ten_gb_eth_0/tge_tx_inst/tx_packet_fifo_inst/U0/inst_fifo_gen/gconvfifo.rf/grf.rf/gntv_or_sync_fifo.gcx.clkx/rd_pntr_cdc_inst/dest_graysync_ff_reg[0][4]} {ethernet_one_gbe_skarab_control_tx_one_gbe/kat_ten_gb_eth_0/tge_tx_inst/tx_packet_fifo_inst/U0/inst_fifo_gen/gconvfifo.rf/grf.rf/gntv_or_sync_fifo.gcx.clkx/rd_pntr_cdc_inst/dest_graysync_ff_reg[0][5]} {ethernet_one_gbe_skarab_control_tx_one_gbe/kat_ten_gb_eth_0/tge_tx_inst/tx_packet_fifo_inst/U0/inst_fifo_gen/gconvfifo.rf/grf.rf/gntv_or_sync_fifo.gcx.clkx/rd_pntr_cdc_inst/dest_graysync_ff_reg[0][6]} {ethernet_one_gbe_skarab_control_tx_one_gbe/kat_ten_gb_eth_0/tge_tx_inst/tx_packet_fifo_inst/U0/inst_fifo_gen/gconvfifo.rf/grf.rf/gntv_or_sync_fifo.gcx.clkx/rd_pntr_cdc_inst/dest_graysync_ff_reg[0][7]} {ethernet_one_gbe_skarab_control_tx_one_gbe/kat_ten_gb_eth_0/tge_tx_inst/tx_packet_fifo_inst/U0/inst_fifo_gen/gconvfifo.rf/grf.rf/gntv_or_sync_fifo.gcx.clkx/rd_pntr_cdc_inst/dest_graysync_ff_reg[0][8]} {ethernet_one_gbe_skarab_control_tx_one_gbe/kat_ten_gb_eth_0/tge_tx_inst/tx_packet_fifo_inst/U0/inst_fifo_gen/gconvfifo.rf/grf.rf/gntv_or_sync_fifo.gcx.clkx/rd_pntr_cdc_inst/dest_graysync_ff_reg[0][9]}]]
                                                                              Slow              4.335       1.521      2.814
8   293       [get_cells [list {ethernet_one_gbe_skarab_control_tx_one_gbe/kat_ten_gb_eth_0/tge_tx_inst/tx_packet_fifo_inst/U0/inst_fifo_gen/gconvfifo.rf/grf.rf/gntv_or_sync_fifo.gcx.clkx/wr_pntr_cdc_inst/src_gray_ff_reg[0]} {ethernet_one_gbe_skarab_control_tx_one_gbe/kat_ten_gb_eth_0/tge_tx_inst/tx_packet_fifo_inst/U0/inst_fifo_gen/gconvfifo.rf/grf.rf/gntv_or_sync_fifo.gcx.clkx/wr_pntr_cdc_inst/src_gray_ff_reg[1]} {ethernet_one_gbe_skarab_control_tx_one_gbe/kat_ten_gb_eth_0/tge_tx_inst/tx_packet_fifo_inst/U0/inst_fifo_gen/gconvfifo.rf/grf.rf/gntv_or_sync_fifo.gcx.clkx/wr_pntr_cdc_inst/src_gray_ff_reg[2]} {ethernet_one_gbe_skarab_control_tx_one_gbe/kat_ten_gb_eth_0/tge_tx_inst/tx_packet_fifo_inst/U0/inst_fifo_gen/gconvfifo.rf/grf.rf/gntv_or_sync_fifo.gcx.clkx/wr_pntr_cdc_inst/src_gray_ff_reg[3]} {ethernet_one_gbe_skarab_control_tx_one_gbe/kat_ten_gb_eth_0/tge_tx_inst/tx_packet_fifo_inst/U0/inst_fifo_gen/gconvfifo.rf/grf.rf/gntv_or_sync_fifo.gcx.clkx/wr_pntr_cdc_inst/src_gray_ff_reg[4]} {ethernet_one_gbe_skarab_control_tx_one_gbe/kat_ten_gb_eth_0/tge_tx_inst/tx_packet_fifo_inst/U0/inst_fifo_gen/gconvfifo.rf/grf.rf/gntv_or_sync_fifo.gcx.clkx/wr_pntr_cdc_inst/src_gray_ff_reg[5]} {ethernet_one_gbe_skarab_control_tx_one_gbe/kat_ten_gb_eth_0/tge_tx_inst/tx_packet_fifo_inst/U0/inst_fifo_gen/gconvfifo.rf/grf.rf/gntv_or_sync_fifo.gcx.clkx/wr_pntr_cdc_inst/src_gray_ff_reg[6]} {ethernet_one_gbe_skarab_control_tx_one_gbe/kat_ten_gb_eth_0/tge_tx_inst/tx_packet_fifo_inst/U0/inst_fifo_gen/gconvfifo.rf/grf.rf/gntv_or_sync_fifo.gcx.clkx/wr_pntr_cdc_inst/src_gray_ff_reg[7]} {ethernet_one_gbe_skarab_control_tx_one_gbe/kat_ten_gb_eth_0/tge_tx_inst/tx_packet_fifo_inst/U0/inst_fifo_gen/gconvfifo.rf/grf.rf/gntv_or_sync_fifo.gcx.clkx/wr_pntr_cdc_inst/src_gray_ff_reg[8]} {ethernet_one_gbe_skarab_control_tx_one_gbe/kat_ten_gb_eth_0/tge_tx_inst/tx_packet_fifo_inst/U0/inst_fifo_gen/gconvfifo.rf/grf.rf/gntv_or_sync_fifo.gcx.clkx/wr_pntr_cdc_inst/src_gray_ff_reg[9]}]]
                                              [get_cells [list {ethernet_one_gbe_skarab_control_tx_one_gbe/kat_ten_gb_eth_0/tge_tx_inst/tx_packet_fifo_inst/U0/inst_fifo_gen/gconvfifo.rf/grf.rf/gntv_or_sync_fifo.gcx.clkx/wr_pntr_cdc_inst/dest_graysync_ff_reg[0][0]} {ethernet_one_gbe_skarab_control_tx_one_gbe/kat_ten_gb_eth_0/tge_tx_inst/tx_packet_fifo_inst/U0/inst_fifo_gen/gconvfifo.rf/grf.rf/gntv_or_sync_fifo.gcx.clkx/wr_pntr_cdc_inst/dest_graysync_ff_reg[0][1]} {ethernet_one_gbe_skarab_control_tx_one_gbe/kat_ten_gb_eth_0/tge_tx_inst/tx_packet_fifo_inst/U0/inst_fifo_gen/gconvfifo.rf/grf.rf/gntv_or_sync_fifo.gcx.clkx/wr_pntr_cdc_inst/dest_graysync_ff_reg[0][2]} {ethernet_one_gbe_skarab_control_tx_one_gbe/kat_ten_gb_eth_0/tge_tx_inst/tx_packet_fifo_inst/U0/inst_fifo_gen/gconvfifo.rf/grf.rf/gntv_or_sync_fifo.gcx.clkx/wr_pntr_cdc_inst/dest_graysync_ff_reg[0][3]} {ethernet_one_gbe_skarab_control_tx_one_gbe/kat_ten_gb_eth_0/tge_tx_inst/tx_packet_fifo_inst/U0/inst_fifo_gen/gconvfifo.rf/grf.rf/gntv_or_sync_fifo.gcx.clkx/wr_pntr_cdc_inst/dest_graysync_ff_reg[0][4]} {ethernet_one_gbe_skarab_control_tx_one_gbe/kat_ten_gb_eth_0/tge_tx_inst/tx_packet_fifo_inst/U0/inst_fifo_gen/gconvfifo.rf/grf.rf/gntv_or_sync_fifo.gcx.clkx/wr_pntr_cdc_inst/dest_graysync_ff_reg[0][5]} {ethernet_one_gbe_skarab_control_tx_one_gbe/kat_ten_gb_eth_0/tge_tx_inst/tx_packet_fifo_inst/U0/inst_fifo_gen/gconvfifo.rf/grf.rf/gntv_or_sync_fifo.gcx.clkx/wr_pntr_cdc_inst/dest_graysync_ff_reg[0][6]} {ethernet_one_gbe_skarab_control_tx_one_gbe/kat_ten_gb_eth_0/tge_tx_inst/tx_packet_fifo_inst/U0/inst_fifo_gen/gconvfifo.rf/grf.rf/gntv_or_sync_fifo.gcx.clkx/wr_pntr_cdc_inst/dest_graysync_ff_reg[0][7]} {ethernet_one_gbe_skarab_control_tx_one_gbe/kat_ten_gb_eth_0/tge_tx_inst/tx_packet_fifo_inst/U0/inst_fifo_gen/gconvfifo.rf/grf.rf/gntv_or_sync_fifo.gcx.clkx/wr_pntr_cdc_inst/dest_graysync_ff_reg[0][8]} {ethernet_one_gbe_skarab_control_tx_one_gbe/kat_ten_gb_eth_0/tge_tx_inst/tx_packet_fifo_inst/U0/inst_fifo_gen/gconvfifo.rf/grf.rf/gntv_or_sync_fifo.gcx.clkx/wr_pntr_cdc_inst/dest_graysync_ff_reg[0][9]}]]
                                                                              Slow              4.335       1.670      2.665


2. Bus Skew Report Per Constraint
---------------------------------

Id: 1
set_bus_skew -from [get_cells [list {ethernet_one_gbe_skarab_control_tx_one_gbe/kat_ten_gb_eth_0/tge_rx_inst/rx_packet_ctrl_fifo_inst/U0/inst_fifo_gen/gconvfifo.rf/grf.rf/gntv_or_sync_fifo.gcx.clkx/rd_pntr_cdc_inst/src_gray_ff_reg[0]} {ethernet_one_gbe_skarab_control_tx_one_gbe/kat_ten_gb_eth_0/tge_rx_inst/rx_packet_ctrl_fifo_inst/U0/inst_fifo_gen/gconvfifo.rf/grf.rf/gntv_or_sync_fifo.gcx.clkx/rd_pntr_cdc_inst/src_gray_ff_reg[1]} {ethernet_one_gbe_skarab_control_tx_one_gbe/kat_ten_gb_eth_0/tge_rx_inst/rx_packet_ctrl_fifo_inst/U0/inst_fifo_gen/gconvfifo.rf/grf.rf/gntv_or_sync_fifo.gcx.clkx/rd_pntr_cdc_inst/src_gray_ff_reg[2]} {ethernet_one_gbe_skarab_control_tx_one_gbe/kat_ten_gb_eth_0/tge_rx_inst/rx_packet_ctrl_fifo_inst/U0/inst_fifo_gen/gconvfifo.rf/grf.rf/gntv_or_sync_fifo.gcx.clkx/rd_pntr_cdc_inst/src_gray_ff_reg[3]}]] -to [get_cells [list {ethernet_one_gbe_skarab_control_tx_one_gbe/kat_ten_gb_eth_0/tge_rx_inst/rx_packet_ctrl_fifo_inst/U0/inst_fifo_gen/gconvfifo.rf/grf.rf/gntv_or_sync_fifo.gcx.clkx/rd_pntr_cdc_inst/dest_graysync_ff_reg[0][0]} {ethernet_one_gbe_skarab_control_tx_one_gbe/kat_ten_gb_eth_0/tge_rx_inst/rx_packet_ctrl_fifo_inst/U0/inst_fifo_gen/gconvfifo.rf/grf.rf/gntv_or_sync_fifo.gcx.clkx/rd_pntr_cdc_inst/dest_graysync_ff_reg[0][1]} {ethernet_one_gbe_skarab_control_tx_one_gbe/kat_ten_gb_eth_0/tge_rx_inst/rx_packet_ctrl_fifo_inst/U0/inst_fifo_gen/gconvfifo.rf/grf.rf/gntv_or_sync_fifo.gcx.clkx/rd_pntr_cdc_inst/dest_graysync_ff_reg[0][2]} {ethernet_one_gbe_skarab_control_tx_one_gbe/kat_ten_gb_eth_0/tge_rx_inst/rx_packet_ctrl_fifo_inst/U0/inst_fifo_gen/gconvfifo.rf/grf.rf/gntv_or_sync_fifo.gcx.clkx/rd_pntr_cdc_inst/dest_graysync_ff_reg[0][3]}]] 4.335
Requirement: 4.335ns
Endpoints: 4

From Clock            To Clock              Endpoint Pin                    Reference Pin                   Corner  Actual(ns)  Slack(ns)
--------------------  --------------------  ------------------------------  ------------------------------  ------  ----------  ---------
user_clk_mmcm         sys_clk_mmcm          ethernet_one_gbe_skarab_control_tx_one_gbe/kat_ten_gb_eth_0/tge_rx_inst/rx_packet_ctrl_fifo_inst/U0/inst_fifo_gen/gconvfifo.rf/grf.rf/gntv_or_sync_fifo.gcx.clkx/rd_pntr_cdc_inst/dest_graysync_ff_reg[0][0]/D
                                                                            ethernet_one_gbe_skarab_control_tx_one_gbe/kat_ten_gb_eth_0/tge_rx_inst/rx_packet_ctrl_fifo_inst/U0/inst_fifo_gen/gconvfifo.rf/grf.rf/gntv_or_sync_fifo.gcx.clkx/rd_pntr_cdc_inst/dest_graysync_ff_reg[0][2]/D
                                                                                                            Slow         1.398      2.937


Slack (MET) :             2.937ns  (requirement - actual skew)
  Endpoint Source:        ethernet_one_gbe_skarab_control_tx_one_gbe/kat_ten_gb_eth_0/tge_rx_inst/rx_packet_ctrl_fifo_inst/U0/inst_fifo_gen/gconvfifo.rf/grf.rf/gntv_or_sync_fifo.gcx.clkx/rd_pntr_cdc_inst/src_gray_ff_reg[0]/C
                            (rising edge-triggered cell FDRE clocked by user_clk_mmcm)
  Endpoint Destination:   ethernet_one_gbe_skarab_control_tx_one_gbe/kat_ten_gb_eth_0/tge_rx_inst/rx_packet_ctrl_fifo_inst/U0/inst_fifo_gen/gconvfifo.rf/grf.rf/gntv_or_sync_fifo.gcx.clkx/rd_pntr_cdc_inst/dest_graysync_ff_reg[0][0]/D
                            (rising edge-triggered cell FDRE clocked by sys_clk_mmcm)
  Reference Source:       ethernet_one_gbe_skarab_control_tx_one_gbe/kat_ten_gb_eth_0/tge_rx_inst/rx_packet_ctrl_fifo_inst/U0/inst_fifo_gen/gconvfifo.rf/grf.rf/gntv_or_sync_fifo.gcx.clkx/rd_pntr_cdc_inst/src_gray_ff_reg[2]/C
                            (rising edge-triggered cell FDRE clocked by user_clk_mmcm)
  Reference Destination:  ethernet_one_gbe_skarab_control_tx_one_gbe/kat_ten_gb_eth_0/tge_rx_inst/rx_packet_ctrl_fifo_inst/U0/inst_fifo_gen/gconvfifo.rf/grf.rf/gntv_or_sync_fifo.gcx.clkx/rd_pntr_cdc_inst/dest_graysync_ff_reg[0][2]/D
                            (rising edge-triggered cell FDRE clocked by sys_clk_mmcm)
  Path Type:              Bus Skew (Max at Slow Process Corner)
  Requirement:            4.335ns
  Endpoint Relative Delay:    1.036ns
  Reference Relative Delay:  -0.013ns
  Relative CRPR:              0.697ns
  Uncertainty:                1.046ns
  Actual Bus Skew:            1.398ns  (Endpoint Relative Delay - Reference Relative Delay - Relative CRPR + Uncertainty)

Endpoint path:
    Location             Delay type                Incr(ns)  Path(ns)    Netlist Resource(s)
  -------------------------------------------------------------------    -------------------
                         (clock user_clk_mmcm rise edge)
                                                      0.000     0.000 r  
    AU15                                              0.000     0.000 r  FPGA_REFCLK_BUF0_P (IN)
                         net (fo=0)                   0.000     0.000    skarab_infr/FPGA_REFCLK_BUF0_P
    AU15                 IBUFDS (Prop_ibufds_I_O)     0.958     0.958 r  skarab_infr/refclk_0_ibufgds/O
                         net (fo=2, routed)           1.121     2.079    skarab_infr/refclk_0
    MMCME2_ADV_X1Y5      MMCME2_ADV (Prop_mmcme2_adv_CLKIN1_CLKOUT0)
                                                      0.077     2.156 r  skarab_infr/USER_CLK_MMCM_inst/CLKOUT0
                         net (fo=1, routed)           1.463     3.619    skarab_infr/user_clk_mmcm
    BUFGCTRL_X0Y19       BUFG (Prop_bufg_I_O)         0.093     3.712 r  skarab_infr/user_clk_BUFG_inst/O
                         net (fo=3080, routed)        1.291     5.003    ethernet_one_gbe_skarab_control_tx_one_gbe/kat_ten_gb_eth_0/tge_rx_inst/rx_packet_ctrl_fifo_inst/U0/inst_fifo_gen/gconvfifo.rf/grf.rf/gntv_or_sync_fifo.gcx.clkx/rd_pntr_cdc_inst/src_clk
    SLICE_X138Y217       FDRE                                         r  ethernet_one_gbe_skarab_control_tx_one_gbe/kat_ten_gb_eth_0/tge_rx_inst/rx_packet_ctrl_fifo_inst/U0/inst_fifo_gen/gconvfifo.rf/grf.rf/gntv_or_sync_fifo.gcx.clkx/rd_pntr_cdc_inst/src_gray_ff_reg[0]/C
  -------------------------------------------------------------------    -------------------
    SLICE_X138Y217       FDRE (Prop_fdre_C_Q)         0.259     5.262 r  ethernet_one_gbe_skarab_control_tx_one_gbe/kat_ten_gb_eth_0/tge_rx_inst/rx_packet_ctrl_fifo_inst/U0/inst_fifo_gen/gconvfifo.rf/grf.rf/gntv_or_sync_fifo.gcx.clkx/rd_pntr_cdc_inst/src_gray_ff_reg[0]/Q
                         net (fo=1, routed)           0.398     5.660    ethernet_one_gbe_skarab_control_tx_one_gbe/kat_ten_gb_eth_0/tge_rx_inst/rx_packet_ctrl_fifo_inst/U0/inst_fifo_gen/gconvfifo.rf/grf.rf/gntv_or_sync_fifo.gcx.clkx/rd_pntr_cdc_inst/async_path[0]
    SLICE_X138Y220       FDRE                                         r  ethernet_one_gbe_skarab_control_tx_one_gbe/kat_ten_gb_eth_0/tge_rx_inst/rx_packet_ctrl_fifo_inst/U0/inst_fifo_gen/gconvfifo.rf/grf.rf/gntv_or_sync_fifo.gcx.clkx/rd_pntr_cdc_inst/dest_graysync_ff_reg[0][0]/D
  -------------------------------------------------------------------    -------------------

                         (clock sys_clk_mmcm rise edge)
                                                      0.000     0.000 r  
    AU15                                              0.000     0.000 r  FPGA_REFCLK_BUF0_P (IN)
                         net (fo=0)                   0.000     0.000    skarab_infr/FPGA_REFCLK_BUF0_P
    AU15                 IBUFDS (Prop_ibufds_I_O)     0.855     0.855 r  skarab_infr/refclk_0_ibufgds/O
                         net (fo=2, routed)           0.986     1.841    skarab_infr/refclk_0
    MMCME2_ADV_X1Y4      MMCME2_ADV (Prop_mmcme2_adv_CLKIN1_CLKOUT0)
                                                      0.073     1.914 r  skarab_infr/SYS_CLK_MMCM_inst/CLKOUT0
                         net (fo=1, routed)           1.350     3.264    skarab_infr/sys_clk_mmcm
    BUFGCTRL_X0Y0        BUFG (Prop_bufg_I_O)         0.083     3.347 r  skarab_infr/sys_clk_BUFG_inst/O
                         net (fo=2840, routed)        1.153     4.500    ethernet_one_gbe_skarab_control_tx_one_gbe/kat_ten_gb_eth_0/tge_rx_inst/rx_packet_ctrl_fifo_inst/U0/inst_fifo_gen/gconvfifo.rf/grf.rf/gntv_or_sync_fifo.gcx.clkx/rd_pntr_cdc_inst/dest_clk
    SLICE_X138Y220       FDRE                                         r  ethernet_one_gbe_skarab_control_tx_one_gbe/kat_ten_gb_eth_0/tge_rx_inst/rx_packet_ctrl_fifo_inst/U0/inst_fifo_gen/gconvfifo.rf/grf.rf/gntv_or_sync_fifo.gcx.clkx/rd_pntr_cdc_inst/dest_graysync_ff_reg[0][0]/C
                         clock pessimism              0.103     4.603    
    SLICE_X138Y220       FDRE (Setup_fdre_C_D)        0.021     4.624    ethernet_one_gbe_skarab_control_tx_one_gbe/kat_ten_gb_eth_0/tge_rx_inst/rx_packet_ctrl_fifo_inst/U0/inst_fifo_gen/gconvfifo.rf/grf.rf/gntv_or_sync_fifo.gcx.clkx/rd_pntr_cdc_inst/dest_graysync_ff_reg[0][0]
  -------------------------------------------------------------------
                         data arrival                           5.660    
                         clock arrival                          4.624    
  -------------------------------------------------------------------
                         relative delay                         1.036    

Reference path:
    Location             Delay type                Incr(ns)  Path(ns)    Netlist Resource(s)
  -------------------------------------------------------------------    -------------------
                         (clock user_clk_mmcm rise edge)
                                                      0.000     0.000 r  
    AU15                                              0.000     0.000 r  FPGA_REFCLK_BUF0_P (IN)
                         net (fo=0)                   0.000     0.000    skarab_infr/FPGA_REFCLK_BUF0_P
    AU15                 IBUFDS (Prop_ibufds_I_O)     0.855     0.855 r  skarab_infr/refclk_0_ibufgds/O
                         net (fo=2, routed)           1.018     1.873    skarab_infr/refclk_0
    MMCME2_ADV_X1Y5      MMCME2_ADV (Prop_mmcme2_adv_CLKIN1_CLKOUT0)
                                                      0.073     1.946 r  skarab_infr/USER_CLK_MMCM_inst/CLKOUT0
                         net (fo=1, routed)           1.350     3.296    skarab_infr/user_clk_mmcm
    BUFGCTRL_X0Y19       BUFG (Prop_bufg_I_O)         0.083     3.379 r  skarab_infr/user_clk_BUFG_inst/O
                         net (fo=3080, routed)        1.157     4.536    ethernet_one_gbe_skarab_control_tx_one_gbe/kat_ten_gb_eth_0/tge_rx_inst/rx_packet_ctrl_fifo_inst/U0/inst_fifo_gen/gconvfifo.rf/grf.rf/gntv_or_sync_fifo.gcx.clkx/rd_pntr_cdc_inst/src_clk
    SLICE_X138Y217       FDRE                                         r  ethernet_one_gbe_skarab_control_tx_one_gbe/kat_ten_gb_eth_0/tge_rx_inst/rx_packet_ctrl_fifo_inst/U0/inst_fifo_gen/gconvfifo.rf/grf.rf/gntv_or_sync_fifo.gcx.clkx/rd_pntr_cdc_inst/src_gray_ff_reg[2]/C
  -------------------------------------------------------------------    -------------------
    SLICE_X138Y217       FDRE (Prop_fdre_C_Q)         0.206     4.742 r  ethernet_one_gbe_skarab_control_tx_one_gbe/kat_ten_gb_eth_0/tge_rx_inst/rx_packet_ctrl_fifo_inst/U0/inst_fifo_gen/gconvfifo.rf/grf.rf/gntv_or_sync_fifo.gcx.clkx/rd_pntr_cdc_inst/src_gray_ff_reg[2]/Q
                         net (fo=1, routed)           0.255     4.997    ethernet_one_gbe_skarab_control_tx_one_gbe/kat_ten_gb_eth_0/tge_rx_inst/rx_packet_ctrl_fifo_inst/U0/inst_fifo_gen/gconvfifo.rf/grf.rf/gntv_or_sync_fifo.gcx.clkx/rd_pntr_cdc_inst/async_path[2]
    SLICE_X138Y218       FDRE                                         r  ethernet_one_gbe_skarab_control_tx_one_gbe/kat_ten_gb_eth_0/tge_rx_inst/rx_packet_ctrl_fifo_inst/U0/inst_fifo_gen/gconvfifo.rf/grf.rf/gntv_or_sync_fifo.gcx.clkx/rd_pntr_cdc_inst/dest_graysync_ff_reg[0][2]/D
  -------------------------------------------------------------------    -------------------

                         (clock sys_clk_mmcm rise edge)
                                                      0.000     0.000 r  
    AU15                                              0.000     0.000 r  FPGA_REFCLK_BUF0_P (IN)
                         net (fo=0)                   0.000     0.000    skarab_infr/FPGA_REFCLK_BUF0_P
    AU15                 IBUFDS (Prop_ibufds_I_O)     0.958     0.958 r  skarab_infr/refclk_0_ibufgds/O
                         net (fo=2, routed)           1.081     2.039    skarab_infr/refclk_0
    MMCME2_ADV_X1Y4      MMCME2_ADV (Prop_mmcme2_adv_CLKIN1_CLKOUT0)
                                                      0.077     2.116 r  skarab_infr/SYS_CLK_MMCM_inst/CLKOUT0
                         net (fo=1, routed)           1.463     3.579    skarab_infr/sys_clk_mmcm
    BUFGCTRL_X0Y0        BUFG (Prop_bufg_I_O)         0.093     3.672 r  skarab_infr/sys_clk_BUFG_inst/O
                         net (fo=2840, routed)        1.288     4.960    ethernet_one_gbe_skarab_control_tx_one_gbe/kat_ten_gb_eth_0/tge_rx_inst/rx_packet_ctrl_fifo_inst/U0/inst_fifo_gen/gconvfifo.rf/grf.rf/gntv_or_sync_fifo.gcx.clkx/rd_pntr_cdc_inst/dest_clk
    SLICE_X138Y218       FDRE                                         r  ethernet_one_gbe_skarab_control_tx_one_gbe/kat_ten_gb_eth_0/tge_rx_inst/rx_packet_ctrl_fifo_inst/U0/inst_fifo_gen/gconvfifo.rf/grf.rf/gntv_or_sync_fifo.gcx.clkx/rd_pntr_cdc_inst/dest_graysync_ff_reg[0][2]/C
                         clock pessimism             -0.103     4.857    
    SLICE_X138Y218       FDRE (Hold_fdre_C_D)         0.153     5.010    ethernet_one_gbe_skarab_control_tx_one_gbe/kat_ten_gb_eth_0/tge_rx_inst/rx_packet_ctrl_fifo_inst/U0/inst_fifo_gen/gconvfifo.rf/grf.rf/gntv_or_sync_fifo.gcx.clkx/rd_pntr_cdc_inst/dest_graysync_ff_reg[0][2]
  -------------------------------------------------------------------
                         data arrival                           4.997    
                         clock arrival                          5.010    
  -------------------------------------------------------------------
                         relative delay                        -0.013    



Id: 2
set_bus_skew -from [get_cells [list {ethernet_one_gbe_skarab_control_tx_one_gbe/kat_ten_gb_eth_0/tge_rx_inst/rx_packet_ctrl_fifo_inst/U0/inst_fifo_gen/gconvfifo.rf/grf.rf/gntv_or_sync_fifo.gcx.clkx/wr_pntr_cdc_inst/src_gray_ff_reg[0]} {ethernet_one_gbe_skarab_control_tx_one_gbe/kat_ten_gb_eth_0/tge_rx_inst/rx_packet_ctrl_fifo_inst/U0/inst_fifo_gen/gconvfifo.rf/grf.rf/gntv_or_sync_fifo.gcx.clkx/wr_pntr_cdc_inst/src_gray_ff_reg[1]} {ethernet_one_gbe_skarab_control_tx_one_gbe/kat_ten_gb_eth_0/tge_rx_inst/rx_packet_ctrl_fifo_inst/U0/inst_fifo_gen/gconvfifo.rf/grf.rf/gntv_or_sync_fifo.gcx.clkx/wr_pntr_cdc_inst/src_gray_ff_reg[2]} {ethernet_one_gbe_skarab_control_tx_one_gbe/kat_ten_gb_eth_0/tge_rx_inst/rx_packet_ctrl_fifo_inst/U0/inst_fifo_gen/gconvfifo.rf/grf.rf/gntv_or_sync_fifo.gcx.clkx/wr_pntr_cdc_inst/src_gray_ff_reg[3]}]] -to [get_cells [list {ethernet_one_gbe_skarab_control_tx_one_gbe/kat_ten_gb_eth_0/tge_rx_inst/rx_packet_ctrl_fifo_inst/U0/inst_fifo_gen/gconvfifo.rf/grf.rf/gntv_or_sync_fifo.gcx.clkx/wr_pntr_cdc_inst/dest_graysync_ff_reg[0][0]} {ethernet_one_gbe_skarab_control_tx_one_gbe/kat_ten_gb_eth_0/tge_rx_inst/rx_packet_ctrl_fifo_inst/U0/inst_fifo_gen/gconvfifo.rf/grf.rf/gntv_or_sync_fifo.gcx.clkx/wr_pntr_cdc_inst/dest_graysync_ff_reg[0][1]} {ethernet_one_gbe_skarab_control_tx_one_gbe/kat_ten_gb_eth_0/tge_rx_inst/rx_packet_ctrl_fifo_inst/U0/inst_fifo_gen/gconvfifo.rf/grf.rf/gntv_or_sync_fifo.gcx.clkx/wr_pntr_cdc_inst/dest_graysync_ff_reg[0][2]} {ethernet_one_gbe_skarab_control_tx_one_gbe/kat_ten_gb_eth_0/tge_rx_inst/rx_packet_ctrl_fifo_inst/U0/inst_fifo_gen/gconvfifo.rf/grf.rf/gntv_or_sync_fifo.gcx.clkx/wr_pntr_cdc_inst/dest_graysync_ff_reg[0][3]}]] 4.335
Requirement: 4.335ns
Endpoints: 4

From Clock            To Clock              Endpoint Pin                    Reference Pin                   Corner  Actual(ns)  Slack(ns)
--------------------  --------------------  ------------------------------  ------------------------------  ------  ----------  ---------
sys_clk_mmcm          user_clk_mmcm         ethernet_one_gbe_skarab_control_tx_one_gbe/kat_ten_gb_eth_0/tge_rx_inst/rx_packet_ctrl_fifo_inst/U0/inst_fifo_gen/gconvfifo.rf/grf.rf/gntv_or_sync_fifo.gcx.clkx/wr_pntr_cdc_inst/dest_graysync_ff_reg[0][2]/D
                                                                            ethernet_one_gbe_skarab_control_tx_one_gbe/kat_ten_gb_eth_0/tge_rx_inst/rx_packet_ctrl_fifo_inst/U0/inst_fifo_gen/gconvfifo.rf/grf.rf/gntv_or_sync_fifo.gcx.clkx/wr_pntr_cdc_inst/dest_graysync_ff_reg[0][0]/D
                                                                                                            Slow         1.494      2.841


Slack (MET) :             2.841ns  (requirement - actual skew)
  Endpoint Source:        ethernet_one_gbe_skarab_control_tx_one_gbe/kat_ten_gb_eth_0/tge_rx_inst/rx_packet_ctrl_fifo_inst/U0/inst_fifo_gen/gconvfifo.rf/grf.rf/gntv_or_sync_fifo.gcx.clkx/wr_pntr_cdc_inst/src_gray_ff_reg[2]/C
                            (rising edge-triggered cell FDRE clocked by sys_clk_mmcm)
  Endpoint Destination:   ethernet_one_gbe_skarab_control_tx_one_gbe/kat_ten_gb_eth_0/tge_rx_inst/rx_packet_ctrl_fifo_inst/U0/inst_fifo_gen/gconvfifo.rf/grf.rf/gntv_or_sync_fifo.gcx.clkx/wr_pntr_cdc_inst/dest_graysync_ff_reg[0][2]/D
                            (rising edge-triggered cell FDRE clocked by user_clk_mmcm)
  Reference Source:       ethernet_one_gbe_skarab_control_tx_one_gbe/kat_ten_gb_eth_0/tge_rx_inst/rx_packet_ctrl_fifo_inst/U0/inst_fifo_gen/gconvfifo.rf/grf.rf/gntv_or_sync_fifo.gcx.clkx/wr_pntr_cdc_inst/src_gray_ff_reg[0]/C
                            (rising edge-triggered cell FDRE clocked by sys_clk_mmcm)
  Reference Destination:  ethernet_one_gbe_skarab_control_tx_one_gbe/kat_ten_gb_eth_0/tge_rx_inst/rx_packet_ctrl_fifo_inst/U0/inst_fifo_gen/gconvfifo.rf/grf.rf/gntv_or_sync_fifo.gcx.clkx/wr_pntr_cdc_inst/dest_graysync_ff_reg[0][0]/D
                            (rising edge-triggered cell FDRE clocked by user_clk_mmcm)
  Path Type:              Bus Skew (Max at Slow Process Corner)
  Requirement:            4.335ns
  Endpoint Relative Delay:    1.075ns
  Reference Relative Delay:   0.003ns
  Relative CRPR:              0.624ns
  Uncertainty:                1.046ns
  Actual Bus Skew:            1.494ns  (Endpoint Relative Delay - Reference Relative Delay - Relative CRPR + Uncertainty)

Endpoint path:
    Location             Delay type                Incr(ns)  Path(ns)    Netlist Resource(s)
  -------------------------------------------------------------------    -------------------
                         (clock sys_clk_mmcm rise edge)
                                                      0.000     0.000 r  
    AU15                                              0.000     0.000 r  FPGA_REFCLK_BUF0_P (IN)
                         net (fo=0)                   0.000     0.000    skarab_infr/FPGA_REFCLK_BUF0_P
    AU15                 IBUFDS (Prop_ibufds_I_O)     0.958     0.958 r  skarab_infr/refclk_0_ibufgds/O
                         net (fo=2, routed)           1.081     2.039    skarab_infr/refclk_0
    MMCME2_ADV_X1Y4      MMCME2_ADV (Prop_mmcme2_adv_CLKIN1_CLKOUT0)
                                                      0.077     2.116 r  skarab_infr/SYS_CLK_MMCM_inst/CLKOUT0
                         net (fo=1, routed)           1.463     3.579    skarab_infr/sys_clk_mmcm
    BUFGCTRL_X0Y0        BUFG (Prop_bufg_I_O)         0.093     3.672 r  skarab_infr/sys_clk_BUFG_inst/O
                         net (fo=2840, routed)        1.288     4.960    ethernet_one_gbe_skarab_control_tx_one_gbe/kat_ten_gb_eth_0/tge_rx_inst/rx_packet_ctrl_fifo_inst/U0/inst_fifo_gen/gconvfifo.rf/grf.rf/gntv_or_sync_fifo.gcx.clkx/wr_pntr_cdc_inst/src_clk
    SLICE_X138Y218       FDRE                                         r  ethernet_one_gbe_skarab_control_tx_one_gbe/kat_ten_gb_eth_0/tge_rx_inst/rx_packet_ctrl_fifo_inst/U0/inst_fifo_gen/gconvfifo.rf/grf.rf/gntv_or_sync_fifo.gcx.clkx/wr_pntr_cdc_inst/src_gray_ff_reg[2]/C
  -------------------------------------------------------------------    -------------------
    SLICE_X138Y218       FDRE (Prop_fdre_C_Q)         0.259     5.219 r  ethernet_one_gbe_skarab_control_tx_one_gbe/kat_ten_gb_eth_0/tge_rx_inst/rx_packet_ctrl_fifo_inst/U0/inst_fifo_gen/gconvfifo.rf/grf.rf/gntv_or_sync_fifo.gcx.clkx/wr_pntr_cdc_inst/src_gray_ff_reg[2]/Q
                         net (fo=1, routed)           0.523     5.742    ethernet_one_gbe_skarab_control_tx_one_gbe/kat_ten_gb_eth_0/tge_rx_inst/rx_packet_ctrl_fifo_inst/U0/inst_fifo_gen/gconvfifo.rf/grf.rf/gntv_or_sync_fifo.gcx.clkx/wr_pntr_cdc_inst/async_path[2]
    SLICE_X138Y217       FDRE                                         r  ethernet_one_gbe_skarab_control_tx_one_gbe/kat_ten_gb_eth_0/tge_rx_inst/rx_packet_ctrl_fifo_inst/U0/inst_fifo_gen/gconvfifo.rf/grf.rf/gntv_or_sync_fifo.gcx.clkx/wr_pntr_cdc_inst/dest_graysync_ff_reg[0][2]/D
  -------------------------------------------------------------------    -------------------

                         (clock user_clk_mmcm rise edge)
                                                      0.000     0.000 r  
    AU15                                              0.000     0.000 r  FPGA_REFCLK_BUF0_P (IN)
                         net (fo=0)                   0.000     0.000    skarab_infr/FPGA_REFCLK_BUF0_P
    AU15                 IBUFDS (Prop_ibufds_I_O)     0.855     0.855 r  skarab_infr/refclk_0_ibufgds/O
                         net (fo=2, routed)           1.018     1.873    skarab_infr/refclk_0
    MMCME2_ADV_X1Y5      MMCME2_ADV (Prop_mmcme2_adv_CLKIN1_CLKOUT0)
                                                      0.073     1.946 r  skarab_infr/USER_CLK_MMCM_inst/CLKOUT0
                         net (fo=1, routed)           1.350     3.296    skarab_infr/user_clk_mmcm
    BUFGCTRL_X0Y19       BUFG (Prop_bufg_I_O)         0.083     3.379 r  skarab_infr/user_clk_BUFG_inst/O
                         net (fo=3080, routed)        1.157     4.536    ethernet_one_gbe_skarab_control_tx_one_gbe/kat_ten_gb_eth_0/tge_rx_inst/rx_packet_ctrl_fifo_inst/U0/inst_fifo_gen/gconvfifo.rf/grf.rf/gntv_or_sync_fifo.gcx.clkx/wr_pntr_cdc_inst/dest_clk
    SLICE_X138Y217       FDRE                                         r  ethernet_one_gbe_skarab_control_tx_one_gbe/kat_ten_gb_eth_0/tge_rx_inst/rx_packet_ctrl_fifo_inst/U0/inst_fifo_gen/gconvfifo.rf/grf.rf/gntv_or_sync_fifo.gcx.clkx/wr_pntr_cdc_inst/dest_graysync_ff_reg[0][2]/C
                         clock pessimism              0.103     4.639    
    SLICE_X138Y217       FDRE (Setup_fdre_C_D)        0.028     4.667    ethernet_one_gbe_skarab_control_tx_one_gbe/kat_ten_gb_eth_0/tge_rx_inst/rx_packet_ctrl_fifo_inst/U0/inst_fifo_gen/gconvfifo.rf/grf.rf/gntv_or_sync_fifo.gcx.clkx/wr_pntr_cdc_inst/dest_graysync_ff_reg[0][2]
  -------------------------------------------------------------------
                         data arrival                           5.742    
                         clock arrival                          4.667    
  -------------------------------------------------------------------
                         relative delay                         1.075    

Reference path:
    Location             Delay type                Incr(ns)  Path(ns)    Netlist Resource(s)
  -------------------------------------------------------------------    -------------------
                         (clock sys_clk_mmcm rise edge)
                                                      0.000     0.000 r  
    AU15                                              0.000     0.000 r  FPGA_REFCLK_BUF0_P (IN)
                         net (fo=0)                   0.000     0.000    skarab_infr/FPGA_REFCLK_BUF0_P
    AU15                 IBUFDS (Prop_ibufds_I_O)     0.855     0.855 r  skarab_infr/refclk_0_ibufgds/O
                         net (fo=2, routed)           0.986     1.841    skarab_infr/refclk_0
    MMCME2_ADV_X1Y4      MMCME2_ADV (Prop_mmcme2_adv_CLKIN1_CLKOUT0)
                                                      0.073     1.914 r  skarab_infr/SYS_CLK_MMCM_inst/CLKOUT0
                         net (fo=1, routed)           1.350     3.264    skarab_infr/sys_clk_mmcm
    BUFGCTRL_X0Y0        BUFG (Prop_bufg_I_O)         0.083     3.347 r  skarab_infr/sys_clk_BUFG_inst/O
                         net (fo=2840, routed)        1.153     4.500    ethernet_one_gbe_skarab_control_tx_one_gbe/kat_ten_gb_eth_0/tge_rx_inst/rx_packet_ctrl_fifo_inst/U0/inst_fifo_gen/gconvfifo.rf/grf.rf/gntv_or_sync_fifo.gcx.clkx/wr_pntr_cdc_inst/src_clk
    SLICE_X137Y218       FDRE                                         r  ethernet_one_gbe_skarab_control_tx_one_gbe/kat_ten_gb_eth_0/tge_rx_inst/rx_packet_ctrl_fifo_inst/U0/inst_fifo_gen/gconvfifo.rf/grf.rf/gntv_or_sync_fifo.gcx.clkx/wr_pntr_cdc_inst/src_gray_ff_reg[0]/C
  -------------------------------------------------------------------    -------------------
    SLICE_X137Y218       FDRE (Prop_fdre_C_Q)         0.178     4.678 r  ethernet_one_gbe_skarab_control_tx_one_gbe/kat_ten_gb_eth_0/tge_rx_inst/rx_packet_ctrl_fifo_inst/U0/inst_fifo_gen/gconvfifo.rf/grf.rf/gntv_or_sync_fifo.gcx.clkx/wr_pntr_cdc_inst/src_gray_ff_reg[0]/Q
                         net (fo=1, routed)           0.375     5.054    ethernet_one_gbe_skarab_control_tx_one_gbe/kat_ten_gb_eth_0/tge_rx_inst/rx_packet_ctrl_fifo_inst/U0/inst_fifo_gen/gconvfifo.rf/grf.rf/gntv_or_sync_fifo.gcx.clkx/wr_pntr_cdc_inst/async_path[0]
    SLICE_X136Y217       FDRE                                         r  ethernet_one_gbe_skarab_control_tx_one_gbe/kat_ten_gb_eth_0/tge_rx_inst/rx_packet_ctrl_fifo_inst/U0/inst_fifo_gen/gconvfifo.rf/grf.rf/gntv_or_sync_fifo.gcx.clkx/wr_pntr_cdc_inst/dest_graysync_ff_reg[0][0]/D
  -------------------------------------------------------------------    -------------------

                         (clock user_clk_mmcm rise edge)
                                                      0.000     0.000 r  
    AU15                                              0.000     0.000 r  FPGA_REFCLK_BUF0_P (IN)
                         net (fo=0)                   0.000     0.000    skarab_infr/FPGA_REFCLK_BUF0_P
    AU15                 IBUFDS (Prop_ibufds_I_O)     0.958     0.958 r  skarab_infr/refclk_0_ibufgds/O
                         net (fo=2, routed)           1.121     2.079    skarab_infr/refclk_0
    MMCME2_ADV_X1Y5      MMCME2_ADV (Prop_mmcme2_adv_CLKIN1_CLKOUT0)
                                                      0.077     2.156 r  skarab_infr/USER_CLK_MMCM_inst/CLKOUT0
                         net (fo=1, routed)           1.463     3.619    skarab_infr/user_clk_mmcm
    BUFGCTRL_X0Y19       BUFG (Prop_bufg_I_O)         0.093     3.712 r  skarab_infr/user_clk_BUFG_inst/O
                         net (fo=3080, routed)        1.289     5.001    ethernet_one_gbe_skarab_control_tx_one_gbe/kat_ten_gb_eth_0/tge_rx_inst/rx_packet_ctrl_fifo_inst/U0/inst_fifo_gen/gconvfifo.rf/grf.rf/gntv_or_sync_fifo.gcx.clkx/wr_pntr_cdc_inst/dest_clk
    SLICE_X136Y217       FDRE                                         r  ethernet_one_gbe_skarab_control_tx_one_gbe/kat_ten_gb_eth_0/tge_rx_inst/rx_packet_ctrl_fifo_inst/U0/inst_fifo_gen/gconvfifo.rf/grf.rf/gntv_or_sync_fifo.gcx.clkx/wr_pntr_cdc_inst/dest_graysync_ff_reg[0][0]/C
                         clock pessimism             -0.103     4.898    
    SLICE_X136Y217       FDRE (Hold_fdre_C_D)         0.152     5.050    ethernet_one_gbe_skarab_control_tx_one_gbe/kat_ten_gb_eth_0/tge_rx_inst/rx_packet_ctrl_fifo_inst/U0/inst_fifo_gen/gconvfifo.rf/grf.rf/gntv_or_sync_fifo.gcx.clkx/wr_pntr_cdc_inst/dest_graysync_ff_reg[0][0]
  -------------------------------------------------------------------
                         data arrival                           5.054    
                         clock arrival                          5.050    
  -------------------------------------------------------------------
                         relative delay                         0.003    



Id: 3
set_bus_skew -from [get_cells [list {ethernet_one_gbe_skarab_control_tx_one_gbe/kat_ten_gb_eth_0/tge_rx_inst/use_bram.rx_packet_fifo_bram_inst/U0/inst_fifo_gen/gconvfifo.rf/grf.rf/gntv_or_sync_fifo.gcx.clkx/rd_pntr_cdc_inst/src_gray_ff_reg[0]} {ethernet_one_gbe_skarab_control_tx_one_gbe/kat_ten_gb_eth_0/tge_rx_inst/use_bram.rx_packet_fifo_bram_inst/U0/inst_fifo_gen/gconvfifo.rf/grf.rf/gntv_or_sync_fifo.gcx.clkx/rd_pntr_cdc_inst/src_gray_ff_reg[1]} {ethernet_one_gbe_skarab_control_tx_one_gbe/kat_ten_gb_eth_0/tge_rx_inst/use_bram.rx_packet_fifo_bram_inst/U0/inst_fifo_gen/gconvfifo.rf/grf.rf/gntv_or_sync_fifo.gcx.clkx/rd_pntr_cdc_inst/src_gray_ff_reg[2]} {ethernet_one_gbe_skarab_control_tx_one_gbe/kat_ten_gb_eth_0/tge_rx_inst/use_bram.rx_packet_fifo_bram_inst/U0/inst_fifo_gen/gconvfifo.rf/grf.rf/gntv_or_sync_fifo.gcx.clkx/rd_pntr_cdc_inst/src_gray_ff_reg[3]} {ethernet_one_gbe_skarab_control_tx_one_gbe/kat_ten_gb_eth_0/tge_rx_inst/use_bram.rx_packet_fifo_bram_inst/U0/inst_fifo_gen/gconvfifo.rf/grf.rf/gntv_or_sync_fifo.gcx.clkx/rd_pntr_cdc_inst/src_gray_ff_reg[4]} {ethernet_one_gbe_skarab_control_tx_one_gbe/kat_ten_gb_eth_0/tge_rx_inst/use_bram.rx_packet_fifo_bram_inst/U0/inst_fifo_gen/gconvfifo.rf/grf.rf/gntv_or_sync_fifo.gcx.clkx/rd_pntr_cdc_inst/src_gray_ff_reg[5]} {ethernet_one_gbe_skarab_control_tx_one_gbe/kat_ten_gb_eth_0/tge_rx_inst/use_bram.rx_packet_fifo_bram_inst/U0/inst_fifo_gen/gconvfifo.rf/grf.rf/gntv_or_sync_fifo.gcx.clkx/rd_pntr_cdc_inst/src_gray_ff_reg[6]} {ethernet_one_gbe_skarab_control_tx_one_gbe/kat_ten_gb_eth_0/tge_rx_inst/use_bram.rx_packet_fifo_bram_inst/U0/inst_fifo_gen/gconvfifo.rf/grf.rf/gntv_or_sync_fifo.gcx.clkx/rd_pntr_cdc_inst/src_gray_ff_reg[7]} {ethernet_one_gbe_skarab_control_tx_one_gbe/kat_ten_gb_eth_0/tge_rx_inst/use_bram.rx_packet_fifo_bram_inst/U0/inst_fifo_gen/gconvfifo.rf/grf.rf/gntv_or_sync_fifo.gcx.clkx/rd_pntr_cdc_inst/src_gray_ff_reg[8]} {ethernet_one_gbe_skarab_control_tx_one_gbe/kat_ten_gb_eth_0/tge_rx_inst/use_bram.rx_packet_fifo_bram_inst/U0/inst_fifo_gen/gconvfifo.rf/grf.rf/gntv_or_sync_fifo.gcx.clkx/rd_pntr_cdc_inst/src_gray_ff_reg[9]}]] -to [get_cells [list {ethernet_one_gbe_skarab_control_tx_one_gbe/kat_ten_gb_eth_0/tge_rx_inst/use_bram.rx_packet_fifo_bram_inst/U0/inst_fifo_gen/gconvfifo.rf/grf.rf/gntv_or_sync_fifo.gcx.clkx/rd_pntr_cdc_inst/dest_graysync_ff_reg[0][0]} {ethernet_one_gbe_skarab_control_tx_one_gbe/kat_ten_gb_eth_0/tge_rx_inst/use_bram.rx_packet_fifo_bram_inst/U0/inst_fifo_gen/gconvfifo.rf/grf.rf/gntv_or_sync_fifo.gcx.clkx/rd_pntr_cdc_inst/dest_graysync_ff_reg[0][1]} {ethernet_one_gbe_skarab_control_tx_one_gbe/kat_ten_gb_eth_0/tge_rx_inst/use_bram.rx_packet_fifo_bram_inst/U0/inst_fifo_gen/gconvfifo.rf/grf.rf/gntv_or_sync_fifo.gcx.clkx/rd_pntr_cdc_inst/dest_graysync_ff_reg[0][2]} {ethernet_one_gbe_skarab_control_tx_one_gbe/kat_ten_gb_eth_0/tge_rx_inst/use_bram.rx_packet_fifo_bram_inst/U0/inst_fifo_gen/gconvfifo.rf/grf.rf/gntv_or_sync_fifo.gcx.clkx/rd_pntr_cdc_inst/dest_graysync_ff_reg[0][3]} {ethernet_one_gbe_skarab_control_tx_one_gbe/kat_ten_gb_eth_0/tge_rx_inst/use_bram.rx_packet_fifo_bram_inst/U0/inst_fifo_gen/gconvfifo.rf/grf.rf/gntv_or_sync_fifo.gcx.clkx/rd_pntr_cdc_inst/dest_graysync_ff_reg[0][4]} {ethernet_one_gbe_skarab_control_tx_one_gbe/kat_ten_gb_eth_0/tge_rx_inst/use_bram.rx_packet_fifo_bram_inst/U0/inst_fifo_gen/gconvfifo.rf/grf.rf/gntv_or_sync_fifo.gcx.clkx/rd_pntr_cdc_inst/dest_graysync_ff_reg[0][5]} {ethernet_one_gbe_skarab_control_tx_one_gbe/kat_ten_gb_eth_0/tge_rx_inst/use_bram.rx_packet_fifo_bram_inst/U0/inst_fifo_gen/gconvfifo.rf/grf.rf/gntv_or_sync_fifo.gcx.clkx/rd_pntr_cdc_inst/dest_graysync_ff_reg[0][6]} {ethernet_one_gbe_skarab_control_tx_one_gbe/kat_ten_gb_eth_0/tge_rx_inst/use_bram.rx_packet_fifo_bram_inst/U0/inst_fifo_gen/gconvfifo.rf/grf.rf/gntv_or_sync_fifo.gcx.clkx/rd_pntr_cdc_inst/dest_graysync_ff_reg[0][7]} {ethernet_one_gbe_skarab_control_tx_one_gbe/kat_ten_gb_eth_0/tge_rx_inst/use_bram.rx_packet_fifo_bram_inst/U0/inst_fifo_gen/gconvfifo.rf/grf.rf/gntv_or_sync_fifo.gcx.clkx/rd_pntr_cdc_inst/dest_graysync_ff_reg[0][8]} {ethernet_one_gbe_skarab_control_tx_one_gbe/kat_ten_gb_eth_0/tge_rx_inst/use_bram.rx_packet_fifo_bram_inst/U0/inst_fifo_gen/gconvfifo.rf/grf.rf/gntv_or_sync_fifo.gcx.clkx/rd_pntr_cdc_inst/dest_graysync_ff_reg[0][9]}]] 4.335
Requirement: 4.335ns
Endpoints: 10

From Clock            To Clock              Endpoint Pin                    Reference Pin                   Corner  Actual(ns)  Slack(ns)
--------------------  --------------------  ------------------------------  ------------------------------  ------  ----------  ---------
user_clk_mmcm         sys_clk_mmcm          ethernet_one_gbe_skarab_control_tx_one_gbe/kat_ten_gb_eth_0/tge_rx_inst/use_bram.rx_packet_fifo_bram_inst/U0/inst_fifo_gen/gconvfifo.rf/grf.rf/gntv_or_sync_fifo.gcx.clkx/rd_pntr_cdc_inst/dest_graysync_ff_reg[0][1]/D
                                                                            ethernet_one_gbe_skarab_control_tx_one_gbe/kat_ten_gb_eth_0/tge_rx_inst/use_bram.rx_packet_fifo_bram_inst/U0/inst_fifo_gen/gconvfifo.rf/grf.rf/gntv_or_sync_fifo.gcx.clkx/rd_pntr_cdc_inst/dest_graysync_ff_reg[0][7]/D
                                                                                                            Slow         1.548      2.787


Slack (MET) :             2.787ns  (requirement - actual skew)
  Endpoint Source:        ethernet_one_gbe_skarab_control_tx_one_gbe/kat_ten_gb_eth_0/tge_rx_inst/use_bram.rx_packet_fifo_bram_inst/U0/inst_fifo_gen/gconvfifo.rf/grf.rf/gntv_or_sync_fifo.gcx.clkx/rd_pntr_cdc_inst/src_gray_ff_reg[1]/C
                            (rising edge-triggered cell FDRE clocked by user_clk_mmcm)
  Endpoint Destination:   ethernet_one_gbe_skarab_control_tx_one_gbe/kat_ten_gb_eth_0/tge_rx_inst/use_bram.rx_packet_fifo_bram_inst/U0/inst_fifo_gen/gconvfifo.rf/grf.rf/gntv_or_sync_fifo.gcx.clkx/rd_pntr_cdc_inst/dest_graysync_ff_reg[0][1]/D
                            (rising edge-triggered cell FDRE clocked by sys_clk_mmcm)
  Reference Source:       ethernet_one_gbe_skarab_control_tx_one_gbe/kat_ten_gb_eth_0/tge_rx_inst/use_bram.rx_packet_fifo_bram_inst/U0/inst_fifo_gen/gconvfifo.rf/grf.rf/gntv_or_sync_fifo.gcx.clkx/rd_pntr_cdc_inst/src_gray_ff_reg[7]/C
                            (rising edge-triggered cell FDRE clocked by user_clk_mmcm)
  Reference Destination:  ethernet_one_gbe_skarab_control_tx_one_gbe/kat_ten_gb_eth_0/tge_rx_inst/use_bram.rx_packet_fifo_bram_inst/U0/inst_fifo_gen/gconvfifo.rf/grf.rf/gntv_or_sync_fifo.gcx.clkx/rd_pntr_cdc_inst/dest_graysync_ff_reg[0][7]/D
                            (rising edge-triggered cell FDRE clocked by sys_clk_mmcm)
  Path Type:              Bus Skew (Max at Slow Process Corner)
  Requirement:            4.335ns
  Endpoint Relative Delay:    1.162ns
  Reference Relative Delay:   0.012ns
  Relative CRPR:              0.648ns
  Uncertainty:                1.046ns
  Actual Bus Skew:            1.548ns  (Endpoint Relative Delay - Reference Relative Delay - Relative CRPR + Uncertainty)

Endpoint path:
    Location             Delay type                Incr(ns)  Path(ns)    Netlist Resource(s)
  -------------------------------------------------------------------    -------------------
                         (clock user_clk_mmcm rise edge)
                                                      0.000     0.000 r  
    AU15                                              0.000     0.000 r  FPGA_REFCLK_BUF0_P (IN)
                         net (fo=0)                   0.000     0.000    skarab_infr/FPGA_REFCLK_BUF0_P
    AU15                 IBUFDS (Prop_ibufds_I_O)     0.958     0.958 r  skarab_infr/refclk_0_ibufgds/O
                         net (fo=2, routed)           1.121     2.079    skarab_infr/refclk_0
    MMCME2_ADV_X1Y5      MMCME2_ADV (Prop_mmcme2_adv_CLKIN1_CLKOUT0)
                                                      0.077     2.156 r  skarab_infr/USER_CLK_MMCM_inst/CLKOUT0
                         net (fo=1, routed)           1.463     3.619    skarab_infr/user_clk_mmcm
    BUFGCTRL_X0Y19       BUFG (Prop_bufg_I_O)         0.093     3.712 r  skarab_infr/user_clk_BUFG_inst/O
                         net (fo=3080, routed)        1.282     4.994    ethernet_one_gbe_skarab_control_tx_one_gbe/kat_ten_gb_eth_0/tge_rx_inst/use_bram.rx_packet_fifo_bram_inst/U0/inst_fifo_gen/gconvfifo.rf/grf.rf/gntv_or_sync_fifo.gcx.clkx/rd_pntr_cdc_inst/src_clk
    SLICE_X130Y219       FDRE                                         r  ethernet_one_gbe_skarab_control_tx_one_gbe/kat_ten_gb_eth_0/tge_rx_inst/use_bram.rx_packet_fifo_bram_inst/U0/inst_fifo_gen/gconvfifo.rf/grf.rf/gntv_or_sync_fifo.gcx.clkx/rd_pntr_cdc_inst/src_gray_ff_reg[1]/C
  -------------------------------------------------------------------    -------------------
    SLICE_X130Y219       FDRE (Prop_fdre_C_Q)         0.236     5.230 r  ethernet_one_gbe_skarab_control_tx_one_gbe/kat_ten_gb_eth_0/tge_rx_inst/use_bram.rx_packet_fifo_bram_inst/U0/inst_fifo_gen/gconvfifo.rf/grf.rf/gntv_or_sync_fifo.gcx.clkx/rd_pntr_cdc_inst/src_gray_ff_reg[1]/Q
                         net (fo=1, routed)           0.414     5.644    ethernet_one_gbe_skarab_control_tx_one_gbe/kat_ten_gb_eth_0/tge_rx_inst/use_bram.rx_packet_fifo_bram_inst/U0/inst_fifo_gen/gconvfifo.rf/grf.rf/gntv_or_sync_fifo.gcx.clkx/rd_pntr_cdc_inst/async_path[1]
    SLICE_X126Y221       FDRE                                         r  ethernet_one_gbe_skarab_control_tx_one_gbe/kat_ten_gb_eth_0/tge_rx_inst/use_bram.rx_packet_fifo_bram_inst/U0/inst_fifo_gen/gconvfifo.rf/grf.rf/gntv_or_sync_fifo.gcx.clkx/rd_pntr_cdc_inst/dest_graysync_ff_reg[0][1]/D
  -------------------------------------------------------------------    -------------------

                         (clock sys_clk_mmcm rise edge)
                                                      0.000     0.000 r  
    AU15                                              0.000     0.000 r  FPGA_REFCLK_BUF0_P (IN)
                         net (fo=0)                   0.000     0.000    skarab_infr/FPGA_REFCLK_BUF0_P
    AU15                 IBUFDS (Prop_ibufds_I_O)     0.855     0.855 r  skarab_infr/refclk_0_ibufgds/O
                         net (fo=2, routed)           0.986     1.841    skarab_infr/refclk_0
    MMCME2_ADV_X1Y4      MMCME2_ADV (Prop_mmcme2_adv_CLKIN1_CLKOUT0)
                                                      0.073     1.914 r  skarab_infr/SYS_CLK_MMCM_inst/CLKOUT0
                         net (fo=1, routed)           1.350     3.264    skarab_infr/sys_clk_mmcm
    BUFGCTRL_X0Y0        BUFG (Prop_bufg_I_O)         0.083     3.347 r  skarab_infr/sys_clk_BUFG_inst/O
                         net (fo=2840, routed)        1.090     4.437    ethernet_one_gbe_skarab_control_tx_one_gbe/kat_ten_gb_eth_0/tge_rx_inst/use_bram.rx_packet_fifo_bram_inst/U0/inst_fifo_gen/gconvfifo.rf/grf.rf/gntv_or_sync_fifo.gcx.clkx/rd_pntr_cdc_inst/dest_clk
    SLICE_X126Y221       FDRE                                         r  ethernet_one_gbe_skarab_control_tx_one_gbe/kat_ten_gb_eth_0/tge_rx_inst/use_bram.rx_packet_fifo_bram_inst/U0/inst_fifo_gen/gconvfifo.rf/grf.rf/gntv_or_sync_fifo.gcx.clkx/rd_pntr_cdc_inst/dest_graysync_ff_reg[0][1]/C
                         clock pessimism              0.103     4.540    
    SLICE_X126Y221       FDRE (Setup_fdre_C_D)       -0.058     4.482    ethernet_one_gbe_skarab_control_tx_one_gbe/kat_ten_gb_eth_0/tge_rx_inst/use_bram.rx_packet_fifo_bram_inst/U0/inst_fifo_gen/gconvfifo.rf/grf.rf/gntv_or_sync_fifo.gcx.clkx/rd_pntr_cdc_inst/dest_graysync_ff_reg[0][1]
  -------------------------------------------------------------------
                         data arrival                           5.644    
                         clock arrival                          4.482    
  -------------------------------------------------------------------
                         relative delay                         1.162    

Reference path:
    Location             Delay type                Incr(ns)  Path(ns)    Netlist Resource(s)
  -------------------------------------------------------------------    -------------------
                         (clock user_clk_mmcm rise edge)
                                                      0.000     0.000 r  
    AU15                                              0.000     0.000 r  FPGA_REFCLK_BUF0_P (IN)
                         net (fo=0)                   0.000     0.000    skarab_infr/FPGA_REFCLK_BUF0_P
    AU15                 IBUFDS (Prop_ibufds_I_O)     0.855     0.855 r  skarab_infr/refclk_0_ibufgds/O
                         net (fo=2, routed)           1.018     1.873    skarab_infr/refclk_0
    MMCME2_ADV_X1Y5      MMCME2_ADV (Prop_mmcme2_adv_CLKIN1_CLKOUT0)
                                                      0.073     1.946 r  skarab_infr/USER_CLK_MMCM_inst/CLKOUT0
                         net (fo=1, routed)           1.350     3.296    skarab_infr/user_clk_mmcm
    BUFGCTRL_X0Y19       BUFG (Prop_bufg_I_O)         0.083     3.379 r  skarab_infr/user_clk_BUFG_inst/O
                         net (fo=3080, routed)        1.146     4.525    ethernet_one_gbe_skarab_control_tx_one_gbe/kat_ten_gb_eth_0/tge_rx_inst/use_bram.rx_packet_fifo_bram_inst/U0/inst_fifo_gen/gconvfifo.rf/grf.rf/gntv_or_sync_fifo.gcx.clkx/rd_pntr_cdc_inst/src_clk
    SLICE_X130Y222       FDRE                                         r  ethernet_one_gbe_skarab_control_tx_one_gbe/kat_ten_gb_eth_0/tge_rx_inst/use_bram.rx_packet_fifo_bram_inst/U0/inst_fifo_gen/gconvfifo.rf/grf.rf/gntv_or_sync_fifo.gcx.clkx/rd_pntr_cdc_inst/src_gray_ff_reg[7]/C
  -------------------------------------------------------------------    -------------------
    SLICE_X130Y222       FDRE (Prop_fdre_C_Q)         0.189     4.714 r  ethernet_one_gbe_skarab_control_tx_one_gbe/kat_ten_gb_eth_0/tge_rx_inst/use_bram.rx_packet_fifo_bram_inst/U0/inst_fifo_gen/gconvfifo.rf/grf.rf/gntv_or_sync_fifo.gcx.clkx/rd_pntr_cdc_inst/src_gray_ff_reg[7]/Q
                         net (fo=1, routed)           0.228     4.943    ethernet_one_gbe_skarab_control_tx_one_gbe/kat_ten_gb_eth_0/tge_rx_inst/use_bram.rx_packet_fifo_bram_inst/U0/inst_fifo_gen/gconvfifo.rf/grf.rf/gntv_or_sync_fifo.gcx.clkx/rd_pntr_cdc_inst/async_path[7]
    SLICE_X130Y224       FDRE                                         r  ethernet_one_gbe_skarab_control_tx_one_gbe/kat_ten_gb_eth_0/tge_rx_inst/use_bram.rx_packet_fifo_bram_inst/U0/inst_fifo_gen/gconvfifo.rf/grf.rf/gntv_or_sync_fifo.gcx.clkx/rd_pntr_cdc_inst/dest_graysync_ff_reg[0][7]/D
  -------------------------------------------------------------------    -------------------

                         (clock sys_clk_mmcm rise edge)
                                                      0.000     0.000 r  
    AU15                                              0.000     0.000 r  FPGA_REFCLK_BUF0_P (IN)
                         net (fo=0)                   0.000     0.000    skarab_infr/FPGA_REFCLK_BUF0_P
    AU15                 IBUFDS (Prop_ibufds_I_O)     0.958     0.958 r  skarab_infr/refclk_0_ibufgds/O
                         net (fo=2, routed)           1.081     2.039    skarab_infr/refclk_0
    MMCME2_ADV_X1Y4      MMCME2_ADV (Prop_mmcme2_adv_CLKIN1_CLKOUT0)
                                                      0.077     2.116 r  skarab_infr/SYS_CLK_MMCM_inst/CLKOUT0
                         net (fo=1, routed)           1.463     3.579    skarab_infr/sys_clk_mmcm
    BUFGCTRL_X0Y0        BUFG (Prop_bufg_I_O)         0.093     3.672 r  skarab_infr/sys_clk_BUFG_inst/O
                         net (fo=2840, routed)        1.273     4.945    ethernet_one_gbe_skarab_control_tx_one_gbe/kat_ten_gb_eth_0/tge_rx_inst/use_bram.rx_packet_fifo_bram_inst/U0/inst_fifo_gen/gconvfifo.rf/grf.rf/gntv_or_sync_fifo.gcx.clkx/rd_pntr_cdc_inst/dest_clk
    SLICE_X130Y224       FDRE                                         r  ethernet_one_gbe_skarab_control_tx_one_gbe/kat_ten_gb_eth_0/tge_rx_inst/use_bram.rx_packet_fifo_bram_inst/U0/inst_fifo_gen/gconvfifo.rf/grf.rf/gntv_or_sync_fifo.gcx.clkx/rd_pntr_cdc_inst/dest_graysync_ff_reg[0][7]/C
                         clock pessimism             -0.103     4.842    
    SLICE_X130Y224       FDRE (Hold_fdre_C_D)         0.088     4.930    ethernet_one_gbe_skarab_control_tx_one_gbe/kat_ten_gb_eth_0/tge_rx_inst/use_bram.rx_packet_fifo_bram_inst/U0/inst_fifo_gen/gconvfifo.rf/grf.rf/gntv_or_sync_fifo.gcx.clkx/rd_pntr_cdc_inst/dest_graysync_ff_reg[0][7]
  -------------------------------------------------------------------
                         data arrival                           4.943    
                         clock arrival                          4.930    
  -------------------------------------------------------------------
                         relative delay                         0.012    



Id: 4
set_bus_skew -from [get_cells [list {ethernet_one_gbe_skarab_control_tx_one_gbe/kat_ten_gb_eth_0/tge_rx_inst/use_bram.rx_packet_fifo_bram_inst/U0/inst_fifo_gen/gconvfifo.rf/grf.rf/gntv_or_sync_fifo.gcx.clkx/wr_pntr_cdc_inst/src_gray_ff_reg[0]} {ethernet_one_gbe_skarab_control_tx_one_gbe/kat_ten_gb_eth_0/tge_rx_inst/use_bram.rx_packet_fifo_bram_inst/U0/inst_fifo_gen/gconvfifo.rf/grf.rf/gntv_or_sync_fifo.gcx.clkx/wr_pntr_cdc_inst/src_gray_ff_reg[1]} {ethernet_one_gbe_skarab_control_tx_one_gbe/kat_ten_gb_eth_0/tge_rx_inst/use_bram.rx_packet_fifo_bram_inst/U0/inst_fifo_gen/gconvfifo.rf/grf.rf/gntv_or_sync_fifo.gcx.clkx/wr_pntr_cdc_inst/src_gray_ff_reg[2]} {ethernet_one_gbe_skarab_control_tx_one_gbe/kat_ten_gb_eth_0/tge_rx_inst/use_bram.rx_packet_fifo_bram_inst/U0/inst_fifo_gen/gconvfifo.rf/grf.rf/gntv_or_sync_fifo.gcx.clkx/wr_pntr_cdc_inst/src_gray_ff_reg[3]} {ethernet_one_gbe_skarab_control_tx_one_gbe/kat_ten_gb_eth_0/tge_rx_inst/use_bram.rx_packet_fifo_bram_inst/U0/inst_fifo_gen/gconvfifo.rf/grf.rf/gntv_or_sync_fifo.gcx.clkx/wr_pntr_cdc_inst/src_gray_ff_reg[4]} {ethernet_one_gbe_skarab_control_tx_one_gbe/kat_ten_gb_eth_0/tge_rx_inst/use_bram.rx_packet_fifo_bram_inst/U0/inst_fifo_gen/gconvfifo.rf/grf.rf/gntv_or_sync_fifo.gcx.clkx/wr_pntr_cdc_inst/src_gray_ff_reg[5]} {ethernet_one_gbe_skarab_control_tx_one_gbe/kat_ten_gb_eth_0/tge_rx_inst/use_bram.rx_packet_fifo_bram_inst/U0/inst_fifo_gen/gconvfifo.rf/grf.rf/gntv_or_sync_fifo.gcx.clkx/wr_pntr_cdc_inst/src_gray_ff_reg[6]} {ethernet_one_gbe_skarab_control_tx_one_gbe/kat_ten_gb_eth_0/tge_rx_inst/use_bram.rx_packet_fifo_bram_inst/U0/inst_fifo_gen/gconvfifo.rf/grf.rf/gntv_or_sync_fifo.gcx.clkx/wr_pntr_cdc_inst/src_gray_ff_reg[7]} {ethernet_one_gbe_skarab_control_tx_one_gbe/kat_ten_gb_eth_0/tge_rx_inst/use_bram.rx_packet_fifo_bram_inst/U0/inst_fifo_gen/gconvfifo.rf/grf.rf/gntv_or_sync_fifo.gcx.clkx/wr_pntr_cdc_inst/src_gray_ff_reg[8]} {ethernet_one_gbe_skarab_control_tx_one_gbe/kat_ten_gb_eth_0/tge_rx_inst/use_bram.rx_packet_fifo_bram_inst/U0/inst_fifo_gen/gconvfifo.rf/grf.rf/gntv_or_sync_fifo.gcx.clkx/wr_pntr_cdc_inst/src_gray_ff_reg[9]}]] -to [get_cells [list {ethernet_one_gbe_skarab_control_tx_one_gbe/kat_ten_gb_eth_0/tge_rx_inst/use_bram.rx_packet_fifo_bram_inst/U0/inst_fifo_gen/gconvfifo.rf/grf.rf/gntv_or_sync_fifo.gcx.clkx/wr_pntr_cdc_inst/dest_graysync_ff_reg[0][0]} {ethernet_one_gbe_skarab_control_tx_one_gbe/kat_ten_gb_eth_0/tge_rx_inst/use_bram.rx_packet_fifo_bram_inst/U0/inst_fifo_gen/gconvfifo.rf/grf.rf/gntv_or_sync_fifo.gcx.clkx/wr_pntr_cdc_inst/dest_graysync_ff_reg[0][1]} {ethernet_one_gbe_skarab_control_tx_one_gbe/kat_ten_gb_eth_0/tge_rx_inst/use_bram.rx_packet_fifo_bram_inst/U0/inst_fifo_gen/gconvfifo.rf/grf.rf/gntv_or_sync_fifo.gcx.clkx/wr_pntr_cdc_inst/dest_graysync_ff_reg[0][2]} {ethernet_one_gbe_skarab_control_tx_one_gbe/kat_ten_gb_eth_0/tge_rx_inst/use_bram.rx_packet_fifo_bram_inst/U0/inst_fifo_gen/gconvfifo.rf/grf.rf/gntv_or_sync_fifo.gcx.clkx/wr_pntr_cdc_inst/dest_graysync_ff_reg[0][3]} {ethernet_one_gbe_skarab_control_tx_one_gbe/kat_ten_gb_eth_0/tge_rx_inst/use_bram.rx_packet_fifo_bram_inst/U0/inst_fifo_gen/gconvfifo.rf/grf.rf/gntv_or_sync_fifo.gcx.clkx/wr_pntr_cdc_inst/dest_graysync_ff_reg[0][4]} {ethernet_one_gbe_skarab_control_tx_one_gbe/kat_ten_gb_eth_0/tge_rx_inst/use_bram.rx_packet_fifo_bram_inst/U0/inst_fifo_gen/gconvfifo.rf/grf.rf/gntv_or_sync_fifo.gcx.clkx/wr_pntr_cdc_inst/dest_graysync_ff_reg[0][5]} {ethernet_one_gbe_skarab_control_tx_one_gbe/kat_ten_gb_eth_0/tge_rx_inst/use_bram.rx_packet_fifo_bram_inst/U0/inst_fifo_gen/gconvfifo.rf/grf.rf/gntv_or_sync_fifo.gcx.clkx/wr_pntr_cdc_inst/dest_graysync_ff_reg[0][6]} {ethernet_one_gbe_skarab_control_tx_one_gbe/kat_ten_gb_eth_0/tge_rx_inst/use_bram.rx_packet_fifo_bram_inst/U0/inst_fifo_gen/gconvfifo.rf/grf.rf/gntv_or_sync_fifo.gcx.clkx/wr_pntr_cdc_inst/dest_graysync_ff_reg[0][7]} {ethernet_one_gbe_skarab_control_tx_one_gbe/kat_ten_gb_eth_0/tge_rx_inst/use_bram.rx_packet_fifo_bram_inst/U0/inst_fifo_gen/gconvfifo.rf/grf.rf/gntv_or_sync_fifo.gcx.clkx/wr_pntr_cdc_inst/dest_graysync_ff_reg[0][8]} {ethernet_one_gbe_skarab_control_tx_one_gbe/kat_ten_gb_eth_0/tge_rx_inst/use_bram.rx_packet_fifo_bram_inst/U0/inst_fifo_gen/gconvfifo.rf/grf.rf/gntv_or_sync_fifo.gcx.clkx/wr_pntr_cdc_inst/dest_graysync_ff_reg[0][9]}]] 4.335
Requirement: 4.335ns
Endpoints: 10

From Clock            To Clock              Endpoint Pin                    Reference Pin                   Corner  Actual(ns)  Slack(ns)
--------------------  --------------------  ------------------------------  ------------------------------  ------  ----------  ---------
sys_clk_mmcm          user_clk_mmcm         ethernet_one_gbe_skarab_control_tx_one_gbe/kat_ten_gb_eth_0/tge_rx_inst/use_bram.rx_packet_fifo_bram_inst/U0/inst_fifo_gen/gconvfifo.rf/grf.rf/gntv_or_sync_fifo.gcx.clkx/wr_pntr_cdc_inst/dest_graysync_ff_reg[0][3]/D
                                                                            ethernet_one_gbe_skarab_control_tx_one_gbe/kat_ten_gb_eth_0/tge_rx_inst/use_bram.rx_packet_fifo_bram_inst/U0/inst_fifo_gen/gconvfifo.rf/grf.rf/gntv_or_sync_fifo.gcx.clkx/wr_pntr_cdc_inst/dest_graysync_ff_reg[0][9]/D
                                                                                                            Slow         1.489      2.846


Slack (MET) :             2.846ns  (requirement - actual skew)
  Endpoint Source:        ethernet_one_gbe_skarab_control_tx_one_gbe/kat_ten_gb_eth_0/tge_rx_inst/use_bram.rx_packet_fifo_bram_inst/U0/inst_fifo_gen/gconvfifo.rf/grf.rf/gntv_or_sync_fifo.gcx.clkx/wr_pntr_cdc_inst/src_gray_ff_reg[3]/C
                            (rising edge-triggered cell FDRE clocked by sys_clk_mmcm)
  Endpoint Destination:   ethernet_one_gbe_skarab_control_tx_one_gbe/kat_ten_gb_eth_0/tge_rx_inst/use_bram.rx_packet_fifo_bram_inst/U0/inst_fifo_gen/gconvfifo.rf/grf.rf/gntv_or_sync_fifo.gcx.clkx/wr_pntr_cdc_inst/dest_graysync_ff_reg[0][3]/D
                            (rising edge-triggered cell FDRE clocked by user_clk_mmcm)
  Reference Source:       ethernet_one_gbe_skarab_control_tx_one_gbe/kat_ten_gb_eth_0/tge_rx_inst/use_bram.rx_packet_fifo_bram_inst/U0/inst_fifo_gen/gconvfifo.rf/grf.rf/gntv_or_sync_fifo.gcx.clkx/wr_pntr_cdc_inst/src_gray_ff_reg[9]/C
                            (rising edge-triggered cell FDRE clocked by sys_clk_mmcm)
  Reference Destination:  ethernet_one_gbe_skarab_control_tx_one_gbe/kat_ten_gb_eth_0/tge_rx_inst/use_bram.rx_packet_fifo_bram_inst/U0/inst_fifo_gen/gconvfifo.rf/grf.rf/gntv_or_sync_fifo.gcx.clkx/wr_pntr_cdc_inst/dest_graysync_ff_reg[0][9]/D
                            (rising edge-triggered cell FDRE clocked by user_clk_mmcm)
  Path Type:              Bus Skew (Max at Slow Process Corner)
  Requirement:            4.335ns
  Endpoint Relative Delay:    0.985ns
  Reference Relative Delay:  -0.107ns
  Relative CRPR:              0.649ns
  Uncertainty:                1.046ns
  Actual Bus Skew:            1.489ns  (Endpoint Relative Delay - Reference Relative Delay - Relative CRPR + Uncertainty)

Endpoint path:
    Location             Delay type                Incr(ns)  Path(ns)    Netlist Resource(s)
  -------------------------------------------------------------------    -------------------
                         (clock sys_clk_mmcm rise edge)
                                                      0.000     0.000 r  
    AU15                                              0.000     0.000 r  FPGA_REFCLK_BUF0_P (IN)
                         net (fo=0)                   0.000     0.000    skarab_infr/FPGA_REFCLK_BUF0_P
    AU15                 IBUFDS (Prop_ibufds_I_O)     0.958     0.958 r  skarab_infr/refclk_0_ibufgds/O
                         net (fo=2, routed)           1.081     2.039    skarab_infr/refclk_0
    MMCME2_ADV_X1Y4      MMCME2_ADV (Prop_mmcme2_adv_CLKIN1_CLKOUT0)
                                                      0.077     2.116 r  skarab_infr/SYS_CLK_MMCM_inst/CLKOUT0
                         net (fo=1, routed)           1.463     3.579    skarab_infr/sys_clk_mmcm
    BUFGCTRL_X0Y0        BUFG (Prop_bufg_I_O)         0.093     3.672 r  skarab_infr/sys_clk_BUFG_inst/O
                         net (fo=2840, routed)        1.279     4.951    ethernet_one_gbe_skarab_control_tx_one_gbe/kat_ten_gb_eth_0/tge_rx_inst/use_bram.rx_packet_fifo_bram_inst/U0/inst_fifo_gen/gconvfifo.rf/grf.rf/gntv_or_sync_fifo.gcx.clkx/wr_pntr_cdc_inst/src_clk
    SLICE_X130Y220       FDRE                                         r  ethernet_one_gbe_skarab_control_tx_one_gbe/kat_ten_gb_eth_0/tge_rx_inst/use_bram.rx_packet_fifo_bram_inst/U0/inst_fifo_gen/gconvfifo.rf/grf.rf/gntv_or_sync_fifo.gcx.clkx/wr_pntr_cdc_inst/src_gray_ff_reg[3]/C
  -------------------------------------------------------------------    -------------------
    SLICE_X130Y220       FDRE (Prop_fdre_C_Q)         0.236     5.187 r  ethernet_one_gbe_skarab_control_tx_one_gbe/kat_ten_gb_eth_0/tge_rx_inst/use_bram.rx_packet_fifo_bram_inst/U0/inst_fifo_gen/gconvfifo.rf/grf.rf/gntv_or_sync_fifo.gcx.clkx/wr_pntr_cdc_inst/src_gray_ff_reg[3]/Q
                         net (fo=1, routed)           0.367     5.554    ethernet_one_gbe_skarab_control_tx_one_gbe/kat_ten_gb_eth_0/tge_rx_inst/use_bram.rx_packet_fifo_bram_inst/U0/inst_fifo_gen/gconvfifo.rf/grf.rf/gntv_or_sync_fifo.gcx.clkx/wr_pntr_cdc_inst/async_path[3]
    SLICE_X132Y221       FDRE                                         r  ethernet_one_gbe_skarab_control_tx_one_gbe/kat_ten_gb_eth_0/tge_rx_inst/use_bram.rx_packet_fifo_bram_inst/U0/inst_fifo_gen/gconvfifo.rf/grf.rf/gntv_or_sync_fifo.gcx.clkx/wr_pntr_cdc_inst/dest_graysync_ff_reg[0][3]/D
  -------------------------------------------------------------------    -------------------

                         (clock user_clk_mmcm rise edge)
                                                      0.000     0.000 r  
    AU15                                              0.000     0.000 r  FPGA_REFCLK_BUF0_P (IN)
                         net (fo=0)                   0.000     0.000    skarab_infr/FPGA_REFCLK_BUF0_P
    AU15                 IBUFDS (Prop_ibufds_I_O)     0.855     0.855 r  skarab_infr/refclk_0_ibufgds/O
                         net (fo=2, routed)           1.018     1.873    skarab_infr/refclk_0
    MMCME2_ADV_X1Y5      MMCME2_ADV (Prop_mmcme2_adv_CLKIN1_CLKOUT0)
                                                      0.073     1.946 r  skarab_infr/USER_CLK_MMCM_inst/CLKOUT0
                         net (fo=1, routed)           1.350     3.296    skarab_infr/user_clk_mmcm
    BUFGCTRL_X0Y19       BUFG (Prop_bufg_I_O)         0.083     3.379 r  skarab_infr/user_clk_BUFG_inst/O
                         net (fo=3080, routed)        1.149     4.528    ethernet_one_gbe_skarab_control_tx_one_gbe/kat_ten_gb_eth_0/tge_rx_inst/use_bram.rx_packet_fifo_bram_inst/U0/inst_fifo_gen/gconvfifo.rf/grf.rf/gntv_or_sync_fifo.gcx.clkx/wr_pntr_cdc_inst/dest_clk
    SLICE_X132Y221       FDRE                                         r  ethernet_one_gbe_skarab_control_tx_one_gbe/kat_ten_gb_eth_0/tge_rx_inst/use_bram.rx_packet_fifo_bram_inst/U0/inst_fifo_gen/gconvfifo.rf/grf.rf/gntv_or_sync_fifo.gcx.clkx/wr_pntr_cdc_inst/dest_graysync_ff_reg[0][3]/C
                         clock pessimism              0.103     4.631    
    SLICE_X132Y221       FDRE (Setup_fdre_C_D)       -0.062     4.569    ethernet_one_gbe_skarab_control_tx_one_gbe/kat_ten_gb_eth_0/tge_rx_inst/use_bram.rx_packet_fifo_bram_inst/U0/inst_fifo_gen/gconvfifo.rf/grf.rf/gntv_or_sync_fifo.gcx.clkx/wr_pntr_cdc_inst/dest_graysync_ff_reg[0][3]
  -------------------------------------------------------------------
                         data arrival                           5.554    
                         clock arrival                          4.569    
  -------------------------------------------------------------------
                         relative delay                         0.985    

Reference path:
    Location             Delay type                Incr(ns)  Path(ns)    Netlist Resource(s)
  -------------------------------------------------------------------    -------------------
                         (clock sys_clk_mmcm rise edge)
                                                      0.000     0.000 r  
    AU15                                              0.000     0.000 r  FPGA_REFCLK_BUF0_P (IN)
                         net (fo=0)                   0.000     0.000    skarab_infr/FPGA_REFCLK_BUF0_P
    AU15                 IBUFDS (Prop_ibufds_I_O)     0.855     0.855 r  skarab_infr/refclk_0_ibufgds/O
                         net (fo=2, routed)           0.986     1.841    skarab_infr/refclk_0
    MMCME2_ADV_X1Y4      MMCME2_ADV (Prop_mmcme2_adv_CLKIN1_CLKOUT0)
                                                      0.073     1.914 r  skarab_infr/SYS_CLK_MMCM_inst/CLKOUT0
                         net (fo=1, routed)           1.350     3.264    skarab_infr/sys_clk_mmcm
    BUFGCTRL_X0Y0        BUFG (Prop_bufg_I_O)         0.083     3.347 r  skarab_infr/sys_clk_BUFG_inst/O
                         net (fo=2840, routed)        1.145     4.492    ethernet_one_gbe_skarab_control_tx_one_gbe/kat_ten_gb_eth_0/tge_rx_inst/use_bram.rx_packet_fifo_bram_inst/U0/inst_fifo_gen/gconvfifo.rf/grf.rf/gntv_or_sync_fifo.gcx.clkx/wr_pntr_cdc_inst/src_clk
    SLICE_X133Y223       FDRE                                         r  ethernet_one_gbe_skarab_control_tx_one_gbe/kat_ten_gb_eth_0/tge_rx_inst/use_bram.rx_packet_fifo_bram_inst/U0/inst_fifo_gen/gconvfifo.rf/grf.rf/gntv_or_sync_fifo.gcx.clkx/wr_pntr_cdc_inst/src_gray_ff_reg[9]/C
  -------------------------------------------------------------------    -------------------
    SLICE_X133Y223       FDRE (Prop_fdre_C_Q)         0.178     4.670 r  ethernet_one_gbe_skarab_control_tx_one_gbe/kat_ten_gb_eth_0/tge_rx_inst/use_bram.rx_packet_fifo_bram_inst/U0/inst_fifo_gen/gconvfifo.rf/grf.rf/gntv_or_sync_fifo.gcx.clkx/wr_pntr_cdc_inst/src_gray_ff_reg[9]/Q
                         net (fo=1, routed)           0.231     4.902    ethernet_one_gbe_skarab_control_tx_one_gbe/kat_ten_gb_eth_0/tge_rx_inst/use_bram.rx_packet_fifo_bram_inst/U0/inst_fifo_gen/gconvfifo.rf/grf.rf/gntv_or_sync_fifo.gcx.clkx/wr_pntr_cdc_inst/async_path[9]
    SLICE_X133Y222       FDRE                                         r  ethernet_one_gbe_skarab_control_tx_one_gbe/kat_ten_gb_eth_0/tge_rx_inst/use_bram.rx_packet_fifo_bram_inst/U0/inst_fifo_gen/gconvfifo.rf/grf.rf/gntv_or_sync_fifo.gcx.clkx/wr_pntr_cdc_inst/dest_graysync_ff_reg[0][9]/D
  -------------------------------------------------------------------    -------------------

                         (clock user_clk_mmcm rise edge)
                                                      0.000     0.000 r  
    AU15                                              0.000     0.000 r  FPGA_REFCLK_BUF0_P (IN)
                         net (fo=0)                   0.000     0.000    skarab_infr/FPGA_REFCLK_BUF0_P
    AU15                 IBUFDS (Prop_ibufds_I_O)     0.958     0.958 r  skarab_infr/refclk_0_ibufgds/O
                         net (fo=2, routed)           1.121     2.079    skarab_infr/refclk_0
    MMCME2_ADV_X1Y5      MMCME2_ADV (Prop_mmcme2_adv_CLKIN1_CLKOUT0)
                                                      0.077     2.156 r  skarab_infr/USER_CLK_MMCM_inst/CLKOUT0
                         net (fo=1, routed)           1.463     3.619    skarab_infr/user_clk_mmcm
    BUFGCTRL_X0Y19       BUFG (Prop_bufg_I_O)         0.093     3.712 r  skarab_infr/user_clk_BUFG_inst/O
                         net (fo=3080, routed)        1.281     4.993    ethernet_one_gbe_skarab_control_tx_one_gbe/kat_ten_gb_eth_0/tge_rx_inst/use_bram.rx_packet_fifo_bram_inst/U0/inst_fifo_gen/gconvfifo.rf/grf.rf/gntv_or_sync_fifo.gcx.clkx/wr_pntr_cdc_inst/dest_clk
    SLICE_X133Y222       FDRE                                         r  ethernet_one_gbe_skarab_control_tx_one_gbe/kat_ten_gb_eth_0/tge_rx_inst/use_bram.rx_packet_fifo_bram_inst/U0/inst_fifo_gen/gconvfifo.rf/grf.rf/gntv_or_sync_fifo.gcx.clkx/wr_pntr_cdc_inst/dest_graysync_ff_reg[0][9]/C
                         clock pessimism             -0.103     4.890    
    SLICE_X133Y222       FDRE (Hold_fdre_C_D)         0.118     5.008    ethernet_one_gbe_skarab_control_tx_one_gbe/kat_ten_gb_eth_0/tge_rx_inst/use_bram.rx_packet_fifo_bram_inst/U0/inst_fifo_gen/gconvfifo.rf/grf.rf/gntv_or_sync_fifo.gcx.clkx/wr_pntr_cdc_inst/dest_graysync_ff_reg[0][9]
  -------------------------------------------------------------------
                         data arrival                           4.902    
                         clock arrival                          5.008    
  -------------------------------------------------------------------
                         relative delay                        -0.107    



Id: 5
set_bus_skew -from [get_cells [list {ethernet_one_gbe_skarab_control_tx_one_gbe/kat_ten_gb_eth_0/tge_tx_inst/tx_packet_ctrl_fifo_inst/U0/inst_fifo_gen/gconvfifo.rf/grf.rf/gntv_or_sync_fifo.gcx.clkx/rd_pntr_cdc_inst/src_gray_ff_reg[0]} {ethernet_one_gbe_skarab_control_tx_one_gbe/kat_ten_gb_eth_0/tge_tx_inst/tx_packet_ctrl_fifo_inst/U0/inst_fifo_gen/gconvfifo.rf/grf.rf/gntv_or_sync_fifo.gcx.clkx/rd_pntr_cdc_inst/src_gray_ff_reg[1]} {ethernet_one_gbe_skarab_control_tx_one_gbe/kat_ten_gb_eth_0/tge_tx_inst/tx_packet_ctrl_fifo_inst/U0/inst_fifo_gen/gconvfifo.rf/grf.rf/gntv_or_sync_fifo.gcx.clkx/rd_pntr_cdc_inst/src_gray_ff_reg[2]} {ethernet_one_gbe_skarab_control_tx_one_gbe/kat_ten_gb_eth_0/tge_tx_inst/tx_packet_ctrl_fifo_inst/U0/inst_fifo_gen/gconvfifo.rf/grf.rf/gntv_or_sync_fifo.gcx.clkx/rd_pntr_cdc_inst/src_gray_ff_reg[3]}]] -to [get_cells [list {ethernet_one_gbe_skarab_control_tx_one_gbe/kat_ten_gb_eth_0/tge_tx_inst/tx_packet_ctrl_fifo_inst/U0/inst_fifo_gen/gconvfifo.rf/grf.rf/gntv_or_sync_fifo.gcx.clkx/rd_pntr_cdc_inst/dest_graysync_ff_reg[0][0]} {ethernet_one_gbe_skarab_control_tx_one_gbe/kat_ten_gb_eth_0/tge_tx_inst/tx_packet_ctrl_fifo_inst/U0/inst_fifo_gen/gconvfifo.rf/grf.rf/gntv_or_sync_fifo.gcx.clkx/rd_pntr_cdc_inst/dest_graysync_ff_reg[0][1]} {ethernet_one_gbe_skarab_control_tx_one_gbe/kat_ten_gb_eth_0/tge_tx_inst/tx_packet_ctrl_fifo_inst/U0/inst_fifo_gen/gconvfifo.rf/grf.rf/gntv_or_sync_fifo.gcx.clkx/rd_pntr_cdc_inst/dest_graysync_ff_reg[0][2]} {ethernet_one_gbe_skarab_control_tx_one_gbe/kat_ten_gb_eth_0/tge_tx_inst/tx_packet_ctrl_fifo_inst/U0/inst_fifo_gen/gconvfifo.rf/grf.rf/gntv_or_sync_fifo.gcx.clkx/rd_pntr_cdc_inst/dest_graysync_ff_reg[0][3]}]] 4.335
Requirement: 4.335ns
Endpoints: 4

From Clock            To Clock              Endpoint Pin                    Reference Pin                   Corner  Actual(ns)  Slack(ns)
--------------------  --------------------  ------------------------------  ------------------------------  ------  ----------  ---------
sys_clk_mmcm          user_clk_mmcm         ethernet_one_gbe_skarab_control_tx_one_gbe/kat_ten_gb_eth_0/tge_tx_inst/tx_packet_ctrl_fifo_inst/U0/inst_fifo_gen/gconvfifo.rf/grf.rf/gntv_or_sync_fifo.gcx.clkx/rd_pntr_cdc_inst/dest_graysync_ff_reg[0][1]/D
                                                                            ethernet_one_gbe_skarab_control_tx_one_gbe/kat_ten_gb_eth_0/tge_tx_inst/tx_packet_ctrl_fifo_inst/U0/inst_fifo_gen/gconvfifo.rf/grf.rf/gntv_or_sync_fifo.gcx.clkx/rd_pntr_cdc_inst/dest_graysync_ff_reg[0][2]/D
                                                                                                            Slow         1.384      2.951


Slack (MET) :             2.951ns  (requirement - actual skew)
  Endpoint Source:        ethernet_one_gbe_skarab_control_tx_one_gbe/kat_ten_gb_eth_0/tge_tx_inst/tx_packet_ctrl_fifo_inst/U0/inst_fifo_gen/gconvfifo.rf/grf.rf/gntv_or_sync_fifo.gcx.clkx/rd_pntr_cdc_inst/src_gray_ff_reg[1]/C
                            (rising edge-triggered cell FDRE clocked by sys_clk_mmcm)
  Endpoint Destination:   ethernet_one_gbe_skarab_control_tx_one_gbe/kat_ten_gb_eth_0/tge_tx_inst/tx_packet_ctrl_fifo_inst/U0/inst_fifo_gen/gconvfifo.rf/grf.rf/gntv_or_sync_fifo.gcx.clkx/rd_pntr_cdc_inst/dest_graysync_ff_reg[0][1]/D
                            (rising edge-triggered cell FDRE clocked by user_clk_mmcm)
  Reference Source:       ethernet_one_gbe_skarab_control_tx_one_gbe/kat_ten_gb_eth_0/tge_tx_inst/tx_packet_ctrl_fifo_inst/U0/inst_fifo_gen/gconvfifo.rf/grf.rf/gntv_or_sync_fifo.gcx.clkx/rd_pntr_cdc_inst/src_gray_ff_reg[2]/C
                            (rising edge-triggered cell FDRE clocked by sys_clk_mmcm)
  Reference Destination:  ethernet_one_gbe_skarab_control_tx_one_gbe/kat_ten_gb_eth_0/tge_tx_inst/tx_packet_ctrl_fifo_inst/U0/inst_fifo_gen/gconvfifo.rf/grf.rf/gntv_or_sync_fifo.gcx.clkx/rd_pntr_cdc_inst/dest_graysync_ff_reg[0][2]/D
                            (rising edge-triggered cell FDRE clocked by user_clk_mmcm)
  Path Type:              Bus Skew (Max at Slow Process Corner)
  Requirement:            4.335ns
  Endpoint Relative Delay:    0.919ns
  Reference Relative Delay:  -0.092ns
  Relative CRPR:              0.674ns
  Uncertainty:                1.046ns
  Actual Bus Skew:            1.384ns  (Endpoint Relative Delay - Reference Relative Delay - Relative CRPR + Uncertainty)

Endpoint path:
    Location             Delay type                Incr(ns)  Path(ns)    Netlist Resource(s)
  -------------------------------------------------------------------    -------------------
                         (clock sys_clk_mmcm rise edge)
                                                      0.000     0.000 r  
    AU15                                              0.000     0.000 r  FPGA_REFCLK_BUF0_P (IN)
                         net (fo=0)                   0.000     0.000    skarab_infr/FPGA_REFCLK_BUF0_P
    AU15                 IBUFDS (Prop_ibufds_I_O)     0.958     0.958 r  skarab_infr/refclk_0_ibufgds/O
                         net (fo=2, routed)           1.081     2.039    skarab_infr/refclk_0
    MMCME2_ADV_X1Y4      MMCME2_ADV (Prop_mmcme2_adv_CLKIN1_CLKOUT0)
                                                      0.077     2.116 r  skarab_infr/SYS_CLK_MMCM_inst/CLKOUT0
                         net (fo=1, routed)           1.463     3.579    skarab_infr/sys_clk_mmcm
    BUFGCTRL_X0Y0        BUFG (Prop_bufg_I_O)         0.093     3.672 r  skarab_infr/sys_clk_BUFG_inst/O
                         net (fo=2840, routed)        1.382     5.054    ethernet_one_gbe_skarab_control_tx_one_gbe/kat_ten_gb_eth_0/tge_tx_inst/tx_packet_ctrl_fifo_inst/U0/inst_fifo_gen/gconvfifo.rf/grf.rf/gntv_or_sync_fifo.gcx.clkx/rd_pntr_cdc_inst/src_clk
    SLICE_X171Y206       FDRE                                         r  ethernet_one_gbe_skarab_control_tx_one_gbe/kat_ten_gb_eth_0/tge_tx_inst/tx_packet_ctrl_fifo_inst/U0/inst_fifo_gen/gconvfifo.rf/grf.rf/gntv_or_sync_fifo.gcx.clkx/rd_pntr_cdc_inst/src_gray_ff_reg[1]/C
  -------------------------------------------------------------------    -------------------
    SLICE_X171Y206       FDRE (Prop_fdre_C_Q)         0.204     5.258 r  ethernet_one_gbe_skarab_control_tx_one_gbe/kat_ten_gb_eth_0/tge_tx_inst/tx_packet_ctrl_fifo_inst/U0/inst_fifo_gen/gconvfifo.rf/grf.rf/gntv_or_sync_fifo.gcx.clkx/rd_pntr_cdc_inst/src_gray_ff_reg[1]/Q
                         net (fo=1, routed)           0.298     5.556    ethernet_one_gbe_skarab_control_tx_one_gbe/kat_ten_gb_eth_0/tge_tx_inst/tx_packet_ctrl_fifo_inst/U0/inst_fifo_gen/gconvfifo.rf/grf.rf/gntv_or_sync_fifo.gcx.clkx/rd_pntr_cdc_inst/async_path[1]
    SLICE_X170Y206       FDRE                                         r  ethernet_one_gbe_skarab_control_tx_one_gbe/kat_ten_gb_eth_0/tge_tx_inst/tx_packet_ctrl_fifo_inst/U0/inst_fifo_gen/gconvfifo.rf/grf.rf/gntv_or_sync_fifo.gcx.clkx/rd_pntr_cdc_inst/dest_graysync_ff_reg[0][1]/D
  -------------------------------------------------------------------    -------------------

                         (clock user_clk_mmcm rise edge)
                                                      0.000     0.000 r  
    AU15                                              0.000     0.000 r  FPGA_REFCLK_BUF0_P (IN)
                         net (fo=0)                   0.000     0.000    skarab_infr/FPGA_REFCLK_BUF0_P
    AU15                 IBUFDS (Prop_ibufds_I_O)     0.855     0.855 r  skarab_infr/refclk_0_ibufgds/O
                         net (fo=2, routed)           1.018     1.873    skarab_infr/refclk_0
    MMCME2_ADV_X1Y5      MMCME2_ADV (Prop_mmcme2_adv_CLKIN1_CLKOUT0)
                                                      0.073     1.946 r  skarab_infr/USER_CLK_MMCM_inst/CLKOUT0
                         net (fo=1, routed)           1.350     3.296    skarab_infr/user_clk_mmcm
    BUFGCTRL_X0Y19       BUFG (Prop_bufg_I_O)         0.083     3.379 r  skarab_infr/user_clk_BUFG_inst/O
                         net (fo=3080, routed)        1.248     4.627    ethernet_one_gbe_skarab_control_tx_one_gbe/kat_ten_gb_eth_0/tge_tx_inst/tx_packet_ctrl_fifo_inst/U0/inst_fifo_gen/gconvfifo.rf/grf.rf/gntv_or_sync_fifo.gcx.clkx/rd_pntr_cdc_inst/dest_clk
    SLICE_X170Y206       FDRE                                         r  ethernet_one_gbe_skarab_control_tx_one_gbe/kat_ten_gb_eth_0/tge_tx_inst/tx_packet_ctrl_fifo_inst/U0/inst_fifo_gen/gconvfifo.rf/grf.rf/gntv_or_sync_fifo.gcx.clkx/rd_pntr_cdc_inst/dest_graysync_ff_reg[0][1]/C
                         clock pessimism              0.103     4.730    
    SLICE_X170Y206       FDRE (Setup_fdre_C_D)       -0.093     4.637    ethernet_one_gbe_skarab_control_tx_one_gbe/kat_ten_gb_eth_0/tge_tx_inst/tx_packet_ctrl_fifo_inst/U0/inst_fifo_gen/gconvfifo.rf/grf.rf/gntv_or_sync_fifo.gcx.clkx/rd_pntr_cdc_inst/dest_graysync_ff_reg[0][1]
  -------------------------------------------------------------------
                         data arrival                           5.556    
                         clock arrival                          4.637    
  -------------------------------------------------------------------
                         relative delay                         0.919    

Reference path:
    Location             Delay type                Incr(ns)  Path(ns)    Netlist Resource(s)
  -------------------------------------------------------------------    -------------------
                         (clock sys_clk_mmcm rise edge)
                                                      0.000     0.000 r  
    AU15                                              0.000     0.000 r  FPGA_REFCLK_BUF0_P (IN)
                         net (fo=0)                   0.000     0.000    skarab_infr/FPGA_REFCLK_BUF0_P
    AU15                 IBUFDS (Prop_ibufds_I_O)     0.855     0.855 r  skarab_infr/refclk_0_ibufgds/O
                         net (fo=2, routed)           0.986     1.841    skarab_infr/refclk_0
    MMCME2_ADV_X1Y4      MMCME2_ADV (Prop_mmcme2_adv_CLKIN1_CLKOUT0)
                                                      0.073     1.914 r  skarab_infr/SYS_CLK_MMCM_inst/CLKOUT0
                         net (fo=1, routed)           1.350     3.264    skarab_infr/sys_clk_mmcm
    BUFGCTRL_X0Y0        BUFG (Prop_bufg_I_O)         0.083     3.347 r  skarab_infr/sys_clk_BUFG_inst/O
                         net (fo=2840, routed)        1.245     4.592    ethernet_one_gbe_skarab_control_tx_one_gbe/kat_ten_gb_eth_0/tge_tx_inst/tx_packet_ctrl_fifo_inst/U0/inst_fifo_gen/gconvfifo.rf/grf.rf/gntv_or_sync_fifo.gcx.clkx/rd_pntr_cdc_inst/src_clk
    SLICE_X171Y208       FDRE                                         r  ethernet_one_gbe_skarab_control_tx_one_gbe/kat_ten_gb_eth_0/tge_tx_inst/tx_packet_ctrl_fifo_inst/U0/inst_fifo_gen/gconvfifo.rf/grf.rf/gntv_or_sync_fifo.gcx.clkx/rd_pntr_cdc_inst/src_gray_ff_reg[2]/C
  -------------------------------------------------------------------    -------------------
    SLICE_X171Y208       FDRE (Prop_fdre_C_Q)         0.178     4.770 r  ethernet_one_gbe_skarab_control_tx_one_gbe/kat_ten_gb_eth_0/tge_tx_inst/tx_packet_ctrl_fifo_inst/U0/inst_fifo_gen/gconvfifo.rf/grf.rf/gntv_or_sync_fifo.gcx.clkx/rd_pntr_cdc_inst/src_gray_ff_reg[2]/Q
                         net (fo=1, routed)           0.248     5.018    ethernet_one_gbe_skarab_control_tx_one_gbe/kat_ten_gb_eth_0/tge_tx_inst/tx_packet_ctrl_fifo_inst/U0/inst_fifo_gen/gconvfifo.rf/grf.rf/gntv_or_sync_fifo.gcx.clkx/rd_pntr_cdc_inst/async_path[2]
    SLICE_X170Y208       FDRE                                         r  ethernet_one_gbe_skarab_control_tx_one_gbe/kat_ten_gb_eth_0/tge_tx_inst/tx_packet_ctrl_fifo_inst/U0/inst_fifo_gen/gconvfifo.rf/grf.rf/gntv_or_sync_fifo.gcx.clkx/rd_pntr_cdc_inst/dest_graysync_ff_reg[0][2]/D
  -------------------------------------------------------------------    -------------------

                         (clock user_clk_mmcm rise edge)
                                                      0.000     0.000 r  
    AU15                                              0.000     0.000 r  FPGA_REFCLK_BUF0_P (IN)
                         net (fo=0)                   0.000     0.000    skarab_infr/FPGA_REFCLK_BUF0_P
    AU15                 IBUFDS (Prop_ibufds_I_O)     0.958     0.958 r  skarab_infr/refclk_0_ibufgds/O
                         net (fo=2, routed)           1.121     2.079    skarab_infr/refclk_0
    MMCME2_ADV_X1Y5      MMCME2_ADV (Prop_mmcme2_adv_CLKIN1_CLKOUT0)
                                                      0.077     2.156 r  skarab_infr/USER_CLK_MMCM_inst/CLKOUT0
                         net (fo=1, routed)           1.463     3.619    skarab_infr/user_clk_mmcm
    BUFGCTRL_X0Y19       BUFG (Prop_bufg_I_O)         0.093     3.712 r  skarab_infr/user_clk_BUFG_inst/O
                         net (fo=3080, routed)        1.383     5.095    ethernet_one_gbe_skarab_control_tx_one_gbe/kat_ten_gb_eth_0/tge_tx_inst/tx_packet_ctrl_fifo_inst/U0/inst_fifo_gen/gconvfifo.rf/grf.rf/gntv_or_sync_fifo.gcx.clkx/rd_pntr_cdc_inst/dest_clk
    SLICE_X170Y208       FDRE                                         r  ethernet_one_gbe_skarab_control_tx_one_gbe/kat_ten_gb_eth_0/tge_tx_inst/tx_packet_ctrl_fifo_inst/U0/inst_fifo_gen/gconvfifo.rf/grf.rf/gntv_or_sync_fifo.gcx.clkx/rd_pntr_cdc_inst/dest_graysync_ff_reg[0][2]/C
                         clock pessimism             -0.103     4.992    
    SLICE_X170Y208       FDRE (Hold_fdre_C_D)         0.118     5.110    ethernet_one_gbe_skarab_control_tx_one_gbe/kat_ten_gb_eth_0/tge_tx_inst/tx_packet_ctrl_fifo_inst/U0/inst_fifo_gen/gconvfifo.rf/grf.rf/gntv_or_sync_fifo.gcx.clkx/rd_pntr_cdc_inst/dest_graysync_ff_reg[0][2]
  -------------------------------------------------------------------
                         data arrival                           5.018    
                         clock arrival                          5.110    
  -------------------------------------------------------------------
                         relative delay                        -0.092    



Id: 6
set_bus_skew -from [get_cells [list {ethernet_one_gbe_skarab_control_tx_one_gbe/kat_ten_gb_eth_0/tge_tx_inst/tx_packet_ctrl_fifo_inst/U0/inst_fifo_gen/gconvfifo.rf/grf.rf/gntv_or_sync_fifo.gcx.clkx/wr_pntr_cdc_inst/src_gray_ff_reg[0]} {ethernet_one_gbe_skarab_control_tx_one_gbe/kat_ten_gb_eth_0/tge_tx_inst/tx_packet_ctrl_fifo_inst/U0/inst_fifo_gen/gconvfifo.rf/grf.rf/gntv_or_sync_fifo.gcx.clkx/wr_pntr_cdc_inst/src_gray_ff_reg[1]} {ethernet_one_gbe_skarab_control_tx_one_gbe/kat_ten_gb_eth_0/tge_tx_inst/tx_packet_ctrl_fifo_inst/U0/inst_fifo_gen/gconvfifo.rf/grf.rf/gntv_or_sync_fifo.gcx.clkx/wr_pntr_cdc_inst/src_gray_ff_reg[2]} {ethernet_one_gbe_skarab_control_tx_one_gbe/kat_ten_gb_eth_0/tge_tx_inst/tx_packet_ctrl_fifo_inst/U0/inst_fifo_gen/gconvfifo.rf/grf.rf/gntv_or_sync_fifo.gcx.clkx/wr_pntr_cdc_inst/src_gray_ff_reg[3]}]] -to [get_cells [list {ethernet_one_gbe_skarab_control_tx_one_gbe/kat_ten_gb_eth_0/tge_tx_inst/tx_packet_ctrl_fifo_inst/U0/inst_fifo_gen/gconvfifo.rf/grf.rf/gntv_or_sync_fifo.gcx.clkx/wr_pntr_cdc_inst/dest_graysync_ff_reg[0][0]} {ethernet_one_gbe_skarab_control_tx_one_gbe/kat_ten_gb_eth_0/tge_tx_inst/tx_packet_ctrl_fifo_inst/U0/inst_fifo_gen/gconvfifo.rf/grf.rf/gntv_or_sync_fifo.gcx.clkx/wr_pntr_cdc_inst/dest_graysync_ff_reg[0][1]} {ethernet_one_gbe_skarab_control_tx_one_gbe/kat_ten_gb_eth_0/tge_tx_inst/tx_packet_ctrl_fifo_inst/U0/inst_fifo_gen/gconvfifo.rf/grf.rf/gntv_or_sync_fifo.gcx.clkx/wr_pntr_cdc_inst/dest_graysync_ff_reg[0][2]} {ethernet_one_gbe_skarab_control_tx_one_gbe/kat_ten_gb_eth_0/tge_tx_inst/tx_packet_ctrl_fifo_inst/U0/inst_fifo_gen/gconvfifo.rf/grf.rf/gntv_or_sync_fifo.gcx.clkx/wr_pntr_cdc_inst/dest_graysync_ff_reg[0][3]}]] 4.335
Requirement: 4.335ns
Endpoints: 4

From Clock            To Clock              Endpoint Pin                    Reference Pin                   Corner  Actual(ns)  Slack(ns)
--------------------  --------------------  ------------------------------  ------------------------------  ------  ----------  ---------
user_clk_mmcm         sys_clk_mmcm          ethernet_one_gbe_skarab_control_tx_one_gbe/kat_ten_gb_eth_0/tge_tx_inst/tx_packet_ctrl_fifo_inst/U0/inst_fifo_gen/gconvfifo.rf/grf.rf/gntv_or_sync_fifo.gcx.clkx/wr_pntr_cdc_inst/dest_graysync_ff_reg[0][3]/D
                                                                            ethernet_one_gbe_skarab_control_tx_one_gbe/kat_ten_gb_eth_0/tge_tx_inst/tx_packet_ctrl_fifo_inst/U0/inst_fifo_gen/gconvfifo.rf/grf.rf/gntv_or_sync_fifo.gcx.clkx/wr_pntr_cdc_inst/dest_graysync_ff_reg[0][0]/D
                                                                                                            Slow         1.518      2.817


Slack (MET) :             2.817ns  (requirement - actual skew)
  Endpoint Source:        ethernet_one_gbe_skarab_control_tx_one_gbe/kat_ten_gb_eth_0/tge_tx_inst/tx_packet_ctrl_fifo_inst/U0/inst_fifo_gen/gconvfifo.rf/grf.rf/gntv_or_sync_fifo.gcx.clkx/wr_pntr_cdc_inst/src_gray_ff_reg[3]/C
                            (rising edge-triggered cell FDRE clocked by user_clk_mmcm)
  Endpoint Destination:   ethernet_one_gbe_skarab_control_tx_one_gbe/kat_ten_gb_eth_0/tge_tx_inst/tx_packet_ctrl_fifo_inst/U0/inst_fifo_gen/gconvfifo.rf/grf.rf/gntv_or_sync_fifo.gcx.clkx/wr_pntr_cdc_inst/dest_graysync_ff_reg[0][3]/D
                            (rising edge-triggered cell FDRE clocked by sys_clk_mmcm)
  Reference Source:       ethernet_one_gbe_skarab_control_tx_one_gbe/kat_ten_gb_eth_0/tge_tx_inst/tx_packet_ctrl_fifo_inst/U0/inst_fifo_gen/gconvfifo.rf/grf.rf/gntv_or_sync_fifo.gcx.clkx/wr_pntr_cdc_inst/src_gray_ff_reg[0]/C
                            (rising edge-triggered cell FDRE clocked by user_clk_mmcm)
  Reference Destination:  ethernet_one_gbe_skarab_control_tx_one_gbe/kat_ten_gb_eth_0/tge_tx_inst/tx_packet_ctrl_fifo_inst/U0/inst_fifo_gen/gconvfifo.rf/grf.rf/gntv_or_sync_fifo.gcx.clkx/wr_pntr_cdc_inst/dest_graysync_ff_reg[0][0]/D
                            (rising edge-triggered cell FDRE clocked by sys_clk_mmcm)
  Path Type:              Bus Skew (Max at Slow Process Corner)
  Requirement:            4.335ns
  Endpoint Relative Delay:    1.133ns
  Reference Relative Delay:   0.012ns
  Relative CRPR:              0.650ns
  Uncertainty:                1.046ns
  Actual Bus Skew:            1.518ns  (Endpoint Relative Delay - Reference Relative Delay - Relative CRPR + Uncertainty)

Endpoint path:
    Location             Delay type                Incr(ns)  Path(ns)    Netlist Resource(s)
  -------------------------------------------------------------------    -------------------
                         (clock user_clk_mmcm rise edge)
                                                      0.000     0.000 r  
    AU15                                              0.000     0.000 r  FPGA_REFCLK_BUF0_P (IN)
                         net (fo=0)                   0.000     0.000    skarab_infr/FPGA_REFCLK_BUF0_P
    AU15                 IBUFDS (Prop_ibufds_I_O)     0.958     0.958 r  skarab_infr/refclk_0_ibufgds/O
                         net (fo=2, routed)           1.121     2.079    skarab_infr/refclk_0
    MMCME2_ADV_X1Y5      MMCME2_ADV (Prop_mmcme2_adv_CLKIN1_CLKOUT0)
                                                      0.077     2.156 r  skarab_infr/USER_CLK_MMCM_inst/CLKOUT0
                         net (fo=1, routed)           1.463     3.619    skarab_infr/user_clk_mmcm
    BUFGCTRL_X0Y19       BUFG (Prop_bufg_I_O)         0.093     3.712 r  skarab_infr/user_clk_BUFG_inst/O
                         net (fo=3080, routed)        1.427     5.139    ethernet_one_gbe_skarab_control_tx_one_gbe/kat_ten_gb_eth_0/tge_tx_inst/tx_packet_ctrl_fifo_inst/U0/inst_fifo_gen/gconvfifo.rf/grf.rf/gntv_or_sync_fifo.gcx.clkx/wr_pntr_cdc_inst/src_clk
    SLICE_X175Y210       FDRE                                         r  ethernet_one_gbe_skarab_control_tx_one_gbe/kat_ten_gb_eth_0/tge_tx_inst/tx_packet_ctrl_fifo_inst/U0/inst_fifo_gen/gconvfifo.rf/grf.rf/gntv_or_sync_fifo.gcx.clkx/wr_pntr_cdc_inst/src_gray_ff_reg[3]/C
  -------------------------------------------------------------------    -------------------
    SLICE_X175Y210       FDRE (Prop_fdre_C_Q)         0.223     5.362 r  ethernet_one_gbe_skarab_control_tx_one_gbe/kat_ten_gb_eth_0/tge_tx_inst/tx_packet_ctrl_fifo_inst/U0/inst_fifo_gen/gconvfifo.rf/grf.rf/gntv_or_sync_fifo.gcx.clkx/wr_pntr_cdc_inst/src_gray_ff_reg[3]/Q
                         net (fo=1, routed)           0.535     5.897    ethernet_one_gbe_skarab_control_tx_one_gbe/kat_ten_gb_eth_0/tge_tx_inst/tx_packet_ctrl_fifo_inst/U0/inst_fifo_gen/gconvfifo.rf/grf.rf/gntv_or_sync_fifo.gcx.clkx/wr_pntr_cdc_inst/async_path[3]
    SLICE_X174Y210       FDRE                                         r  ethernet_one_gbe_skarab_control_tx_one_gbe/kat_ten_gb_eth_0/tge_tx_inst/tx_packet_ctrl_fifo_inst/U0/inst_fifo_gen/gconvfifo.rf/grf.rf/gntv_or_sync_fifo.gcx.clkx/wr_pntr_cdc_inst/dest_graysync_ff_reg[0][3]/D
  -------------------------------------------------------------------    -------------------

                         (clock sys_clk_mmcm rise edge)
                                                      0.000     0.000 r  
    AU15                                              0.000     0.000 r  FPGA_REFCLK_BUF0_P (IN)
                         net (fo=0)                   0.000     0.000    skarab_infr/FPGA_REFCLK_BUF0_P
    AU15                 IBUFDS (Prop_ibufds_I_O)     0.855     0.855 r  skarab_infr/refclk_0_ibufgds/O
                         net (fo=2, routed)           0.986     1.841    skarab_infr/refclk_0
    MMCME2_ADV_X1Y4      MMCME2_ADV (Prop_mmcme2_adv_CLKIN1_CLKOUT0)
                                                      0.073     1.914 r  skarab_infr/SYS_CLK_MMCM_inst/CLKOUT0
                         net (fo=1, routed)           1.350     3.264    skarab_infr/sys_clk_mmcm
    BUFGCTRL_X0Y0        BUFG (Prop_bufg_I_O)         0.083     3.347 r  skarab_infr/sys_clk_BUFG_inst/O
                         net (fo=2840, routed)        1.288     4.635    ethernet_one_gbe_skarab_control_tx_one_gbe/kat_ten_gb_eth_0/tge_tx_inst/tx_packet_ctrl_fifo_inst/U0/inst_fifo_gen/gconvfifo.rf/grf.rf/gntv_or_sync_fifo.gcx.clkx/wr_pntr_cdc_inst/dest_clk
    SLICE_X174Y210       FDRE                                         r  ethernet_one_gbe_skarab_control_tx_one_gbe/kat_ten_gb_eth_0/tge_tx_inst/tx_packet_ctrl_fifo_inst/U0/inst_fifo_gen/gconvfifo.rf/grf.rf/gntv_or_sync_fifo.gcx.clkx/wr_pntr_cdc_inst/dest_graysync_ff_reg[0][3]/C
                         clock pessimism              0.103     4.738    
    SLICE_X174Y210       FDRE (Setup_fdre_C_D)        0.026     4.764    ethernet_one_gbe_skarab_control_tx_one_gbe/kat_ten_gb_eth_0/tge_tx_inst/tx_packet_ctrl_fifo_inst/U0/inst_fifo_gen/gconvfifo.rf/grf.rf/gntv_or_sync_fifo.gcx.clkx/wr_pntr_cdc_inst/dest_graysync_ff_reg[0][3]
  -------------------------------------------------------------------
                         data arrival                           5.897    
                         clock arrival                          4.764    
  -------------------------------------------------------------------
                         relative delay                         1.133    

Reference path:
    Location             Delay type                Incr(ns)  Path(ns)    Netlist Resource(s)
  -------------------------------------------------------------------    -------------------
                         (clock user_clk_mmcm rise edge)
                                                      0.000     0.000 r  
    AU15                                              0.000     0.000 r  FPGA_REFCLK_BUF0_P (IN)
                         net (fo=0)                   0.000     0.000    skarab_infr/FPGA_REFCLK_BUF0_P
    AU15                 IBUFDS (Prop_ibufds_I_O)     0.855     0.855 r  skarab_infr/refclk_0_ibufgds/O
                         net (fo=2, routed)           1.018     1.873    skarab_infr/refclk_0
    MMCME2_ADV_X1Y5      MMCME2_ADV (Prop_mmcme2_adv_CLKIN1_CLKOUT0)
                                                      0.073     1.946 r  skarab_infr/USER_CLK_MMCM_inst/CLKOUT0
                         net (fo=1, routed)           1.350     3.296    skarab_infr/user_clk_mmcm
    BUFGCTRL_X0Y19       BUFG (Prop_bufg_I_O)         0.083     3.379 r  skarab_infr/user_clk_BUFG_inst/O
                         net (fo=3080, routed)        1.247     4.626    ethernet_one_gbe_skarab_control_tx_one_gbe/kat_ten_gb_eth_0/tge_tx_inst/tx_packet_ctrl_fifo_inst/U0/inst_fifo_gen/gconvfifo.rf/grf.rf/gntv_or_sync_fifo.gcx.clkx/wr_pntr_cdc_inst/src_clk
    SLICE_X170Y209       FDRE                                         r  ethernet_one_gbe_skarab_control_tx_one_gbe/kat_ten_gb_eth_0/tge_tx_inst/tx_packet_ctrl_fifo_inst/U0/inst_fifo_gen/gconvfifo.rf/grf.rf/gntv_or_sync_fifo.gcx.clkx/wr_pntr_cdc_inst/src_gray_ff_reg[0]/C
  -------------------------------------------------------------------    -------------------
    SLICE_X170Y209       FDRE (Prop_fdre_C_Q)         0.178     4.804 r  ethernet_one_gbe_skarab_control_tx_one_gbe/kat_ten_gb_eth_0/tge_tx_inst/tx_packet_ctrl_fifo_inst/U0/inst_fifo_gen/gconvfifo.rf/grf.rf/gntv_or_sync_fifo.gcx.clkx/wr_pntr_cdc_inst/src_gray_ff_reg[0]/Q
                         net (fo=1, routed)           0.355     5.159    ethernet_one_gbe_skarab_control_tx_one_gbe/kat_ten_gb_eth_0/tge_tx_inst/tx_packet_ctrl_fifo_inst/U0/inst_fifo_gen/gconvfifo.rf/grf.rf/gntv_or_sync_fifo.gcx.clkx/wr_pntr_cdc_inst/async_path[0]
    SLICE_X174Y209       FDRE                                         r  ethernet_one_gbe_skarab_control_tx_one_gbe/kat_ten_gb_eth_0/tge_tx_inst/tx_packet_ctrl_fifo_inst/U0/inst_fifo_gen/gconvfifo.rf/grf.rf/gntv_or_sync_fifo.gcx.clkx/wr_pntr_cdc_inst/dest_graysync_ff_reg[0][0]/D
  -------------------------------------------------------------------    -------------------

                         (clock sys_clk_mmcm rise edge)
                                                      0.000     0.000 r  
    AU15                                              0.000     0.000 r  FPGA_REFCLK_BUF0_P (IN)
                         net (fo=0)                   0.000     0.000    skarab_infr/FPGA_REFCLK_BUF0_P
    AU15                 IBUFDS (Prop_ibufds_I_O)     0.958     0.958 r  skarab_infr/refclk_0_ibufgds/O
                         net (fo=2, routed)           1.081     2.039    skarab_infr/refclk_0
    MMCME2_ADV_X1Y4      MMCME2_ADV (Prop_mmcme2_adv_CLKIN1_CLKOUT0)
                                                      0.077     2.116 r  skarab_infr/SYS_CLK_MMCM_inst/CLKOUT0
                         net (fo=1, routed)           1.463     3.579    skarab_infr/sys_clk_mmcm
    BUFGCTRL_X0Y0        BUFG (Prop_bufg_I_O)         0.093     3.672 r  skarab_infr/sys_clk_BUFG_inst/O
                         net (fo=2840, routed)        1.426     5.098    ethernet_one_gbe_skarab_control_tx_one_gbe/kat_ten_gb_eth_0/tge_tx_inst/tx_packet_ctrl_fifo_inst/U0/inst_fifo_gen/gconvfifo.rf/grf.rf/gntv_or_sync_fifo.gcx.clkx/wr_pntr_cdc_inst/dest_clk
    SLICE_X174Y209       FDRE                                         r  ethernet_one_gbe_skarab_control_tx_one_gbe/kat_ten_gb_eth_0/tge_tx_inst/tx_packet_ctrl_fifo_inst/U0/inst_fifo_gen/gconvfifo.rf/grf.rf/gntv_or_sync_fifo.gcx.clkx/wr_pntr_cdc_inst/dest_graysync_ff_reg[0][0]/C
                         clock pessimism             -0.103     4.995    
    SLICE_X174Y209       FDRE (Hold_fdre_C_D)         0.152     5.147    ethernet_one_gbe_skarab_control_tx_one_gbe/kat_ten_gb_eth_0/tge_tx_inst/tx_packet_ctrl_fifo_inst/U0/inst_fifo_gen/gconvfifo.rf/grf.rf/gntv_or_sync_fifo.gcx.clkx/wr_pntr_cdc_inst/dest_graysync_ff_reg[0][0]
  -------------------------------------------------------------------
                         data arrival                           5.159    
                         clock arrival                          5.147    
  -------------------------------------------------------------------
                         relative delay                         0.012    



Id: 7
set_bus_skew -from [get_cells [list {ethernet_one_gbe_skarab_control_tx_one_gbe/kat_ten_gb_eth_0/tge_tx_inst/tx_packet_fifo_inst/U0/inst_fifo_gen/gconvfifo.rf/grf.rf/gntv_or_sync_fifo.gcx.clkx/rd_pntr_cdc_inst/src_gray_ff_reg[0]} {ethernet_one_gbe_skarab_control_tx_one_gbe/kat_ten_gb_eth_0/tge_tx_inst/tx_packet_fifo_inst/U0/inst_fifo_gen/gconvfifo.rf/grf.rf/gntv_or_sync_fifo.gcx.clkx/rd_pntr_cdc_inst/src_gray_ff_reg[1]} {ethernet_one_gbe_skarab_control_tx_one_gbe/kat_ten_gb_eth_0/tge_tx_inst/tx_packet_fifo_inst/U0/inst_fifo_gen/gconvfifo.rf/grf.rf/gntv_or_sync_fifo.gcx.clkx/rd_pntr_cdc_inst/src_gray_ff_reg[2]} {ethernet_one_gbe_skarab_control_tx_one_gbe/kat_ten_gb_eth_0/tge_tx_inst/tx_packet_fifo_inst/U0/inst_fifo_gen/gconvfifo.rf/grf.rf/gntv_or_sync_fifo.gcx.clkx/rd_pntr_cdc_inst/src_gray_ff_reg[3]} {ethernet_one_gbe_skarab_control_tx_one_gbe/kat_ten_gb_eth_0/tge_tx_inst/tx_packet_fifo_inst/U0/inst_fifo_gen/gconvfifo.rf/grf.rf/gntv_or_sync_fifo.gcx.clkx/rd_pntr_cdc_inst/src_gray_ff_reg[4]} {ethernet_one_gbe_skarab_control_tx_one_gbe/kat_ten_gb_eth_0/tge_tx_inst/tx_packet_fifo_inst/U0/inst_fifo_gen/gconvfifo.rf/grf.rf/gntv_or_sync_fifo.gcx.clkx/rd_pntr_cdc_inst/src_gray_ff_reg[5]} {ethernet_one_gbe_skarab_control_tx_one_gbe/kat_ten_gb_eth_0/tge_tx_inst/tx_packet_fifo_inst/U0/inst_fifo_gen/gconvfifo.rf/grf.rf/gntv_or_sync_fifo.gcx.clkx/rd_pntr_cdc_inst/src_gray_ff_reg[6]} {ethernet_one_gbe_skarab_control_tx_one_gbe/kat_ten_gb_eth_0/tge_tx_inst/tx_packet_fifo_inst/U0/inst_fifo_gen/gconvfifo.rf/grf.rf/gntv_or_sync_fifo.gcx.clkx/rd_pntr_cdc_inst/src_gray_ff_reg[7]} {ethernet_one_gbe_skarab_control_tx_one_gbe/kat_ten_gb_eth_0/tge_tx_inst/tx_packet_fifo_inst/U0/inst_fifo_gen/gconvfifo.rf/grf.rf/gntv_or_sync_fifo.gcx.clkx/rd_pntr_cdc_inst/src_gray_ff_reg[8]} {ethernet_one_gbe_skarab_control_tx_one_gbe/kat_ten_gb_eth_0/tge_tx_inst/tx_packet_fifo_inst/U0/inst_fifo_gen/gconvfifo.rf/grf.rf/gntv_or_sync_fifo.gcx.clkx/rd_pntr_cdc_inst/src_gray_ff_reg[9]}]] -to [get_cells [list {ethernet_one_gbe_skarab_control_tx_one_gbe/kat_ten_gb_eth_0/tge_tx_inst/tx_packet_fifo_inst/U0/inst_fifo_gen/gconvfifo.rf/grf.rf/gntv_or_sync_fifo.gcx.clkx/rd_pntr_cdc_inst/dest_graysync_ff_reg[0][0]} {ethernet_one_gbe_skarab_control_tx_one_gbe/kat_ten_gb_eth_0/tge_tx_inst/tx_packet_fifo_inst/U0/inst_fifo_gen/gconvfifo.rf/grf.rf/gntv_or_sync_fifo.gcx.clkx/rd_pntr_cdc_inst/dest_graysync_ff_reg[0][1]} {ethernet_one_gbe_skarab_control_tx_one_gbe/kat_ten_gb_eth_0/tge_tx_inst/tx_packet_fifo_inst/U0/inst_fifo_gen/gconvfifo.rf/grf.rf/gntv_or_sync_fifo.gcx.clkx/rd_pntr_cdc_inst/dest_graysync_ff_reg[0][2]} {ethernet_one_gbe_skarab_control_tx_one_gbe/kat_ten_gb_eth_0/tge_tx_inst/tx_packet_fifo_inst/U0/inst_fifo_gen/gconvfifo.rf/grf.rf/gntv_or_sync_fifo.gcx.clkx/rd_pntr_cdc_inst/dest_graysync_ff_reg[0][3]} {ethernet_one_gbe_skarab_control_tx_one_gbe/kat_ten_gb_eth_0/tge_tx_inst/tx_packet_fifo_inst/U0/inst_fifo_gen/gconvfifo.rf/grf.rf/gntv_or_sync_fifo.gcx.clkx/rd_pntr_cdc_inst/dest_graysync_ff_reg[0][4]} {ethernet_one_gbe_skarab_control_tx_one_gbe/kat_ten_gb_eth_0/tge_tx_inst/tx_packet_fifo_inst/U0/inst_fifo_gen/gconvfifo.rf/grf.rf/gntv_or_sync_fifo.gcx.clkx/rd_pntr_cdc_inst/dest_graysync_ff_reg[0][5]} {ethernet_one_gbe_skarab_control_tx_one_gbe/kat_ten_gb_eth_0/tge_tx_inst/tx_packet_fifo_inst/U0/inst_fifo_gen/gconvfifo.rf/grf.rf/gntv_or_sync_fifo.gcx.clkx/rd_pntr_cdc_inst/dest_graysync_ff_reg[0][6]} {ethernet_one_gbe_skarab_control_tx_one_gbe/kat_ten_gb_eth_0/tge_tx_inst/tx_packet_fifo_inst/U0/inst_fifo_gen/gconvfifo.rf/grf.rf/gntv_or_sync_fifo.gcx.clkx/rd_pntr_cdc_inst/dest_graysync_ff_reg[0][7]} {ethernet_one_gbe_skarab_control_tx_one_gbe/kat_ten_gb_eth_0/tge_tx_inst/tx_packet_fifo_inst/U0/inst_fifo_gen/gconvfifo.rf/grf.rf/gntv_or_sync_fifo.gcx.clkx/rd_pntr_cdc_inst/dest_graysync_ff_reg[0][8]} {ethernet_one_gbe_skarab_control_tx_one_gbe/kat_ten_gb_eth_0/tge_tx_inst/tx_packet_fifo_inst/U0/inst_fifo_gen/gconvfifo.rf/grf.rf/gntv_or_sync_fifo.gcx.clkx/rd_pntr_cdc_inst/dest_graysync_ff_reg[0][9]}]] 4.335
Requirement: 4.335ns
Endpoints: 10

From Clock            To Clock              Endpoint Pin                    Reference Pin                   Corner  Actual(ns)  Slack(ns)
--------------------  --------------------  ------------------------------  ------------------------------  ------  ----------  ---------
sys_clk_mmcm          user_clk_mmcm         ethernet_one_gbe_skarab_control_tx_one_gbe/kat_ten_gb_eth_0/tge_tx_inst/tx_packet_fifo_inst/U0/inst_fifo_gen/gconvfifo.rf/grf.rf/gntv_or_sync_fifo.gcx.clkx/rd_pntr_cdc_inst/dest_graysync_ff_reg[0][4]/D
                                                                            ethernet_one_gbe_skarab_control_tx_one_gbe/kat_ten_gb_eth_0/tge_tx_inst/tx_packet_fifo_inst/U0/inst_fifo_gen/gconvfifo.rf/grf.rf/gntv_or_sync_fifo.gcx.clkx/rd_pntr_cdc_inst/dest_graysync_ff_reg[0][6]/D
                                                                                                            Slow         1.521      2.814


Slack (MET) :             2.814ns  (requirement - actual skew)
  Endpoint Source:        ethernet_one_gbe_skarab_control_tx_one_gbe/kat_ten_gb_eth_0/tge_tx_inst/tx_packet_fifo_inst/U0/inst_fifo_gen/gconvfifo.rf/grf.rf/gntv_or_sync_fifo.gcx.clkx/rd_pntr_cdc_inst/src_gray_ff_reg[4]/C
                            (rising edge-triggered cell FDRE clocked by sys_clk_mmcm)
  Endpoint Destination:   ethernet_one_gbe_skarab_control_tx_one_gbe/kat_ten_gb_eth_0/tge_tx_inst/tx_packet_fifo_inst/U0/inst_fifo_gen/gconvfifo.rf/grf.rf/gntv_or_sync_fifo.gcx.clkx/rd_pntr_cdc_inst/dest_graysync_ff_reg[0][4]/D
                            (rising edge-triggered cell FDRE clocked by user_clk_mmcm)
  Reference Source:       ethernet_one_gbe_skarab_control_tx_one_gbe/kat_ten_gb_eth_0/tge_tx_inst/tx_packet_fifo_inst/U0/inst_fifo_gen/gconvfifo.rf/grf.rf/gntv_or_sync_fifo.gcx.clkx/rd_pntr_cdc_inst/src_gray_ff_reg[6]/C
                            (rising edge-triggered cell FDRE clocked by sys_clk_mmcm)
  Reference Destination:  ethernet_one_gbe_skarab_control_tx_one_gbe/kat_ten_gb_eth_0/tge_tx_inst/tx_packet_fifo_inst/U0/inst_fifo_gen/gconvfifo.rf/grf.rf/gntv_or_sync_fifo.gcx.clkx/rd_pntr_cdc_inst/dest_graysync_ff_reg[0][6]/D
                            (rising edge-triggered cell FDRE clocked by user_clk_mmcm)
  Path Type:              Bus Skew (Max at Slow Process Corner)
  Requirement:            4.335ns
  Endpoint Relative Delay:    1.044ns
  Reference Relative Delay:  -0.084ns
  Relative CRPR:              0.654ns
  Uncertainty:                1.046ns
  Actual Bus Skew:            1.521ns  (Endpoint Relative Delay - Reference Relative Delay - Relative CRPR + Uncertainty)

Endpoint path:
    Location             Delay type                Incr(ns)  Path(ns)    Netlist Resource(s)
  -------------------------------------------------------------------    -------------------
                         (clock sys_clk_mmcm rise edge)
                                                      0.000     0.000 r  
    AU15                                              0.000     0.000 r  FPGA_REFCLK_BUF0_P (IN)
                         net (fo=0)                   0.000     0.000    skarab_infr/FPGA_REFCLK_BUF0_P
    AU15                 IBUFDS (Prop_ibufds_I_O)     0.958     0.958 r  skarab_infr/refclk_0_ibufgds/O
                         net (fo=2, routed)           1.081     2.039    skarab_infr/refclk_0
    MMCME2_ADV_X1Y4      MMCME2_ADV (Prop_mmcme2_adv_CLKIN1_CLKOUT0)
                                                      0.077     2.116 r  skarab_infr/SYS_CLK_MMCM_inst/CLKOUT0
                         net (fo=1, routed)           1.463     3.579    skarab_infr/sys_clk_mmcm
    BUFGCTRL_X0Y0        BUFG (Prop_bufg_I_O)         0.093     3.672 r  skarab_infr/sys_clk_BUFG_inst/O
                         net (fo=2840, routed)        1.537     5.209    ethernet_one_gbe_skarab_control_tx_one_gbe/kat_ten_gb_eth_0/tge_tx_inst/tx_packet_fifo_inst/U0/inst_fifo_gen/gconvfifo.rf/grf.rf/gntv_or_sync_fifo.gcx.clkx/rd_pntr_cdc_inst/src_clk
    SLICE_X162Y197       FDRE                                         r  ethernet_one_gbe_skarab_control_tx_one_gbe/kat_ten_gb_eth_0/tge_tx_inst/tx_packet_fifo_inst/U0/inst_fifo_gen/gconvfifo.rf/grf.rf/gntv_or_sync_fifo.gcx.clkx/rd_pntr_cdc_inst/src_gray_ff_reg[4]/C
  -------------------------------------------------------------------    -------------------
    SLICE_X162Y197       FDRE (Prop_fdre_C_Q)         0.259     5.468 r  ethernet_one_gbe_skarab_control_tx_one_gbe/kat_ten_gb_eth_0/tge_tx_inst/tx_packet_fifo_inst/U0/inst_fifo_gen/gconvfifo.rf/grf.rf/gntv_or_sync_fifo.gcx.clkx/rd_pntr_cdc_inst/src_gray_ff_reg[4]/Q
                         net (fo=1, routed)           0.393     5.861    ethernet_one_gbe_skarab_control_tx_one_gbe/kat_ten_gb_eth_0/tge_tx_inst/tx_packet_fifo_inst/U0/inst_fifo_gen/gconvfifo.rf/grf.rf/gntv_or_sync_fifo.gcx.clkx/rd_pntr_cdc_inst/async_path[4]
    SLICE_X161Y198       FDRE                                         r  ethernet_one_gbe_skarab_control_tx_one_gbe/kat_ten_gb_eth_0/tge_tx_inst/tx_packet_fifo_inst/U0/inst_fifo_gen/gconvfifo.rf/grf.rf/gntv_or_sync_fifo.gcx.clkx/rd_pntr_cdc_inst/dest_graysync_ff_reg[0][4]/D
  -------------------------------------------------------------------    -------------------

                         (clock user_clk_mmcm rise edge)
                                                      0.000     0.000 r  
    AU15                                              0.000     0.000 r  FPGA_REFCLK_BUF0_P (IN)
                         net (fo=0)                   0.000     0.000    skarab_infr/FPGA_REFCLK_BUF0_P
    AU15                 IBUFDS (Prop_ibufds_I_O)     0.855     0.855 r  skarab_infr/refclk_0_ibufgds/O
                         net (fo=2, routed)           1.018     1.873    skarab_infr/refclk_0
    MMCME2_ADV_X1Y5      MMCME2_ADV (Prop_mmcme2_adv_CLKIN1_CLKOUT0)
                                                      0.073     1.946 r  skarab_infr/USER_CLK_MMCM_inst/CLKOUT0
                         net (fo=1, routed)           1.350     3.296    skarab_infr/user_clk_mmcm
    BUFGCTRL_X0Y19       BUFG (Prop_bufg_I_O)         0.083     3.379 r  skarab_infr/user_clk_BUFG_inst/O
                         net (fo=3080, routed)        1.345     4.724    ethernet_one_gbe_skarab_control_tx_one_gbe/kat_ten_gb_eth_0/tge_tx_inst/tx_packet_fifo_inst/U0/inst_fifo_gen/gconvfifo.rf/grf.rf/gntv_or_sync_fifo.gcx.clkx/rd_pntr_cdc_inst/dest_clk
    SLICE_X161Y198       FDRE                                         r  ethernet_one_gbe_skarab_control_tx_one_gbe/kat_ten_gb_eth_0/tge_tx_inst/tx_packet_fifo_inst/U0/inst_fifo_gen/gconvfifo.rf/grf.rf/gntv_or_sync_fifo.gcx.clkx/rd_pntr_cdc_inst/dest_graysync_ff_reg[0][4]/C
                         clock pessimism              0.103     4.827    
    SLICE_X161Y198       FDRE (Setup_fdre_C_D)       -0.010     4.817    ethernet_one_gbe_skarab_control_tx_one_gbe/kat_ten_gb_eth_0/tge_tx_inst/tx_packet_fifo_inst/U0/inst_fifo_gen/gconvfifo.rf/grf.rf/gntv_or_sync_fifo.gcx.clkx/rd_pntr_cdc_inst/dest_graysync_ff_reg[0][4]
  -------------------------------------------------------------------
                         data arrival                           5.861    
                         clock arrival                          4.817    
  -------------------------------------------------------------------
                         relative delay                         1.044    

Reference path:
    Location             Delay type                Incr(ns)  Path(ns)    Netlist Resource(s)
  -------------------------------------------------------------------    -------------------
                         (clock sys_clk_mmcm rise edge)
                                                      0.000     0.000 r  
    AU15                                              0.000     0.000 r  FPGA_REFCLK_BUF0_P (IN)
                         net (fo=0)                   0.000     0.000    skarab_infr/FPGA_REFCLK_BUF0_P
    AU15                 IBUFDS (Prop_ibufds_I_O)     0.855     0.855 r  skarab_infr/refclk_0_ibufgds/O
                         net (fo=2, routed)           0.986     1.841    skarab_infr/refclk_0
    MMCME2_ADV_X1Y4      MMCME2_ADV (Prop_mmcme2_adv_CLKIN1_CLKOUT0)
                                                      0.073     1.914 r  skarab_infr/SYS_CLK_MMCM_inst/CLKOUT0
                         net (fo=1, routed)           1.350     3.264    skarab_infr/sys_clk_mmcm
    BUFGCTRL_X0Y0        BUFG (Prop_bufg_I_O)         0.083     3.347 r  skarab_infr/sys_clk_BUFG_inst/O
                         net (fo=2840, routed)        1.398     4.745    ethernet_one_gbe_skarab_control_tx_one_gbe/kat_ten_gb_eth_0/tge_tx_inst/tx_packet_fifo_inst/U0/inst_fifo_gen/gconvfifo.rf/grf.rf/gntv_or_sync_fifo.gcx.clkx/rd_pntr_cdc_inst/src_clk
    SLICE_X163Y199       FDRE                                         r  ethernet_one_gbe_skarab_control_tx_one_gbe/kat_ten_gb_eth_0/tge_tx_inst/tx_packet_fifo_inst/U0/inst_fifo_gen/gconvfifo.rf/grf.rf/gntv_or_sync_fifo.gcx.clkx/rd_pntr_cdc_inst/src_gray_ff_reg[6]/C
  -------------------------------------------------------------------    -------------------
    SLICE_X163Y199       FDRE (Prop_fdre_C_Q)         0.178     4.923 r  ethernet_one_gbe_skarab_control_tx_one_gbe/kat_ten_gb_eth_0/tge_tx_inst/tx_packet_fifo_inst/U0/inst_fifo_gen/gconvfifo.rf/grf.rf/gntv_or_sync_fifo.gcx.clkx/rd_pntr_cdc_inst/src_gray_ff_reg[6]/Q
                         net (fo=1, routed)           0.293     5.216    ethernet_one_gbe_skarab_control_tx_one_gbe/kat_ten_gb_eth_0/tge_tx_inst/tx_packet_fifo_inst/U0/inst_fifo_gen/gconvfifo.rf/grf.rf/gntv_or_sync_fifo.gcx.clkx/rd_pntr_cdc_inst/async_path[6]
    SLICE_X162Y199       FDRE                                         r  ethernet_one_gbe_skarab_control_tx_one_gbe/kat_ten_gb_eth_0/tge_tx_inst/tx_packet_fifo_inst/U0/inst_fifo_gen/gconvfifo.rf/grf.rf/gntv_or_sync_fifo.gcx.clkx/rd_pntr_cdc_inst/dest_graysync_ff_reg[0][6]/D
  -------------------------------------------------------------------    -------------------

                         (clock user_clk_mmcm rise edge)
                                                      0.000     0.000 r  
    AU15                                              0.000     0.000 r  FPGA_REFCLK_BUF0_P (IN)
                         net (fo=0)                   0.000     0.000    skarab_infr/FPGA_REFCLK_BUF0_P
    AU15                 IBUFDS (Prop_ibufds_I_O)     0.958     0.958 r  skarab_infr/refclk_0_ibufgds/O
                         net (fo=2, routed)           1.121     2.079    skarab_infr/refclk_0
    MMCME2_ADV_X1Y5      MMCME2_ADV (Prop_mmcme2_adv_CLKIN1_CLKOUT0)
                                                      0.077     2.156 r  skarab_infr/USER_CLK_MMCM_inst/CLKOUT0
                         net (fo=1, routed)           1.463     3.619    skarab_infr/user_clk_mmcm
    BUFGCTRL_X0Y19       BUFG (Prop_bufg_I_O)         0.093     3.712 r  skarab_infr/user_clk_BUFG_inst/O
                         net (fo=3080, routed)        1.539     5.251    ethernet_one_gbe_skarab_control_tx_one_gbe/kat_ten_gb_eth_0/tge_tx_inst/tx_packet_fifo_inst/U0/inst_fifo_gen/gconvfifo.rf/grf.rf/gntv_or_sync_fifo.gcx.clkx/rd_pntr_cdc_inst/dest_clk
    SLICE_X162Y199       FDRE                                         r  ethernet_one_gbe_skarab_control_tx_one_gbe/kat_ten_gb_eth_0/tge_tx_inst/tx_packet_fifo_inst/U0/inst_fifo_gen/gconvfifo.rf/grf.rf/gntv_or_sync_fifo.gcx.clkx/rd_pntr_cdc_inst/dest_graysync_ff_reg[0][6]/C
                         clock pessimism             -0.103     5.148    
    SLICE_X162Y199       FDRE (Hold_fdre_C_D)         0.152     5.300    ethernet_one_gbe_skarab_control_tx_one_gbe/kat_ten_gb_eth_0/tge_tx_inst/tx_packet_fifo_inst/U0/inst_fifo_gen/gconvfifo.rf/grf.rf/gntv_or_sync_fifo.gcx.clkx/rd_pntr_cdc_inst/dest_graysync_ff_reg[0][6]
  -------------------------------------------------------------------
                         data arrival                           5.216    
                         clock arrival                          5.300    
  -------------------------------------------------------------------
                         relative delay                        -0.084    



Id: 8
set_bus_skew -from [get_cells [list {ethernet_one_gbe_skarab_control_tx_one_gbe/kat_ten_gb_eth_0/tge_tx_inst/tx_packet_fifo_inst/U0/inst_fifo_gen/gconvfifo.rf/grf.rf/gntv_or_sync_fifo.gcx.clkx/wr_pntr_cdc_inst/src_gray_ff_reg[0]} {ethernet_one_gbe_skarab_control_tx_one_gbe/kat_ten_gb_eth_0/tge_tx_inst/tx_packet_fifo_inst/U0/inst_fifo_gen/gconvfifo.rf/grf.rf/gntv_or_sync_fifo.gcx.clkx/wr_pntr_cdc_inst/src_gray_ff_reg[1]} {ethernet_one_gbe_skarab_control_tx_one_gbe/kat_ten_gb_eth_0/tge_tx_inst/tx_packet_fifo_inst/U0/inst_fifo_gen/gconvfifo.rf/grf.rf/gntv_or_sync_fifo.gcx.clkx/wr_pntr_cdc_inst/src_gray_ff_reg[2]} {ethernet_one_gbe_skarab_control_tx_one_gbe/kat_ten_gb_eth_0/tge_tx_inst/tx_packet_fifo_inst/U0/inst_fifo_gen/gconvfifo.rf/grf.rf/gntv_or_sync_fifo.gcx.clkx/wr_pntr_cdc_inst/src_gray_ff_reg[3]} {ethernet_one_gbe_skarab_control_tx_one_gbe/kat_ten_gb_eth_0/tge_tx_inst/tx_packet_fifo_inst/U0/inst_fifo_gen/gconvfifo.rf/grf.rf/gntv_or_sync_fifo.gcx.clkx/wr_pntr_cdc_inst/src_gray_ff_reg[4]} {ethernet_one_gbe_skarab_control_tx_one_gbe/kat_ten_gb_eth_0/tge_tx_inst/tx_packet_fifo_inst/U0/inst_fifo_gen/gconvfifo.rf/grf.rf/gntv_or_sync_fifo.gcx.clkx/wr_pntr_cdc_inst/src_gray_ff_reg[5]} {ethernet_one_gbe_skarab_control_tx_one_gbe/kat_ten_gb_eth_0/tge_tx_inst/tx_packet_fifo_inst/U0/inst_fifo_gen/gconvfifo.rf/grf.rf/gntv_or_sync_fifo.gcx.clkx/wr_pntr_cdc_inst/src_gray_ff_reg[6]} {ethernet_one_gbe_skarab_control_tx_one_gbe/kat_ten_gb_eth_0/tge_tx_inst/tx_packet_fifo_inst/U0/inst_fifo_gen/gconvfifo.rf/grf.rf/gntv_or_sync_fifo.gcx.clkx/wr_pntr_cdc_inst/src_gray_ff_reg[7]} {ethernet_one_gbe_skarab_control_tx_one_gbe/kat_ten_gb_eth_0/tge_tx_inst/tx_packet_fifo_inst/U0/inst_fifo_gen/gconvfifo.rf/grf.rf/gntv_or_sync_fifo.gcx.clkx/wr_pntr_cdc_inst/src_gray_ff_reg[8]} {ethernet_one_gbe_skarab_control_tx_one_gbe/kat_ten_gb_eth_0/tge_tx_inst/tx_packet_fifo_inst/U0/inst_fifo_gen/gconvfifo.rf/grf.rf/gntv_or_sync_fifo.gcx.clkx/wr_pntr_cdc_inst/src_gray_ff_reg[9]}]] -to [get_cells [list {ethernet_one_gbe_skarab_control_tx_one_gbe/kat_ten_gb_eth_0/tge_tx_inst/tx_packet_fifo_inst/U0/inst_fifo_gen/gconvfifo.rf/grf.rf/gntv_or_sync_fifo.gcx.clkx/wr_pntr_cdc_inst/dest_graysync_ff_reg[0][0]} {ethernet_one_gbe_skarab_control_tx_one_gbe/kat_ten_gb_eth_0/tge_tx_inst/tx_packet_fifo_inst/U0/inst_fifo_gen/gconvfifo.rf/grf.rf/gntv_or_sync_fifo.gcx.clkx/wr_pntr_cdc_inst/dest_graysync_ff_reg[0][1]} {ethernet_one_gbe_skarab_control_tx_one_gbe/kat_ten_gb_eth_0/tge_tx_inst/tx_packet_fifo_inst/U0/inst_fifo_gen/gconvfifo.rf/grf.rf/gntv_or_sync_fifo.gcx.clkx/wr_pntr_cdc_inst/dest_graysync_ff_reg[0][2]} {ethernet_one_gbe_skarab_control_tx_one_gbe/kat_ten_gb_eth_0/tge_tx_inst/tx_packet_fifo_inst/U0/inst_fifo_gen/gconvfifo.rf/grf.rf/gntv_or_sync_fifo.gcx.clkx/wr_pntr_cdc_inst/dest_graysync_ff_reg[0][3]} {ethernet_one_gbe_skarab_control_tx_one_gbe/kat_ten_gb_eth_0/tge_tx_inst/tx_packet_fifo_inst/U0/inst_fifo_gen/gconvfifo.rf/grf.rf/gntv_or_sync_fifo.gcx.clkx/wr_pntr_cdc_inst/dest_graysync_ff_reg[0][4]} {ethernet_one_gbe_skarab_control_tx_one_gbe/kat_ten_gb_eth_0/tge_tx_inst/tx_packet_fifo_inst/U0/inst_fifo_gen/gconvfifo.rf/grf.rf/gntv_or_sync_fifo.gcx.clkx/wr_pntr_cdc_inst/dest_graysync_ff_reg[0][5]} {ethernet_one_gbe_skarab_control_tx_one_gbe/kat_ten_gb_eth_0/tge_tx_inst/tx_packet_fifo_inst/U0/inst_fifo_gen/gconvfifo.rf/grf.rf/gntv_or_sync_fifo.gcx.clkx/wr_pntr_cdc_inst/dest_graysync_ff_reg[0][6]} {ethernet_one_gbe_skarab_control_tx_one_gbe/kat_ten_gb_eth_0/tge_tx_inst/tx_packet_fifo_inst/U0/inst_fifo_gen/gconvfifo.rf/grf.rf/gntv_or_sync_fifo.gcx.clkx/wr_pntr_cdc_inst/dest_graysync_ff_reg[0][7]} {ethernet_one_gbe_skarab_control_tx_one_gbe/kat_ten_gb_eth_0/tge_tx_inst/tx_packet_fifo_inst/U0/inst_fifo_gen/gconvfifo.rf/grf.rf/gntv_or_sync_fifo.gcx.clkx/wr_pntr_cdc_inst/dest_graysync_ff_reg[0][8]} {ethernet_one_gbe_skarab_control_tx_one_gbe/kat_ten_gb_eth_0/tge_tx_inst/tx_packet_fifo_inst/U0/inst_fifo_gen/gconvfifo.rf/grf.rf/gntv_or_sync_fifo.gcx.clkx/wr_pntr_cdc_inst/dest_graysync_ff_reg[0][9]}]] 4.335
Requirement: 4.335ns
Endpoints: 10

From Clock            To Clock              Endpoint Pin                    Reference Pin                   Corner  Actual(ns)  Slack(ns)
--------------------  --------------------  ------------------------------  ------------------------------  ------  ----------  ---------
user_clk_mmcm         sys_clk_mmcm          ethernet_one_gbe_skarab_control_tx_one_gbe/kat_ten_gb_eth_0/tge_tx_inst/tx_packet_fifo_inst/U0/inst_fifo_gen/gconvfifo.rf/grf.rf/gntv_or_sync_fifo.gcx.clkx/wr_pntr_cdc_inst/dest_graysync_ff_reg[0][5]/D
                                                                            ethernet_one_gbe_skarab_control_tx_one_gbe/kat_ten_gb_eth_0/tge_tx_inst/tx_packet_fifo_inst/U0/inst_fifo_gen/gconvfifo.rf/grf.rf/gntv_or_sync_fifo.gcx.clkx/wr_pntr_cdc_inst/dest_graysync_ff_reg[0][7]/D
                                                                                                            Slow         1.670      2.665


Slack (MET) :             2.665ns  (requirement - actual skew)
  Endpoint Source:        ethernet_one_gbe_skarab_control_tx_one_gbe/kat_ten_gb_eth_0/tge_tx_inst/tx_packet_fifo_inst/U0/inst_fifo_gen/gconvfifo.rf/grf.rf/gntv_or_sync_fifo.gcx.clkx/wr_pntr_cdc_inst/src_gray_ff_reg[5]/C
                            (rising edge-triggered cell FDRE clocked by user_clk_mmcm)
  Endpoint Destination:   ethernet_one_gbe_skarab_control_tx_one_gbe/kat_ten_gb_eth_0/tge_tx_inst/tx_packet_fifo_inst/U0/inst_fifo_gen/gconvfifo.rf/grf.rf/gntv_or_sync_fifo.gcx.clkx/wr_pntr_cdc_inst/dest_graysync_ff_reg[0][5]/D
                            (rising edge-triggered cell FDRE clocked by sys_clk_mmcm)
  Reference Source:       ethernet_one_gbe_skarab_control_tx_one_gbe/kat_ten_gb_eth_0/tge_tx_inst/tx_packet_fifo_inst/U0/inst_fifo_gen/gconvfifo.rf/grf.rf/gntv_or_sync_fifo.gcx.clkx/wr_pntr_cdc_inst/src_gray_ff_reg[7]/C
                            (rising edge-triggered cell FDRE clocked by user_clk_mmcm)
  Reference Destination:  ethernet_one_gbe_skarab_control_tx_one_gbe/kat_ten_gb_eth_0/tge_tx_inst/tx_packet_fifo_inst/U0/inst_fifo_gen/gconvfifo.rf/grf.rf/gntv_or_sync_fifo.gcx.clkx/wr_pntr_cdc_inst/dest_graysync_ff_reg[0][7]/D
                            (rising edge-triggered cell FDRE clocked by sys_clk_mmcm)
  Path Type:              Bus Skew (Max at Slow Process Corner)
  Requirement:            4.335ns
  Endpoint Relative Delay:    1.267ns
  Reference Relative Delay:   0.015ns
  Relative CRPR:              0.628ns
  Uncertainty:                1.046ns
  Actual Bus Skew:            1.670ns  (Endpoint Relative Delay - Reference Relative Delay - Relative CRPR + Uncertainty)

Endpoint path:
    Location             Delay type                Incr(ns)  Path(ns)    Netlist Resource(s)
  -------------------------------------------------------------------    -------------------
                         (clock user_clk_mmcm rise edge)
                                                      0.000     0.000 r  
    AU15                                              0.000     0.000 r  FPGA_REFCLK_BUF0_P (IN)
                         net (fo=0)                   0.000     0.000    skarab_infr/FPGA_REFCLK_BUF0_P
    AU15                 IBUFDS (Prop_ibufds_I_O)     0.958     0.958 r  skarab_infr/refclk_0_ibufgds/O
                         net (fo=2, routed)           1.121     2.079    skarab_infr/refclk_0
    MMCME2_ADV_X1Y5      MMCME2_ADV (Prop_mmcme2_adv_CLKIN1_CLKOUT0)
                                                      0.077     2.156 r  skarab_infr/USER_CLK_MMCM_inst/CLKOUT0
                         net (fo=1, routed)           1.463     3.619    skarab_infr/user_clk_mmcm
    BUFGCTRL_X0Y19       BUFG (Prop_bufg_I_O)         0.093     3.712 r  skarab_infr/user_clk_BUFG_inst/O
                         net (fo=3080, routed)        1.480     5.192    ethernet_one_gbe_skarab_control_tx_one_gbe/kat_ten_gb_eth_0/tge_tx_inst/tx_packet_fifo_inst/U0/inst_fifo_gen/gconvfifo.rf/grf.rf/gntv_or_sync_fifo.gcx.clkx/wr_pntr_cdc_inst/src_clk
    SLICE_X147Y196       FDRE                                         r  ethernet_one_gbe_skarab_control_tx_one_gbe/kat_ten_gb_eth_0/tge_tx_inst/tx_packet_fifo_inst/U0/inst_fifo_gen/gconvfifo.rf/grf.rf/gntv_or_sync_fifo.gcx.clkx/wr_pntr_cdc_inst/src_gray_ff_reg[5]/C
  -------------------------------------------------------------------    -------------------
    SLICE_X147Y196       FDRE (Prop_fdre_C_Q)         0.204     5.396 r  ethernet_one_gbe_skarab_control_tx_one_gbe/kat_ten_gb_eth_0/tge_tx_inst/tx_packet_fifo_inst/U0/inst_fifo_gen/gconvfifo.rf/grf.rf/gntv_or_sync_fifo.gcx.clkx/wr_pntr_cdc_inst/src_gray_ff_reg[5]/Q
                         net (fo=1, routed)           0.660     6.056    ethernet_one_gbe_skarab_control_tx_one_gbe/kat_ten_gb_eth_0/tge_tx_inst/tx_packet_fifo_inst/U0/inst_fifo_gen/gconvfifo.rf/grf.rf/gntv_or_sync_fifo.gcx.clkx/wr_pntr_cdc_inst/async_path[5]
    SLICE_X162Y196       FDRE                                         r  ethernet_one_gbe_skarab_control_tx_one_gbe/kat_ten_gb_eth_0/tge_tx_inst/tx_packet_fifo_inst/U0/inst_fifo_gen/gconvfifo.rf/grf.rf/gntv_or_sync_fifo.gcx.clkx/wr_pntr_cdc_inst/dest_graysync_ff_reg[0][5]/D
  -------------------------------------------------------------------    -------------------

                         (clock sys_clk_mmcm rise edge)
                                                      0.000     0.000 r  
    AU15                                              0.000     0.000 r  FPGA_REFCLK_BUF0_P (IN)
                         net (fo=0)                   0.000     0.000    skarab_infr/FPGA_REFCLK_BUF0_P
    AU15                 IBUFDS (Prop_ibufds_I_O)     0.855     0.855 r  skarab_infr/refclk_0_ibufgds/O
                         net (fo=2, routed)           0.986     1.841    skarab_infr/refclk_0
    MMCME2_ADV_X1Y4      MMCME2_ADV (Prop_mmcme2_adv_CLKIN1_CLKOUT0)
                                                      0.073     1.914 r  skarab_infr/SYS_CLK_MMCM_inst/CLKOUT0
                         net (fo=1, routed)           1.350     3.264    skarab_infr/sys_clk_mmcm
    BUFGCTRL_X0Y0        BUFG (Prop_bufg_I_O)         0.083     3.347 r  skarab_infr/sys_clk_BUFG_inst/O
                         net (fo=2840, routed)        1.398     4.745    ethernet_one_gbe_skarab_control_tx_one_gbe/kat_ten_gb_eth_0/tge_tx_inst/tx_packet_fifo_inst/U0/inst_fifo_gen/gconvfifo.rf/grf.rf/gntv_or_sync_fifo.gcx.clkx/wr_pntr_cdc_inst/dest_clk
    SLICE_X162Y196       FDRE                                         r  ethernet_one_gbe_skarab_control_tx_one_gbe/kat_ten_gb_eth_0/tge_tx_inst/tx_packet_fifo_inst/U0/inst_fifo_gen/gconvfifo.rf/grf.rf/gntv_or_sync_fifo.gcx.clkx/wr_pntr_cdc_inst/dest_graysync_ff_reg[0][5]/C
                         clock pessimism              0.103     4.848    
    SLICE_X162Y196       FDRE (Setup_fdre_C_D)       -0.059     4.789    ethernet_one_gbe_skarab_control_tx_one_gbe/kat_ten_gb_eth_0/tge_tx_inst/tx_packet_fifo_inst/U0/inst_fifo_gen/gconvfifo.rf/grf.rf/gntv_or_sync_fifo.gcx.clkx/wr_pntr_cdc_inst/dest_graysync_ff_reg[0][5]
  -------------------------------------------------------------------
                         data arrival                           6.056    
                         clock arrival                          4.789    
  -------------------------------------------------------------------
                         relative delay                         1.267    

Reference path:
    Location             Delay type                Incr(ns)  Path(ns)    Netlist Resource(s)
  -------------------------------------------------------------------    -------------------
                         (clock user_clk_mmcm rise edge)
                                                      0.000     0.000 r  
    AU15                                              0.000     0.000 r  FPGA_REFCLK_BUF0_P (IN)
                         net (fo=0)                   0.000     0.000    skarab_infr/FPGA_REFCLK_BUF0_P
    AU15                 IBUFDS (Prop_ibufds_I_O)     0.855     0.855 r  skarab_infr/refclk_0_ibufgds/O
                         net (fo=2, routed)           1.018     1.873    skarab_infr/refclk_0
    MMCME2_ADV_X1Y5      MMCME2_ADV (Prop_mmcme2_adv_CLKIN1_CLKOUT0)
                                                      0.073     1.946 r  skarab_infr/USER_CLK_MMCM_inst/CLKOUT0
                         net (fo=1, routed)           1.350     3.296    skarab_infr/user_clk_mmcm
    BUFGCTRL_X0Y19       BUFG (Prop_bufg_I_O)         0.083     3.379 r  skarab_infr/user_clk_BUFG_inst/O
                         net (fo=3080, routed)        1.343     4.722    ethernet_one_gbe_skarab_control_tx_one_gbe/kat_ten_gb_eth_0/tge_tx_inst/tx_packet_fifo_inst/U0/inst_fifo_gen/gconvfifo.rf/grf.rf/gntv_or_sync_fifo.gcx.clkx/wr_pntr_cdc_inst/src_clk
    SLICE_X151Y195       FDRE                                         r  ethernet_one_gbe_skarab_control_tx_one_gbe/kat_ten_gb_eth_0/tge_tx_inst/tx_packet_fifo_inst/U0/inst_fifo_gen/gconvfifo.rf/grf.rf/gntv_or_sync_fifo.gcx.clkx/wr_pntr_cdc_inst/src_gray_ff_reg[7]/C
  -------------------------------------------------------------------    -------------------
    SLICE_X151Y195       FDRE (Prop_fdre_C_Q)         0.162     4.884 r  ethernet_one_gbe_skarab_control_tx_one_gbe/kat_ten_gb_eth_0/tge_tx_inst/tx_packet_fifo_inst/U0/inst_fifo_gen/gconvfifo.rf/grf.rf/gntv_or_sync_fifo.gcx.clkx/wr_pntr_cdc_inst/src_gray_ff_reg[7]/Q
                         net (fo=1, routed)           0.268     5.152    ethernet_one_gbe_skarab_control_tx_one_gbe/kat_ten_gb_eth_0/tge_tx_inst/tx_packet_fifo_inst/U0/inst_fifo_gen/gconvfifo.rf/grf.rf/gntv_or_sync_fifo.gcx.clkx/wr_pntr_cdc_inst/async_path[7]
    SLICE_X160Y195       FDRE                                         r  ethernet_one_gbe_skarab_control_tx_one_gbe/kat_ten_gb_eth_0/tge_tx_inst/tx_packet_fifo_inst/U0/inst_fifo_gen/gconvfifo.rf/grf.rf/gntv_or_sync_fifo.gcx.clkx/wr_pntr_cdc_inst/dest_graysync_ff_reg[0][7]/D
  -------------------------------------------------------------------    -------------------

                         (clock sys_clk_mmcm rise edge)
                                                      0.000     0.000 r  
    AU15                                              0.000     0.000 r  FPGA_REFCLK_BUF0_P (IN)
                         net (fo=0)                   0.000     0.000    skarab_infr/FPGA_REFCLK_BUF0_P
    AU15                 IBUFDS (Prop_ibufds_I_O)     0.958     0.958 r  skarab_infr/refclk_0_ibufgds/O
                         net (fo=2, routed)           1.081     2.039    skarab_infr/refclk_0
    MMCME2_ADV_X1Y4      MMCME2_ADV (Prop_mmcme2_adv_CLKIN1_CLKOUT0)
                                                      0.077     2.116 r  skarab_infr/SYS_CLK_MMCM_inst/CLKOUT0
                         net (fo=1, routed)           1.463     3.579    skarab_infr/sys_clk_mmcm
    BUFGCTRL_X0Y0        BUFG (Prop_bufg_I_O)         0.093     3.672 r  skarab_infr/sys_clk_BUFG_inst/O
                         net (fo=2840, routed)        1.481     5.153    ethernet_one_gbe_skarab_control_tx_one_gbe/kat_ten_gb_eth_0/tge_tx_inst/tx_packet_fifo_inst/U0/inst_fifo_gen/gconvfifo.rf/grf.rf/gntv_or_sync_fifo.gcx.clkx/wr_pntr_cdc_inst/dest_clk
    SLICE_X160Y195       FDRE                                         r  ethernet_one_gbe_skarab_control_tx_one_gbe/kat_ten_gb_eth_0/tge_tx_inst/tx_packet_fifo_inst/U0/inst_fifo_gen/gconvfifo.rf/grf.rf/gntv_or_sync_fifo.gcx.clkx/wr_pntr_cdc_inst/dest_graysync_ff_reg[0][7]/C
                         clock pessimism             -0.103     5.050    
    SLICE_X160Y195       FDRE (Hold_fdre_C_D)         0.087     5.137    ethernet_one_gbe_skarab_control_tx_one_gbe/kat_ten_gb_eth_0/tge_tx_inst/tx_packet_fifo_inst/U0/inst_fifo_gen/gconvfifo.rf/grf.rf/gntv_or_sync_fifo.gcx.clkx/wr_pntr_cdc_inst/dest_graysync_ff_reg[0][7]
  -------------------------------------------------------------------
                         data arrival                           5.152    
                         clock arrival                          5.137    
  -------------------------------------------------------------------
                         relative delay                         0.015    



