INFO - 2026-08-22 13:39:13,883 - jasper - Starting compile
DEBUG - 2026-08-22 13:39:13,883 - jasper - Vivado compile will be executed.
INFO - 2026-08-22 13:39:13,883 - jasper.toolflow - Starting Toolflow!
INFO - 2026-08-22 13:39:13,883 - jasper.toolflow - Frontend is simulink
INFO - 2026-08-22 13:39:13,883 - jasper.toolflow - Setting compile directory: /skarab/projetos/skarab-gbe-control/fpgs/ethernet_one_gbe_skarab_control/ethernet_one_gbe_skarab_axi
DEBUG - 2026-08-22 13:39:14,342 - jasper.toolflow - Generating Yellow Block: ethernet_one_gbe_skarab_axi/SKARAB
DEBUG - 2026-08-22 13:39:14,343 - jasper.toolflow - Generating Yellow Block: ethernet_one_gbe_skarab_axi/addr_data_fifo
DEBUG - 2026-08-22 13:39:14,343 - jasper.toolflow - Generating Yellow Block: ethernet_one_gbe_skarab_axi/addr_data_gbe
DEBUG - 2026-08-22 13:39:14,343 - jasper.toolflow - Generating Yellow Block: ethernet_one_gbe_skarab_axi/clk_mhz
DEBUG - 2026-08-22 13:39:14,343 - jasper.toolflow - Generating Yellow Block: ethernet_one_gbe_skarab_axi/d3/ss/bram
DEBUG - 2026-08-22 13:39:14,343 - jasper.toolflow - Generating Yellow Block: ethernet_one_gbe_skarab_axi/d3/ss/ctrl
DEBUG - 2026-08-22 13:39:14,343 - jasper.toolflow - Generating Yellow Block: ethernet_one_gbe_skarab_axi/d3/ss/status
DEBUG - 2026-08-22 13:39:14,343 - jasper.toolflow - Generating Yellow Block: ethernet_one_gbe_skarab_axi/d4/ss/bram
DEBUG - 2026-08-22 13:39:14,343 - jasper.toolflow - Generating Yellow Block: ethernet_one_gbe_skarab_axi/d4/ss/ctrl
DEBUG - 2026-08-22 13:39:14,343 - jasper.toolflow - Generating Yellow Block: ethernet_one_gbe_skarab_axi/d4/ss/status
DEBUG - 2026-08-22 13:39:14,343 - jasper.toolflow - Generating Yellow Block: ethernet_one_gbe_skarab_axi/d5/ss/bram
DEBUG - 2026-08-22 13:39:14,343 - jasper.toolflow - Generating Yellow Block: ethernet_one_gbe_skarab_axi/d5/ss/ctrl
DEBUG - 2026-08-22 13:39:14,343 - jasper.toolflow - Generating Yellow Block: ethernet_one_gbe_skarab_axi/d5/ss/status
DEBUG - 2026-08-22 13:39:14,343 - jasper.toolflow - Generating Yellow Block: ethernet_one_gbe_skarab_axi/data_rx_valmir
DEBUG - 2026-08-22 13:39:14,343 - jasper.toolflow - Generating Yellow Block: ethernet_one_gbe_skarab_axi/debug_rx_data_mem_fifo
DEBUG - 2026-08-22 13:39:14,343 - jasper.toolflow - Generating Yellow Block: ethernet_one_gbe_skarab_axi/debug_rx_data_mem_gbe
DEBUG - 2026-08-22 13:39:14,343 - jasper.toolflow - Generating Yellow Block: ethernet_one_gbe_skarab_axi/dec_factor
DEBUG - 2026-08-22 13:39:14,344 - jasper.toolflow - Generating Yellow Block: ethernet_one_gbe_skarab_axi/err_marker1
DEBUG - 2026-08-22 13:39:14,344 - jasper.toolflow - Generating Yellow Block: ethernet_one_gbe_skarab_axi/err_pkt_ctr1
DEBUG - 2026-08-22 13:39:14,344 - jasper.toolflow - Generating Yellow Block: ethernet_one_gbe_skarab_axi/err_pkt_ctr_step1
DEBUG - 2026-08-22 13:39:14,344 - jasper.toolflow - Generating Yellow Block: ethernet_one_gbe_skarab_axi/err_ramp1
DEBUG - 2026-08-22 13:39:14,344 - jasper.toolflow - Generating Yellow Block: ethernet_one_gbe_skarab_axi/err_valid_raw1
DEBUG - 2026-08-22 13:39:14,344 - jasper.toolflow - Generating Yellow Block: ethernet_one_gbe_skarab_axi/err_walk1
DEBUG - 2026-08-22 13:39:14,344 - jasper.toolflow - Generating Yellow Block: ethernet_one_gbe_skarab_axi/input_fir/bram
DEBUG - 2026-08-22 13:39:14,344 - jasper.toolflow - Generating Yellow Block: ethernet_one_gbe_skarab_axi/input_fir/ctrl
DEBUG - 2026-08-22 13:39:14,344 - jasper.toolflow - Generating Yellow Block: ethernet_one_gbe_skarab_axi/input_fir/status
DEBUG - 2026-08-22 13:39:14,344 - jasper.toolflow - Generating Yellow Block: ethernet_one_gbe_skarab_axi/input_fir/trig_offset
DEBUG - 2026-08-22 13:39:14,344 - jasper.toolflow - Generating Yellow Block: ethernet_one_gbe_skarab_axi/output_fir/bram
DEBUG - 2026-08-22 13:39:14,344 - jasper.toolflow - Generating Yellow Block: ethernet_one_gbe_skarab_axi/output_fir/ctrl
DEBUG - 2026-08-22 13:39:14,344 - jasper.toolflow - Generating Yellow Block: ethernet_one_gbe_skarab_axi/output_fir/status
DEBUG - 2026-08-22 13:39:14,344 - jasper.toolflow - Generating Yellow Block: ethernet_one_gbe_skarab_axi/output_fir/trig_offset
DEBUG - 2026-08-22 13:39:14,344 - jasper.toolflow - Generating Yellow Block: ethernet_one_gbe_skarab_axi/pkt_ctrs1/ss/bram
DEBUG - 2026-08-22 13:39:14,344 - jasper.toolflow - Generating Yellow Block: ethernet_one_gbe_skarab_axi/pkt_ctrs1/ss/ctrl
DEBUG - 2026-08-22 13:39:14,344 - jasper.toolflow - Generating Yellow Block: ethernet_one_gbe_skarab_axi/pkt_ctrs1/ss/status
DEBUG - 2026-08-22 13:39:14,344 - jasper.toolflow - Generating Yellow Block: ethernet_one_gbe_skarab_axi/pkt_ctrs_compare1/ss/bram
DEBUG - 2026-08-22 13:39:14,344 - jasper.toolflow - Generating Yellow Block: ethernet_one_gbe_skarab_axi/pkt_ctrs_compare1/ss/ctrl
DEBUG - 2026-08-22 13:39:14,344 - jasper.toolflow - Generating Yellow Block: ethernet_one_gbe_skarab_axi/pkt_ctrs_compare1/ss/status
DEBUG - 2026-08-22 13:39:14,344 - jasper.toolflow - Generating Yellow Block: ethernet_one_gbe_skarab_axi/read_gbe_or_fifo
DEBUG - 2026-08-22 13:39:14,344 - jasper.toolflow - Generating Yellow Block: ethernet_one_gbe_skarab_axi/rx_badframe1
DEBUG - 2026-08-22 13:39:14,344 - jasper.toolflow - Generating Yellow Block: ethernet_one_gbe_skarab_axi/rx_control1
DEBUG - 2026-08-22 13:39:14,344 - jasper.toolflow - Generating Yellow Block: ethernet_one_gbe_skarab_axi/rx_eof1
DEBUG - 2026-08-22 13:39:14,344 - jasper.toolflow - Generating Yellow Block: ethernet_one_gbe_skarab_axi/rx_overrun1
DEBUG - 2026-08-22 13:39:14,344 - jasper.toolflow - Generating Yellow Block: ethernet_one_gbe_skarab_axi/rx_valid1
DEBUG - 2026-08-22 13:39:14,344 - jasper.toolflow - Generating Yellow Block: ethernet_one_gbe_skarab_axi/tx_afull1
DEBUG - 2026-08-22 13:39:14,344 - jasper.toolflow - Generating Yellow Block: ethernet_one_gbe_skarab_axi/tx_control
DEBUG - 2026-08-22 13:39:14,344 - jasper.toolflow - Generating Yellow Block: ethernet_one_gbe_skarab_axi/tx_one_gbe
DEBUG - 2026-08-22 13:39:14,345 - jasper.toolflow - Generating Yellow Block: ethernet_one_gbe_skarab_axi/tx_overflow1
DEBUG - 2026-08-22 13:39:14,345 - jasper.toolflow - Generating Yellow Block: ethernet_one_gbe_skarab_axi/vaild_rx_valmir1
DEBUG - 2026-08-22 13:39:14,345 - jasper.toolflow - Inviting block <yellow_blocks.xsg.xsg object at 0x7fae660eed60> to procreate
DEBUG - 2026-08-22 13:39:14,346 - jasper.toolflow - Inviting block <yellow_blocks.sw_reg.sw_reg object at 0x7fae546fcee0> to procreate
DEBUG - 2026-08-22 13:39:14,346 - jasper.toolflow - Inviting block <yellow_blocks.sw_reg.sw_reg object at 0x7fae5426a0a0> to procreate
DEBUG - 2026-08-22 13:39:14,346 - jasper.toolflow - Inviting block <yellow_blocks.sw_reg.sw_reg object at 0x7fae5426a190> to procreate
DEBUG - 2026-08-22 13:39:14,346 - jasper.toolflow - Inviting block <yellow_blocks.bram.bram object at 0x7fae5426f820> to procreate
DEBUG - 2026-08-22 13:39:14,346 - jasper.toolflow - Inviting block <yellow_blocks.sw_reg.sw_reg object at 0x7fae5426f790> to procreate
DEBUG - 2026-08-22 13:39:14,346 - jasper.toolflow - Inviting block <yellow_blocks.sw_reg.sw_reg object at 0x7fae5426f190> to procreate
DEBUG - 2026-08-22 13:39:14,346 - jasper.toolflow - Inviting block <yellow_blocks.bram.bram object at 0x7fae5426f850> to procreate
DEBUG - 2026-08-22 13:39:14,346 - jasper.toolflow - Inviting block <yellow_blocks.sw_reg.sw_reg object at 0x7fae5426fbe0> to procreate
DEBUG - 2026-08-22 13:39:14,346 - jasper.toolflow - Inviting block <yellow_blocks.sw_reg.sw_reg object at 0x7fae5426fa90> to procreate
DEBUG - 2026-08-22 13:39:14,346 - jasper.toolflow - Inviting block <yellow_blocks.bram.bram object at 0x7fae5426fb50> to procreate
DEBUG - 2026-08-22 13:39:14,346 - jasper.toolflow - Inviting block <yellow_blocks.sw_reg.sw_reg object at 0x7fae5426fbb0> to procreate
DEBUG - 2026-08-22 13:39:14,346 - jasper.toolflow - Inviting block <yellow_blocks.sw_reg.sw_reg object at 0x7fae5426fd60> to procreate
DEBUG - 2026-08-22 13:39:14,346 - jasper.toolflow - Inviting block <yellow_blocks.sw_reg.sw_reg object at 0x7fae5426fd00> to procreate
DEBUG - 2026-08-22 13:39:14,346 - jasper.toolflow - Inviting block <yellow_blocks.sw_reg.sw_reg object at 0x7fae5426fc70> to procreate
DEBUG - 2026-08-22 13:39:14,346 - jasper.toolflow - Inviting block <yellow_blocks.sw_reg.sw_reg object at 0x7fae5426fc40> to procreate
DEBUG - 2026-08-22 13:39:14,346 - jasper.toolflow - Inviting block <yellow_blocks.sw_reg.sw_reg object at 0x7fae5426fe20> to procreate
DEBUG - 2026-08-22 13:39:14,346 - jasper.toolflow - Inviting block <yellow_blocks.sw_reg.sw_reg object at 0x7fae5426fdf0> to procreate
DEBUG - 2026-08-22 13:39:14,346 - jasper.toolflow - Inviting block <yellow_blocks.sw_reg.sw_reg object at 0x7fae5426fd90> to procreate
DEBUG - 2026-08-22 13:39:14,346 - jasper.toolflow - Inviting block <yellow_blocks.sw_reg.sw_reg object at 0x7fae5426fcd0> to procreate
DEBUG - 2026-08-22 13:39:14,346 - jasper.toolflow - Inviting block <yellow_blocks.sw_reg.sw_reg object at 0x7fae5426fe80> to procreate
DEBUG - 2026-08-22 13:39:14,346 - jasper.toolflow - Inviting block <yellow_blocks.sw_reg.sw_reg object at 0x7fae5426f910> to procreate
DEBUG - 2026-08-22 13:39:14,346 - jasper.toolflow - Inviting block <yellow_blocks.sw_reg.sw_reg object at 0x7fae5426fd30> to procreate
DEBUG - 2026-08-22 13:39:14,346 - jasper.toolflow - Inviting block <yellow_blocks.bram.bram object at 0x7fae5426fdc0> to procreate
DEBUG - 2026-08-22 13:39:14,346 - jasper.toolflow - Inviting block <yellow_blocks.sw_reg.sw_reg object at 0x7fae5426ff40> to procreate
DEBUG - 2026-08-22 13:39:14,346 - jasper.toolflow - Inviting block <yellow_blocks.sw_reg.sw_reg object at 0x7fae5426ff10> to procreate
DEBUG - 2026-08-22 13:39:14,346 - jasper.toolflow - Inviting block <yellow_blocks.sw_reg.sw_reg object at 0x7fae5426fe50> to procreate
DEBUG - 2026-08-22 13:39:14,346 - jasper.toolflow - Inviting block <yellow_blocks.bram.bram object at 0x7fae5426feb0> to procreate
DEBUG - 2026-08-22 13:39:14,346 - jasper.toolflow - Inviting block <yellow_blocks.sw_reg.sw_reg object at 0x7fae5426ffd0> to procreate
DEBUG - 2026-08-22 13:39:14,347 - jasper.toolflow - Inviting block <yellow_blocks.sw_reg.sw_reg object at 0x7fae5426ffa0> to procreate
DEBUG - 2026-08-22 13:39:14,347 - jasper.toolflow - Inviting block <yellow_blocks.sw_reg.sw_reg object at 0x7fae5426fa60> to procreate
DEBUG - 2026-08-22 13:39:14,347 - jasper.toolflow - Inviting block <yellow_blocks.bram.bram object at 0x7fae5426fee0> to procreate
DEBUG - 2026-08-22 13:39:14,347 - jasper.toolflow - Inviting block <yellow_blocks.sw_reg.sw_reg object at 0x7fae5426ff70> to procreate
DEBUG - 2026-08-22 13:39:14,347 - jasper.toolflow - Inviting block <yellow_blocks.sw_reg.sw_reg object at 0x7fae5426fca0> to procreate
DEBUG - 2026-08-22 13:39:14,347 - jasper.toolflow - Inviting block <yellow_blocks.bram.bram object at 0x7fae5426f5b0> to procreate
DEBUG - 2026-08-22 13:39:14,347 - jasper.toolflow - Inviting block <yellow_blocks.sw_reg.sw_reg object at 0x7fae5426fa00> to procreate
DEBUG - 2026-08-22 13:39:14,347 - jasper.toolflow - Inviting block <yellow_blocks.sw_reg.sw_reg object at 0x7fae5426fa30> to procreate
DEBUG - 2026-08-22 13:39:14,347 - jasper.toolflow - Inviting block <yellow_blocks.sw_reg.sw_reg object at 0x7fae5426f640> to procreate
DEBUG - 2026-08-22 13:39:14,347 - jasper.toolflow - Inviting block <yellow_blocks.sw_reg.sw_reg object at 0x7fae54281040> to procreate
DEBUG - 2026-08-22 13:39:14,347 - jasper.toolflow - Inviting block <yellow_blocks.sw_reg.sw_reg object at 0x7fae54281100> to procreate
DEBUG - 2026-08-22 13:39:14,347 - jasper.toolflow - Inviting block <yellow_blocks.sw_reg.sw_reg object at 0x7fae54281130> to procreate
DEBUG - 2026-08-22 13:39:14,347 - jasper.toolflow - Inviting block <yellow_blocks.sw_reg.sw_reg object at 0x7fae54281160> to procreate
DEBUG - 2026-08-22 13:39:14,347 - jasper.toolflow - Inviting block <yellow_blocks.sw_reg.sw_reg object at 0x7fae54281190> to procreate
DEBUG - 2026-08-22 13:39:14,347 - jasper.toolflow - Inviting block <yellow_blocks.sw_reg.sw_reg object at 0x7fae542811c0> to procreate
DEBUG - 2026-08-22 13:39:14,347 - jasper.toolflow - Inviting block <yellow_blocks.sw_reg.sw_reg object at 0x7fae542811f0> to procreate
DEBUG - 2026-08-22 13:39:14,347 - jasper.toolflow - Inviting block <yellow_blocks.onegbe.onegbe_skarab object at 0x7fae54281220> to procreate
DEBUG - 2026-08-22 13:39:14,347 - jasper.toolflow - Inviting block <yellow_blocks.sw_reg.sw_reg object at 0x7fae542814f0> to procreate
DEBUG - 2026-08-22 13:39:14,347 - jasper.toolflow - Inviting block <yellow_blocks.sw_reg.sw_reg object at 0x7fae54281a00> to procreate
DEBUG - 2026-08-22 13:39:14,347 - jasper.toolflow - Inviting block <yellow_blocks.skarab.skarab object at 0x7fae54281a30> to procreate
DEBUG - 2026-08-22 13:39:14,347 - jasper.toolflow - Inviting block <yellow_blocks.sys_block.sys_block object at 0x7fae542810d0> to procreate
DEBUG - 2026-08-22 13:39:14,347 - jasper.toolflow - SKARAB requires sys_clk
DEBUG - 2026-08-22 13:39:14,347 - jasper.toolflow - Opening Original hdl file /skarab/tutorials_devel/skarab/mlib_devel/jasper_library/hdl_sources/skarab_infr/skarab_parameters.vhd
DEBUG - 2026-08-22 13:39:14,347 - jasper.toolflow - Opening Original hdl file /skarab/projetos/skarab-gbe-control/fpgs/ethernet_one_gbe_skarab_control/ethernet_one_gbe_skarab_axi/sysgen/hdl_netlist/ethernet_one_gbe_skarab_axi.srcs/sources_1/imports/sysgen/ethernet_one_gbe_skarab_axi_entity_declarations.vhd
DEBUG - 2026-08-22 13:39:14,347 - jasper.toolflow - File not written. Vivado version is 2018.2: False. Dual Port RAM exists: False
DEBUG - 2026-08-22 13:39:14,348 - jasper.verilog - Initializing second-layer dictionairies for: default
INFO - 2026-08-22 13:39:14,348 - jasper.toolflow - instantiating user peripherals
INFO - 2026-08-22 13:39:14,348 - jasper.toolflow - top: /skarab/projetos/skarab-gbe-control/fpgs/ethernet_one_gbe_skarab_control/ethernet_one_gbe_skarab_axi/top.v
DEBUG - 2026-08-22 13:39:14,348 - jasper.toolflow - modifying top for obj SKARAB
DEBUG - 2026-08-22 13:39:14,348 - jasper.verilog - Initializing second-layer dictionairies for: xsg: SKARAB
DEBUG - 2026-08-22 13:39:14,348 - jasper.verilog -   Signal "user_clk" is new
DEBUG - 2026-08-22 13:39:14,348 - jasper.toolflow - modifying top for obj addr_data_fifo
DEBUG - 2026-08-22 13:39:14,348 - jasper.verilog - Initializing second-layer dictionairies for: sw_reg: addr_data_fifo
DEBUG - 2026-08-22 13:39:14,348 - jasper.verilog - Initializing second-layer dictionairies for: default
DEBUG - 2026-08-22 13:39:14,348 - jasper.verilog -   Parameter "INIT_VAL" is new
DEBUG - 2026-08-22 13:39:14,348 - jasper.verilog - Attempting to add port "wb_clk_i" (parent sig: False, parent port: False)
DEBUG - 2026-08-22 13:39:14,348 - jasper.verilog -   Port "wb_clk_i" is new
DEBUG - 2026-08-22 13:39:14,348 - jasper.verilog - Attempting to add port "wb_rst_i" (parent sig: False, parent port: False)
DEBUG - 2026-08-22 13:39:14,348 - jasper.verilog -   Port "wb_rst_i" is new
DEBUG - 2026-08-22 13:39:14,348 - jasper.verilog - Attempting to add port "wb_cyc_i" (parent sig: False, parent port: False)
DEBUG - 2026-08-22 13:39:14,348 - jasper.verilog -   Port "wb_cyc_i" is new
DEBUG - 2026-08-22 13:39:14,348 - jasper.verilog - Attempting to add port "wb_stb_i" (parent sig: False, parent port: False)
DEBUG - 2026-08-22 13:39:14,348 - jasper.verilog -   Port "wb_stb_i" is new
DEBUG - 2026-08-22 13:39:14,348 - jasper.verilog - Attempting to add port "wb_we_i" (parent sig: False, parent port: False)
DEBUG - 2026-08-22 13:39:14,348 - jasper.verilog -   Port "wb_we_i" is new
DEBUG - 2026-08-22 13:39:14,348 - jasper.verilog - Attempting to add port "wb_sel_i" (parent sig: False, parent port: False)
DEBUG - 2026-08-22 13:39:14,348 - jasper.verilog -   Port "wb_sel_i" is new
DEBUG - 2026-08-22 13:39:14,348 - jasper.verilog - Attempting to add port "wb_adr_i" (parent sig: False, parent port: False)
DEBUG - 2026-08-22 13:39:14,348 - jasper.verilog -   Port "wb_adr_i" is new
DEBUG - 2026-08-22 13:39:14,348 - jasper.verilog - Attempting to add port "wb_dat_i" (parent sig: False, parent port: False)
DEBUG - 2026-08-22 13:39:14,348 - jasper.verilog -   Port "wb_dat_i" is new
DEBUG - 2026-08-22 13:39:14,348 - jasper.verilog - Attempting to add port "wb_dat_o" (parent sig: False, parent port: False)
DEBUG - 2026-08-22 13:39:14,348 - jasper.verilog -   Port "wb_dat_o" is new
DEBUG - 2026-08-22 13:39:14,348 - jasper.verilog - Attempting to add port "wb_ack_o" (parent sig: False, parent port: False)
DEBUG - 2026-08-22 13:39:14,348 - jasper.verilog -   Port "wb_ack_o" is new
DEBUG - 2026-08-22 13:39:14,348 - jasper.verilog - Attempting to add port "wb_err_o" (parent sig: False, parent port: False)
DEBUG - 2026-08-22 13:39:14,348 - jasper.verilog -   Port "wb_err_o" is new
DEBUG - 2026-08-22 13:39:14,348 - jasper.verilog - Attempting to add port "user_clk" (parent sig: False, parent port: False)
DEBUG - 2026-08-22 13:39:14,348 - jasper.verilog -   Port "user_clk" is new
DEBUG - 2026-08-22 13:39:14,348 - jasper.verilog - Attempting to add port "user_data_out" (parent sig: True, parent port: False)
DEBUG - 2026-08-22 13:39:14,348 - jasper.verilog -   Port "user_data_out" is new
DEBUG - 2026-08-22 13:39:14,348 - jasper.toolflow - modifying top for obj addr_data_gbe
DEBUG - 2026-08-22 13:39:14,348 - jasper.verilog - Initializing second-layer dictionairies for: sw_reg: addr_data_gbe
DEBUG - 2026-08-22 13:39:14,348 - jasper.verilog - Initializing second-layer dictionairies for: default
DEBUG - 2026-08-22 13:39:14,348 - jasper.verilog -   Parameter "INIT_VAL" is new
DEBUG - 2026-08-22 13:39:14,348 - jasper.verilog - Attempting to add port "wb_clk_i" (parent sig: False, parent port: False)
DEBUG - 2026-08-22 13:39:14,348 - jasper.verilog -   Port "wb_clk_i" is new
DEBUG - 2026-08-22 13:39:14,348 - jasper.verilog - Attempting to add port "wb_rst_i" (parent sig: False, parent port: False)
DEBUG - 2026-08-22 13:39:14,348 - jasper.verilog -   Port "wb_rst_i" is new
DEBUG - 2026-08-22 13:39:14,348 - jasper.verilog - Attempting to add port "wb_cyc_i" (parent sig: False, parent port: False)
DEBUG - 2026-08-22 13:39:14,348 - jasper.verilog -   Port "wb_cyc_i" is new
DEBUG - 2026-08-22 13:39:14,348 - jasper.verilog - Attempting to add port "wb_stb_i" (parent sig: False, parent port: False)
DEBUG - 2026-08-22 13:39:14,348 - jasper.verilog -   Port "wb_stb_i" is new
DEBUG - 2026-08-22 13:39:14,348 - jasper.verilog - Attempting to add port "wb_we_i" (parent sig: False, parent port: False)
DEBUG - 2026-08-22 13:39:14,348 - jasper.verilog -   Port "wb_we_i" is new
DEBUG - 2026-08-22 13:39:14,348 - jasper.verilog - Attempting to add port "wb_sel_i" (parent sig: False, parent port: False)
DEBUG - 2026-08-22 13:39:14,348 - jasper.verilog -   Port "wb_sel_i" is new
DEBUG - 2026-08-22 13:39:14,348 - jasper.verilog - Attempting to add port "wb_adr_i" (parent sig: False, parent port: False)
DEBUG - 2026-08-22 13:39:14,348 - jasper.verilog -   Port "wb_adr_i" is new
DEBUG - 2026-08-22 13:39:14,348 - jasper.verilog - Attempting to add port "wb_dat_i" (parent sig: False, parent port: False)
DEBUG - 2026-08-22 13:39:14,348 - jasper.verilog -   Port "wb_dat_i" is new
DEBUG - 2026-08-22 13:39:14,348 - jasper.verilog - Attempting to add port "wb_dat_o" (parent sig: False, parent port: False)
DEBUG - 2026-08-22 13:39:14,348 - jasper.verilog -   Port "wb_dat_o" is new
DEBUG - 2026-08-22 13:39:14,348 - jasper.verilog - Attempting to add port "wb_ack_o" (parent sig: False, parent port: False)
DEBUG - 2026-08-22 13:39:14,348 - jasper.verilog -   Port "wb_ack_o" is new
DEBUG - 2026-08-22 13:39:14,348 - jasper.verilog - Attempting to add port "wb_err_o" (parent sig: False, parent port: False)
DEBUG - 2026-08-22 13:39:14,348 - jasper.verilog -   Port "wb_err_o" is new
DEBUG - 2026-08-22 13:39:14,348 - jasper.verilog - Attempting to add port "user_clk" (parent sig: False, parent port: False)
DEBUG - 2026-08-22 13:39:14,348 - jasper.verilog -   Port "user_clk" is new
DEBUG - 2026-08-22 13:39:14,348 - jasper.verilog - Attempting to add port "user_data_out" (parent sig: True, parent port: False)
DEBUG - 2026-08-22 13:39:14,348 - jasper.verilog -   Port "user_data_out" is new
DEBUG - 2026-08-22 13:39:14,348 - jasper.toolflow - modifying top for obj clk_mhz
DEBUG - 2026-08-22 13:39:14,348 - jasper.verilog - Initializing second-layer dictionairies for: sw_reg: clk_mhz
DEBUG - 2026-08-22 13:39:14,348 - jasper.verilog - Initializing second-layer dictionairies for: default
DEBUG - 2026-08-22 13:39:14,348 - jasper.verilog - Attempting to add port "wb_clk_i" (parent sig: False, parent port: False)
DEBUG - 2026-08-22 13:39:14,348 - jasper.verilog -   Port "wb_clk_i" is new
DEBUG - 2026-08-22 13:39:14,348 - jasper.verilog - Attempting to add port "wb_rst_i" (parent sig: False, parent port: False)
DEBUG - 2026-08-22 13:39:14,348 - jasper.verilog -   Port "wb_rst_i" is new
DEBUG - 2026-08-22 13:39:14,348 - jasper.verilog - Attempting to add port "wb_cyc_i" (parent sig: False, parent port: False)
DEBUG - 2026-08-22 13:39:14,348 - jasper.verilog -   Port "wb_cyc_i" is new
DEBUG - 2026-08-22 13:39:14,348 - jasper.verilog - Attempting to add port "wb_stb_i" (parent sig: False, parent port: False)
DEBUG - 2026-08-22 13:39:14,348 - jasper.verilog -   Port "wb_stb_i" is new
DEBUG - 2026-08-22 13:39:14,348 - jasper.verilog - Attempting to add port "wb_we_i" (parent sig: False, parent port: False)
DEBUG - 2026-08-22 13:39:14,348 - jasper.verilog -   Port "wb_we_i" is new
DEBUG - 2026-08-22 13:39:14,348 - jasper.verilog - Attempting to add port "wb_sel_i" (parent sig: False, parent port: False)
DEBUG - 2026-08-22 13:39:14,348 - jasper.verilog -   Port "wb_sel_i" is new
DEBUG - 2026-08-22 13:39:14,348 - jasper.verilog - Attempting to add port "wb_adr_i" (parent sig: False, parent port: False)
DEBUG - 2026-08-22 13:39:14,349 - jasper.verilog -   Port "wb_adr_i" is new
DEBUG - 2026-08-22 13:39:14,349 - jasper.verilog - Attempting to add port "wb_dat_i" (parent sig: False, parent port: False)
DEBUG - 2026-08-22 13:39:14,349 - jasper.verilog -   Port "wb_dat_i" is new
DEBUG - 2026-08-22 13:39:14,349 - jasper.verilog - Attempting to add port "wb_dat_o" (parent sig: False, parent port: False)
DEBUG - 2026-08-22 13:39:14,349 - jasper.verilog -   Port "wb_dat_o" is new
DEBUG - 2026-08-22 13:39:14,349 - jasper.verilog - Attempting to add port "wb_ack_o" (parent sig: False, parent port: False)
DEBUG - 2026-08-22 13:39:14,349 - jasper.verilog -   Port "wb_ack_o" is new
DEBUG - 2026-08-22 13:39:14,349 - jasper.verilog - Attempting to add port "wb_err_o" (parent sig: False, parent port: False)
DEBUG - 2026-08-22 13:39:14,349 - jasper.verilog -   Port "wb_err_o" is new
DEBUG - 2026-08-22 13:39:14,349 - jasper.verilog - Attempting to add port "user_clk" (parent sig: False, parent port: False)
DEBUG - 2026-08-22 13:39:14,349 - jasper.verilog -   Port "user_clk" is new
DEBUG - 2026-08-22 13:39:14,349 - jasper.verilog - Attempting to add port "user_data_in" (parent sig: True, parent port: False)
DEBUG - 2026-08-22 13:39:14,349 - jasper.verilog -   Port "user_data_in" is new
DEBUG - 2026-08-22 13:39:14,349 - jasper.toolflow - modifying top for obj bram
DEBUG - 2026-08-22 13:39:14,349 - jasper.verilog - Initializing second-layer dictionairies for: bram: d3/ss/bram
DEBUG - 2026-08-22 13:39:14,349 - jasper.verilog - Initializing second-layer dictionairies for: default
DEBUG - 2026-08-22 13:39:14,349 - jasper.verilog - Attempting to add port "wb_clk_i" (parent sig: False, parent port: False)
DEBUG - 2026-08-22 13:39:14,349 - jasper.verilog -   Port "wb_clk_i" is new
DEBUG - 2026-08-22 13:39:14,349 - jasper.verilog - Attempting to add port "wb_rst_i" (parent sig: False, parent port: False)
DEBUG - 2026-08-22 13:39:14,349 - jasper.verilog -   Port "wb_rst_i" is new
DEBUG - 2026-08-22 13:39:14,349 - jasper.verilog - Attempting to add port "wb_cyc_i" (parent sig: False, parent port: False)
DEBUG - 2026-08-22 13:39:14,349 - jasper.verilog -   Port "wb_cyc_i" is new
DEBUG - 2026-08-22 13:39:14,349 - jasper.verilog - Attempting to add port "wb_stb_i" (parent sig: False, parent port: False)
DEBUG - 2026-08-22 13:39:14,349 - jasper.verilog -   Port "wb_stb_i" is new
DEBUG - 2026-08-22 13:39:14,349 - jasper.verilog - Attempting to add port "wb_we_i" (parent sig: False, parent port: False)
DEBUG - 2026-08-22 13:39:14,349 - jasper.verilog -   Port "wb_we_i" is new
DEBUG - 2026-08-22 13:39:14,349 - jasper.verilog - Attempting to add port "wb_sel_i" (parent sig: False, parent port: False)
DEBUG - 2026-08-22 13:39:14,349 - jasper.verilog -   Port "wb_sel_i" is new
DEBUG - 2026-08-22 13:39:14,349 - jasper.verilog - Attempting to add port "wb_adr_i" (parent sig: False, parent port: False)
DEBUG - 2026-08-22 13:39:14,349 - jasper.verilog -   Port "wb_adr_i" is new
DEBUG - 2026-08-22 13:39:14,349 - jasper.verilog - Attempting to add port "wb_dat_i" (parent sig: False, parent port: False)
DEBUG - 2026-08-22 13:39:14,349 - jasper.verilog -   Port "wb_dat_i" is new
DEBUG - 2026-08-22 13:39:14,349 - jasper.verilog - Attempting to add port "wb_dat_o" (parent sig: False, parent port: False)
DEBUG - 2026-08-22 13:39:14,349 - jasper.verilog -   Port "wb_dat_o" is new
DEBUG - 2026-08-22 13:39:14,349 - jasper.verilog - Attempting to add port "wb_ack_o" (parent sig: False, parent port: False)
DEBUG - 2026-08-22 13:39:14,349 - jasper.verilog -   Port "wb_ack_o" is new
DEBUG - 2026-08-22 13:39:14,349 - jasper.verilog - Attempting to add port "wb_err_o" (parent sig: False, parent port: False)
DEBUG - 2026-08-22 13:39:14,349 - jasper.verilog -   Port "wb_err_o" is new
DEBUG - 2026-08-22 13:39:14,349 - jasper.verilog - Attempting to add port "user_clk" (parent sig: False, parent port: False)
DEBUG - 2026-08-22 13:39:14,349 - jasper.verilog -   Port "user_clk" is new
DEBUG - 2026-08-22 13:39:14,349 - jasper.verilog - Attempting to add port "user_addr" (parent sig: True, parent port: False)
DEBUG - 2026-08-22 13:39:14,349 - jasper.verilog -   Port "user_addr" is new
DEBUG - 2026-08-22 13:39:14,349 - jasper.verilog - Attempting to add port "user_din" (parent sig: True, parent port: False)
DEBUG - 2026-08-22 13:39:14,349 - jasper.verilog -   Port "user_din" is new
DEBUG - 2026-08-22 13:39:14,349 - jasper.verilog - Attempting to add port "user_we" (parent sig: True, parent port: False)
DEBUG - 2026-08-22 13:39:14,349 - jasper.verilog -   Port "user_we" is new
DEBUG - 2026-08-22 13:39:14,349 - jasper.verilog - Attempting to add port "user_dout" (parent sig: True, parent port: False)
DEBUG - 2026-08-22 13:39:14,349 - jasper.verilog -   Port "user_dout" is new
DEBUG - 2026-08-22 13:39:14,349 - jasper.verilog -   Parameter "LOG_USER_WIDTH" is new
DEBUG - 2026-08-22 13:39:14,349 - jasper.verilog -   Parameter "USER_ADDR_BITS" is new
DEBUG - 2026-08-22 13:39:14,349 - jasper.verilog -   Parameter "N_REGISTERS" is new
DEBUG - 2026-08-22 13:39:14,349 - jasper.toolflow - modifying top for obj ctrl
DEBUG - 2026-08-22 13:39:14,349 - jasper.verilog - Initializing second-layer dictionairies for: sw_reg: d3/ss/ctrl
DEBUG - 2026-08-22 13:39:14,349 - jasper.verilog - Initializing second-layer dictionairies for: default
DEBUG - 2026-08-22 13:39:14,349 - jasper.verilog -   Parameter "INIT_VAL" is new
DEBUG - 2026-08-22 13:39:14,349 - jasper.verilog - Attempting to add port "wb_clk_i" (parent sig: False, parent port: False)
DEBUG - 2026-08-22 13:39:14,349 - jasper.verilog -   Port "wb_clk_i" is new
DEBUG - 2026-08-22 13:39:14,349 - jasper.verilog - Attempting to add port "wb_rst_i" (parent sig: False, parent port: False)
DEBUG - 2026-08-22 13:39:14,349 - jasper.verilog -   Port "wb_rst_i" is new
DEBUG - 2026-08-22 13:39:14,349 - jasper.verilog - Attempting to add port "wb_cyc_i" (parent sig: False, parent port: False)
DEBUG - 2026-08-22 13:39:14,349 - jasper.verilog -   Port "wb_cyc_i" is new
DEBUG - 2026-08-22 13:39:14,349 - jasper.verilog - Attempting to add port "wb_stb_i" (parent sig: False, parent port: False)
DEBUG - 2026-08-22 13:39:14,349 - jasper.verilog -   Port "wb_stb_i" is new
DEBUG - 2026-08-22 13:39:14,349 - jasper.verilog - Attempting to add port "wb_we_i" (parent sig: False, parent port: False)
DEBUG - 2026-08-22 13:39:14,349 - jasper.verilog -   Port "wb_we_i" is new
DEBUG - 2026-08-22 13:39:14,349 - jasper.verilog - Attempting to add port "wb_sel_i" (parent sig: False, parent port: False)
DEBUG - 2026-08-22 13:39:14,349 - jasper.verilog -   Port "wb_sel_i" is new
DEBUG - 2026-08-22 13:39:14,349 - jasper.verilog - Attempting to add port "wb_adr_i" (parent sig: False, parent port: False)
DEBUG - 2026-08-22 13:39:14,349 - jasper.verilog -   Port "wb_adr_i" is new
DEBUG - 2026-08-22 13:39:14,349 - jasper.verilog - Attempting to add port "wb_dat_i" (parent sig: False, parent port: False)
DEBUG - 2026-08-22 13:39:14,349 - jasper.verilog -   Port "wb_dat_i" is new
DEBUG - 2026-08-22 13:39:14,349 - jasper.verilog - Attempting to add port "wb_dat_o" (parent sig: False, parent port: False)
DEBUG - 2026-08-22 13:39:14,349 - jasper.verilog -   Port "wb_dat_o" is new
DEBUG - 2026-08-22 13:39:14,349 - jasper.verilog - Attempting to add port "wb_ack_o" (parent sig: False, parent port: False)
DEBUG - 2026-08-22 13:39:14,349 - jasper.verilog -   Port "wb_ack_o" is new
DEBUG - 2026-08-22 13:39:14,349 - jasper.verilog - Attempting to add port "wb_err_o" (parent sig: False, parent port: False)
DEBUG - 2026-08-22 13:39:14,349 - jasper.verilog -   Port "wb_err_o" is new
DEBUG - 2026-08-22 13:39:14,349 - jasper.verilog - Attempting to add port "user_clk" (parent sig: False, parent port: False)
DEBUG - 2026-08-22 13:39:14,349 - jasper.verilog -   Port "user_clk" is new
DEBUG - 2026-08-22 13:39:14,349 - jasper.verilog - Attempting to add port "user_data_out" (parent sig: True, parent port: False)
DEBUG - 2026-08-22 13:39:14,349 - jasper.verilog -   Port "user_data_out" is new
DEBUG - 2026-08-22 13:39:14,349 - jasper.toolflow - modifying top for obj status
DEBUG - 2026-08-22 13:39:14,349 - jasper.verilog - Initializing second-layer dictionairies for: sw_reg: d3/ss/status
DEBUG - 2026-08-22 13:39:14,349 - jasper.verilog - Initializing second-layer dictionairies for: default
DEBUG - 2026-08-22 13:39:14,349 - jasper.verilog - Attempting to add port "wb_clk_i" (parent sig: False, parent port: False)
DEBUG - 2026-08-22 13:39:14,349 - jasper.verilog -   Port "wb_clk_i" is new
DEBUG - 2026-08-22 13:39:14,350 - jasper.verilog - Attempting to add port "wb_rst_i" (parent sig: False, parent port: False)
DEBUG - 2026-08-22 13:39:14,350 - jasper.verilog -   Port "wb_rst_i" is new
DEBUG - 2026-08-22 13:39:14,350 - jasper.verilog - Attempting to add port "wb_cyc_i" (parent sig: False, parent port: False)
DEBUG - 2026-08-22 13:39:14,350 - jasper.verilog -   Port "wb_cyc_i" is new
DEBUG - 2026-08-22 13:39:14,350 - jasper.verilog - Attempting to add port "wb_stb_i" (parent sig: False, parent port: False)
DEBUG - 2026-08-22 13:39:14,350 - jasper.verilog -   Port "wb_stb_i" is new
DEBUG - 2026-08-22 13:39:14,350 - jasper.verilog - Attempting to add port "wb_we_i" (parent sig: False, parent port: False)
DEBUG - 2026-08-22 13:39:14,350 - jasper.verilog -   Port "wb_we_i" is new
DEBUG - 2026-08-22 13:39:14,350 - jasper.verilog - Attempting to add port "wb_sel_i" (parent sig: False, parent port: False)
DEBUG - 2026-08-22 13:39:14,350 - jasper.verilog -   Port "wb_sel_i" is new
DEBUG - 2026-08-22 13:39:14,350 - jasper.verilog - Attempting to add port "wb_adr_i" (parent sig: False, parent port: False)
DEBUG - 2026-08-22 13:39:14,350 - jasper.verilog -   Port "wb_adr_i" is new
DEBUG - 2026-08-22 13:39:14,350 - jasper.verilog - Attempting to add port "wb_dat_i" (parent sig: False, parent port: False)
DEBUG - 2026-08-22 13:39:14,350 - jasper.verilog -   Port "wb_dat_i" is new
DEBUG - 2026-08-22 13:39:14,350 - jasper.verilog - Attempting to add port "wb_dat_o" (parent sig: False, parent port: False)
DEBUG - 2026-08-22 13:39:14,350 - jasper.verilog -   Port "wb_dat_o" is new
DEBUG - 2026-08-22 13:39:14,350 - jasper.verilog - Attempting to add port "wb_ack_o" (parent sig: False, parent port: False)
DEBUG - 2026-08-22 13:39:14,350 - jasper.verilog -   Port "wb_ack_o" is new
DEBUG - 2026-08-22 13:39:14,350 - jasper.verilog - Attempting to add port "wb_err_o" (parent sig: False, parent port: False)
DEBUG - 2026-08-22 13:39:14,350 - jasper.verilog -   Port "wb_err_o" is new
DEBUG - 2026-08-22 13:39:14,350 - jasper.verilog - Attempting to add port "user_clk" (parent sig: False, parent port: False)
DEBUG - 2026-08-22 13:39:14,350 - jasper.verilog -   Port "user_clk" is new
DEBUG - 2026-08-22 13:39:14,350 - jasper.verilog - Attempting to add port "user_data_in" (parent sig: True, parent port: False)
DEBUG - 2026-08-22 13:39:14,350 - jasper.verilog -   Port "user_data_in" is new
DEBUG - 2026-08-22 13:39:14,350 - jasper.toolflow - modifying top for obj bram
DEBUG - 2026-08-22 13:39:14,350 - jasper.verilog - Initializing second-layer dictionairies for: bram: d4/ss/bram
DEBUG - 2026-08-22 13:39:14,350 - jasper.verilog - Initializing second-layer dictionairies for: default
DEBUG - 2026-08-22 13:39:14,350 - jasper.verilog - Attempting to add port "wb_clk_i" (parent sig: False, parent port: False)
DEBUG - 2026-08-22 13:39:14,350 - jasper.verilog -   Port "wb_clk_i" is new
DEBUG - 2026-08-22 13:39:14,350 - jasper.verilog - Attempting to add port "wb_rst_i" (parent sig: False, parent port: False)
DEBUG - 2026-08-22 13:39:14,350 - jasper.verilog -   Port "wb_rst_i" is new
DEBUG - 2026-08-22 13:39:14,350 - jasper.verilog - Attempting to add port "wb_cyc_i" (parent sig: False, parent port: False)
DEBUG - 2026-08-22 13:39:14,350 - jasper.verilog -   Port "wb_cyc_i" is new
DEBUG - 2026-08-22 13:39:14,350 - jasper.verilog - Attempting to add port "wb_stb_i" (parent sig: False, parent port: False)
DEBUG - 2026-08-22 13:39:14,350 - jasper.verilog -   Port "wb_stb_i" is new
DEBUG - 2026-08-22 13:39:14,350 - jasper.verilog - Attempting to add port "wb_we_i" (parent sig: False, parent port: False)
DEBUG - 2026-08-22 13:39:14,350 - jasper.verilog -   Port "wb_we_i" is new
DEBUG - 2026-08-22 13:39:14,350 - jasper.verilog - Attempting to add port "wb_sel_i" (parent sig: False, parent port: False)
DEBUG - 2026-08-22 13:39:14,350 - jasper.verilog -   Port "wb_sel_i" is new
DEBUG - 2026-08-22 13:39:14,350 - jasper.verilog - Attempting to add port "wb_adr_i" (parent sig: False, parent port: False)
DEBUG - 2026-08-22 13:39:14,350 - jasper.verilog -   Port "wb_adr_i" is new
DEBUG - 2026-08-22 13:39:14,350 - jasper.verilog - Attempting to add port "wb_dat_i" (parent sig: False, parent port: False)
DEBUG - 2026-08-22 13:39:14,350 - jasper.verilog -   Port "wb_dat_i" is new
DEBUG - 2026-08-22 13:39:14,350 - jasper.verilog - Attempting to add port "wb_dat_o" (parent sig: False, parent port: False)
DEBUG - 2026-08-22 13:39:14,350 - jasper.verilog -   Port "wb_dat_o" is new
DEBUG - 2026-08-22 13:39:14,350 - jasper.verilog - Attempting to add port "wb_ack_o" (parent sig: False, parent port: False)
DEBUG - 2026-08-22 13:39:14,350 - jasper.verilog -   Port "wb_ack_o" is new
DEBUG - 2026-08-22 13:39:14,350 - jasper.verilog - Attempting to add port "wb_err_o" (parent sig: False, parent port: False)
DEBUG - 2026-08-22 13:39:14,350 - jasper.verilog -   Port "wb_err_o" is new
DEBUG - 2026-08-22 13:39:14,350 - jasper.verilog - Attempting to add port "user_clk" (parent sig: False, parent port: False)
DEBUG - 2026-08-22 13:39:14,350 - jasper.verilog -   Port "user_clk" is new
DEBUG - 2026-08-22 13:39:14,350 - jasper.verilog - Attempting to add port "user_addr" (parent sig: True, parent port: False)
DEBUG - 2026-08-22 13:39:14,350 - jasper.verilog -   Port "user_addr" is new
DEBUG - 2026-08-22 13:39:14,350 - jasper.verilog - Attempting to add port "user_din" (parent sig: True, parent port: False)
DEBUG - 2026-08-22 13:39:14,350 - jasper.verilog -   Port "user_din" is new
DEBUG - 2026-08-22 13:39:14,350 - jasper.verilog - Attempting to add port "user_we" (parent sig: True, parent port: False)
DEBUG - 2026-08-22 13:39:14,350 - jasper.verilog -   Port "user_we" is new
DEBUG - 2026-08-22 13:39:14,350 - jasper.verilog - Attempting to add port "user_dout" (parent sig: True, parent port: False)
DEBUG - 2026-08-22 13:39:14,350 - jasper.verilog -   Port "user_dout" is new
DEBUG - 2026-08-22 13:39:14,350 - jasper.verilog -   Parameter "LOG_USER_WIDTH" is new
DEBUG - 2026-08-22 13:39:14,350 - jasper.verilog -   Parameter "USER_ADDR_BITS" is new
DEBUG - 2026-08-22 13:39:14,350 - jasper.verilog -   Parameter "N_REGISTERS" is new
DEBUG - 2026-08-22 13:39:14,350 - jasper.toolflow - modifying top for obj ctrl
DEBUG - 2026-08-22 13:39:14,350 - jasper.verilog - Initializing second-layer dictionairies for: sw_reg: d4/ss/ctrl
DEBUG - 2026-08-22 13:39:14,350 - jasper.verilog - Initializing second-layer dictionairies for: default
DEBUG - 2026-08-22 13:39:14,350 - jasper.verilog -   Parameter "INIT_VAL" is new
DEBUG - 2026-08-22 13:39:14,350 - jasper.verilog - Attempting to add port "wb_clk_i" (parent sig: False, parent port: False)
DEBUG - 2026-08-22 13:39:14,350 - jasper.verilog -   Port "wb_clk_i" is new
DEBUG - 2026-08-22 13:39:14,350 - jasper.verilog - Attempting to add port "wb_rst_i" (parent sig: False, parent port: False)
DEBUG - 2026-08-22 13:39:14,350 - jasper.verilog -   Port "wb_rst_i" is new
DEBUG - 2026-08-22 13:39:14,350 - jasper.verilog - Attempting to add port "wb_cyc_i" (parent sig: False, parent port: False)
DEBUG - 2026-08-22 13:39:14,350 - jasper.verilog -   Port "wb_cyc_i" is new
DEBUG - 2026-08-22 13:39:14,350 - jasper.verilog - Attempting to add port "wb_stb_i" (parent sig: False, parent port: False)
DEBUG - 2026-08-22 13:39:14,350 - jasper.verilog -   Port "wb_stb_i" is new
DEBUG - 2026-08-22 13:39:14,350 - jasper.verilog - Attempting to add port "wb_we_i" (parent sig: False, parent port: False)
DEBUG - 2026-08-22 13:39:14,350 - jasper.verilog -   Port "wb_we_i" is new
DEBUG - 2026-08-22 13:39:14,350 - jasper.verilog - Attempting to add port "wb_sel_i" (parent sig: False, parent port: False)
DEBUG - 2026-08-22 13:39:14,350 - jasper.verilog -   Port "wb_sel_i" is new
DEBUG - 2026-08-22 13:39:14,350 - jasper.verilog - Attempting to add port "wb_adr_i" (parent sig: False, parent port: False)
DEBUG - 2026-08-22 13:39:14,350 - jasper.verilog -   Port "wb_adr_i" is new
DEBUG - 2026-08-22 13:39:14,350 - jasper.verilog - Attempting to add port "wb_dat_i" (parent sig: False, parent port: False)
DEBUG - 2026-08-22 13:39:14,350 - jasper.verilog -   Port "wb_dat_i" is new
DEBUG - 2026-08-22 13:39:14,350 - jasper.verilog - Attempting to add port "wb_dat_o" (parent sig: False, parent port: False)
DEBUG - 2026-08-22 13:39:14,350 - jasper.verilog -   Port "wb_dat_o" is new
DEBUG - 2026-08-22 13:39:14,350 - jasper.verilog - Attempting to add port "wb_ack_o" (parent sig: False, parent port: False)
DEBUG - 2026-08-22 13:39:14,350 - jasper.verilog -   Port "wb_ack_o" is new
DEBUG - 2026-08-22 13:39:14,350 - jasper.verilog - Attempting to add port "wb_err_o" (parent sig: False, parent port: False)
DEBUG - 2026-08-22 13:39:14,350 - jasper.verilog -   Port "wb_err_o" is new
DEBUG - 2026-08-22 13:39:14,350 - jasper.verilog - Attempting to add port "user_clk" (parent sig: False, parent port: False)
DEBUG - 2026-08-22 13:39:14,350 - jasper.verilog -   Port "user_clk" is new
DEBUG - 2026-08-22 13:39:14,350 - jasper.verilog - Attempting to add port "user_data_out" (parent sig: True, parent port: False)
DEBUG - 2026-08-22 13:39:14,350 - jasper.verilog -   Port "user_data_out" is new
DEBUG - 2026-08-22 13:39:14,350 - jasper.toolflow - modifying top for obj status
DEBUG - 2026-08-22 13:39:14,350 - jasper.verilog - Initializing second-layer dictionairies for: sw_reg: d4/ss/status
DEBUG - 2026-08-22 13:39:14,351 - jasper.verilog - Initializing second-layer dictionairies for: default
DEBUG - 2026-08-22 13:39:14,351 - jasper.verilog - Attempting to add port "wb_clk_i" (parent sig: False, parent port: False)
DEBUG - 2026-08-22 13:39:14,351 - jasper.verilog -   Port "wb_clk_i" is new
DEBUG - 2026-08-22 13:39:14,351 - jasper.verilog - Attempting to add port "wb_rst_i" (parent sig: False, parent port: False)
DEBUG - 2026-08-22 13:39:14,351 - jasper.verilog -   Port "wb_rst_i" is new
DEBUG - 2026-08-22 13:39:14,351 - jasper.verilog - Attempting to add port "wb_cyc_i" (parent sig: False, parent port: False)
DEBUG - 2026-08-22 13:39:14,351 - jasper.verilog -   Port "wb_cyc_i" is new
DEBUG - 2026-08-22 13:39:14,351 - jasper.verilog - Attempting to add port "wb_stb_i" (parent sig: False, parent port: False)
DEBUG - 2026-08-22 13:39:14,351 - jasper.verilog -   Port "wb_stb_i" is new
DEBUG - 2026-08-22 13:39:14,351 - jasper.verilog - Attempting to add port "wb_we_i" (parent sig: False, parent port: False)
DEBUG - 2026-08-22 13:39:14,351 - jasper.verilog -   Port "wb_we_i" is new
DEBUG - 2026-08-22 13:39:14,351 - jasper.verilog - Attempting to add port "wb_sel_i" (parent sig: False, parent port: False)
DEBUG - 2026-08-22 13:39:14,351 - jasper.verilog -   Port "wb_sel_i" is new
DEBUG - 2026-08-22 13:39:14,351 - jasper.verilog - Attempting to add port "wb_adr_i" (parent sig: False, parent port: False)
DEBUG - 2026-08-22 13:39:14,351 - jasper.verilog -   Port "wb_adr_i" is new
DEBUG - 2026-08-22 13:39:14,351 - jasper.verilog - Attempting to add port "wb_dat_i" (parent sig: False, parent port: False)
DEBUG - 2026-08-22 13:39:14,351 - jasper.verilog -   Port "wb_dat_i" is new
DEBUG - 2026-08-22 13:39:14,351 - jasper.verilog - Attempting to add port "wb_dat_o" (parent sig: False, parent port: False)
DEBUG - 2026-08-22 13:39:14,351 - jasper.verilog -   Port "wb_dat_o" is new
DEBUG - 2026-08-22 13:39:14,351 - jasper.verilog - Attempting to add port "wb_ack_o" (parent sig: False, parent port: False)
DEBUG - 2026-08-22 13:39:14,351 - jasper.verilog -   Port "wb_ack_o" is new
DEBUG - 2026-08-22 13:39:14,351 - jasper.verilog - Attempting to add port "wb_err_o" (parent sig: False, parent port: False)
DEBUG - 2026-08-22 13:39:14,351 - jasper.verilog -   Port "wb_err_o" is new
DEBUG - 2026-08-22 13:39:14,351 - jasper.verilog - Attempting to add port "user_clk" (parent sig: False, parent port: False)
DEBUG - 2026-08-22 13:39:14,351 - jasper.verilog -   Port "user_clk" is new
DEBUG - 2026-08-22 13:39:14,351 - jasper.verilog - Attempting to add port "user_data_in" (parent sig: True, parent port: False)
DEBUG - 2026-08-22 13:39:14,351 - jasper.verilog -   Port "user_data_in" is new
DEBUG - 2026-08-22 13:39:14,351 - jasper.toolflow - modifying top for obj bram
DEBUG - 2026-08-22 13:39:14,351 - jasper.verilog - Initializing second-layer dictionairies for: bram: d5/ss/bram
DEBUG - 2026-08-22 13:39:14,351 - jasper.verilog - Initializing second-layer dictionairies for: default
DEBUG - 2026-08-22 13:39:14,351 - jasper.verilog - Attempting to add port "wb_clk_i" (parent sig: False, parent port: False)
DEBUG - 2026-08-22 13:39:14,351 - jasper.verilog -   Port "wb_clk_i" is new
DEBUG - 2026-08-22 13:39:14,351 - jasper.verilog - Attempting to add port "wb_rst_i" (parent sig: False, parent port: False)
DEBUG - 2026-08-22 13:39:14,351 - jasper.verilog -   Port "wb_rst_i" is new
DEBUG - 2026-08-22 13:39:14,351 - jasper.verilog - Attempting to add port "wb_cyc_i" (parent sig: False, parent port: False)
DEBUG - 2026-08-22 13:39:14,351 - jasper.verilog -   Port "wb_cyc_i" is new
DEBUG - 2026-08-22 13:39:14,351 - jasper.verilog - Attempting to add port "wb_stb_i" (parent sig: False, parent port: False)
DEBUG - 2026-08-22 13:39:14,351 - jasper.verilog -   Port "wb_stb_i" is new
DEBUG - 2026-08-22 13:39:14,351 - jasper.verilog - Attempting to add port "wb_we_i" (parent sig: False, parent port: False)
DEBUG - 2026-08-22 13:39:14,351 - jasper.verilog -   Port "wb_we_i" is new
DEBUG - 2026-08-22 13:39:14,351 - jasper.verilog - Attempting to add port "wb_sel_i" (parent sig: False, parent port: False)
DEBUG - 2026-08-22 13:39:14,351 - jasper.verilog -   Port "wb_sel_i" is new
DEBUG - 2026-08-22 13:39:14,351 - jasper.verilog - Attempting to add port "wb_adr_i" (parent sig: False, parent port: False)
DEBUG - 2026-08-22 13:39:14,351 - jasper.verilog -   Port "wb_adr_i" is new
DEBUG - 2026-08-22 13:39:14,351 - jasper.verilog - Attempting to add port "wb_dat_i" (parent sig: False, parent port: False)
DEBUG - 2026-08-22 13:39:14,351 - jasper.verilog -   Port "wb_dat_i" is new
DEBUG - 2026-08-22 13:39:14,351 - jasper.verilog - Attempting to add port "wb_dat_o" (parent sig: False, parent port: False)
DEBUG - 2026-08-22 13:39:14,351 - jasper.verilog -   Port "wb_dat_o" is new
DEBUG - 2026-08-22 13:39:14,351 - jasper.verilog - Attempting to add port "wb_ack_o" (parent sig: False, parent port: False)
DEBUG - 2026-08-22 13:39:14,351 - jasper.verilog -   Port "wb_ack_o" is new
DEBUG - 2026-08-22 13:39:14,351 - jasper.verilog - Attempting to add port "wb_err_o" (parent sig: False, parent port: False)
DEBUG - 2026-08-22 13:39:14,351 - jasper.verilog -   Port "wb_err_o" is new
DEBUG - 2026-08-22 13:39:14,351 - jasper.verilog - Attempting to add port "user_clk" (parent sig: False, parent port: False)
DEBUG - 2026-08-22 13:39:14,351 - jasper.verilog -   Port "user_clk" is new
DEBUG - 2026-08-22 13:39:14,351 - jasper.verilog - Attempting to add port "user_addr" (parent sig: True, parent port: False)
DEBUG - 2026-08-22 13:39:14,351 - jasper.verilog -   Port "user_addr" is new
DEBUG - 2026-08-22 13:39:14,351 - jasper.verilog - Attempting to add port "user_din" (parent sig: True, parent port: False)
DEBUG - 2026-08-22 13:39:14,351 - jasper.verilog -   Port "user_din" is new
DEBUG - 2026-08-22 13:39:14,351 - jasper.verilog - Attempting to add port "user_we" (parent sig: True, parent port: False)
DEBUG - 2026-08-22 13:39:14,351 - jasper.verilog -   Port "user_we" is new
DEBUG - 2026-08-22 13:39:14,351 - jasper.verilog - Attempting to add port "user_dout" (parent sig: True, parent port: False)
DEBUG - 2026-08-22 13:39:14,351 - jasper.verilog -   Port "user_dout" is new
DEBUG - 2026-08-22 13:39:14,351 - jasper.verilog -   Parameter "LOG_USER_WIDTH" is new
DEBUG - 2026-08-22 13:39:14,351 - jasper.verilog -   Parameter "USER_ADDR_BITS" is new
DEBUG - 2026-08-22 13:39:14,351 - jasper.verilog -   Parameter "N_REGISTERS" is new
DEBUG - 2026-08-22 13:39:14,351 - jasper.toolflow - modifying top for obj ctrl
DEBUG - 2026-08-22 13:39:14,351 - jasper.verilog - Initializing second-layer dictionairies for: sw_reg: d5/ss/ctrl
DEBUG - 2026-08-22 13:39:14,351 - jasper.verilog - Initializing second-layer dictionairies for: default
DEBUG - 2026-08-22 13:39:14,351 - jasper.verilog -   Parameter "INIT_VAL" is new
DEBUG - 2026-08-22 13:39:14,351 - jasper.verilog - Attempting to add port "wb_clk_i" (parent sig: False, parent port: False)
DEBUG - 2026-08-22 13:39:14,351 - jasper.verilog -   Port "wb_clk_i" is new
DEBUG - 2026-08-22 13:39:14,351 - jasper.verilog - Attempting to add port "wb_rst_i" (parent sig: False, parent port: False)
DEBUG - 2026-08-22 13:39:14,351 - jasper.verilog -   Port "wb_rst_i" is new
DEBUG - 2026-08-22 13:39:14,351 - jasper.verilog - Attempting to add port "wb_cyc_i" (parent sig: False, parent port: False)
DEBUG - 2026-08-22 13:39:14,351 - jasper.verilog -   Port "wb_cyc_i" is new
DEBUG - 2026-08-22 13:39:14,351 - jasper.verilog - Attempting to add port "wb_stb_i" (parent sig: False, parent port: False)
DEBUG - 2026-08-22 13:39:14,351 - jasper.verilog -   Port "wb_stb_i" is new
DEBUG - 2026-08-22 13:39:14,351 - jasper.verilog - Attempting to add port "wb_we_i" (parent sig: False, parent port: False)
DEBUG - 2026-08-22 13:39:14,351 - jasper.verilog -   Port "wb_we_i" is new
DEBUG - 2026-08-22 13:39:14,351 - jasper.verilog - Attempting to add port "wb_sel_i" (parent sig: False, parent port: False)
DEBUG - 2026-08-22 13:39:14,351 - jasper.verilog -   Port "wb_sel_i" is new
DEBUG - 2026-08-22 13:39:14,351 - jasper.verilog - Attempting to add port "wb_adr_i" (parent sig: False, parent port: False)
DEBUG - 2026-08-22 13:39:14,351 - jasper.verilog -   Port "wb_adr_i" is new
DEBUG - 2026-08-22 13:39:14,351 - jasper.verilog - Attempting to add port "wb_dat_i" (parent sig: False, parent port: False)
DEBUG - 2026-08-22 13:39:14,351 - jasper.verilog -   Port "wb_dat_i" is new
DEBUG - 2026-08-22 13:39:14,351 - jasper.verilog - Attempting to add port "wb_dat_o" (parent sig: False, parent port: False)
DEBUG - 2026-08-22 13:39:14,351 - jasper.verilog -   Port "wb_dat_o" is new
DEBUG - 2026-08-22 13:39:14,351 - jasper.verilog - Attempting to add port "wb_ack_o" (parent sig: False, parent port: False)
DEBUG - 2026-08-22 13:39:14,351 - jasper.verilog -   Port "wb_ack_o" is new
DEBUG - 2026-08-22 13:39:14,351 - jasper.verilog - Attempting to add port "wb_err_o" (parent sig: False, parent port: False)
DEBUG - 2026-08-22 13:39:14,351 - jasper.verilog -   Port "wb_err_o" is new
DEBUG - 2026-08-22 13:39:14,351 - jasper.verilog - Attempting to add port "user_clk" (parent sig: False, parent port: False)
DEBUG - 2026-08-22 13:39:14,351 - jasper.verilog -   Port "user_clk" is new
DEBUG - 2026-08-22 13:39:14,352 - jasper.verilog - Attempting to add port "user_data_out" (parent sig: True, parent port: False)
DEBUG - 2026-08-22 13:39:14,352 - jasper.verilog -   Port "user_data_out" is new
DEBUG - 2026-08-22 13:39:14,352 - jasper.toolflow - modifying top for obj status
DEBUG - 2026-08-22 13:39:14,352 - jasper.verilog - Initializing second-layer dictionairies for: sw_reg: d5/ss/status
DEBUG - 2026-08-22 13:39:14,352 - jasper.verilog - Initializing second-layer dictionairies for: default
DEBUG - 2026-08-22 13:39:14,352 - jasper.verilog - Attempting to add port "wb_clk_i" (parent sig: False, parent port: False)
DEBUG - 2026-08-22 13:39:14,352 - jasper.verilog -   Port "wb_clk_i" is new
DEBUG - 2026-08-22 13:39:14,352 - jasper.verilog - Attempting to add port "wb_rst_i" (parent sig: False, parent port: False)
DEBUG - 2026-08-22 13:39:14,352 - jasper.verilog -   Port "wb_rst_i" is new
DEBUG - 2026-08-22 13:39:14,352 - jasper.verilog - Attempting to add port "wb_cyc_i" (parent sig: False, parent port: False)
DEBUG - 2026-08-22 13:39:14,352 - jasper.verilog -   Port "wb_cyc_i" is new
DEBUG - 2026-08-22 13:39:14,352 - jasper.verilog - Attempting to add port "wb_stb_i" (parent sig: False, parent port: False)
DEBUG - 2026-08-22 13:39:14,352 - jasper.verilog -   Port "wb_stb_i" is new
DEBUG - 2026-08-22 13:39:14,352 - jasper.verilog - Attempting to add port "wb_we_i" (parent sig: False, parent port: False)
DEBUG - 2026-08-22 13:39:14,352 - jasper.verilog -   Port "wb_we_i" is new
DEBUG - 2026-08-22 13:39:14,352 - jasper.verilog - Attempting to add port "wb_sel_i" (parent sig: False, parent port: False)
DEBUG - 2026-08-22 13:39:14,352 - jasper.verilog -   Port "wb_sel_i" is new
DEBUG - 2026-08-22 13:39:14,352 - jasper.verilog - Attempting to add port "wb_adr_i" (parent sig: False, parent port: False)
DEBUG - 2026-08-22 13:39:14,352 - jasper.verilog -   Port "wb_adr_i" is new
DEBUG - 2026-08-22 13:39:14,352 - jasper.verilog - Attempting to add port "wb_dat_i" (parent sig: False, parent port: False)
DEBUG - 2026-08-22 13:39:14,352 - jasper.verilog -   Port "wb_dat_i" is new
DEBUG - 2026-08-22 13:39:14,352 - jasper.verilog - Attempting to add port "wb_dat_o" (parent sig: False, parent port: False)
DEBUG - 2026-08-22 13:39:14,352 - jasper.verilog -   Port "wb_dat_o" is new
DEBUG - 2026-08-22 13:39:14,352 - jasper.verilog - Attempting to add port "wb_ack_o" (parent sig: False, parent port: False)
DEBUG - 2026-08-22 13:39:14,352 - jasper.verilog -   Port "wb_ack_o" is new
DEBUG - 2026-08-22 13:39:14,352 - jasper.verilog - Attempting to add port "wb_err_o" (parent sig: False, parent port: False)
DEBUG - 2026-08-22 13:39:14,352 - jasper.verilog -   Port "wb_err_o" is new
DEBUG - 2026-08-22 13:39:14,352 - jasper.verilog - Attempting to add port "user_clk" (parent sig: False, parent port: False)
DEBUG - 2026-08-22 13:39:14,352 - jasper.verilog -   Port "user_clk" is new
DEBUG - 2026-08-22 13:39:14,352 - jasper.verilog - Attempting to add port "user_data_in" (parent sig: True, parent port: False)
DEBUG - 2026-08-22 13:39:14,352 - jasper.verilog -   Port "user_data_in" is new
DEBUG - 2026-08-22 13:39:14,352 - jasper.toolflow - modifying top for obj data_rx_valmir
DEBUG - 2026-08-22 13:39:14,352 - jasper.verilog - Initializing second-layer dictionairies for: sw_reg: data_rx_valmir
DEBUG - 2026-08-22 13:39:14,352 - jasper.verilog - Initializing second-layer dictionairies for: default
DEBUG - 2026-08-22 13:39:14,352 - jasper.verilog - Attempting to add port "wb_clk_i" (parent sig: False, parent port: False)
DEBUG - 2026-08-22 13:39:14,352 - jasper.verilog -   Port "wb_clk_i" is new
DEBUG - 2026-08-22 13:39:14,352 - jasper.verilog - Attempting to add port "wb_rst_i" (parent sig: False, parent port: False)
DEBUG - 2026-08-22 13:39:14,352 - jasper.verilog -   Port "wb_rst_i" is new
DEBUG - 2026-08-22 13:39:14,352 - jasper.verilog - Attempting to add port "wb_cyc_i" (parent sig: False, parent port: False)
DEBUG - 2026-08-22 13:39:14,352 - jasper.verilog -   Port "wb_cyc_i" is new
DEBUG - 2026-08-22 13:39:14,352 - jasper.verilog - Attempting to add port "wb_stb_i" (parent sig: False, parent port: False)
DEBUG - 2026-08-22 13:39:14,352 - jasper.verilog -   Port "wb_stb_i" is new
DEBUG - 2026-08-22 13:39:14,352 - jasper.verilog - Attempting to add port "wb_we_i" (parent sig: False, parent port: False)
DEBUG - 2026-08-22 13:39:14,352 - jasper.verilog -   Port "wb_we_i" is new
DEBUG - 2026-08-22 13:39:14,352 - jasper.verilog - Attempting to add port "wb_sel_i" (parent sig: False, parent port: False)
DEBUG - 2026-08-22 13:39:14,352 - jasper.verilog -   Port "wb_sel_i" is new
DEBUG - 2026-08-22 13:39:14,352 - jasper.verilog - Attempting to add port "wb_adr_i" (parent sig: False, parent port: False)
DEBUG - 2026-08-22 13:39:14,352 - jasper.verilog -   Port "wb_adr_i" is new
DEBUG - 2026-08-22 13:39:14,352 - jasper.verilog - Attempting to add port "wb_dat_i" (parent sig: False, parent port: False)
DEBUG - 2026-08-22 13:39:14,352 - jasper.verilog -   Port "wb_dat_i" is new
DEBUG - 2026-08-22 13:39:14,352 - jasper.verilog - Attempting to add port "wb_dat_o" (parent sig: False, parent port: False)
DEBUG - 2026-08-22 13:39:14,352 - jasper.verilog -   Port "wb_dat_o" is new
DEBUG - 2026-08-22 13:39:14,352 - jasper.verilog - Attempting to add port "wb_ack_o" (parent sig: False, parent port: False)
DEBUG - 2026-08-22 13:39:14,352 - jasper.verilog -   Port "wb_ack_o" is new
DEBUG - 2026-08-22 13:39:14,352 - jasper.verilog - Attempting to add port "wb_err_o" (parent sig: False, parent port: False)
DEBUG - 2026-08-22 13:39:14,352 - jasper.verilog -   Port "wb_err_o" is new
DEBUG - 2026-08-22 13:39:14,352 - jasper.verilog - Attempting to add port "user_clk" (parent sig: False, parent port: False)
DEBUG - 2026-08-22 13:39:14,352 - jasper.verilog -   Port "user_clk" is new
DEBUG - 2026-08-22 13:39:14,352 - jasper.verilog - Attempting to add port "user_data_in" (parent sig: True, parent port: False)
DEBUG - 2026-08-22 13:39:14,352 - jasper.verilog -   Port "user_data_in" is new
DEBUG - 2026-08-22 13:39:14,352 - jasper.toolflow - modifying top for obj debug_rx_data_mem_fifo
DEBUG - 2026-08-22 13:39:14,352 - jasper.verilog - Initializing second-layer dictionairies for: sw_reg: debug_rx_data_mem_fifo
DEBUG - 2026-08-22 13:39:14,352 - jasper.verilog - Initializing second-layer dictionairies for: default
DEBUG - 2026-08-22 13:39:14,352 - jasper.verilog - Attempting to add port "wb_clk_i" (parent sig: False, parent port: False)
DEBUG - 2026-08-22 13:39:14,352 - jasper.verilog -   Port "wb_clk_i" is new
DEBUG - 2026-08-22 13:39:14,352 - jasper.verilog - Attempting to add port "wb_rst_i" (parent sig: False, parent port: False)
DEBUG - 2026-08-22 13:39:14,352 - jasper.verilog -   Port "wb_rst_i" is new
DEBUG - 2026-08-22 13:39:14,352 - jasper.verilog - Attempting to add port "wb_cyc_i" (parent sig: False, parent port: False)
DEBUG - 2026-08-22 13:39:14,352 - jasper.verilog -   Port "wb_cyc_i" is new
DEBUG - 2026-08-22 13:39:14,352 - jasper.verilog - Attempting to add port "wb_stb_i" (parent sig: False, parent port: False)
DEBUG - 2026-08-22 13:39:14,352 - jasper.verilog -   Port "wb_stb_i" is new
DEBUG - 2026-08-22 13:39:14,352 - jasper.verilog - Attempting to add port "wb_we_i" (parent sig: False, parent port: False)
DEBUG - 2026-08-22 13:39:14,352 - jasper.verilog -   Port "wb_we_i" is new
DEBUG - 2026-08-22 13:39:14,352 - jasper.verilog - Attempting to add port "wb_sel_i" (parent sig: False, parent port: False)
DEBUG - 2026-08-22 13:39:14,352 - jasper.verilog -   Port "wb_sel_i" is new
DEBUG - 2026-08-22 13:39:14,352 - jasper.verilog - Attempting to add port "wb_adr_i" (parent sig: False, parent port: False)
DEBUG - 2026-08-22 13:39:14,352 - jasper.verilog -   Port "wb_adr_i" is new
DEBUG - 2026-08-22 13:39:14,352 - jasper.verilog - Attempting to add port "wb_dat_i" (parent sig: False, parent port: False)
DEBUG - 2026-08-22 13:39:14,352 - jasper.verilog -   Port "wb_dat_i" is new
DEBUG - 2026-08-22 13:39:14,352 - jasper.verilog - Attempting to add port "wb_dat_o" (parent sig: False, parent port: False)
DEBUG - 2026-08-22 13:39:14,352 - jasper.verilog -   Port "wb_dat_o" is new
DEBUG - 2026-08-22 13:39:14,352 - jasper.verilog - Attempting to add port "wb_ack_o" (parent sig: False, parent port: False)
DEBUG - 2026-08-22 13:39:14,352 - jasper.verilog -   Port "wb_ack_o" is new
DEBUG - 2026-08-22 13:39:14,352 - jasper.verilog - Attempting to add port "wb_err_o" (parent sig: False, parent port: False)
DEBUG - 2026-08-22 13:39:14,352 - jasper.verilog -   Port "wb_err_o" is new
DEBUG - 2026-08-22 13:39:14,352 - jasper.verilog - Attempting to add port "user_clk" (parent sig: False, parent port: False)
DEBUG - 2026-08-22 13:39:14,352 - jasper.verilog -   Port "user_clk" is new
DEBUG - 2026-08-22 13:39:14,352 - jasper.verilog - Attempting to add port "user_data_in" (parent sig: True, parent port: False)
DEBUG - 2026-08-22 13:39:14,352 - jasper.verilog -   Port "user_data_in" is new
DEBUG - 2026-08-22 13:39:14,352 - jasper.toolflow - modifying top for obj debug_rx_data_mem_gbe
DEBUG - 2026-08-22 13:39:14,352 - jasper.verilog - Initializing second-layer dictionairies for: sw_reg: debug_rx_data_mem_gbe
DEBUG - 2026-08-22 13:39:14,353 - jasper.verilog - Initializing second-layer dictionairies for: default
DEBUG - 2026-08-22 13:39:14,353 - jasper.verilog - Attempting to add port "wb_clk_i" (parent sig: False, parent port: False)
DEBUG - 2026-08-22 13:39:14,353 - jasper.verilog -   Port "wb_clk_i" is new
DEBUG - 2026-08-22 13:39:14,353 - jasper.verilog - Attempting to add port "wb_rst_i" (parent sig: False, parent port: False)
DEBUG - 2026-08-22 13:39:14,353 - jasper.verilog -   Port "wb_rst_i" is new
DEBUG - 2026-08-22 13:39:14,353 - jasper.verilog - Attempting to add port "wb_cyc_i" (parent sig: False, parent port: False)
DEBUG - 2026-08-22 13:39:14,353 - jasper.verilog -   Port "wb_cyc_i" is new
DEBUG - 2026-08-22 13:39:14,353 - jasper.verilog - Attempting to add port "wb_stb_i" (parent sig: False, parent port: False)
DEBUG - 2026-08-22 13:39:14,353 - jasper.verilog -   Port "wb_stb_i" is new
DEBUG - 2026-08-22 13:39:14,353 - jasper.verilog - Attempting to add port "wb_we_i" (parent sig: False, parent port: False)
DEBUG - 2026-08-22 13:39:14,353 - jasper.verilog -   Port "wb_we_i" is new
DEBUG - 2026-08-22 13:39:14,353 - jasper.verilog - Attempting to add port "wb_sel_i" (parent sig: False, parent port: False)
DEBUG - 2026-08-22 13:39:14,353 - jasper.verilog -   Port "wb_sel_i" is new
DEBUG - 2026-08-22 13:39:14,353 - jasper.verilog - Attempting to add port "wb_adr_i" (parent sig: False, parent port: False)
DEBUG - 2026-08-22 13:39:14,353 - jasper.verilog -   Port "wb_adr_i" is new
DEBUG - 2026-08-22 13:39:14,353 - jasper.verilog - Attempting to add port "wb_dat_i" (parent sig: False, parent port: False)
DEBUG - 2026-08-22 13:39:14,353 - jasper.verilog -   Port "wb_dat_i" is new
DEBUG - 2026-08-22 13:39:14,353 - jasper.verilog - Attempting to add port "wb_dat_o" (parent sig: False, parent port: False)
DEBUG - 2026-08-22 13:39:14,353 - jasper.verilog -   Port "wb_dat_o" is new
DEBUG - 2026-08-22 13:39:14,353 - jasper.verilog - Attempting to add port "wb_ack_o" (parent sig: False, parent port: False)
DEBUG - 2026-08-22 13:39:14,353 - jasper.verilog -   Port "wb_ack_o" is new
DEBUG - 2026-08-22 13:39:14,353 - jasper.verilog - Attempting to add port "wb_err_o" (parent sig: False, parent port: False)
DEBUG - 2026-08-22 13:39:14,353 - jasper.verilog -   Port "wb_err_o" is new
DEBUG - 2026-08-22 13:39:14,353 - jasper.verilog - Attempting to add port "user_clk" (parent sig: False, parent port: False)
DEBUG - 2026-08-22 13:39:14,353 - jasper.verilog -   Port "user_clk" is new
DEBUG - 2026-08-22 13:39:14,353 - jasper.verilog - Attempting to add port "user_data_in" (parent sig: True, parent port: False)
DEBUG - 2026-08-22 13:39:14,353 - jasper.verilog -   Port "user_data_in" is new
DEBUG - 2026-08-22 13:39:14,353 - jasper.toolflow - modifying top for obj dec_factor
DEBUG - 2026-08-22 13:39:14,353 - jasper.verilog - Initializing second-layer dictionairies for: sw_reg: dec_factor
DEBUG - 2026-08-22 13:39:14,353 - jasper.verilog - Initializing second-layer dictionairies for: default
DEBUG - 2026-08-22 13:39:14,353 - jasper.verilog -   Parameter "INIT_VAL" is new
DEBUG - 2026-08-22 13:39:14,353 - jasper.verilog - Attempting to add port "wb_clk_i" (parent sig: False, parent port: False)
DEBUG - 2026-08-22 13:39:14,353 - jasper.verilog -   Port "wb_clk_i" is new
DEBUG - 2026-08-22 13:39:14,353 - jasper.verilog - Attempting to add port "wb_rst_i" (parent sig: False, parent port: False)
DEBUG - 2026-08-22 13:39:14,353 - jasper.verilog -   Port "wb_rst_i" is new
DEBUG - 2026-08-22 13:39:14,353 - jasper.verilog - Attempting to add port "wb_cyc_i" (parent sig: False, parent port: False)
DEBUG - 2026-08-22 13:39:14,353 - jasper.verilog -   Port "wb_cyc_i" is new
DEBUG - 2026-08-22 13:39:14,353 - jasper.verilog - Attempting to add port "wb_stb_i" (parent sig: False, parent port: False)
DEBUG - 2026-08-22 13:39:14,353 - jasper.verilog -   Port "wb_stb_i" is new
DEBUG - 2026-08-22 13:39:14,353 - jasper.verilog - Attempting to add port "wb_we_i" (parent sig: False, parent port: False)
DEBUG - 2026-08-22 13:39:14,353 - jasper.verilog -   Port "wb_we_i" is new
DEBUG - 2026-08-22 13:39:14,353 - jasper.verilog - Attempting to add port "wb_sel_i" (parent sig: False, parent port: False)
DEBUG - 2026-08-22 13:39:14,353 - jasper.verilog -   Port "wb_sel_i" is new
DEBUG - 2026-08-22 13:39:14,353 - jasper.verilog - Attempting to add port "wb_adr_i" (parent sig: False, parent port: False)
DEBUG - 2026-08-22 13:39:14,353 - jasper.verilog -   Port "wb_adr_i" is new
DEBUG - 2026-08-22 13:39:14,353 - jasper.verilog - Attempting to add port "wb_dat_i" (parent sig: False, parent port: False)
DEBUG - 2026-08-22 13:39:14,353 - jasper.verilog -   Port "wb_dat_i" is new
DEBUG - 2026-08-22 13:39:14,353 - jasper.verilog - Attempting to add port "wb_dat_o" (parent sig: False, parent port: False)
DEBUG - 2026-08-22 13:39:14,353 - jasper.verilog -   Port "wb_dat_o" is new
DEBUG - 2026-08-22 13:39:14,353 - jasper.verilog - Attempting to add port "wb_ack_o" (parent sig: False, parent port: False)
DEBUG - 2026-08-22 13:39:14,353 - jasper.verilog -   Port "wb_ack_o" is new
DEBUG - 2026-08-22 13:39:14,353 - jasper.verilog - Attempting to add port "wb_err_o" (parent sig: False, parent port: False)
DEBUG - 2026-08-22 13:39:14,353 - jasper.verilog -   Port "wb_err_o" is new
DEBUG - 2026-08-22 13:39:14,353 - jasper.verilog - Attempting to add port "user_clk" (parent sig: False, parent port: False)
DEBUG - 2026-08-22 13:39:14,353 - jasper.verilog -   Port "user_clk" is new
DEBUG - 2026-08-22 13:39:14,353 - jasper.verilog - Attempting to add port "user_data_out" (parent sig: True, parent port: False)
DEBUG - 2026-08-22 13:39:14,353 - jasper.verilog -   Port "user_data_out" is new
DEBUG - 2026-08-22 13:39:14,353 - jasper.toolflow - modifying top for obj err_marker1
DEBUG - 2026-08-22 13:39:14,353 - jasper.verilog - Initializing second-layer dictionairies for: sw_reg: err_marker1
DEBUG - 2026-08-22 13:39:14,353 - jasper.verilog - Initializing second-layer dictionairies for: default
DEBUG - 2026-08-22 13:39:14,353 - jasper.verilog - Attempting to add port "wb_clk_i" (parent sig: False, parent port: False)
DEBUG - 2026-08-22 13:39:14,353 - jasper.verilog -   Port "wb_clk_i" is new
DEBUG - 2026-08-22 13:39:14,353 - jasper.verilog - Attempting to add port "wb_rst_i" (parent sig: False, parent port: False)
DEBUG - 2026-08-22 13:39:14,353 - jasper.verilog -   Port "wb_rst_i" is new
DEBUG - 2026-08-22 13:39:14,353 - jasper.verilog - Attempting to add port "wb_cyc_i" (parent sig: False, parent port: False)
DEBUG - 2026-08-22 13:39:14,353 - jasper.verilog -   Port "wb_cyc_i" is new
DEBUG - 2026-08-22 13:39:14,353 - jasper.verilog - Attempting to add port "wb_stb_i" (parent sig: False, parent port: False)
DEBUG - 2026-08-22 13:39:14,353 - jasper.verilog -   Port "wb_stb_i" is new
DEBUG - 2026-08-22 13:39:14,353 - jasper.verilog - Attempting to add port "wb_we_i" (parent sig: False, parent port: False)
DEBUG - 2026-08-22 13:39:14,353 - jasper.verilog -   Port "wb_we_i" is new
DEBUG - 2026-08-22 13:39:14,353 - jasper.verilog - Attempting to add port "wb_sel_i" (parent sig: False, parent port: False)
DEBUG - 2026-08-22 13:39:14,353 - jasper.verilog -   Port "wb_sel_i" is new
DEBUG - 2026-08-22 13:39:14,353 - jasper.verilog - Attempting to add port "wb_adr_i" (parent sig: False, parent port: False)
DEBUG - 2026-08-22 13:39:14,353 - jasper.verilog -   Port "wb_adr_i" is new
DEBUG - 2026-08-22 13:39:14,353 - jasper.verilog - Attempting to add port "wb_dat_i" (parent sig: False, parent port: False)
DEBUG - 2026-08-22 13:39:14,353 - jasper.verilog -   Port "wb_dat_i" is new
DEBUG - 2026-08-22 13:39:14,353 - jasper.verilog - Attempting to add port "wb_dat_o" (parent sig: False, parent port: False)
DEBUG - 2026-08-22 13:39:14,353 - jasper.verilog -   Port "wb_dat_o" is new
DEBUG - 2026-08-22 13:39:14,353 - jasper.verilog - Attempting to add port "wb_ack_o" (parent sig: False, parent port: False)
DEBUG - 2026-08-22 13:39:14,353 - jasper.verilog -   Port "wb_ack_o" is new
DEBUG - 2026-08-22 13:39:14,353 - jasper.verilog - Attempting to add port "wb_err_o" (parent sig: False, parent port: False)
DEBUG - 2026-08-22 13:39:14,353 - jasper.verilog -   Port "wb_err_o" is new
DEBUG - 2026-08-22 13:39:14,353 - jasper.verilog - Attempting to add port "user_clk" (parent sig: False, parent port: False)
DEBUG - 2026-08-22 13:39:14,353 - jasper.verilog -   Port "user_clk" is new
DEBUG - 2026-08-22 13:39:14,353 - jasper.verilog - Attempting to add port "user_data_in" (parent sig: True, parent port: False)
DEBUG - 2026-08-22 13:39:14,353 - jasper.verilog -   Port "user_data_in" is new
DEBUG - 2026-08-22 13:39:14,353 - jasper.toolflow - modifying top for obj err_pkt_ctr1
DEBUG - 2026-08-22 13:39:14,353 - jasper.verilog - Initializing second-layer dictionairies for: sw_reg: err_pkt_ctr1
DEBUG - 2026-08-22 13:39:14,353 - jasper.verilog - Initializing second-layer dictionairies for: default
DEBUG - 2026-08-22 13:39:14,353 - jasper.verilog - Attempting to add port "wb_clk_i" (parent sig: False, parent port: False)
DEBUG - 2026-08-22 13:39:14,353 - jasper.verilog -   Port "wb_clk_i" is new
DEBUG - 2026-08-22 13:39:14,353 - jasper.verilog - Attempting to add port "wb_rst_i" (parent sig: False, parent port: False)
DEBUG - 2026-08-22 13:39:14,354 - jasper.verilog -   Port "wb_rst_i" is new
DEBUG - 2026-08-22 13:39:14,354 - jasper.verilog - Attempting to add port "wb_cyc_i" (parent sig: False, parent port: False)
DEBUG - 2026-08-22 13:39:14,354 - jasper.verilog -   Port "wb_cyc_i" is new
DEBUG - 2026-08-22 13:39:14,354 - jasper.verilog - Attempting to add port "wb_stb_i" (parent sig: False, parent port: False)
DEBUG - 2026-08-22 13:39:14,354 - jasper.verilog -   Port "wb_stb_i" is new
DEBUG - 2026-08-22 13:39:14,354 - jasper.verilog - Attempting to add port "wb_we_i" (parent sig: False, parent port: False)
DEBUG - 2026-08-22 13:39:14,354 - jasper.verilog -   Port "wb_we_i" is new
DEBUG - 2026-08-22 13:39:14,354 - jasper.verilog - Attempting to add port "wb_sel_i" (parent sig: False, parent port: False)
DEBUG - 2026-08-22 13:39:14,354 - jasper.verilog -   Port "wb_sel_i" is new
DEBUG - 2026-08-22 13:39:14,354 - jasper.verilog - Attempting to add port "wb_adr_i" (parent sig: False, parent port: False)
DEBUG - 2026-08-22 13:39:14,354 - jasper.verilog -   Port "wb_adr_i" is new
DEBUG - 2026-08-22 13:39:14,354 - jasper.verilog - Attempting to add port "wb_dat_i" (parent sig: False, parent port: False)
DEBUG - 2026-08-22 13:39:14,354 - jasper.verilog -   Port "wb_dat_i" is new
DEBUG - 2026-08-22 13:39:14,354 - jasper.verilog - Attempting to add port "wb_dat_o" (parent sig: False, parent port: False)
DEBUG - 2026-08-22 13:39:14,354 - jasper.verilog -   Port "wb_dat_o" is new
DEBUG - 2026-08-22 13:39:14,354 - jasper.verilog - Attempting to add port "wb_ack_o" (parent sig: False, parent port: False)
DEBUG - 2026-08-22 13:39:14,354 - jasper.verilog -   Port "wb_ack_o" is new
DEBUG - 2026-08-22 13:39:14,354 - jasper.verilog - Attempting to add port "wb_err_o" (parent sig: False, parent port: False)
DEBUG - 2026-08-22 13:39:14,354 - jasper.verilog -   Port "wb_err_o" is new
DEBUG - 2026-08-22 13:39:14,354 - jasper.verilog - Attempting to add port "user_clk" (parent sig: False, parent port: False)
DEBUG - 2026-08-22 13:39:14,354 - jasper.verilog -   Port "user_clk" is new
DEBUG - 2026-08-22 13:39:14,354 - jasper.verilog - Attempting to add port "user_data_in" (parent sig: True, parent port: False)
DEBUG - 2026-08-22 13:39:14,354 - jasper.verilog -   Port "user_data_in" is new
DEBUG - 2026-08-22 13:39:14,354 - jasper.toolflow - modifying top for obj err_pkt_ctr_step1
DEBUG - 2026-08-22 13:39:14,354 - jasper.verilog - Initializing second-layer dictionairies for: sw_reg: err_pkt_ctr_step1
DEBUG - 2026-08-22 13:39:14,354 - jasper.verilog - Initializing second-layer dictionairies for: default
DEBUG - 2026-08-22 13:39:14,354 - jasper.verilog - Attempting to add port "wb_clk_i" (parent sig: False, parent port: False)
DEBUG - 2026-08-22 13:39:14,354 - jasper.verilog -   Port "wb_clk_i" is new
DEBUG - 2026-08-22 13:39:14,354 - jasper.verilog - Attempting to add port "wb_rst_i" (parent sig: False, parent port: False)
DEBUG - 2026-08-22 13:39:14,354 - jasper.verilog -   Port "wb_rst_i" is new
DEBUG - 2026-08-22 13:39:14,354 - jasper.verilog - Attempting to add port "wb_cyc_i" (parent sig: False, parent port: False)
DEBUG - 2026-08-22 13:39:14,354 - jasper.verilog -   Port "wb_cyc_i" is new
DEBUG - 2026-08-22 13:39:14,354 - jasper.verilog - Attempting to add port "wb_stb_i" (parent sig: False, parent port: False)
DEBUG - 2026-08-22 13:39:14,354 - jasper.verilog -   Port "wb_stb_i" is new
DEBUG - 2026-08-22 13:39:14,354 - jasper.verilog - Attempting to add port "wb_we_i" (parent sig: False, parent port: False)
DEBUG - 2026-08-22 13:39:14,354 - jasper.verilog -   Port "wb_we_i" is new
DEBUG - 2026-08-22 13:39:14,354 - jasper.verilog - Attempting to add port "wb_sel_i" (parent sig: False, parent port: False)
DEBUG - 2026-08-22 13:39:14,354 - jasper.verilog -   Port "wb_sel_i" is new
DEBUG - 2026-08-22 13:39:14,354 - jasper.verilog - Attempting to add port "wb_adr_i" (parent sig: False, parent port: False)
DEBUG - 2026-08-22 13:39:14,354 - jasper.verilog -   Port "wb_adr_i" is new
DEBUG - 2026-08-22 13:39:14,354 - jasper.verilog - Attempting to add port "wb_dat_i" (parent sig: False, parent port: False)
DEBUG - 2026-08-22 13:39:14,354 - jasper.verilog -   Port "wb_dat_i" is new
DEBUG - 2026-08-22 13:39:14,354 - jasper.verilog - Attempting to add port "wb_dat_o" (parent sig: False, parent port: False)
DEBUG - 2026-08-22 13:39:14,354 - jasper.verilog -   Port "wb_dat_o" is new
DEBUG - 2026-08-22 13:39:14,354 - jasper.verilog - Attempting to add port "wb_ack_o" (parent sig: False, parent port: False)
DEBUG - 2026-08-22 13:39:14,354 - jasper.verilog -   Port "wb_ack_o" is new
DEBUG - 2026-08-22 13:39:14,354 - jasper.verilog - Attempting to add port "wb_err_o" (parent sig: False, parent port: False)
DEBUG - 2026-08-22 13:39:14,354 - jasper.verilog -   Port "wb_err_o" is new
DEBUG - 2026-08-22 13:39:14,354 - jasper.verilog - Attempting to add port "user_clk" (parent sig: False, parent port: False)
DEBUG - 2026-08-22 13:39:14,354 - jasper.verilog -   Port "user_clk" is new
DEBUG - 2026-08-22 13:39:14,354 - jasper.verilog - Attempting to add port "user_data_in" (parent sig: True, parent port: False)
DEBUG - 2026-08-22 13:39:14,354 - jasper.verilog -   Port "user_data_in" is new
DEBUG - 2026-08-22 13:39:14,354 - jasper.toolflow - modifying top for obj err_ramp1
DEBUG - 2026-08-22 13:39:14,354 - jasper.verilog - Initializing second-layer dictionairies for: sw_reg: err_ramp1
DEBUG - 2026-08-22 13:39:14,354 - jasper.verilog - Initializing second-layer dictionairies for: default
DEBUG - 2026-08-22 13:39:14,354 - jasper.verilog - Attempting to add port "wb_clk_i" (parent sig: False, parent port: False)
DEBUG - 2026-08-22 13:39:14,354 - jasper.verilog -   Port "wb_clk_i" is new
DEBUG - 2026-08-22 13:39:14,354 - jasper.verilog - Attempting to add port "wb_rst_i" (parent sig: False, parent port: False)
DEBUG - 2026-08-22 13:39:14,354 - jasper.verilog -   Port "wb_rst_i" is new
DEBUG - 2026-08-22 13:39:14,354 - jasper.verilog - Attempting to add port "wb_cyc_i" (parent sig: False, parent port: False)
DEBUG - 2026-08-22 13:39:14,354 - jasper.verilog -   Port "wb_cyc_i" is new
DEBUG - 2026-08-22 13:39:14,354 - jasper.verilog - Attempting to add port "wb_stb_i" (parent sig: False, parent port: False)
DEBUG - 2026-08-22 13:39:14,354 - jasper.verilog -   Port "wb_stb_i" is new
DEBUG - 2026-08-22 13:39:14,354 - jasper.verilog - Attempting to add port "wb_we_i" (parent sig: False, parent port: False)
DEBUG - 2026-08-22 13:39:14,354 - jasper.verilog -   Port "wb_we_i" is new
DEBUG - 2026-08-22 13:39:14,354 - jasper.verilog - Attempting to add port "wb_sel_i" (parent sig: False, parent port: False)
DEBUG - 2026-08-22 13:39:14,354 - jasper.verilog -   Port "wb_sel_i" is new
DEBUG - 2026-08-22 13:39:14,354 - jasper.verilog - Attempting to add port "wb_adr_i" (parent sig: False, parent port: False)
DEBUG - 2026-08-22 13:39:14,354 - jasper.verilog -   Port "wb_adr_i" is new
DEBUG - 2026-08-22 13:39:14,354 - jasper.verilog - Attempting to add port "wb_dat_i" (parent sig: False, parent port: False)
DEBUG - 2026-08-22 13:39:14,354 - jasper.verilog -   Port "wb_dat_i" is new
DEBUG - 2026-08-22 13:39:14,354 - jasper.verilog - Attempting to add port "wb_dat_o" (parent sig: False, parent port: False)
DEBUG - 2026-08-22 13:39:14,354 - jasper.verilog -   Port "wb_dat_o" is new
DEBUG - 2026-08-22 13:39:14,354 - jasper.verilog - Attempting to add port "wb_ack_o" (parent sig: False, parent port: False)
DEBUG - 2026-08-22 13:39:14,354 - jasper.verilog -   Port "wb_ack_o" is new
DEBUG - 2026-08-22 13:39:14,354 - jasper.verilog - Attempting to add port "wb_err_o" (parent sig: False, parent port: False)
DEBUG - 2026-08-22 13:39:14,354 - jasper.verilog -   Port "wb_err_o" is new
DEBUG - 2026-08-22 13:39:14,354 - jasper.verilog - Attempting to add port "user_clk" (parent sig: False, parent port: False)
DEBUG - 2026-08-22 13:39:14,354 - jasper.verilog -   Port "user_clk" is new
DEBUG - 2026-08-22 13:39:14,354 - jasper.verilog - Attempting to add port "user_data_in" (parent sig: True, parent port: False)
DEBUG - 2026-08-22 13:39:14,354 - jasper.verilog -   Port "user_data_in" is new
DEBUG - 2026-08-22 13:39:14,354 - jasper.toolflow - modifying top for obj err_valid_raw1
DEBUG - 2026-08-22 13:39:14,354 - jasper.verilog - Initializing second-layer dictionairies for: sw_reg: err_valid_raw1
DEBUG - 2026-08-22 13:39:14,354 - jasper.verilog - Initializing second-layer dictionairies for: default
DEBUG - 2026-08-22 13:39:14,354 - jasper.verilog - Attempting to add port "wb_clk_i" (parent sig: False, parent port: False)
DEBUG - 2026-08-22 13:39:14,354 - jasper.verilog -   Port "wb_clk_i" is new
DEBUG - 2026-08-22 13:39:14,354 - jasper.verilog - Attempting to add port "wb_rst_i" (parent sig: False, parent port: False)
DEBUG - 2026-08-22 13:39:14,354 - jasper.verilog -   Port "wb_rst_i" is new
DEBUG - 2026-08-22 13:39:14,354 - jasper.verilog - Attempting to add port "wb_cyc_i" (parent sig: False, parent port: False)
DEBUG - 2026-08-22 13:39:14,354 - jasper.verilog -   Port "wb_cyc_i" is new
DEBUG - 2026-08-22 13:39:14,354 - jasper.verilog - Attempting to add port "wb_stb_i" (parent sig: False, parent port: False)
DEBUG - 2026-08-22 13:39:14,354 - jasper.verilog -   Port "wb_stb_i" is new
DEBUG - 2026-08-22 13:39:14,354 - jasper.verilog - Attempting to add port "wb_we_i" (parent sig: False, parent port: False)
DEBUG - 2026-08-22 13:39:14,354 - jasper.verilog -   Port "wb_we_i" is new
DEBUG - 2026-08-22 13:39:14,355 - jasper.verilog - Attempting to add port "wb_sel_i" (parent sig: False, parent port: False)
DEBUG - 2026-08-22 13:39:14,355 - jasper.verilog -   Port "wb_sel_i" is new
DEBUG - 2026-08-22 13:39:14,355 - jasper.verilog - Attempting to add port "wb_adr_i" (parent sig: False, parent port: False)
DEBUG - 2026-08-22 13:39:14,355 - jasper.verilog -   Port "wb_adr_i" is new
DEBUG - 2026-08-22 13:39:14,355 - jasper.verilog - Attempting to add port "wb_dat_i" (parent sig: False, parent port: False)
DEBUG - 2026-08-22 13:39:14,355 - jasper.verilog -   Port "wb_dat_i" is new
DEBUG - 2026-08-22 13:39:14,355 - jasper.verilog - Attempting to add port "wb_dat_o" (parent sig: False, parent port: False)
DEBUG - 2026-08-22 13:39:14,355 - jasper.verilog -   Port "wb_dat_o" is new
DEBUG - 2026-08-22 13:39:14,355 - jasper.verilog - Attempting to add port "wb_ack_o" (parent sig: False, parent port: False)
DEBUG - 2026-08-22 13:39:14,355 - jasper.verilog -   Port "wb_ack_o" is new
DEBUG - 2026-08-22 13:39:14,355 - jasper.verilog - Attempting to add port "wb_err_o" (parent sig: False, parent port: False)
DEBUG - 2026-08-22 13:39:14,355 - jasper.verilog -   Port "wb_err_o" is new
DEBUG - 2026-08-22 13:39:14,355 - jasper.verilog - Attempting to add port "user_clk" (parent sig: False, parent port: False)
DEBUG - 2026-08-22 13:39:14,355 - jasper.verilog -   Port "user_clk" is new
DEBUG - 2026-08-22 13:39:14,355 - jasper.verilog - Attempting to add port "user_data_in" (parent sig: True, parent port: False)
DEBUG - 2026-08-22 13:39:14,355 - jasper.verilog -   Port "user_data_in" is new
DEBUG - 2026-08-22 13:39:14,355 - jasper.toolflow - modifying top for obj err_walk1
DEBUG - 2026-08-22 13:39:14,355 - jasper.verilog - Initializing second-layer dictionairies for: sw_reg: err_walk1
DEBUG - 2026-08-22 13:39:14,355 - jasper.verilog - Initializing second-layer dictionairies for: default
DEBUG - 2026-08-22 13:39:14,355 - jasper.verilog - Attempting to add port "wb_clk_i" (parent sig: False, parent port: False)
DEBUG - 2026-08-22 13:39:14,355 - jasper.verilog -   Port "wb_clk_i" is new
DEBUG - 2026-08-22 13:39:14,355 - jasper.verilog - Attempting to add port "wb_rst_i" (parent sig: False, parent port: False)
DEBUG - 2026-08-22 13:39:14,355 - jasper.verilog -   Port "wb_rst_i" is new
DEBUG - 2026-08-22 13:39:14,355 - jasper.verilog - Attempting to add port "wb_cyc_i" (parent sig: False, parent port: False)
DEBUG - 2026-08-22 13:39:14,355 - jasper.verilog -   Port "wb_cyc_i" is new
DEBUG - 2026-08-22 13:39:14,355 - jasper.verilog - Attempting to add port "wb_stb_i" (parent sig: False, parent port: False)
DEBUG - 2026-08-22 13:39:14,355 - jasper.verilog -   Port "wb_stb_i" is new
DEBUG - 2026-08-22 13:39:14,355 - jasper.verilog - Attempting to add port "wb_we_i" (parent sig: False, parent port: False)
DEBUG - 2026-08-22 13:39:14,355 - jasper.verilog -   Port "wb_we_i" is new
DEBUG - 2026-08-22 13:39:14,355 - jasper.verilog - Attempting to add port "wb_sel_i" (parent sig: False, parent port: False)
DEBUG - 2026-08-22 13:39:14,355 - jasper.verilog -   Port "wb_sel_i" is new
DEBUG - 2026-08-22 13:39:14,355 - jasper.verilog - Attempting to add port "wb_adr_i" (parent sig: False, parent port: False)
DEBUG - 2026-08-22 13:39:14,355 - jasper.verilog -   Port "wb_adr_i" is new
DEBUG - 2026-08-22 13:39:14,355 - jasper.verilog - Attempting to add port "wb_dat_i" (parent sig: False, parent port: False)
DEBUG - 2026-08-22 13:39:14,355 - jasper.verilog -   Port "wb_dat_i" is new
DEBUG - 2026-08-22 13:39:14,355 - jasper.verilog - Attempting to add port "wb_dat_o" (parent sig: False, parent port: False)
DEBUG - 2026-08-22 13:39:14,355 - jasper.verilog -   Port "wb_dat_o" is new
DEBUG - 2026-08-22 13:39:14,355 - jasper.verilog - Attempting to add port "wb_ack_o" (parent sig: False, parent port: False)
DEBUG - 2026-08-22 13:39:14,355 - jasper.verilog -   Port "wb_ack_o" is new
DEBUG - 2026-08-22 13:39:14,355 - jasper.verilog - Attempting to add port "wb_err_o" (parent sig: False, parent port: False)
DEBUG - 2026-08-22 13:39:14,355 - jasper.verilog -   Port "wb_err_o" is new
DEBUG - 2026-08-22 13:39:14,355 - jasper.verilog - Attempting to add port "user_clk" (parent sig: False, parent port: False)
DEBUG - 2026-08-22 13:39:14,355 - jasper.verilog -   Port "user_clk" is new
DEBUG - 2026-08-22 13:39:14,355 - jasper.verilog - Attempting to add port "user_data_in" (parent sig: True, parent port: False)
DEBUG - 2026-08-22 13:39:14,355 - jasper.verilog -   Port "user_data_in" is new
DEBUG - 2026-08-22 13:39:14,355 - jasper.toolflow - modifying top for obj bram
DEBUG - 2026-08-22 13:39:14,355 - jasper.verilog - Initializing second-layer dictionairies for: bram: input_fir/bram
DEBUG - 2026-08-22 13:39:14,355 - jasper.verilog - Initializing second-layer dictionairies for: default
DEBUG - 2026-08-22 13:39:14,355 - jasper.verilog - Attempting to add port "wb_clk_i" (parent sig: False, parent port: False)
DEBUG - 2026-08-22 13:39:14,355 - jasper.verilog -   Port "wb_clk_i" is new
DEBUG - 2026-08-22 13:39:14,355 - jasper.verilog - Attempting to add port "wb_rst_i" (parent sig: False, parent port: False)
DEBUG - 2026-08-22 13:39:14,355 - jasper.verilog -   Port "wb_rst_i" is new
DEBUG - 2026-08-22 13:39:14,355 - jasper.verilog - Attempting to add port "wb_cyc_i" (parent sig: False, parent port: False)
DEBUG - 2026-08-22 13:39:14,355 - jasper.verilog -   Port "wb_cyc_i" is new
DEBUG - 2026-08-22 13:39:14,355 - jasper.verilog - Attempting to add port "wb_stb_i" (parent sig: False, parent port: False)
DEBUG - 2026-08-22 13:39:14,355 - jasper.verilog -   Port "wb_stb_i" is new
DEBUG - 2026-08-22 13:39:14,355 - jasper.verilog - Attempting to add port "wb_we_i" (parent sig: False, parent port: False)
DEBUG - 2026-08-22 13:39:14,355 - jasper.verilog -   Port "wb_we_i" is new
DEBUG - 2026-08-22 13:39:14,355 - jasper.verilog - Attempting to add port "wb_sel_i" (parent sig: False, parent port: False)
DEBUG - 2026-08-22 13:39:14,355 - jasper.verilog -   Port "wb_sel_i" is new
DEBUG - 2026-08-22 13:39:14,355 - jasper.verilog - Attempting to add port "wb_adr_i" (parent sig: False, parent port: False)
DEBUG - 2026-08-22 13:39:14,355 - jasper.verilog -   Port "wb_adr_i" is new
DEBUG - 2026-08-22 13:39:14,355 - jasper.verilog - Attempting to add port "wb_dat_i" (parent sig: False, parent port: False)
DEBUG - 2026-08-22 13:39:14,355 - jasper.verilog -   Port "wb_dat_i" is new
DEBUG - 2026-08-22 13:39:14,355 - jasper.verilog - Attempting to add port "wb_dat_o" (parent sig: False, parent port: False)
DEBUG - 2026-08-22 13:39:14,355 - jasper.verilog -   Port "wb_dat_o" is new
DEBUG - 2026-08-22 13:39:14,355 - jasper.verilog - Attempting to add port "wb_ack_o" (parent sig: False, parent port: False)
DEBUG - 2026-08-22 13:39:14,355 - jasper.verilog -   Port "wb_ack_o" is new
DEBUG - 2026-08-22 13:39:14,355 - jasper.verilog - Attempting to add port "wb_err_o" (parent sig: False, parent port: False)
DEBUG - 2026-08-22 13:39:14,355 - jasper.verilog -   Port "wb_err_o" is new
DEBUG - 2026-08-22 13:39:14,355 - jasper.verilog - Attempting to add port "user_clk" (parent sig: False, parent port: False)
DEBUG - 2026-08-22 13:39:14,355 - jasper.verilog -   Port "user_clk" is new
DEBUG - 2026-08-22 13:39:14,355 - jasper.verilog - Attempting to add port "user_addr" (parent sig: True, parent port: False)
DEBUG - 2026-08-22 13:39:14,355 - jasper.verilog -   Port "user_addr" is new
DEBUG - 2026-08-22 13:39:14,355 - jasper.verilog - Attempting to add port "user_din" (parent sig: True, parent port: False)
DEBUG - 2026-08-22 13:39:14,355 - jasper.verilog -   Port "user_din" is new
DEBUG - 2026-08-22 13:39:14,355 - jasper.verilog - Attempting to add port "user_we" (parent sig: True, parent port: False)
DEBUG - 2026-08-22 13:39:14,355 - jasper.verilog -   Port "user_we" is new
DEBUG - 2026-08-22 13:39:14,355 - jasper.verilog - Attempting to add port "user_dout" (parent sig: True, parent port: False)
DEBUG - 2026-08-22 13:39:14,355 - jasper.verilog -   Port "user_dout" is new
DEBUG - 2026-08-22 13:39:14,355 - jasper.verilog -   Parameter "LOG_USER_WIDTH" is new
DEBUG - 2026-08-22 13:39:14,355 - jasper.verilog -   Parameter "USER_ADDR_BITS" is new
DEBUG - 2026-08-22 13:39:14,355 - jasper.verilog -   Parameter "N_REGISTERS" is new
DEBUG - 2026-08-22 13:39:14,355 - jasper.toolflow - modifying top for obj ctrl
DEBUG - 2026-08-22 13:39:14,355 - jasper.verilog - Initializing second-layer dictionairies for: sw_reg: input_fir/ctrl
DEBUG - 2026-08-22 13:39:14,355 - jasper.verilog - Initializing second-layer dictionairies for: default
DEBUG - 2026-08-22 13:39:14,355 - jasper.verilog -   Parameter "INIT_VAL" is new
DEBUG - 2026-08-22 13:39:14,355 - jasper.verilog - Attempting to add port "wb_clk_i" (parent sig: False, parent port: False)
DEBUG - 2026-08-22 13:39:14,355 - jasper.verilog -   Port "wb_clk_i" is new
DEBUG - 2026-08-22 13:39:14,355 - jasper.verilog - Attempting to add port "wb_rst_i" (parent sig: False, parent port: False)
DEBUG - 2026-08-22 13:39:14,355 - jasper.verilog -   Port "wb_rst_i" is new
DEBUG - 2026-08-22 13:39:14,355 - jasper.verilog - Attempting to add port "wb_cyc_i" (parent sig: False, parent port: False)
DEBUG - 2026-08-22 13:39:14,355 - jasper.verilog -   Port "wb_cyc_i" is new
DEBUG - 2026-08-22 13:39:14,356 - jasper.verilog - Attempting to add port "wb_stb_i" (parent sig: False, parent port: False)
DEBUG - 2026-08-22 13:39:14,356 - jasper.verilog -   Port "wb_stb_i" is new
DEBUG - 2026-08-22 13:39:14,356 - jasper.verilog - Attempting to add port "wb_we_i" (parent sig: False, parent port: False)
DEBUG - 2026-08-22 13:39:14,356 - jasper.verilog -   Port "wb_we_i" is new
DEBUG - 2026-08-22 13:39:14,356 - jasper.verilog - Attempting to add port "wb_sel_i" (parent sig: False, parent port: False)
DEBUG - 2026-08-22 13:39:14,356 - jasper.verilog -   Port "wb_sel_i" is new
DEBUG - 2026-08-22 13:39:14,356 - jasper.verilog - Attempting to add port "wb_adr_i" (parent sig: False, parent port: False)
DEBUG - 2026-08-22 13:39:14,356 - jasper.verilog -   Port "wb_adr_i" is new
DEBUG - 2026-08-22 13:39:14,356 - jasper.verilog - Attempting to add port "wb_dat_i" (parent sig: False, parent port: False)
DEBUG - 2026-08-22 13:39:14,356 - jasper.verilog -   Port "wb_dat_i" is new
DEBUG - 2026-08-22 13:39:14,356 - jasper.verilog - Attempting to add port "wb_dat_o" (parent sig: False, parent port: False)
DEBUG - 2026-08-22 13:39:14,356 - jasper.verilog -   Port "wb_dat_o" is new
DEBUG - 2026-08-22 13:39:14,356 - jasper.verilog - Attempting to add port "wb_ack_o" (parent sig: False, parent port: False)
DEBUG - 2026-08-22 13:39:14,356 - jasper.verilog -   Port "wb_ack_o" is new
DEBUG - 2026-08-22 13:39:14,356 - jasper.verilog - Attempting to add port "wb_err_o" (parent sig: False, parent port: False)
DEBUG - 2026-08-22 13:39:14,356 - jasper.verilog -   Port "wb_err_o" is new
DEBUG - 2026-08-22 13:39:14,356 - jasper.verilog - Attempting to add port "user_clk" (parent sig: False, parent port: False)
DEBUG - 2026-08-22 13:39:14,356 - jasper.verilog -   Port "user_clk" is new
DEBUG - 2026-08-22 13:39:14,356 - jasper.verilog - Attempting to add port "user_data_out" (parent sig: True, parent port: False)
DEBUG - 2026-08-22 13:39:14,356 - jasper.verilog -   Port "user_data_out" is new
DEBUG - 2026-08-22 13:39:14,356 - jasper.toolflow - modifying top for obj status
DEBUG - 2026-08-22 13:39:14,356 - jasper.verilog - Initializing second-layer dictionairies for: sw_reg: input_fir/status
DEBUG - 2026-08-22 13:39:14,356 - jasper.verilog - Initializing second-layer dictionairies for: default
DEBUG - 2026-08-22 13:39:14,356 - jasper.verilog - Attempting to add port "wb_clk_i" (parent sig: False, parent port: False)
DEBUG - 2026-08-22 13:39:14,356 - jasper.verilog -   Port "wb_clk_i" is new
DEBUG - 2026-08-22 13:39:14,356 - jasper.verilog - Attempting to add port "wb_rst_i" (parent sig: False, parent port: False)
DEBUG - 2026-08-22 13:39:14,356 - jasper.verilog -   Port "wb_rst_i" is new
DEBUG - 2026-08-22 13:39:14,356 - jasper.verilog - Attempting to add port "wb_cyc_i" (parent sig: False, parent port: False)
DEBUG - 2026-08-22 13:39:14,356 - jasper.verilog -   Port "wb_cyc_i" is new
DEBUG - 2026-08-22 13:39:14,356 - jasper.verilog - Attempting to add port "wb_stb_i" (parent sig: False, parent port: False)
DEBUG - 2026-08-22 13:39:14,356 - jasper.verilog -   Port "wb_stb_i" is new
DEBUG - 2026-08-22 13:39:14,356 - jasper.verilog - Attempting to add port "wb_we_i" (parent sig: False, parent port: False)
DEBUG - 2026-08-22 13:39:14,356 - jasper.verilog -   Port "wb_we_i" is new
DEBUG - 2026-08-22 13:39:14,356 - jasper.verilog - Attempting to add port "wb_sel_i" (parent sig: False, parent port: False)
DEBUG - 2026-08-22 13:39:14,356 - jasper.verilog -   Port "wb_sel_i" is new
DEBUG - 2026-08-22 13:39:14,356 - jasper.verilog - Attempting to add port "wb_adr_i" (parent sig: False, parent port: False)
DEBUG - 2026-08-22 13:39:14,356 - jasper.verilog -   Port "wb_adr_i" is new
DEBUG - 2026-08-22 13:39:14,356 - jasper.verilog - Attempting to add port "wb_dat_i" (parent sig: False, parent port: False)
DEBUG - 2026-08-22 13:39:14,356 - jasper.verilog -   Port "wb_dat_i" is new
DEBUG - 2026-08-22 13:39:14,356 - jasper.verilog - Attempting to add port "wb_dat_o" (parent sig: False, parent port: False)
DEBUG - 2026-08-22 13:39:14,356 - jasper.verilog -   Port "wb_dat_o" is new
DEBUG - 2026-08-22 13:39:14,356 - jasper.verilog - Attempting to add port "wb_ack_o" (parent sig: False, parent port: False)
DEBUG - 2026-08-22 13:39:14,356 - jasper.verilog -   Port "wb_ack_o" is new
DEBUG - 2026-08-22 13:39:14,356 - jasper.verilog - Attempting to add port "wb_err_o" (parent sig: False, parent port: False)
DEBUG - 2026-08-22 13:39:14,356 - jasper.verilog -   Port "wb_err_o" is new
DEBUG - 2026-08-22 13:39:14,356 - jasper.verilog - Attempting to add port "user_clk" (parent sig: False, parent port: False)
DEBUG - 2026-08-22 13:39:14,356 - jasper.verilog -   Port "user_clk" is new
DEBUG - 2026-08-22 13:39:14,356 - jasper.verilog - Attempting to add port "user_data_in" (parent sig: True, parent port: False)
DEBUG - 2026-08-22 13:39:14,356 - jasper.verilog -   Port "user_data_in" is new
DEBUG - 2026-08-22 13:39:14,356 - jasper.toolflow - modifying top for obj trig_offset
DEBUG - 2026-08-22 13:39:14,356 - jasper.verilog - Initializing second-layer dictionairies for: sw_reg: input_fir/trig_offset
DEBUG - 2026-08-22 13:39:14,356 - jasper.verilog - Initializing second-layer dictionairies for: default
DEBUG - 2026-08-22 13:39:14,356 - jasper.verilog -   Parameter "INIT_VAL" is new
DEBUG - 2026-08-22 13:39:14,356 - jasper.verilog - Attempting to add port "wb_clk_i" (parent sig: False, parent port: False)
DEBUG - 2026-08-22 13:39:14,356 - jasper.verilog -   Port "wb_clk_i" is new
DEBUG - 2026-08-22 13:39:14,356 - jasper.verilog - Attempting to add port "wb_rst_i" (parent sig: False, parent port: False)
DEBUG - 2026-08-22 13:39:14,356 - jasper.verilog -   Port "wb_rst_i" is new
DEBUG - 2026-08-22 13:39:14,356 - jasper.verilog - Attempting to add port "wb_cyc_i" (parent sig: False, parent port: False)
DEBUG - 2026-08-22 13:39:14,356 - jasper.verilog -   Port "wb_cyc_i" is new
DEBUG - 2026-08-22 13:39:14,356 - jasper.verilog - Attempting to add port "wb_stb_i" (parent sig: False, parent port: False)
DEBUG - 2026-08-22 13:39:14,356 - jasper.verilog -   Port "wb_stb_i" is new
DEBUG - 2026-08-22 13:39:14,356 - jasper.verilog - Attempting to add port "wb_we_i" (parent sig: False, parent port: False)
DEBUG - 2026-08-22 13:39:14,356 - jasper.verilog -   Port "wb_we_i" is new
DEBUG - 2026-08-22 13:39:14,356 - jasper.verilog - Attempting to add port "wb_sel_i" (parent sig: False, parent port: False)
DEBUG - 2026-08-22 13:39:14,356 - jasper.verilog -   Port "wb_sel_i" is new
DEBUG - 2026-08-22 13:39:14,356 - jasper.verilog - Attempting to add port "wb_adr_i" (parent sig: False, parent port: False)
DEBUG - 2026-08-22 13:39:14,356 - jasper.verilog -   Port "wb_adr_i" is new
DEBUG - 2026-08-22 13:39:14,356 - jasper.verilog - Attempting to add port "wb_dat_i" (parent sig: False, parent port: False)
DEBUG - 2026-08-22 13:39:14,356 - jasper.verilog -   Port "wb_dat_i" is new
DEBUG - 2026-08-22 13:39:14,356 - jasper.verilog - Attempting to add port "wb_dat_o" (parent sig: False, parent port: False)
DEBUG - 2026-08-22 13:39:14,356 - jasper.verilog -   Port "wb_dat_o" is new
DEBUG - 2026-08-22 13:39:14,356 - jasper.verilog - Attempting to add port "wb_ack_o" (parent sig: False, parent port: False)
DEBUG - 2026-08-22 13:39:14,356 - jasper.verilog -   Port "wb_ack_o" is new
DEBUG - 2026-08-22 13:39:14,356 - jasper.verilog - Attempting to add port "wb_err_o" (parent sig: False, parent port: False)
DEBUG - 2026-08-22 13:39:14,356 - jasper.verilog -   Port "wb_err_o" is new
DEBUG - 2026-08-22 13:39:14,356 - jasper.verilog - Attempting to add port "user_clk" (parent sig: False, parent port: False)
DEBUG - 2026-08-22 13:39:14,356 - jasper.verilog -   Port "user_clk" is new
DEBUG - 2026-08-22 13:39:14,356 - jasper.verilog - Attempting to add port "user_data_out" (parent sig: True, parent port: False)
DEBUG - 2026-08-22 13:39:14,356 - jasper.verilog -   Port "user_data_out" is new
DEBUG - 2026-08-22 13:39:14,356 - jasper.toolflow - modifying top for obj bram
DEBUG - 2026-08-22 13:39:14,356 - jasper.verilog - Initializing second-layer dictionairies for: bram: output_fir/bram
DEBUG - 2026-08-22 13:39:14,356 - jasper.verilog - Initializing second-layer dictionairies for: default
DEBUG - 2026-08-22 13:39:14,356 - jasper.verilog - Attempting to add port "wb_clk_i" (parent sig: False, parent port: False)
DEBUG - 2026-08-22 13:39:14,356 - jasper.verilog -   Port "wb_clk_i" is new
DEBUG - 2026-08-22 13:39:14,356 - jasper.verilog - Attempting to add port "wb_rst_i" (parent sig: False, parent port: False)
DEBUG - 2026-08-22 13:39:14,356 - jasper.verilog -   Port "wb_rst_i" is new
DEBUG - 2026-08-22 13:39:14,356 - jasper.verilog - Attempting to add port "wb_cyc_i" (parent sig: False, parent port: False)
DEBUG - 2026-08-22 13:39:14,356 - jasper.verilog -   Port "wb_cyc_i" is new
DEBUG - 2026-08-22 13:39:14,356 - jasper.verilog - Attempting to add port "wb_stb_i" (parent sig: False, parent port: False)
DEBUG - 2026-08-22 13:39:14,356 - jasper.verilog -   Port "wb_stb_i" is new
DEBUG - 2026-08-22 13:39:14,356 - jasper.verilog - Attempting to add port "wb_we_i" (parent sig: False, parent port: False)
DEBUG - 2026-08-22 13:39:14,356 - jasper.verilog -   Port "wb_we_i" is new
DEBUG - 2026-08-22 13:39:14,356 - jasper.verilog - Attempting to add port "wb_sel_i" (parent sig: False, parent port: False)
DEBUG - 2026-08-22 13:39:14,356 - jasper.verilog -   Port "wb_sel_i" is new
DEBUG - 2026-08-22 13:39:14,357 - jasper.verilog - Attempting to add port "wb_adr_i" (parent sig: False, parent port: False)
DEBUG - 2026-08-22 13:39:14,357 - jasper.verilog -   Port "wb_adr_i" is new
DEBUG - 2026-08-22 13:39:14,357 - jasper.verilog - Attempting to add port "wb_dat_i" (parent sig: False, parent port: False)
DEBUG - 2026-08-22 13:39:14,357 - jasper.verilog -   Port "wb_dat_i" is new
DEBUG - 2026-08-22 13:39:14,357 - jasper.verilog - Attempting to add port "wb_dat_o" (parent sig: False, parent port: False)
DEBUG - 2026-08-22 13:39:14,357 - jasper.verilog -   Port "wb_dat_o" is new
DEBUG - 2026-08-22 13:39:14,357 - jasper.verilog - Attempting to add port "wb_ack_o" (parent sig: False, parent port: False)
DEBUG - 2026-08-22 13:39:14,357 - jasper.verilog -   Port "wb_ack_o" is new
DEBUG - 2026-08-22 13:39:14,357 - jasper.verilog - Attempting to add port "wb_err_o" (parent sig: False, parent port: False)
DEBUG - 2026-08-22 13:39:14,357 - jasper.verilog -   Port "wb_err_o" is new
DEBUG - 2026-08-22 13:39:14,357 - jasper.verilog - Attempting to add port "user_clk" (parent sig: False, parent port: False)
DEBUG - 2026-08-22 13:39:14,357 - jasper.verilog -   Port "user_clk" is new
DEBUG - 2026-08-22 13:39:14,357 - jasper.verilog - Attempting to add port "user_addr" (parent sig: True, parent port: False)
DEBUG - 2026-08-22 13:39:14,357 - jasper.verilog -   Port "user_addr" is new
DEBUG - 2026-08-22 13:39:14,357 - jasper.verilog - Attempting to add port "user_din" (parent sig: True, parent port: False)
DEBUG - 2026-08-22 13:39:14,357 - jasper.verilog -   Port "user_din" is new
DEBUG - 2026-08-22 13:39:14,357 - jasper.verilog - Attempting to add port "user_we" (parent sig: True, parent port: False)
DEBUG - 2026-08-22 13:39:14,357 - jasper.verilog -   Port "user_we" is new
DEBUG - 2026-08-22 13:39:14,357 - jasper.verilog - Attempting to add port "user_dout" (parent sig: True, parent port: False)
DEBUG - 2026-08-22 13:39:14,357 - jasper.verilog -   Port "user_dout" is new
DEBUG - 2026-08-22 13:39:14,357 - jasper.verilog -   Parameter "LOG_USER_WIDTH" is new
DEBUG - 2026-08-22 13:39:14,357 - jasper.verilog -   Parameter "USER_ADDR_BITS" is new
DEBUG - 2026-08-22 13:39:14,357 - jasper.verilog -   Parameter "N_REGISTERS" is new
DEBUG - 2026-08-22 13:39:14,357 - jasper.toolflow - modifying top for obj ctrl
DEBUG - 2026-08-22 13:39:14,357 - jasper.verilog - Initializing second-layer dictionairies for: sw_reg: output_fir/ctrl
DEBUG - 2026-08-22 13:39:14,357 - jasper.verilog - Initializing second-layer dictionairies for: default
DEBUG - 2026-08-22 13:39:14,357 - jasper.verilog -   Parameter "INIT_VAL" is new
DEBUG - 2026-08-22 13:39:14,357 - jasper.verilog - Attempting to add port "wb_clk_i" (parent sig: False, parent port: False)
DEBUG - 2026-08-22 13:39:14,357 - jasper.verilog -   Port "wb_clk_i" is new
DEBUG - 2026-08-22 13:39:14,357 - jasper.verilog - Attempting to add port "wb_rst_i" (parent sig: False, parent port: False)
DEBUG - 2026-08-22 13:39:14,357 - jasper.verilog -   Port "wb_rst_i" is new
DEBUG - 2026-08-22 13:39:14,357 - jasper.verilog - Attempting to add port "wb_cyc_i" (parent sig: False, parent port: False)
DEBUG - 2026-08-22 13:39:14,357 - jasper.verilog -   Port "wb_cyc_i" is new
DEBUG - 2026-08-22 13:39:14,357 - jasper.verilog - Attempting to add port "wb_stb_i" (parent sig: False, parent port: False)
DEBUG - 2026-08-22 13:39:14,357 - jasper.verilog -   Port "wb_stb_i" is new
DEBUG - 2026-08-22 13:39:14,357 - jasper.verilog - Attempting to add port "wb_we_i" (parent sig: False, parent port: False)
DEBUG - 2026-08-22 13:39:14,357 - jasper.verilog -   Port "wb_we_i" is new
DEBUG - 2026-08-22 13:39:14,357 - jasper.verilog - Attempting to add port "wb_sel_i" (parent sig: False, parent port: False)
DEBUG - 2026-08-22 13:39:14,357 - jasper.verilog -   Port "wb_sel_i" is new
DEBUG - 2026-08-22 13:39:14,357 - jasper.verilog - Attempting to add port "wb_adr_i" (parent sig: False, parent port: False)
DEBUG - 2026-08-22 13:39:14,357 - jasper.verilog -   Port "wb_adr_i" is new
DEBUG - 2026-08-22 13:39:14,357 - jasper.verilog - Attempting to add port "wb_dat_i" (parent sig: False, parent port: False)
DEBUG - 2026-08-22 13:39:14,357 - jasper.verilog -   Port "wb_dat_i" is new
DEBUG - 2026-08-22 13:39:14,357 - jasper.verilog - Attempting to add port "wb_dat_o" (parent sig: False, parent port: False)
DEBUG - 2026-08-22 13:39:14,357 - jasper.verilog -   Port "wb_dat_o" is new
DEBUG - 2026-08-22 13:39:14,357 - jasper.verilog - Attempting to add port "wb_ack_o" (parent sig: False, parent port: False)
DEBUG - 2026-08-22 13:39:14,357 - jasper.verilog -   Port "wb_ack_o" is new
DEBUG - 2026-08-22 13:39:14,357 - jasper.verilog - Attempting to add port "wb_err_o" (parent sig: False, parent port: False)
DEBUG - 2026-08-22 13:39:14,357 - jasper.verilog -   Port "wb_err_o" is new
DEBUG - 2026-08-22 13:39:14,357 - jasper.verilog - Attempting to add port "user_clk" (parent sig: False, parent port: False)
DEBUG - 2026-08-22 13:39:14,357 - jasper.verilog -   Port "user_clk" is new
DEBUG - 2026-08-22 13:39:14,357 - jasper.verilog - Attempting to add port "user_data_out" (parent sig: True, parent port: False)
DEBUG - 2026-08-22 13:39:14,357 - jasper.verilog -   Port "user_data_out" is new
DEBUG - 2026-08-22 13:39:14,357 - jasper.toolflow - modifying top for obj status
DEBUG - 2026-08-22 13:39:14,357 - jasper.verilog - Initializing second-layer dictionairies for: sw_reg: output_fir/status
DEBUG - 2026-08-22 13:39:14,357 - jasper.verilog - Initializing second-layer dictionairies for: default
DEBUG - 2026-08-22 13:39:14,357 - jasper.verilog - Attempting to add port "wb_clk_i" (parent sig: False, parent port: False)
DEBUG - 2026-08-22 13:39:14,357 - jasper.verilog -   Port "wb_clk_i" is new
DEBUG - 2026-08-22 13:39:14,357 - jasper.verilog - Attempting to add port "wb_rst_i" (parent sig: False, parent port: False)
DEBUG - 2026-08-22 13:39:14,357 - jasper.verilog -   Port "wb_rst_i" is new
DEBUG - 2026-08-22 13:39:14,357 - jasper.verilog - Attempting to add port "wb_cyc_i" (parent sig: False, parent port: False)
DEBUG - 2026-08-22 13:39:14,357 - jasper.verilog -   Port "wb_cyc_i" is new
DEBUG - 2026-08-22 13:39:14,357 - jasper.verilog - Attempting to add port "wb_stb_i" (parent sig: False, parent port: False)
DEBUG - 2026-08-22 13:39:14,357 - jasper.verilog -   Port "wb_stb_i" is new
DEBUG - 2026-08-22 13:39:14,357 - jasper.verilog - Attempting to add port "wb_we_i" (parent sig: False, parent port: False)
DEBUG - 2026-08-22 13:39:14,357 - jasper.verilog -   Port "wb_we_i" is new
DEBUG - 2026-08-22 13:39:14,357 - jasper.verilog - Attempting to add port "wb_sel_i" (parent sig: False, parent port: False)
DEBUG - 2026-08-22 13:39:14,357 - jasper.verilog -   Port "wb_sel_i" is new
DEBUG - 2026-08-22 13:39:14,357 - jasper.verilog - Attempting to add port "wb_adr_i" (parent sig: False, parent port: False)
DEBUG - 2026-08-22 13:39:14,357 - jasper.verilog -   Port "wb_adr_i" is new
DEBUG - 2026-08-22 13:39:14,357 - jasper.verilog - Attempting to add port "wb_dat_i" (parent sig: False, parent port: False)
DEBUG - 2026-08-22 13:39:14,357 - jasper.verilog -   Port "wb_dat_i" is new
DEBUG - 2026-08-22 13:39:14,357 - jasper.verilog - Attempting to add port "wb_dat_o" (parent sig: False, parent port: False)
DEBUG - 2026-08-22 13:39:14,357 - jasper.verilog -   Port "wb_dat_o" is new
DEBUG - 2026-08-22 13:39:14,357 - jasper.verilog - Attempting to add port "wb_ack_o" (parent sig: False, parent port: False)
DEBUG - 2026-08-22 13:39:14,357 - jasper.verilog -   Port "wb_ack_o" is new
DEBUG - 2026-08-22 13:39:14,357 - jasper.verilog - Attempting to add port "wb_err_o" (parent sig: False, parent port: False)
DEBUG - 2026-08-22 13:39:14,357 - jasper.verilog -   Port "wb_err_o" is new
DEBUG - 2026-08-22 13:39:14,357 - jasper.verilog - Attempting to add port "user_clk" (parent sig: False, parent port: False)
DEBUG - 2026-08-22 13:39:14,357 - jasper.verilog -   Port "user_clk" is new
DEBUG - 2026-08-22 13:39:14,357 - jasper.verilog - Attempting to add port "user_data_in" (parent sig: True, parent port: False)
DEBUG - 2026-08-22 13:39:14,357 - jasper.verilog -   Port "user_data_in" is new
DEBUG - 2026-08-22 13:39:14,357 - jasper.toolflow - modifying top for obj trig_offset
DEBUG - 2026-08-22 13:39:14,357 - jasper.verilog - Initializing second-layer dictionairies for: sw_reg: output_fir/trig_offset
DEBUG - 2026-08-22 13:39:14,357 - jasper.verilog - Initializing second-layer dictionairies for: default
DEBUG - 2026-08-22 13:39:14,357 - jasper.verilog -   Parameter "INIT_VAL" is new
DEBUG - 2026-08-22 13:39:14,357 - jasper.verilog - Attempting to add port "wb_clk_i" (parent sig: False, parent port: False)
DEBUG - 2026-08-22 13:39:14,357 - jasper.verilog -   Port "wb_clk_i" is new
DEBUG - 2026-08-22 13:39:14,357 - jasper.verilog - Attempting to add port "wb_rst_i" (parent sig: False, parent port: False)
DEBUG - 2026-08-22 13:39:14,357 - jasper.verilog -   Port "wb_rst_i" is new
DEBUG - 2026-08-22 13:39:14,357 - jasper.verilog - Attempting to add port "wb_cyc_i" (parent sig: False, parent port: False)
DEBUG - 2026-08-22 13:39:14,357 - jasper.verilog -   Port "wb_cyc_i" is new
DEBUG - 2026-08-22 13:39:14,358 - jasper.verilog - Attempting to add port "wb_stb_i" (parent sig: False, parent port: False)
DEBUG - 2026-08-22 13:39:14,358 - jasper.verilog -   Port "wb_stb_i" is new
DEBUG - 2026-08-22 13:39:14,358 - jasper.verilog - Attempting to add port "wb_we_i" (parent sig: False, parent port: False)
DEBUG - 2026-08-22 13:39:14,358 - jasper.verilog -   Port "wb_we_i" is new
DEBUG - 2026-08-22 13:39:14,358 - jasper.verilog - Attempting to add port "wb_sel_i" (parent sig: False, parent port: False)
DEBUG - 2026-08-22 13:39:14,358 - jasper.verilog -   Port "wb_sel_i" is new
DEBUG - 2026-08-22 13:39:14,358 - jasper.verilog - Attempting to add port "wb_adr_i" (parent sig: False, parent port: False)
DEBUG - 2026-08-22 13:39:14,358 - jasper.verilog -   Port "wb_adr_i" is new
DEBUG - 2026-08-22 13:39:14,358 - jasper.verilog - Attempting to add port "wb_dat_i" (parent sig: False, parent port: False)
DEBUG - 2026-08-22 13:39:14,358 - jasper.verilog -   Port "wb_dat_i" is new
DEBUG - 2026-08-22 13:39:14,358 - jasper.verilog - Attempting to add port "wb_dat_o" (parent sig: False, parent port: False)
DEBUG - 2026-08-22 13:39:14,358 - jasper.verilog -   Port "wb_dat_o" is new
DEBUG - 2026-08-22 13:39:14,358 - jasper.verilog - Attempting to add port "wb_ack_o" (parent sig: False, parent port: False)
DEBUG - 2026-08-22 13:39:14,358 - jasper.verilog -   Port "wb_ack_o" is new
DEBUG - 2026-08-22 13:39:14,358 - jasper.verilog - Attempting to add port "wb_err_o" (parent sig: False, parent port: False)
DEBUG - 2026-08-22 13:39:14,358 - jasper.verilog -   Port "wb_err_o" is new
DEBUG - 2026-08-22 13:39:14,358 - jasper.verilog - Attempting to add port "user_clk" (parent sig: False, parent port: False)
DEBUG - 2026-08-22 13:39:14,358 - jasper.verilog -   Port "user_clk" is new
DEBUG - 2026-08-22 13:39:14,358 - jasper.verilog - Attempting to add port "user_data_out" (parent sig: True, parent port: False)
DEBUG - 2026-08-22 13:39:14,358 - jasper.verilog -   Port "user_data_out" is new
DEBUG - 2026-08-22 13:39:14,358 - jasper.toolflow - modifying top for obj bram
DEBUG - 2026-08-22 13:39:14,358 - jasper.verilog - Initializing second-layer dictionairies for: bram: pkt_ctrs1/ss/bram
DEBUG - 2026-08-22 13:39:14,358 - jasper.verilog - Initializing second-layer dictionairies for: default
DEBUG - 2026-08-22 13:39:14,358 - jasper.verilog - Attempting to add port "wb_clk_i" (parent sig: False, parent port: False)
DEBUG - 2026-08-22 13:39:14,358 - jasper.verilog -   Port "wb_clk_i" is new
DEBUG - 2026-08-22 13:39:14,358 - jasper.verilog - Attempting to add port "wb_rst_i" (parent sig: False, parent port: False)
DEBUG - 2026-08-22 13:39:14,358 - jasper.verilog -   Port "wb_rst_i" is new
DEBUG - 2026-08-22 13:39:14,358 - jasper.verilog - Attempting to add port "wb_cyc_i" (parent sig: False, parent port: False)
DEBUG - 2026-08-22 13:39:14,358 - jasper.verilog -   Port "wb_cyc_i" is new
DEBUG - 2026-08-22 13:39:14,358 - jasper.verilog - Attempting to add port "wb_stb_i" (parent sig: False, parent port: False)
DEBUG - 2026-08-22 13:39:14,358 - jasper.verilog -   Port "wb_stb_i" is new
DEBUG - 2026-08-22 13:39:14,358 - jasper.verilog - Attempting to add port "wb_we_i" (parent sig: False, parent port: False)
DEBUG - 2026-08-22 13:39:14,358 - jasper.verilog -   Port "wb_we_i" is new
DEBUG - 2026-08-22 13:39:14,358 - jasper.verilog - Attempting to add port "wb_sel_i" (parent sig: False, parent port: False)
DEBUG - 2026-08-22 13:39:14,358 - jasper.verilog -   Port "wb_sel_i" is new
DEBUG - 2026-08-22 13:39:14,358 - jasper.verilog - Attempting to add port "wb_adr_i" (parent sig: False, parent port: False)
DEBUG - 2026-08-22 13:39:14,358 - jasper.verilog -   Port "wb_adr_i" is new
DEBUG - 2026-08-22 13:39:14,358 - jasper.verilog - Attempting to add port "wb_dat_i" (parent sig: False, parent port: False)
DEBUG - 2026-08-22 13:39:14,358 - jasper.verilog -   Port "wb_dat_i" is new
DEBUG - 2026-08-22 13:39:14,358 - jasper.verilog - Attempting to add port "wb_dat_o" (parent sig: False, parent port: False)
DEBUG - 2026-08-22 13:39:14,358 - jasper.verilog -   Port "wb_dat_o" is new
DEBUG - 2026-08-22 13:39:14,358 - jasper.verilog - Attempting to add port "wb_ack_o" (parent sig: False, parent port: False)
DEBUG - 2026-08-22 13:39:14,358 - jasper.verilog -   Port "wb_ack_o" is new
DEBUG - 2026-08-22 13:39:14,358 - jasper.verilog - Attempting to add port "wb_err_o" (parent sig: False, parent port: False)
DEBUG - 2026-08-22 13:39:14,358 - jasper.verilog -   Port "wb_err_o" is new
DEBUG - 2026-08-22 13:39:14,358 - jasper.verilog - Attempting to add port "user_clk" (parent sig: False, parent port: False)
DEBUG - 2026-08-22 13:39:14,358 - jasper.verilog -   Port "user_clk" is new
DEBUG - 2026-08-22 13:39:14,358 - jasper.verilog - Attempting to add port "user_addr" (parent sig: True, parent port: False)
DEBUG - 2026-08-22 13:39:14,358 - jasper.verilog -   Port "user_addr" is new
DEBUG - 2026-08-22 13:39:14,358 - jasper.verilog - Attempting to add port "user_din" (parent sig: True, parent port: False)
DEBUG - 2026-08-22 13:39:14,358 - jasper.verilog -   Port "user_din" is new
DEBUG - 2026-08-22 13:39:14,358 - jasper.verilog - Attempting to add port "user_we" (parent sig: True, parent port: False)
DEBUG - 2026-08-22 13:39:14,358 - jasper.verilog -   Port "user_we" is new
DEBUG - 2026-08-22 13:39:14,358 - jasper.verilog - Attempting to add port "user_dout" (parent sig: True, parent port: False)
DEBUG - 2026-08-22 13:39:14,358 - jasper.verilog -   Port "user_dout" is new
DEBUG - 2026-08-22 13:39:14,358 - jasper.verilog -   Parameter "LOG_USER_WIDTH" is new
DEBUG - 2026-08-22 13:39:14,358 - jasper.verilog -   Parameter "USER_ADDR_BITS" is new
DEBUG - 2026-08-22 13:39:14,358 - jasper.verilog -   Parameter "N_REGISTERS" is new
DEBUG - 2026-08-22 13:39:14,358 - jasper.toolflow - modifying top for obj ctrl
DEBUG - 2026-08-22 13:39:14,358 - jasper.verilog - Initializing second-layer dictionairies for: sw_reg: pkt_ctrs1/ss/ctrl
DEBUG - 2026-08-22 13:39:14,358 - jasper.verilog - Initializing second-layer dictionairies for: default
DEBUG - 2026-08-22 13:39:14,358 - jasper.verilog -   Parameter "INIT_VAL" is new
DEBUG - 2026-08-22 13:39:14,358 - jasper.verilog - Attempting to add port "wb_clk_i" (parent sig: False, parent port: False)
DEBUG - 2026-08-22 13:39:14,358 - jasper.verilog -   Port "wb_clk_i" is new
DEBUG - 2026-08-22 13:39:14,358 - jasper.verilog - Attempting to add port "wb_rst_i" (parent sig: False, parent port: False)
DEBUG - 2026-08-22 13:39:14,358 - jasper.verilog -   Port "wb_rst_i" is new
DEBUG - 2026-08-22 13:39:14,358 - jasper.verilog - Attempting to add port "wb_cyc_i" (parent sig: False, parent port: False)
DEBUG - 2026-08-22 13:39:14,358 - jasper.verilog -   Port "wb_cyc_i" is new
DEBUG - 2026-08-22 13:39:14,358 - jasper.verilog - Attempting to add port "wb_stb_i" (parent sig: False, parent port: False)
DEBUG - 2026-08-22 13:39:14,358 - jasper.verilog -   Port "wb_stb_i" is new
DEBUG - 2026-08-22 13:39:14,358 - jasper.verilog - Attempting to add port "wb_we_i" (parent sig: False, parent port: False)
DEBUG - 2026-08-22 13:39:14,358 - jasper.verilog -   Port "wb_we_i" is new
DEBUG - 2026-08-22 13:39:14,358 - jasper.verilog - Attempting to add port "wb_sel_i" (parent sig: False, parent port: False)
DEBUG - 2026-08-22 13:39:14,358 - jasper.verilog -   Port "wb_sel_i" is new
DEBUG - 2026-08-22 13:39:14,358 - jasper.verilog - Attempting to add port "wb_adr_i" (parent sig: False, parent port: False)
DEBUG - 2026-08-22 13:39:14,358 - jasper.verilog -   Port "wb_adr_i" is new
DEBUG - 2026-08-22 13:39:14,358 - jasper.verilog - Attempting to add port "wb_dat_i" (parent sig: False, parent port: False)
DEBUG - 2026-08-22 13:39:14,358 - jasper.verilog -   Port "wb_dat_i" is new
DEBUG - 2026-08-22 13:39:14,358 - jasper.verilog - Attempting to add port "wb_dat_o" (parent sig: False, parent port: False)
DEBUG - 2026-08-22 13:39:14,358 - jasper.verilog -   Port "wb_dat_o" is new
DEBUG - 2026-08-22 13:39:14,358 - jasper.verilog - Attempting to add port "wb_ack_o" (parent sig: False, parent port: False)
DEBUG - 2026-08-22 13:39:14,358 - jasper.verilog -   Port "wb_ack_o" is new
DEBUG - 2026-08-22 13:39:14,358 - jasper.verilog - Attempting to add port "wb_err_o" (parent sig: False, parent port: False)
DEBUG - 2026-08-22 13:39:14,358 - jasper.verilog -   Port "wb_err_o" is new
DEBUG - 2026-08-22 13:39:14,358 - jasper.verilog - Attempting to add port "user_clk" (parent sig: False, parent port: False)
DEBUG - 2026-08-22 13:39:14,358 - jasper.verilog -   Port "user_clk" is new
DEBUG - 2026-08-22 13:39:14,358 - jasper.verilog - Attempting to add port "user_data_out" (parent sig: True, parent port: False)
DEBUG - 2026-08-22 13:39:14,358 - jasper.verilog -   Port "user_data_out" is new
DEBUG - 2026-08-22 13:39:14,358 - jasper.toolflow - modifying top for obj status
DEBUG - 2026-08-22 13:39:14,358 - jasper.verilog - Initializing second-layer dictionairies for: sw_reg: pkt_ctrs1/ss/status
DEBUG - 2026-08-22 13:39:14,358 - jasper.verilog - Initializing second-layer dictionairies for: default
DEBUG - 2026-08-22 13:39:14,358 - jasper.verilog - Attempting to add port "wb_clk_i" (parent sig: False, parent port: False)
DEBUG - 2026-08-22 13:39:14,359 - jasper.verilog -   Port "wb_clk_i" is new
DEBUG - 2026-08-22 13:39:14,359 - jasper.verilog - Attempting to add port "wb_rst_i" (parent sig: False, parent port: False)
DEBUG - 2026-08-22 13:39:14,359 - jasper.verilog -   Port "wb_rst_i" is new
DEBUG - 2026-08-22 13:39:14,359 - jasper.verilog - Attempting to add port "wb_cyc_i" (parent sig: False, parent port: False)
DEBUG - 2026-08-22 13:39:14,359 - jasper.verilog -   Port "wb_cyc_i" is new
DEBUG - 2026-08-22 13:39:14,359 - jasper.verilog - Attempting to add port "wb_stb_i" (parent sig: False, parent port: False)
DEBUG - 2026-08-22 13:39:14,359 - jasper.verilog -   Port "wb_stb_i" is new
DEBUG - 2026-08-22 13:39:14,359 - jasper.verilog - Attempting to add port "wb_we_i" (parent sig: False, parent port: False)
DEBUG - 2026-08-22 13:39:14,359 - jasper.verilog -   Port "wb_we_i" is new
DEBUG - 2026-08-22 13:39:14,359 - jasper.verilog - Attempting to add port "wb_sel_i" (parent sig: False, parent port: False)
DEBUG - 2026-08-22 13:39:14,359 - jasper.verilog -   Port "wb_sel_i" is new
DEBUG - 2026-08-22 13:39:14,359 - jasper.verilog - Attempting to add port "wb_adr_i" (parent sig: False, parent port: False)
DEBUG - 2026-08-22 13:39:14,359 - jasper.verilog -   Port "wb_adr_i" is new
DEBUG - 2026-08-22 13:39:14,359 - jasper.verilog - Attempting to add port "wb_dat_i" (parent sig: False, parent port: False)
DEBUG - 2026-08-22 13:39:14,359 - jasper.verilog -   Port "wb_dat_i" is new
DEBUG - 2026-08-22 13:39:14,359 - jasper.verilog - Attempting to add port "wb_dat_o" (parent sig: False, parent port: False)
DEBUG - 2026-08-22 13:39:14,359 - jasper.verilog -   Port "wb_dat_o" is new
DEBUG - 2026-08-22 13:39:14,359 - jasper.verilog - Attempting to add port "wb_ack_o" (parent sig: False, parent port: False)
DEBUG - 2026-08-22 13:39:14,359 - jasper.verilog -   Port "wb_ack_o" is new
DEBUG - 2026-08-22 13:39:14,359 - jasper.verilog - Attempting to add port "wb_err_o" (parent sig: False, parent port: False)
DEBUG - 2026-08-22 13:39:14,359 - jasper.verilog -   Port "wb_err_o" is new
DEBUG - 2026-08-22 13:39:14,359 - jasper.verilog - Attempting to add port "user_clk" (parent sig: False, parent port: False)
DEBUG - 2026-08-22 13:39:14,359 - jasper.verilog -   Port "user_clk" is new
DEBUG - 2026-08-22 13:39:14,359 - jasper.verilog - Attempting to add port "user_data_in" (parent sig: True, parent port: False)
DEBUG - 2026-08-22 13:39:14,359 - jasper.verilog -   Port "user_data_in" is new
DEBUG - 2026-08-22 13:39:14,359 - jasper.toolflow - modifying top for obj bram
DEBUG - 2026-08-22 13:39:14,359 - jasper.verilog - Initializing second-layer dictionairies for: bram: pkt_ctrs_compare1/ss/bram
DEBUG - 2026-08-22 13:39:14,359 - jasper.verilog - Initializing second-layer dictionairies for: default
DEBUG - 2026-08-22 13:39:14,359 - jasper.verilog - Attempting to add port "wb_clk_i" (parent sig: False, parent port: False)
DEBUG - 2026-08-22 13:39:14,359 - jasper.verilog -   Port "wb_clk_i" is new
DEBUG - 2026-08-22 13:39:14,359 - jasper.verilog - Attempting to add port "wb_rst_i" (parent sig: False, parent port: False)
DEBUG - 2026-08-22 13:39:14,359 - jasper.verilog -   Port "wb_rst_i" is new
DEBUG - 2026-08-22 13:39:14,359 - jasper.verilog - Attempting to add port "wb_cyc_i" (parent sig: False, parent port: False)
DEBUG - 2026-08-22 13:39:14,359 - jasper.verilog -   Port "wb_cyc_i" is new
DEBUG - 2026-08-22 13:39:14,359 - jasper.verilog - Attempting to add port "wb_stb_i" (parent sig: False, parent port: False)
DEBUG - 2026-08-22 13:39:14,359 - jasper.verilog -   Port "wb_stb_i" is new
DEBUG - 2026-08-22 13:39:14,359 - jasper.verilog - Attempting to add port "wb_we_i" (parent sig: False, parent port: False)
DEBUG - 2026-08-22 13:39:14,359 - jasper.verilog -   Port "wb_we_i" is new
DEBUG - 2026-08-22 13:39:14,359 - jasper.verilog - Attempting to add port "wb_sel_i" (parent sig: False, parent port: False)
DEBUG - 2026-08-22 13:39:14,359 - jasper.verilog -   Port "wb_sel_i" is new
DEBUG - 2026-08-22 13:39:14,359 - jasper.verilog - Attempting to add port "wb_adr_i" (parent sig: False, parent port: False)
DEBUG - 2026-08-22 13:39:14,359 - jasper.verilog -   Port "wb_adr_i" is new
DEBUG - 2026-08-22 13:39:14,359 - jasper.verilog - Attempting to add port "wb_dat_i" (parent sig: False, parent port: False)
DEBUG - 2026-08-22 13:39:14,359 - jasper.verilog -   Port "wb_dat_i" is new
DEBUG - 2026-08-22 13:39:14,359 - jasper.verilog - Attempting to add port "wb_dat_o" (parent sig: False, parent port: False)
DEBUG - 2026-08-22 13:39:14,359 - jasper.verilog -   Port "wb_dat_o" is new
DEBUG - 2026-08-22 13:39:14,359 - jasper.verilog - Attempting to add port "wb_ack_o" (parent sig: False, parent port: False)
DEBUG - 2026-08-22 13:39:14,359 - jasper.verilog -   Port "wb_ack_o" is new
DEBUG - 2026-08-22 13:39:14,359 - jasper.verilog - Attempting to add port "wb_err_o" (parent sig: False, parent port: False)
DEBUG - 2026-08-22 13:39:14,359 - jasper.verilog -   Port "wb_err_o" is new
DEBUG - 2026-08-22 13:39:14,359 - jasper.verilog - Attempting to add port "user_clk" (parent sig: False, parent port: False)
DEBUG - 2026-08-22 13:39:14,359 - jasper.verilog -   Port "user_clk" is new
DEBUG - 2026-08-22 13:39:14,359 - jasper.verilog - Attempting to add port "user_addr" (parent sig: True, parent port: False)
DEBUG - 2026-08-22 13:39:14,359 - jasper.verilog -   Port "user_addr" is new
DEBUG - 2026-08-22 13:39:14,359 - jasper.verilog - Attempting to add port "user_din" (parent sig: True, parent port: False)
DEBUG - 2026-08-22 13:39:14,359 - jasper.verilog -   Port "user_din" is new
DEBUG - 2026-08-22 13:39:14,359 - jasper.verilog - Attempting to add port "user_we" (parent sig: True, parent port: False)
DEBUG - 2026-08-22 13:39:14,359 - jasper.verilog -   Port "user_we" is new
DEBUG - 2026-08-22 13:39:14,359 - jasper.verilog - Attempting to add port "user_dout" (parent sig: True, parent port: False)
DEBUG - 2026-08-22 13:39:14,359 - jasper.verilog -   Port "user_dout" is new
DEBUG - 2026-08-22 13:39:14,359 - jasper.verilog -   Parameter "LOG_USER_WIDTH" is new
DEBUG - 2026-08-22 13:39:14,359 - jasper.verilog -   Parameter "USER_ADDR_BITS" is new
DEBUG - 2026-08-22 13:39:14,359 - jasper.verilog -   Parameter "N_REGISTERS" is new
DEBUG - 2026-08-22 13:39:14,359 - jasper.toolflow - modifying top for obj ctrl
DEBUG - 2026-08-22 13:39:14,359 - jasper.verilog - Initializing second-layer dictionairies for: sw_reg: pkt_ctrs_compare1/ss/ctrl
DEBUG - 2026-08-22 13:39:14,359 - jasper.verilog - Initializing second-layer dictionairies for: default
DEBUG - 2026-08-22 13:39:14,359 - jasper.verilog -   Parameter "INIT_VAL" is new
DEBUG - 2026-08-22 13:39:14,359 - jasper.verilog - Attempting to add port "wb_clk_i" (parent sig: False, parent port: False)
DEBUG - 2026-08-22 13:39:14,359 - jasper.verilog -   Port "wb_clk_i" is new
DEBUG - 2026-08-22 13:39:14,359 - jasper.verilog - Attempting to add port "wb_rst_i" (parent sig: False, parent port: False)
DEBUG - 2026-08-22 13:39:14,359 - jasper.verilog -   Port "wb_rst_i" is new
DEBUG - 2026-08-22 13:39:14,359 - jasper.verilog - Attempting to add port "wb_cyc_i" (parent sig: False, parent port: False)
DEBUG - 2026-08-22 13:39:14,359 - jasper.verilog -   Port "wb_cyc_i" is new
DEBUG - 2026-08-22 13:39:14,359 - jasper.verilog - Attempting to add port "wb_stb_i" (parent sig: False, parent port: False)
DEBUG - 2026-08-22 13:39:14,359 - jasper.verilog -   Port "wb_stb_i" is new
DEBUG - 2026-08-22 13:39:14,359 - jasper.verilog - Attempting to add port "wb_we_i" (parent sig: False, parent port: False)
DEBUG - 2026-08-22 13:39:14,359 - jasper.verilog -   Port "wb_we_i" is new
DEBUG - 2026-08-22 13:39:14,359 - jasper.verilog - Attempting to add port "wb_sel_i" (parent sig: False, parent port: False)
DEBUG - 2026-08-22 13:39:14,359 - jasper.verilog -   Port "wb_sel_i" is new
DEBUG - 2026-08-22 13:39:14,359 - jasper.verilog - Attempting to add port "wb_adr_i" (parent sig: False, parent port: False)
DEBUG - 2026-08-22 13:39:14,359 - jasper.verilog -   Port "wb_adr_i" is new
DEBUG - 2026-08-22 13:39:14,359 - jasper.verilog - Attempting to add port "wb_dat_i" (parent sig: False, parent port: False)
DEBUG - 2026-08-22 13:39:14,359 - jasper.verilog -   Port "wb_dat_i" is new
DEBUG - 2026-08-22 13:39:14,359 - jasper.verilog - Attempting to add port "wb_dat_o" (parent sig: False, parent port: False)
DEBUG - 2026-08-22 13:39:14,359 - jasper.verilog -   Port "wb_dat_o" is new
DEBUG - 2026-08-22 13:39:14,359 - jasper.verilog - Attempting to add port "wb_ack_o" (parent sig: False, parent port: False)
DEBUG - 2026-08-22 13:39:14,359 - jasper.verilog -   Port "wb_ack_o" is new
DEBUG - 2026-08-22 13:39:14,359 - jasper.verilog - Attempting to add port "wb_err_o" (parent sig: False, parent port: False)
DEBUG - 2026-08-22 13:39:14,359 - jasper.verilog -   Port "wb_err_o" is new
DEBUG - 2026-08-22 13:39:14,359 - jasper.verilog - Attempting to add port "user_clk" (parent sig: False, parent port: False)
DEBUG - 2026-08-22 13:39:14,359 - jasper.verilog -   Port "user_clk" is new
DEBUG - 2026-08-22 13:39:14,359 - jasper.verilog - Attempting to add port "user_data_out" (parent sig: True, parent port: False)
DEBUG - 2026-08-22 13:39:14,359 - jasper.verilog -   Port "user_data_out" is new
DEBUG - 2026-08-22 13:39:14,359 - jasper.toolflow - modifying top for obj status
DEBUG - 2026-08-22 13:39:14,359 - jasper.verilog - Initializing second-layer dictionairies for: sw_reg: pkt_ctrs_compare1/ss/status
DEBUG - 2026-08-22 13:39:14,360 - jasper.verilog - Initializing second-layer dictionairies for: default
DEBUG - 2026-08-22 13:39:14,360 - jasper.verilog - Attempting to add port "wb_clk_i" (parent sig: False, parent port: False)
DEBUG - 2026-08-22 13:39:14,360 - jasper.verilog -   Port "wb_clk_i" is new
DEBUG - 2026-08-22 13:39:14,360 - jasper.verilog - Attempting to add port "wb_rst_i" (parent sig: False, parent port: False)
DEBUG - 2026-08-22 13:39:14,360 - jasper.verilog -   Port "wb_rst_i" is new
DEBUG - 2026-08-22 13:39:14,360 - jasper.verilog - Attempting to add port "wb_cyc_i" (parent sig: False, parent port: False)
DEBUG - 2026-08-22 13:39:14,360 - jasper.verilog -   Port "wb_cyc_i" is new
DEBUG - 2026-08-22 13:39:14,360 - jasper.verilog - Attempting to add port "wb_stb_i" (parent sig: False, parent port: False)
DEBUG - 2026-08-22 13:39:14,360 - jasper.verilog -   Port "wb_stb_i" is new
DEBUG - 2026-08-22 13:39:14,360 - jasper.verilog - Attempting to add port "wb_we_i" (parent sig: False, parent port: False)
DEBUG - 2026-08-22 13:39:14,360 - jasper.verilog -   Port "wb_we_i" is new
DEBUG - 2026-08-22 13:39:14,360 - jasper.verilog - Attempting to add port "wb_sel_i" (parent sig: False, parent port: False)
DEBUG - 2026-08-22 13:39:14,360 - jasper.verilog -   Port "wb_sel_i" is new
DEBUG - 2026-08-22 13:39:14,360 - jasper.verilog - Attempting to add port "wb_adr_i" (parent sig: False, parent port: False)
DEBUG - 2026-08-22 13:39:14,360 - jasper.verilog -   Port "wb_adr_i" is new
DEBUG - 2026-08-22 13:39:14,360 - jasper.verilog - Attempting to add port "wb_dat_i" (parent sig: False, parent port: False)
DEBUG - 2026-08-22 13:39:14,360 - jasper.verilog -   Port "wb_dat_i" is new
DEBUG - 2026-08-22 13:39:14,360 - jasper.verilog - Attempting to add port "wb_dat_o" (parent sig: False, parent port: False)
DEBUG - 2026-08-22 13:39:14,360 - jasper.verilog -   Port "wb_dat_o" is new
DEBUG - 2026-08-22 13:39:14,360 - jasper.verilog - Attempting to add port "wb_ack_o" (parent sig: False, parent port: False)
DEBUG - 2026-08-22 13:39:14,360 - jasper.verilog -   Port "wb_ack_o" is new
DEBUG - 2026-08-22 13:39:14,360 - jasper.verilog - Attempting to add port "wb_err_o" (parent sig: False, parent port: False)
DEBUG - 2026-08-22 13:39:14,360 - jasper.verilog -   Port "wb_err_o" is new
DEBUG - 2026-08-22 13:39:14,360 - jasper.verilog - Attempting to add port "user_clk" (parent sig: False, parent port: False)
DEBUG - 2026-08-22 13:39:14,360 - jasper.verilog -   Port "user_clk" is new
DEBUG - 2026-08-22 13:39:14,360 - jasper.verilog - Attempting to add port "user_data_in" (parent sig: True, parent port: False)
DEBUG - 2026-08-22 13:39:14,360 - jasper.verilog -   Port "user_data_in" is new
DEBUG - 2026-08-22 13:39:14,360 - jasper.toolflow - modifying top for obj read_gbe_or_fifo
DEBUG - 2026-08-22 13:39:14,360 - jasper.verilog - Initializing second-layer dictionairies for: sw_reg: read_gbe_or_fifo
DEBUG - 2026-08-22 13:39:14,360 - jasper.verilog - Initializing second-layer dictionairies for: default
DEBUG - 2026-08-22 13:39:14,360 - jasper.verilog -   Parameter "INIT_VAL" is new
DEBUG - 2026-08-22 13:39:14,360 - jasper.verilog - Attempting to add port "wb_clk_i" (parent sig: False, parent port: False)
DEBUG - 2026-08-22 13:39:14,360 - jasper.verilog -   Port "wb_clk_i" is new
DEBUG - 2026-08-22 13:39:14,360 - jasper.verilog - Attempting to add port "wb_rst_i" (parent sig: False, parent port: False)
DEBUG - 2026-08-22 13:39:14,360 - jasper.verilog -   Port "wb_rst_i" is new
DEBUG - 2026-08-22 13:39:14,360 - jasper.verilog - Attempting to add port "wb_cyc_i" (parent sig: False, parent port: False)
DEBUG - 2026-08-22 13:39:14,360 - jasper.verilog -   Port "wb_cyc_i" is new
DEBUG - 2026-08-22 13:39:14,360 - jasper.verilog - Attempting to add port "wb_stb_i" (parent sig: False, parent port: False)
DEBUG - 2026-08-22 13:39:14,360 - jasper.verilog -   Port "wb_stb_i" is new
DEBUG - 2026-08-22 13:39:14,360 - jasper.verilog - Attempting to add port "wb_we_i" (parent sig: False, parent port: False)
DEBUG - 2026-08-22 13:39:14,360 - jasper.verilog -   Port "wb_we_i" is new
DEBUG - 2026-08-22 13:39:14,360 - jasper.verilog - Attempting to add port "wb_sel_i" (parent sig: False, parent port: False)
DEBUG - 2026-08-22 13:39:14,360 - jasper.verilog -   Port "wb_sel_i" is new
DEBUG - 2026-08-22 13:39:14,360 - jasper.verilog - Attempting to add port "wb_adr_i" (parent sig: False, parent port: False)
DEBUG - 2026-08-22 13:39:14,360 - jasper.verilog -   Port "wb_adr_i" is new
DEBUG - 2026-08-22 13:39:14,360 - jasper.verilog - Attempting to add port "wb_dat_i" (parent sig: False, parent port: False)
DEBUG - 2026-08-22 13:39:14,360 - jasper.verilog -   Port "wb_dat_i" is new
DEBUG - 2026-08-22 13:39:14,360 - jasper.verilog - Attempting to add port "wb_dat_o" (parent sig: False, parent port: False)
DEBUG - 2026-08-22 13:39:14,360 - jasper.verilog -   Port "wb_dat_o" is new
DEBUG - 2026-08-22 13:39:14,360 - jasper.verilog - Attempting to add port "wb_ack_o" (parent sig: False, parent port: False)
DEBUG - 2026-08-22 13:39:14,360 - jasper.verilog -   Port "wb_ack_o" is new
DEBUG - 2026-08-22 13:39:14,360 - jasper.verilog - Attempting to add port "wb_err_o" (parent sig: False, parent port: False)
DEBUG - 2026-08-22 13:39:14,360 - jasper.verilog -   Port "wb_err_o" is new
DEBUG - 2026-08-22 13:39:14,360 - jasper.verilog - Attempting to add port "user_clk" (parent sig: False, parent port: False)
DEBUG - 2026-08-22 13:39:14,360 - jasper.verilog -   Port "user_clk" is new
DEBUG - 2026-08-22 13:39:14,360 - jasper.verilog - Attempting to add port "user_data_out" (parent sig: True, parent port: False)
DEBUG - 2026-08-22 13:39:14,360 - jasper.verilog -   Port "user_data_out" is new
DEBUG - 2026-08-22 13:39:14,360 - jasper.toolflow - modifying top for obj rx_badframe1
DEBUG - 2026-08-22 13:39:14,360 - jasper.verilog - Initializing second-layer dictionairies for: sw_reg: rx_badframe1
DEBUG - 2026-08-22 13:39:14,360 - jasper.verilog - Initializing second-layer dictionairies for: default
DEBUG - 2026-08-22 13:39:14,360 - jasper.verilog - Attempting to add port "wb_clk_i" (parent sig: False, parent port: False)
DEBUG - 2026-08-22 13:39:14,360 - jasper.verilog -   Port "wb_clk_i" is new
DEBUG - 2026-08-22 13:39:14,360 - jasper.verilog - Attempting to add port "wb_rst_i" (parent sig: False, parent port: False)
DEBUG - 2026-08-22 13:39:14,360 - jasper.verilog -   Port "wb_rst_i" is new
DEBUG - 2026-08-22 13:39:14,360 - jasper.verilog - Attempting to add port "wb_cyc_i" (parent sig: False, parent port: False)
DEBUG - 2026-08-22 13:39:14,360 - jasper.verilog -   Port "wb_cyc_i" is new
DEBUG - 2026-08-22 13:39:14,360 - jasper.verilog - Attempting to add port "wb_stb_i" (parent sig: False, parent port: False)
DEBUG - 2026-08-22 13:39:14,360 - jasper.verilog -   Port "wb_stb_i" is new
DEBUG - 2026-08-22 13:39:14,360 - jasper.verilog - Attempting to add port "wb_we_i" (parent sig: False, parent port: False)
DEBUG - 2026-08-22 13:39:14,360 - jasper.verilog -   Port "wb_we_i" is new
DEBUG - 2026-08-22 13:39:14,360 - jasper.verilog - Attempting to add port "wb_sel_i" (parent sig: False, parent port: False)
DEBUG - 2026-08-22 13:39:14,360 - jasper.verilog -   Port "wb_sel_i" is new
DEBUG - 2026-08-22 13:39:14,360 - jasper.verilog - Attempting to add port "wb_adr_i" (parent sig: False, parent port: False)
DEBUG - 2026-08-22 13:39:14,360 - jasper.verilog -   Port "wb_adr_i" is new
DEBUG - 2026-08-22 13:39:14,360 - jasper.verilog - Attempting to add port "wb_dat_i" (parent sig: False, parent port: False)
DEBUG - 2026-08-22 13:39:14,360 - jasper.verilog -   Port "wb_dat_i" is new
DEBUG - 2026-08-22 13:39:14,360 - jasper.verilog - Attempting to add port "wb_dat_o" (parent sig: False, parent port: False)
DEBUG - 2026-08-22 13:39:14,360 - jasper.verilog -   Port "wb_dat_o" is new
DEBUG - 2026-08-22 13:39:14,360 - jasper.verilog - Attempting to add port "wb_ack_o" (parent sig: False, parent port: False)
DEBUG - 2026-08-22 13:39:14,360 - jasper.verilog -   Port "wb_ack_o" is new
DEBUG - 2026-08-22 13:39:14,360 - jasper.verilog - Attempting to add port "wb_err_o" (parent sig: False, parent port: False)
DEBUG - 2026-08-22 13:39:14,360 - jasper.verilog -   Port "wb_err_o" is new
DEBUG - 2026-08-22 13:39:14,360 - jasper.verilog - Attempting to add port "user_clk" (parent sig: False, parent port: False)
DEBUG - 2026-08-22 13:39:14,360 - jasper.verilog -   Port "user_clk" is new
DEBUG - 2026-08-22 13:39:14,360 - jasper.verilog - Attempting to add port "user_data_in" (parent sig: True, parent port: False)
DEBUG - 2026-08-22 13:39:14,360 - jasper.verilog -   Port "user_data_in" is new
DEBUG - 2026-08-22 13:39:14,360 - jasper.toolflow - modifying top for obj rx_control1
DEBUG - 2026-08-22 13:39:14,360 - jasper.verilog - Initializing second-layer dictionairies for: sw_reg: rx_control1
DEBUG - 2026-08-22 13:39:14,360 - jasper.verilog - Initializing second-layer dictionairies for: default
DEBUG - 2026-08-22 13:39:14,360 - jasper.verilog -   Parameter "INIT_VAL" is new
DEBUG - 2026-08-22 13:39:14,360 - jasper.verilog - Attempting to add port "wb_clk_i" (parent sig: False, parent port: False)
DEBUG - 2026-08-22 13:39:14,360 - jasper.verilog -   Port "wb_clk_i" is new
DEBUG - 2026-08-22 13:39:14,360 - jasper.verilog - Attempting to add port "wb_rst_i" (parent sig: False, parent port: False)
DEBUG - 2026-08-22 13:39:14,361 - jasper.verilog -   Port "wb_rst_i" is new
DEBUG - 2026-08-22 13:39:14,361 - jasper.verilog - Attempting to add port "wb_cyc_i" (parent sig: False, parent port: False)
DEBUG - 2026-08-22 13:39:14,361 - jasper.verilog -   Port "wb_cyc_i" is new
DEBUG - 2026-08-22 13:39:14,361 - jasper.verilog - Attempting to add port "wb_stb_i" (parent sig: False, parent port: False)
DEBUG - 2026-08-22 13:39:14,361 - jasper.verilog -   Port "wb_stb_i" is new
DEBUG - 2026-08-22 13:39:14,361 - jasper.verilog - Attempting to add port "wb_we_i" (parent sig: False, parent port: False)
DEBUG - 2026-08-22 13:39:14,361 - jasper.verilog -   Port "wb_we_i" is new
DEBUG - 2026-08-22 13:39:14,361 - jasper.verilog - Attempting to add port "wb_sel_i" (parent sig: False, parent port: False)
DEBUG - 2026-08-22 13:39:14,361 - jasper.verilog -   Port "wb_sel_i" is new
DEBUG - 2026-08-22 13:39:14,361 - jasper.verilog - Attempting to add port "wb_adr_i" (parent sig: False, parent port: False)
DEBUG - 2026-08-22 13:39:14,361 - jasper.verilog -   Port "wb_adr_i" is new
DEBUG - 2026-08-22 13:39:14,361 - jasper.verilog - Attempting to add port "wb_dat_i" (parent sig: False, parent port: False)
DEBUG - 2026-08-22 13:39:14,361 - jasper.verilog -   Port "wb_dat_i" is new
DEBUG - 2026-08-22 13:39:14,361 - jasper.verilog - Attempting to add port "wb_dat_o" (parent sig: False, parent port: False)
DEBUG - 2026-08-22 13:39:14,361 - jasper.verilog -   Port "wb_dat_o" is new
DEBUG - 2026-08-22 13:39:14,361 - jasper.verilog - Attempting to add port "wb_ack_o" (parent sig: False, parent port: False)
DEBUG - 2026-08-22 13:39:14,361 - jasper.verilog -   Port "wb_ack_o" is new
DEBUG - 2026-08-22 13:39:14,361 - jasper.verilog - Attempting to add port "wb_err_o" (parent sig: False, parent port: False)
DEBUG - 2026-08-22 13:39:14,361 - jasper.verilog -   Port "wb_err_o" is new
DEBUG - 2026-08-22 13:39:14,361 - jasper.verilog - Attempting to add port "user_clk" (parent sig: False, parent port: False)
DEBUG - 2026-08-22 13:39:14,361 - jasper.verilog -   Port "user_clk" is new
DEBUG - 2026-08-22 13:39:14,361 - jasper.verilog - Attempting to add port "user_data_out" (parent sig: True, parent port: False)
DEBUG - 2026-08-22 13:39:14,361 - jasper.verilog -   Port "user_data_out" is new
DEBUG - 2026-08-22 13:39:14,361 - jasper.toolflow - modifying top for obj rx_eof1
DEBUG - 2026-08-22 13:39:14,361 - jasper.verilog - Initializing second-layer dictionairies for: sw_reg: rx_eof1
DEBUG - 2026-08-22 13:39:14,361 - jasper.verilog - Initializing second-layer dictionairies for: default
DEBUG - 2026-08-22 13:39:14,361 - jasper.verilog - Attempting to add port "wb_clk_i" (parent sig: False, parent port: False)
DEBUG - 2026-08-22 13:39:14,361 - jasper.verilog -   Port "wb_clk_i" is new
DEBUG - 2026-08-22 13:39:14,361 - jasper.verilog - Attempting to add port "wb_rst_i" (parent sig: False, parent port: False)
DEBUG - 2026-08-22 13:39:14,361 - jasper.verilog -   Port "wb_rst_i" is new
DEBUG - 2026-08-22 13:39:14,361 - jasper.verilog - Attempting to add port "wb_cyc_i" (parent sig: False, parent port: False)
DEBUG - 2026-08-22 13:39:14,361 - jasper.verilog -   Port "wb_cyc_i" is new
DEBUG - 2026-08-22 13:39:14,361 - jasper.verilog - Attempting to add port "wb_stb_i" (parent sig: False, parent port: False)
DEBUG - 2026-08-22 13:39:14,361 - jasper.verilog -   Port "wb_stb_i" is new
DEBUG - 2026-08-22 13:39:14,361 - jasper.verilog - Attempting to add port "wb_we_i" (parent sig: False, parent port: False)
DEBUG - 2026-08-22 13:39:14,361 - jasper.verilog -   Port "wb_we_i" is new
DEBUG - 2026-08-22 13:39:14,361 - jasper.verilog - Attempting to add port "wb_sel_i" (parent sig: False, parent port: False)
DEBUG - 2026-08-22 13:39:14,361 - jasper.verilog -   Port "wb_sel_i" is new
DEBUG - 2026-08-22 13:39:14,361 - jasper.verilog - Attempting to add port "wb_adr_i" (parent sig: False, parent port: False)
DEBUG - 2026-08-22 13:39:14,361 - jasper.verilog -   Port "wb_adr_i" is new
DEBUG - 2026-08-22 13:39:14,361 - jasper.verilog - Attempting to add port "wb_dat_i" (parent sig: False, parent port: False)
DEBUG - 2026-08-22 13:39:14,361 - jasper.verilog -   Port "wb_dat_i" is new
DEBUG - 2026-08-22 13:39:14,361 - jasper.verilog - Attempting to add port "wb_dat_o" (parent sig: False, parent port: False)
DEBUG - 2026-08-22 13:39:14,361 - jasper.verilog -   Port "wb_dat_o" is new
DEBUG - 2026-08-22 13:39:14,361 - jasper.verilog - Attempting to add port "wb_ack_o" (parent sig: False, parent port: False)
DEBUG - 2026-08-22 13:39:14,361 - jasper.verilog -   Port "wb_ack_o" is new
DEBUG - 2026-08-22 13:39:14,361 - jasper.verilog - Attempting to add port "wb_err_o" (parent sig: False, parent port: False)
DEBUG - 2026-08-22 13:39:14,361 - jasper.verilog -   Port "wb_err_o" is new
DEBUG - 2026-08-22 13:39:14,361 - jasper.verilog - Attempting to add port "user_clk" (parent sig: False, parent port: False)
DEBUG - 2026-08-22 13:39:14,361 - jasper.verilog -   Port "user_clk" is new
DEBUG - 2026-08-22 13:39:14,361 - jasper.verilog - Attempting to add port "user_data_in" (parent sig: True, parent port: False)
DEBUG - 2026-08-22 13:39:14,361 - jasper.verilog -   Port "user_data_in" is new
DEBUG - 2026-08-22 13:39:14,361 - jasper.toolflow - modifying top for obj rx_overrun1
DEBUG - 2026-08-22 13:39:14,361 - jasper.verilog - Initializing second-layer dictionairies for: sw_reg: rx_overrun1
DEBUG - 2026-08-22 13:39:14,361 - jasper.verilog - Initializing second-layer dictionairies for: default
DEBUG - 2026-08-22 13:39:14,361 - jasper.verilog - Attempting to add port "wb_clk_i" (parent sig: False, parent port: False)
DEBUG - 2026-08-22 13:39:14,361 - jasper.verilog -   Port "wb_clk_i" is new
DEBUG - 2026-08-22 13:39:14,361 - jasper.verilog - Attempting to add port "wb_rst_i" (parent sig: False, parent port: False)
DEBUG - 2026-08-22 13:39:14,361 - jasper.verilog -   Port "wb_rst_i" is new
DEBUG - 2026-08-22 13:39:14,361 - jasper.verilog - Attempting to add port "wb_cyc_i" (parent sig: False, parent port: False)
DEBUG - 2026-08-22 13:39:14,361 - jasper.verilog -   Port "wb_cyc_i" is new
DEBUG - 2026-08-22 13:39:14,361 - jasper.verilog - Attempting to add port "wb_stb_i" (parent sig: False, parent port: False)
DEBUG - 2026-08-22 13:39:14,361 - jasper.verilog -   Port "wb_stb_i" is new
DEBUG - 2026-08-22 13:39:14,361 - jasper.verilog - Attempting to add port "wb_we_i" (parent sig: False, parent port: False)
DEBUG - 2026-08-22 13:39:14,361 - jasper.verilog -   Port "wb_we_i" is new
DEBUG - 2026-08-22 13:39:14,361 - jasper.verilog - Attempting to add port "wb_sel_i" (parent sig: False, parent port: False)
DEBUG - 2026-08-22 13:39:14,361 - jasper.verilog -   Port "wb_sel_i" is new
DEBUG - 2026-08-22 13:39:14,361 - jasper.verilog - Attempting to add port "wb_adr_i" (parent sig: False, parent port: False)
DEBUG - 2026-08-22 13:39:14,361 - jasper.verilog -   Port "wb_adr_i" is new
DEBUG - 2026-08-22 13:39:14,361 - jasper.verilog - Attempting to add port "wb_dat_i" (parent sig: False, parent port: False)
DEBUG - 2026-08-22 13:39:14,361 - jasper.verilog -   Port "wb_dat_i" is new
DEBUG - 2026-08-22 13:39:14,361 - jasper.verilog - Attempting to add port "wb_dat_o" (parent sig: False, parent port: False)
DEBUG - 2026-08-22 13:39:14,361 - jasper.verilog -   Port "wb_dat_o" is new
DEBUG - 2026-08-22 13:39:14,361 - jasper.verilog - Attempting to add port "wb_ack_o" (parent sig: False, parent port: False)
DEBUG - 2026-08-22 13:39:14,361 - jasper.verilog -   Port "wb_ack_o" is new
DEBUG - 2026-08-22 13:39:14,361 - jasper.verilog - Attempting to add port "wb_err_o" (parent sig: False, parent port: False)
DEBUG - 2026-08-22 13:39:14,361 - jasper.verilog -   Port "wb_err_o" is new
DEBUG - 2026-08-22 13:39:14,361 - jasper.verilog - Attempting to add port "user_clk" (parent sig: False, parent port: False)
DEBUG - 2026-08-22 13:39:14,361 - jasper.verilog -   Port "user_clk" is new
DEBUG - 2026-08-22 13:39:14,361 - jasper.verilog - Attempting to add port "user_data_in" (parent sig: True, parent port: False)
DEBUG - 2026-08-22 13:39:14,361 - jasper.verilog -   Port "user_data_in" is new
DEBUG - 2026-08-22 13:39:14,361 - jasper.toolflow - modifying top for obj rx_valid1
DEBUG - 2026-08-22 13:39:14,361 - jasper.verilog - Initializing second-layer dictionairies for: sw_reg: rx_valid1
DEBUG - 2026-08-22 13:39:14,361 - jasper.verilog - Initializing second-layer dictionairies for: default
DEBUG - 2026-08-22 13:39:14,361 - jasper.verilog - Attempting to add port "wb_clk_i" (parent sig: False, parent port: False)
DEBUG - 2026-08-22 13:39:14,361 - jasper.verilog -   Port "wb_clk_i" is new
DEBUG - 2026-08-22 13:39:14,361 - jasper.verilog - Attempting to add port "wb_rst_i" (parent sig: False, parent port: False)
DEBUG - 2026-08-22 13:39:14,361 - jasper.verilog -   Port "wb_rst_i" is new
DEBUG - 2026-08-22 13:39:14,361 - jasper.verilog - Attempting to add port "wb_cyc_i" (parent sig: False, parent port: False)
DEBUG - 2026-08-22 13:39:14,361 - jasper.verilog -   Port "wb_cyc_i" is new
DEBUG - 2026-08-22 13:39:14,361 - jasper.verilog - Attempting to add port "wb_stb_i" (parent sig: False, parent port: False)
DEBUG - 2026-08-22 13:39:14,361 - jasper.verilog -   Port "wb_stb_i" is new
DEBUG - 2026-08-22 13:39:14,361 - jasper.verilog - Attempting to add port "wb_we_i" (parent sig: False, parent port: False)
DEBUG - 2026-08-22 13:39:14,362 - jasper.verilog -   Port "wb_we_i" is new
DEBUG - 2026-08-22 13:39:14,362 - jasper.verilog - Attempting to add port "wb_sel_i" (parent sig: False, parent port: False)
DEBUG - 2026-08-22 13:39:14,362 - jasper.verilog -   Port "wb_sel_i" is new
DEBUG - 2026-08-22 13:39:14,362 - jasper.verilog - Attempting to add port "wb_adr_i" (parent sig: False, parent port: False)
DEBUG - 2026-08-22 13:39:14,362 - jasper.verilog -   Port "wb_adr_i" is new
DEBUG - 2026-08-22 13:39:14,362 - jasper.verilog - Attempting to add port "wb_dat_i" (parent sig: False, parent port: False)
DEBUG - 2026-08-22 13:39:14,362 - jasper.verilog -   Port "wb_dat_i" is new
DEBUG - 2026-08-22 13:39:14,362 - jasper.verilog - Attempting to add port "wb_dat_o" (parent sig: False, parent port: False)
DEBUG - 2026-08-22 13:39:14,362 - jasper.verilog -   Port "wb_dat_o" is new
DEBUG - 2026-08-22 13:39:14,362 - jasper.verilog - Attempting to add port "wb_ack_o" (parent sig: False, parent port: False)
DEBUG - 2026-08-22 13:39:14,362 - jasper.verilog -   Port "wb_ack_o" is new
DEBUG - 2026-08-22 13:39:14,362 - jasper.verilog - Attempting to add port "wb_err_o" (parent sig: False, parent port: False)
DEBUG - 2026-08-22 13:39:14,362 - jasper.verilog -   Port "wb_err_o" is new
DEBUG - 2026-08-22 13:39:14,362 - jasper.verilog - Attempting to add port "user_clk" (parent sig: False, parent port: False)
DEBUG - 2026-08-22 13:39:14,362 - jasper.verilog -   Port "user_clk" is new
DEBUG - 2026-08-22 13:39:14,362 - jasper.verilog - Attempting to add port "user_data_in" (parent sig: True, parent port: False)
DEBUG - 2026-08-22 13:39:14,362 - jasper.verilog -   Port "user_data_in" is new
DEBUG - 2026-08-22 13:39:14,362 - jasper.toolflow - modifying top for obj tx_afull1
DEBUG - 2026-08-22 13:39:14,362 - jasper.verilog - Initializing second-layer dictionairies for: sw_reg: tx_afull1
DEBUG - 2026-08-22 13:39:14,362 - jasper.verilog - Initializing second-layer dictionairies for: default
DEBUG - 2026-08-22 13:39:14,362 - jasper.verilog - Attempting to add port "wb_clk_i" (parent sig: False, parent port: False)
DEBUG - 2026-08-22 13:39:14,362 - jasper.verilog -   Port "wb_clk_i" is new
DEBUG - 2026-08-22 13:39:14,362 - jasper.verilog - Attempting to add port "wb_rst_i" (parent sig: False, parent port: False)
DEBUG - 2026-08-22 13:39:14,362 - jasper.verilog -   Port "wb_rst_i" is new
DEBUG - 2026-08-22 13:39:14,362 - jasper.verilog - Attempting to add port "wb_cyc_i" (parent sig: False, parent port: False)
DEBUG - 2026-08-22 13:39:14,362 - jasper.verilog -   Port "wb_cyc_i" is new
DEBUG - 2026-08-22 13:39:14,362 - jasper.verilog - Attempting to add port "wb_stb_i" (parent sig: False, parent port: False)
DEBUG - 2026-08-22 13:39:14,362 - jasper.verilog -   Port "wb_stb_i" is new
DEBUG - 2026-08-22 13:39:14,362 - jasper.verilog - Attempting to add port "wb_we_i" (parent sig: False, parent port: False)
DEBUG - 2026-08-22 13:39:14,362 - jasper.verilog -   Port "wb_we_i" is new
DEBUG - 2026-08-22 13:39:14,362 - jasper.verilog - Attempting to add port "wb_sel_i" (parent sig: False, parent port: False)
DEBUG - 2026-08-22 13:39:14,362 - jasper.verilog -   Port "wb_sel_i" is new
DEBUG - 2026-08-22 13:39:14,362 - jasper.verilog - Attempting to add port "wb_adr_i" (parent sig: False, parent port: False)
DEBUG - 2026-08-22 13:39:14,362 - jasper.verilog -   Port "wb_adr_i" is new
DEBUG - 2026-08-22 13:39:14,362 - jasper.verilog - Attempting to add port "wb_dat_i" (parent sig: False, parent port: False)
DEBUG - 2026-08-22 13:39:14,362 - jasper.verilog -   Port "wb_dat_i" is new
DEBUG - 2026-08-22 13:39:14,362 - jasper.verilog - Attempting to add port "wb_dat_o" (parent sig: False, parent port: False)
DEBUG - 2026-08-22 13:39:14,362 - jasper.verilog -   Port "wb_dat_o" is new
DEBUG - 2026-08-22 13:39:14,362 - jasper.verilog - Attempting to add port "wb_ack_o" (parent sig: False, parent port: False)
DEBUG - 2026-08-22 13:39:14,362 - jasper.verilog -   Port "wb_ack_o" is new
DEBUG - 2026-08-22 13:39:14,362 - jasper.verilog - Attempting to add port "wb_err_o" (parent sig: False, parent port: False)
DEBUG - 2026-08-22 13:39:14,362 - jasper.verilog -   Port "wb_err_o" is new
DEBUG - 2026-08-22 13:39:14,362 - jasper.verilog - Attempting to add port "user_clk" (parent sig: False, parent port: False)
DEBUG - 2026-08-22 13:39:14,362 - jasper.verilog -   Port "user_clk" is new
DEBUG - 2026-08-22 13:39:14,362 - jasper.verilog - Attempting to add port "user_data_in" (parent sig: True, parent port: False)
DEBUG - 2026-08-22 13:39:14,362 - jasper.verilog -   Port "user_data_in" is new
DEBUG - 2026-08-22 13:39:14,362 - jasper.toolflow - modifying top for obj tx_control
DEBUG - 2026-08-22 13:39:14,362 - jasper.verilog - Initializing second-layer dictionairies for: sw_reg: tx_control
DEBUG - 2026-08-22 13:39:14,362 - jasper.verilog - Initializing second-layer dictionairies for: default
DEBUG - 2026-08-22 13:39:14,362 - jasper.verilog -   Parameter "INIT_VAL" is new
DEBUG - 2026-08-22 13:39:14,362 - jasper.verilog - Attempting to add port "wb_clk_i" (parent sig: False, parent port: False)
DEBUG - 2026-08-22 13:39:14,362 - jasper.verilog -   Port "wb_clk_i" is new
DEBUG - 2026-08-22 13:39:14,362 - jasper.verilog - Attempting to add port "wb_rst_i" (parent sig: False, parent port: False)
DEBUG - 2026-08-22 13:39:14,362 - jasper.verilog -   Port "wb_rst_i" is new
DEBUG - 2026-08-22 13:39:14,362 - jasper.verilog - Attempting to add port "wb_cyc_i" (parent sig: False, parent port: False)
DEBUG - 2026-08-22 13:39:14,362 - jasper.verilog -   Port "wb_cyc_i" is new
DEBUG - 2026-08-22 13:39:14,362 - jasper.verilog - Attempting to add port "wb_stb_i" (parent sig: False, parent port: False)
DEBUG - 2026-08-22 13:39:14,362 - jasper.verilog -   Port "wb_stb_i" is new
DEBUG - 2026-08-22 13:39:14,362 - jasper.verilog - Attempting to add port "wb_we_i" (parent sig: False, parent port: False)
DEBUG - 2026-08-22 13:39:14,362 - jasper.verilog -   Port "wb_we_i" is new
DEBUG - 2026-08-22 13:39:14,362 - jasper.verilog - Attempting to add port "wb_sel_i" (parent sig: False, parent port: False)
DEBUG - 2026-08-22 13:39:14,362 - jasper.verilog -   Port "wb_sel_i" is new
DEBUG - 2026-08-22 13:39:14,362 - jasper.verilog - Attempting to add port "wb_adr_i" (parent sig: False, parent port: False)
DEBUG - 2026-08-22 13:39:14,362 - jasper.verilog -   Port "wb_adr_i" is new
DEBUG - 2026-08-22 13:39:14,362 - jasper.verilog - Attempting to add port "wb_dat_i" (parent sig: False, parent port: False)
DEBUG - 2026-08-22 13:39:14,362 - jasper.verilog -   Port "wb_dat_i" is new
DEBUG - 2026-08-22 13:39:14,362 - jasper.verilog - Attempting to add port "wb_dat_o" (parent sig: False, parent port: False)
DEBUG - 2026-08-22 13:39:14,362 - jasper.verilog -   Port "wb_dat_o" is new
DEBUG - 2026-08-22 13:39:14,362 - jasper.verilog - Attempting to add port "wb_ack_o" (parent sig: False, parent port: False)
DEBUG - 2026-08-22 13:39:14,362 - jasper.verilog -   Port "wb_ack_o" is new
DEBUG - 2026-08-22 13:39:14,362 - jasper.verilog - Attempting to add port "wb_err_o" (parent sig: False, parent port: False)
DEBUG - 2026-08-22 13:39:14,362 - jasper.verilog -   Port "wb_err_o" is new
DEBUG - 2026-08-22 13:39:14,362 - jasper.verilog - Attempting to add port "user_clk" (parent sig: False, parent port: False)
DEBUG - 2026-08-22 13:39:14,362 - jasper.verilog -   Port "user_clk" is new
DEBUG - 2026-08-22 13:39:14,362 - jasper.verilog - Attempting to add port "user_data_out" (parent sig: True, parent port: False)
DEBUG - 2026-08-22 13:39:14,362 - jasper.verilog -   Port "user_data_out" is new
DEBUG - 2026-08-22 13:39:14,362 - jasper.toolflow - modifying top for obj tx_one_gbe
DEBUG - 2026-08-22 13:39:14,362 - jasper.verilog - Initializing second-layer dictionairies for: onegbe: tx_one_gbe
DEBUG - 2026-08-22 13:39:14,362 - jasper.verilog - Initializing second-layer dictionairies for: default
DEBUG - 2026-08-22 13:39:14,362 - jasper.verilog -   Parameter "FABRIC_MAC" is new
DEBUG - 2026-08-22 13:39:14,362 - jasper.verilog -   Parameter "FABRIC_IP" is new
DEBUG - 2026-08-22 13:39:14,362 - jasper.verilog -   Parameter "FABRIC_PORT" is new
DEBUG - 2026-08-22 13:39:14,362 - jasper.verilog -   Parameter "FABRIC_NETMASK" is new
DEBUG - 2026-08-22 13:39:14,362 - jasper.verilog -   Parameter "FABRIC_GATEWAY" is new
DEBUG - 2026-08-22 13:39:14,362 - jasper.verilog -   Parameter "FABRIC_ENABLE" is new
DEBUG - 2026-08-22 13:39:14,362 - jasper.verilog -   Parameter "FABRIC_MC_RECV_IP" is new
DEBUG - 2026-08-22 13:39:14,362 - jasper.verilog -   Parameter "FABRIC_MC_RECV_IP_MASK" is new
DEBUG - 2026-08-22 13:39:14,362 - jasper.verilog - Attempting to add port "user_clk" (parent sig: False, parent port: False)
DEBUG - 2026-08-22 13:39:14,362 - jasper.verilog -   Port "user_clk" is new
DEBUG - 2026-08-22 13:39:14,362 - jasper.verilog - Attempting to add port "user_rst" (parent sig: False, parent port: False)
DEBUG - 2026-08-22 13:39:14,362 - jasper.verilog -   Port "user_rst" is new
DEBUG - 2026-08-22 13:39:14,362 - jasper.verilog - Attempting to add port "sys_clk" (parent sig: False, parent port: False)
DEBUG - 2026-08-22 13:39:14,362 - jasper.verilog -   Port "sys_clk" is new
DEBUG - 2026-08-22 13:39:14,363 - jasper.verilog - Attempting to add port "sys_rst" (parent sig: False, parent port: False)
DEBUG - 2026-08-22 13:39:14,363 - jasper.verilog -   Port "sys_rst" is new
DEBUG - 2026-08-22 13:39:14,363 - jasper.verilog - Attempting to add port "gmii_tx_data" (parent sig: True, parent port: False)
DEBUG - 2026-08-22 13:39:14,363 - jasper.verilog -   Port "gmii_tx_data" is new
DEBUG - 2026-08-22 13:39:14,363 - jasper.verilog - Attempting to add port "gmii_tx_valid" (parent sig: True, parent port: False)
DEBUG - 2026-08-22 13:39:14,363 - jasper.verilog -   Port "gmii_tx_valid" is new
DEBUG - 2026-08-22 13:39:14,363 - jasper.verilog - Attempting to add port "gmii_tx_end_of_frame" (parent sig: True, parent port: False)
DEBUG - 2026-08-22 13:39:14,363 - jasper.verilog -   Port "gmii_tx_end_of_frame" is new
DEBUG - 2026-08-22 13:39:14,363 - jasper.verilog - Attempting to add port "gmii_tx_dest_ip" (parent sig: True, parent port: False)
DEBUG - 2026-08-22 13:39:14,363 - jasper.verilog -   Port "gmii_tx_dest_ip" is new
DEBUG - 2026-08-22 13:39:14,363 - jasper.verilog - Attempting to add port "gmii_tx_dest_port" (parent sig: True, parent port: False)
DEBUG - 2026-08-22 13:39:14,363 - jasper.verilog -   Port "gmii_tx_dest_port" is new
DEBUG - 2026-08-22 13:39:14,363 - jasper.verilog - Attempting to add port "gmii_tx_afull" (parent sig: True, parent port: False)
DEBUG - 2026-08-22 13:39:14,363 - jasper.verilog -   Port "gmii_tx_afull" is new
DEBUG - 2026-08-22 13:39:14,363 - jasper.verilog - Attempting to add port "gmii_tx_overflow" (parent sig: True, parent port: False)
DEBUG - 2026-08-22 13:39:14,363 - jasper.verilog -   Port "gmii_tx_overflow" is new
DEBUG - 2026-08-22 13:39:14,363 - jasper.verilog - Attempting to add port "gmii_rx_data" (parent sig: True, parent port: False)
DEBUG - 2026-08-22 13:39:14,363 - jasper.verilog -   Port "gmii_rx_data" is new
DEBUG - 2026-08-22 13:39:14,363 - jasper.verilog - Attempting to add port "gmii_rx_valid" (parent sig: True, parent port: False)
DEBUG - 2026-08-22 13:39:14,363 - jasper.verilog -   Port "gmii_rx_valid" is new
DEBUG - 2026-08-22 13:39:14,363 - jasper.verilog - Attempting to add port "gmii_rx_end_of_frame" (parent sig: True, parent port: False)
DEBUG - 2026-08-22 13:39:14,363 - jasper.verilog -   Port "gmii_rx_end_of_frame" is new
DEBUG - 2026-08-22 13:39:14,363 - jasper.verilog - Attempting to add port "gmii_rx_source_ip" (parent sig: True, parent port: False)
DEBUG - 2026-08-22 13:39:14,363 - jasper.verilog -   Port "gmii_rx_source_ip" is new
DEBUG - 2026-08-22 13:39:14,363 - jasper.verilog - Attempting to add port "gmii_rx_source_port" (parent sig: True, parent port: False)
DEBUG - 2026-08-22 13:39:14,363 - jasper.verilog -   Port "gmii_rx_source_port" is new
DEBUG - 2026-08-22 13:39:14,363 - jasper.verilog - Attempting to add port "gmii_rx_bad_frame" (parent sig: True, parent port: False)
DEBUG - 2026-08-22 13:39:14,363 - jasper.verilog -   Port "gmii_rx_bad_frame" is new
DEBUG - 2026-08-22 13:39:14,363 - jasper.verilog - Attempting to add port "gmii_rx_overrun" (parent sig: True, parent port: False)
DEBUG - 2026-08-22 13:39:14,363 - jasper.verilog -   Port "gmii_rx_overrun" is new
DEBUG - 2026-08-22 13:39:14,363 - jasper.verilog - Attempting to add port "gmii_rx_ack" (parent sig: True, parent port: False)
DEBUG - 2026-08-22 13:39:14,363 - jasper.verilog -   Port "gmii_rx_ack" is new
DEBUG - 2026-08-22 13:39:14,363 - jasper.verilog - Attempting to add port "gbe_if_present" (parent sig: True, parent port: False)
DEBUG - 2026-08-22 13:39:14,363 - jasper.verilog -   Port "gbe_if_present" is new
DEBUG - 2026-08-22 13:39:14,363 - jasper.verilog - Attempting to add port "gbe_link_up" (parent sig: True, parent port: False)
DEBUG - 2026-08-22 13:39:14,363 - jasper.verilog -   Port "gbe_link_up" is new
DEBUG - 2026-08-22 13:39:14,363 - jasper.verilog - Attempting to add port "gbe_phy_up" (parent sig: True, parent port: False)
DEBUG - 2026-08-22 13:39:14,363 - jasper.verilog -   Port "gbe_phy_up" is new
DEBUG - 2026-08-22 13:39:14,363 - jasper.verilog - Attempting to add port "gmii_reset_done_o" (parent sig: True, parent port: False)
DEBUG - 2026-08-22 13:39:14,363 - jasper.verilog -   Port "gmii_reset_done_o" is new
DEBUG - 2026-08-22 13:39:14,363 - jasper.verilog - Attempting to add port "gbe_status_vector" (parent sig: True, parent port: False)
DEBUG - 2026-08-22 13:39:14,363 - jasper.verilog -   Port "gbe_status_vector" is new
DEBUG - 2026-08-22 13:39:14,363 - jasper.verilog - Attempting to add port "host_reset" (parent sig: True, parent port: False)
DEBUG - 2026-08-22 13:39:14,363 - jasper.verilog -   Port "host_reset" is new
DEBUG - 2026-08-22 13:39:14,363 - jasper.verilog - Attempting to add port "sync_gmii_fpga_rst" (parent sig: True, parent port: False)
DEBUG - 2026-08-22 13:39:14,363 - jasper.verilog -   Port "sync_gmii_fpga_rst" is new
DEBUG - 2026-08-22 13:39:14,363 - jasper.verilog - Attempting to add port "ONE_GBE_RESET_N" (parent sig: True, parent port: True)
DEBUG - 2026-08-22 13:39:14,363 - jasper.verilog -   Port "ONE_GBE_RESET_N" is new
DEBUG - 2026-08-22 13:39:14,363 - jasper.verilog - Attempting to add port "ONE_GBE_SGMII_TX_P" (parent sig: True, parent port: True)
DEBUG - 2026-08-22 13:39:14,363 - jasper.verilog -   Port "ONE_GBE_SGMII_TX_P" is new
DEBUG - 2026-08-22 13:39:14,363 - jasper.verilog - Attempting to add port "ONE_GBE_SGMII_TX_N" (parent sig: True, parent port: True)
DEBUG - 2026-08-22 13:39:14,363 - jasper.verilog -   Port "ONE_GBE_SGMII_TX_N" is new
DEBUG - 2026-08-22 13:39:14,363 - jasper.verilog - Attempting to add port "ONE_GBE_SGMII_RX_P" (parent sig: True, parent port: True)
DEBUG - 2026-08-22 13:39:14,363 - jasper.verilog -   Port "ONE_GBE_SGMII_RX_P" is new
DEBUG - 2026-08-22 13:39:14,363 - jasper.verilog - Attempting to add port "ONE_GBE_SGMII_RX_N" (parent sig: True, parent port: True)
DEBUG - 2026-08-22 13:39:14,363 - jasper.verilog -   Port "ONE_GBE_SGMII_RX_N" is new
DEBUG - 2026-08-22 13:39:14,363 - jasper.verilog - Attempting to add port "ONE_GBE_MGTREFCLK_P" (parent sig: True, parent port: True)
DEBUG - 2026-08-22 13:39:14,363 - jasper.verilog -   Port "ONE_GBE_MGTREFCLK_P" is new
DEBUG - 2026-08-22 13:39:14,363 - jasper.verilog - Attempting to add port "ONE_GBE_MGTREFCLK_N" (parent sig: True, parent port: True)
DEBUG - 2026-08-22 13:39:14,363 - jasper.verilog -   Port "ONE_GBE_MGTREFCLK_N" is new
DEBUG - 2026-08-22 13:39:14,363 - jasper.verilog - Attempting to add port "wb_clk_i" (parent sig: False, parent port: False)
DEBUG - 2026-08-22 13:39:14,363 - jasper.verilog -   Port "wb_clk_i" is new
DEBUG - 2026-08-22 13:39:14,363 - jasper.verilog - Attempting to add port "wb_rst_i" (parent sig: False, parent port: False)
DEBUG - 2026-08-22 13:39:14,363 - jasper.verilog -   Port "wb_rst_i" is new
DEBUG - 2026-08-22 13:39:14,363 - jasper.verilog - Attempting to add port "wb_cyc_i" (parent sig: False, parent port: False)
DEBUG - 2026-08-22 13:39:14,363 - jasper.verilog -   Port "wb_cyc_i" is new
DEBUG - 2026-08-22 13:39:14,363 - jasper.verilog - Attempting to add port "wb_stb_i" (parent sig: False, parent port: False)
DEBUG - 2026-08-22 13:39:14,363 - jasper.verilog -   Port "wb_stb_i" is new
DEBUG - 2026-08-22 13:39:14,363 - jasper.verilog - Attempting to add port "wb_we_i" (parent sig: False, parent port: False)
DEBUG - 2026-08-22 13:39:14,363 - jasper.verilog -   Port "wb_we_i" is new
DEBUG - 2026-08-22 13:39:14,363 - jasper.verilog - Attempting to add port "wb_sel_i" (parent sig: False, parent port: False)
DEBUG - 2026-08-22 13:39:14,363 - jasper.verilog -   Port "wb_sel_i" is new
DEBUG - 2026-08-22 13:39:14,363 - jasper.verilog - Attempting to add port "wb_adr_i" (parent sig: False, parent port: False)
DEBUG - 2026-08-22 13:39:14,363 - jasper.verilog -   Port "wb_adr_i" is new
DEBUG - 2026-08-22 13:39:14,363 - jasper.verilog - Attempting to add port "wb_dat_i" (parent sig: False, parent port: False)
DEBUG - 2026-08-22 13:39:14,363 - jasper.verilog -   Port "wb_dat_i" is new
DEBUG - 2026-08-22 13:39:14,363 - jasper.verilog - Attempting to add port "wb_dat_o" (parent sig: False, parent port: False)
DEBUG - 2026-08-22 13:39:14,363 - jasper.verilog -   Port "wb_dat_o" is new
DEBUG - 2026-08-22 13:39:14,363 - jasper.verilog - Attempting to add port "wb_ack_o" (parent sig: False, parent port: False)
DEBUG - 2026-08-22 13:39:14,363 - jasper.verilog -   Port "wb_ack_o" is new
DEBUG - 2026-08-22 13:39:14,363 - jasper.verilog - Attempting to add port "wb_err_o" (parent sig: False, parent port: False)
DEBUG - 2026-08-22 13:39:14,363 - jasper.verilog -   Port "wb_err_o" is new
DEBUG - 2026-08-22 13:39:14,363 - jasper.toolflow - modifying top for obj tx_overflow1
DEBUG - 2026-08-22 13:39:14,363 - jasper.verilog - Initializing second-layer dictionairies for: sw_reg: tx_overflow1
DEBUG - 2026-08-22 13:39:14,363 - jasper.verilog - Initializing second-layer dictionairies for: default
DEBUG - 2026-08-22 13:39:14,363 - jasper.verilog - Attempting to add port "wb_clk_i" (parent sig: False, parent port: False)
DEBUG - 2026-08-22 13:39:14,363 - jasper.verilog -   Port "wb_clk_i" is new
DEBUG - 2026-08-22 13:39:14,363 - jasper.verilog - Attempting to add port "wb_rst_i" (parent sig: False, parent port: False)
DEBUG - 2026-08-22 13:39:14,363 - jasper.verilog -   Port "wb_rst_i" is new
DEBUG - 2026-08-22 13:39:14,363 - jasper.verilog - Attempting to add port "wb_cyc_i" (parent sig: False, parent port: False)
DEBUG - 2026-08-22 13:39:14,363 - jasper.verilog -   Port "wb_cyc_i" is new
DEBUG - 2026-08-22 13:39:14,363 - jasper.verilog - Attempting to add port "wb_stb_i" (parent sig: False, parent port: False)
DEBUG - 2026-08-22 13:39:14,363 - jasper.verilog -   Port "wb_stb_i" is new
DEBUG - 2026-08-22 13:39:14,363 - jasper.verilog - Attempting to add port "wb_we_i" (parent sig: False, parent port: False)
DEBUG - 2026-08-22 13:39:14,364 - jasper.verilog -   Port "wb_we_i" is new
DEBUG - 2026-08-22 13:39:14,364 - jasper.verilog - Attempting to add port "wb_sel_i" (parent sig: False, parent port: False)
DEBUG - 2026-08-22 13:39:14,364 - jasper.verilog -   Port "wb_sel_i" is new
DEBUG - 2026-08-22 13:39:14,364 - jasper.verilog - Attempting to add port "wb_adr_i" (parent sig: False, parent port: False)
DEBUG - 2026-08-22 13:39:14,364 - jasper.verilog -   Port "wb_adr_i" is new
DEBUG - 2026-08-22 13:39:14,364 - jasper.verilog - Attempting to add port "wb_dat_i" (parent sig: False, parent port: False)
DEBUG - 2026-08-22 13:39:14,364 - jasper.verilog -   Port "wb_dat_i" is new
DEBUG - 2026-08-22 13:39:14,364 - jasper.verilog - Attempting to add port "wb_dat_o" (parent sig: False, parent port: False)
DEBUG - 2026-08-22 13:39:14,364 - jasper.verilog -   Port "wb_dat_o" is new
DEBUG - 2026-08-22 13:39:14,364 - jasper.verilog - Attempting to add port "wb_ack_o" (parent sig: False, parent port: False)
DEBUG - 2026-08-22 13:39:14,364 - jasper.verilog -   Port "wb_ack_o" is new
DEBUG - 2026-08-22 13:39:14,364 - jasper.verilog - Attempting to add port "wb_err_o" (parent sig: False, parent port: False)
DEBUG - 2026-08-22 13:39:14,364 - jasper.verilog -   Port "wb_err_o" is new
DEBUG - 2026-08-22 13:39:14,364 - jasper.verilog - Attempting to add port "user_clk" (parent sig: False, parent port: False)
DEBUG - 2026-08-22 13:39:14,364 - jasper.verilog -   Port "user_clk" is new
DEBUG - 2026-08-22 13:39:14,364 - jasper.verilog - Attempting to add port "user_data_in" (parent sig: True, parent port: False)
DEBUG - 2026-08-22 13:39:14,364 - jasper.verilog -   Port "user_data_in" is new
DEBUG - 2026-08-22 13:39:14,364 - jasper.toolflow - modifying top for obj vaild_rx_valmir1
DEBUG - 2026-08-22 13:39:14,364 - jasper.verilog - Initializing second-layer dictionairies for: sw_reg: vaild_rx_valmir1
DEBUG - 2026-08-22 13:39:14,364 - jasper.verilog - Initializing second-layer dictionairies for: default
DEBUG - 2026-08-22 13:39:14,364 - jasper.verilog - Attempting to add port "wb_clk_i" (parent sig: False, parent port: False)
DEBUG - 2026-08-22 13:39:14,364 - jasper.verilog -   Port "wb_clk_i" is new
DEBUG - 2026-08-22 13:39:14,364 - jasper.verilog - Attempting to add port "wb_rst_i" (parent sig: False, parent port: False)
DEBUG - 2026-08-22 13:39:14,364 - jasper.verilog -   Port "wb_rst_i" is new
DEBUG - 2026-08-22 13:39:14,364 - jasper.verilog - Attempting to add port "wb_cyc_i" (parent sig: False, parent port: False)
DEBUG - 2026-08-22 13:39:14,364 - jasper.verilog -   Port "wb_cyc_i" is new
DEBUG - 2026-08-22 13:39:14,364 - jasper.verilog - Attempting to add port "wb_stb_i" (parent sig: False, parent port: False)
DEBUG - 2026-08-22 13:39:14,364 - jasper.verilog -   Port "wb_stb_i" is new
DEBUG - 2026-08-22 13:39:14,364 - jasper.verilog - Attempting to add port "wb_we_i" (parent sig: False, parent port: False)
DEBUG - 2026-08-22 13:39:14,364 - jasper.verilog -   Port "wb_we_i" is new
DEBUG - 2026-08-22 13:39:14,364 - jasper.verilog - Attempting to add port "wb_sel_i" (parent sig: False, parent port: False)
DEBUG - 2026-08-22 13:39:14,364 - jasper.verilog -   Port "wb_sel_i" is new
DEBUG - 2026-08-22 13:39:14,364 - jasper.verilog - Attempting to add port "wb_adr_i" (parent sig: False, parent port: False)
DEBUG - 2026-08-22 13:39:14,364 - jasper.verilog -   Port "wb_adr_i" is new
DEBUG - 2026-08-22 13:39:14,364 - jasper.verilog - Attempting to add port "wb_dat_i" (parent sig: False, parent port: False)
DEBUG - 2026-08-22 13:39:14,364 - jasper.verilog -   Port "wb_dat_i" is new
DEBUG - 2026-08-22 13:39:14,364 - jasper.verilog - Attempting to add port "wb_dat_o" (parent sig: False, parent port: False)
DEBUG - 2026-08-22 13:39:14,364 - jasper.verilog -   Port "wb_dat_o" is new
DEBUG - 2026-08-22 13:39:14,364 - jasper.verilog - Attempting to add port "wb_ack_o" (parent sig: False, parent port: False)
DEBUG - 2026-08-22 13:39:14,364 - jasper.verilog -   Port "wb_ack_o" is new
DEBUG - 2026-08-22 13:39:14,364 - jasper.verilog - Attempting to add port "wb_err_o" (parent sig: False, parent port: False)
DEBUG - 2026-08-22 13:39:14,364 - jasper.verilog -   Port "wb_err_o" is new
DEBUG - 2026-08-22 13:39:14,364 - jasper.verilog - Attempting to add port "user_clk" (parent sig: False, parent port: False)
DEBUG - 2026-08-22 13:39:14,364 - jasper.verilog -   Port "user_clk" is new
DEBUG - 2026-08-22 13:39:14,364 - jasper.verilog - Attempting to add port "user_data_in" (parent sig: True, parent port: False)
DEBUG - 2026-08-22 13:39:14,364 - jasper.verilog -   Port "user_data_in" is new
DEBUG - 2026-08-22 13:39:14,364 - jasper.toolflow - modifying top for obj SKARAB
DEBUG - 2026-08-22 13:39:14,364 - jasper.verilog - Initializing second-layer dictionairies for: skarab: SKARAB
DEBUG - 2026-08-22 13:39:14,384 - jasper.verilog - Initializing second-layer dictionairies for: default
DEBUG - 2026-08-22 13:39:14,384 - jasper.verilog -   Parameter "MULTIPLY" is new
DEBUG - 2026-08-22 13:39:14,384 - jasper.verilog -   Parameter "DIVIDE" is new
DEBUG - 2026-08-22 13:39:14,384 - jasper.verilog -   Parameter "DIVCLK" is new
DEBUG - 2026-08-22 13:39:14,384 - jasper.verilog - Attempting to add port "user_clk_o" (parent sig: True, parent port: False)
DEBUG - 2026-08-22 13:39:14,384 - jasper.verilog -   Port "user_clk_o" is new
DEBUG - 2026-08-22 13:39:14,384 - jasper.verilog - Attempting to add port "user_rst_o" (parent sig: True, parent port: False)
DEBUG - 2026-08-22 13:39:14,384 - jasper.verilog -   Port "user_rst_o" is new
DEBUG - 2026-08-22 13:39:14,384 - jasper.verilog - Attempting to add port "hmc_clk_o" (parent sig: True, parent port: False)
DEBUG - 2026-08-22 13:39:14,384 - jasper.verilog -   Port "hmc_clk_o" is new
DEBUG - 2026-08-22 13:39:14,384 - jasper.verilog - Attempting to add port "hmc_rst_o" (parent sig: True, parent port: False)
DEBUG - 2026-08-22 13:39:14,384 - jasper.verilog -   Port "hmc_rst_o" is new
DEBUG - 2026-08-22 13:39:14,384 - jasper.verilog - Attempting to add port "board_clk_o" (parent sig: True, parent port: False)
DEBUG - 2026-08-22 13:39:14,384 - jasper.verilog -   Port "board_clk_o" is new
DEBUG - 2026-08-22 13:39:14,384 - jasper.verilog - Attempting to add port "board_clk_rst_o" (parent sig: True, parent port: False)
DEBUG - 2026-08-22 13:39:14,384 - jasper.verilog -   Port "board_clk_rst_o" is new
DEBUG - 2026-08-22 13:39:14,384 - jasper.verilog - Attempting to add port "qsfp_gtrefclk" (parent sig: False, parent port: False)
DEBUG - 2026-08-22 13:39:14,384 - jasper.verilog -   Port "qsfp_gtrefclk" is new
DEBUG - 2026-08-22 13:39:14,384 - jasper.verilog - Attempting to add port "qsfp_soft_reset_0" (parent sig: True, parent port: False)
DEBUG - 2026-08-22 13:39:14,384 - jasper.verilog -   Port "qsfp_soft_reset_0" is new
DEBUG - 2026-08-22 13:39:14,384 - jasper.verilog - Attempting to add port "qsfp_soft_reset_1" (parent sig: True, parent port: False)
DEBUG - 2026-08-22 13:39:14,384 - jasper.verilog -   Port "qsfp_soft_reset_1" is new
DEBUG - 2026-08-22 13:39:14,384 - jasper.verilog - Attempting to add port "qsfp_soft_reset_2" (parent sig: True, parent port: False)
DEBUG - 2026-08-22 13:39:14,384 - jasper.verilog -   Port "qsfp_soft_reset_2" is new
DEBUG - 2026-08-22 13:39:14,384 - jasper.verilog - Attempting to add port "qsfp_soft_reset_3" (parent sig: True, parent port: False)
DEBUG - 2026-08-22 13:39:14,384 - jasper.verilog -   Port "qsfp_soft_reset_3" is new
DEBUG - 2026-08-22 13:39:14,384 - jasper.verilog - Attempting to add port "GND" (parent sig: True, parent port: True)
DEBUG - 2026-08-22 13:39:14,384 - jasper.verilog -   Port "GND" is new
DEBUG - 2026-08-22 13:39:14,384 - jasper.verilog - Attempting to add port "gbe_phy_up" (parent sig: True, parent port: False)
DEBUG - 2026-08-22 13:39:14,384 - jasper.verilog -   Port "gbe_phy_up" is new
DEBUG - 2026-08-22 13:39:14,384 - jasper.verilog - Attempting to add port "fgbe_phy_rx_up_0" (parent sig: True, parent port: False)
DEBUG - 2026-08-22 13:39:14,384 - jasper.verilog -   Port "fgbe_phy_rx_up_0" is new
DEBUG - 2026-08-22 13:39:14,384 - jasper.verilog - Attempting to add port "fgbe_phy_rx_up_1" (parent sig: True, parent port: False)
DEBUG - 2026-08-22 13:39:14,384 - jasper.verilog -   Port "fgbe_phy_rx_up_1" is new
DEBUG - 2026-08-22 13:39:14,384 - jasper.verilog - Attempting to add port "fgbe_phy_rx_up_2" (parent sig: True, parent port: False)
DEBUG - 2026-08-22 13:39:14,384 - jasper.verilog -   Port "fgbe_phy_rx_up_2" is new
DEBUG - 2026-08-22 13:39:14,384 - jasper.verilog - Attempting to add port "fgbe_phy_rx_up_3" (parent sig: True, parent port: False)
DEBUG - 2026-08-22 13:39:14,384 - jasper.verilog -   Port "fgbe_phy_rx_up_3" is new
DEBUG - 2026-08-22 13:39:14,384 - jasper.verilog - Attempting to add port "gbe_status_vector" (parent sig: True, parent port: False)
DEBUG - 2026-08-22 13:39:14,384 - jasper.verilog -   Port "gbe_status_vector" is new
DEBUG - 2026-08-22 13:39:14,384 - jasper.verilog - Attempting to add port "gmii_clk" (parent sig: True, parent port: False)
DEBUG - 2026-08-22 13:39:14,384 - jasper.verilog -   Port "gmii_clk" is new
DEBUG - 2026-08-22 13:39:14,384 - jasper.verilog - Attempting to add port "gmii_reset_done" (parent sig: True, parent port: False)
DEBUG - 2026-08-22 13:39:14,384 - jasper.verilog -   Port "gmii_reset_done" is new
DEBUG - 2026-08-22 13:39:14,384 - jasper.verilog - Attempting to add port "sync_gmii_fpga_rst_o" (parent sig: True, parent port: False)
DEBUG - 2026-08-22 13:39:14,384 - jasper.verilog -   Port "sync_gmii_fpga_rst_o" is new
DEBUG - 2026-08-22 13:39:14,384 - jasper.verilog - Attempting to add port "gbe_if_present" (parent sig: True, parent port: False)
DEBUG - 2026-08-22 13:39:14,384 - jasper.verilog -   Port "gbe_if_present" is new
DEBUG - 2026-08-22 13:39:14,384 - jasper.verilog - Attempting to add port "fgbe_if_0_present" (parent sig: True, parent port: False)
DEBUG - 2026-08-22 13:39:14,384 - jasper.verilog -   Port "fgbe_if_0_present" is new
DEBUG - 2026-08-22 13:39:14,384 - jasper.verilog - Attempting to add port "fgbe_if_1_present" (parent sig: True, parent port: False)
DEBUG - 2026-08-22 13:39:14,384 - jasper.verilog -   Port "fgbe_if_1_present" is new
DEBUG - 2026-08-22 13:39:14,384 - jasper.verilog - Attempting to add port "fgbe_if_2_present" (parent sig: True, parent port: False)
DEBUG - 2026-08-22 13:39:14,384 - jasper.verilog -   Port "fgbe_if_2_present" is new
DEBUG - 2026-08-22 13:39:14,384 - jasper.verilog - Attempting to add port "fgbe_if_3_present" (parent sig: True, parent port: False)
DEBUG - 2026-08-22 13:39:14,384 - jasper.verilog -   Port "fgbe_if_3_present" is new
DEBUG - 2026-08-22 13:39:14,384 - jasper.verilog - Attempting to add port "xlgmii_txled_0" (parent sig: True, parent port: False)
DEBUG - 2026-08-22 13:39:14,384 - jasper.verilog -   Port "xlgmii_txled_0" is new
DEBUG - 2026-08-22 13:39:14,384 - jasper.verilog - Attempting to add port "xlgmii_rxled_0" (parent sig: True, parent port: False)
DEBUG - 2026-08-22 13:39:14,384 - jasper.verilog -   Port "xlgmii_rxled_0" is new
DEBUG - 2026-08-22 13:39:14,384 - jasper.verilog - Attempting to add port "xlgmii_txled_1" (parent sig: True, parent port: False)
DEBUG - 2026-08-22 13:39:14,384 - jasper.verilog -   Port "xlgmii_txled_1" is new
DEBUG - 2026-08-22 13:39:14,384 - jasper.verilog - Attempting to add port "xlgmii_rxled_1" (parent sig: True, parent port: False)
DEBUG - 2026-08-22 13:39:14,384 - jasper.verilog -   Port "xlgmii_rxled_1" is new
DEBUG - 2026-08-22 13:39:14,384 - jasper.verilog - Attempting to add port "xlgmii_txled_2" (parent sig: True, parent port: False)
DEBUG - 2026-08-22 13:39:14,384 - jasper.verilog -   Port "xlgmii_txled_2" is new
DEBUG - 2026-08-22 13:39:14,384 - jasper.verilog - Attempting to add port "xlgmii_rxled_2" (parent sig: True, parent port: False)
DEBUG - 2026-08-22 13:39:14,384 - jasper.verilog -   Port "xlgmii_rxled_2" is new
DEBUG - 2026-08-22 13:39:14,384 - jasper.verilog - Attempting to add port "xlgmii_txled_3" (parent sig: True, parent port: False)
DEBUG - 2026-08-22 13:39:14,385 - jasper.verilog -   Port "xlgmii_txled_3" is new
DEBUG - 2026-08-22 13:39:14,385 - jasper.verilog - Attempting to add port "xlgmii_rxled_3" (parent sig: True, parent port: False)
DEBUG - 2026-08-22 13:39:14,385 - jasper.verilog -   Port "xlgmii_rxled_3" is new
DEBUG - 2026-08-22 13:39:14,385 - jasper.verilog - Attempting to add port "FPGA_RESET_N" (parent sig: True, parent port: True)
DEBUG - 2026-08-22 13:39:14,385 - jasper.verilog -   Port "FPGA_RESET_N" is new
DEBUG - 2026-08-22 13:39:14,385 - jasper.verilog - Attempting to add port "FPGA_REFCLK_BUF0_P" (parent sig: True, parent port: True)
DEBUG - 2026-08-22 13:39:14,385 - jasper.verilog -   Port "FPGA_REFCLK_BUF0_P" is new
DEBUG - 2026-08-22 13:39:14,385 - jasper.verilog - Attempting to add port "FPGA_REFCLK_BUF0_N" (parent sig: True, parent port: True)
DEBUG - 2026-08-22 13:39:14,385 - jasper.verilog -   Port "FPGA_REFCLK_BUF0_N" is new
DEBUG - 2026-08-22 13:39:14,385 - jasper.verilog - Attempting to add port "FPGA_REFCLK_BUF1_P" (parent sig: True, parent port: True)
DEBUG - 2026-08-22 13:39:14,385 - jasper.verilog -   Port "FPGA_REFCLK_BUF1_P" is new
DEBUG - 2026-08-22 13:39:14,385 - jasper.verilog - Attempting to add port "FPGA_REFCLK_BUF1_N" (parent sig: True, parent port: True)
DEBUG - 2026-08-22 13:39:14,385 - jasper.verilog -   Port "FPGA_REFCLK_BUF1_N" is new
DEBUG - 2026-08-22 13:39:14,385 - jasper.verilog - Attempting to add port "MEZZ0_SDA_IN" (parent sig: True, parent port: False)
DEBUG - 2026-08-22 13:39:14,385 - jasper.verilog -   Port "MEZZ0_SDA_IN" is new
DEBUG - 2026-08-22 13:39:14,385 - jasper.verilog - Attempting to add port "MEZZ0_SDA_OUT" (parent sig: True, parent port: False)
DEBUG - 2026-08-22 13:39:14,385 - jasper.verilog -   Port "MEZZ0_SDA_OUT" is new
DEBUG - 2026-08-22 13:39:14,385 - jasper.verilog - Attempting to add port "MEZZ0_SCL_IN" (parent sig: True, parent port: False)
DEBUG - 2026-08-22 13:39:14,385 - jasper.verilog -   Port "MEZZ0_SCL_IN" is new
DEBUG - 2026-08-22 13:39:14,385 - jasper.verilog - Attempting to add port "MEZZ0_SCL_OUT" (parent sig: True, parent port: False)
DEBUG - 2026-08-22 13:39:14,385 - jasper.verilog -   Port "MEZZ0_SCL_OUT" is new
DEBUG - 2026-08-22 13:39:14,385 - jasper.verilog - Attempting to add port "MEZZ0_INIT_DONE" (parent sig: True, parent port: False)
DEBUG - 2026-08-22 13:39:14,385 - jasper.verilog -   Port "MEZZ0_INIT_DONE" is new
DEBUG - 2026-08-22 13:39:14,385 - jasper.verilog - Attempting to add port "MEZZ0_POST_OK" (parent sig: True, parent port: False)
DEBUG - 2026-08-22 13:39:14,385 - jasper.verilog -   Port "MEZZ0_POST_OK" is new
DEBUG - 2026-08-22 13:39:14,385 - jasper.verilog - Attempting to add port "MEZZ0_ID" (parent sig: True, parent port: False)
DEBUG - 2026-08-22 13:39:14,385 - jasper.verilog -   Port "MEZZ0_ID" is new
DEBUG - 2026-08-22 13:39:14,385 - jasper.verilog - Attempting to add port "MEZZ0_PRESENT" (parent sig: True, parent port: False)
DEBUG - 2026-08-22 13:39:14,385 - jasper.verilog -   Port "MEZZ0_PRESENT" is new
DEBUG - 2026-08-22 13:39:14,385 - jasper.verilog - Attempting to add port "MEZZ1_SDA_IN" (parent sig: True, parent port: False)
DEBUG - 2026-08-22 13:39:14,385 - jasper.verilog -   Port "MEZZ1_SDA_IN" is new
DEBUG - 2026-08-22 13:39:14,385 - jasper.verilog - Attempting to add port "MEZZ1_SDA_OUT" (parent sig: True, parent port: False)
DEBUG - 2026-08-22 13:39:14,385 - jasper.verilog -   Port "MEZZ1_SDA_OUT" is new
DEBUG - 2026-08-22 13:39:14,385 - jasper.verilog - Attempting to add port "MEZZ1_SCL_IN" (parent sig: True, parent port: False)
DEBUG - 2026-08-22 13:39:14,385 - jasper.verilog -   Port "MEZZ1_SCL_IN" is new
DEBUG - 2026-08-22 13:39:14,385 - jasper.verilog - Attempting to add port "MEZZ1_SCL_OUT" (parent sig: True, parent port: False)
DEBUG - 2026-08-22 13:39:14,385 - jasper.verilog -   Port "MEZZ1_SCL_OUT" is new
DEBUG - 2026-08-22 13:39:14,385 - jasper.verilog - Attempting to add port "MEZZ1_INIT_DONE" (parent sig: True, parent port: False)
DEBUG - 2026-08-22 13:39:14,385 - jasper.verilog -   Port "MEZZ1_INIT_DONE" is new
DEBUG - 2026-08-22 13:39:14,385 - jasper.verilog - Attempting to add port "MEZZ1_POST_OK" (parent sig: True, parent port: False)
DEBUG - 2026-08-22 13:39:14,385 - jasper.verilog -   Port "MEZZ1_POST_OK" is new
DEBUG - 2026-08-22 13:39:14,385 - jasper.verilog - Attempting to add port "MEZZ1_ID" (parent sig: True, parent port: False)
DEBUG - 2026-08-22 13:39:14,385 - jasper.verilog -   Port "MEZZ1_ID" is new
DEBUG - 2026-08-22 13:39:14,385 - jasper.verilog - Attempting to add port "MEZZ1_PRESENT" (parent sig: True, parent port: False)
DEBUG - 2026-08-22 13:39:14,385 - jasper.verilog -   Port "MEZZ1_PRESENT" is new
DEBUG - 2026-08-22 13:39:14,385 - jasper.verilog - Attempting to add port "MEZZ2_SDA_IN" (parent sig: True, parent port: False)
DEBUG - 2026-08-22 13:39:14,385 - jasper.verilog -   Port "MEZZ2_SDA_IN" is new
DEBUG - 2026-08-22 13:39:14,385 - jasper.verilog - Attempting to add port "MEZZ2_SDA_OUT" (parent sig: True, parent port: False)
DEBUG - 2026-08-22 13:39:14,385 - jasper.verilog -   Port "MEZZ2_SDA_OUT" is new
DEBUG - 2026-08-22 13:39:14,385 - jasper.verilog - Attempting to add port "MEZZ2_SCL_IN" (parent sig: True, parent port: False)
DEBUG - 2026-08-22 13:39:14,385 - jasper.verilog -   Port "MEZZ2_SCL_IN" is new
DEBUG - 2026-08-22 13:39:14,385 - jasper.verilog - Attempting to add port "MEZZ2_SCL_OUT" (parent sig: True, parent port: False)
DEBUG - 2026-08-22 13:39:14,385 - jasper.verilog -   Port "MEZZ2_SCL_OUT" is new
DEBUG - 2026-08-22 13:39:14,385 - jasper.verilog - Attempting to add port "MEZZ2_INIT_DONE" (parent sig: True, parent port: False)
DEBUG - 2026-08-22 13:39:14,385 - jasper.verilog -   Port "MEZZ2_INIT_DONE" is new
DEBUG - 2026-08-22 13:39:14,385 - jasper.verilog - Attempting to add port "MEZZ2_POST_OK" (parent sig: True, parent port: False)
DEBUG - 2026-08-22 13:39:14,385 - jasper.verilog -   Port "MEZZ2_POST_OK" is new
DEBUG - 2026-08-22 13:39:14,385 - jasper.verilog - Attempting to add port "MEZZ2_ID" (parent sig: True, parent port: False)
DEBUG - 2026-08-22 13:39:14,385 - jasper.verilog -   Port "MEZZ2_ID" is new
DEBUG - 2026-08-22 13:39:14,385 - jasper.verilog - Attempting to add port "MEZZ2_PRESENT" (parent sig: True, parent port: False)
DEBUG - 2026-08-22 13:39:14,385 - jasper.verilog -   Port "MEZZ2_PRESENT" is new
DEBUG - 2026-08-22 13:39:14,385 - jasper.verilog - Attempting to add port "MEZZANINE_0_PRESENT_N" (parent sig: True, parent port: True)
DEBUG - 2026-08-22 13:39:14,385 - jasper.verilog -   Port "MEZZANINE_0_PRESENT_N" is new
DEBUG - 2026-08-22 13:39:14,385 - jasper.verilog - Attempting to add port "MEZZANINE_0_ENABLE_N" (parent sig: True, parent port: True)
DEBUG - 2026-08-22 13:39:14,385 - jasper.verilog -   Port "MEZZANINE_0_ENABLE_N" is new
DEBUG - 2026-08-22 13:39:14,385 - jasper.verilog - Attempting to add port "MEZZANINE_0_FAULT_N" (parent sig: True, parent port: True)
DEBUG - 2026-08-22 13:39:14,385 - jasper.verilog -   Port "MEZZANINE_0_FAULT_N" is new
DEBUG - 2026-08-22 13:39:14,385 - jasper.verilog - Attempting to add port "MEZZANINE_0_ONE_WIRE" (parent sig: True, parent port: True)
DEBUG - 2026-08-22 13:39:14,385 - jasper.verilog -   Port "MEZZANINE_0_ONE_WIRE" is new
DEBUG - 2026-08-22 13:39:14,385 - jasper.verilog - Attempting to add port "MEZZANINE_0_SCL_FPGA" (parent sig: True, parent port: True)
DEBUG - 2026-08-22 13:39:14,385 - jasper.verilog -   Port "MEZZANINE_0_SCL_FPGA" is new
DEBUG - 2026-08-22 13:39:14,385 - jasper.verilog - Attempting to add port "MEZZANINE_0_SDA_FPGA" (parent sig: True, parent port: True)
DEBUG - 2026-08-22 13:39:14,385 - jasper.verilog -   Port "MEZZANINE_0_SDA_FPGA" is new
DEBUG - 2026-08-22 13:39:14,385 - jasper.verilog - Attempting to add port "MEZZANINE_0_INT_N" (parent sig: True, parent port: True)
DEBUG - 2026-08-22 13:39:14,385 - jasper.verilog -   Port "MEZZANINE_0_INT_N" is new
DEBUG - 2026-08-22 13:39:14,385 - jasper.verilog - Attempting to add port "MEZZANINE_0_ONE_WIRE_STRONG_PULLUP_EN_N" (parent sig: True, parent port: True)
DEBUG - 2026-08-22 13:39:14,385 - jasper.verilog -   Port "MEZZANINE_0_ONE_WIRE_STRONG_PULLUP_EN_N" is new
DEBUG - 2026-08-22 13:39:14,385 - jasper.verilog - Attempting to add port "MEZZANINE_1_PRESENT_N" (parent sig: True, parent port: True)
DEBUG - 2026-08-22 13:39:14,385 - jasper.verilog -   Port "MEZZANINE_1_PRESENT_N" is new
DEBUG - 2026-08-22 13:39:14,385 - jasper.verilog - Attempting to add port "MEZZANINE_1_ENABLE_N" (parent sig: True, parent port: True)
DEBUG - 2026-08-22 13:39:14,385 - jasper.verilog -   Port "MEZZANINE_1_ENABLE_N" is new
DEBUG - 2026-08-22 13:39:14,385 - jasper.verilog - Attempting to add port "MEZZANINE_1_FAULT_N" (parent sig: True, parent port: True)
DEBUG - 2026-08-22 13:39:14,385 - jasper.verilog -   Port "MEZZANINE_1_FAULT_N" is new
DEBUG - 2026-08-22 13:39:14,385 - jasper.verilog - Attempting to add port "MEZZANINE_1_ONE_WIRE" (parent sig: True, parent port: True)
DEBUG - 2026-08-22 13:39:14,386 - jasper.verilog -   Port "MEZZANINE_1_ONE_WIRE" is new
DEBUG - 2026-08-22 13:39:14,386 - jasper.verilog - Attempting to add port "MEZZANINE_1_SCL_FPGA" (parent sig: True, parent port: True)
DEBUG - 2026-08-22 13:39:14,386 - jasper.verilog -   Port "MEZZANINE_1_SCL_FPGA" is new
DEBUG - 2026-08-22 13:39:14,386 - jasper.verilog - Attempting to add port "MEZZANINE_1_SDA_FPGA" (parent sig: True, parent port: True)
DEBUG - 2026-08-22 13:39:14,386 - jasper.verilog -   Port "MEZZANINE_1_SDA_FPGA" is new
DEBUG - 2026-08-22 13:39:14,386 - jasper.verilog - Attempting to add port "MEZZANINE_1_INT_N" (parent sig: True, parent port: True)
DEBUG - 2026-08-22 13:39:14,386 - jasper.verilog -   Port "MEZZANINE_1_INT_N" is new
DEBUG - 2026-08-22 13:39:14,386 - jasper.verilog - Attempting to add port "MEZZANINE_1_ONE_WIRE_STRONG_PULLUP_EN_N" (parent sig: True, parent port: True)
DEBUG - 2026-08-22 13:39:14,386 - jasper.verilog -   Port "MEZZANINE_1_ONE_WIRE_STRONG_PULLUP_EN_N" is new
DEBUG - 2026-08-22 13:39:14,386 - jasper.verilog - Attempting to add port "MEZZANINE_2_PRESENT_N" (parent sig: True, parent port: True)
DEBUG - 2026-08-22 13:39:14,386 - jasper.verilog -   Port "MEZZANINE_2_PRESENT_N" is new
DEBUG - 2026-08-22 13:39:14,386 - jasper.verilog - Attempting to add port "MEZZANINE_2_ENABLE_N" (parent sig: True, parent port: True)
DEBUG - 2026-08-22 13:39:14,386 - jasper.verilog -   Port "MEZZANINE_2_ENABLE_N" is new
DEBUG - 2026-08-22 13:39:14,386 - jasper.verilog - Attempting to add port "MEZZANINE_2_FAULT_N" (parent sig: True, parent port: True)
DEBUG - 2026-08-22 13:39:14,386 - jasper.verilog -   Port "MEZZANINE_2_FAULT_N" is new
DEBUG - 2026-08-22 13:39:14,386 - jasper.verilog - Attempting to add port "MEZZANINE_2_ONE_WIRE" (parent sig: True, parent port: True)
DEBUG - 2026-08-22 13:39:14,386 - jasper.verilog -   Port "MEZZANINE_2_ONE_WIRE" is new
DEBUG - 2026-08-22 13:39:14,386 - jasper.verilog - Attempting to add port "MEZZANINE_2_SCL_FPGA" (parent sig: True, parent port: True)
DEBUG - 2026-08-22 13:39:14,386 - jasper.verilog -   Port "MEZZANINE_2_SCL_FPGA" is new
DEBUG - 2026-08-22 13:39:14,386 - jasper.verilog - Attempting to add port "MEZZANINE_2_SDA_FPGA" (parent sig: True, parent port: True)
DEBUG - 2026-08-22 13:39:14,386 - jasper.verilog -   Port "MEZZANINE_2_SDA_FPGA" is new
DEBUG - 2026-08-22 13:39:14,386 - jasper.verilog - Attempting to add port "MEZZANINE_2_INT_N" (parent sig: True, parent port: True)
DEBUG - 2026-08-22 13:39:14,386 - jasper.verilog -   Port "MEZZANINE_2_INT_N" is new
DEBUG - 2026-08-22 13:39:14,386 - jasper.verilog - Attempting to add port "MEZZANINE_2_ONE_WIRE_STRONG_PULLUP_EN_N" (parent sig: True, parent port: True)
DEBUG - 2026-08-22 13:39:14,386 - jasper.verilog -   Port "MEZZANINE_2_ONE_WIRE_STRONG_PULLUP_EN_N" is new
DEBUG - 2026-08-22 13:39:14,386 - jasper.verilog - Attempting to add port "MEZZANINE_3_PRESENT_N" (parent sig: True, parent port: True)
DEBUG - 2026-08-22 13:39:14,386 - jasper.verilog -   Port "MEZZANINE_3_PRESENT_N" is new
DEBUG - 2026-08-22 13:39:14,386 - jasper.verilog - Attempting to add port "MEZZANINE_3_ENABLE_N" (parent sig: True, parent port: True)
DEBUG - 2026-08-22 13:39:14,386 - jasper.verilog -   Port "MEZZANINE_3_ENABLE_N" is new
DEBUG - 2026-08-22 13:39:14,386 - jasper.verilog - Attempting to add port "MEZZANINE_3_RESET" (parent sig: True, parent port: True)
DEBUG - 2026-08-22 13:39:14,386 - jasper.verilog -   Port "MEZZANINE_3_RESET" is new
DEBUG - 2026-08-22 13:39:14,386 - jasper.verilog - Attempting to add port "MEZZANINE_3_FAULT_N" (parent sig: True, parent port: True)
DEBUG - 2026-08-22 13:39:14,386 - jasper.verilog -   Port "MEZZANINE_3_FAULT_N" is new
DEBUG - 2026-08-22 13:39:14,386 - jasper.verilog - Attempting to add port "MEZZANINE_3_ONE_WIRE" (parent sig: True, parent port: True)
DEBUG - 2026-08-22 13:39:14,386 - jasper.verilog -   Port "MEZZANINE_3_ONE_WIRE" is new
DEBUG - 2026-08-22 13:39:14,386 - jasper.verilog - Attempting to add port "MEZZANINE_3_CLK_SEL" (parent sig: True, parent port: True)
DEBUG - 2026-08-22 13:39:14,386 - jasper.verilog -   Port "MEZZANINE_3_CLK_SEL" is new
DEBUG - 2026-08-22 13:39:14,386 - jasper.verilog - Attempting to add port "MEZZANINE_3_SCL_FPGA" (parent sig: True, parent port: True)
DEBUG - 2026-08-22 13:39:14,386 - jasper.verilog -   Port "MEZZANINE_3_SCL_FPGA" is new
DEBUG - 2026-08-22 13:39:14,386 - jasper.verilog - Attempting to add port "MEZZANINE_3_SDA_FPGA" (parent sig: True, parent port: True)
DEBUG - 2026-08-22 13:39:14,386 - jasper.verilog -   Port "MEZZANINE_3_SDA_FPGA" is new
DEBUG - 2026-08-22 13:39:14,386 - jasper.verilog - Attempting to add port "MEZZANINE_3_INT_N" (parent sig: True, parent port: True)
DEBUG - 2026-08-22 13:39:14,386 - jasper.verilog -   Port "MEZZANINE_3_INT_N" is new
DEBUG - 2026-08-22 13:39:14,386 - jasper.verilog - Attempting to add port "MEZZANINE_3_ONE_WIRE_STRONG_PULLUP_EN_N" (parent sig: True, parent port: True)
DEBUG - 2026-08-22 13:39:14,386 - jasper.verilog -   Port "MEZZANINE_3_ONE_WIRE_STRONG_PULLUP_EN_N" is new
DEBUG - 2026-08-22 13:39:14,386 - jasper.verilog - Attempting to add port "ONE_GBE_LINK" (parent sig: True, parent port: True)
DEBUG - 2026-08-22 13:39:14,386 - jasper.verilog -   Port "ONE_GBE_LINK" is new
DEBUG - 2026-08-22 13:39:14,386 - jasper.verilog - Attempting to add port "GBE_INT_N" (parent sig: True, parent port: True)
DEBUG - 2026-08-22 13:39:14,386 - jasper.verilog -   Port "GBE_INT_N" is new
DEBUG - 2026-08-22 13:39:14,386 - jasper.verilog - Attempting to add port "ONE_WIRE_EEPROM" (parent sig: True, parent port: True)
DEBUG - 2026-08-22 13:39:14,386 - jasper.verilog -   Port "ONE_WIRE_EEPROM" is new
DEBUG - 2026-08-22 13:39:14,386 - jasper.verilog - Attempting to add port "ONE_WIRE_EEPROM_STRONG_PULLUP_EN_N" (parent sig: True, parent port: True)
DEBUG - 2026-08-22 13:39:14,386 - jasper.verilog -   Port "ONE_WIRE_EEPROM_STRONG_PULLUP_EN_N" is new
DEBUG - 2026-08-22 13:39:14,386 - jasper.verilog - Attempting to add port "I2C_SCL_FPGA" (parent sig: True, parent port: True)
DEBUG - 2026-08-22 13:39:14,386 - jasper.verilog -   Port "I2C_SCL_FPGA" is new
DEBUG - 2026-08-22 13:39:14,386 - jasper.verilog - Attempting to add port "I2C_SDA_FPGA" (parent sig: True, parent port: True)
DEBUG - 2026-08-22 13:39:14,386 - jasper.verilog -   Port "I2C_SDA_FPGA" is new
DEBUG - 2026-08-22 13:39:14,386 - jasper.verilog - Attempting to add port "I2C_RESET_FPGA" (parent sig: True, parent port: True)
DEBUG - 2026-08-22 13:39:14,386 - jasper.verilog -   Port "I2C_RESET_FPGA" is new
DEBUG - 2026-08-22 13:39:14,386 - jasper.verilog - Attempting to add port "FAN_CONT_RST_N" (parent sig: True, parent port: True)
DEBUG - 2026-08-22 13:39:14,386 - jasper.verilog -   Port "FAN_CONT_RST_N" is new
DEBUG - 2026-08-22 13:39:14,386 - jasper.verilog - Attempting to add port "FAN_CONT_ALERT_N" (parent sig: True, parent port: True)
DEBUG - 2026-08-22 13:39:14,386 - jasper.verilog -   Port "FAN_CONT_ALERT_N" is new
DEBUG - 2026-08-22 13:39:14,386 - jasper.verilog - Attempting to add port "FAN_CONT_FAULT_N" (parent sig: True, parent port: True)
DEBUG - 2026-08-22 13:39:14,386 - jasper.verilog -   Port "FAN_CONT_FAULT_N" is new
DEBUG - 2026-08-22 13:39:14,386 - jasper.verilog - Attempting to add port "MONITOR_ALERT_N" (parent sig: True, parent port: True)
DEBUG - 2026-08-22 13:39:14,386 - jasper.verilog -   Port "MONITOR_ALERT_N" is new
DEBUG - 2026-08-22 13:39:14,386 - jasper.verilog - Attempting to add port "MEZZANINE_COMBINED_FAULT" (parent sig: True, parent port: True)
DEBUG - 2026-08-22 13:39:14,386 - jasper.verilog -   Port "MEZZANINE_COMBINED_FAULT" is new
DEBUG - 2026-08-22 13:39:14,386 - jasper.verilog - Attempting to add port "FPGA_ATX_PSU_KILL" (parent sig: True, parent port: True)
DEBUG - 2026-08-22 13:39:14,386 - jasper.verilog -   Port "FPGA_ATX_PSU_KILL" is new
DEBUG - 2026-08-22 13:39:14,386 - jasper.verilog - Attempting to add port "USB_FPGA" (parent sig: True, parent port: True)
DEBUG - 2026-08-22 13:39:14,386 - jasper.verilog -   Port "USB_FPGA" is new
DEBUG - 2026-08-22 13:39:14,386 - jasper.verilog - Attempting to add port "USB_I2C_CTRL" (parent sig: True, parent port: True)
DEBUG - 2026-08-22 13:39:14,386 - jasper.verilog -   Port "USB_I2C_CTRL" is new
DEBUG - 2026-08-22 13:39:14,386 - jasper.verilog - Attempting to add port "USB_UART_RXD" (parent sig: True, parent port: True)
DEBUG - 2026-08-22 13:39:14,386 - jasper.verilog -   Port "USB_UART_RXD" is new
DEBUG - 2026-08-22 13:39:14,387 - jasper.verilog - Attempting to add port "USB_UART_TXD" (parent sig: True, parent port: True)
DEBUG - 2026-08-22 13:39:14,387 - jasper.verilog -   Port "USB_UART_TXD" is new
DEBUG - 2026-08-22 13:39:14,387 - jasper.verilog - Attempting to add port "PCIE_RST_N" (parent sig: True, parent port: True)
DEBUG - 2026-08-22 13:39:14,387 - jasper.verilog -   Port "PCIE_RST_N" is new
DEBUG - 2026-08-22 13:39:14,387 - jasper.verilog - Attempting to add port "CPU_PWR_BTN_N" (parent sig: True, parent port: True)
DEBUG - 2026-08-22 13:39:14,387 - jasper.verilog -   Port "CPU_PWR_BTN_N" is new
DEBUG - 2026-08-22 13:39:14,387 - jasper.verilog - Attempting to add port "CPU_PWR_OK" (parent sig: True, parent port: True)
DEBUG - 2026-08-22 13:39:14,387 - jasper.verilog -   Port "CPU_PWR_OK" is new
DEBUG - 2026-08-22 13:39:14,387 - jasper.verilog - Attempting to add port "CPU_SYS_RESET_N" (parent sig: True, parent port: True)
DEBUG - 2026-08-22 13:39:14,387 - jasper.verilog -   Port "CPU_SYS_RESET_N" is new
DEBUG - 2026-08-22 13:39:14,387 - jasper.verilog - Attempting to add port "CPU_SUS_S3_N" (parent sig: True, parent port: True)
DEBUG - 2026-08-22 13:39:14,387 - jasper.verilog -   Port "CPU_SUS_S3_N" is new
DEBUG - 2026-08-22 13:39:14,387 - jasper.verilog - Attempting to add port "CPU_SUS_S4_N" (parent sig: True, parent port: True)
DEBUG - 2026-08-22 13:39:14,387 - jasper.verilog -   Port "CPU_SUS_S4_N" is new
DEBUG - 2026-08-22 13:39:14,387 - jasper.verilog - Attempting to add port "CPU_SUS_S5_N" (parent sig: True, parent port: True)
DEBUG - 2026-08-22 13:39:14,387 - jasper.verilog -   Port "CPU_SUS_S5_N" is new
DEBUG - 2026-08-22 13:39:14,387 - jasper.verilog - Attempting to add port "CPU_SUS_STAT_N" (parent sig: True, parent port: True)
DEBUG - 2026-08-22 13:39:14,387 - jasper.verilog -   Port "CPU_SUS_STAT_N" is new
DEBUG - 2026-08-22 13:39:14,387 - jasper.verilog - Attempting to add port "EMCCLK" (parent sig: True, parent port: True)
DEBUG - 2026-08-22 13:39:14,387 - jasper.verilog -   Port "EMCCLK" is new
DEBUG - 2026-08-22 13:39:14,387 - jasper.verilog - Attempting to add port "FPGA_EMCCLK2" (parent sig: True, parent port: True)
DEBUG - 2026-08-22 13:39:14,387 - jasper.verilog -   Port "FPGA_EMCCLK2" is new
DEBUG - 2026-08-22 13:39:14,387 - jasper.verilog - Attempting to add port "FLASH_DQ" (parent sig: True, parent port: True)
DEBUG - 2026-08-22 13:39:14,387 - jasper.verilog -   Port "FLASH_DQ" is new
DEBUG - 2026-08-22 13:39:14,387 - jasper.verilog - Attempting to add port "FLASH_A" (parent sig: True, parent port: True)
DEBUG - 2026-08-22 13:39:14,387 - jasper.verilog -   Port "FLASH_A" is new
DEBUG - 2026-08-22 13:39:14,387 - jasper.verilog - Attempting to add port "FLASH_CS_N" (parent sig: True, parent port: True)
DEBUG - 2026-08-22 13:39:14,387 - jasper.verilog -   Port "FLASH_CS_N" is new
DEBUG - 2026-08-22 13:39:14,387 - jasper.verilog - Attempting to add port "FLASH_OE_N" (parent sig: True, parent port: True)
DEBUG - 2026-08-22 13:39:14,387 - jasper.verilog -   Port "FLASH_OE_N" is new
DEBUG - 2026-08-22 13:39:14,387 - jasper.verilog - Attempting to add port "FLASH_WE_N" (parent sig: True, parent port: True)
DEBUG - 2026-08-22 13:39:14,387 - jasper.verilog -   Port "FLASH_WE_N" is new
DEBUG - 2026-08-22 13:39:14,387 - jasper.verilog - Attempting to add port "FLASH_ADV_N" (parent sig: True, parent port: True)
DEBUG - 2026-08-22 13:39:14,387 - jasper.verilog -   Port "FLASH_ADV_N" is new
DEBUG - 2026-08-22 13:39:14,387 - jasper.verilog - Attempting to add port "FLASH_RS0" (parent sig: True, parent port: True)
DEBUG - 2026-08-22 13:39:14,387 - jasper.verilog -   Port "FLASH_RS0" is new
DEBUG - 2026-08-22 13:39:14,387 - jasper.verilog - Attempting to add port "FLASH_RS1" (parent sig: True, parent port: True)
DEBUG - 2026-08-22 13:39:14,387 - jasper.verilog -   Port "FLASH_RS1" is new
DEBUG - 2026-08-22 13:39:14,387 - jasper.verilog - Attempting to add port "FLASH_WAIT" (parent sig: True, parent port: True)
DEBUG - 2026-08-22 13:39:14,387 - jasper.verilog -   Port "FLASH_WAIT" is new
DEBUG - 2026-08-22 13:39:14,387 - jasper.verilog - Attempting to add port "SPARTAN_CLK" (parent sig: True, parent port: True)
DEBUG - 2026-08-22 13:39:14,387 - jasper.verilog -   Port "SPARTAN_CLK" is new
DEBUG - 2026-08-22 13:39:14,387 - jasper.verilog - Attempting to add port "CONFIG_IO_0" (parent sig: True, parent port: True)
DEBUG - 2026-08-22 13:39:14,387 - jasper.verilog -   Port "CONFIG_IO_0" is new
DEBUG - 2026-08-22 13:39:14,387 - jasper.verilog - Attempting to add port "CONFIG_IO_1" (parent sig: True, parent port: True)
DEBUG - 2026-08-22 13:39:14,387 - jasper.verilog -   Port "CONFIG_IO_1" is new
DEBUG - 2026-08-22 13:39:14,387 - jasper.verilog - Attempting to add port "CONFIG_IO_2" (parent sig: True, parent port: True)
DEBUG - 2026-08-22 13:39:14,387 - jasper.verilog -   Port "CONFIG_IO_2" is new
DEBUG - 2026-08-22 13:39:14,387 - jasper.verilog - Attempting to add port "CONFIG_IO_3" (parent sig: True, parent port: True)
DEBUG - 2026-08-22 13:39:14,387 - jasper.verilog -   Port "CONFIG_IO_3" is new
DEBUG - 2026-08-22 13:39:14,387 - jasper.verilog - Attempting to add port "CONFIG_IO_4" (parent sig: True, parent port: True)
DEBUG - 2026-08-22 13:39:14,387 - jasper.verilog -   Port "CONFIG_IO_4" is new
DEBUG - 2026-08-22 13:39:14,387 - jasper.verilog - Attempting to add port "CONFIG_IO_5" (parent sig: True, parent port: True)
DEBUG - 2026-08-22 13:39:14,387 - jasper.verilog -   Port "CONFIG_IO_5" is new
DEBUG - 2026-08-22 13:39:14,387 - jasper.verilog - Attempting to add port "CONFIG_IO_6" (parent sig: True, parent port: True)
DEBUG - 2026-08-22 13:39:14,387 - jasper.verilog -   Port "CONFIG_IO_6" is new
DEBUG - 2026-08-22 13:39:14,387 - jasper.verilog - Attempting to add port "CONFIG_IO_7" (parent sig: True, parent port: True)
DEBUG - 2026-08-22 13:39:14,387 - jasper.verilog -   Port "CONFIG_IO_7" is new
DEBUG - 2026-08-22 13:39:14,387 - jasper.verilog - Attempting to add port "CONFIG_IO_8" (parent sig: True, parent port: True)
DEBUG - 2026-08-22 13:39:14,387 - jasper.verilog -   Port "CONFIG_IO_8" is new
DEBUG - 2026-08-22 13:39:14,387 - jasper.verilog - Attempting to add port "CONFIG_IO_9" (parent sig: True, parent port: True)
DEBUG - 2026-08-22 13:39:14,387 - jasper.verilog -   Port "CONFIG_IO_9" is new
DEBUG - 2026-08-22 13:39:14,387 - jasper.verilog - Attempting to add port "CONFIG_IO_10" (parent sig: True, parent port: True)
DEBUG - 2026-08-22 13:39:14,387 - jasper.verilog -   Port "CONFIG_IO_10" is new
DEBUG - 2026-08-22 13:39:14,387 - jasper.verilog - Attempting to add port "CONFIG_IO_11" (parent sig: True, parent port: True)
DEBUG - 2026-08-22 13:39:14,387 - jasper.verilog -   Port "CONFIG_IO_11" is new
DEBUG - 2026-08-22 13:39:14,387 - jasper.verilog - Attempting to add port "SPI_MISO" (parent sig: True, parent port: True)
DEBUG - 2026-08-22 13:39:14,387 - jasper.verilog -   Port "SPI_MISO" is new
DEBUG - 2026-08-22 13:39:14,387 - jasper.verilog - Attempting to add port "SPI_MOSI" (parent sig: True, parent port: True)
DEBUG - 2026-08-22 13:39:14,387 - jasper.verilog -   Port "SPI_MOSI" is new
DEBUG - 2026-08-22 13:39:14,387 - jasper.verilog - Attempting to add port "SPI_CSB" (parent sig: True, parent port: True)
DEBUG - 2026-08-22 13:39:14,387 - jasper.verilog -   Port "SPI_CSB" is new
DEBUG - 2026-08-22 13:39:14,387 - jasper.verilog - Attempting to add port "SPI_CLK" (parent sig: True, parent port: True)
DEBUG - 2026-08-22 13:39:14,387 - jasper.verilog -   Port "SPI_CLK" is new
DEBUG - 2026-08-22 13:39:14,388 - jasper.verilog - Attempting to add port "DEBUG_UART_TX" (parent sig: True, parent port: True)
DEBUG - 2026-08-22 13:39:14,388 - jasper.verilog -   Port "DEBUG_UART_TX" is new
DEBUG - 2026-08-22 13:39:14,388 - jasper.verilog - Attempting to add port "DEBUG_UART_RX" (parent sig: True, parent port: True)
DEBUG - 2026-08-22 13:39:14,388 - jasper.verilog -   Port "DEBUG_UART_RX" is new
DEBUG - 2026-08-22 13:39:14,388 - jasper.verilog - Attempting to add port "EMCCLK_FIX" (parent sig: True, parent port: True)
DEBUG - 2026-08-22 13:39:14,388 - jasper.verilog -   Port "EMCCLK_FIX" is new
DEBUG - 2026-08-22 13:39:14,388 - jasper.verilog - Attempting to add port "WB_SLV_CLK_I_top" (parent sig: True, parent port: False)
DEBUG - 2026-08-22 13:39:14,388 - jasper.verilog -   Port "WB_SLV_CLK_I_top" is new
DEBUG - 2026-08-22 13:39:14,388 - jasper.verilog - Attempting to add port "WB_SLV_RST_I_top" (parent sig: True, parent port: False)
DEBUG - 2026-08-22 13:39:14,388 - jasper.verilog -   Port "WB_SLV_RST_I_top" is new
DEBUG - 2026-08-22 13:39:14,388 - jasper.verilog - Attempting to add port "WB_SLV_DAT_I_top" (parent sig: True, parent port: False)
DEBUG - 2026-08-22 13:39:14,388 - jasper.verilog -   Port "WB_SLV_DAT_I_top" is new
DEBUG - 2026-08-22 13:39:14,388 - jasper.verilog - Attempting to add port "WB_SLV_DAT_O_top" (parent sig: True, parent port: False)
DEBUG - 2026-08-22 13:39:14,388 - jasper.verilog -   Port "WB_SLV_DAT_O_top" is new
DEBUG - 2026-08-22 13:39:14,388 - jasper.verilog - Attempting to add port "WB_SLV_ACK_O_top" (parent sig: True, parent port: False)
DEBUG - 2026-08-22 13:39:14,388 - jasper.verilog -   Port "WB_SLV_ACK_O_top" is new
DEBUG - 2026-08-22 13:39:14,388 - jasper.verilog - Attempting to add port "WB_SLV_ADR_I_top" (parent sig: True, parent port: False)
DEBUG - 2026-08-22 13:39:14,388 - jasper.verilog -   Port "WB_SLV_ADR_I_top" is new
DEBUG - 2026-08-22 13:39:14,388 - jasper.verilog - Attempting to add port "WB_SLV_CYC_I_top" (parent sig: True, parent port: False)
DEBUG - 2026-08-22 13:39:14,388 - jasper.verilog -   Port "WB_SLV_CYC_I_top" is new
DEBUG - 2026-08-22 13:39:14,388 - jasper.verilog - Attempting to add port "WB_SLV_SEL_I_top" (parent sig: True, parent port: False)
DEBUG - 2026-08-22 13:39:14,388 - jasper.verilog -   Port "WB_SLV_SEL_I_top" is new
DEBUG - 2026-08-22 13:39:14,388 - jasper.verilog - Attempting to add port "WB_SLV_STB_I_top" (parent sig: True, parent port: False)
DEBUG - 2026-08-22 13:39:14,388 - jasper.verilog -   Port "WB_SLV_STB_I_top" is new
DEBUG - 2026-08-22 13:39:14,388 - jasper.verilog - Attempting to add port "WB_SLV_WE_I_top" (parent sig: True, parent port: False)
DEBUG - 2026-08-22 13:39:14,388 - jasper.verilog -   Port "WB_SLV_WE_I_top" is new
DEBUG - 2026-08-22 13:39:14,388 - jasper.verilog - Attempting to add port "dsp_leds_i" (parent sig: True, parent port: False)
DEBUG - 2026-08-22 13:39:14,388 - jasper.verilog -   Port "dsp_leds_i" is new
DEBUG - 2026-08-22 13:39:14,388 - jasper.verilog - Attempting to add port "fpga_leds_o" (parent sig: True, parent port: True)
DEBUG - 2026-08-22 13:39:14,388 - jasper.verilog -   Port "fpga_leds_o" is new
DEBUG - 2026-08-22 13:39:14,388 - jasper.toolflow - modifying top for obj xps:sys_block0
DEBUG - 2026-08-22 13:39:14,388 - jasper.verilog - Initializing second-layer dictionairies for: sys_block: SKARAB
DEBUG - 2026-08-22 13:39:14,388 - jasper.verilog - Initializing second-layer dictionairies for: default
DEBUG - 2026-08-22 13:39:14,388 - jasper.verilog -   Parameter "BOARD_ID" is new
DEBUG - 2026-08-22 13:39:14,388 - jasper.verilog -   Parameter "REV_MAJ" is new
DEBUG - 2026-08-22 13:39:14,388 - jasper.verilog -   Parameter "REV_MIN" is new
DEBUG - 2026-08-22 13:39:14,388 - jasper.verilog -   Parameter "REV_RCS" is new
DEBUG - 2026-08-22 13:39:14,388 - jasper.verilog - Attempting to add port "user_clk" (parent sig: False, parent port: False)
DEBUG - 2026-08-22 13:39:14,388 - jasper.verilog -   Port "user_clk" is new
DEBUG - 2026-08-22 13:39:14,388 - jasper.verilog - Attempting to add port "wb_clk_i" (parent sig: False, parent port: False)
DEBUG - 2026-08-22 13:39:14,388 - jasper.verilog -   Port "wb_clk_i" is new
DEBUG - 2026-08-22 13:39:14,388 - jasper.verilog - Attempting to add port "wb_rst_i" (parent sig: False, parent port: False)
DEBUG - 2026-08-22 13:39:14,388 - jasper.verilog -   Port "wb_rst_i" is new
DEBUG - 2026-08-22 13:39:14,388 - jasper.verilog - Attempting to add port "wb_cyc_i" (parent sig: False, parent port: False)
DEBUG - 2026-08-22 13:39:14,388 - jasper.verilog -   Port "wb_cyc_i" is new
DEBUG - 2026-08-22 13:39:14,388 - jasper.verilog - Attempting to add port "wb_stb_i" (parent sig: False, parent port: False)
DEBUG - 2026-08-22 13:39:14,388 - jasper.verilog -   Port "wb_stb_i" is new
DEBUG - 2026-08-22 13:39:14,388 - jasper.verilog - Attempting to add port "wb_we_i" (parent sig: False, parent port: False)
DEBUG - 2026-08-22 13:39:14,388 - jasper.verilog -   Port "wb_we_i" is new
DEBUG - 2026-08-22 13:39:14,388 - jasper.verilog - Attempting to add port "wb_sel_i" (parent sig: False, parent port: False)
DEBUG - 2026-08-22 13:39:14,388 - jasper.verilog -   Port "wb_sel_i" is new
DEBUG - 2026-08-22 13:39:14,388 - jasper.verilog - Attempting to add port "wb_adr_i" (parent sig: False, parent port: False)
DEBUG - 2026-08-22 13:39:14,388 - jasper.verilog -   Port "wb_adr_i" is new
DEBUG - 2026-08-22 13:39:14,388 - jasper.verilog - Attempting to add port "wb_dat_i" (parent sig: False, parent port: False)
DEBUG - 2026-08-22 13:39:14,388 - jasper.verilog -   Port "wb_dat_i" is new
DEBUG - 2026-08-22 13:39:14,388 - jasper.verilog - Attempting to add port "wb_dat_o" (parent sig: False, parent port: False)
DEBUG - 2026-08-22 13:39:14,388 - jasper.verilog -   Port "wb_dat_o" is new
DEBUG - 2026-08-22 13:39:14,388 - jasper.verilog - Attempting to add port "wb_ack_o" (parent sig: False, parent port: False)
DEBUG - 2026-08-22 13:39:14,388 - jasper.verilog -   Port "wb_ack_o" is new
DEBUG - 2026-08-22 13:39:14,388 - jasper.verilog - Attempting to add port "wb_err_o" (parent sig: False, parent port: False)
DEBUG - 2026-08-22 13:39:14,388 - jasper.verilog -   Port "wb_err_o" is new
INFO - 2026-08-22 13:39:14,388 - jasper.toolflow - instantiating user_ip
DEBUG - 2026-08-22 13:39:14,388 - jasper.verilog - Initializing second-layer dictionairies for: default
DEBUG - 2026-08-22 13:39:14,388 - jasper.verilog - Initializing second-layer dictionairies for: usermodule: ethernet_one_gbe_skarab_axi
DEBUG - 2026-08-22 13:39:14,388 - jasper.verilog - Attempting to add port "clk" (parent sig: False, parent port: False)
DEBUG - 2026-08-22 13:39:14,388 - jasper.verilog -   Port "clk" is new
DEBUG - 2026-08-22 13:39:14,388 - jasper.verilog - Attempting to add port "ethernet_one_gbe_skarab_axi_addr_data_fifo_user_data_out" (parent sig: False, parent port: False)
DEBUG - 2026-08-22 13:39:14,388 - jasper.verilog -   Port "ethernet_one_gbe_skarab_axi_addr_data_fifo_user_data_out" is new
DEBUG - 2026-08-22 13:39:14,388 - jasper.verilog - Attempting to add port "ethernet_one_gbe_skarab_axi_addr_data_gbe_user_data_out" (parent sig: False, parent port: False)
DEBUG - 2026-08-22 13:39:14,388 - jasper.verilog -   Port "ethernet_one_gbe_skarab_axi_addr_data_gbe_user_data_out" is new
DEBUG - 2026-08-22 13:39:14,388 - jasper.verilog - Attempting to add port "ethernet_one_gbe_skarab_axi_d3_ss_bram_data_out" (parent sig: False, parent port: False)
DEBUG - 2026-08-22 13:39:14,388 - jasper.verilog -   Port "ethernet_one_gbe_skarab_axi_d3_ss_bram_data_out" is new
DEBUG - 2026-08-22 13:39:14,388 - jasper.verilog - Attempting to add port "skarab_tx_1gbe_tx_rx_valmir_d3_ss_ctrl_user_data_out" (parent sig: False, parent port: False)
DEBUG - 2026-08-22 13:39:14,388 - jasper.verilog -   Port "skarab_tx_1gbe_tx_rx_valmir_d3_ss_ctrl_user_data_out" is new
DEBUG - 2026-08-22 13:39:14,388 - jasper.verilog - Attempting to add port "ethernet_one_gbe_skarab_axi_d4_ss_bram_data_out" (parent sig: False, parent port: False)
DEBUG - 2026-08-22 13:39:14,388 - jasper.verilog -   Port "ethernet_one_gbe_skarab_axi_d4_ss_bram_data_out" is new
DEBUG - 2026-08-22 13:39:14,389 - jasper.verilog - Attempting to add port "skarab_tx_1gbe_tx_rx_valmir_d4_ss_ctrl_user_data_out" (parent sig: False, parent port: False)
DEBUG - 2026-08-22 13:39:14,389 - jasper.verilog -   Port "skarab_tx_1gbe_tx_rx_valmir_d4_ss_ctrl_user_data_out" is new
DEBUG - 2026-08-22 13:39:14,389 - jasper.verilog - Attempting to add port "ethernet_one_gbe_skarab_axi_d5_ss_bram_data_out" (parent sig: False, parent port: False)
DEBUG - 2026-08-22 13:39:14,389 - jasper.verilog -   Port "ethernet_one_gbe_skarab_axi_d5_ss_bram_data_out" is new
DEBUG - 2026-08-22 13:39:14,389 - jasper.verilog - Attempting to add port "skarab_tx_1gbe_tx_rx_valmir_d5_ss_ctrl_user_data_out" (parent sig: False, parent port: False)
DEBUG - 2026-08-22 13:39:14,389 - jasper.verilog -   Port "skarab_tx_1gbe_tx_rx_valmir_d5_ss_ctrl_user_data_out" is new
DEBUG - 2026-08-22 13:39:14,389 - jasper.verilog - Attempting to add port "ethernet_one_gbe_skarab_axi_dec_dactor_user_data_out" (parent sig: False, parent port: False)
DEBUG - 2026-08-22 13:39:14,389 - jasper.verilog -   Port "ethernet_one_gbe_skarab_axi_dec_dactor_user_data_out" is new
DEBUG - 2026-08-22 13:39:14,389 - jasper.verilog - Attempting to add port "ethernet_one_gbe_skarab_axi_input_fir_bram_data_out" (parent sig: False, parent port: False)
DEBUG - 2026-08-22 13:39:14,389 - jasper.verilog -   Port "ethernet_one_gbe_skarab_axi_input_fir_bram_data_out" is new
DEBUG - 2026-08-22 13:39:14,389 - jasper.verilog - Attempting to add port "ethernet_one_gbe_skarab_axi_input_fir_ctrl_user_data_out" (parent sig: False, parent port: False)
DEBUG - 2026-08-22 13:39:14,389 - jasper.verilog -   Port "ethernet_one_gbe_skarab_axi_input_fir_ctrl_user_data_out" is new
DEBUG - 2026-08-22 13:39:14,389 - jasper.verilog - Attempting to add port "ethernet_one_gbe_skarab_axi_input_fir_trig_offset_user_data_out" (parent sig: False, parent port: False)
DEBUG - 2026-08-22 13:39:14,389 - jasper.verilog -   Port "ethernet_one_gbe_skarab_axi_input_fir_trig_offset_user_data_out" is new
DEBUG - 2026-08-22 13:39:14,389 - jasper.verilog - Attempting to add port "ethernet_one_gbe_skarab_axi_output_fir_bram_data_out" (parent sig: False, parent port: False)
DEBUG - 2026-08-22 13:39:14,389 - jasper.verilog -   Port "ethernet_one_gbe_skarab_axi_output_fir_bram_data_out" is new
DEBUG - 2026-08-22 13:39:14,389 - jasper.verilog - Attempting to add port "ethernet_one_gbe_skarab_axi_output_fir_ctrl_user_data_out" (parent sig: False, parent port: False)
DEBUG - 2026-08-22 13:39:14,389 - jasper.verilog -   Port "ethernet_one_gbe_skarab_axi_output_fir_ctrl_user_data_out" is new
DEBUG - 2026-08-22 13:39:14,389 - jasper.verilog - Attempting to add port "ethernet_one_gbe_skarab_axi_output_fir_trig_offset_user_data_out" (parent sig: False, parent port: False)
DEBUG - 2026-08-22 13:39:14,389 - jasper.verilog -   Port "ethernet_one_gbe_skarab_axi_output_fir_trig_offset_user_data_out" is new
DEBUG - 2026-08-22 13:39:14,389 - jasper.verilog - Attempting to add port "ethernet_one_gbe_skarab_axi_pkt_ctrs1_ss_bram_data_out" (parent sig: False, parent port: False)
DEBUG - 2026-08-22 13:39:14,389 - jasper.verilog -   Port "ethernet_one_gbe_skarab_axi_pkt_ctrs1_ss_bram_data_out" is new
DEBUG - 2026-08-22 13:39:14,389 - jasper.verilog - Attempting to add port "skarab_tx_1gbe_tx_rx_valmir_pkt_ctrs1_ss_ctrl_user_data_out" (parent sig: False, parent port: False)
DEBUG - 2026-08-22 13:39:14,389 - jasper.verilog -   Port "skarab_tx_1gbe_tx_rx_valmir_pkt_ctrs1_ss_ctrl_user_data_out" is new
DEBUG - 2026-08-22 13:39:14,389 - jasper.verilog - Attempting to add port "ethernet_one_gbe_skarab_axi_pkt_ctrs_compare1_ss_bram_data_out" (parent sig: False, parent port: False)
DEBUG - 2026-08-22 13:39:14,389 - jasper.verilog -   Port "ethernet_one_gbe_skarab_axi_pkt_ctrs_compare1_ss_bram_data_out" is new
DEBUG - 2026-08-22 13:39:14,389 - jasper.verilog - Attempting to add port "skarab_tx_1gbe_tx_rx_valmir_pkt_ctrs_compare1_ss_ctrl_user_data_out" (parent sig: False, parent port: False)
DEBUG - 2026-08-22 13:39:14,389 - jasper.verilog -   Port "skarab_tx_1gbe_tx_rx_valmir_pkt_ctrs_compare1_ss_ctrl_user_data_out" is new
DEBUG - 2026-08-22 13:39:14,389 - jasper.verilog - Attempting to add port "ethernet_one_gbe_skarab_axi_read_gbe_or_fifo_user_data_out" (parent sig: False, parent port: False)
DEBUG - 2026-08-22 13:39:14,389 - jasper.verilog -   Port "ethernet_one_gbe_skarab_axi_read_gbe_or_fifo_user_data_out" is new
DEBUG - 2026-08-22 13:39:14,389 - jasper.verilog - Attempting to add port "ethernet_one_gbe_skarab_axi_rx_control1_user_data_out" (parent sig: False, parent port: False)
DEBUG - 2026-08-22 13:39:14,389 - jasper.verilog -   Port "ethernet_one_gbe_skarab_axi_rx_control1_user_data_out" is new
DEBUG - 2026-08-22 13:39:14,389 - jasper.verilog - Attempting to add port "ethernet_one_gbe_skarab_axi_tx_control_user_data_out" (parent sig: False, parent port: False)
DEBUG - 2026-08-22 13:39:14,389 - jasper.verilog -   Port "ethernet_one_gbe_skarab_axi_tx_control_user_data_out" is new
DEBUG - 2026-08-22 13:39:14,389 - jasper.verilog - Attempting to add port "ethernet_one_gbe_skarab_axi_tx_one_gbe_app_dbg_data" (parent sig: False, parent port: False)
DEBUG - 2026-08-22 13:39:14,389 - jasper.verilog -   Port "ethernet_one_gbe_skarab_axi_tx_one_gbe_app_dbg_data" is new
DEBUG - 2026-08-22 13:39:14,389 - jasper.verilog - Attempting to add port "ethernet_one_gbe_skarab_axi_tx_one_gbe_app_dbg_dvld" (parent sig: False, parent port: False)
DEBUG - 2026-08-22 13:39:14,389 - jasper.verilog -   Port "ethernet_one_gbe_skarab_axi_tx_one_gbe_app_dbg_dvld" is new
DEBUG - 2026-08-22 13:39:14,389 - jasper.verilog - Attempting to add port "ethernet_one_gbe_skarab_axi_tx_one_gbe_app_rx_badframe" (parent sig: False, parent port: False)
DEBUG - 2026-08-22 13:39:14,389 - jasper.verilog -   Port "ethernet_one_gbe_skarab_axi_tx_one_gbe_app_rx_badframe" is new
DEBUG - 2026-08-22 13:39:14,389 - jasper.verilog - Attempting to add port "ethernet_one_gbe_skarab_axi_tx_one_gbe_app_rx_data" (parent sig: False, parent port: False)
DEBUG - 2026-08-22 13:39:14,389 - jasper.verilog -   Port "ethernet_one_gbe_skarab_axi_tx_one_gbe_app_rx_data" is new
DEBUG - 2026-08-22 13:39:14,389 - jasper.verilog - Attempting to add port "ethernet_one_gbe_skarab_axi_tx_one_gbe_app_rx_dvld" (parent sig: False, parent port: False)
DEBUG - 2026-08-22 13:39:14,389 - jasper.verilog -   Port "ethernet_one_gbe_skarab_axi_tx_one_gbe_app_rx_dvld" is new
DEBUG - 2026-08-22 13:39:14,389 - jasper.verilog - Attempting to add port "ethernet_one_gbe_skarab_axi_tx_one_gbe_app_rx_eof" (parent sig: False, parent port: False)
DEBUG - 2026-08-22 13:39:14,389 - jasper.verilog -   Port "ethernet_one_gbe_skarab_axi_tx_one_gbe_app_rx_eof" is new
DEBUG - 2026-08-22 13:39:14,389 - jasper.verilog - Attempting to add port "ethernet_one_gbe_skarab_axi_tx_one_gbe_app_rx_overrun" (parent sig: False, parent port: False)
DEBUG - 2026-08-22 13:39:14,389 - jasper.verilog -   Port "ethernet_one_gbe_skarab_axi_tx_one_gbe_app_rx_overrun" is new
DEBUG - 2026-08-22 13:39:14,389 - jasper.verilog - Attempting to add port "ethernet_one_gbe_skarab_axi_tx_one_gbe_app_rx_srcip" (parent sig: False, parent port: False)
DEBUG - 2026-08-22 13:39:14,389 - jasper.verilog -   Port "ethernet_one_gbe_skarab_axi_tx_one_gbe_app_rx_srcip" is new
DEBUG - 2026-08-22 13:39:14,389 - jasper.verilog - Attempting to add port "ethernet_one_gbe_skarab_axi_tx_one_gbe_app_rx_srcport" (parent sig: False, parent port: False)
DEBUG - 2026-08-22 13:39:14,389 - jasper.verilog -   Port "ethernet_one_gbe_skarab_axi_tx_one_gbe_app_rx_srcport" is new
DEBUG - 2026-08-22 13:39:14,389 - jasper.verilog - Attempting to add port "ethernet_one_gbe_skarab_axi_tx_one_gbe_app_tx_afull" (parent sig: False, parent port: False)
DEBUG - 2026-08-22 13:39:14,389 - jasper.verilog -   Port "ethernet_one_gbe_skarab_axi_tx_one_gbe_app_tx_afull" is new
DEBUG - 2026-08-22 13:39:14,389 - jasper.verilog - Attempting to add port "ethernet_one_gbe_skarab_axi_tx_one_gbe_app_tx_overflow" (parent sig: False, parent port: False)
DEBUG - 2026-08-22 13:39:14,389 - jasper.verilog -   Port "ethernet_one_gbe_skarab_axi_tx_one_gbe_app_tx_overflow" is new
DEBUG - 2026-08-22 13:39:14,389 - jasper.verilog - Attempting to add port "skarab_tx_1gbe_tx_rx_valmir_clk_mhz_user_data_in" (parent sig: False, parent port: False)
DEBUG - 2026-08-22 13:39:14,389 - jasper.verilog -   Port "skarab_tx_1gbe_tx_rx_valmir_clk_mhz_user_data_in" is new
DEBUG - 2026-08-22 13:39:14,389 - jasper.verilog - Attempting to add port "ethernet_one_gbe_skarab_axi_d3_ss_bram_addr" (parent sig: False, parent port: False)
DEBUG - 2026-08-22 13:39:14,389 - jasper.verilog -   Port "ethernet_one_gbe_skarab_axi_d3_ss_bram_addr" is new
DEBUG - 2026-08-22 13:39:14,389 - jasper.verilog - Attempting to add port "ethernet_one_gbe_skarab_axi_d3_ss_bram_data_in" (parent sig: False, parent port: False)
DEBUG - 2026-08-22 13:39:14,389 - jasper.verilog -   Port "ethernet_one_gbe_skarab_axi_d3_ss_bram_data_in" is new
DEBUG - 2026-08-22 13:39:14,389 - jasper.verilog - Attempting to add port "ethernet_one_gbe_skarab_axi_d3_ss_bram_we" (parent sig: False, parent port: False)
DEBUG - 2026-08-22 13:39:14,389 - jasper.verilog -   Port "ethernet_one_gbe_skarab_axi_d3_ss_bram_we" is new
DEBUG - 2026-08-22 13:39:14,389 - jasper.verilog - Attempting to add port "ethernet_one_gbe_skarab_axi_d3_ss_status_user_data_in" (parent sig: False, parent port: False)
DEBUG - 2026-08-22 13:39:14,389 - jasper.verilog -   Port "ethernet_one_gbe_skarab_axi_d3_ss_status_user_data_in" is new
DEBUG - 2026-08-22 13:39:14,389 - jasper.verilog - Attempting to add port "ethernet_one_gbe_skarab_axi_d4_ss_bram_addr" (parent sig: False, parent port: False)
DEBUG - 2026-08-22 13:39:14,389 - jasper.verilog -   Port "ethernet_one_gbe_skarab_axi_d4_ss_bram_addr" is new
DEBUG - 2026-08-22 13:39:14,389 - jasper.verilog - Attempting to add port "ethernet_one_gbe_skarab_axi_d4_ss_bram_data_in" (parent sig: False, parent port: False)
DEBUG - 2026-08-22 13:39:14,389 - jasper.verilog -   Port "ethernet_one_gbe_skarab_axi_d4_ss_bram_data_in" is new
DEBUG - 2026-08-22 13:39:14,389 - jasper.verilog - Attempting to add port "ethernet_one_gbe_skarab_axi_d4_ss_bram_we" (parent sig: False, parent port: False)
DEBUG - 2026-08-22 13:39:14,389 - jasper.verilog -   Port "ethernet_one_gbe_skarab_axi_d4_ss_bram_we" is new
DEBUG - 2026-08-22 13:39:14,389 - jasper.verilog - Attempting to add port "ethernet_one_gbe_skarab_axi_d4_ss_status_user_data_in" (parent sig: False, parent port: False)
DEBUG - 2026-08-22 13:39:14,389 - jasper.verilog -   Port "ethernet_one_gbe_skarab_axi_d4_ss_status_user_data_in" is new
DEBUG - 2026-08-22 13:39:14,389 - jasper.verilog - Attempting to add port "ethernet_one_gbe_skarab_axi_d5_ss_bram_addr" (parent sig: False, parent port: False)
DEBUG - 2026-08-22 13:39:14,389 - jasper.verilog -   Port "ethernet_one_gbe_skarab_axi_d5_ss_bram_addr" is new
DEBUG - 2026-08-22 13:39:14,389 - jasper.verilog - Attempting to add port "ethernet_one_gbe_skarab_axi_d5_ss_bram_data_in" (parent sig: False, parent port: False)
DEBUG - 2026-08-22 13:39:14,389 - jasper.verilog -   Port "ethernet_one_gbe_skarab_axi_d5_ss_bram_data_in" is new
DEBUG - 2026-08-22 13:39:14,389 - jasper.verilog - Attempting to add port "ethernet_one_gbe_skarab_axi_d5_ss_bram_we" (parent sig: False, parent port: False)
DEBUG - 2026-08-22 13:39:14,389 - jasper.verilog -   Port "ethernet_one_gbe_skarab_axi_d5_ss_bram_we" is new
DEBUG - 2026-08-22 13:39:14,389 - jasper.verilog - Attempting to add port "ethernet_one_gbe_skarab_axi_d5_ss_status_user_data_in" (parent sig: False, parent port: False)
DEBUG - 2026-08-22 13:39:14,389 - jasper.verilog -   Port "ethernet_one_gbe_skarab_axi_d5_ss_status_user_data_in" is new
DEBUG - 2026-08-22 13:39:14,389 - jasper.verilog - Attempting to add port "ethernet_one_gbe_skarab_axi_data_rx_valmir_user_data_in" (parent sig: False, parent port: False)
DEBUG - 2026-08-22 13:39:14,389 - jasper.verilog -   Port "ethernet_one_gbe_skarab_axi_data_rx_valmir_user_data_in" is new
DEBUG - 2026-08-22 13:39:14,389 - jasper.verilog - Attempting to add port "ethernet_one_gbe_skarab_axi_debug_rx_data_mem_fifo_user_data_in" (parent sig: False, parent port: False)
DEBUG - 2026-08-22 13:39:14,389 - jasper.verilog -   Port "ethernet_one_gbe_skarab_axi_debug_rx_data_mem_fifo_user_data_in" is new
DEBUG - 2026-08-22 13:39:14,389 - jasper.verilog - Attempting to add port "ethernet_one_gbe_skarab_axi_debug_rx_data_mem_gbe_user_data_in" (parent sig: False, parent port: False)
DEBUG - 2026-08-22 13:39:14,389 - jasper.verilog -   Port "ethernet_one_gbe_skarab_axi_debug_rx_data_mem_gbe_user_data_in" is new
DEBUG - 2026-08-22 13:39:14,390 - jasper.verilog - Attempting to add port "ethernet_one_gbe_skarab_axi_err_marker1_user_data_in" (parent sig: False, parent port: False)
DEBUG - 2026-08-22 13:39:14,390 - jasper.verilog -   Port "ethernet_one_gbe_skarab_axi_err_marker1_user_data_in" is new
DEBUG - 2026-08-22 13:39:14,390 - jasper.verilog - Attempting to add port "ethernet_one_gbe_skarab_axi_err_pkt_ctr1_user_data_in" (parent sig: False, parent port: False)
DEBUG - 2026-08-22 13:39:14,390 - jasper.verilog -   Port "ethernet_one_gbe_skarab_axi_err_pkt_ctr1_user_data_in" is new
DEBUG - 2026-08-22 13:39:14,390 - jasper.verilog - Attempting to add port "ethernet_one_gbe_skarab_axi_err_pkt_ctr_step1_user_data_in" (parent sig: False, parent port: False)
DEBUG - 2026-08-22 13:39:14,390 - jasper.verilog -   Port "ethernet_one_gbe_skarab_axi_err_pkt_ctr_step1_user_data_in" is new
DEBUG - 2026-08-22 13:39:14,390 - jasper.verilog - Attempting to add port "ethernet_one_gbe_skarab_axi_err_ramp1_user_data_in" (parent sig: False, parent port: False)
DEBUG - 2026-08-22 13:39:14,390 - jasper.verilog -   Port "ethernet_one_gbe_skarab_axi_err_ramp1_user_data_in" is new
DEBUG - 2026-08-22 13:39:14,390 - jasper.verilog - Attempting to add port "ethernet_one_gbe_skarab_axi_err_valid_raw1_user_data_in" (parent sig: False, parent port: False)
DEBUG - 2026-08-22 13:39:14,390 - jasper.verilog -   Port "ethernet_one_gbe_skarab_axi_err_valid_raw1_user_data_in" is new
DEBUG - 2026-08-22 13:39:14,390 - jasper.verilog - Attempting to add port "ethernet_one_gbe_skarab_axi_err_walk1_user_data_in" (parent sig: False, parent port: False)
DEBUG - 2026-08-22 13:39:14,390 - jasper.verilog -   Port "ethernet_one_gbe_skarab_axi_err_walk1_user_data_in" is new
DEBUG - 2026-08-22 13:39:14,390 - jasper.verilog - Attempting to add port "ethernet_one_gbe_skarab_axi_input_fir_bram_addr" (parent sig: False, parent port: False)
DEBUG - 2026-08-22 13:39:14,390 - jasper.verilog -   Port "ethernet_one_gbe_skarab_axi_input_fir_bram_addr" is new
DEBUG - 2026-08-22 13:39:14,390 - jasper.verilog - Attempting to add port "ethernet_one_gbe_skarab_axi_input_fir_bram_data_in" (parent sig: False, parent port: False)
DEBUG - 2026-08-22 13:39:14,390 - jasper.verilog -   Port "ethernet_one_gbe_skarab_axi_input_fir_bram_data_in" is new
DEBUG - 2026-08-22 13:39:14,390 - jasper.verilog - Attempting to add port "ethernet_one_gbe_skarab_axi_input_fir_bram_we" (parent sig: False, parent port: False)
DEBUG - 2026-08-22 13:39:14,390 - jasper.verilog -   Port "ethernet_one_gbe_skarab_axi_input_fir_bram_we" is new
DEBUG - 2026-08-22 13:39:14,390 - jasper.verilog - Attempting to add port "ethernet_one_gbe_skarab_axi_input_fir_status_user_data_in" (parent sig: False, parent port: False)
DEBUG - 2026-08-22 13:39:14,390 - jasper.verilog -   Port "ethernet_one_gbe_skarab_axi_input_fir_status_user_data_in" is new
DEBUG - 2026-08-22 13:39:14,390 - jasper.verilog - Attempting to add port "ethernet_one_gbe_skarab_axi_output_fir_bram_addr" (parent sig: False, parent port: False)
DEBUG - 2026-08-22 13:39:14,390 - jasper.verilog -   Port "ethernet_one_gbe_skarab_axi_output_fir_bram_addr" is new
DEBUG - 2026-08-22 13:39:14,390 - jasper.verilog - Attempting to add port "ethernet_one_gbe_skarab_axi_output_fir_bram_data_in" (parent sig: False, parent port: False)
DEBUG - 2026-08-22 13:39:14,390 - jasper.verilog -   Port "ethernet_one_gbe_skarab_axi_output_fir_bram_data_in" is new
DEBUG - 2026-08-22 13:39:14,390 - jasper.verilog - Attempting to add port "ethernet_one_gbe_skarab_axi_output_fir_bram_we" (parent sig: False, parent port: False)
DEBUG - 2026-08-22 13:39:14,390 - jasper.verilog -   Port "ethernet_one_gbe_skarab_axi_output_fir_bram_we" is new
DEBUG - 2026-08-22 13:39:14,390 - jasper.verilog - Attempting to add port "ethernet_one_gbe_skarab_axi_output_fir_status_user_data_in" (parent sig: False, parent port: False)
DEBUG - 2026-08-22 13:39:14,390 - jasper.verilog -   Port "ethernet_one_gbe_skarab_axi_output_fir_status_user_data_in" is new
DEBUG - 2026-08-22 13:39:14,390 - jasper.verilog - Attempting to add port "ethernet_one_gbe_skarab_axi_pkt_ctrs1_ss_bram_addr" (parent sig: False, parent port: False)
DEBUG - 2026-08-22 13:39:14,390 - jasper.verilog -   Port "ethernet_one_gbe_skarab_axi_pkt_ctrs1_ss_bram_addr" is new
DEBUG - 2026-08-22 13:39:14,390 - jasper.verilog - Attempting to add port "ethernet_one_gbe_skarab_axi_pkt_ctrs1_ss_bram_data_in" (parent sig: False, parent port: False)
DEBUG - 2026-08-22 13:39:14,390 - jasper.verilog -   Port "ethernet_one_gbe_skarab_axi_pkt_ctrs1_ss_bram_data_in" is new
DEBUG - 2026-08-22 13:39:14,390 - jasper.verilog - Attempting to add port "ethernet_one_gbe_skarab_axi_pkt_ctrs1_ss_bram_we" (parent sig: False, parent port: False)
DEBUG - 2026-08-22 13:39:14,390 - jasper.verilog -   Port "ethernet_one_gbe_skarab_axi_pkt_ctrs1_ss_bram_we" is new
DEBUG - 2026-08-22 13:39:14,390 - jasper.verilog - Attempting to add port "ethernet_one_gbe_skarab_axi_pkt_ctrs1_ss_status_user_data_in" (parent sig: False, parent port: False)
DEBUG - 2026-08-22 13:39:14,390 - jasper.verilog -   Port "ethernet_one_gbe_skarab_axi_pkt_ctrs1_ss_status_user_data_in" is new
DEBUG - 2026-08-22 13:39:14,390 - jasper.verilog - Attempting to add port "ethernet_one_gbe_skarab_axi_pkt_ctrs_compare1_ss_bram_addr" (parent sig: False, parent port: False)
DEBUG - 2026-08-22 13:39:14,390 - jasper.verilog -   Port "ethernet_one_gbe_skarab_axi_pkt_ctrs_compare1_ss_bram_addr" is new
DEBUG - 2026-08-22 13:39:14,390 - jasper.verilog - Attempting to add port "ethernet_one_gbe_skarab_axi_pkt_ctrs_compare1_ss_bram_data_in" (parent sig: False, parent port: False)
DEBUG - 2026-08-22 13:39:14,390 - jasper.verilog -   Port "ethernet_one_gbe_skarab_axi_pkt_ctrs_compare1_ss_bram_data_in" is new
DEBUG - 2026-08-22 13:39:14,390 - jasper.verilog - Attempting to add port "ethernet_one_gbe_skarab_axi_pkt_ctrs_compare1_ss_bram_we" (parent sig: False, parent port: False)
DEBUG - 2026-08-22 13:39:14,390 - jasper.verilog -   Port "ethernet_one_gbe_skarab_axi_pkt_ctrs_compare1_ss_bram_we" is new
DEBUG - 2026-08-22 13:39:14,390 - jasper.verilog - Attempting to add port "ethernet_one_gbe_skarab_axi_pkt_ctrs_compare1_ss_status_user_data_in" (parent sig: False, parent port: False)
DEBUG - 2026-08-22 13:39:14,390 - jasper.verilog -   Port "ethernet_one_gbe_skarab_axi_pkt_ctrs_compare1_ss_status_user_data_in" is new
DEBUG - 2026-08-22 13:39:14,390 - jasper.verilog - Attempting to add port "ethernet_one_gbe_skarab_axi_rx_badframe1_user_data_in" (parent sig: False, parent port: False)
DEBUG - 2026-08-22 13:39:14,390 - jasper.verilog -   Port "ethernet_one_gbe_skarab_axi_rx_badframe1_user_data_in" is new
DEBUG - 2026-08-22 13:39:14,390 - jasper.verilog - Attempting to add port "ethernet_one_gbe_skarab_axi_rx_eof1_user_data_in" (parent sig: False, parent port: False)
DEBUG - 2026-08-22 13:39:14,390 - jasper.verilog -   Port "ethernet_one_gbe_skarab_axi_rx_eof1_user_data_in" is new
DEBUG - 2026-08-22 13:39:14,390 - jasper.verilog - Attempting to add port "ethernet_one_gbe_skarab_axi_rx_overrun1_user_data_in" (parent sig: False, parent port: False)
DEBUG - 2026-08-22 13:39:14,390 - jasper.verilog -   Port "ethernet_one_gbe_skarab_axi_rx_overrun1_user_data_in" is new
DEBUG - 2026-08-22 13:39:14,390 - jasper.verilog - Attempting to add port "ethernet_one_gbe_skarab_axi_rx_valid1_user_data_in" (parent sig: False, parent port: False)
DEBUG - 2026-08-22 13:39:14,390 - jasper.verilog -   Port "ethernet_one_gbe_skarab_axi_rx_valid1_user_data_in" is new
DEBUG - 2026-08-22 13:39:14,390 - jasper.verilog - Attempting to add port "ethernet_one_gbe_skarab_axi_tx_afull1_user_data_in" (parent sig: False, parent port: False)
DEBUG - 2026-08-22 13:39:14,390 - jasper.verilog -   Port "ethernet_one_gbe_skarab_axi_tx_afull1_user_data_in" is new
DEBUG - 2026-08-22 13:39:14,390 - jasper.verilog - Attempting to add port "ethernet_one_gbe_skarab_axi_tx_one_gbe_app_rx_ack" (parent sig: False, parent port: False)
DEBUG - 2026-08-22 13:39:14,390 - jasper.verilog -   Port "ethernet_one_gbe_skarab_axi_tx_one_gbe_app_rx_ack" is new
DEBUG - 2026-08-22 13:39:14,390 - jasper.verilog - Attempting to add port "ethernet_one_gbe_skarab_axi_tx_one_gbe_app_rx_rst" (parent sig: False, parent port: False)
DEBUG - 2026-08-22 13:39:14,390 - jasper.verilog -   Port "ethernet_one_gbe_skarab_axi_tx_one_gbe_app_rx_rst" is new
DEBUG - 2026-08-22 13:39:14,390 - jasper.verilog - Attempting to add port "ethernet_one_gbe_skarab_axi_tx_one_gbe_app_tx_data" (parent sig: False, parent port: False)
DEBUG - 2026-08-22 13:39:14,390 - jasper.verilog -   Port "ethernet_one_gbe_skarab_axi_tx_one_gbe_app_tx_data" is new
DEBUG - 2026-08-22 13:39:14,390 - jasper.verilog - Attempting to add port "ethernet_one_gbe_skarab_axi_tx_one_gbe_app_tx_destip" (parent sig: False, parent port: False)
DEBUG - 2026-08-22 13:39:14,390 - jasper.verilog -   Port "ethernet_one_gbe_skarab_axi_tx_one_gbe_app_tx_destip" is new
DEBUG - 2026-08-22 13:39:14,390 - jasper.verilog - Attempting to add port "ethernet_one_gbe_skarab_axi_tx_one_gbe_app_tx_destport" (parent sig: False, parent port: False)
DEBUG - 2026-08-22 13:39:14,390 - jasper.verilog -   Port "ethernet_one_gbe_skarab_axi_tx_one_gbe_app_tx_destport" is new
DEBUG - 2026-08-22 13:39:14,390 - jasper.verilog - Attempting to add port "ethernet_one_gbe_skarab_axi_tx_one_gbe_app_tx_dvld" (parent sig: False, parent port: False)
DEBUG - 2026-08-22 13:39:14,390 - jasper.verilog -   Port "ethernet_one_gbe_skarab_axi_tx_one_gbe_app_tx_dvld" is new
DEBUG - 2026-08-22 13:39:14,390 - jasper.verilog - Attempting to add port "ethernet_one_gbe_skarab_axi_tx_one_gbe_app_tx_eof" (parent sig: False, parent port: False)
DEBUG - 2026-08-22 13:39:14,390 - jasper.verilog -   Port "ethernet_one_gbe_skarab_axi_tx_one_gbe_app_tx_eof" is new
DEBUG - 2026-08-22 13:39:14,390 - jasper.verilog - Attempting to add port "ethernet_one_gbe_skarab_axi_tx_one_gbe_app_tx_rst" (parent sig: False, parent port: False)
DEBUG - 2026-08-22 13:39:14,390 - jasper.verilog -   Port "ethernet_one_gbe_skarab_axi_tx_one_gbe_app_tx_rst" is new
DEBUG - 2026-08-22 13:39:14,390 - jasper.verilog - Attempting to add port "ethernet_one_gbe_skarab_axi_tx_overflow1_user_data_in" (parent sig: False, parent port: False)
DEBUG - 2026-08-22 13:39:14,390 - jasper.verilog -   Port "ethernet_one_gbe_skarab_axi_tx_overflow1_user_data_in" is new
DEBUG - 2026-08-22 13:39:14,390 - jasper.verilog - Attempting to add port "ethernet_one_gbe_skarab_axi_vaild_rx_valmir1_user_data_in" (parent sig: False, parent port: False)
DEBUG - 2026-08-22 13:39:14,390 - jasper.verilog -   Port "ethernet_one_gbe_skarab_axi_vaild_rx_valmir1_user_data_in" is new
INFO - 2026-08-22 13:39:14,391 - jasper.toolflow - regenerating top
DEBUG - 2026-08-22 13:39:14,391 - jasper.toolflow - Looking for a max_devices_per_arbiter spec
DEBUG - 2026-08-22 13:39:14,391 - jasper.toolflow - Found max_devices_per_arbiter: 32
DEBUG - 2026-08-22 13:39:14,391 - jasper.verilog - Looking for WB slaves for instance wb_bram
DEBUG - 2026-08-22 13:39:14,391 - jasper.verilog - Looking for WB slaves for instance wb_bram
DEBUG - 2026-08-22 13:39:14,391 - jasper.verilog - Looking for WB slaves for instance wb_bram
DEBUG - 2026-08-22 13:39:14,391 - jasper.verilog - Looking for WB slaves for instance wb_bram
DEBUG - 2026-08-22 13:39:14,391 - jasper.verilog - Looking for WB slaves for instance wb_bram
DEBUG - 2026-08-22 13:39:14,391 - jasper.verilog - Looking for WB slaves for instance wb_bram
DEBUG - 2026-08-22 13:39:14,391 - jasper.verilog - Looking for WB slaves for instance wb_bram
DEBUG - 2026-08-22 13:39:14,391 - jasper.verilog - Looking for WB slaves for instance one_gbe
DEBUG - 2026-08-22 13:39:14,391 - jasper.verilog - Assigning interface 0 (tx_one_gbe)
DEBUG - 2026-08-22 13:39:14,391 - jasper.verilog - Attempting to add port "wb_clk_i" (parent sig: False, parent port: False)
DEBUG - 2026-08-22 13:39:14,391 - jasper.verilog -   Port "wb_clk_i" already exists
DEBUG - 2026-08-22 13:39:14,391 - jasper.verilog - Attempting to add port "wb_rst_i" (parent sig: False, parent port: False)
DEBUG - 2026-08-22 13:39:14,391 - jasper.verilog -   Port "wb_rst_i" already exists
DEBUG - 2026-08-22 13:39:14,391 - jasper.verilog - Attempting to add port "wb_cyc_i" (parent sig: False, parent port: False)
DEBUG - 2026-08-22 13:39:14,391 - jasper.verilog -   Port "wb_cyc_i" already exists
DEBUG - 2026-08-22 13:39:14,391 - jasper.verilog - Attempting to add port "wb_stb_i" (parent sig: False, parent port: False)
DEBUG - 2026-08-22 13:39:14,391 - jasper.verilog -   Port "wb_stb_i" already exists
DEBUG - 2026-08-22 13:39:14,391 - jasper.verilog - Attempting to add port "wb_we_i" (parent sig: False, parent port: False)
DEBUG - 2026-08-22 13:39:14,391 - jasper.verilog -   Port "wb_we_i" already exists
DEBUG - 2026-08-22 13:39:14,391 - jasper.verilog - Attempting to add port "wb_sel_i" (parent sig: False, parent port: False)
DEBUG - 2026-08-22 13:39:14,391 - jasper.verilog -   Port "wb_sel_i" already exists
DEBUG - 2026-08-22 13:39:14,391 - jasper.verilog - Attempting to add port "wb_adr_i" (parent sig: False, parent port: False)
DEBUG - 2026-08-22 13:39:14,391 - jasper.verilog -   Port "wb_adr_i" already exists
DEBUG - 2026-08-22 13:39:14,391 - jasper.verilog - Attempting to add port "wb_dat_i" (parent sig: False, parent port: False)
DEBUG - 2026-08-22 13:39:14,391 - jasper.verilog -   Port "wb_dat_i" already exists
DEBUG - 2026-08-22 13:39:14,391 - jasper.verilog - Attempting to add port "wb_dat_o" (parent sig: False, parent port: False)
DEBUG - 2026-08-22 13:39:14,391 - jasper.verilog -   Port "wb_dat_o" already exists
DEBUG - 2026-08-22 13:39:14,391 - jasper.verilog - Attempting to add port "wb_ack_o" (parent sig: False, parent port: False)
DEBUG - 2026-08-22 13:39:14,391 - jasper.verilog -   Port "wb_ack_o" already exists
DEBUG - 2026-08-22 13:39:14,391 - jasper.verilog - Attempting to add port "wb_err_o" (parent sig: False, parent port: False)
DEBUG - 2026-08-22 13:39:14,391 - jasper.verilog -   Port "wb_err_o" already exists
DEBUG - 2026-08-22 13:39:14,391 - jasper.verilog - Found new WB slave for instance one_gbe
DEBUG - 2026-08-22 13:39:14,391 - jasper.verilog - Looking for WB slaves for instance skarab_infr
DEBUG - 2026-08-22 13:39:14,391 - jasper.verilog - Looking for WB slaves for instance wb_register_ppc2simulink
DEBUG - 2026-08-22 13:39:14,391 - jasper.verilog - Looking for WB slaves for instance wb_register_ppc2simulink
DEBUG - 2026-08-22 13:39:14,391 - jasper.verilog - Looking for WB slaves for instance wb_register_simulink2ppc
DEBUG - 2026-08-22 13:39:14,391 - jasper.verilog - Looking for WB slaves for instance wb_register_ppc2simulink
DEBUG - 2026-08-22 13:39:14,391 - jasper.verilog - Looking for WB slaves for instance wb_register_simulink2ppc
DEBUG - 2026-08-22 13:39:14,391 - jasper.verilog - Looking for WB slaves for instance wb_register_ppc2simulink
DEBUG - 2026-08-22 13:39:14,391 - jasper.verilog - Looking for WB slaves for instance wb_register_simulink2ppc
DEBUG - 2026-08-22 13:39:14,391 - jasper.verilog - Looking for WB slaves for instance wb_register_ppc2simulink
DEBUG - 2026-08-22 13:39:14,391 - jasper.verilog - Looking for WB slaves for instance wb_register_simulink2ppc
DEBUG - 2026-08-22 13:39:14,391 - jasper.verilog - Looking for WB slaves for instance wb_register_simulink2ppc
DEBUG - 2026-08-22 13:39:14,391 - jasper.verilog - Looking for WB slaves for instance wb_register_simulink2ppc
DEBUG - 2026-08-22 13:39:14,391 - jasper.verilog - Looking for WB slaves for instance wb_register_simulink2ppc
DEBUG - 2026-08-22 13:39:14,391 - jasper.verilog - Looking for WB slaves for instance wb_register_ppc2simulink
DEBUG - 2026-08-22 13:39:14,391 - jasper.verilog - Looking for WB slaves for instance wb_register_simulink2ppc
DEBUG - 2026-08-22 13:39:14,391 - jasper.verilog - Looking for WB slaves for instance wb_register_simulink2ppc
DEBUG - 2026-08-22 13:39:14,391 - jasper.verilog - Looking for WB slaves for instance wb_register_simulink2ppc
DEBUG - 2026-08-22 13:39:14,391 - jasper.verilog - Looking for WB slaves for instance wb_register_simulink2ppc
DEBUG - 2026-08-22 13:39:14,391 - jasper.verilog - Looking for WB slaves for instance wb_register_simulink2ppc
DEBUG - 2026-08-22 13:39:14,391 - jasper.verilog - Looking for WB slaves for instance wb_register_simulink2ppc
DEBUG - 2026-08-22 13:39:14,391 - jasper.verilog - Looking for WB slaves for instance wb_register_ppc2simulink
DEBUG - 2026-08-22 13:39:14,391 - jasper.verilog - Looking for WB slaves for instance wb_register_simulink2ppc
DEBUG - 2026-08-22 13:39:14,391 - jasper.verilog - Looking for WB slaves for instance wb_register_ppc2simulink
DEBUG - 2026-08-22 13:39:14,391 - jasper.verilog - Looking for WB slaves for instance wb_register_ppc2simulink
DEBUG - 2026-08-22 13:39:14,391 - jasper.verilog - Looking for WB slaves for instance wb_register_simulink2ppc
DEBUG - 2026-08-22 13:39:14,391 - jasper.verilog - Looking for WB slaves for instance wb_register_ppc2simulink
DEBUG - 2026-08-22 13:39:14,391 - jasper.verilog - Looking for WB slaves for instance wb_register_ppc2simulink
DEBUG - 2026-08-22 13:39:14,392 - jasper.verilog - Looking for WB slaves for instance wb_register_simulink2ppc
DEBUG - 2026-08-22 13:39:14,392 - jasper.verilog - Looking for WB slaves for instance wb_register_ppc2simulink
DEBUG - 2026-08-22 13:39:14,392 - jasper.verilog - Looking for WB slaves for instance wb_register_simulink2ppc
DEBUG - 2026-08-22 13:39:14,392 - jasper.verilog - Looking for WB slaves for instance wb_register_ppc2simulink
DEBUG - 2026-08-22 13:39:14,392 - jasper.verilog - Looking for WB slaves for instance wb_register_simulink2ppc
DEBUG - 2026-08-22 13:39:14,392 - jasper.verilog - Looking for WB slaves for instance wb_register_ppc2simulink
DEBUG - 2026-08-22 13:39:14,392 - jasper.verilog - Looking for WB slaves for instance wb_register_simulink2ppc
DEBUG - 2026-08-22 13:39:14,392 - jasper.verilog - Looking for WB slaves for instance wb_register_simulink2ppc
DEBUG - 2026-08-22 13:39:14,392 - jasper.verilog - Looking for WB slaves for instance wb_register_simulink2ppc
DEBUG - 2026-08-22 13:39:14,392 - jasper.verilog - Looking for WB slaves for instance wb_register_simulink2ppc
DEBUG - 2026-08-22 13:39:14,392 - jasper.verilog - Looking for WB slaves for instance wb_register_ppc2simulink
DEBUG - 2026-08-22 13:39:14,392 - jasper.verilog - Looking for WB slaves for instance wb_register_simulink2ppc
DEBUG - 2026-08-22 13:39:14,392 - jasper.verilog - Looking for WB slaves for instance wb_register_simulink2ppc
DEBUG - 2026-08-22 13:39:14,392 - jasper.verilog - Looking for WB slaves for instance sys_block
DEBUG - 2026-08-22 13:39:14,392 - jasper.verilog - Looking for WB slaves for instance ethernet_one_gbe_skarab_axi
DEBUG - 2026-08-22 13:39:14,392 - jasper.verilog - Looking for WB slaves for instance wb_bram
DEBUG - 2026-08-22 13:39:14,392 - jasper.verilog - Assigning interface 0 (d3_ss_bram)
DEBUG - 2026-08-22 13:39:14,392 - jasper.verilog - Attempting to add port "wb_clk_i" (parent sig: False, parent port: False)
DEBUG - 2026-08-22 13:39:14,392 - jasper.verilog -   Port "wb_clk_i" already exists
DEBUG - 2026-08-22 13:39:14,392 - jasper.verilog - Attempting to add port "wb_rst_i" (parent sig: False, parent port: False)
DEBUG - 2026-08-22 13:39:14,392 - jasper.verilog -   Port "wb_rst_i" already exists
DEBUG - 2026-08-22 13:39:14,392 - jasper.verilog - Attempting to add port "wb_cyc_i" (parent sig: False, parent port: False)
DEBUG - 2026-08-22 13:39:14,392 - jasper.verilog -   Port "wb_cyc_i" already exists
DEBUG - 2026-08-22 13:39:14,392 - jasper.verilog - Attempting to add port "wb_stb_i" (parent sig: False, parent port: False)
DEBUG - 2026-08-22 13:39:14,392 - jasper.verilog -   Port "wb_stb_i" already exists
DEBUG - 2026-08-22 13:39:14,392 - jasper.verilog - Attempting to add port "wb_we_i" (parent sig: False, parent port: False)
DEBUG - 2026-08-22 13:39:14,392 - jasper.verilog -   Port "wb_we_i" already exists
DEBUG - 2026-08-22 13:39:14,392 - jasper.verilog - Attempting to add port "wb_sel_i" (parent sig: False, parent port: False)
DEBUG - 2026-08-22 13:39:14,392 - jasper.verilog -   Port "wb_sel_i" already exists
DEBUG - 2026-08-22 13:39:14,392 - jasper.verilog - Attempting to add port "wb_adr_i" (parent sig: False, parent port: False)
DEBUG - 2026-08-22 13:39:14,392 - jasper.verilog -   Port "wb_adr_i" already exists
DEBUG - 2026-08-22 13:39:14,392 - jasper.verilog - Attempting to add port "wb_dat_i" (parent sig: False, parent port: False)
DEBUG - 2026-08-22 13:39:14,392 - jasper.verilog -   Port "wb_dat_i" already exists
DEBUG - 2026-08-22 13:39:14,392 - jasper.verilog - Attempting to add port "wb_dat_o" (parent sig: False, parent port: False)
DEBUG - 2026-08-22 13:39:14,392 - jasper.verilog -   Port "wb_dat_o" already exists
DEBUG - 2026-08-22 13:39:14,392 - jasper.verilog - Attempting to add port "wb_ack_o" (parent sig: False, parent port: False)
DEBUG - 2026-08-22 13:39:14,392 - jasper.verilog -   Port "wb_ack_o" already exists
DEBUG - 2026-08-22 13:39:14,392 - jasper.verilog - Attempting to add port "wb_err_o" (parent sig: False, parent port: False)
DEBUG - 2026-08-22 13:39:14,392 - jasper.verilog -   Port "wb_err_o" already exists
DEBUG - 2026-08-22 13:39:14,392 - jasper.verilog - Found new WB slave for instance wb_bram
DEBUG - 2026-08-22 13:39:14,392 - jasper.verilog - Looking for WB slaves for instance wb_bram
DEBUG - 2026-08-22 13:39:14,392 - jasper.verilog - Assigning interface 0 (d4_ss_bram)
DEBUG - 2026-08-22 13:39:14,392 - jasper.verilog - Attempting to add port "wb_clk_i" (parent sig: False, parent port: False)
DEBUG - 2026-08-22 13:39:14,392 - jasper.verilog -   Port "wb_clk_i" already exists
DEBUG - 2026-08-22 13:39:14,392 - jasper.verilog - Attempting to add port "wb_rst_i" (parent sig: False, parent port: False)
DEBUG - 2026-08-22 13:39:14,392 - jasper.verilog -   Port "wb_rst_i" already exists
DEBUG - 2026-08-22 13:39:14,392 - jasper.verilog - Attempting to add port "wb_cyc_i" (parent sig: False, parent port: False)
DEBUG - 2026-08-22 13:39:14,392 - jasper.verilog -   Port "wb_cyc_i" already exists
DEBUG - 2026-08-22 13:39:14,392 - jasper.verilog - Attempting to add port "wb_stb_i" (parent sig: False, parent port: False)
DEBUG - 2026-08-22 13:39:14,392 - jasper.verilog -   Port "wb_stb_i" already exists
DEBUG - 2026-08-22 13:39:14,392 - jasper.verilog - Attempting to add port "wb_we_i" (parent sig: False, parent port: False)
DEBUG - 2026-08-22 13:39:14,392 - jasper.verilog -   Port "wb_we_i" already exists
DEBUG - 2026-08-22 13:39:14,392 - jasper.verilog - Attempting to add port "wb_sel_i" (parent sig: False, parent port: False)
DEBUG - 2026-08-22 13:39:14,392 - jasper.verilog -   Port "wb_sel_i" already exists
DEBUG - 2026-08-22 13:39:14,392 - jasper.verilog - Attempting to add port "wb_adr_i" (parent sig: False, parent port: False)
DEBUG - 2026-08-22 13:39:14,392 - jasper.verilog -   Port "wb_adr_i" already exists
DEBUG - 2026-08-22 13:39:14,392 - jasper.verilog - Attempting to add port "wb_dat_i" (parent sig: False, parent port: False)
DEBUG - 2026-08-22 13:39:14,392 - jasper.verilog -   Port "wb_dat_i" already exists
DEBUG - 2026-08-22 13:39:14,392 - jasper.verilog - Attempting to add port "wb_dat_o" (parent sig: False, parent port: False)
DEBUG - 2026-08-22 13:39:14,392 - jasper.verilog -   Port "wb_dat_o" already exists
DEBUG - 2026-08-22 13:39:14,392 - jasper.verilog - Attempting to add port "wb_ack_o" (parent sig: False, parent port: False)
DEBUG - 2026-08-22 13:39:14,392 - jasper.verilog -   Port "wb_ack_o" already exists
DEBUG - 2026-08-22 13:39:14,392 - jasper.verilog - Attempting to add port "wb_err_o" (parent sig: False, parent port: False)
DEBUG - 2026-08-22 13:39:14,392 - jasper.verilog -   Port "wb_err_o" already exists
DEBUG - 2026-08-22 13:39:14,392 - jasper.verilog - Found new WB slave for instance wb_bram
DEBUG - 2026-08-22 13:39:14,392 - jasper.verilog - Looking for WB slaves for instance wb_bram
DEBUG - 2026-08-22 13:39:14,392 - jasper.verilog - Assigning interface 0 (d5_ss_bram)
DEBUG - 2026-08-22 13:39:14,392 - jasper.verilog - Attempting to add port "wb_clk_i" (parent sig: False, parent port: False)
DEBUG - 2026-08-22 13:39:14,392 - jasper.verilog -   Port "wb_clk_i" already exists
DEBUG - 2026-08-22 13:39:14,392 - jasper.verilog - Attempting to add port "wb_rst_i" (parent sig: False, parent port: False)
DEBUG - 2026-08-22 13:39:14,392 - jasper.verilog -   Port "wb_rst_i" already exists
DEBUG - 2026-08-22 13:39:14,392 - jasper.verilog - Attempting to add port "wb_cyc_i" (parent sig: False, parent port: False)
DEBUG - 2026-08-22 13:39:14,392 - jasper.verilog -   Port "wb_cyc_i" already exists
DEBUG - 2026-08-22 13:39:14,392 - jasper.verilog - Attempting to add port "wb_stb_i" (parent sig: False, parent port: False)
DEBUG - 2026-08-22 13:39:14,392 - jasper.verilog -   Port "wb_stb_i" already exists
DEBUG - 2026-08-22 13:39:14,392 - jasper.verilog - Attempting to add port "wb_we_i" (parent sig: False, parent port: False)
DEBUG - 2026-08-22 13:39:14,392 - jasper.verilog -   Port "wb_we_i" already exists
DEBUG - 2026-08-22 13:39:14,392 - jasper.verilog - Attempting to add port "wb_sel_i" (parent sig: False, parent port: False)
DEBUG - 2026-08-22 13:39:14,392 - jasper.verilog -   Port "wb_sel_i" already exists
DEBUG - 2026-08-22 13:39:14,392 - jasper.verilog - Attempting to add port "wb_adr_i" (parent sig: False, parent port: False)
DEBUG - 2026-08-22 13:39:14,392 - jasper.verilog -   Port "wb_adr_i" already exists
DEBUG - 2026-08-22 13:39:14,392 - jasper.verilog - Attempting to add port "wb_dat_i" (parent sig: False, parent port: False)
DEBUG - 2026-08-22 13:39:14,392 - jasper.verilog -   Port "wb_dat_i" already exists
DEBUG - 2026-08-22 13:39:14,392 - jasper.verilog - Attempting to add port "wb_dat_o" (parent sig: False, parent port: False)
DEBUG - 2026-08-22 13:39:14,392 - jasper.verilog -   Port "wb_dat_o" already exists
DEBUG - 2026-08-22 13:39:14,392 - jasper.verilog - Attempting to add port "wb_ack_o" (parent sig: False, parent port: False)
DEBUG - 2026-08-22 13:39:14,392 - jasper.verilog -   Port "wb_ack_o" already exists
DEBUG - 2026-08-22 13:39:14,392 - jasper.verilog - Attempting to add port "wb_err_o" (parent sig: False, parent port: False)
DEBUG - 2026-08-22 13:39:14,392 - jasper.verilog -   Port "wb_err_o" already exists
DEBUG - 2026-08-22 13:39:14,392 - jasper.verilog - Found new WB slave for instance wb_bram
DEBUG - 2026-08-22 13:39:14,393 - jasper.verilog - Looking for WB slaves for instance wb_bram
DEBUG - 2026-08-22 13:39:14,393 - jasper.verilog - Assigning interface 0 (input_fir_bram)
DEBUG - 2026-08-22 13:39:14,393 - jasper.verilog - Attempting to add port "wb_clk_i" (parent sig: False, parent port: False)
DEBUG - 2026-08-22 13:39:14,393 - jasper.verilog -   Port "wb_clk_i" already exists
DEBUG - 2026-08-22 13:39:14,393 - jasper.verilog - Attempting to add port "wb_rst_i" (parent sig: False, parent port: False)
DEBUG - 2026-08-22 13:39:14,393 - jasper.verilog -   Port "wb_rst_i" already exists
DEBUG - 2026-08-22 13:39:14,393 - jasper.verilog - Attempting to add port "wb_cyc_i" (parent sig: False, parent port: False)
DEBUG - 2026-08-22 13:39:14,393 - jasper.verilog -   Port "wb_cyc_i" already exists
DEBUG - 2026-08-22 13:39:14,393 - jasper.verilog - Attempting to add port "wb_stb_i" (parent sig: False, parent port: False)
DEBUG - 2026-08-22 13:39:14,393 - jasper.verilog -   Port "wb_stb_i" already exists
DEBUG - 2026-08-22 13:39:14,393 - jasper.verilog - Attempting to add port "wb_we_i" (parent sig: False, parent port: False)
DEBUG - 2026-08-22 13:39:14,393 - jasper.verilog -   Port "wb_we_i" already exists
DEBUG - 2026-08-22 13:39:14,393 - jasper.verilog - Attempting to add port "wb_sel_i" (parent sig: False, parent port: False)
DEBUG - 2026-08-22 13:39:14,393 - jasper.verilog -   Port "wb_sel_i" already exists
DEBUG - 2026-08-22 13:39:14,393 - jasper.verilog - Attempting to add port "wb_adr_i" (parent sig: False, parent port: False)
DEBUG - 2026-08-22 13:39:14,393 - jasper.verilog -   Port "wb_adr_i" already exists
DEBUG - 2026-08-22 13:39:14,393 - jasper.verilog - Attempting to add port "wb_dat_i" (parent sig: False, parent port: False)
DEBUG - 2026-08-22 13:39:14,393 - jasper.verilog -   Port "wb_dat_i" already exists
DEBUG - 2026-08-22 13:39:14,393 - jasper.verilog - Attempting to add port "wb_dat_o" (parent sig: False, parent port: False)
DEBUG - 2026-08-22 13:39:14,393 - jasper.verilog -   Port "wb_dat_o" already exists
DEBUG - 2026-08-22 13:39:14,393 - jasper.verilog - Attempting to add port "wb_ack_o" (parent sig: False, parent port: False)
DEBUG - 2026-08-22 13:39:14,393 - jasper.verilog -   Port "wb_ack_o" already exists
DEBUG - 2026-08-22 13:39:14,393 - jasper.verilog - Attempting to add port "wb_err_o" (parent sig: False, parent port: False)
DEBUG - 2026-08-22 13:39:14,393 - jasper.verilog -   Port "wb_err_o" already exists
DEBUG - 2026-08-22 13:39:14,393 - jasper.verilog - Found new WB slave for instance wb_bram
DEBUG - 2026-08-22 13:39:14,393 - jasper.verilog - Looking for WB slaves for instance wb_bram
DEBUG - 2026-08-22 13:39:14,393 - jasper.verilog - Assigning interface 0 (output_fir_bram)
DEBUG - 2026-08-22 13:39:14,393 - jasper.verilog - Attempting to add port "wb_clk_i" (parent sig: False, parent port: False)
DEBUG - 2026-08-22 13:39:14,393 - jasper.verilog -   Port "wb_clk_i" already exists
DEBUG - 2026-08-22 13:39:14,393 - jasper.verilog - Attempting to add port "wb_rst_i" (parent sig: False, parent port: False)
DEBUG - 2026-08-22 13:39:14,393 - jasper.verilog -   Port "wb_rst_i" already exists
DEBUG - 2026-08-22 13:39:14,393 - jasper.verilog - Attempting to add port "wb_cyc_i" (parent sig: False, parent port: False)
DEBUG - 2026-08-22 13:39:14,393 - jasper.verilog -   Port "wb_cyc_i" already exists
DEBUG - 2026-08-22 13:39:14,393 - jasper.verilog - Attempting to add port "wb_stb_i" (parent sig: False, parent port: False)
DEBUG - 2026-08-22 13:39:14,393 - jasper.verilog -   Port "wb_stb_i" already exists
DEBUG - 2026-08-22 13:39:14,393 - jasper.verilog - Attempting to add port "wb_we_i" (parent sig: False, parent port: False)
DEBUG - 2026-08-22 13:39:14,393 - jasper.verilog -   Port "wb_we_i" already exists
DEBUG - 2026-08-22 13:39:14,393 - jasper.verilog - Attempting to add port "wb_sel_i" (parent sig: False, parent port: False)
DEBUG - 2026-08-22 13:39:14,393 - jasper.verilog -   Port "wb_sel_i" already exists
DEBUG - 2026-08-22 13:39:14,393 - jasper.verilog - Attempting to add port "wb_adr_i" (parent sig: False, parent port: False)
DEBUG - 2026-08-22 13:39:14,393 - jasper.verilog -   Port "wb_adr_i" already exists
DEBUG - 2026-08-22 13:39:14,393 - jasper.verilog - Attempting to add port "wb_dat_i" (parent sig: False, parent port: False)
DEBUG - 2026-08-22 13:39:14,393 - jasper.verilog -   Port "wb_dat_i" already exists
DEBUG - 2026-08-22 13:39:14,393 - jasper.verilog - Attempting to add port "wb_dat_o" (parent sig: False, parent port: False)
DEBUG - 2026-08-22 13:39:14,393 - jasper.verilog -   Port "wb_dat_o" already exists
DEBUG - 2026-08-22 13:39:14,393 - jasper.verilog - Attempting to add port "wb_ack_o" (parent sig: False, parent port: False)
DEBUG - 2026-08-22 13:39:14,393 - jasper.verilog -   Port "wb_ack_o" already exists
DEBUG - 2026-08-22 13:39:14,393 - jasper.verilog - Attempting to add port "wb_err_o" (parent sig: False, parent port: False)
DEBUG - 2026-08-22 13:39:14,393 - jasper.verilog -   Port "wb_err_o" already exists
DEBUG - 2026-08-22 13:39:14,393 - jasper.verilog - Found new WB slave for instance wb_bram
DEBUG - 2026-08-22 13:39:14,393 - jasper.verilog - Looking for WB slaves for instance wb_bram
DEBUG - 2026-08-22 13:39:14,393 - jasper.verilog - Assigning interface 0 (pkt_ctrs1_ss_bram)
DEBUG - 2026-08-22 13:39:14,393 - jasper.verilog - Attempting to add port "wb_clk_i" (parent sig: False, parent port: False)
DEBUG - 2026-08-22 13:39:14,393 - jasper.verilog -   Port "wb_clk_i" already exists
DEBUG - 2026-08-22 13:39:14,393 - jasper.verilog - Attempting to add port "wb_rst_i" (parent sig: False, parent port: False)
DEBUG - 2026-08-22 13:39:14,393 - jasper.verilog -   Port "wb_rst_i" already exists
DEBUG - 2026-08-22 13:39:14,393 - jasper.verilog - Attempting to add port "wb_cyc_i" (parent sig: False, parent port: False)
DEBUG - 2026-08-22 13:39:14,393 - jasper.verilog -   Port "wb_cyc_i" already exists
DEBUG - 2026-08-22 13:39:14,393 - jasper.verilog - Attempting to add port "wb_stb_i" (parent sig: False, parent port: False)
DEBUG - 2026-08-22 13:39:14,393 - jasper.verilog -   Port "wb_stb_i" already exists
DEBUG - 2026-08-22 13:39:14,393 - jasper.verilog - Attempting to add port "wb_we_i" (parent sig: False, parent port: False)
DEBUG - 2026-08-22 13:39:14,393 - jasper.verilog -   Port "wb_we_i" already exists
DEBUG - 2026-08-22 13:39:14,393 - jasper.verilog - Attempting to add port "wb_sel_i" (parent sig: False, parent port: False)
DEBUG - 2026-08-22 13:39:14,393 - jasper.verilog -   Port "wb_sel_i" already exists
DEBUG - 2026-08-22 13:39:14,393 - jasper.verilog - Attempting to add port "wb_adr_i" (parent sig: False, parent port: False)
DEBUG - 2026-08-22 13:39:14,393 - jasper.verilog -   Port "wb_adr_i" already exists
DEBUG - 2026-08-22 13:39:14,393 - jasper.verilog - Attempting to add port "wb_dat_i" (parent sig: False, parent port: False)
DEBUG - 2026-08-22 13:39:14,393 - jasper.verilog -   Port "wb_dat_i" already exists
DEBUG - 2026-08-22 13:39:14,393 - jasper.verilog - Attempting to add port "wb_dat_o" (parent sig: False, parent port: False)
DEBUG - 2026-08-22 13:39:14,393 - jasper.verilog -   Port "wb_dat_o" already exists
DEBUG - 2026-08-22 13:39:14,393 - jasper.verilog - Attempting to add port "wb_ack_o" (parent sig: False, parent port: False)
DEBUG - 2026-08-22 13:39:14,393 - jasper.verilog -   Port "wb_ack_o" already exists
DEBUG - 2026-08-22 13:39:14,393 - jasper.verilog - Attempting to add port "wb_err_o" (parent sig: False, parent port: False)
DEBUG - 2026-08-22 13:39:14,393 - jasper.verilog -   Port "wb_err_o" already exists
DEBUG - 2026-08-22 13:39:14,393 - jasper.verilog - Found new WB slave for instance wb_bram
DEBUG - 2026-08-22 13:39:14,393 - jasper.verilog - Looking for WB slaves for instance wb_bram
DEBUG - 2026-08-22 13:39:14,393 - jasper.verilog - Assigning interface 0 (pkt_ctrs_compare1_ss_bram)
DEBUG - 2026-08-22 13:39:14,393 - jasper.verilog - Attempting to add port "wb_clk_i" (parent sig: False, parent port: False)
DEBUG - 2026-08-22 13:39:14,393 - jasper.verilog -   Port "wb_clk_i" already exists
DEBUG - 2026-08-22 13:39:14,393 - jasper.verilog - Attempting to add port "wb_rst_i" (parent sig: False, parent port: False)
DEBUG - 2026-08-22 13:39:14,393 - jasper.verilog -   Port "wb_rst_i" already exists
DEBUG - 2026-08-22 13:39:14,393 - jasper.verilog - Attempting to add port "wb_cyc_i" (parent sig: False, parent port: False)
DEBUG - 2026-08-22 13:39:14,393 - jasper.verilog -   Port "wb_cyc_i" already exists
DEBUG - 2026-08-22 13:39:14,393 - jasper.verilog - Attempting to add port "wb_stb_i" (parent sig: False, parent port: False)
DEBUG - 2026-08-22 13:39:14,393 - jasper.verilog -   Port "wb_stb_i" already exists
DEBUG - 2026-08-22 13:39:14,393 - jasper.verilog - Attempting to add port "wb_we_i" (parent sig: False, parent port: False)
DEBUG - 2026-08-22 13:39:14,393 - jasper.verilog -   Port "wb_we_i" already exists
DEBUG - 2026-08-22 13:39:14,393 - jasper.verilog - Attempting to add port "wb_sel_i" (parent sig: False, parent port: False)
DEBUG - 2026-08-22 13:39:14,393 - jasper.verilog -   Port "wb_sel_i" already exists
DEBUG - 2026-08-22 13:39:14,393 - jasper.verilog - Attempting to add port "wb_adr_i" (parent sig: False, parent port: False)
DEBUG - 2026-08-22 13:39:14,394 - jasper.verilog -   Port "wb_adr_i" already exists
DEBUG - 2026-08-22 13:39:14,394 - jasper.verilog - Attempting to add port "wb_dat_i" (parent sig: False, parent port: False)
DEBUG - 2026-08-22 13:39:14,394 - jasper.verilog -   Port "wb_dat_i" already exists
DEBUG - 2026-08-22 13:39:14,394 - jasper.verilog - Attempting to add port "wb_dat_o" (parent sig: False, parent port: False)
DEBUG - 2026-08-22 13:39:14,394 - jasper.verilog -   Port "wb_dat_o" already exists
DEBUG - 2026-08-22 13:39:14,394 - jasper.verilog - Attempting to add port "wb_ack_o" (parent sig: False, parent port: False)
DEBUG - 2026-08-22 13:39:14,394 - jasper.verilog -   Port "wb_ack_o" already exists
DEBUG - 2026-08-22 13:39:14,394 - jasper.verilog - Attempting to add port "wb_err_o" (parent sig: False, parent port: False)
DEBUG - 2026-08-22 13:39:14,394 - jasper.verilog -   Port "wb_err_o" already exists
DEBUG - 2026-08-22 13:39:14,394 - jasper.verilog - Found new WB slave for instance wb_bram
DEBUG - 2026-08-22 13:39:14,394 - jasper.verilog - Looking for WB slaves for instance one_gbe
DEBUG - 2026-08-22 13:39:14,394 - jasper.verilog - Looking for WB slaves for instance skarab_infr
DEBUG - 2026-08-22 13:39:14,394 - jasper.verilog - Looking for WB slaves for instance wb_register_ppc2simulink
DEBUG - 2026-08-22 13:39:14,394 - jasper.verilog - Assigning interface 0 (addr_data_fifo)
DEBUG - 2026-08-22 13:39:14,394 - jasper.verilog - Attempting to add port "wb_clk_i" (parent sig: False, parent port: False)
DEBUG - 2026-08-22 13:39:14,394 - jasper.verilog -   Port "wb_clk_i" already exists
DEBUG - 2026-08-22 13:39:14,394 - jasper.verilog - Attempting to add port "wb_rst_i" (parent sig: False, parent port: False)
DEBUG - 2026-08-22 13:39:14,394 - jasper.verilog -   Port "wb_rst_i" already exists
DEBUG - 2026-08-22 13:39:14,394 - jasper.verilog - Attempting to add port "wb_cyc_i" (parent sig: False, parent port: False)
DEBUG - 2026-08-22 13:39:14,394 - jasper.verilog -   Port "wb_cyc_i" already exists
DEBUG - 2026-08-22 13:39:14,394 - jasper.verilog - Attempting to add port "wb_stb_i" (parent sig: False, parent port: False)
DEBUG - 2026-08-22 13:39:14,394 - jasper.verilog -   Port "wb_stb_i" already exists
DEBUG - 2026-08-22 13:39:14,394 - jasper.verilog - Attempting to add port "wb_we_i" (parent sig: False, parent port: False)
DEBUG - 2026-08-22 13:39:14,394 - jasper.verilog -   Port "wb_we_i" already exists
DEBUG - 2026-08-22 13:39:14,394 - jasper.verilog - Attempting to add port "wb_sel_i" (parent sig: False, parent port: False)
DEBUG - 2026-08-22 13:39:14,394 - jasper.verilog -   Port "wb_sel_i" already exists
DEBUG - 2026-08-22 13:39:14,394 - jasper.verilog - Attempting to add port "wb_adr_i" (parent sig: False, parent port: False)
DEBUG - 2026-08-22 13:39:14,394 - jasper.verilog -   Port "wb_adr_i" already exists
DEBUG - 2026-08-22 13:39:14,394 - jasper.verilog - Attempting to add port "wb_dat_i" (parent sig: False, parent port: False)
DEBUG - 2026-08-22 13:39:14,394 - jasper.verilog -   Port "wb_dat_i" already exists
DEBUG - 2026-08-22 13:39:14,394 - jasper.verilog - Attempting to add port "wb_dat_o" (parent sig: False, parent port: False)
DEBUG - 2026-08-22 13:39:14,394 - jasper.verilog -   Port "wb_dat_o" already exists
DEBUG - 2026-08-22 13:39:14,394 - jasper.verilog - Attempting to add port "wb_ack_o" (parent sig: False, parent port: False)
DEBUG - 2026-08-22 13:39:14,394 - jasper.verilog -   Port "wb_ack_o" already exists
DEBUG - 2026-08-22 13:39:14,394 - jasper.verilog - Attempting to add port "wb_err_o" (parent sig: False, parent port: False)
DEBUG - 2026-08-22 13:39:14,394 - jasper.verilog -   Port "wb_err_o" already exists
DEBUG - 2026-08-22 13:39:14,394 - jasper.verilog - Found new WB slave for instance wb_register_ppc2simulink
DEBUG - 2026-08-22 13:39:14,394 - jasper.verilog - Looking for WB slaves for instance wb_register_ppc2simulink
DEBUG - 2026-08-22 13:39:14,394 - jasper.verilog - Assigning interface 0 (addr_data_gbe)
DEBUG - 2026-08-22 13:39:14,394 - jasper.verilog - Attempting to add port "wb_clk_i" (parent sig: False, parent port: False)
DEBUG - 2026-08-22 13:39:14,394 - jasper.verilog -   Port "wb_clk_i" already exists
DEBUG - 2026-08-22 13:39:14,394 - jasper.verilog - Attempting to add port "wb_rst_i" (parent sig: False, parent port: False)
DEBUG - 2026-08-22 13:39:14,394 - jasper.verilog -   Port "wb_rst_i" already exists
DEBUG - 2026-08-22 13:39:14,394 - jasper.verilog - Attempting to add port "wb_cyc_i" (parent sig: False, parent port: False)
DEBUG - 2026-08-22 13:39:14,394 - jasper.verilog -   Port "wb_cyc_i" already exists
DEBUG - 2026-08-22 13:39:14,394 - jasper.verilog - Attempting to add port "wb_stb_i" (parent sig: False, parent port: False)
DEBUG - 2026-08-22 13:39:14,394 - jasper.verilog -   Port "wb_stb_i" already exists
DEBUG - 2026-08-22 13:39:14,394 - jasper.verilog - Attempting to add port "wb_we_i" (parent sig: False, parent port: False)
DEBUG - 2026-08-22 13:39:14,394 - jasper.verilog -   Port "wb_we_i" already exists
DEBUG - 2026-08-22 13:39:14,394 - jasper.verilog - Attempting to add port "wb_sel_i" (parent sig: False, parent port: False)
DEBUG - 2026-08-22 13:39:14,394 - jasper.verilog -   Port "wb_sel_i" already exists
DEBUG - 2026-08-22 13:39:14,394 - jasper.verilog - Attempting to add port "wb_adr_i" (parent sig: False, parent port: False)
DEBUG - 2026-08-22 13:39:14,394 - jasper.verilog -   Port "wb_adr_i" already exists
DEBUG - 2026-08-22 13:39:14,394 - jasper.verilog - Attempting to add port "wb_dat_i" (parent sig: False, parent port: False)
DEBUG - 2026-08-22 13:39:14,394 - jasper.verilog -   Port "wb_dat_i" already exists
DEBUG - 2026-08-22 13:39:14,394 - jasper.verilog - Attempting to add port "wb_dat_o" (parent sig: False, parent port: False)
DEBUG - 2026-08-22 13:39:14,394 - jasper.verilog -   Port "wb_dat_o" already exists
DEBUG - 2026-08-22 13:39:14,394 - jasper.verilog - Attempting to add port "wb_ack_o" (parent sig: False, parent port: False)
DEBUG - 2026-08-22 13:39:14,394 - jasper.verilog -   Port "wb_ack_o" already exists
DEBUG - 2026-08-22 13:39:14,394 - jasper.verilog - Attempting to add port "wb_err_o" (parent sig: False, parent port: False)
DEBUG - 2026-08-22 13:39:14,394 - jasper.verilog -   Port "wb_err_o" already exists
DEBUG - 2026-08-22 13:39:14,394 - jasper.verilog - Found new WB slave for instance wb_register_ppc2simulink
DEBUG - 2026-08-22 13:39:14,394 - jasper.verilog - Looking for WB slaves for instance wb_register_simulink2ppc
DEBUG - 2026-08-22 13:39:14,394 - jasper.verilog - Assigning interface 0 (clk_mhz)
DEBUG - 2026-08-22 13:39:14,394 - jasper.verilog - Attempting to add port "wb_clk_i" (parent sig: False, parent port: False)
DEBUG - 2026-08-22 13:39:14,394 - jasper.verilog -   Port "wb_clk_i" already exists
DEBUG - 2026-08-22 13:39:14,394 - jasper.verilog - Attempting to add port "wb_rst_i" (parent sig: False, parent port: False)
DEBUG - 2026-08-22 13:39:14,394 - jasper.verilog -   Port "wb_rst_i" already exists
DEBUG - 2026-08-22 13:39:14,394 - jasper.verilog - Attempting to add port "wb_cyc_i" (parent sig: False, parent port: False)
DEBUG - 2026-08-22 13:39:14,394 - jasper.verilog -   Port "wb_cyc_i" already exists
DEBUG - 2026-08-22 13:39:14,394 - jasper.verilog - Attempting to add port "wb_stb_i" (parent sig: False, parent port: False)
DEBUG - 2026-08-22 13:39:14,394 - jasper.verilog -   Port "wb_stb_i" already exists
DEBUG - 2026-08-22 13:39:14,394 - jasper.verilog - Attempting to add port "wb_we_i" (parent sig: False, parent port: False)
DEBUG - 2026-08-22 13:39:14,394 - jasper.verilog -   Port "wb_we_i" already exists
DEBUG - 2026-08-22 13:39:14,394 - jasper.verilog - Attempting to add port "wb_sel_i" (parent sig: False, parent port: False)
DEBUG - 2026-08-22 13:39:14,394 - jasper.verilog -   Port "wb_sel_i" already exists
DEBUG - 2026-08-22 13:39:14,394 - jasper.verilog - Attempting to add port "wb_adr_i" (parent sig: False, parent port: False)
DEBUG - 2026-08-22 13:39:14,394 - jasper.verilog -   Port "wb_adr_i" already exists
DEBUG - 2026-08-22 13:39:14,394 - jasper.verilog - Attempting to add port "wb_dat_i" (parent sig: False, parent port: False)
DEBUG - 2026-08-22 13:39:14,394 - jasper.verilog -   Port "wb_dat_i" already exists
DEBUG - 2026-08-22 13:39:14,394 - jasper.verilog - Attempting to add port "wb_dat_o" (parent sig: False, parent port: False)
DEBUG - 2026-08-22 13:39:14,394 - jasper.verilog -   Port "wb_dat_o" already exists
DEBUG - 2026-08-22 13:39:14,394 - jasper.verilog - Attempting to add port "wb_ack_o" (parent sig: False, parent port: False)
DEBUG - 2026-08-22 13:39:14,394 - jasper.verilog -   Port "wb_ack_o" already exists
DEBUG - 2026-08-22 13:39:14,394 - jasper.verilog - Attempting to add port "wb_err_o" (parent sig: False, parent port: False)
DEBUG - 2026-08-22 13:39:14,394 - jasper.verilog -   Port "wb_err_o" already exists
DEBUG - 2026-08-22 13:39:14,394 - jasper.verilog - Found new WB slave for instance wb_register_simulink2ppc
DEBUG - 2026-08-22 13:39:14,394 - jasper.verilog - Looking for WB slaves for instance wb_register_ppc2simulink
DEBUG - 2026-08-22 13:39:14,394 - jasper.verilog - Assigning interface 0 (d3_ss_ctrl)
DEBUG - 2026-08-22 13:39:14,394 - jasper.verilog - Attempting to add port "wb_clk_i" (parent sig: False, parent port: False)
DEBUG - 2026-08-22 13:39:14,394 - jasper.verilog -   Port "wb_clk_i" already exists
DEBUG - 2026-08-22 13:39:14,395 - jasper.verilog - Attempting to add port "wb_rst_i" (parent sig: False, parent port: False)
DEBUG - 2026-08-22 13:39:14,395 - jasper.verilog -   Port "wb_rst_i" already exists
DEBUG - 2026-08-22 13:39:14,395 - jasper.verilog - Attempting to add port "wb_cyc_i" (parent sig: False, parent port: False)
DEBUG - 2026-08-22 13:39:14,395 - jasper.verilog -   Port "wb_cyc_i" already exists
DEBUG - 2026-08-22 13:39:14,395 - jasper.verilog - Attempting to add port "wb_stb_i" (parent sig: False, parent port: False)
DEBUG - 2026-08-22 13:39:14,395 - jasper.verilog -   Port "wb_stb_i" already exists
DEBUG - 2026-08-22 13:39:14,395 - jasper.verilog - Attempting to add port "wb_we_i" (parent sig: False, parent port: False)
DEBUG - 2026-08-22 13:39:14,395 - jasper.verilog -   Port "wb_we_i" already exists
DEBUG - 2026-08-22 13:39:14,395 - jasper.verilog - Attempting to add port "wb_sel_i" (parent sig: False, parent port: False)
DEBUG - 2026-08-22 13:39:14,395 - jasper.verilog -   Port "wb_sel_i" already exists
DEBUG - 2026-08-22 13:39:14,395 - jasper.verilog - Attempting to add port "wb_adr_i" (parent sig: False, parent port: False)
DEBUG - 2026-08-22 13:39:14,395 - jasper.verilog -   Port "wb_adr_i" already exists
DEBUG - 2026-08-22 13:39:14,395 - jasper.verilog - Attempting to add port "wb_dat_i" (parent sig: False, parent port: False)
DEBUG - 2026-08-22 13:39:14,395 - jasper.verilog -   Port "wb_dat_i" already exists
DEBUG - 2026-08-22 13:39:14,395 - jasper.verilog - Attempting to add port "wb_dat_o" (parent sig: False, parent port: False)
DEBUG - 2026-08-22 13:39:14,395 - jasper.verilog -   Port "wb_dat_o" already exists
DEBUG - 2026-08-22 13:39:14,395 - jasper.verilog - Attempting to add port "wb_ack_o" (parent sig: False, parent port: False)
DEBUG - 2026-08-22 13:39:14,395 - jasper.verilog -   Port "wb_ack_o" already exists
DEBUG - 2026-08-22 13:39:14,395 - jasper.verilog - Attempting to add port "wb_err_o" (parent sig: False, parent port: False)
DEBUG - 2026-08-22 13:39:14,395 - jasper.verilog -   Port "wb_err_o" already exists
DEBUG - 2026-08-22 13:39:14,395 - jasper.verilog - Found new WB slave for instance wb_register_ppc2simulink
DEBUG - 2026-08-22 13:39:14,395 - jasper.verilog - Looking for WB slaves for instance wb_register_simulink2ppc
DEBUG - 2026-08-22 13:39:14,395 - jasper.verilog - Assigning interface 0 (d3_ss_status)
DEBUG - 2026-08-22 13:39:14,395 - jasper.verilog - Attempting to add port "wb_clk_i" (parent sig: False, parent port: False)
DEBUG - 2026-08-22 13:39:14,395 - jasper.verilog -   Port "wb_clk_i" already exists
DEBUG - 2026-08-22 13:39:14,395 - jasper.verilog - Attempting to add port "wb_rst_i" (parent sig: False, parent port: False)
DEBUG - 2026-08-22 13:39:14,395 - jasper.verilog -   Port "wb_rst_i" already exists
DEBUG - 2026-08-22 13:39:14,395 - jasper.verilog - Attempting to add port "wb_cyc_i" (parent sig: False, parent port: False)
DEBUG - 2026-08-22 13:39:14,395 - jasper.verilog -   Port "wb_cyc_i" already exists
DEBUG - 2026-08-22 13:39:14,395 - jasper.verilog - Attempting to add port "wb_stb_i" (parent sig: False, parent port: False)
DEBUG - 2026-08-22 13:39:14,395 - jasper.verilog -   Port "wb_stb_i" already exists
DEBUG - 2026-08-22 13:39:14,395 - jasper.verilog - Attempting to add port "wb_we_i" (parent sig: False, parent port: False)
DEBUG - 2026-08-22 13:39:14,395 - jasper.verilog -   Port "wb_we_i" already exists
DEBUG - 2026-08-22 13:39:14,395 - jasper.verilog - Attempting to add port "wb_sel_i" (parent sig: False, parent port: False)
DEBUG - 2026-08-22 13:39:14,395 - jasper.verilog -   Port "wb_sel_i" already exists
DEBUG - 2026-08-22 13:39:14,395 - jasper.verilog - Attempting to add port "wb_adr_i" (parent sig: False, parent port: False)
DEBUG - 2026-08-22 13:39:14,395 - jasper.verilog -   Port "wb_adr_i" already exists
DEBUG - 2026-08-22 13:39:14,395 - jasper.verilog - Attempting to add port "wb_dat_i" (parent sig: False, parent port: False)
DEBUG - 2026-08-22 13:39:14,395 - jasper.verilog -   Port "wb_dat_i" already exists
DEBUG - 2026-08-22 13:39:14,395 - jasper.verilog - Attempting to add port "wb_dat_o" (parent sig: False, parent port: False)
DEBUG - 2026-08-22 13:39:14,395 - jasper.verilog -   Port "wb_dat_o" already exists
DEBUG - 2026-08-22 13:39:14,395 - jasper.verilog - Attempting to add port "wb_ack_o" (parent sig: False, parent port: False)
DEBUG - 2026-08-22 13:39:14,395 - jasper.verilog -   Port "wb_ack_o" already exists
DEBUG - 2026-08-22 13:39:14,395 - jasper.verilog - Attempting to add port "wb_err_o" (parent sig: False, parent port: False)
DEBUG - 2026-08-22 13:39:14,395 - jasper.verilog -   Port "wb_err_o" already exists
DEBUG - 2026-08-22 13:39:14,395 - jasper.verilog - Found new WB slave for instance wb_register_simulink2ppc
DEBUG - 2026-08-22 13:39:14,395 - jasper.verilog - Looking for WB slaves for instance wb_register_ppc2simulink
DEBUG - 2026-08-22 13:39:14,395 - jasper.verilog - Assigning interface 0 (d4_ss_ctrl)
DEBUG - 2026-08-22 13:39:14,395 - jasper.verilog - Attempting to add port "wb_clk_i" (parent sig: False, parent port: False)
DEBUG - 2026-08-22 13:39:14,395 - jasper.verilog -   Port "wb_clk_i" already exists
DEBUG - 2026-08-22 13:39:14,395 - jasper.verilog - Attempting to add port "wb_rst_i" (parent sig: False, parent port: False)
DEBUG - 2026-08-22 13:39:14,395 - jasper.verilog -   Port "wb_rst_i" already exists
DEBUG - 2026-08-22 13:39:14,395 - jasper.verilog - Attempting to add port "wb_cyc_i" (parent sig: False, parent port: False)
DEBUG - 2026-08-22 13:39:14,395 - jasper.verilog -   Port "wb_cyc_i" already exists
DEBUG - 2026-08-22 13:39:14,395 - jasper.verilog - Attempting to add port "wb_stb_i" (parent sig: False, parent port: False)
DEBUG - 2026-08-22 13:39:14,395 - jasper.verilog -   Port "wb_stb_i" already exists
DEBUG - 2026-08-22 13:39:14,395 - jasper.verilog - Attempting to add port "wb_we_i" (parent sig: False, parent port: False)
DEBUG - 2026-08-22 13:39:14,395 - jasper.verilog -   Port "wb_we_i" already exists
DEBUG - 2026-08-22 13:39:14,395 - jasper.verilog - Attempting to add port "wb_sel_i" (parent sig: False, parent port: False)
DEBUG - 2026-08-22 13:39:14,395 - jasper.verilog -   Port "wb_sel_i" already exists
DEBUG - 2026-08-22 13:39:14,395 - jasper.verilog - Attempting to add port "wb_adr_i" (parent sig: False, parent port: False)
DEBUG - 2026-08-22 13:39:14,395 - jasper.verilog -   Port "wb_adr_i" already exists
DEBUG - 2026-08-22 13:39:14,395 - jasper.verilog - Attempting to add port "wb_dat_i" (parent sig: False, parent port: False)
DEBUG - 2026-08-22 13:39:14,395 - jasper.verilog -   Port "wb_dat_i" already exists
DEBUG - 2026-08-22 13:39:14,395 - jasper.verilog - Attempting to add port "wb_dat_o" (parent sig: False, parent port: False)
DEBUG - 2026-08-22 13:39:14,395 - jasper.verilog -   Port "wb_dat_o" already exists
DEBUG - 2026-08-22 13:39:14,395 - jasper.verilog - Attempting to add port "wb_ack_o" (parent sig: False, parent port: False)
DEBUG - 2026-08-22 13:39:14,395 - jasper.verilog -   Port "wb_ack_o" already exists
DEBUG - 2026-08-22 13:39:14,395 - jasper.verilog - Attempting to add port "wb_err_o" (parent sig: False, parent port: False)
DEBUG - 2026-08-22 13:39:14,395 - jasper.verilog -   Port "wb_err_o" already exists
DEBUG - 2026-08-22 13:39:14,395 - jasper.verilog - Found new WB slave for instance wb_register_ppc2simulink
DEBUG - 2026-08-22 13:39:14,395 - jasper.verilog - Looking for WB slaves for instance wb_register_simulink2ppc
DEBUG - 2026-08-22 13:39:14,395 - jasper.verilog - Assigning interface 0 (d4_ss_status)
DEBUG - 2026-08-22 13:39:14,395 - jasper.verilog - Attempting to add port "wb_clk_i" (parent sig: False, parent port: False)
DEBUG - 2026-08-22 13:39:14,395 - jasper.verilog -   Port "wb_clk_i" already exists
DEBUG - 2026-08-22 13:39:14,395 - jasper.verilog - Attempting to add port "wb_rst_i" (parent sig: False, parent port: False)
DEBUG - 2026-08-22 13:39:14,395 - jasper.verilog -   Port "wb_rst_i" already exists
DEBUG - 2026-08-22 13:39:14,395 - jasper.verilog - Attempting to add port "wb_cyc_i" (parent sig: False, parent port: False)
DEBUG - 2026-08-22 13:39:14,395 - jasper.verilog -   Port "wb_cyc_i" already exists
DEBUG - 2026-08-22 13:39:14,395 - jasper.verilog - Attempting to add port "wb_stb_i" (parent sig: False, parent port: False)
DEBUG - 2026-08-22 13:39:14,395 - jasper.verilog -   Port "wb_stb_i" already exists
DEBUG - 2026-08-22 13:39:14,395 - jasper.verilog - Attempting to add port "wb_we_i" (parent sig: False, parent port: False)
DEBUG - 2026-08-22 13:39:14,395 - jasper.verilog -   Port "wb_we_i" already exists
DEBUG - 2026-08-22 13:39:14,395 - jasper.verilog - Attempting to add port "wb_sel_i" (parent sig: False, parent port: False)
DEBUG - 2026-08-22 13:39:14,395 - jasper.verilog -   Port "wb_sel_i" already exists
DEBUG - 2026-08-22 13:39:14,395 - jasper.verilog - Attempting to add port "wb_adr_i" (parent sig: False, parent port: False)
DEBUG - 2026-08-22 13:39:14,395 - jasper.verilog -   Port "wb_adr_i" already exists
DEBUG - 2026-08-22 13:39:14,395 - jasper.verilog - Attempting to add port "wb_dat_i" (parent sig: False, parent port: False)
DEBUG - 2026-08-22 13:39:14,395 - jasper.verilog -   Port "wb_dat_i" already exists
DEBUG - 2026-08-22 13:39:14,395 - jasper.verilog - Attempting to add port "wb_dat_o" (parent sig: False, parent port: False)
DEBUG - 2026-08-22 13:39:14,395 - jasper.verilog -   Port "wb_dat_o" already exists
DEBUG - 2026-08-22 13:39:14,395 - jasper.verilog - Attempting to add port "wb_ack_o" (parent sig: False, parent port: False)
DEBUG - 2026-08-22 13:39:14,395 - jasper.verilog -   Port "wb_ack_o" already exists
DEBUG - 2026-08-22 13:39:14,396 - jasper.verilog - Attempting to add port "wb_err_o" (parent sig: False, parent port: False)
DEBUG - 2026-08-22 13:39:14,396 - jasper.verilog -   Port "wb_err_o" already exists
DEBUG - 2026-08-22 13:39:14,396 - jasper.verilog - Found new WB slave for instance wb_register_simulink2ppc
DEBUG - 2026-08-22 13:39:14,396 - jasper.verilog - Looking for WB slaves for instance wb_register_ppc2simulink
DEBUG - 2026-08-22 13:39:14,396 - jasper.verilog - Assigning interface 0 (d5_ss_ctrl)
DEBUG - 2026-08-22 13:39:14,396 - jasper.verilog - Attempting to add port "wb_clk_i" (parent sig: False, parent port: False)
DEBUG - 2026-08-22 13:39:14,396 - jasper.verilog -   Port "wb_clk_i" already exists
DEBUG - 2026-08-22 13:39:14,396 - jasper.verilog - Attempting to add port "wb_rst_i" (parent sig: False, parent port: False)
DEBUG - 2026-08-22 13:39:14,396 - jasper.verilog -   Port "wb_rst_i" already exists
DEBUG - 2026-08-22 13:39:14,396 - jasper.verilog - Attempting to add port "wb_cyc_i" (parent sig: False, parent port: False)
DEBUG - 2026-08-22 13:39:14,396 - jasper.verilog -   Port "wb_cyc_i" already exists
DEBUG - 2026-08-22 13:39:14,396 - jasper.verilog - Attempting to add port "wb_stb_i" (parent sig: False, parent port: False)
DEBUG - 2026-08-22 13:39:14,396 - jasper.verilog -   Port "wb_stb_i" already exists
DEBUG - 2026-08-22 13:39:14,396 - jasper.verilog - Attempting to add port "wb_we_i" (parent sig: False, parent port: False)
DEBUG - 2026-08-22 13:39:14,396 - jasper.verilog -   Port "wb_we_i" already exists
DEBUG - 2026-08-22 13:39:14,396 - jasper.verilog - Attempting to add port "wb_sel_i" (parent sig: False, parent port: False)
DEBUG - 2026-08-22 13:39:14,396 - jasper.verilog -   Port "wb_sel_i" already exists
DEBUG - 2026-08-22 13:39:14,396 - jasper.verilog - Attempting to add port "wb_adr_i" (parent sig: False, parent port: False)
DEBUG - 2026-08-22 13:39:14,396 - jasper.verilog -   Port "wb_adr_i" already exists
DEBUG - 2026-08-22 13:39:14,396 - jasper.verilog - Attempting to add port "wb_dat_i" (parent sig: False, parent port: False)
DEBUG - 2026-08-22 13:39:14,396 - jasper.verilog -   Port "wb_dat_i" already exists
DEBUG - 2026-08-22 13:39:14,396 - jasper.verilog - Attempting to add port "wb_dat_o" (parent sig: False, parent port: False)
DEBUG - 2026-08-22 13:39:14,396 - jasper.verilog -   Port "wb_dat_o" already exists
DEBUG - 2026-08-22 13:39:14,396 - jasper.verilog - Attempting to add port "wb_ack_o" (parent sig: False, parent port: False)
DEBUG - 2026-08-22 13:39:14,396 - jasper.verilog -   Port "wb_ack_o" already exists
DEBUG - 2026-08-22 13:39:14,396 - jasper.verilog - Attempting to add port "wb_err_o" (parent sig: False, parent port: False)
DEBUG - 2026-08-22 13:39:14,396 - jasper.verilog -   Port "wb_err_o" already exists
DEBUG - 2026-08-22 13:39:14,396 - jasper.verilog - Found new WB slave for instance wb_register_ppc2simulink
DEBUG - 2026-08-22 13:39:14,396 - jasper.verilog - Looking for WB slaves for instance wb_register_simulink2ppc
DEBUG - 2026-08-22 13:39:14,396 - jasper.verilog - Assigning interface 0 (d5_ss_status)
DEBUG - 2026-08-22 13:39:14,396 - jasper.verilog - Attempting to add port "wb_clk_i" (parent sig: False, parent port: False)
DEBUG - 2026-08-22 13:39:14,396 - jasper.verilog -   Port "wb_clk_i" already exists
DEBUG - 2026-08-22 13:39:14,396 - jasper.verilog - Attempting to add port "wb_rst_i" (parent sig: False, parent port: False)
DEBUG - 2026-08-22 13:39:14,396 - jasper.verilog -   Port "wb_rst_i" already exists
DEBUG - 2026-08-22 13:39:14,396 - jasper.verilog - Attempting to add port "wb_cyc_i" (parent sig: False, parent port: False)
DEBUG - 2026-08-22 13:39:14,396 - jasper.verilog -   Port "wb_cyc_i" already exists
DEBUG - 2026-08-22 13:39:14,396 - jasper.verilog - Attempting to add port "wb_stb_i" (parent sig: False, parent port: False)
DEBUG - 2026-08-22 13:39:14,396 - jasper.verilog -   Port "wb_stb_i" already exists
DEBUG - 2026-08-22 13:39:14,396 - jasper.verilog - Attempting to add port "wb_we_i" (parent sig: False, parent port: False)
DEBUG - 2026-08-22 13:39:14,396 - jasper.verilog -   Port "wb_we_i" already exists
DEBUG - 2026-08-22 13:39:14,396 - jasper.verilog - Attempting to add port "wb_sel_i" (parent sig: False, parent port: False)
DEBUG - 2026-08-22 13:39:14,396 - jasper.verilog -   Port "wb_sel_i" already exists
DEBUG - 2026-08-22 13:39:14,396 - jasper.verilog - Attempting to add port "wb_adr_i" (parent sig: False, parent port: False)
DEBUG - 2026-08-22 13:39:14,396 - jasper.verilog -   Port "wb_adr_i" already exists
DEBUG - 2026-08-22 13:39:14,396 - jasper.verilog - Attempting to add port "wb_dat_i" (parent sig: False, parent port: False)
DEBUG - 2026-08-22 13:39:14,396 - jasper.verilog -   Port "wb_dat_i" already exists
DEBUG - 2026-08-22 13:39:14,396 - jasper.verilog - Attempting to add port "wb_dat_o" (parent sig: False, parent port: False)
DEBUG - 2026-08-22 13:39:14,396 - jasper.verilog -   Port "wb_dat_o" already exists
DEBUG - 2026-08-22 13:39:14,396 - jasper.verilog - Attempting to add port "wb_ack_o" (parent sig: False, parent port: False)
DEBUG - 2026-08-22 13:39:14,396 - jasper.verilog -   Port "wb_ack_o" already exists
DEBUG - 2026-08-22 13:39:14,396 - jasper.verilog - Attempting to add port "wb_err_o" (parent sig: False, parent port: False)
DEBUG - 2026-08-22 13:39:14,396 - jasper.verilog -   Port "wb_err_o" already exists
DEBUG - 2026-08-22 13:39:14,396 - jasper.verilog - Found new WB slave for instance wb_register_simulink2ppc
DEBUG - 2026-08-22 13:39:14,396 - jasper.verilog - Looking for WB slaves for instance wb_register_simulink2ppc
DEBUG - 2026-08-22 13:39:14,396 - jasper.verilog - Assigning interface 0 (data_rx_valmir)
DEBUG - 2026-08-22 13:39:14,396 - jasper.verilog - Attempting to add port "wb_clk_i" (parent sig: False, parent port: False)
DEBUG - 2026-08-22 13:39:14,396 - jasper.verilog -   Port "wb_clk_i" already exists
DEBUG - 2026-08-22 13:39:14,396 - jasper.verilog - Attempting to add port "wb_rst_i" (parent sig: False, parent port: False)
DEBUG - 2026-08-22 13:39:14,396 - jasper.verilog -   Port "wb_rst_i" already exists
DEBUG - 2026-08-22 13:39:14,396 - jasper.verilog - Attempting to add port "wb_cyc_i" (parent sig: False, parent port: False)
DEBUG - 2026-08-22 13:39:14,396 - jasper.verilog -   Port "wb_cyc_i" already exists
DEBUG - 2026-08-22 13:39:14,396 - jasper.verilog - Attempting to add port "wb_stb_i" (parent sig: False, parent port: False)
DEBUG - 2026-08-22 13:39:14,396 - jasper.verilog -   Port "wb_stb_i" already exists
DEBUG - 2026-08-22 13:39:14,396 - jasper.verilog - Attempting to add port "wb_we_i" (parent sig: False, parent port: False)
DEBUG - 2026-08-22 13:39:14,396 - jasper.verilog -   Port "wb_we_i" already exists
DEBUG - 2026-08-22 13:39:14,396 - jasper.verilog - Attempting to add port "wb_sel_i" (parent sig: False, parent port: False)
DEBUG - 2026-08-22 13:39:14,396 - jasper.verilog -   Port "wb_sel_i" already exists
DEBUG - 2026-08-22 13:39:14,396 - jasper.verilog - Attempting to add port "wb_adr_i" (parent sig: False, parent port: False)
DEBUG - 2026-08-22 13:39:14,396 - jasper.verilog -   Port "wb_adr_i" already exists
DEBUG - 2026-08-22 13:39:14,396 - jasper.verilog - Attempting to add port "wb_dat_i" (parent sig: False, parent port: False)
DEBUG - 2026-08-22 13:39:14,396 - jasper.verilog -   Port "wb_dat_i" already exists
DEBUG - 2026-08-22 13:39:14,396 - jasper.verilog - Attempting to add port "wb_dat_o" (parent sig: False, parent port: False)
DEBUG - 2026-08-22 13:39:14,396 - jasper.verilog -   Port "wb_dat_o" already exists
DEBUG - 2026-08-22 13:39:14,396 - jasper.verilog - Attempting to add port "wb_ack_o" (parent sig: False, parent port: False)
DEBUG - 2026-08-22 13:39:14,396 - jasper.verilog -   Port "wb_ack_o" already exists
DEBUG - 2026-08-22 13:39:14,396 - jasper.verilog - Attempting to add port "wb_err_o" (parent sig: False, parent port: False)
DEBUG - 2026-08-22 13:39:14,396 - jasper.verilog -   Port "wb_err_o" already exists
DEBUG - 2026-08-22 13:39:14,396 - jasper.verilog - Found new WB slave for instance wb_register_simulink2ppc
DEBUG - 2026-08-22 13:39:14,396 - jasper.verilog - Looking for WB slaves for instance wb_register_simulink2ppc
DEBUG - 2026-08-22 13:39:14,396 - jasper.verilog - Assigning interface 0 (debug_rx_data_mem_fifo)
DEBUG - 2026-08-22 13:39:14,396 - jasper.verilog - Attempting to add port "wb_clk_i" (parent sig: False, parent port: False)
DEBUG - 2026-08-22 13:39:14,396 - jasper.verilog -   Port "wb_clk_i" already exists
DEBUG - 2026-08-22 13:39:14,396 - jasper.verilog - Attempting to add port "wb_rst_i" (parent sig: False, parent port: False)
DEBUG - 2026-08-22 13:39:14,396 - jasper.verilog -   Port "wb_rst_i" already exists
DEBUG - 2026-08-22 13:39:14,396 - jasper.verilog - Attempting to add port "wb_cyc_i" (parent sig: False, parent port: False)
DEBUG - 2026-08-22 13:39:14,396 - jasper.verilog -   Port "wb_cyc_i" already exists
DEBUG - 2026-08-22 13:39:14,396 - jasper.verilog - Attempting to add port "wb_stb_i" (parent sig: False, parent port: False)
DEBUG - 2026-08-22 13:39:14,396 - jasper.verilog -   Port "wb_stb_i" already exists
DEBUG - 2026-08-22 13:39:14,396 - jasper.verilog - Attempting to add port "wb_we_i" (parent sig: False, parent port: False)
DEBUG - 2026-08-22 13:39:14,396 - jasper.verilog -   Port "wb_we_i" already exists
DEBUG - 2026-08-22 13:39:14,396 - jasper.verilog - Attempting to add port "wb_sel_i" (parent sig: False, parent port: False)
DEBUG - 2026-08-22 13:39:14,396 - jasper.verilog -   Port "wb_sel_i" already exists
DEBUG - 2026-08-22 13:39:14,396 - jasper.verilog - Attempting to add port "wb_adr_i" (parent sig: False, parent port: False)
DEBUG - 2026-08-22 13:39:14,396 - jasper.verilog -   Port "wb_adr_i" already exists
DEBUG - 2026-08-22 13:39:14,397 - jasper.verilog - Attempting to add port "wb_dat_i" (parent sig: False, parent port: False)
DEBUG - 2026-08-22 13:39:14,397 - jasper.verilog -   Port "wb_dat_i" already exists
DEBUG - 2026-08-22 13:39:14,397 - jasper.verilog - Attempting to add port "wb_dat_o" (parent sig: False, parent port: False)
DEBUG - 2026-08-22 13:39:14,397 - jasper.verilog -   Port "wb_dat_o" already exists
DEBUG - 2026-08-22 13:39:14,397 - jasper.verilog - Attempting to add port "wb_ack_o" (parent sig: False, parent port: False)
DEBUG - 2026-08-22 13:39:14,397 - jasper.verilog -   Port "wb_ack_o" already exists
DEBUG - 2026-08-22 13:39:14,397 - jasper.verilog - Attempting to add port "wb_err_o" (parent sig: False, parent port: False)
DEBUG - 2026-08-22 13:39:14,397 - jasper.verilog -   Port "wb_err_o" already exists
DEBUG - 2026-08-22 13:39:14,397 - jasper.verilog - Found new WB slave for instance wb_register_simulink2ppc
DEBUG - 2026-08-22 13:39:14,397 - jasper.verilog - Looking for WB slaves for instance wb_register_simulink2ppc
DEBUG - 2026-08-22 13:39:14,397 - jasper.verilog - Assigning interface 0 (debug_rx_data_mem_gbe)
DEBUG - 2026-08-22 13:39:14,397 - jasper.verilog - Attempting to add port "wb_clk_i" (parent sig: False, parent port: False)
DEBUG - 2026-08-22 13:39:14,397 - jasper.verilog -   Port "wb_clk_i" already exists
DEBUG - 2026-08-22 13:39:14,397 - jasper.verilog - Attempting to add port "wb_rst_i" (parent sig: False, parent port: False)
DEBUG - 2026-08-22 13:39:14,397 - jasper.verilog -   Port "wb_rst_i" already exists
DEBUG - 2026-08-22 13:39:14,397 - jasper.verilog - Attempting to add port "wb_cyc_i" (parent sig: False, parent port: False)
DEBUG - 2026-08-22 13:39:14,397 - jasper.verilog -   Port "wb_cyc_i" already exists
DEBUG - 2026-08-22 13:39:14,397 - jasper.verilog - Attempting to add port "wb_stb_i" (parent sig: False, parent port: False)
DEBUG - 2026-08-22 13:39:14,397 - jasper.verilog -   Port "wb_stb_i" already exists
DEBUG - 2026-08-22 13:39:14,397 - jasper.verilog - Attempting to add port "wb_we_i" (parent sig: False, parent port: False)
DEBUG - 2026-08-22 13:39:14,397 - jasper.verilog -   Port "wb_we_i" already exists
DEBUG - 2026-08-22 13:39:14,397 - jasper.verilog - Attempting to add port "wb_sel_i" (parent sig: False, parent port: False)
DEBUG - 2026-08-22 13:39:14,397 - jasper.verilog -   Port "wb_sel_i" already exists
DEBUG - 2026-08-22 13:39:14,397 - jasper.verilog - Attempting to add port "wb_adr_i" (parent sig: False, parent port: False)
DEBUG - 2026-08-22 13:39:14,397 - jasper.verilog -   Port "wb_adr_i" already exists
DEBUG - 2026-08-22 13:39:14,397 - jasper.verilog - Attempting to add port "wb_dat_i" (parent sig: False, parent port: False)
DEBUG - 2026-08-22 13:39:14,397 - jasper.verilog -   Port "wb_dat_i" already exists
DEBUG - 2026-08-22 13:39:14,397 - jasper.verilog - Attempting to add port "wb_dat_o" (parent sig: False, parent port: False)
DEBUG - 2026-08-22 13:39:14,397 - jasper.verilog -   Port "wb_dat_o" already exists
DEBUG - 2026-08-22 13:39:14,397 - jasper.verilog - Attempting to add port "wb_ack_o" (parent sig: False, parent port: False)
DEBUG - 2026-08-22 13:39:14,397 - jasper.verilog -   Port "wb_ack_o" already exists
DEBUG - 2026-08-22 13:39:14,397 - jasper.verilog - Attempting to add port "wb_err_o" (parent sig: False, parent port: False)
DEBUG - 2026-08-22 13:39:14,397 - jasper.verilog -   Port "wb_err_o" already exists
DEBUG - 2026-08-22 13:39:14,397 - jasper.verilog - Found new WB slave for instance wb_register_simulink2ppc
DEBUG - 2026-08-22 13:39:14,397 - jasper.verilog - Looking for WB slaves for instance wb_register_ppc2simulink
DEBUG - 2026-08-22 13:39:14,397 - jasper.verilog - Assigning interface 0 (dec_factor)
DEBUG - 2026-08-22 13:39:14,397 - jasper.verilog - Attempting to add port "wb_clk_i" (parent sig: False, parent port: False)
DEBUG - 2026-08-22 13:39:14,397 - jasper.verilog -   Port "wb_clk_i" already exists
DEBUG - 2026-08-22 13:39:14,397 - jasper.verilog - Attempting to add port "wb_rst_i" (parent sig: False, parent port: False)
DEBUG - 2026-08-22 13:39:14,397 - jasper.verilog -   Port "wb_rst_i" already exists
DEBUG - 2026-08-22 13:39:14,397 - jasper.verilog - Attempting to add port "wb_cyc_i" (parent sig: False, parent port: False)
DEBUG - 2026-08-22 13:39:14,397 - jasper.verilog -   Port "wb_cyc_i" already exists
DEBUG - 2026-08-22 13:39:14,397 - jasper.verilog - Attempting to add port "wb_stb_i" (parent sig: False, parent port: False)
DEBUG - 2026-08-22 13:39:14,397 - jasper.verilog -   Port "wb_stb_i" already exists
DEBUG - 2026-08-22 13:39:14,397 - jasper.verilog - Attempting to add port "wb_we_i" (parent sig: False, parent port: False)
DEBUG - 2026-08-22 13:39:14,397 - jasper.verilog -   Port "wb_we_i" already exists
DEBUG - 2026-08-22 13:39:14,397 - jasper.verilog - Attempting to add port "wb_sel_i" (parent sig: False, parent port: False)
DEBUG - 2026-08-22 13:39:14,397 - jasper.verilog -   Port "wb_sel_i" already exists
DEBUG - 2026-08-22 13:39:14,397 - jasper.verilog - Attempting to add port "wb_adr_i" (parent sig: False, parent port: False)
DEBUG - 2026-08-22 13:39:14,397 - jasper.verilog -   Port "wb_adr_i" already exists
DEBUG - 2026-08-22 13:39:14,397 - jasper.verilog - Attempting to add port "wb_dat_i" (parent sig: False, parent port: False)
DEBUG - 2026-08-22 13:39:14,397 - jasper.verilog -   Port "wb_dat_i" already exists
DEBUG - 2026-08-22 13:39:14,397 - jasper.verilog - Attempting to add port "wb_dat_o" (parent sig: False, parent port: False)
DEBUG - 2026-08-22 13:39:14,397 - jasper.verilog -   Port "wb_dat_o" already exists
DEBUG - 2026-08-22 13:39:14,397 - jasper.verilog - Attempting to add port "wb_ack_o" (parent sig: False, parent port: False)
DEBUG - 2026-08-22 13:39:14,397 - jasper.verilog -   Port "wb_ack_o" already exists
DEBUG - 2026-08-22 13:39:14,397 - jasper.verilog - Attempting to add port "wb_err_o" (parent sig: False, parent port: False)
DEBUG - 2026-08-22 13:39:14,397 - jasper.verilog -   Port "wb_err_o" already exists
DEBUG - 2026-08-22 13:39:14,397 - jasper.verilog - Found new WB slave for instance wb_register_ppc2simulink
DEBUG - 2026-08-22 13:39:14,397 - jasper.verilog - Looking for WB slaves for instance wb_register_simulink2ppc
DEBUG - 2026-08-22 13:39:14,397 - jasper.verilog - Assigning interface 0 (err_marker1)
DEBUG - 2026-08-22 13:39:14,397 - jasper.verilog - Attempting to add port "wb_clk_i" (parent sig: False, parent port: False)
DEBUG - 2026-08-22 13:39:14,397 - jasper.verilog -   Port "wb_clk_i" already exists
DEBUG - 2026-08-22 13:39:14,397 - jasper.verilog - Attempting to add port "wb_rst_i" (parent sig: False, parent port: False)
DEBUG - 2026-08-22 13:39:14,397 - jasper.verilog -   Port "wb_rst_i" already exists
DEBUG - 2026-08-22 13:39:14,397 - jasper.verilog - Attempting to add port "wb_cyc_i" (parent sig: False, parent port: False)
DEBUG - 2026-08-22 13:39:14,397 - jasper.verilog -   Port "wb_cyc_i" already exists
DEBUG - 2026-08-22 13:39:14,397 - jasper.verilog - Attempting to add port "wb_stb_i" (parent sig: False, parent port: False)
DEBUG - 2026-08-22 13:39:14,397 - jasper.verilog -   Port "wb_stb_i" already exists
DEBUG - 2026-08-22 13:39:14,397 - jasper.verilog - Attempting to add port "wb_we_i" (parent sig: False, parent port: False)
DEBUG - 2026-08-22 13:39:14,397 - jasper.verilog -   Port "wb_we_i" already exists
DEBUG - 2026-08-22 13:39:14,397 - jasper.verilog - Attempting to add port "wb_sel_i" (parent sig: False, parent port: False)
DEBUG - 2026-08-22 13:39:14,397 - jasper.verilog -   Port "wb_sel_i" already exists
DEBUG - 2026-08-22 13:39:14,397 - jasper.verilog - Attempting to add port "wb_adr_i" (parent sig: False, parent port: False)
DEBUG - 2026-08-22 13:39:14,397 - jasper.verilog -   Port "wb_adr_i" already exists
DEBUG - 2026-08-22 13:39:14,397 - jasper.verilog - Attempting to add port "wb_dat_i" (parent sig: False, parent port: False)
DEBUG - 2026-08-22 13:39:14,397 - jasper.verilog -   Port "wb_dat_i" already exists
DEBUG - 2026-08-22 13:39:14,397 - jasper.verilog - Attempting to add port "wb_dat_o" (parent sig: False, parent port: False)
DEBUG - 2026-08-22 13:39:14,397 - jasper.verilog -   Port "wb_dat_o" already exists
DEBUG - 2026-08-22 13:39:14,397 - jasper.verilog - Attempting to add port "wb_ack_o" (parent sig: False, parent port: False)
DEBUG - 2026-08-22 13:39:14,397 - jasper.verilog -   Port "wb_ack_o" already exists
DEBUG - 2026-08-22 13:39:14,397 - jasper.verilog - Attempting to add port "wb_err_o" (parent sig: False, parent port: False)
DEBUG - 2026-08-22 13:39:14,397 - jasper.verilog -   Port "wb_err_o" already exists
DEBUG - 2026-08-22 13:39:14,397 - jasper.verilog - Found new WB slave for instance wb_register_simulink2ppc
DEBUG - 2026-08-22 13:39:14,397 - jasper.verilog - Looking for WB slaves for instance wb_register_simulink2ppc
DEBUG - 2026-08-22 13:39:14,397 - jasper.verilog - Assigning interface 0 (err_pkt_ctr1)
DEBUG - 2026-08-22 13:39:14,397 - jasper.verilog - Attempting to add port "wb_clk_i" (parent sig: False, parent port: False)
DEBUG - 2026-08-22 13:39:14,397 - jasper.verilog -   Port "wb_clk_i" already exists
DEBUG - 2026-08-22 13:39:14,397 - jasper.verilog - Attempting to add port "wb_rst_i" (parent sig: False, parent port: False)
DEBUG - 2026-08-22 13:39:14,397 - jasper.verilog -   Port "wb_rst_i" already exists
DEBUG - 2026-08-22 13:39:14,397 - jasper.verilog - Attempting to add port "wb_cyc_i" (parent sig: False, parent port: False)
DEBUG - 2026-08-22 13:39:14,397 - jasper.verilog -   Port "wb_cyc_i" already exists
DEBUG - 2026-08-22 13:39:14,397 - jasper.verilog - Attempting to add port "wb_stb_i" (parent sig: False, parent port: False)
DEBUG - 2026-08-22 13:39:14,397 - jasper.verilog -   Port "wb_stb_i" already exists
DEBUG - 2026-08-22 13:39:14,397 - jasper.verilog - Attempting to add port "wb_we_i" (parent sig: False, parent port: False)
DEBUG - 2026-08-22 13:39:14,398 - jasper.verilog -   Port "wb_we_i" already exists
DEBUG - 2026-08-22 13:39:14,398 - jasper.verilog - Attempting to add port "wb_sel_i" (parent sig: False, parent port: False)
DEBUG - 2026-08-22 13:39:14,398 - jasper.verilog -   Port "wb_sel_i" already exists
DEBUG - 2026-08-22 13:39:14,398 - jasper.verilog - Attempting to add port "wb_adr_i" (parent sig: False, parent port: False)
DEBUG - 2026-08-22 13:39:14,398 - jasper.verilog -   Port "wb_adr_i" already exists
DEBUG - 2026-08-22 13:39:14,398 - jasper.verilog - Attempting to add port "wb_dat_i" (parent sig: False, parent port: False)
DEBUG - 2026-08-22 13:39:14,398 - jasper.verilog -   Port "wb_dat_i" already exists
DEBUG - 2026-08-22 13:39:14,398 - jasper.verilog - Attempting to add port "wb_dat_o" (parent sig: False, parent port: False)
DEBUG - 2026-08-22 13:39:14,398 - jasper.verilog -   Port "wb_dat_o" already exists
DEBUG - 2026-08-22 13:39:14,398 - jasper.verilog - Attempting to add port "wb_ack_o" (parent sig: False, parent port: False)
DEBUG - 2026-08-22 13:39:14,398 - jasper.verilog -   Port "wb_ack_o" already exists
DEBUG - 2026-08-22 13:39:14,398 - jasper.verilog - Attempting to add port "wb_err_o" (parent sig: False, parent port: False)
DEBUG - 2026-08-22 13:39:14,398 - jasper.verilog -   Port "wb_err_o" already exists
DEBUG - 2026-08-22 13:39:14,398 - jasper.verilog - Found new WB slave for instance wb_register_simulink2ppc
DEBUG - 2026-08-22 13:39:14,398 - jasper.verilog - Looking for WB slaves for instance wb_register_simulink2ppc
DEBUG - 2026-08-22 13:39:14,398 - jasper.verilog - Assigning interface 0 (err_pkt_ctr_step1)
DEBUG - 2026-08-22 13:39:14,398 - jasper.verilog - Attempting to add port "wb_clk_i" (parent sig: False, parent port: False)
DEBUG - 2026-08-22 13:39:14,398 - jasper.verilog -   Port "wb_clk_i" already exists
DEBUG - 2026-08-22 13:39:14,398 - jasper.verilog - Attempting to add port "wb_rst_i" (parent sig: False, parent port: False)
DEBUG - 2026-08-22 13:39:14,398 - jasper.verilog -   Port "wb_rst_i" already exists
DEBUG - 2026-08-22 13:39:14,398 - jasper.verilog - Attempting to add port "wb_cyc_i" (parent sig: False, parent port: False)
DEBUG - 2026-08-22 13:39:14,398 - jasper.verilog -   Port "wb_cyc_i" already exists
DEBUG - 2026-08-22 13:39:14,398 - jasper.verilog - Attempting to add port "wb_stb_i" (parent sig: False, parent port: False)
DEBUG - 2026-08-22 13:39:14,398 - jasper.verilog -   Port "wb_stb_i" already exists
DEBUG - 2026-08-22 13:39:14,398 - jasper.verilog - Attempting to add port "wb_we_i" (parent sig: False, parent port: False)
DEBUG - 2026-08-22 13:39:14,398 - jasper.verilog -   Port "wb_we_i" already exists
DEBUG - 2026-08-22 13:39:14,398 - jasper.verilog - Attempting to add port "wb_sel_i" (parent sig: False, parent port: False)
DEBUG - 2026-08-22 13:39:14,398 - jasper.verilog -   Port "wb_sel_i" already exists
DEBUG - 2026-08-22 13:39:14,398 - jasper.verilog - Attempting to add port "wb_adr_i" (parent sig: False, parent port: False)
DEBUG - 2026-08-22 13:39:14,398 - jasper.verilog -   Port "wb_adr_i" already exists
DEBUG - 2026-08-22 13:39:14,398 - jasper.verilog - Attempting to add port "wb_dat_i" (parent sig: False, parent port: False)
DEBUG - 2026-08-22 13:39:14,398 - jasper.verilog -   Port "wb_dat_i" already exists
DEBUG - 2026-08-22 13:39:14,398 - jasper.verilog - Attempting to add port "wb_dat_o" (parent sig: False, parent port: False)
DEBUG - 2026-08-22 13:39:14,398 - jasper.verilog -   Port "wb_dat_o" already exists
DEBUG - 2026-08-22 13:39:14,398 - jasper.verilog - Attempting to add port "wb_ack_o" (parent sig: False, parent port: False)
DEBUG - 2026-08-22 13:39:14,398 - jasper.verilog -   Port "wb_ack_o" already exists
DEBUG - 2026-08-22 13:39:14,398 - jasper.verilog - Attempting to add port "wb_err_o" (parent sig: False, parent port: False)
DEBUG - 2026-08-22 13:39:14,398 - jasper.verilog -   Port "wb_err_o" already exists
DEBUG - 2026-08-22 13:39:14,398 - jasper.verilog - Found new WB slave for instance wb_register_simulink2ppc
DEBUG - 2026-08-22 13:39:14,398 - jasper.verilog - Looking for WB slaves for instance wb_register_simulink2ppc
DEBUG - 2026-08-22 13:39:14,398 - jasper.verilog - Assigning interface 0 (err_ramp1)
DEBUG - 2026-08-22 13:39:14,398 - jasper.verilog - Attempting to add port "wb_clk_i" (parent sig: False, parent port: False)
DEBUG - 2026-08-22 13:39:14,398 - jasper.verilog -   Port "wb_clk_i" already exists
DEBUG - 2026-08-22 13:39:14,398 - jasper.verilog - Attempting to add port "wb_rst_i" (parent sig: False, parent port: False)
DEBUG - 2026-08-22 13:39:14,398 - jasper.verilog -   Port "wb_rst_i" already exists
DEBUG - 2026-08-22 13:39:14,398 - jasper.verilog - Attempting to add port "wb_cyc_i" (parent sig: False, parent port: False)
DEBUG - 2026-08-22 13:39:14,398 - jasper.verilog -   Port "wb_cyc_i" already exists
DEBUG - 2026-08-22 13:39:14,398 - jasper.verilog - Attempting to add port "wb_stb_i" (parent sig: False, parent port: False)
DEBUG - 2026-08-22 13:39:14,398 - jasper.verilog -   Port "wb_stb_i" already exists
DEBUG - 2026-08-22 13:39:14,398 - jasper.verilog - Attempting to add port "wb_we_i" (parent sig: False, parent port: False)
DEBUG - 2026-08-22 13:39:14,398 - jasper.verilog -   Port "wb_we_i" already exists
DEBUG - 2026-08-22 13:39:14,398 - jasper.verilog - Attempting to add port "wb_sel_i" (parent sig: False, parent port: False)
DEBUG - 2026-08-22 13:39:14,398 - jasper.verilog -   Port "wb_sel_i" already exists
DEBUG - 2026-08-22 13:39:14,398 - jasper.verilog - Attempting to add port "wb_adr_i" (parent sig: False, parent port: False)
DEBUG - 2026-08-22 13:39:14,398 - jasper.verilog -   Port "wb_adr_i" already exists
DEBUG - 2026-08-22 13:39:14,398 - jasper.verilog - Attempting to add port "wb_dat_i" (parent sig: False, parent port: False)
DEBUG - 2026-08-22 13:39:14,398 - jasper.verilog -   Port "wb_dat_i" already exists
DEBUG - 2026-08-22 13:39:14,398 - jasper.verilog - Attempting to add port "wb_dat_o" (parent sig: False, parent port: False)
DEBUG - 2026-08-22 13:39:14,398 - jasper.verilog -   Port "wb_dat_o" already exists
DEBUG - 2026-08-22 13:39:14,398 - jasper.verilog - Attempting to add port "wb_ack_o" (parent sig: False, parent port: False)
DEBUG - 2026-08-22 13:39:14,398 - jasper.verilog -   Port "wb_ack_o" already exists
DEBUG - 2026-08-22 13:39:14,398 - jasper.verilog - Attempting to add port "wb_err_o" (parent sig: False, parent port: False)
DEBUG - 2026-08-22 13:39:14,398 - jasper.verilog -   Port "wb_err_o" already exists
DEBUG - 2026-08-22 13:39:14,398 - jasper.verilog - Found new WB slave for instance wb_register_simulink2ppc
DEBUG - 2026-08-22 13:39:14,398 - jasper.verilog - Looking for WB slaves for instance wb_register_simulink2ppc
DEBUG - 2026-08-22 13:39:14,398 - jasper.verilog - Assigning interface 0 (err_valid_raw1)
DEBUG - 2026-08-22 13:39:14,398 - jasper.verilog - Attempting to add port "wb_clk_i" (parent sig: False, parent port: False)
DEBUG - 2026-08-22 13:39:14,398 - jasper.verilog -   Port "wb_clk_i" already exists
DEBUG - 2026-08-22 13:39:14,398 - jasper.verilog - Attempting to add port "wb_rst_i" (parent sig: False, parent port: False)
DEBUG - 2026-08-22 13:39:14,398 - jasper.verilog -   Port "wb_rst_i" already exists
DEBUG - 2026-08-22 13:39:14,398 - jasper.verilog - Attempting to add port "wb_cyc_i" (parent sig: False, parent port: False)
DEBUG - 2026-08-22 13:39:14,398 - jasper.verilog -   Port "wb_cyc_i" already exists
DEBUG - 2026-08-22 13:39:14,398 - jasper.verilog - Attempting to add port "wb_stb_i" (parent sig: False, parent port: False)
DEBUG - 2026-08-22 13:39:14,398 - jasper.verilog -   Port "wb_stb_i" already exists
DEBUG - 2026-08-22 13:39:14,398 - jasper.verilog - Attempting to add port "wb_we_i" (parent sig: False, parent port: False)
DEBUG - 2026-08-22 13:39:14,398 - jasper.verilog -   Port "wb_we_i" already exists
DEBUG - 2026-08-22 13:39:14,398 - jasper.verilog - Attempting to add port "wb_sel_i" (parent sig: False, parent port: False)
DEBUG - 2026-08-22 13:39:14,398 - jasper.verilog -   Port "wb_sel_i" already exists
DEBUG - 2026-08-22 13:39:14,398 - jasper.verilog - Attempting to add port "wb_adr_i" (parent sig: False, parent port: False)
DEBUG - 2026-08-22 13:39:14,398 - jasper.verilog -   Port "wb_adr_i" already exists
DEBUG - 2026-08-22 13:39:14,398 - jasper.verilog - Attempting to add port "wb_dat_i" (parent sig: False, parent port: False)
DEBUG - 2026-08-22 13:39:14,398 - jasper.verilog -   Port "wb_dat_i" already exists
DEBUG - 2026-08-22 13:39:14,398 - jasper.verilog - Attempting to add port "wb_dat_o" (parent sig: False, parent port: False)
DEBUG - 2026-08-22 13:39:14,398 - jasper.verilog -   Port "wb_dat_o" already exists
DEBUG - 2026-08-22 13:39:14,398 - jasper.verilog - Attempting to add port "wb_ack_o" (parent sig: False, parent port: False)
DEBUG - 2026-08-22 13:39:14,398 - jasper.verilog -   Port "wb_ack_o" already exists
DEBUG - 2026-08-22 13:39:14,398 - jasper.verilog - Attempting to add port "wb_err_o" (parent sig: False, parent port: False)
DEBUG - 2026-08-22 13:39:14,398 - jasper.verilog -   Port "wb_err_o" already exists
DEBUG - 2026-08-22 13:39:14,398 - jasper.verilog - Found new WB slave for instance wb_register_simulink2ppc
DEBUG - 2026-08-22 13:39:14,398 - jasper.verilog - Looking for WB slaves for instance wb_register_simulink2ppc
DEBUG - 2026-08-22 13:39:14,398 - jasper.verilog - Assigning interface 0 (err_walk1)
DEBUG - 2026-08-22 13:39:14,398 - jasper.verilog - Attempting to add port "wb_clk_i" (parent sig: False, parent port: False)
DEBUG - 2026-08-22 13:39:14,398 - jasper.verilog -   Port "wb_clk_i" already exists
DEBUG - 2026-08-22 13:39:14,399 - jasper.verilog - Attempting to add port "wb_rst_i" (parent sig: False, parent port: False)
DEBUG - 2026-08-22 13:39:14,399 - jasper.verilog -   Port "wb_rst_i" already exists
DEBUG - 2026-08-22 13:39:14,399 - jasper.verilog - Attempting to add port "wb_cyc_i" (parent sig: False, parent port: False)
DEBUG - 2026-08-22 13:39:14,399 - jasper.verilog -   Port "wb_cyc_i" already exists
DEBUG - 2026-08-22 13:39:14,399 - jasper.verilog - Attempting to add port "wb_stb_i" (parent sig: False, parent port: False)
DEBUG - 2026-08-22 13:39:14,399 - jasper.verilog -   Port "wb_stb_i" already exists
DEBUG - 2026-08-22 13:39:14,399 - jasper.verilog - Attempting to add port "wb_we_i" (parent sig: False, parent port: False)
DEBUG - 2026-08-22 13:39:14,399 - jasper.verilog -   Port "wb_we_i" already exists
DEBUG - 2026-08-22 13:39:14,399 - jasper.verilog - Attempting to add port "wb_sel_i" (parent sig: False, parent port: False)
DEBUG - 2026-08-22 13:39:14,399 - jasper.verilog -   Port "wb_sel_i" already exists
DEBUG - 2026-08-22 13:39:14,399 - jasper.verilog - Attempting to add port "wb_adr_i" (parent sig: False, parent port: False)
DEBUG - 2026-08-22 13:39:14,399 - jasper.verilog -   Port "wb_adr_i" already exists
DEBUG - 2026-08-22 13:39:14,399 - jasper.verilog - Attempting to add port "wb_dat_i" (parent sig: False, parent port: False)
DEBUG - 2026-08-22 13:39:14,399 - jasper.verilog -   Port "wb_dat_i" already exists
DEBUG - 2026-08-22 13:39:14,399 - jasper.verilog - Attempting to add port "wb_dat_o" (parent sig: False, parent port: False)
DEBUG - 2026-08-22 13:39:14,399 - jasper.verilog -   Port "wb_dat_o" already exists
DEBUG - 2026-08-22 13:39:14,399 - jasper.verilog - Attempting to add port "wb_ack_o" (parent sig: False, parent port: False)
DEBUG - 2026-08-22 13:39:14,399 - jasper.verilog -   Port "wb_ack_o" already exists
DEBUG - 2026-08-22 13:39:14,399 - jasper.verilog - Attempting to add port "wb_err_o" (parent sig: False, parent port: False)
DEBUG - 2026-08-22 13:39:14,399 - jasper.verilog -   Port "wb_err_o" already exists
DEBUG - 2026-08-22 13:39:14,399 - jasper.verilog - Found new WB slave for instance wb_register_simulink2ppc
DEBUG - 2026-08-22 13:39:14,399 - jasper.verilog - Looking for WB slaves for instance wb_register_ppc2simulink
DEBUG - 2026-08-22 13:39:14,399 - jasper.verilog - Assigning interface 0 (input_fir_ctrl)
DEBUG - 2026-08-22 13:39:14,399 - jasper.verilog - Attempting to add port "wb_clk_i" (parent sig: False, parent port: False)
DEBUG - 2026-08-22 13:39:14,399 - jasper.verilog -   Port "wb_clk_i" already exists
DEBUG - 2026-08-22 13:39:14,399 - jasper.verilog - Attempting to add port "wb_rst_i" (parent sig: False, parent port: False)
DEBUG - 2026-08-22 13:39:14,399 - jasper.verilog -   Port "wb_rst_i" already exists
DEBUG - 2026-08-22 13:39:14,399 - jasper.verilog - Attempting to add port "wb_cyc_i" (parent sig: False, parent port: False)
DEBUG - 2026-08-22 13:39:14,399 - jasper.verilog -   Port "wb_cyc_i" already exists
DEBUG - 2026-08-22 13:39:14,399 - jasper.verilog - Attempting to add port "wb_stb_i" (parent sig: False, parent port: False)
DEBUG - 2026-08-22 13:39:14,399 - jasper.verilog -   Port "wb_stb_i" already exists
DEBUG - 2026-08-22 13:39:14,399 - jasper.verilog - Attempting to add port "wb_we_i" (parent sig: False, parent port: False)
DEBUG - 2026-08-22 13:39:14,399 - jasper.verilog -   Port "wb_we_i" already exists
DEBUG - 2026-08-22 13:39:14,399 - jasper.verilog - Attempting to add port "wb_sel_i" (parent sig: False, parent port: False)
DEBUG - 2026-08-22 13:39:14,399 - jasper.verilog -   Port "wb_sel_i" already exists
DEBUG - 2026-08-22 13:39:14,399 - jasper.verilog - Attempting to add port "wb_adr_i" (parent sig: False, parent port: False)
DEBUG - 2026-08-22 13:39:14,399 - jasper.verilog -   Port "wb_adr_i" already exists
DEBUG - 2026-08-22 13:39:14,399 - jasper.verilog - Attempting to add port "wb_dat_i" (parent sig: False, parent port: False)
DEBUG - 2026-08-22 13:39:14,399 - jasper.verilog -   Port "wb_dat_i" already exists
DEBUG - 2026-08-22 13:39:14,399 - jasper.verilog - Attempting to add port "wb_dat_o" (parent sig: False, parent port: False)
DEBUG - 2026-08-22 13:39:14,399 - jasper.verilog -   Port "wb_dat_o" already exists
DEBUG - 2026-08-22 13:39:14,399 - jasper.verilog - Attempting to add port "wb_ack_o" (parent sig: False, parent port: False)
DEBUG - 2026-08-22 13:39:14,399 - jasper.verilog -   Port "wb_ack_o" already exists
DEBUG - 2026-08-22 13:39:14,399 - jasper.verilog - Attempting to add port "wb_err_o" (parent sig: False, parent port: False)
DEBUG - 2026-08-22 13:39:14,399 - jasper.verilog -   Port "wb_err_o" already exists
DEBUG - 2026-08-22 13:39:14,399 - jasper.verilog - Found new WB slave for instance wb_register_ppc2simulink
DEBUG - 2026-08-22 13:39:14,399 - jasper.verilog - Looking for WB slaves for instance wb_register_simulink2ppc
DEBUG - 2026-08-22 13:39:14,399 - jasper.verilog - Assigning interface 0 (input_fir_status)
DEBUG - 2026-08-22 13:39:14,399 - jasper.verilog - Attempting to add port "wb_clk_i" (parent sig: False, parent port: False)
DEBUG - 2026-08-22 13:39:14,399 - jasper.verilog -   Port "wb_clk_i" already exists
DEBUG - 2026-08-22 13:39:14,399 - jasper.verilog - Attempting to add port "wb_rst_i" (parent sig: False, parent port: False)
DEBUG - 2026-08-22 13:39:14,399 - jasper.verilog -   Port "wb_rst_i" already exists
DEBUG - 2026-08-22 13:39:14,399 - jasper.verilog - Attempting to add port "wb_cyc_i" (parent sig: False, parent port: False)
DEBUG - 2026-08-22 13:39:14,399 - jasper.verilog -   Port "wb_cyc_i" already exists
DEBUG - 2026-08-22 13:39:14,399 - jasper.verilog - Attempting to add port "wb_stb_i" (parent sig: False, parent port: False)
DEBUG - 2026-08-22 13:39:14,399 - jasper.verilog -   Port "wb_stb_i" already exists
DEBUG - 2026-08-22 13:39:14,399 - jasper.verilog - Attempting to add port "wb_we_i" (parent sig: False, parent port: False)
DEBUG - 2026-08-22 13:39:14,399 - jasper.verilog -   Port "wb_we_i" already exists
DEBUG - 2026-08-22 13:39:14,399 - jasper.verilog - Attempting to add port "wb_sel_i" (parent sig: False, parent port: False)
DEBUG - 2026-08-22 13:39:14,399 - jasper.verilog -   Port "wb_sel_i" already exists
DEBUG - 2026-08-22 13:39:14,399 - jasper.verilog - Attempting to add port "wb_adr_i" (parent sig: False, parent port: False)
DEBUG - 2026-08-22 13:39:14,399 - jasper.verilog -   Port "wb_adr_i" already exists
DEBUG - 2026-08-22 13:39:14,399 - jasper.verilog - Attempting to add port "wb_dat_i" (parent sig: False, parent port: False)
DEBUG - 2026-08-22 13:39:14,399 - jasper.verilog -   Port "wb_dat_i" already exists
DEBUG - 2026-08-22 13:39:14,399 - jasper.verilog - Attempting to add port "wb_dat_o" (parent sig: False, parent port: False)
DEBUG - 2026-08-22 13:39:14,399 - jasper.verilog -   Port "wb_dat_o" already exists
DEBUG - 2026-08-22 13:39:14,399 - jasper.verilog - Attempting to add port "wb_ack_o" (parent sig: False, parent port: False)
DEBUG - 2026-08-22 13:39:14,399 - jasper.verilog -   Port "wb_ack_o" already exists
DEBUG - 2026-08-22 13:39:14,399 - jasper.verilog - Attempting to add port "wb_err_o" (parent sig: False, parent port: False)
DEBUG - 2026-08-22 13:39:14,399 - jasper.verilog -   Port "wb_err_o" already exists
DEBUG - 2026-08-22 13:39:14,399 - jasper.verilog - Found new WB slave for instance wb_register_simulink2ppc
DEBUG - 2026-08-22 13:39:14,399 - jasper.verilog - Looking for WB slaves for instance wb_register_ppc2simulink
DEBUG - 2026-08-22 13:39:14,399 - jasper.verilog - Assigning interface 0 (input_fir_trig_offset)
DEBUG - 2026-08-22 13:39:14,399 - jasper.verilog - Attempting to add port "wb_clk_i" (parent sig: False, parent port: False)
DEBUG - 2026-08-22 13:39:14,399 - jasper.verilog -   Port "wb_clk_i" already exists
DEBUG - 2026-08-22 13:39:14,399 - jasper.verilog - Attempting to add port "wb_rst_i" (parent sig: False, parent port: False)
DEBUG - 2026-08-22 13:39:14,399 - jasper.verilog -   Port "wb_rst_i" already exists
DEBUG - 2026-08-22 13:39:14,399 - jasper.verilog - Attempting to add port "wb_cyc_i" (parent sig: False, parent port: False)
DEBUG - 2026-08-22 13:39:14,399 - jasper.verilog -   Port "wb_cyc_i" already exists
DEBUG - 2026-08-22 13:39:14,399 - jasper.verilog - Attempting to add port "wb_stb_i" (parent sig: False, parent port: False)
DEBUG - 2026-08-22 13:39:14,399 - jasper.verilog -   Port "wb_stb_i" already exists
DEBUG - 2026-08-22 13:39:14,399 - jasper.verilog - Attempting to add port "wb_we_i" (parent sig: False, parent port: False)
DEBUG - 2026-08-22 13:39:14,399 - jasper.verilog -   Port "wb_we_i" already exists
DEBUG - 2026-08-22 13:39:14,399 - jasper.verilog - Attempting to add port "wb_sel_i" (parent sig: False, parent port: False)
DEBUG - 2026-08-22 13:39:14,399 - jasper.verilog -   Port "wb_sel_i" already exists
DEBUG - 2026-08-22 13:39:14,399 - jasper.verilog - Attempting to add port "wb_adr_i" (parent sig: False, parent port: False)
DEBUG - 2026-08-22 13:39:14,399 - jasper.verilog -   Port "wb_adr_i" already exists
DEBUG - 2026-08-22 13:39:14,399 - jasper.verilog - Attempting to add port "wb_dat_i" (parent sig: False, parent port: False)
DEBUG - 2026-08-22 13:39:14,399 - jasper.verilog -   Port "wb_dat_i" already exists
DEBUG - 2026-08-22 13:39:14,399 - jasper.verilog - Attempting to add port "wb_dat_o" (parent sig: False, parent port: False)
DEBUG - 2026-08-22 13:39:14,399 - jasper.verilog -   Port "wb_dat_o" already exists
DEBUG - 2026-08-22 13:39:14,399 - jasper.verilog - Attempting to add port "wb_ack_o" (parent sig: False, parent port: False)
DEBUG - 2026-08-22 13:39:14,399 - jasper.verilog -   Port "wb_ack_o" already exists
DEBUG - 2026-08-22 13:39:14,400 - jasper.verilog - Attempting to add port "wb_err_o" (parent sig: False, parent port: False)
DEBUG - 2026-08-22 13:39:14,400 - jasper.verilog -   Port "wb_err_o" already exists
DEBUG - 2026-08-22 13:39:14,400 - jasper.verilog - Found new WB slave for instance wb_register_ppc2simulink
DEBUG - 2026-08-22 13:39:14,400 - jasper.verilog - Looking for WB slaves for instance wb_register_ppc2simulink
DEBUG - 2026-08-22 13:39:14,400 - jasper.verilog - Assigning interface 0 (output_fir_ctrl)
DEBUG - 2026-08-22 13:39:14,400 - jasper.verilog - Attempting to add port "wb_clk_i" (parent sig: False, parent port: False)
DEBUG - 2026-08-22 13:39:14,400 - jasper.verilog -   Port "wb_clk_i" already exists
DEBUG - 2026-08-22 13:39:14,400 - jasper.verilog - Attempting to add port "wb_rst_i" (parent sig: False, parent port: False)
DEBUG - 2026-08-22 13:39:14,400 - jasper.verilog -   Port "wb_rst_i" already exists
DEBUG - 2026-08-22 13:39:14,400 - jasper.verilog - Attempting to add port "wb_cyc_i" (parent sig: False, parent port: False)
DEBUG - 2026-08-22 13:39:14,400 - jasper.verilog -   Port "wb_cyc_i" already exists
DEBUG - 2026-08-22 13:39:14,400 - jasper.verilog - Attempting to add port "wb_stb_i" (parent sig: False, parent port: False)
DEBUG - 2026-08-22 13:39:14,400 - jasper.verilog -   Port "wb_stb_i" already exists
DEBUG - 2026-08-22 13:39:14,400 - jasper.verilog - Attempting to add port "wb_we_i" (parent sig: False, parent port: False)
DEBUG - 2026-08-22 13:39:14,400 - jasper.verilog -   Port "wb_we_i" already exists
DEBUG - 2026-08-22 13:39:14,400 - jasper.verilog - Attempting to add port "wb_sel_i" (parent sig: False, parent port: False)
DEBUG - 2026-08-22 13:39:14,400 - jasper.verilog -   Port "wb_sel_i" already exists
DEBUG - 2026-08-22 13:39:14,400 - jasper.verilog - Attempting to add port "wb_adr_i" (parent sig: False, parent port: False)
DEBUG - 2026-08-22 13:39:14,400 - jasper.verilog -   Port "wb_adr_i" already exists
DEBUG - 2026-08-22 13:39:14,400 - jasper.verilog - Attempting to add port "wb_dat_i" (parent sig: False, parent port: False)
DEBUG - 2026-08-22 13:39:14,400 - jasper.verilog -   Port "wb_dat_i" already exists
DEBUG - 2026-08-22 13:39:14,400 - jasper.verilog - Attempting to add port "wb_dat_o" (parent sig: False, parent port: False)
DEBUG - 2026-08-22 13:39:14,400 - jasper.verilog -   Port "wb_dat_o" already exists
DEBUG - 2026-08-22 13:39:14,400 - jasper.verilog - Attempting to add port "wb_ack_o" (parent sig: False, parent port: False)
DEBUG - 2026-08-22 13:39:14,400 - jasper.verilog -   Port "wb_ack_o" already exists
DEBUG - 2026-08-22 13:39:14,400 - jasper.verilog - Attempting to add port "wb_err_o" (parent sig: False, parent port: False)
DEBUG - 2026-08-22 13:39:14,400 - jasper.verilog -   Port "wb_err_o" already exists
DEBUG - 2026-08-22 13:39:14,400 - jasper.verilog - Found new WB slave for instance wb_register_ppc2simulink
DEBUG - 2026-08-22 13:39:14,400 - jasper.verilog - Looking for WB slaves for instance wb_register_simulink2ppc
DEBUG - 2026-08-22 13:39:14,400 - jasper.verilog - Assigning interface 0 (output_fir_status)
DEBUG - 2026-08-22 13:39:14,400 - jasper.verilog - Attempting to add port "wb_clk_i" (parent sig: False, parent port: False)
DEBUG - 2026-08-22 13:39:14,400 - jasper.verilog -   Port "wb_clk_i" already exists
DEBUG - 2026-08-22 13:39:14,400 - jasper.verilog - Attempting to add port "wb_rst_i" (parent sig: False, parent port: False)
DEBUG - 2026-08-22 13:39:14,400 - jasper.verilog -   Port "wb_rst_i" already exists
DEBUG - 2026-08-22 13:39:14,400 - jasper.verilog - Attempting to add port "wb_cyc_i" (parent sig: False, parent port: False)
DEBUG - 2026-08-22 13:39:14,400 - jasper.verilog -   Port "wb_cyc_i" already exists
DEBUG - 2026-08-22 13:39:14,400 - jasper.verilog - Attempting to add port "wb_stb_i" (parent sig: False, parent port: False)
DEBUG - 2026-08-22 13:39:14,400 - jasper.verilog -   Port "wb_stb_i" already exists
DEBUG - 2026-08-22 13:39:14,400 - jasper.verilog - Attempting to add port "wb_we_i" (parent sig: False, parent port: False)
DEBUG - 2026-08-22 13:39:14,400 - jasper.verilog -   Port "wb_we_i" already exists
DEBUG - 2026-08-22 13:39:14,400 - jasper.verilog - Attempting to add port "wb_sel_i" (parent sig: False, parent port: False)
DEBUG - 2026-08-22 13:39:14,400 - jasper.verilog -   Port "wb_sel_i" already exists
DEBUG - 2026-08-22 13:39:14,400 - jasper.verilog - Attempting to add port "wb_adr_i" (parent sig: False, parent port: False)
DEBUG - 2026-08-22 13:39:14,400 - jasper.verilog -   Port "wb_adr_i" already exists
DEBUG - 2026-08-22 13:39:14,400 - jasper.verilog - Attempting to add port "wb_dat_i" (parent sig: False, parent port: False)
DEBUG - 2026-08-22 13:39:14,400 - jasper.verilog -   Port "wb_dat_i" already exists
DEBUG - 2026-08-22 13:39:14,400 - jasper.verilog - Attempting to add port "wb_dat_o" (parent sig: False, parent port: False)
DEBUG - 2026-08-22 13:39:14,400 - jasper.verilog -   Port "wb_dat_o" already exists
DEBUG - 2026-08-22 13:39:14,400 - jasper.verilog - Attempting to add port "wb_ack_o" (parent sig: False, parent port: False)
DEBUG - 2026-08-22 13:39:14,400 - jasper.verilog -   Port "wb_ack_o" already exists
DEBUG - 2026-08-22 13:39:14,400 - jasper.verilog - Attempting to add port "wb_err_o" (parent sig: False, parent port: False)
DEBUG - 2026-08-22 13:39:14,400 - jasper.verilog -   Port "wb_err_o" already exists
DEBUG - 2026-08-22 13:39:14,400 - jasper.verilog - Found new WB slave for instance wb_register_simulink2ppc
DEBUG - 2026-08-22 13:39:14,400 - jasper.verilog - Looking for WB slaves for instance wb_register_ppc2simulink
DEBUG - 2026-08-22 13:39:14,400 - jasper.verilog - Assigning interface 0 (output_fir_trig_offset)
DEBUG - 2026-08-22 13:39:14,400 - jasper.verilog - Attempting to add port "wb_clk_i" (parent sig: False, parent port: False)
DEBUG - 2026-08-22 13:39:14,400 - jasper.verilog -   Port "wb_clk_i" already exists
DEBUG - 2026-08-22 13:39:14,400 - jasper.verilog - Attempting to add port "wb_rst_i" (parent sig: False, parent port: False)
DEBUG - 2026-08-22 13:39:14,400 - jasper.verilog -   Port "wb_rst_i" already exists
DEBUG - 2026-08-22 13:39:14,400 - jasper.verilog - Attempting to add port "wb_cyc_i" (parent sig: False, parent port: False)
DEBUG - 2026-08-22 13:39:14,400 - jasper.verilog -   Port "wb_cyc_i" already exists
DEBUG - 2026-08-22 13:39:14,400 - jasper.verilog - Attempting to add port "wb_stb_i" (parent sig: False, parent port: False)
DEBUG - 2026-08-22 13:39:14,400 - jasper.verilog -   Port "wb_stb_i" already exists
DEBUG - 2026-08-22 13:39:14,400 - jasper.verilog - Attempting to add port "wb_we_i" (parent sig: False, parent port: False)
DEBUG - 2026-08-22 13:39:14,400 - jasper.verilog -   Port "wb_we_i" already exists
DEBUG - 2026-08-22 13:39:14,400 - jasper.verilog - Attempting to add port "wb_sel_i" (parent sig: False, parent port: False)
DEBUG - 2026-08-22 13:39:14,400 - jasper.verilog -   Port "wb_sel_i" already exists
DEBUG - 2026-08-22 13:39:14,400 - jasper.verilog - Attempting to add port "wb_adr_i" (parent sig: False, parent port: False)
DEBUG - 2026-08-22 13:39:14,400 - jasper.verilog -   Port "wb_adr_i" already exists
DEBUG - 2026-08-22 13:39:14,400 - jasper.verilog - Attempting to add port "wb_dat_i" (parent sig: False, parent port: False)
DEBUG - 2026-08-22 13:39:14,400 - jasper.verilog -   Port "wb_dat_i" already exists
DEBUG - 2026-08-22 13:39:14,400 - jasper.verilog - Attempting to add port "wb_dat_o" (parent sig: False, parent port: False)
DEBUG - 2026-08-22 13:39:14,400 - jasper.verilog -   Port "wb_dat_o" already exists
DEBUG - 2026-08-22 13:39:14,400 - jasper.verilog - Attempting to add port "wb_ack_o" (parent sig: False, parent port: False)
DEBUG - 2026-08-22 13:39:14,400 - jasper.verilog -   Port "wb_ack_o" already exists
DEBUG - 2026-08-22 13:39:14,400 - jasper.verilog - Attempting to add port "wb_err_o" (parent sig: False, parent port: False)
DEBUG - 2026-08-22 13:39:14,400 - jasper.verilog -   Port "wb_err_o" already exists
DEBUG - 2026-08-22 13:39:14,400 - jasper.verilog - Found new WB slave for instance wb_register_ppc2simulink
DEBUG - 2026-08-22 13:39:14,400 - jasper.verilog - Looking for WB slaves for instance wb_register_ppc2simulink
DEBUG - 2026-08-22 13:39:14,400 - jasper.verilog - Assigning interface 0 (pkt_ctrs1_ss_ctrl)
DEBUG - 2026-08-22 13:39:14,400 - jasper.verilog - Attempting to add port "wb_clk_i" (parent sig: False, parent port: False)
DEBUG - 2026-08-22 13:39:14,400 - jasper.verilog -   Port "wb_clk_i" already exists
DEBUG - 2026-08-22 13:39:14,400 - jasper.verilog - Attempting to add port "wb_rst_i" (parent sig: False, parent port: False)
DEBUG - 2026-08-22 13:39:14,400 - jasper.verilog -   Port "wb_rst_i" already exists
DEBUG - 2026-08-22 13:39:14,400 - jasper.verilog - Attempting to add port "wb_cyc_i" (parent sig: False, parent port: False)
DEBUG - 2026-08-22 13:39:14,400 - jasper.verilog -   Port "wb_cyc_i" already exists
DEBUG - 2026-08-22 13:39:14,400 - jasper.verilog - Attempting to add port "wb_stb_i" (parent sig: False, parent port: False)
DEBUG - 2026-08-22 13:39:14,400 - jasper.verilog -   Port "wb_stb_i" already exists
DEBUG - 2026-08-22 13:39:14,400 - jasper.verilog - Attempting to add port "wb_we_i" (parent sig: False, parent port: False)
DEBUG - 2026-08-22 13:39:14,400 - jasper.verilog -   Port "wb_we_i" already exists
DEBUG - 2026-08-22 13:39:14,400 - jasper.verilog - Attempting to add port "wb_sel_i" (parent sig: False, parent port: False)
DEBUG - 2026-08-22 13:39:14,401 - jasper.verilog -   Port "wb_sel_i" already exists
DEBUG - 2026-08-22 13:39:14,401 - jasper.verilog - Attempting to add port "wb_adr_i" (parent sig: False, parent port: False)
DEBUG - 2026-08-22 13:39:14,401 - jasper.verilog -   Port "wb_adr_i" already exists
DEBUG - 2026-08-22 13:39:14,401 - jasper.verilog - Attempting to add port "wb_dat_i" (parent sig: False, parent port: False)
DEBUG - 2026-08-22 13:39:14,401 - jasper.verilog -   Port "wb_dat_i" already exists
DEBUG - 2026-08-22 13:39:14,401 - jasper.verilog - Attempting to add port "wb_dat_o" (parent sig: False, parent port: False)
DEBUG - 2026-08-22 13:39:14,401 - jasper.verilog -   Port "wb_dat_o" already exists
DEBUG - 2026-08-22 13:39:14,401 - jasper.verilog - Attempting to add port "wb_ack_o" (parent sig: False, parent port: False)
DEBUG - 2026-08-22 13:39:14,401 - jasper.verilog -   Port "wb_ack_o" already exists
DEBUG - 2026-08-22 13:39:14,401 - jasper.verilog - Attempting to add port "wb_err_o" (parent sig: False, parent port: False)
DEBUG - 2026-08-22 13:39:14,401 - jasper.verilog -   Port "wb_err_o" already exists
DEBUG - 2026-08-22 13:39:14,401 - jasper.verilog - Found new WB slave for instance wb_register_ppc2simulink
DEBUG - 2026-08-22 13:39:14,401 - jasper.verilog - Looking for WB slaves for instance wb_register_simulink2ppc
DEBUG - 2026-08-22 13:39:14,401 - jasper.verilog - Assigning interface 0 (pkt_ctrs1_ss_status)
DEBUG - 2026-08-22 13:39:14,401 - jasper.verilog - Attempting to add port "wb_clk_i" (parent sig: False, parent port: False)
DEBUG - 2026-08-22 13:39:14,401 - jasper.verilog -   Port "wb_clk_i" already exists
DEBUG - 2026-08-22 13:39:14,401 - jasper.verilog - Attempting to add port "wb_rst_i" (parent sig: False, parent port: False)
DEBUG - 2026-08-22 13:39:14,401 - jasper.verilog -   Port "wb_rst_i" already exists
DEBUG - 2026-08-22 13:39:14,401 - jasper.verilog - Attempting to add port "wb_cyc_i" (parent sig: False, parent port: False)
DEBUG - 2026-08-22 13:39:14,401 - jasper.verilog -   Port "wb_cyc_i" already exists
DEBUG - 2026-08-22 13:39:14,401 - jasper.verilog - Attempting to add port "wb_stb_i" (parent sig: False, parent port: False)
DEBUG - 2026-08-22 13:39:14,401 - jasper.verilog -   Port "wb_stb_i" already exists
DEBUG - 2026-08-22 13:39:14,401 - jasper.verilog - Attempting to add port "wb_we_i" (parent sig: False, parent port: False)
DEBUG - 2026-08-22 13:39:14,401 - jasper.verilog -   Port "wb_we_i" already exists
DEBUG - 2026-08-22 13:39:14,401 - jasper.verilog - Attempting to add port "wb_sel_i" (parent sig: False, parent port: False)
DEBUG - 2026-08-22 13:39:14,401 - jasper.verilog -   Port "wb_sel_i" already exists
DEBUG - 2026-08-22 13:39:14,401 - jasper.verilog - Attempting to add port "wb_adr_i" (parent sig: False, parent port: False)
DEBUG - 2026-08-22 13:39:14,401 - jasper.verilog -   Port "wb_adr_i" already exists
DEBUG - 2026-08-22 13:39:14,401 - jasper.verilog - Attempting to add port "wb_dat_i" (parent sig: False, parent port: False)
DEBUG - 2026-08-22 13:39:14,401 - jasper.verilog -   Port "wb_dat_i" already exists
DEBUG - 2026-08-22 13:39:14,401 - jasper.verilog - Attempting to add port "wb_dat_o" (parent sig: False, parent port: False)
DEBUG - 2026-08-22 13:39:14,401 - jasper.verilog -   Port "wb_dat_o" already exists
DEBUG - 2026-08-22 13:39:14,401 - jasper.verilog - Attempting to add port "wb_ack_o" (parent sig: False, parent port: False)
DEBUG - 2026-08-22 13:39:14,401 - jasper.verilog -   Port "wb_ack_o" already exists
DEBUG - 2026-08-22 13:39:14,401 - jasper.verilog - Attempting to add port "wb_err_o" (parent sig: False, parent port: False)
DEBUG - 2026-08-22 13:39:14,401 - jasper.verilog -   Port "wb_err_o" already exists
DEBUG - 2026-08-22 13:39:14,401 - jasper.verilog - Found new WB slave for instance wb_register_simulink2ppc
DEBUG - 2026-08-22 13:39:14,401 - jasper.verilog - Looking for WB slaves for instance wb_register_ppc2simulink
DEBUG - 2026-08-22 13:39:14,401 - jasper.verilog - Assigning interface 0 (pkt_ctrs_compare1_ss_ctrl)
DEBUG - 2026-08-22 13:39:14,401 - jasper.verilog - Attempting to add port "wb_clk_i" (parent sig: False, parent port: False)
DEBUG - 2026-08-22 13:39:14,401 - jasper.verilog -   Port "wb_clk_i" already exists
DEBUG - 2026-08-22 13:39:14,401 - jasper.verilog - Attempting to add port "wb_rst_i" (parent sig: False, parent port: False)
DEBUG - 2026-08-22 13:39:14,401 - jasper.verilog -   Port "wb_rst_i" already exists
DEBUG - 2026-08-22 13:39:14,401 - jasper.verilog - Attempting to add port "wb_cyc_i" (parent sig: False, parent port: False)
DEBUG - 2026-08-22 13:39:14,401 - jasper.verilog -   Port "wb_cyc_i" already exists
DEBUG - 2026-08-22 13:39:14,401 - jasper.verilog - Attempting to add port "wb_stb_i" (parent sig: False, parent port: False)
DEBUG - 2026-08-22 13:39:14,401 - jasper.verilog -   Port "wb_stb_i" already exists
DEBUG - 2026-08-22 13:39:14,401 - jasper.verilog - Attempting to add port "wb_we_i" (parent sig: False, parent port: False)
DEBUG - 2026-08-22 13:39:14,401 - jasper.verilog -   Port "wb_we_i" already exists
DEBUG - 2026-08-22 13:39:14,401 - jasper.verilog - Attempting to add port "wb_sel_i" (parent sig: False, parent port: False)
DEBUG - 2026-08-22 13:39:14,401 - jasper.verilog -   Port "wb_sel_i" already exists
DEBUG - 2026-08-22 13:39:14,401 - jasper.verilog - Attempting to add port "wb_adr_i" (parent sig: False, parent port: False)
DEBUG - 2026-08-22 13:39:14,401 - jasper.verilog -   Port "wb_adr_i" already exists
DEBUG - 2026-08-22 13:39:14,401 - jasper.verilog - Attempting to add port "wb_dat_i" (parent sig: False, parent port: False)
DEBUG - 2026-08-22 13:39:14,401 - jasper.verilog -   Port "wb_dat_i" already exists
DEBUG - 2026-08-22 13:39:14,401 - jasper.verilog - Attempting to add port "wb_dat_o" (parent sig: False, parent port: False)
DEBUG - 2026-08-22 13:39:14,401 - jasper.verilog -   Port "wb_dat_o" already exists
DEBUG - 2026-08-22 13:39:14,401 - jasper.verilog - Attempting to add port "wb_ack_o" (parent sig: False, parent port: False)
DEBUG - 2026-08-22 13:39:14,401 - jasper.verilog -   Port "wb_ack_o" already exists
DEBUG - 2026-08-22 13:39:14,401 - jasper.verilog - Attempting to add port "wb_err_o" (parent sig: False, parent port: False)
DEBUG - 2026-08-22 13:39:14,401 - jasper.verilog -   Port "wb_err_o" already exists
DEBUG - 2026-08-22 13:39:14,401 - jasper.verilog - Found new WB slave for instance wb_register_ppc2simulink
DEBUG - 2026-08-22 13:39:14,401 - jasper.verilog - Looking for WB slaves for instance wb_register_simulink2ppc
DEBUG - 2026-08-22 13:39:14,401 - jasper.verilog - Assigning interface 0 (pkt_ctrs_compare1_ss_status)
DEBUG - 2026-08-22 13:39:14,401 - jasper.verilog - Attempting to add port "wb_clk_i" (parent sig: False, parent port: False)
DEBUG - 2026-08-22 13:39:14,401 - jasper.verilog -   Port "wb_clk_i" already exists
DEBUG - 2026-08-22 13:39:14,401 - jasper.verilog - Attempting to add port "wb_rst_i" (parent sig: False, parent port: False)
DEBUG - 2026-08-22 13:39:14,401 - jasper.verilog -   Port "wb_rst_i" already exists
DEBUG - 2026-08-22 13:39:14,401 - jasper.verilog - Attempting to add port "wb_cyc_i" (parent sig: False, parent port: False)
DEBUG - 2026-08-22 13:39:14,401 - jasper.verilog -   Port "wb_cyc_i" already exists
DEBUG - 2026-08-22 13:39:14,401 - jasper.verilog - Attempting to add port "wb_stb_i" (parent sig: False, parent port: False)
DEBUG - 2026-08-22 13:39:14,401 - jasper.verilog -   Port "wb_stb_i" already exists
DEBUG - 2026-08-22 13:39:14,401 - jasper.verilog - Attempting to add port "wb_we_i" (parent sig: False, parent port: False)
DEBUG - 2026-08-22 13:39:14,401 - jasper.verilog -   Port "wb_we_i" already exists
DEBUG - 2026-08-22 13:39:14,401 - jasper.verilog - Attempting to add port "wb_sel_i" (parent sig: False, parent port: False)
DEBUG - 2026-08-22 13:39:14,401 - jasper.verilog -   Port "wb_sel_i" already exists
DEBUG - 2026-08-22 13:39:14,401 - jasper.verilog - Attempting to add port "wb_adr_i" (parent sig: False, parent port: False)
DEBUG - 2026-08-22 13:39:14,401 - jasper.verilog -   Port "wb_adr_i" already exists
DEBUG - 2026-08-22 13:39:14,401 - jasper.verilog - Attempting to add port "wb_dat_i" (parent sig: False, parent port: False)
DEBUG - 2026-08-22 13:39:14,401 - jasper.verilog -   Port "wb_dat_i" already exists
DEBUG - 2026-08-22 13:39:14,401 - jasper.verilog - Attempting to add port "wb_dat_o" (parent sig: False, parent port: False)
DEBUG - 2026-08-22 13:39:14,401 - jasper.verilog -   Port "wb_dat_o" already exists
DEBUG - 2026-08-22 13:39:14,401 - jasper.verilog - Attempting to add port "wb_ack_o" (parent sig: False, parent port: False)
DEBUG - 2026-08-22 13:39:14,401 - jasper.verilog -   Port "wb_ack_o" already exists
DEBUG - 2026-08-22 13:39:14,401 - jasper.verilog - Attempting to add port "wb_err_o" (parent sig: False, parent port: False)
DEBUG - 2026-08-22 13:39:14,401 - jasper.verilog -   Port "wb_err_o" already exists
DEBUG - 2026-08-22 13:39:14,401 - jasper.verilog - Found new WB slave for instance wb_register_simulink2ppc
DEBUG - 2026-08-22 13:39:14,401 - jasper.verilog - Looking for WB slaves for instance wb_register_ppc2simulink
DEBUG - 2026-08-22 13:39:14,401 - jasper.verilog - Assigning interface 0 (read_gbe_or_fifo)
DEBUG - 2026-08-22 13:39:14,401 - jasper.verilog - Attempting to add port "wb_clk_i" (parent sig: False, parent port: False)
DEBUG - 2026-08-22 13:39:14,401 - jasper.verilog -   Port "wb_clk_i" already exists
DEBUG - 2026-08-22 13:39:14,401 - jasper.verilog - Attempting to add port "wb_rst_i" (parent sig: False, parent port: False)
DEBUG - 2026-08-22 13:39:14,401 - jasper.verilog -   Port "wb_rst_i" already exists
DEBUG - 2026-08-22 13:39:14,401 - jasper.verilog - Attempting to add port "wb_cyc_i" (parent sig: False, parent port: False)
DEBUG - 2026-08-22 13:39:14,402 - jasper.verilog -   Port "wb_cyc_i" already exists
DEBUG - 2026-08-22 13:39:14,402 - jasper.verilog - Attempting to add port "wb_stb_i" (parent sig: False, parent port: False)
DEBUG - 2026-08-22 13:39:14,402 - jasper.verilog -   Port "wb_stb_i" already exists
DEBUG - 2026-08-22 13:39:14,402 - jasper.verilog - Attempting to add port "wb_we_i" (parent sig: False, parent port: False)
DEBUG - 2026-08-22 13:39:14,402 - jasper.verilog -   Port "wb_we_i" already exists
DEBUG - 2026-08-22 13:39:14,402 - jasper.verilog - Attempting to add port "wb_sel_i" (parent sig: False, parent port: False)
DEBUG - 2026-08-22 13:39:14,402 - jasper.verilog -   Port "wb_sel_i" already exists
DEBUG - 2026-08-22 13:39:14,402 - jasper.verilog - Attempting to add port "wb_adr_i" (parent sig: False, parent port: False)
DEBUG - 2026-08-22 13:39:14,402 - jasper.verilog -   Port "wb_adr_i" already exists
DEBUG - 2026-08-22 13:39:14,402 - jasper.verilog - Attempting to add port "wb_dat_i" (parent sig: False, parent port: False)
DEBUG - 2026-08-22 13:39:14,402 - jasper.verilog -   Port "wb_dat_i" already exists
DEBUG - 2026-08-22 13:39:14,402 - jasper.verilog - Attempting to add port "wb_dat_o" (parent sig: False, parent port: False)
DEBUG - 2026-08-22 13:39:14,402 - jasper.verilog -   Port "wb_dat_o" already exists
DEBUG - 2026-08-22 13:39:14,402 - jasper.verilog - Attempting to add port "wb_ack_o" (parent sig: False, parent port: False)
DEBUG - 2026-08-22 13:39:14,402 - jasper.verilog -   Port "wb_ack_o" already exists
DEBUG - 2026-08-22 13:39:14,402 - jasper.verilog - Attempting to add port "wb_err_o" (parent sig: False, parent port: False)
DEBUG - 2026-08-22 13:39:14,402 - jasper.verilog -   Port "wb_err_o" already exists
DEBUG - 2026-08-22 13:39:14,402 - jasper.verilog - Found new WB slave for instance wb_register_ppc2simulink
DEBUG - 2026-08-22 13:39:14,402 - jasper.verilog - Looking for WB slaves for instance wb_register_simulink2ppc
DEBUG - 2026-08-22 13:39:14,402 - jasper.verilog - Assigning interface 0 (rx_badframe1)
DEBUG - 2026-08-22 13:39:14,402 - jasper.verilog - Attempting to add port "wb_clk_i" (parent sig: False, parent port: False)
DEBUG - 2026-08-22 13:39:14,402 - jasper.verilog -   Port "wb_clk_i" already exists
DEBUG - 2026-08-22 13:39:14,402 - jasper.verilog - Attempting to add port "wb_rst_i" (parent sig: False, parent port: False)
DEBUG - 2026-08-22 13:39:14,402 - jasper.verilog -   Port "wb_rst_i" already exists
DEBUG - 2026-08-22 13:39:14,402 - jasper.verilog - Attempting to add port "wb_cyc_i" (parent sig: False, parent port: False)
DEBUG - 2026-08-22 13:39:14,402 - jasper.verilog -   Port "wb_cyc_i" already exists
DEBUG - 2026-08-22 13:39:14,402 - jasper.verilog - Attempting to add port "wb_stb_i" (parent sig: False, parent port: False)
DEBUG - 2026-08-22 13:39:14,402 - jasper.verilog -   Port "wb_stb_i" already exists
DEBUG - 2026-08-22 13:39:14,402 - jasper.verilog - Attempting to add port "wb_we_i" (parent sig: False, parent port: False)
DEBUG - 2026-08-22 13:39:14,402 - jasper.verilog -   Port "wb_we_i" already exists
DEBUG - 2026-08-22 13:39:14,402 - jasper.verilog - Attempting to add port "wb_sel_i" (parent sig: False, parent port: False)
DEBUG - 2026-08-22 13:39:14,402 - jasper.verilog -   Port "wb_sel_i" already exists
DEBUG - 2026-08-22 13:39:14,402 - jasper.verilog - Attempting to add port "wb_adr_i" (parent sig: False, parent port: False)
DEBUG - 2026-08-22 13:39:14,402 - jasper.verilog -   Port "wb_adr_i" already exists
DEBUG - 2026-08-22 13:39:14,402 - jasper.verilog - Attempting to add port "wb_dat_i" (parent sig: False, parent port: False)
DEBUG - 2026-08-22 13:39:14,402 - jasper.verilog -   Port "wb_dat_i" already exists
DEBUG - 2026-08-22 13:39:14,402 - jasper.verilog - Attempting to add port "wb_dat_o" (parent sig: False, parent port: False)
DEBUG - 2026-08-22 13:39:14,402 - jasper.verilog -   Port "wb_dat_o" already exists
DEBUG - 2026-08-22 13:39:14,402 - jasper.verilog - Attempting to add port "wb_ack_o" (parent sig: False, parent port: False)
DEBUG - 2026-08-22 13:39:14,402 - jasper.verilog -   Port "wb_ack_o" already exists
DEBUG - 2026-08-22 13:39:14,402 - jasper.verilog - Attempting to add port "wb_err_o" (parent sig: False, parent port: False)
DEBUG - 2026-08-22 13:39:14,402 - jasper.verilog -   Port "wb_err_o" already exists
DEBUG - 2026-08-22 13:39:14,402 - jasper.verilog - Found new WB slave for instance wb_register_simulink2ppc
DEBUG - 2026-08-22 13:39:14,402 - jasper.verilog - Looking for WB slaves for instance wb_register_ppc2simulink
DEBUG - 2026-08-22 13:39:14,402 - jasper.verilog - Assigning interface 0 (rx_control1)
DEBUG - 2026-08-22 13:39:14,402 - jasper.verilog - Attempting to add port "wb_clk_i" (parent sig: False, parent port: False)
DEBUG - 2026-08-22 13:39:14,402 - jasper.verilog -   Port "wb_clk_i" already exists
DEBUG - 2026-08-22 13:39:14,402 - jasper.verilog - Attempting to add port "wb_rst_i" (parent sig: False, parent port: False)
DEBUG - 2026-08-22 13:39:14,402 - jasper.verilog -   Port "wb_rst_i" already exists
DEBUG - 2026-08-22 13:39:14,402 - jasper.verilog - Attempting to add port "wb_cyc_i" (parent sig: False, parent port: False)
DEBUG - 2026-08-22 13:39:14,402 - jasper.verilog -   Port "wb_cyc_i" already exists
DEBUG - 2026-08-22 13:39:14,402 - jasper.verilog - Attempting to add port "wb_stb_i" (parent sig: False, parent port: False)
DEBUG - 2026-08-22 13:39:14,402 - jasper.verilog -   Port "wb_stb_i" already exists
DEBUG - 2026-08-22 13:39:14,402 - jasper.verilog - Attempting to add port "wb_we_i" (parent sig: False, parent port: False)
DEBUG - 2026-08-22 13:39:14,402 - jasper.verilog -   Port "wb_we_i" already exists
DEBUG - 2026-08-22 13:39:14,402 - jasper.verilog - Attempting to add port "wb_sel_i" (parent sig: False, parent port: False)
DEBUG - 2026-08-22 13:39:14,402 - jasper.verilog -   Port "wb_sel_i" already exists
DEBUG - 2026-08-22 13:39:14,402 - jasper.verilog - Attempting to add port "wb_adr_i" (parent sig: False, parent port: False)
DEBUG - 2026-08-22 13:39:14,402 - jasper.verilog -   Port "wb_adr_i" already exists
DEBUG - 2026-08-22 13:39:14,402 - jasper.verilog - Attempting to add port "wb_dat_i" (parent sig: False, parent port: False)
DEBUG - 2026-08-22 13:39:14,402 - jasper.verilog -   Port "wb_dat_i" already exists
DEBUG - 2026-08-22 13:39:14,402 - jasper.verilog - Attempting to add port "wb_dat_o" (parent sig: False, parent port: False)
DEBUG - 2026-08-22 13:39:14,402 - jasper.verilog -   Port "wb_dat_o" already exists
DEBUG - 2026-08-22 13:39:14,402 - jasper.verilog - Attempting to add port "wb_ack_o" (parent sig: False, parent port: False)
DEBUG - 2026-08-22 13:39:14,402 - jasper.verilog -   Port "wb_ack_o" already exists
DEBUG - 2026-08-22 13:39:14,402 - jasper.verilog - Attempting to add port "wb_err_o" (parent sig: False, parent port: False)
DEBUG - 2026-08-22 13:39:14,402 - jasper.verilog -   Port "wb_err_o" already exists
DEBUG - 2026-08-22 13:39:14,402 - jasper.verilog - Found new WB slave for instance wb_register_ppc2simulink
DEBUG - 2026-08-22 13:39:14,402 - jasper.verilog - Looking for WB slaves for instance wb_register_simulink2ppc
DEBUG - 2026-08-22 13:39:14,402 - jasper.verilog - Assigning interface 0 (rx_eof1)
DEBUG - 2026-08-22 13:39:14,402 - jasper.verilog - Attempting to add port "wb_clk_i" (parent sig: False, parent port: False)
DEBUG - 2026-08-22 13:39:14,402 - jasper.verilog -   Port "wb_clk_i" already exists
DEBUG - 2026-08-22 13:39:14,402 - jasper.verilog - Attempting to add port "wb_rst_i" (parent sig: False, parent port: False)
DEBUG - 2026-08-22 13:39:14,402 - jasper.verilog -   Port "wb_rst_i" already exists
DEBUG - 2026-08-22 13:39:14,402 - jasper.verilog - Attempting to add port "wb_cyc_i" (parent sig: False, parent port: False)
DEBUG - 2026-08-22 13:39:14,402 - jasper.verilog -   Port "wb_cyc_i" already exists
DEBUG - 2026-08-22 13:39:14,402 - jasper.verilog - Attempting to add port "wb_stb_i" (parent sig: False, parent port: False)
DEBUG - 2026-08-22 13:39:14,402 - jasper.verilog -   Port "wb_stb_i" already exists
DEBUG - 2026-08-22 13:39:14,402 - jasper.verilog - Attempting to add port "wb_we_i" (parent sig: False, parent port: False)
DEBUG - 2026-08-22 13:39:14,402 - jasper.verilog -   Port "wb_we_i" already exists
DEBUG - 2026-08-22 13:39:14,402 - jasper.verilog - Attempting to add port "wb_sel_i" (parent sig: False, parent port: False)
DEBUG - 2026-08-22 13:39:14,402 - jasper.verilog -   Port "wb_sel_i" already exists
DEBUG - 2026-08-22 13:39:14,402 - jasper.verilog - Attempting to add port "wb_adr_i" (parent sig: False, parent port: False)
DEBUG - 2026-08-22 13:39:14,402 - jasper.verilog -   Port "wb_adr_i" already exists
DEBUG - 2026-08-22 13:39:14,402 - jasper.verilog - Attempting to add port "wb_dat_i" (parent sig: False, parent port: False)
DEBUG - 2026-08-22 13:39:14,402 - jasper.verilog -   Port "wb_dat_i" already exists
DEBUG - 2026-08-22 13:39:14,402 - jasper.verilog - Attempting to add port "wb_dat_o" (parent sig: False, parent port: False)
DEBUG - 2026-08-22 13:39:14,402 - jasper.verilog -   Port "wb_dat_o" already exists
DEBUG - 2026-08-22 13:39:14,402 - jasper.verilog - Attempting to add port "wb_ack_o" (parent sig: False, parent port: False)
DEBUG - 2026-08-22 13:39:14,402 - jasper.verilog -   Port "wb_ack_o" already exists
DEBUG - 2026-08-22 13:39:14,402 - jasper.verilog - Attempting to add port "wb_err_o" (parent sig: False, parent port: False)
DEBUG - 2026-08-22 13:39:14,402 - jasper.verilog -   Port "wb_err_o" already exists
DEBUG - 2026-08-22 13:39:14,402 - jasper.verilog - Found new WB slave for instance wb_register_simulink2ppc
DEBUG - 2026-08-22 13:39:14,402 - jasper.verilog - Looking for WB slaves for instance wb_register_simulink2ppc
DEBUG - 2026-08-22 13:39:14,402 - jasper.verilog - Assigning interface 0 (rx_overrun1)
DEBUG - 2026-08-22 13:39:14,402 - jasper.verilog - Attempting to add port "wb_clk_i" (parent sig: False, parent port: False)
DEBUG - 2026-08-22 13:39:14,403 - jasper.verilog -   Port "wb_clk_i" already exists
DEBUG - 2026-08-22 13:39:14,403 - jasper.verilog - Attempting to add port "wb_rst_i" (parent sig: False, parent port: False)
DEBUG - 2026-08-22 13:39:14,403 - jasper.verilog -   Port "wb_rst_i" already exists
DEBUG - 2026-08-22 13:39:14,403 - jasper.verilog - Attempting to add port "wb_cyc_i" (parent sig: False, parent port: False)
DEBUG - 2026-08-22 13:39:14,403 - jasper.verilog -   Port "wb_cyc_i" already exists
DEBUG - 2026-08-22 13:39:14,403 - jasper.verilog - Attempting to add port "wb_stb_i" (parent sig: False, parent port: False)
DEBUG - 2026-08-22 13:39:14,403 - jasper.verilog -   Port "wb_stb_i" already exists
DEBUG - 2026-08-22 13:39:14,403 - jasper.verilog - Attempting to add port "wb_we_i" (parent sig: False, parent port: False)
DEBUG - 2026-08-22 13:39:14,403 - jasper.verilog -   Port "wb_we_i" already exists
DEBUG - 2026-08-22 13:39:14,403 - jasper.verilog - Attempting to add port "wb_sel_i" (parent sig: False, parent port: False)
DEBUG - 2026-08-22 13:39:14,403 - jasper.verilog -   Port "wb_sel_i" already exists
DEBUG - 2026-08-22 13:39:14,403 - jasper.verilog - Attempting to add port "wb_adr_i" (parent sig: False, parent port: False)
DEBUG - 2026-08-22 13:39:14,403 - jasper.verilog -   Port "wb_adr_i" already exists
DEBUG - 2026-08-22 13:39:14,403 - jasper.verilog - Attempting to add port "wb_dat_i" (parent sig: False, parent port: False)
DEBUG - 2026-08-22 13:39:14,403 - jasper.verilog -   Port "wb_dat_i" already exists
DEBUG - 2026-08-22 13:39:14,403 - jasper.verilog - Attempting to add port "wb_dat_o" (parent sig: False, parent port: False)
DEBUG - 2026-08-22 13:39:14,403 - jasper.verilog -   Port "wb_dat_o" already exists
DEBUG - 2026-08-22 13:39:14,403 - jasper.verilog - Attempting to add port "wb_ack_o" (parent sig: False, parent port: False)
DEBUG - 2026-08-22 13:39:14,403 - jasper.verilog -   Port "wb_ack_o" already exists
DEBUG - 2026-08-22 13:39:14,403 - jasper.verilog - Attempting to add port "wb_err_o" (parent sig: False, parent port: False)
DEBUG - 2026-08-22 13:39:14,403 - jasper.verilog -   Port "wb_err_o" already exists
DEBUG - 2026-08-22 13:39:14,403 - jasper.verilog - Found new WB slave for instance wb_register_simulink2ppc
DEBUG - 2026-08-22 13:39:14,403 - jasper.verilog - Looking for WB slaves for instance wb_register_simulink2ppc
DEBUG - 2026-08-22 13:39:14,403 - jasper.verilog - Assigning interface 0 (rx_valid1)
DEBUG - 2026-08-22 13:39:14,403 - jasper.verilog - Attempting to add port "wb_clk_i" (parent sig: False, parent port: False)
DEBUG - 2026-08-22 13:39:14,403 - jasper.verilog -   Port "wb_clk_i" already exists
DEBUG - 2026-08-22 13:39:14,403 - jasper.verilog - Attempting to add port "wb_rst_i" (parent sig: False, parent port: False)
DEBUG - 2026-08-22 13:39:14,403 - jasper.verilog -   Port "wb_rst_i" already exists
DEBUG - 2026-08-22 13:39:14,403 - jasper.verilog - Attempting to add port "wb_cyc_i" (parent sig: False, parent port: False)
DEBUG - 2026-08-22 13:39:14,403 - jasper.verilog -   Port "wb_cyc_i" already exists
DEBUG - 2026-08-22 13:39:14,403 - jasper.verilog - Attempting to add port "wb_stb_i" (parent sig: False, parent port: False)
DEBUG - 2026-08-22 13:39:14,403 - jasper.verilog -   Port "wb_stb_i" already exists
DEBUG - 2026-08-22 13:39:14,403 - jasper.verilog - Attempting to add port "wb_we_i" (parent sig: False, parent port: False)
DEBUG - 2026-08-22 13:39:14,403 - jasper.verilog -   Port "wb_we_i" already exists
DEBUG - 2026-08-22 13:39:14,403 - jasper.verilog - Attempting to add port "wb_sel_i" (parent sig: False, parent port: False)
DEBUG - 2026-08-22 13:39:14,403 - jasper.verilog -   Port "wb_sel_i" already exists
DEBUG - 2026-08-22 13:39:14,403 - jasper.verilog - Attempting to add port "wb_adr_i" (parent sig: False, parent port: False)
DEBUG - 2026-08-22 13:39:14,403 - jasper.verilog -   Port "wb_adr_i" already exists
DEBUG - 2026-08-22 13:39:14,403 - jasper.verilog - Attempting to add port "wb_dat_i" (parent sig: False, parent port: False)
DEBUG - 2026-08-22 13:39:14,403 - jasper.verilog -   Port "wb_dat_i" already exists
DEBUG - 2026-08-22 13:39:14,403 - jasper.verilog - Attempting to add port "wb_dat_o" (parent sig: False, parent port: False)
DEBUG - 2026-08-22 13:39:14,403 - jasper.verilog -   Port "wb_dat_o" already exists
DEBUG - 2026-08-22 13:39:14,403 - jasper.verilog - Attempting to add port "wb_ack_o" (parent sig: False, parent port: False)
DEBUG - 2026-08-22 13:39:14,403 - jasper.verilog -   Port "wb_ack_o" already exists
DEBUG - 2026-08-22 13:39:14,403 - jasper.verilog - Attempting to add port "wb_err_o" (parent sig: False, parent port: False)
DEBUG - 2026-08-22 13:39:14,403 - jasper.verilog -   Port "wb_err_o" already exists
DEBUG - 2026-08-22 13:39:14,403 - jasper.verilog - Found new WB slave for instance wb_register_simulink2ppc
DEBUG - 2026-08-22 13:39:14,403 - jasper.verilog - Looking for WB slaves for instance wb_register_simulink2ppc
DEBUG - 2026-08-22 13:39:14,403 - jasper.verilog - Assigning interface 0 (tx_afull1)
DEBUG - 2026-08-22 13:39:14,403 - jasper.verilog - Attempting to add port "wb_clk_i" (parent sig: False, parent port: False)
DEBUG - 2026-08-22 13:39:14,403 - jasper.verilog -   Port "wb_clk_i" already exists
DEBUG - 2026-08-22 13:39:14,403 - jasper.verilog - Attempting to add port "wb_rst_i" (parent sig: False, parent port: False)
DEBUG - 2026-08-22 13:39:14,403 - jasper.verilog -   Port "wb_rst_i" already exists
DEBUG - 2026-08-22 13:39:14,403 - jasper.verilog - Attempting to add port "wb_cyc_i" (parent sig: False, parent port: False)
DEBUG - 2026-08-22 13:39:14,403 - jasper.verilog -   Port "wb_cyc_i" already exists
DEBUG - 2026-08-22 13:39:14,403 - jasper.verilog - Attempting to add port "wb_stb_i" (parent sig: False, parent port: False)
DEBUG - 2026-08-22 13:39:14,403 - jasper.verilog -   Port "wb_stb_i" already exists
DEBUG - 2026-08-22 13:39:14,403 - jasper.verilog - Attempting to add port "wb_we_i" (parent sig: False, parent port: False)
DEBUG - 2026-08-22 13:39:14,403 - jasper.verilog -   Port "wb_we_i" already exists
DEBUG - 2026-08-22 13:39:14,403 - jasper.verilog - Attempting to add port "wb_sel_i" (parent sig: False, parent port: False)
DEBUG - 2026-08-22 13:39:14,403 - jasper.verilog -   Port "wb_sel_i" already exists
DEBUG - 2026-08-22 13:39:14,403 - jasper.verilog - Attempting to add port "wb_adr_i" (parent sig: False, parent port: False)
DEBUG - 2026-08-22 13:39:14,403 - jasper.verilog -   Port "wb_adr_i" already exists
DEBUG - 2026-08-22 13:39:14,403 - jasper.verilog - Attempting to add port "wb_dat_i" (parent sig: False, parent port: False)
DEBUG - 2026-08-22 13:39:14,403 - jasper.verilog -   Port "wb_dat_i" already exists
DEBUG - 2026-08-22 13:39:14,403 - jasper.verilog - Attempting to add port "wb_dat_o" (parent sig: False, parent port: False)
DEBUG - 2026-08-22 13:39:14,403 - jasper.verilog -   Port "wb_dat_o" already exists
DEBUG - 2026-08-22 13:39:14,403 - jasper.verilog - Attempting to add port "wb_ack_o" (parent sig: False, parent port: False)
DEBUG - 2026-08-22 13:39:14,403 - jasper.verilog -   Port "wb_ack_o" already exists
DEBUG - 2026-08-22 13:39:14,403 - jasper.verilog - Attempting to add port "wb_err_o" (parent sig: False, parent port: False)
DEBUG - 2026-08-22 13:39:14,403 - jasper.verilog -   Port "wb_err_o" already exists
DEBUG - 2026-08-22 13:39:14,403 - jasper.verilog - Found new WB slave for instance wb_register_simulink2ppc
DEBUG - 2026-08-22 13:39:14,403 - jasper.verilog - Looking for WB slaves for instance wb_register_ppc2simulink
DEBUG - 2026-08-22 13:39:14,403 - jasper.verilog - Assigning interface 0 (tx_control)
DEBUG - 2026-08-22 13:39:14,403 - jasper.verilog - Attempting to add port "wb_clk_i" (parent sig: False, parent port: False)
DEBUG - 2026-08-22 13:39:14,403 - jasper.verilog -   Port "wb_clk_i" already exists
DEBUG - 2026-08-22 13:39:14,403 - jasper.verilog - Attempting to add port "wb_rst_i" (parent sig: False, parent port: False)
DEBUG - 2026-08-22 13:39:14,403 - jasper.verilog -   Port "wb_rst_i" already exists
DEBUG - 2026-08-22 13:39:14,403 - jasper.verilog - Attempting to add port "wb_cyc_i" (parent sig: False, parent port: False)
DEBUG - 2026-08-22 13:39:14,403 - jasper.verilog -   Port "wb_cyc_i" already exists
DEBUG - 2026-08-22 13:39:14,403 - jasper.verilog - Attempting to add port "wb_stb_i" (parent sig: False, parent port: False)
DEBUG - 2026-08-22 13:39:14,403 - jasper.verilog -   Port "wb_stb_i" already exists
DEBUG - 2026-08-22 13:39:14,403 - jasper.verilog - Attempting to add port "wb_we_i" (parent sig: False, parent port: False)
DEBUG - 2026-08-22 13:39:14,403 - jasper.verilog -   Port "wb_we_i" already exists
DEBUG - 2026-08-22 13:39:14,403 - jasper.verilog - Attempting to add port "wb_sel_i" (parent sig: False, parent port: False)
DEBUG - 2026-08-22 13:39:14,403 - jasper.verilog -   Port "wb_sel_i" already exists
DEBUG - 2026-08-22 13:39:14,403 - jasper.verilog - Attempting to add port "wb_adr_i" (parent sig: False, parent port: False)
DEBUG - 2026-08-22 13:39:14,403 - jasper.verilog -   Port "wb_adr_i" already exists
DEBUG - 2026-08-22 13:39:14,403 - jasper.verilog - Attempting to add port "wb_dat_i" (parent sig: False, parent port: False)
DEBUG - 2026-08-22 13:39:14,403 - jasper.verilog -   Port "wb_dat_i" already exists
DEBUG - 2026-08-22 13:39:14,403 - jasper.verilog - Attempting to add port "wb_dat_o" (parent sig: False, parent port: False)
DEBUG - 2026-08-22 13:39:14,403 - jasper.verilog -   Port "wb_dat_o" already exists
DEBUG - 2026-08-22 13:39:14,403 - jasper.verilog - Attempting to add port "wb_ack_o" (parent sig: False, parent port: False)
DEBUG - 2026-08-22 13:39:14,403 - jasper.verilog -   Port "wb_ack_o" already exists
DEBUG - 2026-08-22 13:39:14,404 - jasper.verilog - Attempting to add port "wb_err_o" (parent sig: False, parent port: False)
DEBUG - 2026-08-22 13:39:14,404 - jasper.verilog -   Port "wb_err_o" already exists
DEBUG - 2026-08-22 13:39:14,404 - jasper.verilog - Found new WB slave for instance wb_register_ppc2simulink
DEBUG - 2026-08-22 13:39:14,404 - jasper.verilog - Looking for WB slaves for instance wb_register_simulink2ppc
DEBUG - 2026-08-22 13:39:14,404 - jasper.verilog - Assigning interface 0 (tx_overflow1)
DEBUG - 2026-08-22 13:39:14,404 - jasper.verilog - Attempting to add port "wb_clk_i" (parent sig: False, parent port: False)
DEBUG - 2026-08-22 13:39:14,404 - jasper.verilog -   Port "wb_clk_i" already exists
DEBUG - 2026-08-22 13:39:14,404 - jasper.verilog - Attempting to add port "wb_rst_i" (parent sig: False, parent port: False)
DEBUG - 2026-08-22 13:39:14,404 - jasper.verilog -   Port "wb_rst_i" already exists
DEBUG - 2026-08-22 13:39:14,404 - jasper.verilog - Attempting to add port "wb_cyc_i" (parent sig: False, parent port: False)
DEBUG - 2026-08-22 13:39:14,404 - jasper.verilog -   Port "wb_cyc_i" already exists
DEBUG - 2026-08-22 13:39:14,404 - jasper.verilog - Attempting to add port "wb_stb_i" (parent sig: False, parent port: False)
DEBUG - 2026-08-22 13:39:14,404 - jasper.verilog -   Port "wb_stb_i" already exists
DEBUG - 2026-08-22 13:39:14,404 - jasper.verilog - Attempting to add port "wb_we_i" (parent sig: False, parent port: False)
DEBUG - 2026-08-22 13:39:14,404 - jasper.verilog -   Port "wb_we_i" already exists
DEBUG - 2026-08-22 13:39:14,404 - jasper.verilog - Attempting to add port "wb_sel_i" (parent sig: False, parent port: False)
DEBUG - 2026-08-22 13:39:14,404 - jasper.verilog -   Port "wb_sel_i" already exists
DEBUG - 2026-08-22 13:39:14,404 - jasper.verilog - Attempting to add port "wb_adr_i" (parent sig: False, parent port: False)
DEBUG - 2026-08-22 13:39:14,404 - jasper.verilog -   Port "wb_adr_i" already exists
DEBUG - 2026-08-22 13:39:14,404 - jasper.verilog - Attempting to add port "wb_dat_i" (parent sig: False, parent port: False)
DEBUG - 2026-08-22 13:39:14,404 - jasper.verilog -   Port "wb_dat_i" already exists
DEBUG - 2026-08-22 13:39:14,404 - jasper.verilog - Attempting to add port "wb_dat_o" (parent sig: False, parent port: False)
DEBUG - 2026-08-22 13:39:14,404 - jasper.verilog -   Port "wb_dat_o" already exists
DEBUG - 2026-08-22 13:39:14,404 - jasper.verilog - Attempting to add port "wb_ack_o" (parent sig: False, parent port: False)
DEBUG - 2026-08-22 13:39:14,404 - jasper.verilog -   Port "wb_ack_o" already exists
DEBUG - 2026-08-22 13:39:14,404 - jasper.verilog - Attempting to add port "wb_err_o" (parent sig: False, parent port: False)
DEBUG - 2026-08-22 13:39:14,404 - jasper.verilog -   Port "wb_err_o" already exists
DEBUG - 2026-08-22 13:39:14,404 - jasper.verilog - Found new WB slave for instance wb_register_simulink2ppc
DEBUG - 2026-08-22 13:39:14,404 - jasper.verilog - Looking for WB slaves for instance wb_register_simulink2ppc
DEBUG - 2026-08-22 13:39:14,404 - jasper.verilog - Assigning interface 0 (vaild_rx_valmir1)
DEBUG - 2026-08-22 13:39:14,404 - jasper.verilog - Attempting to add port "wb_clk_i" (parent sig: False, parent port: False)
DEBUG - 2026-08-22 13:39:14,404 - jasper.verilog -   Port "wb_clk_i" already exists
DEBUG - 2026-08-22 13:39:14,404 - jasper.verilog - Attempting to add port "wb_rst_i" (parent sig: False, parent port: False)
DEBUG - 2026-08-22 13:39:14,404 - jasper.verilog -   Port "wb_rst_i" already exists
DEBUG - 2026-08-22 13:39:14,404 - jasper.verilog - Attempting to add port "wb_cyc_i" (parent sig: False, parent port: False)
DEBUG - 2026-08-22 13:39:14,404 - jasper.verilog -   Port "wb_cyc_i" already exists
DEBUG - 2026-08-22 13:39:14,404 - jasper.verilog - Attempting to add port "wb_stb_i" (parent sig: False, parent port: False)
DEBUG - 2026-08-22 13:39:14,404 - jasper.verilog -   Port "wb_stb_i" already exists
DEBUG - 2026-08-22 13:39:14,404 - jasper.verilog - Attempting to add port "wb_we_i" (parent sig: False, parent port: False)
DEBUG - 2026-08-22 13:39:14,404 - jasper.verilog -   Port "wb_we_i" already exists
DEBUG - 2026-08-22 13:39:14,404 - jasper.verilog - Attempting to add port "wb_sel_i" (parent sig: False, parent port: False)
DEBUG - 2026-08-22 13:39:14,404 - jasper.verilog -   Port "wb_sel_i" already exists
DEBUG - 2026-08-22 13:39:14,404 - jasper.verilog - Attempting to add port "wb_adr_i" (parent sig: False, parent port: False)
DEBUG - 2026-08-22 13:39:14,404 - jasper.verilog -   Port "wb_adr_i" already exists
DEBUG - 2026-08-22 13:39:14,404 - jasper.verilog - Attempting to add port "wb_dat_i" (parent sig: False, parent port: False)
DEBUG - 2026-08-22 13:39:14,404 - jasper.verilog -   Port "wb_dat_i" already exists
DEBUG - 2026-08-22 13:39:14,404 - jasper.verilog - Attempting to add port "wb_dat_o" (parent sig: False, parent port: False)
DEBUG - 2026-08-22 13:39:14,404 - jasper.verilog -   Port "wb_dat_o" already exists
DEBUG - 2026-08-22 13:39:14,404 - jasper.verilog - Attempting to add port "wb_ack_o" (parent sig: False, parent port: False)
DEBUG - 2026-08-22 13:39:14,404 - jasper.verilog -   Port "wb_ack_o" already exists
DEBUG - 2026-08-22 13:39:14,404 - jasper.verilog - Attempting to add port "wb_err_o" (parent sig: False, parent port: False)
DEBUG - 2026-08-22 13:39:14,404 - jasper.verilog -   Port "wb_err_o" already exists
DEBUG - 2026-08-22 13:39:14,404 - jasper.verilog - Found new WB slave for instance wb_register_simulink2ppc
DEBUG - 2026-08-22 13:39:14,404 - jasper.verilog - Looking for WB slaves for instance sys_block
DEBUG - 2026-08-22 13:39:14,404 - jasper.verilog - Assigning interface 0 (sys_block)
DEBUG - 2026-08-22 13:39:14,404 - jasper.verilog - Attempting to add port "wb_clk_i" (parent sig: False, parent port: False)
DEBUG - 2026-08-22 13:39:14,404 - jasper.verilog -   Port "wb_clk_i" already exists
DEBUG - 2026-08-22 13:39:14,404 - jasper.verilog - Attempting to add port "wb_rst_i" (parent sig: False, parent port: False)
DEBUG - 2026-08-22 13:39:14,404 - jasper.verilog -   Port "wb_rst_i" already exists
DEBUG - 2026-08-22 13:39:14,404 - jasper.verilog - Attempting to add port "wb_cyc_i" (parent sig: False, parent port: False)
DEBUG - 2026-08-22 13:39:14,404 - jasper.verilog -   Port "wb_cyc_i" already exists
DEBUG - 2026-08-22 13:39:14,404 - jasper.verilog - Attempting to add port "wb_stb_i" (parent sig: False, parent port: False)
DEBUG - 2026-08-22 13:39:14,404 - jasper.verilog -   Port "wb_stb_i" already exists
DEBUG - 2026-08-22 13:39:14,404 - jasper.verilog - Attempting to add port "wb_we_i" (parent sig: False, parent port: False)
DEBUG - 2026-08-22 13:39:14,404 - jasper.verilog -   Port "wb_we_i" already exists
DEBUG - 2026-08-22 13:39:14,404 - jasper.verilog - Attempting to add port "wb_sel_i" (parent sig: False, parent port: False)
DEBUG - 2026-08-22 13:39:14,404 - jasper.verilog -   Port "wb_sel_i" already exists
DEBUG - 2026-08-22 13:39:14,404 - jasper.verilog - Attempting to add port "wb_adr_i" (parent sig: False, parent port: False)
DEBUG - 2026-08-22 13:39:14,404 - jasper.verilog -   Port "wb_adr_i" already exists
DEBUG - 2026-08-22 13:39:14,404 - jasper.verilog - Attempting to add port "wb_dat_i" (parent sig: False, parent port: False)
DEBUG - 2026-08-22 13:39:14,404 - jasper.verilog -   Port "wb_dat_i" already exists
DEBUG - 2026-08-22 13:39:14,404 - jasper.verilog - Attempting to add port "wb_dat_o" (parent sig: False, parent port: False)
DEBUG - 2026-08-22 13:39:14,404 - jasper.verilog -   Port "wb_dat_o" already exists
DEBUG - 2026-08-22 13:39:14,404 - jasper.verilog - Attempting to add port "wb_ack_o" (parent sig: False, parent port: False)
DEBUG - 2026-08-22 13:39:14,404 - jasper.verilog -   Port "wb_ack_o" already exists
DEBUG - 2026-08-22 13:39:14,404 - jasper.verilog - Attempting to add port "wb_err_o" (parent sig: False, parent port: False)
DEBUG - 2026-08-22 13:39:14,404 - jasper.verilog -   Port "wb_err_o" already exists
DEBUG - 2026-08-22 13:39:14,404 - jasper.verilog - Found new WB slave for instance sys_block
DEBUG - 2026-08-22 13:39:14,404 - jasper.verilog - Looking for WB slaves for instance ethernet_one_gbe_skarab_axi
DEBUG - 2026-08-22 13:39:14,404 - jasper.verilog -   Local Parameter "ETHERNET_ONE_GBE_SKARAB_AXI_TX_ONE_GBE_WBID0" is new
DEBUG - 2026-08-22 13:39:14,404 - jasper.verilog -   Local Parameter "ETHERNET_ONE_GBE_SKARAB_AXI_D3_SS_BRAM_WBID0" is new
DEBUG - 2026-08-22 13:39:14,404 - jasper.verilog -   Local Parameter "ETHERNET_ONE_GBE_SKARAB_AXI_D4_SS_BRAM_WBID0" is new
DEBUG - 2026-08-22 13:39:14,404 - jasper.verilog -   Local Parameter "ETHERNET_ONE_GBE_SKARAB_AXI_D5_SS_BRAM_WBID0" is new
DEBUG - 2026-08-22 13:39:14,404 - jasper.verilog -   Local Parameter "ETHERNET_ONE_GBE_SKARAB_AXI_INPUT_FIR_BRAM_WBID0" is new
DEBUG - 2026-08-22 13:39:14,404 - jasper.verilog -   Local Parameter "ETHERNET_ONE_GBE_SKARAB_AXI_OUTPUT_FIR_BRAM_WBID0" is new
DEBUG - 2026-08-22 13:39:14,404 - jasper.verilog -   Local Parameter "ETHERNET_ONE_GBE_SKARAB_AXI_PKT_CTRS1_SS_BRAM_WBID0" is new
DEBUG - 2026-08-22 13:39:14,404 - jasper.verilog -   Local Parameter "ETHERNET_ONE_GBE_SKARAB_AXI_PKT_CTRS_COMPARE1_SS_BRAM_WBID0" is new
DEBUG - 2026-08-22 13:39:14,404 - jasper.verilog -   Local Parameter "ETHERNET_ONE_GBE_SKARAB_AXI_ADDR_DATA_FIFO_WBID0" is new
DEBUG - 2026-08-22 13:39:14,405 - jasper.verilog -   Local Parameter "ETHERNET_ONE_GBE_SKARAB_AXI_ADDR_DATA_GBE_WBID0" is new
DEBUG - 2026-08-22 13:39:14,405 - jasper.verilog -   Local Parameter "ETHERNET_ONE_GBE_SKARAB_AXI_CLK_MHZ_WBID0" is new
DEBUG - 2026-08-22 13:39:14,405 - jasper.verilog -   Local Parameter "ETHERNET_ONE_GBE_SKARAB_AXI_D3_SS_CTRL_WBID0" is new
DEBUG - 2026-08-22 13:39:14,405 - jasper.verilog -   Local Parameter "ETHERNET_ONE_GBE_SKARAB_AXI_D3_SS_STATUS_WBID0" is new
DEBUG - 2026-08-22 13:39:14,405 - jasper.verilog -   Local Parameter "ETHERNET_ONE_GBE_SKARAB_AXI_D4_SS_CTRL_WBID0" is new
DEBUG - 2026-08-22 13:39:14,405 - jasper.verilog -   Local Parameter "ETHERNET_ONE_GBE_SKARAB_AXI_D4_SS_STATUS_WBID0" is new
DEBUG - 2026-08-22 13:39:14,405 - jasper.verilog -   Local Parameter "ETHERNET_ONE_GBE_SKARAB_AXI_D5_SS_CTRL_WBID0" is new
DEBUG - 2026-08-22 13:39:14,405 - jasper.verilog -   Local Parameter "ETHERNET_ONE_GBE_SKARAB_AXI_D5_SS_STATUS_WBID0" is new
DEBUG - 2026-08-22 13:39:14,405 - jasper.verilog -   Local Parameter "ETHERNET_ONE_GBE_SKARAB_AXI_DATA_RX_VALMIR_WBID0" is new
DEBUG - 2026-08-22 13:39:14,405 - jasper.verilog -   Local Parameter "ETHERNET_ONE_GBE_SKARAB_AXI_DEBUG_RX_DATA_MEM_FIFO_WBID0" is new
DEBUG - 2026-08-22 13:39:14,405 - jasper.verilog -   Local Parameter "ETHERNET_ONE_GBE_SKARAB_AXI_DEBUG_RX_DATA_MEM_GBE_WBID0" is new
DEBUG - 2026-08-22 13:39:14,405 - jasper.verilog -   Local Parameter "ETHERNET_ONE_GBE_SKARAB_AXI_DEC_FACTOR_WBID0" is new
DEBUG - 2026-08-22 13:39:14,405 - jasper.verilog -   Local Parameter "ETHERNET_ONE_GBE_SKARAB_AXI_ERR_MARKER1_WBID0" is new
DEBUG - 2026-08-22 13:39:14,405 - jasper.verilog -   Local Parameter "ETHERNET_ONE_GBE_SKARAB_AXI_ERR_PKT_CTR1_WBID0" is new
DEBUG - 2026-08-22 13:39:14,405 - jasper.verilog -   Local Parameter "ETHERNET_ONE_GBE_SKARAB_AXI_ERR_PKT_CTR_STEP1_WBID0" is new
DEBUG - 2026-08-22 13:39:14,405 - jasper.verilog -   Local Parameter "ETHERNET_ONE_GBE_SKARAB_AXI_ERR_RAMP1_WBID0" is new
DEBUG - 2026-08-22 13:39:14,405 - jasper.verilog -   Local Parameter "ETHERNET_ONE_GBE_SKARAB_AXI_ERR_VALID_RAW1_WBID0" is new
DEBUG - 2026-08-22 13:39:14,405 - jasper.verilog -   Local Parameter "ETHERNET_ONE_GBE_SKARAB_AXI_ERR_WALK1_WBID0" is new
DEBUG - 2026-08-22 13:39:14,405 - jasper.verilog -   Local Parameter "ETHERNET_ONE_GBE_SKARAB_AXI_INPUT_FIR_CTRL_WBID0" is new
DEBUG - 2026-08-22 13:39:14,405 - jasper.verilog -   Local Parameter "ETHERNET_ONE_GBE_SKARAB_AXI_INPUT_FIR_STATUS_WBID0" is new
DEBUG - 2026-08-22 13:39:14,405 - jasper.verilog -   Local Parameter "ETHERNET_ONE_GBE_SKARAB_AXI_INPUT_FIR_TRIG_OFFSET_WBID0" is new
DEBUG - 2026-08-22 13:39:14,405 - jasper.verilog -   Local Parameter "ETHERNET_ONE_GBE_SKARAB_AXI_OUTPUT_FIR_CTRL_WBID0" is new
DEBUG - 2026-08-22 13:39:14,405 - jasper.verilog -   Local Parameter "ETHERNET_ONE_GBE_SKARAB_AXI_OUTPUT_FIR_STATUS_WBID0" is new
DEBUG - 2026-08-22 13:39:14,405 - jasper.verilog -   Local Parameter "ETHERNET_ONE_GBE_SKARAB_AXI_OUTPUT_FIR_TRIG_OFFSET_WBID0" is new
DEBUG - 2026-08-22 13:39:14,405 - jasper.verilog -   Local Parameter "ETHERNET_ONE_GBE_SKARAB_AXI_PKT_CTRS1_SS_CTRL_WBID0" is new
DEBUG - 2026-08-22 13:39:14,405 - jasper.verilog -   Local Parameter "ETHERNET_ONE_GBE_SKARAB_AXI_PKT_CTRS1_SS_STATUS_WBID0" is new
DEBUG - 2026-08-22 13:39:14,405 - jasper.verilog -   Local Parameter "ETHERNET_ONE_GBE_SKARAB_AXI_PKT_CTRS_COMPARE1_SS_CTRL_WBID0" is new
DEBUG - 2026-08-22 13:39:14,405 - jasper.verilog -   Local Parameter "ETHERNET_ONE_GBE_SKARAB_AXI_PKT_CTRS_COMPARE1_SS_STATUS_WBID0" is new
DEBUG - 2026-08-22 13:39:14,405 - jasper.verilog -   Local Parameter "ETHERNET_ONE_GBE_SKARAB_AXI_READ_GBE_OR_FIFO_WBID0" is new
DEBUG - 2026-08-22 13:39:14,405 - jasper.verilog -   Local Parameter "ETHERNET_ONE_GBE_SKARAB_AXI_RX_BADFRAME1_WBID0" is new
DEBUG - 2026-08-22 13:39:14,405 - jasper.verilog -   Local Parameter "ETHERNET_ONE_GBE_SKARAB_AXI_RX_CONTROL1_WBID0" is new
DEBUG - 2026-08-22 13:39:14,405 - jasper.verilog -   Local Parameter "ETHERNET_ONE_GBE_SKARAB_AXI_RX_EOF1_WBID0" is new
DEBUG - 2026-08-22 13:39:14,405 - jasper.verilog -   Local Parameter "ETHERNET_ONE_GBE_SKARAB_AXI_RX_OVERRUN1_WBID0" is new
DEBUG - 2026-08-22 13:39:14,405 - jasper.verilog -   Local Parameter "ETHERNET_ONE_GBE_SKARAB_AXI_RX_VALID1_WBID0" is new
DEBUG - 2026-08-22 13:39:14,405 - jasper.verilog -   Local Parameter "ETHERNET_ONE_GBE_SKARAB_AXI_TX_AFULL1_WBID0" is new
DEBUG - 2026-08-22 13:39:14,405 - jasper.verilog -   Local Parameter "ETHERNET_ONE_GBE_SKARAB_AXI_TX_CONTROL_WBID0" is new
DEBUG - 2026-08-22 13:39:14,405 - jasper.verilog -   Local Parameter "ETHERNET_ONE_GBE_SKARAB_AXI_TX_OVERFLOW1_WBID0" is new
DEBUG - 2026-08-22 13:39:14,405 - jasper.verilog -   Local Parameter "ETHERNET_ONE_GBE_SKARAB_AXI_VAILD_RX_VALMIR1_WBID0" is new
DEBUG - 2026-08-22 13:39:14,405 - jasper.verilog -   Local Parameter "SYS_BLOCK_INST_WBID0" is new
DEBUG - 2026-08-22 13:39:14,405 - jasper.verilog -   Local Parameter "N_WB_SLAVES" is new
DEBUG - 2026-08-22 13:39:14,405 - jasper.verilog -   Local Parameter "N_SUB_ARBS" is new
DEBUG - 2026-08-22 13:39:14,405 - jasper.verilog - Initializing second-layer dictionairies for: default
DEBUG - 2026-08-22 13:39:14,405 - jasper.verilog -   Parameter "N_SUB_ARBS" is new
DEBUG - 2026-08-22 13:39:14,405 - jasper.verilog -   Parameter "N_SLAVES" is new
DEBUG - 2026-08-22 13:39:14,405 - jasper.verilog -   Parameter "SLAVE_ADDR" is new
DEBUG - 2026-08-22 13:39:14,405 - jasper.verilog -   Parameter "SLAVE_HIGH" is new
DEBUG - 2026-08-22 13:39:14,405 - jasper.verilog -   Parameter "TIMEOUT" is new
DEBUG - 2026-08-22 13:39:14,405 - jasper.verilog - Attempting to add port "wb_clk_i" (parent sig: True, parent port: False)
DEBUG - 2026-08-22 13:39:14,405 - jasper.verilog -   Port "wb_clk_i" is new
DEBUG - 2026-08-22 13:39:14,405 - jasper.verilog - Attempting to add port "wb_rst_i" (parent sig: True, parent port: False)
DEBUG - 2026-08-22 13:39:14,405 - jasper.verilog -   Port "wb_rst_i" is new
DEBUG - 2026-08-22 13:39:14,405 - jasper.verilog - Attempting to add port "wbm_cyc_i" (parent sig: True, parent port: False)
DEBUG - 2026-08-22 13:39:14,405 - jasper.verilog -   Port "wbm_cyc_i" is new
DEBUG - 2026-08-22 13:39:14,405 - jasper.verilog - Attempting to add port "wbm_stb_i" (parent sig: True, parent port: False)
DEBUG - 2026-08-22 13:39:14,405 - jasper.verilog -   Port "wbm_stb_i" is new
DEBUG - 2026-08-22 13:39:14,405 - jasper.verilog - Attempting to add port "wbm_we_i" (parent sig: True, parent port: False)
DEBUG - 2026-08-22 13:39:14,405 - jasper.verilog -   Port "wbm_we_i" is new
DEBUG - 2026-08-22 13:39:14,405 - jasper.verilog - Attempting to add port "wbm_sel_i" (parent sig: True, parent port: False)
DEBUG - 2026-08-22 13:39:14,405 - jasper.verilog -   Port "wbm_sel_i" is new
DEBUG - 2026-08-22 13:39:14,405 - jasper.verilog - Attempting to add port "wbm_adr_i" (parent sig: True, parent port: False)
DEBUG - 2026-08-22 13:39:14,405 - jasper.verilog -   Port "wbm_adr_i" is new
DEBUG - 2026-08-22 13:39:14,406 - jasper.verilog - Attempting to add port "wbm_dat_i" (parent sig: True, parent port: False)
DEBUG - 2026-08-22 13:39:14,406 - jasper.verilog -   Port "wbm_dat_i" is new
DEBUG - 2026-08-22 13:39:14,406 - jasper.verilog - Attempting to add port "wbm_dat_o" (parent sig: True, parent port: False)
DEBUG - 2026-08-22 13:39:14,406 - jasper.verilog -   Port "wbm_dat_o" is new
DEBUG - 2026-08-22 13:39:14,406 - jasper.verilog - Attempting to add port "wbm_ack_o" (parent sig: True, parent port: False)
DEBUG - 2026-08-22 13:39:14,406 - jasper.verilog -   Port "wbm_ack_o" is new
DEBUG - 2026-08-22 13:39:14,406 - jasper.verilog - Attempting to add port "wbm_err_o" (parent sig: True, parent port: False)
DEBUG - 2026-08-22 13:39:14,406 - jasper.verilog -   Port "wbm_err_o" is new
DEBUG - 2026-08-22 13:39:14,406 - jasper.verilog - Attempting to add port "wbs_cyc_o" (parent sig: True, parent port: False)
DEBUG - 2026-08-22 13:39:14,406 - jasper.verilog -   Port "wbs_cyc_o" is new
DEBUG - 2026-08-22 13:39:14,406 - jasper.verilog - Attempting to add port "wbs_stb_o" (parent sig: True, parent port: False)
DEBUG - 2026-08-22 13:39:14,406 - jasper.verilog -   Port "wbs_stb_o" is new
DEBUG - 2026-08-22 13:39:14,406 - jasper.verilog - Attempting to add port "wbs_we_o" (parent sig: True, parent port: False)
DEBUG - 2026-08-22 13:39:14,406 - jasper.verilog -   Port "wbs_we_o" is new
DEBUG - 2026-08-22 13:39:14,406 - jasper.verilog - Attempting to add port "wbs_sel_o" (parent sig: True, parent port: False)
DEBUG - 2026-08-22 13:39:14,406 - jasper.verilog -   Port "wbs_sel_o" is new
DEBUG - 2026-08-22 13:39:14,406 - jasper.verilog - Attempting to add port "wbs_adr_o" (parent sig: True, parent port: False)
DEBUG - 2026-08-22 13:39:14,406 - jasper.verilog -   Port "wbs_adr_o" is new
DEBUG - 2026-08-22 13:39:14,406 - jasper.verilog - Attempting to add port "wbs_dat_o" (parent sig: True, parent port: False)
DEBUG - 2026-08-22 13:39:14,406 - jasper.verilog -   Port "wbs_dat_o" is new
DEBUG - 2026-08-22 13:39:14,406 - jasper.verilog - Attempting to add port "wbs_dat_i" (parent sig: True, parent port: False)
DEBUG - 2026-08-22 13:39:14,406 - jasper.verilog -   Port "wbs_dat_i" is new
DEBUG - 2026-08-22 13:39:14,406 - jasper.verilog - Attempting to add port "wbs_ack_i" (parent sig: True, parent port: False)
DEBUG - 2026-08-22 13:39:14,406 - jasper.verilog -   Port "wbs_ack_i" is new
DEBUG - 2026-08-22 13:39:14,406 - jasper.verilog - Attempting to add port "wbs_err_i" (parent sig: True, parent port: False)
DEBUG - 2026-08-22 13:39:14,406 - jasper.verilog -   Port "wbs_err_i" is new
DEBUG - 2026-08-22 13:39:14,406 - jasper.verilog -   Local Parameter "SLAVE_ADDR" is new
DEBUG - 2026-08-22 13:39:14,406 - jasper.verilog -   Local Parameter "SLAVE_HIGH" is new
DEBUG - 2026-08-22 13:39:14,406 - jasper.verilog - Instantiating child ports for ethernet_one_gbe_skarab_axi_d3_ss_bram
DEBUG - 2026-08-22 13:39:14,406 - jasper.verilog -   Adding instance port user_addr as signal ethernet_one_gbe_skarab_axi_d3_ss_bram_addr to top
DEBUG - 2026-08-22 13:39:14,406 - jasper.verilog -   Signal "ethernet_one_gbe_skarab_axi_d3_ss_bram_addr" is new
DEBUG - 2026-08-22 13:39:14,406 - jasper.verilog -   Adding instance port user_din as signal ethernet_one_gbe_skarab_axi_d3_ss_bram_data_in to top
DEBUG - 2026-08-22 13:39:14,406 - jasper.verilog -   Signal "ethernet_one_gbe_skarab_axi_d3_ss_bram_data_in" is new
DEBUG - 2026-08-22 13:39:14,406 - jasper.verilog -   Adding instance port user_we as signal ethernet_one_gbe_skarab_axi_d3_ss_bram_we to top
DEBUG - 2026-08-22 13:39:14,406 - jasper.verilog -   Signal "ethernet_one_gbe_skarab_axi_d3_ss_bram_we" is new
DEBUG - 2026-08-22 13:39:14,406 - jasper.verilog -   Adding instance port user_dout as signal ethernet_one_gbe_skarab_axi_d3_ss_bram_data_out to top
DEBUG - 2026-08-22 13:39:14,406 - jasper.verilog -   Signal "ethernet_one_gbe_skarab_axi_d3_ss_bram_data_out" is new
DEBUG - 2026-08-22 13:39:14,406 - jasper.verilog - Instantiating child ports for ethernet_one_gbe_skarab_axi_d4_ss_bram
DEBUG - 2026-08-22 13:39:14,406 - jasper.verilog -   Adding instance port user_addr as signal ethernet_one_gbe_skarab_axi_d4_ss_bram_addr to top
DEBUG - 2026-08-22 13:39:14,406 - jasper.verilog -   Signal "ethernet_one_gbe_skarab_axi_d4_ss_bram_addr" is new
DEBUG - 2026-08-22 13:39:14,406 - jasper.verilog -   Adding instance port user_din as signal ethernet_one_gbe_skarab_axi_d4_ss_bram_data_in to top
DEBUG - 2026-08-22 13:39:14,406 - jasper.verilog -   Signal "ethernet_one_gbe_skarab_axi_d4_ss_bram_data_in" is new
DEBUG - 2026-08-22 13:39:14,406 - jasper.verilog -   Adding instance port user_we as signal ethernet_one_gbe_skarab_axi_d4_ss_bram_we to top
DEBUG - 2026-08-22 13:39:14,406 - jasper.verilog -   Signal "ethernet_one_gbe_skarab_axi_d4_ss_bram_we" is new
DEBUG - 2026-08-22 13:39:14,406 - jasper.verilog -   Adding instance port user_dout as signal ethernet_one_gbe_skarab_axi_d4_ss_bram_data_out to top
DEBUG - 2026-08-22 13:39:14,406 - jasper.verilog -   Signal "ethernet_one_gbe_skarab_axi_d4_ss_bram_data_out" is new
DEBUG - 2026-08-22 13:39:14,406 - jasper.verilog - Instantiating child ports for ethernet_one_gbe_skarab_axi_d5_ss_bram
DEBUG - 2026-08-22 13:39:14,406 - jasper.verilog -   Adding instance port user_addr as signal ethernet_one_gbe_skarab_axi_d5_ss_bram_addr to top
DEBUG - 2026-08-22 13:39:14,406 - jasper.verilog -   Signal "ethernet_one_gbe_skarab_axi_d5_ss_bram_addr" is new
DEBUG - 2026-08-22 13:39:14,406 - jasper.verilog -   Adding instance port user_din as signal ethernet_one_gbe_skarab_axi_d5_ss_bram_data_in to top
DEBUG - 2026-08-22 13:39:14,406 - jasper.verilog -   Signal "ethernet_one_gbe_skarab_axi_d5_ss_bram_data_in" is new
DEBUG - 2026-08-22 13:39:14,406 - jasper.verilog -   Adding instance port user_we as signal ethernet_one_gbe_skarab_axi_d5_ss_bram_we to top
DEBUG - 2026-08-22 13:39:14,406 - jasper.verilog -   Signal "ethernet_one_gbe_skarab_axi_d5_ss_bram_we" is new
DEBUG - 2026-08-22 13:39:14,406 - jasper.verilog -   Adding instance port user_dout as signal ethernet_one_gbe_skarab_axi_d5_ss_bram_data_out to top
DEBUG - 2026-08-22 13:39:14,406 - jasper.verilog -   Signal "ethernet_one_gbe_skarab_axi_d5_ss_bram_data_out" is new
DEBUG - 2026-08-22 13:39:14,406 - jasper.verilog - Instantiating child ports for ethernet_one_gbe_skarab_axi_input_fir_bram
DEBUG - 2026-08-22 13:39:14,406 - jasper.verilog -   Adding instance port user_addr as signal ethernet_one_gbe_skarab_axi_input_fir_bram_addr to top
DEBUG - 2026-08-22 13:39:14,406 - jasper.verilog -   Signal "ethernet_one_gbe_skarab_axi_input_fir_bram_addr" is new
DEBUG - 2026-08-22 13:39:14,406 - jasper.verilog -   Adding instance port user_din as signal ethernet_one_gbe_skarab_axi_input_fir_bram_data_in to top
DEBUG - 2026-08-22 13:39:14,406 - jasper.verilog -   Signal "ethernet_one_gbe_skarab_axi_input_fir_bram_data_in" is new
DEBUG - 2026-08-22 13:39:14,406 - jasper.verilog -   Adding instance port user_we as signal ethernet_one_gbe_skarab_axi_input_fir_bram_we to top
DEBUG - 2026-08-22 13:39:14,406 - jasper.verilog -   Signal "ethernet_one_gbe_skarab_axi_input_fir_bram_we" is new
DEBUG - 2026-08-22 13:39:14,406 - jasper.verilog -   Adding instance port user_dout as signal ethernet_one_gbe_skarab_axi_input_fir_bram_data_out to top
DEBUG - 2026-08-22 13:39:14,406 - jasper.verilog -   Signal "ethernet_one_gbe_skarab_axi_input_fir_bram_data_out" is new
DEBUG - 2026-08-22 13:39:14,406 - jasper.verilog - Instantiating child ports for ethernet_one_gbe_skarab_axi_output_fir_bram
DEBUG - 2026-08-22 13:39:14,406 - jasper.verilog -   Adding instance port user_addr as signal ethernet_one_gbe_skarab_axi_output_fir_bram_addr to top
DEBUG - 2026-08-22 13:39:14,406 - jasper.verilog -   Signal "ethernet_one_gbe_skarab_axi_output_fir_bram_addr" is new
DEBUG - 2026-08-22 13:39:14,406 - jasper.verilog -   Adding instance port user_din as signal ethernet_one_gbe_skarab_axi_output_fir_bram_data_in to top
DEBUG - 2026-08-22 13:39:14,406 - jasper.verilog -   Signal "ethernet_one_gbe_skarab_axi_output_fir_bram_data_in" is new
DEBUG - 2026-08-22 13:39:14,406 - jasper.verilog -   Adding instance port user_we as signal ethernet_one_gbe_skarab_axi_output_fir_bram_we to top
DEBUG - 2026-08-22 13:39:14,406 - jasper.verilog -   Signal "ethernet_one_gbe_skarab_axi_output_fir_bram_we" is new
DEBUG - 2026-08-22 13:39:14,406 - jasper.verilog -   Adding instance port user_dout as signal ethernet_one_gbe_skarab_axi_output_fir_bram_data_out to top
DEBUG - 2026-08-22 13:39:14,407 - jasper.verilog -   Signal "ethernet_one_gbe_skarab_axi_output_fir_bram_data_out" is new
DEBUG - 2026-08-22 13:39:14,407 - jasper.verilog - Instantiating child ports for ethernet_one_gbe_skarab_axi_pkt_ctrs1_ss_bram
DEBUG - 2026-08-22 13:39:14,407 - jasper.verilog -   Adding instance port user_addr as signal ethernet_one_gbe_skarab_axi_pkt_ctrs1_ss_bram_addr to top
DEBUG - 2026-08-22 13:39:14,407 - jasper.verilog -   Signal "ethernet_one_gbe_skarab_axi_pkt_ctrs1_ss_bram_addr" is new
DEBUG - 2026-08-22 13:39:14,407 - jasper.verilog -   Adding instance port user_din as signal ethernet_one_gbe_skarab_axi_pkt_ctrs1_ss_bram_data_in to top
DEBUG - 2026-08-22 13:39:14,407 - jasper.verilog -   Signal "ethernet_one_gbe_skarab_axi_pkt_ctrs1_ss_bram_data_in" is new
DEBUG - 2026-08-22 13:39:14,407 - jasper.verilog -   Adding instance port user_we as signal ethernet_one_gbe_skarab_axi_pkt_ctrs1_ss_bram_we to top
DEBUG - 2026-08-22 13:39:14,407 - jasper.verilog -   Signal "ethernet_one_gbe_skarab_axi_pkt_ctrs1_ss_bram_we" is new
DEBUG - 2026-08-22 13:39:14,407 - jasper.verilog -   Adding instance port user_dout as signal ethernet_one_gbe_skarab_axi_pkt_ctrs1_ss_bram_data_out to top
DEBUG - 2026-08-22 13:39:14,407 - jasper.verilog -   Signal "ethernet_one_gbe_skarab_axi_pkt_ctrs1_ss_bram_data_out" is new
DEBUG - 2026-08-22 13:39:14,407 - jasper.verilog - Instantiating child ports for ethernet_one_gbe_skarab_axi_pkt_ctrs_compare1_ss_bram
DEBUG - 2026-08-22 13:39:14,407 - jasper.verilog -   Adding instance port user_addr as signal ethernet_one_gbe_skarab_axi_pkt_ctrs_compare1_ss_bram_addr to top
DEBUG - 2026-08-22 13:39:14,407 - jasper.verilog -   Signal "ethernet_one_gbe_skarab_axi_pkt_ctrs_compare1_ss_bram_addr" is new
DEBUG - 2026-08-22 13:39:14,407 - jasper.verilog -   Adding instance port user_din as signal ethernet_one_gbe_skarab_axi_pkt_ctrs_compare1_ss_bram_data_in to top
DEBUG - 2026-08-22 13:39:14,407 - jasper.verilog -   Signal "ethernet_one_gbe_skarab_axi_pkt_ctrs_compare1_ss_bram_data_in" is new
DEBUG - 2026-08-22 13:39:14,407 - jasper.verilog -   Adding instance port user_we as signal ethernet_one_gbe_skarab_axi_pkt_ctrs_compare1_ss_bram_we to top
DEBUG - 2026-08-22 13:39:14,407 - jasper.verilog -   Signal "ethernet_one_gbe_skarab_axi_pkt_ctrs_compare1_ss_bram_we" is new
DEBUG - 2026-08-22 13:39:14,407 - jasper.verilog -   Adding instance port user_dout as signal ethernet_one_gbe_skarab_axi_pkt_ctrs_compare1_ss_bram_data_out to top
DEBUG - 2026-08-22 13:39:14,407 - jasper.verilog -   Signal "ethernet_one_gbe_skarab_axi_pkt_ctrs_compare1_ss_bram_data_out" is new
DEBUG - 2026-08-22 13:39:14,407 - jasper.verilog - Instantiating child ports for ethernet_one_gbe_skarab_axi_tx_one_gbe
DEBUG - 2026-08-22 13:39:14,407 - jasper.verilog -   Adding instance port gmii_tx_data as signal ethernet_one_gbe_skarab_axi_tx_one_gbe_app_tx_data to top
DEBUG - 2026-08-22 13:39:14,407 - jasper.verilog -   Signal "ethernet_one_gbe_skarab_axi_tx_one_gbe_app_tx_data" is new
DEBUG - 2026-08-22 13:39:14,407 - jasper.verilog -   Adding instance port gmii_tx_valid as signal ethernet_one_gbe_skarab_axi_tx_one_gbe_app_tx_dvld to top
DEBUG - 2026-08-22 13:39:14,407 - jasper.verilog -   Signal "ethernet_one_gbe_skarab_axi_tx_one_gbe_app_tx_dvld" is new
DEBUG - 2026-08-22 13:39:14,407 - jasper.verilog -   Adding instance port gmii_tx_end_of_frame as signal ethernet_one_gbe_skarab_axi_tx_one_gbe_app_tx_eof to top
DEBUG - 2026-08-22 13:39:14,407 - jasper.verilog -   Signal "ethernet_one_gbe_skarab_axi_tx_one_gbe_app_tx_eof" is new
DEBUG - 2026-08-22 13:39:14,407 - jasper.verilog -   Adding instance port gmii_tx_dest_ip as signal ethernet_one_gbe_skarab_axi_tx_one_gbe_app_tx_destip to top
DEBUG - 2026-08-22 13:39:14,407 - jasper.verilog -   Signal "ethernet_one_gbe_skarab_axi_tx_one_gbe_app_tx_destip" is new
DEBUG - 2026-08-22 13:39:14,407 - jasper.verilog -   Adding instance port gmii_tx_dest_port as signal ethernet_one_gbe_skarab_axi_tx_one_gbe_app_tx_destport to top
DEBUG - 2026-08-22 13:39:14,407 - jasper.verilog -   Signal "ethernet_one_gbe_skarab_axi_tx_one_gbe_app_tx_destport" is new
DEBUG - 2026-08-22 13:39:14,407 - jasper.verilog -   Adding instance port gmii_tx_afull as signal ethernet_one_gbe_skarab_axi_tx_one_gbe_app_tx_afull to top
DEBUG - 2026-08-22 13:39:14,407 - jasper.verilog -   Signal "ethernet_one_gbe_skarab_axi_tx_one_gbe_app_tx_afull" is new
DEBUG - 2026-08-22 13:39:14,407 - jasper.verilog -   Adding instance port gmii_tx_overflow as signal ethernet_one_gbe_skarab_axi_tx_one_gbe_app_tx_overflow to top
DEBUG - 2026-08-22 13:39:14,407 - jasper.verilog -   Signal "ethernet_one_gbe_skarab_axi_tx_one_gbe_app_tx_overflow" is new
DEBUG - 2026-08-22 13:39:14,407 - jasper.verilog -   Adding instance port gmii_rx_data as signal ethernet_one_gbe_skarab_axi_tx_one_gbe_app_rx_data to top
DEBUG - 2026-08-22 13:39:14,407 - jasper.verilog -   Signal "ethernet_one_gbe_skarab_axi_tx_one_gbe_app_rx_data" is new
DEBUG - 2026-08-22 13:39:14,407 - jasper.verilog -   Adding instance port gmii_rx_valid as signal ethernet_one_gbe_skarab_axi_tx_one_gbe_app_rx_dvld to top
DEBUG - 2026-08-22 13:39:14,407 - jasper.verilog -   Signal "ethernet_one_gbe_skarab_axi_tx_one_gbe_app_rx_dvld" is new
DEBUG - 2026-08-22 13:39:14,407 - jasper.verilog -   Adding instance port gmii_rx_end_of_frame as signal ethernet_one_gbe_skarab_axi_tx_one_gbe_app_rx_eof to top
DEBUG - 2026-08-22 13:39:14,407 - jasper.verilog -   Signal "ethernet_one_gbe_skarab_axi_tx_one_gbe_app_rx_eof" is new
DEBUG - 2026-08-22 13:39:14,407 - jasper.verilog -   Adding instance port gmii_rx_source_ip as signal ethernet_one_gbe_skarab_axi_tx_one_gbe_app_rx_srcip to top
DEBUG - 2026-08-22 13:39:14,407 - jasper.verilog -   Signal "ethernet_one_gbe_skarab_axi_tx_one_gbe_app_rx_srcip" is new
DEBUG - 2026-08-22 13:39:14,407 - jasper.verilog -   Adding instance port gmii_rx_source_port as signal ethernet_one_gbe_skarab_axi_tx_one_gbe_app_rx_srcport to top
DEBUG - 2026-08-22 13:39:14,407 - jasper.verilog -   Signal "ethernet_one_gbe_skarab_axi_tx_one_gbe_app_rx_srcport" is new
DEBUG - 2026-08-22 13:39:14,407 - jasper.verilog -   Adding instance port gmii_rx_bad_frame as signal ethernet_one_gbe_skarab_axi_tx_one_gbe_app_rx_badframe to top
DEBUG - 2026-08-22 13:39:14,407 - jasper.verilog -   Signal "ethernet_one_gbe_skarab_axi_tx_one_gbe_app_rx_badframe" is new
DEBUG - 2026-08-22 13:39:14,407 - jasper.verilog -   Adding instance port gmii_rx_overrun as signal ethernet_one_gbe_skarab_axi_tx_one_gbe_app_rx_overrun to top
DEBUG - 2026-08-22 13:39:14,407 - jasper.verilog -   Signal "ethernet_one_gbe_skarab_axi_tx_one_gbe_app_rx_overrun" is new
DEBUG - 2026-08-22 13:39:14,407 - jasper.verilog -   Adding instance port gmii_rx_ack as signal ethernet_one_gbe_skarab_axi_tx_one_gbe_app_rx_ack to top
DEBUG - 2026-08-22 13:39:14,407 - jasper.verilog -   Signal "ethernet_one_gbe_skarab_axi_tx_one_gbe_app_rx_ack" is new
DEBUG - 2026-08-22 13:39:14,407 - jasper.verilog -   Adding instance port gbe_if_present as signal gbe_if_present to top
DEBUG - 2026-08-22 13:39:14,407 - jasper.verilog -   Signal "gbe_if_present" is new
DEBUG - 2026-08-22 13:39:14,407 - jasper.verilog -   Adding instance port gbe_link_up as signal gbe_link_up to top
DEBUG - 2026-08-22 13:39:14,407 - jasper.verilog -   Signal "gbe_link_up" is new
DEBUG - 2026-08-22 13:39:14,407 - jasper.verilog -   Adding instance port gbe_phy_up as signal gbe_link_up to top
DEBUG - 2026-08-22 13:39:14,407 - jasper.verilog -   Signal "gbe_link_up" already exists
DEBUG - 2026-08-22 13:39:14,407 - jasper.verilog -   Adding instance port gmii_reset_done_o as signal gmii_reset_done to top
DEBUG - 2026-08-22 13:39:14,407 - jasper.verilog -   Signal "gmii_reset_done" is new
DEBUG - 2026-08-22 13:39:14,407 - jasper.verilog -   Adding instance port gbe_status_vector as signal gbe_status_vector to top
DEBUG - 2026-08-22 13:39:14,407 - jasper.verilog -   Signal "gbe_status_vector" is new
DEBUG - 2026-08-22 13:39:14,407 - jasper.verilog -   Adding instance port host_reset as signal host_reset_o to top
DEBUG - 2026-08-22 13:39:14,407 - jasper.verilog -   Signal "host_reset_o" is new
DEBUG - 2026-08-22 13:39:14,407 - jasper.verilog -   Adding instance port sync_gmii_fpga_rst as signal sync_gmii_fpga_rst to top
DEBUG - 2026-08-22 13:39:14,407 - jasper.verilog -   Signal "sync_gmii_fpga_rst" is new
DEBUG - 2026-08-22 13:39:14,407 - jasper.verilog -   Adding instance port ONE_GBE_RESET_N to top
DEBUG - 2026-08-22 13:39:14,407 - jasper.verilog - Attempting to add port "ONE_GBE_RESET_N" (parent sig: False, parent port: False)
DEBUG - 2026-08-22 13:39:14,407 - jasper.verilog -   Port "ONE_GBE_RESET_N" is new
DEBUG - 2026-08-22 13:39:14,407 - jasper.verilog -   Adding instance port ONE_GBE_SGMII_TX_P to top
DEBUG - 2026-08-22 13:39:14,407 - jasper.verilog - Attempting to add port "ONE_GBE_SGMII_TX_P" (parent sig: False, parent port: False)
DEBUG - 2026-08-22 13:39:14,407 - jasper.verilog -   Port "ONE_GBE_SGMII_TX_P" is new
DEBUG - 2026-08-22 13:39:14,408 - jasper.verilog -   Adding instance port ONE_GBE_SGMII_TX_N to top
DEBUG - 2026-08-22 13:39:14,408 - jasper.verilog - Attempting to add port "ONE_GBE_SGMII_TX_N" (parent sig: False, parent port: False)
DEBUG - 2026-08-22 13:39:14,408 - jasper.verilog -   Port "ONE_GBE_SGMII_TX_N" is new
DEBUG - 2026-08-22 13:39:14,408 - jasper.verilog -   Adding instance port ONE_GBE_SGMII_RX_P to top
DEBUG - 2026-08-22 13:39:14,408 - jasper.verilog - Attempting to add port "ONE_GBE_SGMII_RX_P" (parent sig: False, parent port: False)
DEBUG - 2026-08-22 13:39:14,408 - jasper.verilog -   Port "ONE_GBE_SGMII_RX_P" is new
DEBUG - 2026-08-22 13:39:14,408 - jasper.verilog -   Adding instance port ONE_GBE_SGMII_RX_N to top
DEBUG - 2026-08-22 13:39:14,408 - jasper.verilog - Attempting to add port "ONE_GBE_SGMII_RX_N" (parent sig: False, parent port: False)
DEBUG - 2026-08-22 13:39:14,408 - jasper.verilog -   Port "ONE_GBE_SGMII_RX_N" is new
DEBUG - 2026-08-22 13:39:14,408 - jasper.verilog -   Adding instance port ONE_GBE_MGTREFCLK_P to top
DEBUG - 2026-08-22 13:39:14,408 - jasper.verilog - Attempting to add port "ONE_GBE_MGTREFCLK_P" (parent sig: False, parent port: False)
DEBUG - 2026-08-22 13:39:14,408 - jasper.verilog -   Port "ONE_GBE_MGTREFCLK_P" is new
DEBUG - 2026-08-22 13:39:14,408 - jasper.verilog -   Adding instance port ONE_GBE_MGTREFCLK_N to top
DEBUG - 2026-08-22 13:39:14,408 - jasper.verilog - Attempting to add port "ONE_GBE_MGTREFCLK_N" (parent sig: False, parent port: False)
DEBUG - 2026-08-22 13:39:14,408 - jasper.verilog -   Port "ONE_GBE_MGTREFCLK_N" is new
DEBUG - 2026-08-22 13:39:14,408 - jasper.verilog - Instantiating child ports for skarab_infr
DEBUG - 2026-08-22 13:39:14,408 - jasper.verilog -   Adding instance port user_clk_o as signal sys_clk to top
DEBUG - 2026-08-22 13:39:14,408 - jasper.verilog -   Signal "sys_clk" is new
DEBUG - 2026-08-22 13:39:14,408 - jasper.verilog -   Adding instance port user_rst_o as signal sys_rst to top
DEBUG - 2026-08-22 13:39:14,408 - jasper.verilog -   Signal "sys_rst" is new
DEBUG - 2026-08-22 13:39:14,408 - jasper.verilog -   Adding instance port hmc_clk_o as signal hmc_clk to top
DEBUG - 2026-08-22 13:39:14,408 - jasper.verilog -   Signal "hmc_clk" is new
DEBUG - 2026-08-22 13:39:14,408 - jasper.verilog -   Adding instance port hmc_rst_o as signal hmc_rst to top
DEBUG - 2026-08-22 13:39:14,408 - jasper.verilog -   Signal "hmc_rst" is new
DEBUG - 2026-08-22 13:39:14,408 - jasper.verilog -   Adding instance port board_clk_o as signal board_clk to top
DEBUG - 2026-08-22 13:39:14,408 - jasper.verilog -   Signal "board_clk" is new
DEBUG - 2026-08-22 13:39:14,408 - jasper.verilog -   Adding instance port board_clk_rst_o as signal board_clk_rst to top
DEBUG - 2026-08-22 13:39:14,408 - jasper.verilog -   Signal "board_clk_rst" is new
DEBUG - 2026-08-22 13:39:14,408 - jasper.verilog -   Adding instance port qsfp_soft_reset_0 as signal qsfp_soft_reset_0 to top
DEBUG - 2026-08-22 13:39:14,408 - jasper.verilog -   Signal "qsfp_soft_reset_0" is new
DEBUG - 2026-08-22 13:39:14,408 - jasper.verilog -   Adding instance port qsfp_soft_reset_1 as signal qsfp_soft_reset_1 to top
DEBUG - 2026-08-22 13:39:14,408 - jasper.verilog -   Signal "qsfp_soft_reset_1" is new
DEBUG - 2026-08-22 13:39:14,408 - jasper.verilog -   Adding instance port qsfp_soft_reset_2 as signal qsfp_soft_reset_2 to top
DEBUG - 2026-08-22 13:39:14,408 - jasper.verilog -   Signal "qsfp_soft_reset_2" is new
DEBUG - 2026-08-22 13:39:14,408 - jasper.verilog -   Adding instance port qsfp_soft_reset_3 as signal qsfp_soft_reset_3 to top
DEBUG - 2026-08-22 13:39:14,408 - jasper.verilog -   Signal "qsfp_soft_reset_3" is new
DEBUG - 2026-08-22 13:39:14,408 - jasper.verilog -   Adding instance port GND to top
DEBUG - 2026-08-22 13:39:14,408 - jasper.verilog - Attempting to add port "GND" (parent sig: False, parent port: False)
DEBUG - 2026-08-22 13:39:14,408 - jasper.verilog -   Port "GND" is new
DEBUG - 2026-08-22 13:39:14,408 - jasper.verilog -   Adding instance port gbe_phy_up as signal gbe_link_up to top
DEBUG - 2026-08-22 13:39:14,408 - jasper.verilog -   Signal "gbe_link_up" already exists
DEBUG - 2026-08-22 13:39:14,408 - jasper.verilog -   Adding instance port fgbe_phy_rx_up_0 as signal fgbe_phy_rx_up_0 to top
DEBUG - 2026-08-22 13:39:14,408 - jasper.verilog -   Signal "fgbe_phy_rx_up_0" is new
DEBUG - 2026-08-22 13:39:14,408 - jasper.verilog -   Adding instance port fgbe_phy_rx_up_1 as signal fgbe_phy_rx_up_1 to top
DEBUG - 2026-08-22 13:39:14,408 - jasper.verilog -   Signal "fgbe_phy_rx_up_1" is new
DEBUG - 2026-08-22 13:39:14,408 - jasper.verilog -   Adding instance port fgbe_phy_rx_up_2 as signal fgbe_phy_rx_up_2 to top
DEBUG - 2026-08-22 13:39:14,408 - jasper.verilog -   Signal "fgbe_phy_rx_up_2" is new
DEBUG - 2026-08-22 13:39:14,408 - jasper.verilog -   Adding instance port fgbe_phy_rx_up_3 as signal fgbe_phy_rx_up_3 to top
DEBUG - 2026-08-22 13:39:14,408 - jasper.verilog -   Signal "fgbe_phy_rx_up_3" is new
DEBUG - 2026-08-22 13:39:14,408 - jasper.verilog -   Adding instance port gbe_status_vector as signal gbe_status_vector to top
DEBUG - 2026-08-22 13:39:14,408 - jasper.verilog -   Signal "gbe_status_vector" already exists
DEBUG - 2026-08-22 13:39:14,408 - jasper.verilog -   Adding instance port gmii_clk as signal gmii_clk to top
DEBUG - 2026-08-22 13:39:14,408 - jasper.verilog -   Signal "gmii_clk" is new
DEBUG - 2026-08-22 13:39:14,408 - jasper.verilog -   Adding instance port gmii_reset_done as signal gmii_reset_done to top
DEBUG - 2026-08-22 13:39:14,408 - jasper.verilog -   Signal "gmii_reset_done" already exists
DEBUG - 2026-08-22 13:39:14,408 - jasper.verilog -   Adding instance port sync_gmii_fpga_rst_o as signal sync_gmii_fpga_rst to top
DEBUG - 2026-08-22 13:39:14,408 - jasper.verilog -   Signal "sync_gmii_fpga_rst" already exists
DEBUG - 2026-08-22 13:39:14,408 - jasper.verilog -   Adding instance port gbe_if_present as signal gbe_if_present to top
DEBUG - 2026-08-22 13:39:14,408 - jasper.verilog -   Signal "gbe_if_present" already exists
DEBUG - 2026-08-22 13:39:14,408 - jasper.verilog -   Adding instance port fgbe_if_0_present as signal fgbe_if_0_present to top
DEBUG - 2026-08-22 13:39:14,408 - jasper.verilog -   Signal "fgbe_if_0_present" is new
DEBUG - 2026-08-22 13:39:14,408 - jasper.verilog -   Adding instance port fgbe_if_1_present as signal fgbe_if_1_present to top
DEBUG - 2026-08-22 13:39:14,408 - jasper.verilog -   Signal "fgbe_if_1_present" is new
DEBUG - 2026-08-22 13:39:14,408 - jasper.verilog -   Adding instance port fgbe_if_2_present as signal fgbe_if_2_present to top
DEBUG - 2026-08-22 13:39:14,408 - jasper.verilog -   Signal "fgbe_if_2_present" is new
DEBUG - 2026-08-22 13:39:14,408 - jasper.verilog -   Adding instance port fgbe_if_3_present as signal fgbe_if_3_present to top
DEBUG - 2026-08-22 13:39:14,408 - jasper.verilog -   Signal "fgbe_if_3_present" is new
DEBUG - 2026-08-22 13:39:14,408 - jasper.verilog -   Adding instance port xlgmii_txled_0 as signal xlgmii_txled_0 to top
DEBUG - 2026-08-22 13:39:14,408 - jasper.verilog -   Signal "xlgmii_txled_0" is new
DEBUG - 2026-08-22 13:39:14,408 - jasper.verilog -   Adding instance port xlgmii_rxled_0 as signal xlgmii_rxled_0 to top
DEBUG - 2026-08-22 13:39:14,408 - jasper.verilog -   Signal "xlgmii_rxled_0" is new
DEBUG - 2026-08-22 13:39:14,408 - jasper.verilog -   Adding instance port xlgmii_txled_1 as signal xlgmii_txled_1 to top
DEBUG - 2026-08-22 13:39:14,409 - jasper.verilog -   Signal "xlgmii_txled_1" is new
DEBUG - 2026-08-22 13:39:14,409 - jasper.verilog -   Adding instance port xlgmii_rxled_1 as signal xlgmii_rxled_1 to top
DEBUG - 2026-08-22 13:39:14,409 - jasper.verilog -   Signal "xlgmii_rxled_1" is new
DEBUG - 2026-08-22 13:39:14,409 - jasper.verilog -   Adding instance port xlgmii_txled_2 as signal xlgmii_txled_2 to top
DEBUG - 2026-08-22 13:39:14,409 - jasper.verilog -   Signal "xlgmii_txled_2" is new
DEBUG - 2026-08-22 13:39:14,409 - jasper.verilog -   Adding instance port xlgmii_rxled_2 as signal xlgmii_rxled_2 to top
DEBUG - 2026-08-22 13:39:14,409 - jasper.verilog -   Signal "xlgmii_rxled_2" is new
DEBUG - 2026-08-22 13:39:14,409 - jasper.verilog -   Adding instance port xlgmii_txled_3 as signal xlgmii_txled_3 to top
DEBUG - 2026-08-22 13:39:14,409 - jasper.verilog -   Signal "xlgmii_txled_3" is new
DEBUG - 2026-08-22 13:39:14,409 - jasper.verilog -   Adding instance port xlgmii_rxled_3 as signal xlgmii_rxled_3 to top
DEBUG - 2026-08-22 13:39:14,409 - jasper.verilog -   Signal "xlgmii_rxled_3" is new
DEBUG - 2026-08-22 13:39:14,409 - jasper.verilog -   Adding instance port FPGA_RESET_N to top
DEBUG - 2026-08-22 13:39:14,409 - jasper.verilog - Attempting to add port "FPGA_RESET_N" (parent sig: False, parent port: False)
DEBUG - 2026-08-22 13:39:14,409 - jasper.verilog -   Port "FPGA_RESET_N" is new
DEBUG - 2026-08-22 13:39:14,409 - jasper.verilog -   Adding instance port FPGA_REFCLK_BUF0_P to top
DEBUG - 2026-08-22 13:39:14,409 - jasper.verilog - Attempting to add port "FPGA_REFCLK_BUF0_P" (parent sig: False, parent port: False)
DEBUG - 2026-08-22 13:39:14,409 - jasper.verilog -   Port "FPGA_REFCLK_BUF0_P" is new
DEBUG - 2026-08-22 13:39:14,409 - jasper.verilog -   Adding instance port FPGA_REFCLK_BUF0_N to top
DEBUG - 2026-08-22 13:39:14,409 - jasper.verilog - Attempting to add port "FPGA_REFCLK_BUF0_N" (parent sig: False, parent port: False)
DEBUG - 2026-08-22 13:39:14,409 - jasper.verilog -   Port "FPGA_REFCLK_BUF0_N" is new
DEBUG - 2026-08-22 13:39:14,409 - jasper.verilog -   Adding instance port FPGA_REFCLK_BUF1_P to top
DEBUG - 2026-08-22 13:39:14,409 - jasper.verilog - Attempting to add port "FPGA_REFCLK_BUF1_P" (parent sig: False, parent port: False)
DEBUG - 2026-08-22 13:39:14,409 - jasper.verilog -   Port "FPGA_REFCLK_BUF1_P" is new
DEBUG - 2026-08-22 13:39:14,409 - jasper.verilog -   Adding instance port FPGA_REFCLK_BUF1_N to top
DEBUG - 2026-08-22 13:39:14,409 - jasper.verilog - Attempting to add port "FPGA_REFCLK_BUF1_N" (parent sig: False, parent port: False)
DEBUG - 2026-08-22 13:39:14,409 - jasper.verilog -   Port "FPGA_REFCLK_BUF1_N" is new
DEBUG - 2026-08-22 13:39:14,409 - jasper.verilog -   Adding instance port MEZZ0_SDA_IN as signal mez0_sda_out to top
DEBUG - 2026-08-22 13:39:14,409 - jasper.verilog -   Signal "mez0_sda_out" is new
DEBUG - 2026-08-22 13:39:14,409 - jasper.verilog -   Adding instance port MEZZ0_SDA_OUT as signal mez0_sda_in to top
DEBUG - 2026-08-22 13:39:14,409 - jasper.verilog -   Signal "mez0_sda_in" is new
DEBUG - 2026-08-22 13:39:14,409 - jasper.verilog -   Adding instance port MEZZ0_SCL_IN as signal mez0_scl_out to top
DEBUG - 2026-08-22 13:39:14,409 - jasper.verilog -   Signal "mez0_scl_out" is new
DEBUG - 2026-08-22 13:39:14,409 - jasper.verilog -   Adding instance port MEZZ0_SCL_OUT as signal mez0_scl_in to top
DEBUG - 2026-08-22 13:39:14,409 - jasper.verilog -   Signal "mez0_scl_in" is new
DEBUG - 2026-08-22 13:39:14,409 - jasper.verilog -   Adding instance port MEZZ0_INIT_DONE as signal mez0_init_done to top
DEBUG - 2026-08-22 13:39:14,409 - jasper.verilog -   Signal "mez0_init_done" is new
DEBUG - 2026-08-22 13:39:14,409 - jasper.verilog -   Adding instance port MEZZ0_POST_OK as signal mez0_post_ok to top
DEBUG - 2026-08-22 13:39:14,409 - jasper.verilog -   Signal "mez0_post_ok" is new
DEBUG - 2026-08-22 13:39:14,409 - jasper.verilog -   Adding instance port MEZZ0_ID as signal mez0_id to top
DEBUG - 2026-08-22 13:39:14,409 - jasper.verilog -   Signal "mez0_id" is new
DEBUG - 2026-08-22 13:39:14,409 - jasper.verilog -   Adding instance port MEZZ0_PRESENT as signal mez0_present to top
DEBUG - 2026-08-22 13:39:14,409 - jasper.verilog -   Signal "mez0_present" is new
DEBUG - 2026-08-22 13:39:14,409 - jasper.verilog -   Adding instance port MEZZ1_SDA_IN as signal mez1_sda_out to top
DEBUG - 2026-08-22 13:39:14,409 - jasper.verilog -   Signal "mez1_sda_out" is new
DEBUG - 2026-08-22 13:39:14,409 - jasper.verilog -   Adding instance port MEZZ1_SDA_OUT as signal mez1_sda_in to top
DEBUG - 2026-08-22 13:39:14,409 - jasper.verilog -   Signal "mez1_sda_in" is new
DEBUG - 2026-08-22 13:39:14,409 - jasper.verilog -   Adding instance port MEZZ1_SCL_IN as signal mez1_scl_out to top
DEBUG - 2026-08-22 13:39:14,409 - jasper.verilog -   Signal "mez1_scl_out" is new
DEBUG - 2026-08-22 13:39:14,409 - jasper.verilog -   Adding instance port MEZZ1_SCL_OUT as signal mez1_scl_in to top
DEBUG - 2026-08-22 13:39:14,409 - jasper.verilog -   Signal "mez1_scl_in" is new
DEBUG - 2026-08-22 13:39:14,409 - jasper.verilog -   Adding instance port MEZZ1_INIT_DONE as signal mez1_init_done to top
DEBUG - 2026-08-22 13:39:14,409 - jasper.verilog -   Signal "mez1_init_done" is new
DEBUG - 2026-08-22 13:39:14,409 - jasper.verilog -   Adding instance port MEZZ1_POST_OK as signal mez1_post_ok to top
DEBUG - 2026-08-22 13:39:14,409 - jasper.verilog -   Signal "mez1_post_ok" is new
DEBUG - 2026-08-22 13:39:14,409 - jasper.verilog -   Adding instance port MEZZ1_ID as signal mez1_id to top
DEBUG - 2026-08-22 13:39:14,409 - jasper.verilog -   Signal "mez1_id" is new
DEBUG - 2026-08-22 13:39:14,409 - jasper.verilog -   Adding instance port MEZZ1_PRESENT as signal mez1_present to top
DEBUG - 2026-08-22 13:39:14,409 - jasper.verilog -   Signal "mez1_present" is new
DEBUG - 2026-08-22 13:39:14,409 - jasper.verilog -   Adding instance port MEZZ2_SDA_IN as signal mez2_sda_out to top
DEBUG - 2026-08-22 13:39:14,409 - jasper.verilog -   Signal "mez2_sda_out" is new
DEBUG - 2026-08-22 13:39:14,409 - jasper.verilog -   Adding instance port MEZZ2_SDA_OUT as signal mez2_sda_in to top
DEBUG - 2026-08-22 13:39:14,409 - jasper.verilog -   Signal "mez2_sda_in" is new
DEBUG - 2026-08-22 13:39:14,409 - jasper.verilog -   Adding instance port MEZZ2_SCL_IN as signal mez2_scl_out to top
DEBUG - 2026-08-22 13:39:14,409 - jasper.verilog -   Signal "mez2_scl_out" is new
DEBUG - 2026-08-22 13:39:14,409 - jasper.verilog -   Adding instance port MEZZ2_SCL_OUT as signal mez2_scl_in to top
DEBUG - 2026-08-22 13:39:14,409 - jasper.verilog -   Signal "mez2_scl_in" is new
DEBUG - 2026-08-22 13:39:14,409 - jasper.verilog -   Adding instance port MEZZ2_INIT_DONE as signal mez2_init_done to top
DEBUG - 2026-08-22 13:39:14,409 - jasper.verilog -   Signal "mez2_init_done" is new
DEBUG - 2026-08-22 13:39:14,409 - jasper.verilog -   Adding instance port MEZZ2_POST_OK as signal mez2_post_ok to top
DEBUG - 2026-08-22 13:39:14,409 - jasper.verilog -   Signal "mez2_post_ok" is new
DEBUG - 2026-08-22 13:39:14,409 - jasper.verilog -   Adding instance port MEZZ2_ID as signal mez2_id to top
DEBUG - 2026-08-22 13:39:14,410 - jasper.verilog -   Signal "mez2_id" is new
DEBUG - 2026-08-22 13:39:14,410 - jasper.verilog -   Adding instance port MEZZ2_PRESENT as signal mez2_present to top
DEBUG - 2026-08-22 13:39:14,410 - jasper.verilog -   Signal "mez2_present" is new
DEBUG - 2026-08-22 13:39:14,410 - jasper.verilog -   Adding instance port MEZZANINE_0_PRESENT_N to top
DEBUG - 2026-08-22 13:39:14,410 - jasper.verilog - Attempting to add port "MEZZANINE_0_PRESENT_N" (parent sig: False, parent port: False)
DEBUG - 2026-08-22 13:39:14,410 - jasper.verilog -   Port "MEZZANINE_0_PRESENT_N" is new
DEBUG - 2026-08-22 13:39:14,410 - jasper.verilog -   Adding instance port MEZZANINE_0_ENABLE_N to top
DEBUG - 2026-08-22 13:39:14,410 - jasper.verilog - Attempting to add port "MEZZANINE_0_ENABLE_N" (parent sig: False, parent port: False)
DEBUG - 2026-08-22 13:39:14,410 - jasper.verilog -   Port "MEZZANINE_0_ENABLE_N" is new
DEBUG - 2026-08-22 13:39:14,410 - jasper.verilog -   Adding instance port MEZZANINE_0_FAULT_N to top
DEBUG - 2026-08-22 13:39:14,410 - jasper.verilog - Attempting to add port "MEZZANINE_0_FAULT_N" (parent sig: False, parent port: False)
DEBUG - 2026-08-22 13:39:14,410 - jasper.verilog -   Port "MEZZANINE_0_FAULT_N" is new
DEBUG - 2026-08-22 13:39:14,410 - jasper.verilog -   Adding instance port MEZZANINE_0_ONE_WIRE to top
DEBUG - 2026-08-22 13:39:14,410 - jasper.verilog - Attempting to add port "MEZZANINE_0_ONE_WIRE" (parent sig: False, parent port: False)
DEBUG - 2026-08-22 13:39:14,410 - jasper.verilog -   Port "MEZZANINE_0_ONE_WIRE" is new
DEBUG - 2026-08-22 13:39:14,410 - jasper.verilog -   Adding instance port MEZZANINE_0_SCL_FPGA to top
DEBUG - 2026-08-22 13:39:14,410 - jasper.verilog - Attempting to add port "MEZZANINE_0_SCL_FPGA" (parent sig: False, parent port: False)
DEBUG - 2026-08-22 13:39:14,410 - jasper.verilog -   Port "MEZZANINE_0_SCL_FPGA" is new
DEBUG - 2026-08-22 13:39:14,410 - jasper.verilog -   Adding instance port MEZZANINE_0_SDA_FPGA to top
DEBUG - 2026-08-22 13:39:14,410 - jasper.verilog - Attempting to add port "MEZZANINE_0_SDA_FPGA" (parent sig: False, parent port: False)
DEBUG - 2026-08-22 13:39:14,410 - jasper.verilog -   Port "MEZZANINE_0_SDA_FPGA" is new
DEBUG - 2026-08-22 13:39:14,410 - jasper.verilog -   Adding instance port MEZZANINE_0_INT_N to top
DEBUG - 2026-08-22 13:39:14,410 - jasper.verilog - Attempting to add port "MEZZANINE_0_INT_N" (parent sig: False, parent port: False)
DEBUG - 2026-08-22 13:39:14,410 - jasper.verilog -   Port "MEZZANINE_0_INT_N" is new
DEBUG - 2026-08-22 13:39:14,410 - jasper.verilog -   Adding instance port MEZZANINE_0_ONE_WIRE_STRONG_PULLUP_EN_N to top
DEBUG - 2026-08-22 13:39:14,410 - jasper.verilog - Attempting to add port "MEZZANINE_0_ONE_WIRE_STRONG_PULLUP_EN_N" (parent sig: False, parent port: False)
DEBUG - 2026-08-22 13:39:14,410 - jasper.verilog -   Port "MEZZANINE_0_ONE_WIRE_STRONG_PULLUP_EN_N" is new
DEBUG - 2026-08-22 13:39:14,410 - jasper.verilog -   Adding instance port MEZZANINE_1_PRESENT_N to top
DEBUG - 2026-08-22 13:39:14,410 - jasper.verilog - Attempting to add port "MEZZANINE_1_PRESENT_N" (parent sig: False, parent port: False)
DEBUG - 2026-08-22 13:39:14,410 - jasper.verilog -   Port "MEZZANINE_1_PRESENT_N" is new
DEBUG - 2026-08-22 13:39:14,410 - jasper.verilog -   Adding instance port MEZZANINE_1_ENABLE_N to top
DEBUG - 2026-08-22 13:39:14,410 - jasper.verilog - Attempting to add port "MEZZANINE_1_ENABLE_N" (parent sig: False, parent port: False)
DEBUG - 2026-08-22 13:39:14,410 - jasper.verilog -   Port "MEZZANINE_1_ENABLE_N" is new
DEBUG - 2026-08-22 13:39:14,410 - jasper.verilog -   Adding instance port MEZZANINE_1_FAULT_N to top
DEBUG - 2026-08-22 13:39:14,410 - jasper.verilog - Attempting to add port "MEZZANINE_1_FAULT_N" (parent sig: False, parent port: False)
DEBUG - 2026-08-22 13:39:14,410 - jasper.verilog -   Port "MEZZANINE_1_FAULT_N" is new
DEBUG - 2026-08-22 13:39:14,410 - jasper.verilog -   Adding instance port MEZZANINE_1_ONE_WIRE to top
DEBUG - 2026-08-22 13:39:14,410 - jasper.verilog - Attempting to add port "MEZZANINE_1_ONE_WIRE" (parent sig: False, parent port: False)
DEBUG - 2026-08-22 13:39:14,410 - jasper.verilog -   Port "MEZZANINE_1_ONE_WIRE" is new
DEBUG - 2026-08-22 13:39:14,410 - jasper.verilog -   Adding instance port MEZZANINE_1_SCL_FPGA to top
DEBUG - 2026-08-22 13:39:14,410 - jasper.verilog - Attempting to add port "MEZZANINE_1_SCL_FPGA" (parent sig: False, parent port: False)
DEBUG - 2026-08-22 13:39:14,410 - jasper.verilog -   Port "MEZZANINE_1_SCL_FPGA" is new
DEBUG - 2026-08-22 13:39:14,410 - jasper.verilog -   Adding instance port MEZZANINE_1_SDA_FPGA to top
DEBUG - 2026-08-22 13:39:14,410 - jasper.verilog - Attempting to add port "MEZZANINE_1_SDA_FPGA" (parent sig: False, parent port: False)
DEBUG - 2026-08-22 13:39:14,410 - jasper.verilog -   Port "MEZZANINE_1_SDA_FPGA" is new
DEBUG - 2026-08-22 13:39:14,410 - jasper.verilog -   Adding instance port MEZZANINE_1_INT_N to top
DEBUG - 2026-08-22 13:39:14,410 - jasper.verilog - Attempting to add port "MEZZANINE_1_INT_N" (parent sig: False, parent port: False)
DEBUG - 2026-08-22 13:39:14,410 - jasper.verilog -   Port "MEZZANINE_1_INT_N" is new
DEBUG - 2026-08-22 13:39:14,410 - jasper.verilog -   Adding instance port MEZZANINE_1_ONE_WIRE_STRONG_PULLUP_EN_N to top
DEBUG - 2026-08-22 13:39:14,410 - jasper.verilog - Attempting to add port "MEZZANINE_1_ONE_WIRE_STRONG_PULLUP_EN_N" (parent sig: False, parent port: False)
DEBUG - 2026-08-22 13:39:14,410 - jasper.verilog -   Port "MEZZANINE_1_ONE_WIRE_STRONG_PULLUP_EN_N" is new
DEBUG - 2026-08-22 13:39:14,410 - jasper.verilog -   Adding instance port MEZZANINE_2_PRESENT_N to top
DEBUG - 2026-08-22 13:39:14,410 - jasper.verilog - Attempting to add port "MEZZANINE_2_PRESENT_N" (parent sig: False, parent port: False)
DEBUG - 2026-08-22 13:39:14,410 - jasper.verilog -   Port "MEZZANINE_2_PRESENT_N" is new
DEBUG - 2026-08-22 13:39:14,410 - jasper.verilog -   Adding instance port MEZZANINE_2_ENABLE_N to top
DEBUG - 2026-08-22 13:39:14,410 - jasper.verilog - Attempting to add port "MEZZANINE_2_ENABLE_N" (parent sig: False, parent port: False)
DEBUG - 2026-08-22 13:39:14,410 - jasper.verilog -   Port "MEZZANINE_2_ENABLE_N" is new
DEBUG - 2026-08-22 13:39:14,410 - jasper.verilog -   Adding instance port MEZZANINE_2_FAULT_N to top
DEBUG - 2026-08-22 13:39:14,410 - jasper.verilog - Attempting to add port "MEZZANINE_2_FAULT_N" (parent sig: False, parent port: False)
DEBUG - 2026-08-22 13:39:14,410 - jasper.verilog -   Port "MEZZANINE_2_FAULT_N" is new
DEBUG - 2026-08-22 13:39:14,410 - jasper.verilog -   Adding instance port MEZZANINE_2_ONE_WIRE to top
DEBUG - 2026-08-22 13:39:14,410 - jasper.verilog - Attempting to add port "MEZZANINE_2_ONE_WIRE" (parent sig: False, parent port: False)
DEBUG - 2026-08-22 13:39:14,410 - jasper.verilog -   Port "MEZZANINE_2_ONE_WIRE" is new
DEBUG - 2026-08-22 13:39:14,410 - jasper.verilog -   Adding instance port MEZZANINE_2_SCL_FPGA to top
DEBUG - 2026-08-22 13:39:14,410 - jasper.verilog - Attempting to add port "MEZZANINE_2_SCL_FPGA" (parent sig: False, parent port: False)
DEBUG - 2026-08-22 13:39:14,410 - jasper.verilog -   Port "MEZZANINE_2_SCL_FPGA" is new
DEBUG - 2026-08-22 13:39:14,410 - jasper.verilog -   Adding instance port MEZZANINE_2_SDA_FPGA to top
DEBUG - 2026-08-22 13:39:14,410 - jasper.verilog - Attempting to add port "MEZZANINE_2_SDA_FPGA" (parent sig: False, parent port: False)
DEBUG - 2026-08-22 13:39:14,410 - jasper.verilog -   Port "MEZZANINE_2_SDA_FPGA" is new
DEBUG - 2026-08-22 13:39:14,410 - jasper.verilog -   Adding instance port MEZZANINE_2_INT_N to top
DEBUG - 2026-08-22 13:39:14,410 - jasper.verilog - Attempting to add port "MEZZANINE_2_INT_N" (parent sig: False, parent port: False)
DEBUG - 2026-08-22 13:39:14,410 - jasper.verilog -   Port "MEZZANINE_2_INT_N" is new
DEBUG - 2026-08-22 13:39:14,410 - jasper.verilog -   Adding instance port MEZZANINE_2_ONE_WIRE_STRONG_PULLUP_EN_N to top
DEBUG - 2026-08-22 13:39:14,410 - jasper.verilog - Attempting to add port "MEZZANINE_2_ONE_WIRE_STRONG_PULLUP_EN_N" (parent sig: False, parent port: False)
DEBUG - 2026-08-22 13:39:14,410 - jasper.verilog -   Port "MEZZANINE_2_ONE_WIRE_STRONG_PULLUP_EN_N" is new
DEBUG - 2026-08-22 13:39:14,410 - jasper.verilog -   Adding instance port MEZZANINE_3_PRESENT_N to top
DEBUG - 2026-08-22 13:39:14,410 - jasper.verilog - Attempting to add port "MEZZANINE_3_PRESENT_N" (parent sig: False, parent port: False)
DEBUG - 2026-08-22 13:39:14,410 - jasper.verilog -   Port "MEZZANINE_3_PRESENT_N" is new
DEBUG - 2026-08-22 13:39:14,410 - jasper.verilog -   Adding instance port MEZZANINE_3_ENABLE_N to top
DEBUG - 2026-08-22 13:39:14,411 - jasper.verilog - Attempting to add port "MEZZANINE_3_ENABLE_N" (parent sig: False, parent port: False)
DEBUG - 2026-08-22 13:39:14,411 - jasper.verilog -   Port "MEZZANINE_3_ENABLE_N" is new
DEBUG - 2026-08-22 13:39:14,411 - jasper.verilog -   Adding instance port MEZZANINE_3_RESET to top
DEBUG - 2026-08-22 13:39:14,411 - jasper.verilog - Attempting to add port "MEZZANINE_3_RESET" (parent sig: False, parent port: False)
DEBUG - 2026-08-22 13:39:14,411 - jasper.verilog -   Port "MEZZANINE_3_RESET" is new
DEBUG - 2026-08-22 13:39:14,411 - jasper.verilog -   Adding instance port MEZZANINE_3_FAULT_N to top
DEBUG - 2026-08-22 13:39:14,411 - jasper.verilog - Attempting to add port "MEZZANINE_3_FAULT_N" (parent sig: False, parent port: False)
DEBUG - 2026-08-22 13:39:14,411 - jasper.verilog -   Port "MEZZANINE_3_FAULT_N" is new
DEBUG - 2026-08-22 13:39:14,411 - jasper.verilog -   Adding instance port MEZZANINE_3_ONE_WIRE to top
DEBUG - 2026-08-22 13:39:14,411 - jasper.verilog - Attempting to add port "MEZZANINE_3_ONE_WIRE" (parent sig: False, parent port: False)
DEBUG - 2026-08-22 13:39:14,411 - jasper.verilog -   Port "MEZZANINE_3_ONE_WIRE" is new
DEBUG - 2026-08-22 13:39:14,411 - jasper.verilog -   Adding instance port MEZZANINE_3_CLK_SEL to top
DEBUG - 2026-08-22 13:39:14,411 - jasper.verilog - Attempting to add port "MEZZANINE_3_CLK_SEL" (parent sig: False, parent port: False)
DEBUG - 2026-08-22 13:39:14,411 - jasper.verilog -   Port "MEZZANINE_3_CLK_SEL" is new
DEBUG - 2026-08-22 13:39:14,411 - jasper.verilog -   Adding instance port MEZZANINE_3_SCL_FPGA to top
DEBUG - 2026-08-22 13:39:14,411 - jasper.verilog - Attempting to add port "MEZZANINE_3_SCL_FPGA" (parent sig: False, parent port: False)
DEBUG - 2026-08-22 13:39:14,411 - jasper.verilog -   Port "MEZZANINE_3_SCL_FPGA" is new
DEBUG - 2026-08-22 13:39:14,411 - jasper.verilog -   Adding instance port MEZZANINE_3_SDA_FPGA to top
DEBUG - 2026-08-22 13:39:14,411 - jasper.verilog - Attempting to add port "MEZZANINE_3_SDA_FPGA" (parent sig: False, parent port: False)
DEBUG - 2026-08-22 13:39:14,411 - jasper.verilog -   Port "MEZZANINE_3_SDA_FPGA" is new
DEBUG - 2026-08-22 13:39:14,411 - jasper.verilog -   Adding instance port MEZZANINE_3_INT_N to top
DEBUG - 2026-08-22 13:39:14,411 - jasper.verilog - Attempting to add port "MEZZANINE_3_INT_N" (parent sig: False, parent port: False)
DEBUG - 2026-08-22 13:39:14,411 - jasper.verilog -   Port "MEZZANINE_3_INT_N" is new
DEBUG - 2026-08-22 13:39:14,411 - jasper.verilog -   Adding instance port MEZZANINE_3_ONE_WIRE_STRONG_PULLUP_EN_N to top
DEBUG - 2026-08-22 13:39:14,411 - jasper.verilog - Attempting to add port "MEZZANINE_3_ONE_WIRE_STRONG_PULLUP_EN_N" (parent sig: False, parent port: False)
DEBUG - 2026-08-22 13:39:14,411 - jasper.verilog -   Port "MEZZANINE_3_ONE_WIRE_STRONG_PULLUP_EN_N" is new
DEBUG - 2026-08-22 13:39:14,411 - jasper.verilog -   Adding instance port ONE_GBE_LINK to top
DEBUG - 2026-08-22 13:39:14,411 - jasper.verilog - Attempting to add port "ONE_GBE_LINK" (parent sig: False, parent port: False)
DEBUG - 2026-08-22 13:39:14,411 - jasper.verilog -   Port "ONE_GBE_LINK" is new
DEBUG - 2026-08-22 13:39:14,411 - jasper.verilog -   Adding instance port GBE_INT_N to top
DEBUG - 2026-08-22 13:39:14,411 - jasper.verilog - Attempting to add port "ONE_GBE_INT_N" (parent sig: False, parent port: False)
DEBUG - 2026-08-22 13:39:14,411 - jasper.verilog -   Port "ONE_GBE_INT_N" is new
DEBUG - 2026-08-22 13:39:14,411 - jasper.verilog -   Adding instance port ONE_WIRE_EEPROM to top
DEBUG - 2026-08-22 13:39:14,411 - jasper.verilog - Attempting to add port "ONE_WIRE_EEPROM" (parent sig: False, parent port: False)
DEBUG - 2026-08-22 13:39:14,411 - jasper.verilog -   Port "ONE_WIRE_EEPROM" is new
DEBUG - 2026-08-22 13:39:14,411 - jasper.verilog -   Adding instance port ONE_WIRE_EEPROM_STRONG_PULLUP_EN_N to top
DEBUG - 2026-08-22 13:39:14,411 - jasper.verilog - Attempting to add port "ONE_WIRE_EEPROM_STRONG_PULLUP_EN_N" (parent sig: False, parent port: False)
DEBUG - 2026-08-22 13:39:14,411 - jasper.verilog -   Port "ONE_WIRE_EEPROM_STRONG_PULLUP_EN_N" is new
DEBUG - 2026-08-22 13:39:14,411 - jasper.verilog -   Adding instance port I2C_SCL_FPGA to top
DEBUG - 2026-08-22 13:39:14,411 - jasper.verilog - Attempting to add port "I2C_SCL_FPGA" (parent sig: False, parent port: False)
DEBUG - 2026-08-22 13:39:14,411 - jasper.verilog -   Port "I2C_SCL_FPGA" is new
DEBUG - 2026-08-22 13:39:14,411 - jasper.verilog -   Adding instance port I2C_SDA_FPGA to top
DEBUG - 2026-08-22 13:39:14,411 - jasper.verilog - Attempting to add port "I2C_SDA_FPGA" (parent sig: False, parent port: False)
DEBUG - 2026-08-22 13:39:14,411 - jasper.verilog -   Port "I2C_SDA_FPGA" is new
DEBUG - 2026-08-22 13:39:14,411 - jasper.verilog -   Adding instance port I2C_RESET_FPGA to top
DEBUG - 2026-08-22 13:39:14,411 - jasper.verilog - Attempting to add port "I2C_RESET_FPGA" (parent sig: False, parent port: False)
DEBUG - 2026-08-22 13:39:14,411 - jasper.verilog -   Port "I2C_RESET_FPGA" is new
DEBUG - 2026-08-22 13:39:14,411 - jasper.verilog -   Adding instance port FAN_CONT_RST_N to top
DEBUG - 2026-08-22 13:39:14,411 - jasper.verilog - Attempting to add port "FAN_CONT_RST_N" (parent sig: False, parent port: False)
DEBUG - 2026-08-22 13:39:14,411 - jasper.verilog -   Port "FAN_CONT_RST_N" is new
DEBUG - 2026-08-22 13:39:14,411 - jasper.verilog -   Adding instance port FAN_CONT_ALERT_N to top
DEBUG - 2026-08-22 13:39:14,411 - jasper.verilog - Attempting to add port "FAN_CONT_ALERT_N" (parent sig: False, parent port: False)
DEBUG - 2026-08-22 13:39:14,411 - jasper.verilog -   Port "FAN_CONT_ALERT_N" is new
DEBUG - 2026-08-22 13:39:14,411 - jasper.verilog -   Adding instance port FAN_CONT_FAULT_N to top
DEBUG - 2026-08-22 13:39:14,411 - jasper.verilog - Attempting to add port "FAN_CONT_FAULT_N" (parent sig: False, parent port: False)
DEBUG - 2026-08-22 13:39:14,411 - jasper.verilog -   Port "FAN_CONT_FAULT_N" is new
DEBUG - 2026-08-22 13:39:14,411 - jasper.verilog -   Adding instance port MONITOR_ALERT_N to top
DEBUG - 2026-08-22 13:39:14,411 - jasper.verilog - Attempting to add port "MONITOR_ALERT_N" (parent sig: False, parent port: False)
DEBUG - 2026-08-22 13:39:14,411 - jasper.verilog -   Port "MONITOR_ALERT_N" is new
DEBUG - 2026-08-22 13:39:14,411 - jasper.verilog -   Adding instance port MEZZANINE_COMBINED_FAULT to top
DEBUG - 2026-08-22 13:39:14,411 - jasper.verilog - Attempting to add port "MEZZANINE_COMBINED_FAULT" (parent sig: False, parent port: False)
DEBUG - 2026-08-22 13:39:14,411 - jasper.verilog -   Port "MEZZANINE_COMBINED_FAULT" is new
DEBUG - 2026-08-22 13:39:14,411 - jasper.verilog -   Adding instance port FPGA_ATX_PSU_KILL to top
DEBUG - 2026-08-22 13:39:14,411 - jasper.verilog - Attempting to add port "FPGA_ATX_PSU_KILL" (parent sig: False, parent port: False)
DEBUG - 2026-08-22 13:39:14,411 - jasper.verilog -   Port "FPGA_ATX_PSU_KILL" is new
DEBUG - 2026-08-22 13:39:14,411 - jasper.verilog -   Adding instance port USB_FPGA to top
DEBUG - 2026-08-22 13:39:14,411 - jasper.verilog - Attempting to add port "USB_FPGA" (parent sig: False, parent port: False)
DEBUG - 2026-08-22 13:39:14,411 - jasper.verilog -   Port "USB_FPGA" is new
DEBUG - 2026-08-22 13:39:14,411 - jasper.verilog -   Adding instance port USB_I2C_CTRL to top
DEBUG - 2026-08-22 13:39:14,411 - jasper.verilog - Attempting to add port "USB_I2C_CTRL" (parent sig: False, parent port: False)
DEBUG - 2026-08-22 13:39:14,411 - jasper.verilog -   Port "USB_I2C_CTRL" is new
DEBUG - 2026-08-22 13:39:14,411 - jasper.verilog -   Adding instance port USB_UART_RXD to top
DEBUG - 2026-08-22 13:39:14,411 - jasper.verilog - Attempting to add port "USB_UART_RXD" (parent sig: False, parent port: False)
DEBUG - 2026-08-22 13:39:14,411 - jasper.verilog -   Port "USB_UART_RXD" is new
DEBUG - 2026-08-22 13:39:14,411 - jasper.verilog -   Adding instance port USB_UART_TXD to top
DEBUG - 2026-08-22 13:39:14,412 - jasper.verilog - Attempting to add port "USB_UART_TXD" (parent sig: False, parent port: False)
DEBUG - 2026-08-22 13:39:14,412 - jasper.verilog -   Port "USB_UART_TXD" is new
DEBUG - 2026-08-22 13:39:14,412 - jasper.verilog -   Adding instance port PCIE_RST_N to top
DEBUG - 2026-08-22 13:39:14,412 - jasper.verilog - Attempting to add port "PCIE_RST_N" (parent sig: False, parent port: False)
DEBUG - 2026-08-22 13:39:14,412 - jasper.verilog -   Port "PCIE_RST_N" is new
DEBUG - 2026-08-22 13:39:14,412 - jasper.verilog -   Adding instance port CPU_PWR_BTN_N to top
DEBUG - 2026-08-22 13:39:14,412 - jasper.verilog - Attempting to add port "CPU_PWR_BTN_N" (parent sig: False, parent port: False)
DEBUG - 2026-08-22 13:39:14,412 - jasper.verilog -   Port "CPU_PWR_BTN_N" is new
DEBUG - 2026-08-22 13:39:14,412 - jasper.verilog -   Adding instance port CPU_PWR_OK to top
DEBUG - 2026-08-22 13:39:14,412 - jasper.verilog - Attempting to add port "CPU_PWR_OK" (parent sig: False, parent port: False)
DEBUG - 2026-08-22 13:39:14,412 - jasper.verilog -   Port "CPU_PWR_OK" is new
DEBUG - 2026-08-22 13:39:14,412 - jasper.verilog -   Adding instance port CPU_SYS_RESET_N to top
DEBUG - 2026-08-22 13:39:14,412 - jasper.verilog - Attempting to add port "CPU_SYS_RESET_N" (parent sig: False, parent port: False)
DEBUG - 2026-08-22 13:39:14,412 - jasper.verilog -   Port "CPU_SYS_RESET_N" is new
DEBUG - 2026-08-22 13:39:14,412 - jasper.verilog -   Adding instance port CPU_SUS_S3_N to top
DEBUG - 2026-08-22 13:39:14,412 - jasper.verilog - Attempting to add port "CPU_SUS_S3_N" (parent sig: False, parent port: False)
DEBUG - 2026-08-22 13:39:14,412 - jasper.verilog -   Port "CPU_SUS_S3_N" is new
DEBUG - 2026-08-22 13:39:14,412 - jasper.verilog -   Adding instance port CPU_SUS_S4_N to top
DEBUG - 2026-08-22 13:39:14,412 - jasper.verilog - Attempting to add port "CPU_SUS_S4_N" (parent sig: False, parent port: False)
DEBUG - 2026-08-22 13:39:14,412 - jasper.verilog -   Port "CPU_SUS_S4_N" is new
DEBUG - 2026-08-22 13:39:14,412 - jasper.verilog -   Adding instance port CPU_SUS_S5_N to top
DEBUG - 2026-08-22 13:39:14,412 - jasper.verilog - Attempting to add port "CPU_SUS_S5_N" (parent sig: False, parent port: False)
DEBUG - 2026-08-22 13:39:14,412 - jasper.verilog -   Port "CPU_SUS_S5_N" is new
DEBUG - 2026-08-22 13:39:14,412 - jasper.verilog -   Adding instance port CPU_SUS_STAT_N to top
DEBUG - 2026-08-22 13:39:14,412 - jasper.verilog - Attempting to add port "CPU_SUS_STAT_N" (parent sig: False, parent port: False)
DEBUG - 2026-08-22 13:39:14,412 - jasper.verilog -   Port "CPU_SUS_STAT_N" is new
DEBUG - 2026-08-22 13:39:14,412 - jasper.verilog -   Adding instance port EMCCLK to top
DEBUG - 2026-08-22 13:39:14,412 - jasper.verilog - Attempting to add port "EMCCLK" (parent sig: False, parent port: False)
DEBUG - 2026-08-22 13:39:14,412 - jasper.verilog -   Port "EMCCLK" is new
DEBUG - 2026-08-22 13:39:14,412 - jasper.verilog -   Adding instance port FPGA_EMCCLK2 to top
DEBUG - 2026-08-22 13:39:14,412 - jasper.verilog - Attempting to add port "FPGA_EMCCLK2" (parent sig: False, parent port: False)
DEBUG - 2026-08-22 13:39:14,412 - jasper.verilog -   Port "FPGA_EMCCLK2" is new
DEBUG - 2026-08-22 13:39:14,412 - jasper.verilog -   Adding instance port FLASH_DQ to top
DEBUG - 2026-08-22 13:39:14,412 - jasper.verilog - Attempting to add port "FLASH_DQ" (parent sig: False, parent port: False)
DEBUG - 2026-08-22 13:39:14,412 - jasper.verilog -   Port "FLASH_DQ" is new
DEBUG - 2026-08-22 13:39:14,412 - jasper.verilog -   Adding instance port FLASH_A to top
DEBUG - 2026-08-22 13:39:14,412 - jasper.verilog - Attempting to add port "FLASH_A" (parent sig: False, parent port: False)
DEBUG - 2026-08-22 13:39:14,412 - jasper.verilog -   Port "FLASH_A" is new
DEBUG - 2026-08-22 13:39:14,412 - jasper.verilog -   Adding instance port FLASH_CS_N to top
DEBUG - 2026-08-22 13:39:14,412 - jasper.verilog - Attempting to add port "FLASH_CS_N" (parent sig: False, parent port: False)
DEBUG - 2026-08-22 13:39:14,412 - jasper.verilog -   Port "FLASH_CS_N" is new
DEBUG - 2026-08-22 13:39:14,412 - jasper.verilog -   Adding instance port FLASH_OE_N to top
DEBUG - 2026-08-22 13:39:14,412 - jasper.verilog - Attempting to add port "FLASH_OE_N" (parent sig: False, parent port: False)
DEBUG - 2026-08-22 13:39:14,412 - jasper.verilog -   Port "FLASH_OE_N" is new
DEBUG - 2026-08-22 13:39:14,412 - jasper.verilog -   Adding instance port FLASH_WE_N to top
DEBUG - 2026-08-22 13:39:14,412 - jasper.verilog - Attempting to add port "FLASH_WE_N" (parent sig: False, parent port: False)
DEBUG - 2026-08-22 13:39:14,412 - jasper.verilog -   Port "FLASH_WE_N" is new
DEBUG - 2026-08-22 13:39:14,412 - jasper.verilog -   Adding instance port FLASH_ADV_N to top
DEBUG - 2026-08-22 13:39:14,412 - jasper.verilog - Attempting to add port "FLASH_ADV_N" (parent sig: False, parent port: False)
DEBUG - 2026-08-22 13:39:14,412 - jasper.verilog -   Port "FLASH_ADV_N" is new
DEBUG - 2026-08-22 13:39:14,412 - jasper.verilog -   Adding instance port FLASH_RS0 to top
DEBUG - 2026-08-22 13:39:14,412 - jasper.verilog - Attempting to add port "FLASH_RS0" (parent sig: False, parent port: False)
DEBUG - 2026-08-22 13:39:14,412 - jasper.verilog -   Port "FLASH_RS0" is new
DEBUG - 2026-08-22 13:39:14,412 - jasper.verilog -   Adding instance port FLASH_RS1 to top
DEBUG - 2026-08-22 13:39:14,412 - jasper.verilog - Attempting to add port "FLASH_RS1" (parent sig: False, parent port: False)
DEBUG - 2026-08-22 13:39:14,412 - jasper.verilog -   Port "FLASH_RS1" is new
DEBUG - 2026-08-22 13:39:14,412 - jasper.verilog -   Adding instance port FLASH_WAIT to top
DEBUG - 2026-08-22 13:39:14,412 - jasper.verilog - Attempting to add port "FLASH_WAIT" (parent sig: False, parent port: False)
DEBUG - 2026-08-22 13:39:14,412 - jasper.verilog -   Port "FLASH_WAIT" is new
DEBUG - 2026-08-22 13:39:14,412 - jasper.verilog -   Adding instance port SPARTAN_CLK to top
DEBUG - 2026-08-22 13:39:14,412 - jasper.verilog - Attempting to add port "SPARTAN_CLK" (parent sig: False, parent port: False)
DEBUG - 2026-08-22 13:39:14,412 - jasper.verilog -   Port "SPARTAN_CLK" is new
DEBUG - 2026-08-22 13:39:14,412 - jasper.verilog -   Adding instance port CONFIG_IO_0 to top
DEBUG - 2026-08-22 13:39:14,412 - jasper.verilog - Attempting to add port "CONFIG_IO_0" (parent sig: False, parent port: False)
DEBUG - 2026-08-22 13:39:14,412 - jasper.verilog -   Port "CONFIG_IO_0" is new
DEBUG - 2026-08-22 13:39:14,412 - jasper.verilog -   Adding instance port CONFIG_IO_1 to top
DEBUG - 2026-08-22 13:39:14,412 - jasper.verilog - Attempting to add port "CONFIG_IO_1" (parent sig: False, parent port: False)
DEBUG - 2026-08-22 13:39:14,412 - jasper.verilog -   Port "CONFIG_IO_1" is new
DEBUG - 2026-08-22 13:39:14,412 - jasper.verilog -   Adding instance port CONFIG_IO_2 to top
DEBUG - 2026-08-22 13:39:14,412 - jasper.verilog - Attempting to add port "CONFIG_IO_2" (parent sig: False, parent port: False)
DEBUG - 2026-08-22 13:39:14,412 - jasper.verilog -   Port "CONFIG_IO_2" is new
DEBUG - 2026-08-22 13:39:14,412 - jasper.verilog -   Adding instance port CONFIG_IO_3 to top
DEBUG - 2026-08-22 13:39:14,412 - jasper.verilog - Attempting to add port "CONFIG_IO_3" (parent sig: False, parent port: False)
DEBUG - 2026-08-22 13:39:14,412 - jasper.verilog -   Port "CONFIG_IO_3" is new
DEBUG - 2026-08-22 13:39:14,413 - jasper.verilog -   Adding instance port CONFIG_IO_4 to top
DEBUG - 2026-08-22 13:39:14,413 - jasper.verilog - Attempting to add port "CONFIG_IO_4" (parent sig: False, parent port: False)
DEBUG - 2026-08-22 13:39:14,413 - jasper.verilog -   Port "CONFIG_IO_4" is new
DEBUG - 2026-08-22 13:39:14,413 - jasper.verilog -   Adding instance port CONFIG_IO_5 to top
DEBUG - 2026-08-22 13:39:14,413 - jasper.verilog - Attempting to add port "CONFIG_IO_5" (parent sig: False, parent port: False)
DEBUG - 2026-08-22 13:39:14,413 - jasper.verilog -   Port "CONFIG_IO_5" is new
DEBUG - 2026-08-22 13:39:14,413 - jasper.verilog -   Adding instance port CONFIG_IO_6 to top
DEBUG - 2026-08-22 13:39:14,413 - jasper.verilog - Attempting to add port "CONFIG_IO_6" (parent sig: False, parent port: False)
DEBUG - 2026-08-22 13:39:14,413 - jasper.verilog -   Port "CONFIG_IO_6" is new
DEBUG - 2026-08-22 13:39:14,413 - jasper.verilog -   Adding instance port CONFIG_IO_7 to top
DEBUG - 2026-08-22 13:39:14,413 - jasper.verilog - Attempting to add port "CONFIG_IO_7" (parent sig: False, parent port: False)
DEBUG - 2026-08-22 13:39:14,413 - jasper.verilog -   Port "CONFIG_IO_7" is new
DEBUG - 2026-08-22 13:39:14,413 - jasper.verilog -   Adding instance port CONFIG_IO_8 to top
DEBUG - 2026-08-22 13:39:14,413 - jasper.verilog - Attempting to add port "CONFIG_IO_8" (parent sig: False, parent port: False)
DEBUG - 2026-08-22 13:39:14,413 - jasper.verilog -   Port "CONFIG_IO_8" is new
DEBUG - 2026-08-22 13:39:14,413 - jasper.verilog -   Adding instance port CONFIG_IO_9 to top
DEBUG - 2026-08-22 13:39:14,413 - jasper.verilog - Attempting to add port "CONFIG_IO_9" (parent sig: False, parent port: False)
DEBUG - 2026-08-22 13:39:14,413 - jasper.verilog -   Port "CONFIG_IO_9" is new
DEBUG - 2026-08-22 13:39:14,413 - jasper.verilog -   Adding instance port CONFIG_IO_10 to top
DEBUG - 2026-08-22 13:39:14,413 - jasper.verilog - Attempting to add port "CONFIG_IO_10" (parent sig: False, parent port: False)
DEBUG - 2026-08-22 13:39:14,413 - jasper.verilog -   Port "CONFIG_IO_10" is new
DEBUG - 2026-08-22 13:39:14,413 - jasper.verilog -   Adding instance port CONFIG_IO_11 to top
DEBUG - 2026-08-22 13:39:14,413 - jasper.verilog - Attempting to add port "CONFIG_IO_11" (parent sig: False, parent port: False)
DEBUG - 2026-08-22 13:39:14,413 - jasper.verilog -   Port "CONFIG_IO_11" is new
DEBUG - 2026-08-22 13:39:14,413 - jasper.verilog -   Adding instance port SPI_MISO to top
DEBUG - 2026-08-22 13:39:14,413 - jasper.verilog - Attempting to add port "SPI_MISO" (parent sig: False, parent port: False)
DEBUG - 2026-08-22 13:39:14,413 - jasper.verilog -   Port "SPI_MISO" is new
DEBUG - 2026-08-22 13:39:14,413 - jasper.verilog -   Adding instance port SPI_MOSI to top
DEBUG - 2026-08-22 13:39:14,413 - jasper.verilog - Attempting to add port "SPI_MOSI" (parent sig: False, parent port: False)
DEBUG - 2026-08-22 13:39:14,413 - jasper.verilog -   Port "SPI_MOSI" is new
DEBUG - 2026-08-22 13:39:14,413 - jasper.verilog -   Adding instance port SPI_CSB to top
DEBUG - 2026-08-22 13:39:14,413 - jasper.verilog - Attempting to add port "SPI_CSB" (parent sig: False, parent port: False)
DEBUG - 2026-08-22 13:39:14,413 - jasper.verilog -   Port "SPI_CSB" is new
DEBUG - 2026-08-22 13:39:14,413 - jasper.verilog -   Adding instance port SPI_CLK to top
DEBUG - 2026-08-22 13:39:14,413 - jasper.verilog - Attempting to add port "SPI_CLK" (parent sig: False, parent port: False)
DEBUG - 2026-08-22 13:39:14,413 - jasper.verilog -   Port "SPI_CLK" is new
DEBUG - 2026-08-22 13:39:14,413 - jasper.verilog -   Adding instance port DEBUG_UART_TX to top
DEBUG - 2026-08-22 13:39:14,413 - jasper.verilog - Attempting to add port "DEBUG_UART_TX" (parent sig: False, parent port: False)
DEBUG - 2026-08-22 13:39:14,413 - jasper.verilog -   Port "DEBUG_UART_TX" is new
DEBUG - 2026-08-22 13:39:14,413 - jasper.verilog -   Adding instance port DEBUG_UART_RX to top
DEBUG - 2026-08-22 13:39:14,413 - jasper.verilog - Attempting to add port "DEBUG_UART_RX" (parent sig: False, parent port: False)
DEBUG - 2026-08-22 13:39:14,413 - jasper.verilog -   Port "DEBUG_UART_RX" is new
DEBUG - 2026-08-22 13:39:14,413 - jasper.verilog -   Adding instance port EMCCLK_FIX to top
DEBUG - 2026-08-22 13:39:14,413 - jasper.verilog - Attempting to add port "EMCCLK_FIX" (parent sig: False, parent port: False)
DEBUG - 2026-08-22 13:39:14,413 - jasper.verilog -   Port "EMCCLK_FIX" is new
DEBUG - 2026-08-22 13:39:14,413 - jasper.verilog -   Adding instance port WB_SLV_CLK_I_top as signal wb_clk_i to top
DEBUG - 2026-08-22 13:39:14,413 - jasper.verilog -   Signal "wb_clk_i" is new
DEBUG - 2026-08-22 13:39:14,413 - jasper.verilog -   Adding instance port WB_SLV_RST_I_top as signal wb_rst_i to top
DEBUG - 2026-08-22 13:39:14,413 - jasper.verilog -   Signal "wb_rst_i" is new
DEBUG - 2026-08-22 13:39:14,413 - jasper.verilog -   Adding instance port WB_SLV_DAT_I_top as signal wbm_dat_o to top
DEBUG - 2026-08-22 13:39:14,413 - jasper.verilog -   Signal "wbm_dat_o" is new
DEBUG - 2026-08-22 13:39:14,413 - jasper.verilog -   Adding instance port WB_SLV_DAT_O_top as signal wbm_dat_i to top
DEBUG - 2026-08-22 13:39:14,413 - jasper.verilog -   Signal "wbm_dat_i" is new
DEBUG - 2026-08-22 13:39:14,413 - jasper.verilog -   Adding instance port WB_SLV_ACK_O_top as signal wbm_ack_i to top
DEBUG - 2026-08-22 13:39:14,413 - jasper.verilog -   Signal "wbm_ack_i" is new
DEBUG - 2026-08-22 13:39:14,413 - jasper.verilog -   Adding instance port WB_SLV_ADR_I_top as signal wbm_adr_o to top
DEBUG - 2026-08-22 13:39:14,413 - jasper.verilog -   Signal "wbm_adr_o" is new
DEBUG - 2026-08-22 13:39:14,413 - jasper.verilog -   Adding instance port WB_SLV_CYC_I_top as signal wbm_cyc_o to top
DEBUG - 2026-08-22 13:39:14,413 - jasper.verilog -   Signal "wbm_cyc_o" is new
DEBUG - 2026-08-22 13:39:14,413 - jasper.verilog -   Adding instance port WB_SLV_SEL_I_top as signal wbm_sel_o to top
DEBUG - 2026-08-22 13:39:14,413 - jasper.verilog -   Signal "wbm_sel_o" is new
DEBUG - 2026-08-22 13:39:14,413 - jasper.verilog -   Adding instance port WB_SLV_STB_I_top as signal wbm_stb_o to top
DEBUG - 2026-08-22 13:39:14,413 - jasper.verilog -   Signal "wbm_stb_o" is new
DEBUG - 2026-08-22 13:39:14,413 - jasper.verilog -   Adding instance port WB_SLV_WE_I_top as signal wbm_we_o to top
DEBUG - 2026-08-22 13:39:14,413 - jasper.verilog -   Signal "wbm_we_o" is new
DEBUG - 2026-08-22 13:39:14,413 - jasper.verilog -   Adding instance port dsp_leds_i as signal dsp_leds_i to top
DEBUG - 2026-08-22 13:39:14,413 - jasper.verilog -   Signal "dsp_leds_i" is new
DEBUG - 2026-08-22 13:39:14,413 - jasper.verilog -   Adding instance port fpga_leds_o to top
DEBUG - 2026-08-22 13:39:14,413 - jasper.verilog - Attempting to add port "FPGA_LEDS" (parent sig: False, parent port: False)
DEBUG - 2026-08-22 13:39:14,413 - jasper.verilog -   Port "FPGA_LEDS" is new
DEBUG - 2026-08-22 13:39:14,414 - jasper.verilog - Instantiating child ports for ethernet_one_gbe_skarab_axi_addr_data_fifo
DEBUG - 2026-08-22 13:39:14,414 - jasper.verilog -   Adding instance port user_data_out as signal ethernet_one_gbe_skarab_axi_addr_data_fifo_user_data_out to top
DEBUG - 2026-08-22 13:39:14,414 - jasper.verilog -   Signal "ethernet_one_gbe_skarab_axi_addr_data_fifo_user_data_out" is new
DEBUG - 2026-08-22 13:39:14,414 - jasper.verilog - Instantiating child ports for ethernet_one_gbe_skarab_axi_addr_data_gbe
DEBUG - 2026-08-22 13:39:14,414 - jasper.verilog -   Adding instance port user_data_out as signal ethernet_one_gbe_skarab_axi_addr_data_gbe_user_data_out to top
DEBUG - 2026-08-22 13:39:14,414 - jasper.verilog -   Signal "ethernet_one_gbe_skarab_axi_addr_data_gbe_user_data_out" is new
DEBUG - 2026-08-22 13:39:14,414 - jasper.verilog - Instantiating child ports for ethernet_one_gbe_skarab_axi_clk_mhz
DEBUG - 2026-08-22 13:39:14,414 - jasper.verilog -   Adding instance port user_data_in as signal ethernet_one_gbe_skarab_axi_clk_mhz_user_data_in to top
DEBUG - 2026-08-22 13:39:14,414 - jasper.verilog -   Signal "ethernet_one_gbe_skarab_axi_clk_mhz_user_data_in" is new
DEBUG - 2026-08-22 13:39:14,414 - jasper.verilog - Instantiating child ports for ethernet_one_gbe_skarab_axi_d3_ss_ctrl
DEBUG - 2026-08-22 13:39:14,414 - jasper.verilog -   Adding instance port user_data_out as signal ethernet_one_gbe_skarab_axi_d3_ss_ctrl_user_data_out to top
DEBUG - 2026-08-22 13:39:14,414 - jasper.verilog -   Signal "ethernet_one_gbe_skarab_axi_d3_ss_ctrl_user_data_out" is new
DEBUG - 2026-08-22 13:39:14,414 - jasper.verilog - Instantiating child ports for ethernet_one_gbe_skarab_axi_d3_ss_status
DEBUG - 2026-08-22 13:39:14,414 - jasper.verilog -   Adding instance port user_data_in as signal ethernet_one_gbe_skarab_axi_d3_ss_status_user_data_in to top
DEBUG - 2026-08-22 13:39:14,414 - jasper.verilog -   Signal "ethernet_one_gbe_skarab_axi_d3_ss_status_user_data_in" is new
DEBUG - 2026-08-22 13:39:14,414 - jasper.verilog - Instantiating child ports for ethernet_one_gbe_skarab_axi_d4_ss_ctrl
DEBUG - 2026-08-22 13:39:14,414 - jasper.verilog -   Adding instance port user_data_out as signal ethernet_one_gbe_skarab_axi_d4_ss_ctrl_user_data_out to top
DEBUG - 2026-08-22 13:39:14,414 - jasper.verilog -   Signal "ethernet_one_gbe_skarab_axi_d4_ss_ctrl_user_data_out" is new
DEBUG - 2026-08-22 13:39:14,414 - jasper.verilog - Instantiating child ports for ethernet_one_gbe_skarab_axi_d4_ss_status
DEBUG - 2026-08-22 13:39:14,414 - jasper.verilog -   Adding instance port user_data_in as signal ethernet_one_gbe_skarab_axi_d4_ss_status_user_data_in to top
DEBUG - 2026-08-22 13:39:14,414 - jasper.verilog -   Signal "ethernet_one_gbe_skarab_axi_d4_ss_status_user_data_in" is new
DEBUG - 2026-08-22 13:39:14,414 - jasper.verilog - Instantiating child ports for ethernet_one_gbe_skarab_axi_d5_ss_ctrl
DEBUG - 2026-08-22 13:39:14,414 - jasper.verilog -   Adding instance port user_data_out as signal ethernet_one_gbe_skarab_axi_d5_ss_ctrl_user_data_out to top
DEBUG - 2026-08-22 13:39:14,414 - jasper.verilog -   Signal "ethernet_one_gbe_skarab_axi_d5_ss_ctrl_user_data_out" is new
DEBUG - 2026-08-22 13:39:14,414 - jasper.verilog - Instantiating child ports for ethernet_one_gbe_skarab_axi_d5_ss_status
DEBUG - 2026-08-22 13:39:14,414 - jasper.verilog -   Adding instance port user_data_in as signal ethernet_one_gbe_skarab_axi_d5_ss_status_user_data_in to top
DEBUG - 2026-08-22 13:39:14,414 - jasper.verilog -   Signal "ethernet_one_gbe_skarab_axi_d5_ss_status_user_data_in" is new
DEBUG - 2026-08-22 13:39:14,414 - jasper.verilog - Instantiating child ports for ethernet_one_gbe_skarab_axi_data_rx_valmir
DEBUG - 2026-08-22 13:39:14,414 - jasper.verilog -   Adding instance port user_data_in as signal ethernet_one_gbe_skarab_axi_data_rx_valmir_user_data_in to top
DEBUG - 2026-08-22 13:39:14,414 - jasper.verilog -   Signal "ethernet_one_gbe_skarab_axi_data_rx_valmir_user_data_in" is new
DEBUG - 2026-08-22 13:39:14,414 - jasper.verilog - Instantiating child ports for ethernet_one_gbe_skarab_axi_debug_rx_data_mem_fifo
DEBUG - 2026-08-22 13:39:14,414 - jasper.verilog -   Adding instance port user_data_in as signal ethernet_one_gbe_skarab_axi_debug_rx_data_mem_fifo_user_data_in to top
DEBUG - 2026-08-22 13:39:14,414 - jasper.verilog -   Signal "ethernet_one_gbe_skarab_axi_debug_rx_data_mem_fifo_user_data_in" is new
DEBUG - 2026-08-22 13:39:14,414 - jasper.verilog - Instantiating child ports for ethernet_one_gbe_skarab_axi_debug_rx_data_mem_gbe
DEBUG - 2026-08-22 13:39:14,414 - jasper.verilog -   Adding instance port user_data_in as signal ethernet_one_gbe_skarab_axi_debug_rx_data_mem_gbe_user_data_in to top
DEBUG - 2026-08-22 13:39:14,414 - jasper.verilog -   Signal "ethernet_one_gbe_skarab_axi_debug_rx_data_mem_gbe_user_data_in" is new
DEBUG - 2026-08-22 13:39:14,414 - jasper.verilog - Instantiating child ports for ethernet_one_gbe_skarab_axi_dec_factor
DEBUG - 2026-08-22 13:39:14,414 - jasper.verilog -   Adding instance port user_data_out as signal ethernet_one_gbe_skarab_axi_dec_factor_user_data_out to top
DEBUG - 2026-08-22 13:39:14,414 - jasper.verilog -   Signal "ethernet_one_gbe_skarab_axi_dec_factor_user_data_out" is new
DEBUG - 2026-08-22 13:39:14,414 - jasper.verilog - Instantiating child ports for ethernet_one_gbe_skarab_axi_err_marker1
DEBUG - 2026-08-22 13:39:14,414 - jasper.verilog -   Adding instance port user_data_in as signal ethernet_one_gbe_skarab_axi_err_marker1_user_data_in to top
DEBUG - 2026-08-22 13:39:14,414 - jasper.verilog -   Signal "ethernet_one_gbe_skarab_axi_err_marker1_user_data_in" is new
DEBUG - 2026-08-22 13:39:14,414 - jasper.verilog - Instantiating child ports for ethernet_one_gbe_skarab_axi_err_pkt_ctr1
DEBUG - 2026-08-22 13:39:14,414 - jasper.verilog -   Adding instance port user_data_in as signal ethernet_one_gbe_skarab_axi_err_pkt_ctr1_user_data_in to top
DEBUG - 2026-08-22 13:39:14,414 - jasper.verilog -   Signal "ethernet_one_gbe_skarab_axi_err_pkt_ctr1_user_data_in" is new
DEBUG - 2026-08-22 13:39:14,414 - jasper.verilog - Instantiating child ports for ethernet_one_gbe_skarab_axi_err_pkt_ctr_step1
DEBUG - 2026-08-22 13:39:14,414 - jasper.verilog -   Adding instance port user_data_in as signal ethernet_one_gbe_skarab_axi_err_pkt_ctr_step1_user_data_in to top
DEBUG - 2026-08-22 13:39:14,414 - jasper.verilog -   Signal "ethernet_one_gbe_skarab_axi_err_pkt_ctr_step1_user_data_in" is new
DEBUG - 2026-08-22 13:39:14,414 - jasper.verilog - Instantiating child ports for ethernet_one_gbe_skarab_axi_err_ramp1
DEBUG - 2026-08-22 13:39:14,414 - jasper.verilog -   Adding instance port user_data_in as signal ethernet_one_gbe_skarab_axi_err_ramp1_user_data_in to top
DEBUG - 2026-08-22 13:39:14,414 - jasper.verilog -   Signal "ethernet_one_gbe_skarab_axi_err_ramp1_user_data_in" is new
DEBUG - 2026-08-22 13:39:14,414 - jasper.verilog - Instantiating child ports for ethernet_one_gbe_skarab_axi_err_valid_raw1
DEBUG - 2026-08-22 13:39:14,414 - jasper.verilog -   Adding instance port user_data_in as signal ethernet_one_gbe_skarab_axi_err_valid_raw1_user_data_in to top
DEBUG - 2026-08-22 13:39:14,414 - jasper.verilog -   Signal "ethernet_one_gbe_skarab_axi_err_valid_raw1_user_data_in" is new
DEBUG - 2026-08-22 13:39:14,414 - jasper.verilog - Instantiating child ports for ethernet_one_gbe_skarab_axi_err_walk1
DEBUG - 2026-08-22 13:39:14,414 - jasper.verilog -   Adding instance port user_data_in as signal ethernet_one_gbe_skarab_axi_err_walk1_user_data_in to top
DEBUG - 2026-08-22 13:39:14,414 - jasper.verilog -   Signal "ethernet_one_gbe_skarab_axi_err_walk1_user_data_in" is new
DEBUG - 2026-08-22 13:39:14,414 - jasper.verilog - Instantiating child ports for ethernet_one_gbe_skarab_axi_input_fir_ctrl
DEBUG - 2026-08-22 13:39:14,414 - jasper.verilog -   Adding instance port user_data_out as signal ethernet_one_gbe_skarab_axi_input_fir_ctrl_user_data_out to top
DEBUG - 2026-08-22 13:39:14,414 - jasper.verilog -   Signal "ethernet_one_gbe_skarab_axi_input_fir_ctrl_user_data_out" is new
DEBUG - 2026-08-22 13:39:14,414 - jasper.verilog - Instantiating child ports for ethernet_one_gbe_skarab_axi_input_fir_status
DEBUG - 2026-08-22 13:39:14,414 - jasper.verilog -   Adding instance port user_data_in as signal ethernet_one_gbe_skarab_axi_input_fir_status_user_data_in to top
DEBUG - 2026-08-22 13:39:14,414 - jasper.verilog -   Signal "ethernet_one_gbe_skarab_axi_input_fir_status_user_data_in" is new
DEBUG - 2026-08-22 13:39:14,414 - jasper.verilog - Instantiating child ports for ethernet_one_gbe_skarab_axi_input_fir_trig_offset
DEBUG - 2026-08-22 13:39:14,414 - jasper.verilog -   Adding instance port user_data_out as signal ethernet_one_gbe_skarab_axi_input_fir_trig_offset_user_data_out to top
DEBUG - 2026-08-22 13:39:14,414 - jasper.verilog -   Signal "ethernet_one_gbe_skarab_axi_input_fir_trig_offset_user_data_out" is new
DEBUG - 2026-08-22 13:39:14,414 - jasper.verilog - Instantiating child ports for ethernet_one_gbe_skarab_axi_output_fir_ctrl
DEBUG - 2026-08-22 13:39:14,414 - jasper.verilog -   Adding instance port user_data_out as signal ethernet_one_gbe_skarab_axi_output_fir_ctrl_user_data_out to top
DEBUG - 2026-08-22 13:39:14,414 - jasper.verilog -   Signal "ethernet_one_gbe_skarab_axi_output_fir_ctrl_user_data_out" is new
DEBUG - 2026-08-22 13:39:14,414 - jasper.verilog - Instantiating child ports for ethernet_one_gbe_skarab_axi_output_fir_status
DEBUG - 2026-08-22 13:39:14,415 - jasper.verilog -   Adding instance port user_data_in as signal ethernet_one_gbe_skarab_axi_output_fir_status_user_data_in to top
DEBUG - 2026-08-22 13:39:14,415 - jasper.verilog -   Signal "ethernet_one_gbe_skarab_axi_output_fir_status_user_data_in" is new
DEBUG - 2026-08-22 13:39:14,415 - jasper.verilog - Instantiating child ports for ethernet_one_gbe_skarab_axi_output_fir_trig_offset
DEBUG - 2026-08-22 13:39:14,415 - jasper.verilog -   Adding instance port user_data_out as signal ethernet_one_gbe_skarab_axi_output_fir_trig_offset_user_data_out to top
DEBUG - 2026-08-22 13:39:14,415 - jasper.verilog -   Signal "ethernet_one_gbe_skarab_axi_output_fir_trig_offset_user_data_out" is new
DEBUG - 2026-08-22 13:39:14,415 - jasper.verilog - Instantiating child ports for ethernet_one_gbe_skarab_axi_pkt_ctrs1_ss_ctrl
DEBUG - 2026-08-22 13:39:14,415 - jasper.verilog -   Adding instance port user_data_out as signal ethernet_one_gbe_skarab_axi_pkt_ctrs1_ss_ctrl_user_data_out to top
DEBUG - 2026-08-22 13:39:14,415 - jasper.verilog -   Signal "ethernet_one_gbe_skarab_axi_pkt_ctrs1_ss_ctrl_user_data_out" is new
DEBUG - 2026-08-22 13:39:14,415 - jasper.verilog - Instantiating child ports for ethernet_one_gbe_skarab_axi_pkt_ctrs1_ss_status
DEBUG - 2026-08-22 13:39:14,415 - jasper.verilog -   Adding instance port user_data_in as signal ethernet_one_gbe_skarab_axi_pkt_ctrs1_ss_status_user_data_in to top
DEBUG - 2026-08-22 13:39:14,415 - jasper.verilog -   Signal "ethernet_one_gbe_skarab_axi_pkt_ctrs1_ss_status_user_data_in" is new
DEBUG - 2026-08-22 13:39:14,415 - jasper.verilog - Instantiating child ports for ethernet_one_gbe_skarab_axi_pkt_ctrs_compare1_ss_ctrl
DEBUG - 2026-08-22 13:39:14,415 - jasper.verilog -   Adding instance port user_data_out as signal ethernet_one_gbe_skarab_axi_pkt_ctrs_compare1_ss_ctrl_user_data_out to top
DEBUG - 2026-08-22 13:39:14,415 - jasper.verilog -   Signal "ethernet_one_gbe_skarab_axi_pkt_ctrs_compare1_ss_ctrl_user_data_out" is new
DEBUG - 2026-08-22 13:39:14,415 - jasper.verilog - Instantiating child ports for ethernet_one_gbe_skarab_axi_pkt_ctrs_compare1_ss_status
DEBUG - 2026-08-22 13:39:14,415 - jasper.verilog -   Adding instance port user_data_in as signal ethernet_one_gbe_skarab_axi_pkt_ctrs_compare1_ss_status_user_data_in to top
DEBUG - 2026-08-22 13:39:14,415 - jasper.verilog -   Signal "ethernet_one_gbe_skarab_axi_pkt_ctrs_compare1_ss_status_user_data_in" is new
DEBUG - 2026-08-22 13:39:14,415 - jasper.verilog - Instantiating child ports for ethernet_one_gbe_skarab_axi_read_gbe_or_fifo
DEBUG - 2026-08-22 13:39:14,415 - jasper.verilog -   Adding instance port user_data_out as signal ethernet_one_gbe_skarab_axi_read_gbe_or_fifo_user_data_out to top
DEBUG - 2026-08-22 13:39:14,415 - jasper.verilog -   Signal "ethernet_one_gbe_skarab_axi_read_gbe_or_fifo_user_data_out" is new
DEBUG - 2026-08-22 13:39:14,415 - jasper.verilog - Instantiating child ports for ethernet_one_gbe_skarab_axi_rx_badframe1
DEBUG - 2026-08-22 13:39:14,415 - jasper.verilog -   Adding instance port user_data_in as signal ethernet_one_gbe_skarab_axi_rx_badframe1_user_data_in to top
DEBUG - 2026-08-22 13:39:14,415 - jasper.verilog -   Signal "ethernet_one_gbe_skarab_axi_rx_badframe1_user_data_in" is new
DEBUG - 2026-08-22 13:39:14,415 - jasper.verilog - Instantiating child ports for ethernet_one_gbe_skarab_axi_rx_control1
DEBUG - 2026-08-22 13:39:14,415 - jasper.verilog -   Adding instance port user_data_out as signal ethernet_one_gbe_skarab_axi_rx_control1_user_data_out to top
DEBUG - 2026-08-22 13:39:14,415 - jasper.verilog -   Signal "ethernet_one_gbe_skarab_axi_rx_control1_user_data_out" is new
DEBUG - 2026-08-22 13:39:14,415 - jasper.verilog - Instantiating child ports for ethernet_one_gbe_skarab_axi_rx_eof1
DEBUG - 2026-08-22 13:39:14,415 - jasper.verilog -   Adding instance port user_data_in as signal ethernet_one_gbe_skarab_axi_rx_eof1_user_data_in to top
DEBUG - 2026-08-22 13:39:14,415 - jasper.verilog -   Signal "ethernet_one_gbe_skarab_axi_rx_eof1_user_data_in" is new
DEBUG - 2026-08-22 13:39:14,415 - jasper.verilog - Instantiating child ports for ethernet_one_gbe_skarab_axi_rx_overrun1
DEBUG - 2026-08-22 13:39:14,415 - jasper.verilog -   Adding instance port user_data_in as signal ethernet_one_gbe_skarab_axi_rx_overrun1_user_data_in to top
DEBUG - 2026-08-22 13:39:14,415 - jasper.verilog -   Signal "ethernet_one_gbe_skarab_axi_rx_overrun1_user_data_in" is new
DEBUG - 2026-08-22 13:39:14,415 - jasper.verilog - Instantiating child ports for ethernet_one_gbe_skarab_axi_rx_valid1
DEBUG - 2026-08-22 13:39:14,415 - jasper.verilog -   Adding instance port user_data_in as signal ethernet_one_gbe_skarab_axi_rx_valid1_user_data_in to top
DEBUG - 2026-08-22 13:39:14,415 - jasper.verilog -   Signal "ethernet_one_gbe_skarab_axi_rx_valid1_user_data_in" is new
DEBUG - 2026-08-22 13:39:14,415 - jasper.verilog - Instantiating child ports for ethernet_one_gbe_skarab_axi_tx_afull1
DEBUG - 2026-08-22 13:39:14,415 - jasper.verilog -   Adding instance port user_data_in as signal ethernet_one_gbe_skarab_axi_tx_afull1_user_data_in to top
DEBUG - 2026-08-22 13:39:14,415 - jasper.verilog -   Signal "ethernet_one_gbe_skarab_axi_tx_afull1_user_data_in" is new
DEBUG - 2026-08-22 13:39:14,415 - jasper.verilog - Instantiating child ports for ethernet_one_gbe_skarab_axi_tx_control
DEBUG - 2026-08-22 13:39:14,415 - jasper.verilog -   Adding instance port user_data_out as signal ethernet_one_gbe_skarab_axi_tx_control_user_data_out to top
DEBUG - 2026-08-22 13:39:14,415 - jasper.verilog -   Signal "ethernet_one_gbe_skarab_axi_tx_control_user_data_out" is new
DEBUG - 2026-08-22 13:39:14,415 - jasper.verilog - Instantiating child ports for ethernet_one_gbe_skarab_axi_tx_overflow1
DEBUG - 2026-08-22 13:39:14,415 - jasper.verilog -   Adding instance port user_data_in as signal ethernet_one_gbe_skarab_axi_tx_overflow1_user_data_in to top
DEBUG - 2026-08-22 13:39:14,415 - jasper.verilog -   Signal "ethernet_one_gbe_skarab_axi_tx_overflow1_user_data_in" is new
DEBUG - 2026-08-22 13:39:14,415 - jasper.verilog - Instantiating child ports for ethernet_one_gbe_skarab_axi_vaild_rx_valmir1
DEBUG - 2026-08-22 13:39:14,415 - jasper.verilog -   Adding instance port user_data_in as signal ethernet_one_gbe_skarab_axi_vaild_rx_valmir1_user_data_in to top
DEBUG - 2026-08-22 13:39:14,415 - jasper.verilog -   Signal "ethernet_one_gbe_skarab_axi_vaild_rx_valmir1_user_data_in" is new
DEBUG - 2026-08-22 13:39:14,415 - jasper.verilog - Instantiating child ports for sys_block_inst
DEBUG - 2026-08-22 13:39:14,415 - jasper.verilog - Instantiating child ports for ethernet_one_gbe_skarab_axi_inst
DEBUG - 2026-08-22 13:39:14,415 - jasper.verilog - Instantiating child ports for wbs_arbiter_inst
DEBUG - 2026-08-22 13:39:14,415 - jasper.verilog -   Adding instance port wb_clk_i as signal wb_clk_i to top
DEBUG - 2026-08-22 13:39:14,415 - jasper.verilog -   Signal "wb_clk_i" already exists
DEBUG - 2026-08-22 13:39:14,415 - jasper.verilog -   Adding instance port wb_rst_i as signal wb_rst_i to top
DEBUG - 2026-08-22 13:39:14,415 - jasper.verilog -   Signal "wb_rst_i" already exists
DEBUG - 2026-08-22 13:39:14,415 - jasper.verilog -   Adding instance port wbm_cyc_i as signal wbm_cyc_o to top
DEBUG - 2026-08-22 13:39:14,415 - jasper.verilog -   Signal "wbm_cyc_o" already exists
DEBUG - 2026-08-22 13:39:14,415 - jasper.verilog -   Adding instance port wbm_stb_i as signal wbm_stb_o to top
DEBUG - 2026-08-22 13:39:14,415 - jasper.verilog -   Signal "wbm_stb_o" already exists
DEBUG - 2026-08-22 13:39:14,415 - jasper.verilog -   Adding instance port wbm_we_i as signal wbm_we_o to top
DEBUG - 2026-08-22 13:39:14,415 - jasper.verilog -   Signal "wbm_we_o" already exists
DEBUG - 2026-08-22 13:39:14,415 - jasper.verilog -   Adding instance port wbm_sel_i as signal wbm_sel_o to top
DEBUG - 2026-08-22 13:39:14,415 - jasper.verilog -   Signal "wbm_sel_o" already exists
DEBUG - 2026-08-22 13:39:14,415 - jasper.verilog -   Adding instance port wbm_adr_i as signal wbm_adr_o to top
DEBUG - 2026-08-22 13:39:14,415 - jasper.verilog -   Signal "wbm_adr_o" already exists
DEBUG - 2026-08-22 13:39:14,415 - jasper.verilog -   Adding instance port wbm_dat_i as signal wbm_dat_o to top
DEBUG - 2026-08-22 13:39:14,415 - jasper.verilog -   Signal "wbm_dat_o" already exists
DEBUG - 2026-08-22 13:39:14,415 - jasper.verilog -   Adding instance port wbm_dat_o as signal wbm_dat_i to top
DEBUG - 2026-08-22 13:39:14,415 - jasper.verilog -   Signal "wbm_dat_i" already exists
DEBUG - 2026-08-22 13:39:14,415 - jasper.verilog -   Adding instance port wbm_ack_o as signal wbm_ack_i to top
DEBUG - 2026-08-22 13:39:14,416 - jasper.verilog -   Signal "wbm_ack_i" already exists
DEBUG - 2026-08-22 13:39:14,416 - jasper.verilog -   Adding instance port wbm_err_o as signal wbm_err_i to top
DEBUG - 2026-08-22 13:39:14,416 - jasper.verilog -   Signal "wbm_err_i" is new
DEBUG - 2026-08-22 13:39:14,416 - jasper.verilog -   Adding instance port wbs_cyc_o as signal wbs_cyc_o to top
DEBUG - 2026-08-22 13:39:14,416 - jasper.verilog -   Signal "wbs_cyc_o" is new
DEBUG - 2026-08-22 13:39:14,416 - jasper.verilog -   Adding instance port wbs_stb_o as signal wbs_stb_o to top
DEBUG - 2026-08-22 13:39:14,416 - jasper.verilog -   Signal "wbs_stb_o" is new
DEBUG - 2026-08-22 13:39:14,416 - jasper.verilog -   Adding instance port wbs_we_o as signal wbs_we_o to top
DEBUG - 2026-08-22 13:39:14,416 - jasper.verilog -   Signal "wbs_we_o" is new
DEBUG - 2026-08-22 13:39:14,416 - jasper.verilog -   Adding instance port wbs_sel_o as signal wbs_sel_o to top
DEBUG - 2026-08-22 13:39:14,416 - jasper.verilog -   Signal "wbs_sel_o" is new
DEBUG - 2026-08-22 13:39:14,416 - jasper.verilog -   Adding instance port wbs_adr_o as signal wbs_adr_o to top
DEBUG - 2026-08-22 13:39:14,416 - jasper.verilog -   Signal "wbs_adr_o" is new
DEBUG - 2026-08-22 13:39:14,416 - jasper.verilog -   Adding instance port wbs_dat_o as signal wbs_dat_o to top
DEBUG - 2026-08-22 13:39:14,416 - jasper.verilog -   Signal "wbs_dat_o" is new
DEBUG - 2026-08-22 13:39:14,416 - jasper.verilog -   Adding instance port wbs_dat_i as signal wbs_dat_i to top
DEBUG - 2026-08-22 13:39:14,416 - jasper.verilog -   Signal "wbs_dat_i" is new
DEBUG - 2026-08-22 13:39:14,416 - jasper.verilog -   Adding instance port wbs_ack_i as signal wbs_ack_i to top
DEBUG - 2026-08-22 13:39:14,416 - jasper.verilog -   Signal "wbs_ack_i" is new
DEBUG - 2026-08-22 13:39:14,416 - jasper.verilog -   Adding instance port wbs_err_i as signal wbs_err_i to top
DEBUG - 2026-08-22 13:39:14,416 - jasper.verilog -   Signal "wbs_err_i" is new
DEBUG - 2026-08-22 13:39:14,416 - jasper.verilog - Generating port ONE_GBE_MGTREFCLK_N
DEBUG - 2026-08-22 13:39:14,416 - jasper.verilog - Generating port ONE_GBE_MGTREFCLK_P
DEBUG - 2026-08-22 13:39:14,416 - jasper.verilog - Generating port ONE_GBE_SGMII_RX_N
DEBUG - 2026-08-22 13:39:14,416 - jasper.verilog - Generating port ONE_GBE_SGMII_RX_P
DEBUG - 2026-08-22 13:39:14,416 - jasper.verilog - Generating port ONE_GBE_RESET_N
DEBUG - 2026-08-22 13:39:14,416 - jasper.verilog - Generating port ONE_GBE_SGMII_TX_N
DEBUG - 2026-08-22 13:39:14,416 - jasper.verilog - Generating port ONE_GBE_SGMII_TX_P
DEBUG - 2026-08-22 13:39:14,416 - jasper.verilog - Generating port CONFIG_IO_2
DEBUG - 2026-08-22 13:39:14,416 - jasper.verilog - Generating port CONFIG_IO_5
DEBUG - 2026-08-22 13:39:14,416 - jasper.verilog - Generating port CPU_SUS_S3_N
DEBUG - 2026-08-22 13:39:14,416 - jasper.verilog - Generating port CPU_SUS_S4_N
DEBUG - 2026-08-22 13:39:14,416 - jasper.verilog - Generating port CPU_SUS_S5_N
DEBUG - 2026-08-22 13:39:14,416 - jasper.verilog - Generating port CPU_SUS_STAT_N
DEBUG - 2026-08-22 13:39:14,416 - jasper.verilog - Generating port DEBUG_UART_RX
DEBUG - 2026-08-22 13:39:14,416 - jasper.verilog - Generating port EMCCLK
DEBUG - 2026-08-22 13:39:14,416 - jasper.verilog - Generating port FAN_CONT_ALERT_N
DEBUG - 2026-08-22 13:39:14,416 - jasper.verilog - Generating port FAN_CONT_FAULT_N
DEBUG - 2026-08-22 13:39:14,416 - jasper.verilog - Generating port FLASH_WAIT
DEBUG - 2026-08-22 13:39:14,416 - jasper.verilog - Generating port FPGA_EMCCLK2
DEBUG - 2026-08-22 13:39:14,416 - jasper.verilog - Generating port FPGA_REFCLK_BUF0_N
DEBUG - 2026-08-22 13:39:14,416 - jasper.verilog - Generating port FPGA_REFCLK_BUF0_P
DEBUG - 2026-08-22 13:39:14,416 - jasper.verilog - Generating port FPGA_REFCLK_BUF1_N
DEBUG - 2026-08-22 13:39:14,416 - jasper.verilog - Generating port FPGA_REFCLK_BUF1_P
DEBUG - 2026-08-22 13:39:14,416 - jasper.verilog - Generating port FPGA_RESET_N
DEBUG - 2026-08-22 13:39:14,416 - jasper.verilog - Generating port MEZZANINE_0_FAULT_N
DEBUG - 2026-08-22 13:39:14,416 - jasper.verilog - Generating port MEZZANINE_0_INT_N
DEBUG - 2026-08-22 13:39:14,416 - jasper.verilog - Generating port MEZZANINE_0_PRESENT_N
DEBUG - 2026-08-22 13:39:14,416 - jasper.verilog - Generating port MEZZANINE_1_FAULT_N
DEBUG - 2026-08-22 13:39:14,416 - jasper.verilog - Generating port MEZZANINE_1_INT_N
DEBUG - 2026-08-22 13:39:14,416 - jasper.verilog - Generating port MEZZANINE_1_PRESENT_N
DEBUG - 2026-08-22 13:39:14,416 - jasper.verilog - Generating port MEZZANINE_2_FAULT_N
DEBUG - 2026-08-22 13:39:14,416 - jasper.verilog - Generating port MEZZANINE_2_INT_N
DEBUG - 2026-08-22 13:39:14,416 - jasper.verilog - Generating port MEZZANINE_2_PRESENT_N
DEBUG - 2026-08-22 13:39:14,416 - jasper.verilog - Generating port MEZZANINE_3_FAULT_N
DEBUG - 2026-08-22 13:39:14,416 - jasper.verilog - Generating port MEZZANINE_3_INT_N
DEBUG - 2026-08-22 13:39:14,416 - jasper.verilog - Generating port MEZZANINE_3_PRESENT_N
DEBUG - 2026-08-22 13:39:14,416 - jasper.verilog - Generating port MONITOR_ALERT_N
DEBUG - 2026-08-22 13:39:14,416 - jasper.verilog - Generating port ONE_GBE_INT_N
DEBUG - 2026-08-22 13:39:14,416 - jasper.verilog - Generating port ONE_GBE_LINK
DEBUG - 2026-08-22 13:39:14,416 - jasper.verilog - Generating port PCIE_RST_N
DEBUG - 2026-08-22 13:39:14,416 - jasper.verilog - Generating port SPI_MISO
DEBUG - 2026-08-22 13:39:14,416 - jasper.verilog - Generating port USB_FPGA
DEBUG - 2026-08-22 13:39:14,416 - jasper.verilog - Generating port USB_I2C_CTRL
DEBUG - 2026-08-22 13:39:14,416 - jasper.verilog - Generating port USB_UART_TXD
DEBUG - 2026-08-22 13:39:14,416 - jasper.verilog - Generating port FLASH_DQ
DEBUG - 2026-08-22 13:39:14,416 - jasper.verilog - Generating port I2C_SCL_FPGA
DEBUG - 2026-08-22 13:39:14,416 - jasper.verilog - Generating port I2C_SDA_FPGA
DEBUG - 2026-08-22 13:39:14,416 - jasper.verilog - Generating port MEZZANINE_0_ONE_WIRE
DEBUG - 2026-08-22 13:39:14,416 - jasper.verilog - Generating port MEZZANINE_0_SCL_FPGA
DEBUG - 2026-08-22 13:39:14,416 - jasper.verilog - Generating port MEZZANINE_0_SDA_FPGA
DEBUG - 2026-08-22 13:39:14,416 - jasper.verilog - Generating port MEZZANINE_1_ONE_WIRE
DEBUG - 2026-08-22 13:39:14,416 - jasper.verilog - Generating port MEZZANINE_1_SCL_FPGA
DEBUG - 2026-08-22 13:39:14,416 - jasper.verilog - Generating port MEZZANINE_1_SDA_FPGA
DEBUG - 2026-08-22 13:39:14,416 - jasper.verilog - Generating port MEZZANINE_2_ONE_WIRE
DEBUG - 2026-08-22 13:39:14,416 - jasper.verilog - Generating port MEZZANINE_2_SCL_FPGA
DEBUG - 2026-08-22 13:39:14,416 - jasper.verilog - Generating port MEZZANINE_2_SDA_FPGA
DEBUG - 2026-08-22 13:39:14,416 - jasper.verilog - Generating port MEZZANINE_3_ONE_WIRE
DEBUG - 2026-08-22 13:39:14,416 - jasper.verilog - Generating port MEZZANINE_3_SCL_FPGA
DEBUG - 2026-08-22 13:39:14,416 - jasper.verilog - Generating port MEZZANINE_3_SDA_FPGA
DEBUG - 2026-08-22 13:39:14,416 - jasper.verilog - Generating port ONE_WIRE_EEPROM
DEBUG - 2026-08-22 13:39:14,416 - jasper.verilog - Generating port CONFIG_IO_0
DEBUG - 2026-08-22 13:39:14,416 - jasper.verilog - Generating port CONFIG_IO_1
DEBUG - 2026-08-22 13:39:14,416 - jasper.verilog - Generating port CONFIG_IO_10
DEBUG - 2026-08-22 13:39:14,416 - jasper.verilog - Generating port CONFIG_IO_11
DEBUG - 2026-08-22 13:39:14,416 - jasper.verilog - Generating port CONFIG_IO_3
DEBUG - 2026-08-22 13:39:14,416 - jasper.verilog - Generating port CONFIG_IO_4
DEBUG - 2026-08-22 13:39:14,417 - jasper.verilog - Generating port CONFIG_IO_6
DEBUG - 2026-08-22 13:39:14,417 - jasper.verilog - Generating port CONFIG_IO_7
DEBUG - 2026-08-22 13:39:14,417 - jasper.verilog - Generating port CONFIG_IO_8
DEBUG - 2026-08-22 13:39:14,417 - jasper.verilog - Generating port CONFIG_IO_9
DEBUG - 2026-08-22 13:39:14,417 - jasper.verilog - Generating port CPU_PWR_BTN_N
DEBUG - 2026-08-22 13:39:14,417 - jasper.verilog - Generating port CPU_PWR_OK
DEBUG - 2026-08-22 13:39:14,417 - jasper.verilog - Generating port CPU_SYS_RESET_N
DEBUG - 2026-08-22 13:39:14,417 - jasper.verilog - Generating port DEBUG_UART_TX
DEBUG - 2026-08-22 13:39:14,417 - jasper.verilog - Generating port EMCCLK_FIX
DEBUG - 2026-08-22 13:39:14,417 - jasper.verilog - Generating port FAN_CONT_RST_N
DEBUG - 2026-08-22 13:39:14,417 - jasper.verilog - Generating port FLASH_A
DEBUG - 2026-08-22 13:39:14,417 - jasper.verilog - Generating port FLASH_ADV_N
DEBUG - 2026-08-22 13:39:14,417 - jasper.verilog - Generating port FLASH_CS_N
DEBUG - 2026-08-22 13:39:14,417 - jasper.verilog - Generating port FLASH_OE_N
DEBUG - 2026-08-22 13:39:14,417 - jasper.verilog - Generating port FLASH_RS0
DEBUG - 2026-08-22 13:39:14,417 - jasper.verilog - Generating port FLASH_RS1
DEBUG - 2026-08-22 13:39:14,417 - jasper.verilog - Generating port FLASH_WE_N
DEBUG - 2026-08-22 13:39:14,417 - jasper.verilog - Generating port FPGA_ATX_PSU_KILL
DEBUG - 2026-08-22 13:39:14,417 - jasper.verilog - Generating port FPGA_LEDS
DEBUG - 2026-08-22 13:39:14,417 - jasper.verilog - Generating port GND
DEBUG - 2026-08-22 13:39:14,417 - jasper.verilog - Generating port I2C_RESET_FPGA
DEBUG - 2026-08-22 13:39:14,417 - jasper.verilog - Generating port MEZZANINE_0_ENABLE_N
DEBUG - 2026-08-22 13:39:14,417 - jasper.verilog - Generating port MEZZANINE_0_ONE_WIRE_STRONG_PULLUP_EN_N
DEBUG - 2026-08-22 13:39:14,417 - jasper.verilog - Generating port MEZZANINE_1_ENABLE_N
DEBUG - 2026-08-22 13:39:14,417 - jasper.verilog - Generating port MEZZANINE_1_ONE_WIRE_STRONG_PULLUP_EN_N
DEBUG - 2026-08-22 13:39:14,417 - jasper.verilog - Generating port MEZZANINE_2_ENABLE_N
DEBUG - 2026-08-22 13:39:14,417 - jasper.verilog - Generating port MEZZANINE_2_ONE_WIRE_STRONG_PULLUP_EN_N
DEBUG - 2026-08-22 13:39:14,417 - jasper.verilog - Generating port MEZZANINE_3_CLK_SEL
DEBUG - 2026-08-22 13:39:14,417 - jasper.verilog - Generating port MEZZANINE_3_ENABLE_N
DEBUG - 2026-08-22 13:39:14,417 - jasper.verilog - Generating port MEZZANINE_3_ONE_WIRE_STRONG_PULLUP_EN_N
DEBUG - 2026-08-22 13:39:14,417 - jasper.verilog - Generating port MEZZANINE_3_RESET
DEBUG - 2026-08-22 13:39:14,417 - jasper.verilog - Generating port MEZZANINE_COMBINED_FAULT
DEBUG - 2026-08-22 13:39:14,417 - jasper.verilog - Generating port ONE_WIRE_EEPROM_STRONG_PULLUP_EN_N
DEBUG - 2026-08-22 13:39:14,417 - jasper.verilog - Generating port SPARTAN_CLK
DEBUG - 2026-08-22 13:39:14,417 - jasper.verilog - Generating port SPI_CLK
DEBUG - 2026-08-22 13:39:14,417 - jasper.verilog - Generating port SPI_CSB
DEBUG - 2026-08-22 13:39:14,417 - jasper.verilog - Generating port SPI_MOSI
DEBUG - 2026-08-22 13:39:14,417 - jasper.verilog - Generating port USB_UART_RXD
DEBUG - 2026-08-22 13:39:14,417 - jasper.verilog - i: 105 n_ports: 104
DEBUG - 2026-08-22 13:39:14,417 - jasper.verilog - Writing verilog for signal ethernet_one_gbe_skarab_axi_d3_ss_bram_addr
DEBUG - 2026-08-22 13:39:14,417 - jasper.verilog - Writing verilog for signal ethernet_one_gbe_skarab_axi_d3_ss_bram_data_in
DEBUG - 2026-08-22 13:39:14,417 - jasper.verilog - Writing verilog for signal ethernet_one_gbe_skarab_axi_d3_ss_bram_data_out
DEBUG - 2026-08-22 13:39:14,417 - jasper.verilog - Writing verilog for signal ethernet_one_gbe_skarab_axi_d3_ss_bram_we
DEBUG - 2026-08-22 13:39:14,417 - jasper.verilog - Writing verilog for signal ethernet_one_gbe_skarab_axi_d4_ss_bram_addr
DEBUG - 2026-08-22 13:39:14,417 - jasper.verilog - Writing verilog for signal ethernet_one_gbe_skarab_axi_d4_ss_bram_data_in
DEBUG - 2026-08-22 13:39:14,417 - jasper.verilog - Writing verilog for signal ethernet_one_gbe_skarab_axi_d4_ss_bram_data_out
DEBUG - 2026-08-22 13:39:14,417 - jasper.verilog - Writing verilog for signal ethernet_one_gbe_skarab_axi_d4_ss_bram_we
DEBUG - 2026-08-22 13:39:14,417 - jasper.verilog - Writing verilog for signal ethernet_one_gbe_skarab_axi_d5_ss_bram_addr
DEBUG - 2026-08-22 13:39:14,417 - jasper.verilog - Writing verilog for signal ethernet_one_gbe_skarab_axi_d5_ss_bram_data_in
DEBUG - 2026-08-22 13:39:14,417 - jasper.verilog - Writing verilog for signal ethernet_one_gbe_skarab_axi_d5_ss_bram_data_out
DEBUG - 2026-08-22 13:39:14,417 - jasper.verilog - Writing verilog for signal ethernet_one_gbe_skarab_axi_d5_ss_bram_we
DEBUG - 2026-08-22 13:39:14,417 - jasper.verilog - Writing verilog for signal ethernet_one_gbe_skarab_axi_input_fir_bram_addr
DEBUG - 2026-08-22 13:39:14,417 - jasper.verilog - Writing verilog for signal ethernet_one_gbe_skarab_axi_input_fir_bram_data_in
DEBUG - 2026-08-22 13:39:14,417 - jasper.verilog - Writing verilog for signal ethernet_one_gbe_skarab_axi_input_fir_bram_data_out
DEBUG - 2026-08-22 13:39:14,417 - jasper.verilog - Writing verilog for signal ethernet_one_gbe_skarab_axi_input_fir_bram_we
DEBUG - 2026-08-22 13:39:14,417 - jasper.verilog - Writing verilog for signal ethernet_one_gbe_skarab_axi_output_fir_bram_addr
DEBUG - 2026-08-22 13:39:14,417 - jasper.verilog - Writing verilog for signal ethernet_one_gbe_skarab_axi_output_fir_bram_data_in
DEBUG - 2026-08-22 13:39:14,417 - jasper.verilog - Writing verilog for signal ethernet_one_gbe_skarab_axi_output_fir_bram_data_out
DEBUG - 2026-08-22 13:39:14,417 - jasper.verilog - Writing verilog for signal ethernet_one_gbe_skarab_axi_output_fir_bram_we
DEBUG - 2026-08-22 13:39:14,417 - jasper.verilog - Writing verilog for signal ethernet_one_gbe_skarab_axi_pkt_ctrs1_ss_bram_addr
DEBUG - 2026-08-22 13:39:14,417 - jasper.verilog - Writing verilog for signal ethernet_one_gbe_skarab_axi_pkt_ctrs1_ss_bram_data_in
DEBUG - 2026-08-22 13:39:14,417 - jasper.verilog - Writing verilog for signal ethernet_one_gbe_skarab_axi_pkt_ctrs1_ss_bram_data_out
DEBUG - 2026-08-22 13:39:14,417 - jasper.verilog - Writing verilog for signal ethernet_one_gbe_skarab_axi_pkt_ctrs1_ss_bram_we
DEBUG - 2026-08-22 13:39:14,417 - jasper.verilog - Writing verilog for signal ethernet_one_gbe_skarab_axi_pkt_ctrs_compare1_ss_bram_addr
DEBUG - 2026-08-22 13:39:14,417 - jasper.verilog - Writing verilog for signal ethernet_one_gbe_skarab_axi_pkt_ctrs_compare1_ss_bram_data_in
DEBUG - 2026-08-22 13:39:14,417 - jasper.verilog - Writing verilog for signal ethernet_one_gbe_skarab_axi_pkt_ctrs_compare1_ss_bram_data_out
DEBUG - 2026-08-22 13:39:14,417 - jasper.verilog - Writing verilog for signal ethernet_one_gbe_skarab_axi_pkt_ctrs_compare1_ss_bram_we
DEBUG - 2026-08-22 13:39:14,417 - jasper.verilog - Writing verilog for signal ethernet_one_gbe_skarab_axi_tx_one_gbe_app_rx_ack
DEBUG - 2026-08-22 13:39:14,417 - jasper.verilog - Writing verilog for signal ethernet_one_gbe_skarab_axi_tx_one_gbe_app_rx_badframe
DEBUG - 2026-08-22 13:39:14,417 - jasper.verilog - Writing verilog for signal ethernet_one_gbe_skarab_axi_tx_one_gbe_app_rx_data
DEBUG - 2026-08-22 13:39:14,417 - jasper.verilog - Writing verilog for signal ethernet_one_gbe_skarab_axi_tx_one_gbe_app_rx_dvld
DEBUG - 2026-08-22 13:39:14,417 - jasper.verilog - Writing verilog for signal ethernet_one_gbe_skarab_axi_tx_one_gbe_app_rx_eof
DEBUG - 2026-08-22 13:39:14,417 - jasper.verilog - Writing verilog for signal ethernet_one_gbe_skarab_axi_tx_one_gbe_app_rx_overrun
DEBUG - 2026-08-22 13:39:14,417 - jasper.verilog - Writing verilog for signal ethernet_one_gbe_skarab_axi_tx_one_gbe_app_rx_srcip
DEBUG - 2026-08-22 13:39:14,417 - jasper.verilog - Writing verilog for signal ethernet_one_gbe_skarab_axi_tx_one_gbe_app_rx_srcport
DEBUG - 2026-08-22 13:39:14,417 - jasper.verilog - Writing verilog for signal ethernet_one_gbe_skarab_axi_tx_one_gbe_app_tx_afull
DEBUG - 2026-08-22 13:39:14,417 - jasper.verilog - Writing verilog for signal ethernet_one_gbe_skarab_axi_tx_one_gbe_app_tx_data
DEBUG - 2026-08-22 13:39:14,417 - jasper.verilog - Writing verilog for signal ethernet_one_gbe_skarab_axi_tx_one_gbe_app_tx_destip
DEBUG - 2026-08-22 13:39:14,417 - jasper.verilog - Writing verilog for signal ethernet_one_gbe_skarab_axi_tx_one_gbe_app_tx_destport
DEBUG - 2026-08-22 13:39:14,417 - jasper.verilog - Writing verilog for signal ethernet_one_gbe_skarab_axi_tx_one_gbe_app_tx_dvld
DEBUG - 2026-08-22 13:39:14,417 - jasper.verilog - Writing verilog for signal ethernet_one_gbe_skarab_axi_tx_one_gbe_app_tx_eof
DEBUG - 2026-08-22 13:39:14,417 - jasper.verilog - Writing verilog for signal ethernet_one_gbe_skarab_axi_tx_one_gbe_app_tx_overflow
DEBUG - 2026-08-22 13:39:14,417 - jasper.verilog - Writing verilog for signal gbe_if_present
DEBUG - 2026-08-22 13:39:14,417 - jasper.verilog - Writing verilog for signal gbe_link_up
DEBUG - 2026-08-22 13:39:14,417 - jasper.verilog - Writing verilog for signal gbe_status_vector
DEBUG - 2026-08-22 13:39:14,417 - jasper.verilog - Writing verilog for signal gmii_reset_done
DEBUG - 2026-08-22 13:39:14,417 - jasper.verilog - Writing verilog for signal host_reset_o
DEBUG - 2026-08-22 13:39:14,417 - jasper.verilog - Writing verilog for signal sync_gmii_fpga_rst
DEBUG - 2026-08-22 13:39:14,417 - jasper.verilog - Writing verilog for signal board_clk
DEBUG - 2026-08-22 13:39:14,417 - jasper.verilog - Writing verilog for signal board_clk_rst
DEBUG - 2026-08-22 13:39:14,417 - jasper.verilog - Writing verilog for signal dsp_leds_i
DEBUG - 2026-08-22 13:39:14,417 - jasper.verilog - Writing verilog for signal fgbe_if_0_present
DEBUG - 2026-08-22 13:39:14,417 - jasper.verilog - Writing verilog for signal fgbe_if_1_present
DEBUG - 2026-08-22 13:39:14,417 - jasper.verilog - Writing verilog for signal fgbe_if_2_present
DEBUG - 2026-08-22 13:39:14,417 - jasper.verilog - Writing verilog for signal fgbe_if_3_present
DEBUG - 2026-08-22 13:39:14,417 - jasper.verilog - Writing verilog for signal fgbe_phy_rx_up_0
DEBUG - 2026-08-22 13:39:14,417 - jasper.verilog - Writing verilog for signal fgbe_phy_rx_up_1
DEBUG - 2026-08-22 13:39:14,417 - jasper.verilog - Writing verilog for signal fgbe_phy_rx_up_2
DEBUG - 2026-08-22 13:39:14,418 - jasper.verilog - Writing verilog for signal fgbe_phy_rx_up_3
DEBUG - 2026-08-22 13:39:14,418 - jasper.verilog - Writing verilog for signal gmii_clk
DEBUG - 2026-08-22 13:39:14,418 - jasper.verilog - Writing verilog for signal hmc_clk
DEBUG - 2026-08-22 13:39:14,418 - jasper.verilog - Writing verilog for signal hmc_rst
DEBUG - 2026-08-22 13:39:14,418 - jasper.verilog - Writing verilog for signal mez0_id
DEBUG - 2026-08-22 13:39:14,418 - jasper.verilog - Writing verilog for signal mez0_init_done
DEBUG - 2026-08-22 13:39:14,418 - jasper.verilog - Writing verilog for signal mez0_post_ok
DEBUG - 2026-08-22 13:39:14,418 - jasper.verilog - Writing verilog for signal mez0_present
DEBUG - 2026-08-22 13:39:14,418 - jasper.verilog - Writing verilog for signal mez0_scl_in
DEBUG - 2026-08-22 13:39:14,418 - jasper.verilog - Writing verilog for signal mez0_scl_out
DEBUG - 2026-08-22 13:39:14,418 - jasper.verilog - Writing verilog for signal mez0_sda_in
DEBUG - 2026-08-22 13:39:14,418 - jasper.verilog - Writing verilog for signal mez0_sda_out
DEBUG - 2026-08-22 13:39:14,418 - jasper.verilog - Writing verilog for signal mez1_id
DEBUG - 2026-08-22 13:39:14,418 - jasper.verilog - Writing verilog for signal mez1_init_done
DEBUG - 2026-08-22 13:39:14,418 - jasper.verilog - Writing verilog for signal mez1_post_ok
DEBUG - 2026-08-22 13:39:14,418 - jasper.verilog - Writing verilog for signal mez1_present
DEBUG - 2026-08-22 13:39:14,418 - jasper.verilog - Writing verilog for signal mez1_scl_in
DEBUG - 2026-08-22 13:39:14,418 - jasper.verilog - Writing verilog for signal mez1_scl_out
DEBUG - 2026-08-22 13:39:14,418 - jasper.verilog - Writing verilog for signal mez1_sda_in
DEBUG - 2026-08-22 13:39:14,418 - jasper.verilog - Writing verilog for signal mez1_sda_out
DEBUG - 2026-08-22 13:39:14,418 - jasper.verilog - Writing verilog for signal mez2_id
DEBUG - 2026-08-22 13:39:14,418 - jasper.verilog - Writing verilog for signal mez2_init_done
DEBUG - 2026-08-22 13:39:14,418 - jasper.verilog - Writing verilog for signal mez2_post_ok
DEBUG - 2026-08-22 13:39:14,418 - jasper.verilog - Writing verilog for signal mez2_present
DEBUG - 2026-08-22 13:39:14,418 - jasper.verilog - Writing verilog for signal mez2_scl_in
DEBUG - 2026-08-22 13:39:14,418 - jasper.verilog - Writing verilog for signal mez2_scl_out
DEBUG - 2026-08-22 13:39:14,418 - jasper.verilog - Writing verilog for signal mez2_sda_in
DEBUG - 2026-08-22 13:39:14,418 - jasper.verilog - Writing verilog for signal mez2_sda_out
DEBUG - 2026-08-22 13:39:14,418 - jasper.verilog - Writing verilog for signal qsfp_soft_reset_0
DEBUG - 2026-08-22 13:39:14,418 - jasper.verilog - Writing verilog for signal qsfp_soft_reset_1
DEBUG - 2026-08-22 13:39:14,418 - jasper.verilog - Writing verilog for signal qsfp_soft_reset_2
DEBUG - 2026-08-22 13:39:14,418 - jasper.verilog - Writing verilog for signal qsfp_soft_reset_3
DEBUG - 2026-08-22 13:39:14,418 - jasper.verilog - Writing verilog for signal sys_clk
DEBUG - 2026-08-22 13:39:14,418 - jasper.verilog - Writing verilog for signal sys_rst
DEBUG - 2026-08-22 13:39:14,418 - jasper.verilog - Writing verilog for signal wb_clk_i
DEBUG - 2026-08-22 13:39:14,418 - jasper.verilog - Writing verilog for signal wb_rst_i
DEBUG - 2026-08-22 13:39:14,418 - jasper.verilog - Writing verilog for signal wbm_ack_i
DEBUG - 2026-08-22 13:39:14,418 - jasper.verilog - Writing verilog for signal wbm_adr_o
DEBUG - 2026-08-22 13:39:14,418 - jasper.verilog - Writing verilog for signal wbm_cyc_o
DEBUG - 2026-08-22 13:39:14,418 - jasper.verilog - Writing verilog for signal wbm_dat_i
DEBUG - 2026-08-22 13:39:14,418 - jasper.verilog - Writing verilog for signal wbm_dat_o
DEBUG - 2026-08-22 13:39:14,418 - jasper.verilog - Writing verilog for signal wbm_sel_o
DEBUG - 2026-08-22 13:39:14,418 - jasper.verilog - Writing verilog for signal wbm_stb_o
DEBUG - 2026-08-22 13:39:14,418 - jasper.verilog - Writing verilog for signal wbm_we_o
DEBUG - 2026-08-22 13:39:14,418 - jasper.verilog - Writing verilog for signal xlgmii_rxled_0
DEBUG - 2026-08-22 13:39:14,418 - jasper.verilog - Writing verilog for signal xlgmii_rxled_1
DEBUG - 2026-08-22 13:39:14,418 - jasper.verilog - Writing verilog for signal xlgmii_rxled_2
DEBUG - 2026-08-22 13:39:14,418 - jasper.verilog - Writing verilog for signal xlgmii_rxled_3
DEBUG - 2026-08-22 13:39:14,418 - jasper.verilog - Writing verilog for signal xlgmii_txled_0
DEBUG - 2026-08-22 13:39:14,418 - jasper.verilog - Writing verilog for signal xlgmii_txled_1
DEBUG - 2026-08-22 13:39:14,418 - jasper.verilog - Writing verilog for signal xlgmii_txled_2
DEBUG - 2026-08-22 13:39:14,418 - jasper.verilog - Writing verilog for signal xlgmii_txled_3
DEBUG - 2026-08-22 13:39:14,418 - jasper.verilog - Writing verilog for signal ethernet_one_gbe_skarab_axi_addr_data_fifo_user_data_out
DEBUG - 2026-08-22 13:39:14,418 - jasper.verilog - Writing verilog for signal ethernet_one_gbe_skarab_axi_addr_data_gbe_user_data_out
DEBUG - 2026-08-22 13:39:14,418 - jasper.verilog - Writing verilog for signal ethernet_one_gbe_skarab_axi_clk_mhz_user_data_in
DEBUG - 2026-08-22 13:39:14,418 - jasper.verilog - Writing verilog for signal ethernet_one_gbe_skarab_axi_d3_ss_ctrl_user_data_out
DEBUG - 2026-08-22 13:39:14,418 - jasper.verilog - Writing verilog for signal ethernet_one_gbe_skarab_axi_d3_ss_status_user_data_in
DEBUG - 2026-08-22 13:39:14,418 - jasper.verilog - Writing verilog for signal ethernet_one_gbe_skarab_axi_d4_ss_ctrl_user_data_out
DEBUG - 2026-08-22 13:39:14,418 - jasper.verilog - Writing verilog for signal ethernet_one_gbe_skarab_axi_d4_ss_status_user_data_in
DEBUG - 2026-08-22 13:39:14,418 - jasper.verilog - Writing verilog for signal ethernet_one_gbe_skarab_axi_d5_ss_ctrl_user_data_out
DEBUG - 2026-08-22 13:39:14,418 - jasper.verilog - Writing verilog for signal ethernet_one_gbe_skarab_axi_d5_ss_status_user_data_in
DEBUG - 2026-08-22 13:39:14,418 - jasper.verilog - Writing verilog for signal ethernet_one_gbe_skarab_axi_data_rx_valmir_user_data_in
DEBUG - 2026-08-22 13:39:14,418 - jasper.verilog - Writing verilog for signal ethernet_one_gbe_skarab_axi_debug_rx_data_mem_fifo_user_data_in
DEBUG - 2026-08-22 13:39:14,418 - jasper.verilog - Writing verilog for signal ethernet_one_gbe_skarab_axi_debug_rx_data_mem_gbe_user_data_in
DEBUG - 2026-08-22 13:39:14,418 - jasper.verilog - Writing verilog for signal ethernet_one_gbe_skarab_axi_dec_factor_user_data_out
DEBUG - 2026-08-22 13:39:14,418 - jasper.verilog - Writing verilog for signal ethernet_one_gbe_skarab_axi_err_marker1_user_data_in
DEBUG - 2026-08-22 13:39:14,418 - jasper.verilog - Writing verilog for signal ethernet_one_gbe_skarab_axi_err_pkt_ctr1_user_data_in
DEBUG - 2026-08-22 13:39:14,418 - jasper.verilog - Writing verilog for signal ethernet_one_gbe_skarab_axi_err_pkt_ctr_step1_user_data_in
DEBUG - 2026-08-22 13:39:14,418 - jasper.verilog - Writing verilog for signal ethernet_one_gbe_skarab_axi_err_ramp1_user_data_in
DEBUG - 2026-08-22 13:39:14,418 - jasper.verilog - Writing verilog for signal ethernet_one_gbe_skarab_axi_err_valid_raw1_user_data_in
DEBUG - 2026-08-22 13:39:14,418 - jasper.verilog - Writing verilog for signal ethernet_one_gbe_skarab_axi_err_walk1_user_data_in
DEBUG - 2026-08-22 13:39:14,418 - jasper.verilog - Writing verilog for signal ethernet_one_gbe_skarab_axi_input_fir_ctrl_user_data_out
DEBUG - 2026-08-22 13:39:14,418 - jasper.verilog - Writing verilog for signal ethernet_one_gbe_skarab_axi_input_fir_status_user_data_in
DEBUG - 2026-08-22 13:39:14,418 - jasper.verilog - Writing verilog for signal ethernet_one_gbe_skarab_axi_input_fir_trig_offset_user_data_out
DEBUG - 2026-08-22 13:39:14,418 - jasper.verilog - Writing verilog for signal ethernet_one_gbe_skarab_axi_output_fir_ctrl_user_data_out
DEBUG - 2026-08-22 13:39:14,418 - jasper.verilog - Writing verilog for signal ethernet_one_gbe_skarab_axi_output_fir_status_user_data_in
DEBUG - 2026-08-22 13:39:14,418 - jasper.verilog - Writing verilog for signal ethernet_one_gbe_skarab_axi_output_fir_trig_offset_user_data_out
DEBUG - 2026-08-22 13:39:14,418 - jasper.verilog - Writing verilog for signal ethernet_one_gbe_skarab_axi_pkt_ctrs1_ss_ctrl_user_data_out
DEBUG - 2026-08-22 13:39:14,418 - jasper.verilog - Writing verilog for signal ethernet_one_gbe_skarab_axi_pkt_ctrs1_ss_status_user_data_in
DEBUG - 2026-08-22 13:39:14,418 - jasper.verilog - Writing verilog for signal ethernet_one_gbe_skarab_axi_pkt_ctrs_compare1_ss_ctrl_user_data_out
DEBUG - 2026-08-22 13:39:14,418 - jasper.verilog - Writing verilog for signal ethernet_one_gbe_skarab_axi_pkt_ctrs_compare1_ss_status_user_data_in
DEBUG - 2026-08-22 13:39:14,418 - jasper.verilog - Writing verilog for signal ethernet_one_gbe_skarab_axi_read_gbe_or_fifo_user_data_out
DEBUG - 2026-08-22 13:39:14,418 - jasper.verilog - Writing verilog for signal ethernet_one_gbe_skarab_axi_rx_badframe1_user_data_in
DEBUG - 2026-08-22 13:39:14,418 - jasper.verilog - Writing verilog for signal ethernet_one_gbe_skarab_axi_rx_control1_user_data_out
DEBUG - 2026-08-22 13:39:14,418 - jasper.verilog - Writing verilog for signal ethernet_one_gbe_skarab_axi_rx_eof1_user_data_in
DEBUG - 2026-08-22 13:39:14,418 - jasper.verilog - Writing verilog for signal ethernet_one_gbe_skarab_axi_rx_overrun1_user_data_in
DEBUG - 2026-08-22 13:39:14,418 - jasper.verilog - Writing verilog for signal ethernet_one_gbe_skarab_axi_rx_valid1_user_data_in
DEBUG - 2026-08-22 13:39:14,418 - jasper.verilog - Writing verilog for signal ethernet_one_gbe_skarab_axi_tx_afull1_user_data_in
DEBUG - 2026-08-22 13:39:14,418 - jasper.verilog - Writing verilog for signal ethernet_one_gbe_skarab_axi_tx_control_user_data_out
DEBUG - 2026-08-22 13:39:14,418 - jasper.verilog - Writing verilog for signal ethernet_one_gbe_skarab_axi_tx_overflow1_user_data_in
DEBUG - 2026-08-22 13:39:14,418 - jasper.verilog - Writing verilog for signal ethernet_one_gbe_skarab_axi_vaild_rx_valmir1_user_data_in
DEBUG - 2026-08-22 13:39:14,418 - jasper.verilog - Writing verilog for signal wbm_err_i
DEBUG - 2026-08-22 13:39:14,418 - jasper.verilog - Writing verilog for signal wbs_ack_i
DEBUG - 2026-08-22 13:39:14,418 - jasper.verilog - Writing verilog for signal wbs_adr_o
DEBUG - 2026-08-22 13:39:14,418 - jasper.verilog - Writing verilog for signal wbs_cyc_o
DEBUG - 2026-08-22 13:39:14,418 - jasper.verilog - Writing verilog for signal wbs_dat_i
DEBUG - 2026-08-22 13:39:14,418 - jasper.verilog - Writing verilog for signal wbs_dat_o
DEBUG - 2026-08-22 13:39:14,419 - jasper.verilog - Writing verilog for signal wbs_err_i
DEBUG - 2026-08-22 13:39:14,419 - jasper.verilog - Writing verilog for signal wbs_sel_o
DEBUG - 2026-08-22 13:39:14,419 - jasper.verilog - Writing verilog for signal wbs_stb_o
DEBUG - 2026-08-22 13:39:14,419 - jasper.verilog - Writing verilog for signal wbs_we_o
DEBUG - 2026-08-22 13:39:14,419 - jasper.verilog - Writing verilog for signal user_clk
INFO - 2026-08-22 13:39:14,419 - jasper.toolflow - Writing sub module file wbs_master_arbiter.v
INFO - 2026-08-22 13:39:14,419 - jasper.toolflow - Dumping pickle of top-level Verilog module
INFO - 2026-08-22 13:39:14,420 - jasper.toolflow - Extracting constraints from peripherals
DEBUG - 2026-08-22 13:39:14,420 - jasper.toolflow.constraints - new PortConstraint:
DEBUG - 2026-08-22 13:39:14,420 - jasper.toolflow.constraints -   portname: ONE_GBE_SGMII_RX_P
DEBUG - 2026-08-22 13:39:14,420 - jasper.toolflow.constraints -   iogroup: ONE_GBE_SGMII_RX_P
DEBUG - 2026-08-22 13:39:14,420 - jasper.toolflow.constraints -   port_index: []
DEBUG - 2026-08-22 13:39:14,420 - jasper.toolflow.constraints -   iogroup_index: [0]
DEBUG - 2026-08-22 13:39:14,420 - jasper.toolflow.constraints -   loc: None
DEBUG - 2026-08-22 13:39:14,420 - jasper.toolflow.constraints -   iostd: None
DEBUG - 2026-08-22 13:39:14,420 - jasper.toolflow.constraints - new PortConstraint:
DEBUG - 2026-08-22 13:39:14,420 - jasper.toolflow.constraints -   portname: ONE_GBE_SGMII_RX_N
DEBUG - 2026-08-22 13:39:14,420 - jasper.toolflow.constraints -   iogroup: ONE_GBE_SGMII_RX_N
DEBUG - 2026-08-22 13:39:14,420 - jasper.toolflow.constraints -   port_index: []
DEBUG - 2026-08-22 13:39:14,420 - jasper.toolflow.constraints -   iogroup_index: [0]
DEBUG - 2026-08-22 13:39:14,420 - jasper.toolflow.constraints -   loc: None
DEBUG - 2026-08-22 13:39:14,420 - jasper.toolflow.constraints -   iostd: None
DEBUG - 2026-08-22 13:39:14,420 - jasper.toolflow.constraints - new PortConstraint:
DEBUG - 2026-08-22 13:39:14,421 - jasper.toolflow.constraints -   portname: ONE_GBE_SGMII_TX_P
DEBUG - 2026-08-22 13:39:14,421 - jasper.toolflow.constraints -   iogroup: ONE_GBE_SGMII_TX_P
DEBUG - 2026-08-22 13:39:14,421 - jasper.toolflow.constraints -   port_index: []
DEBUG - 2026-08-22 13:39:14,421 - jasper.toolflow.constraints -   iogroup_index: [0]
DEBUG - 2026-08-22 13:39:14,421 - jasper.toolflow.constraints -   loc: None
DEBUG - 2026-08-22 13:39:14,421 - jasper.toolflow.constraints -   iostd: None
DEBUG - 2026-08-22 13:39:14,421 - jasper.toolflow.constraints - new PortConstraint:
DEBUG - 2026-08-22 13:39:14,421 - jasper.toolflow.constraints -   portname: ONE_GBE_SGMII_TX_N
DEBUG - 2026-08-22 13:39:14,421 - jasper.toolflow.constraints -   iogroup: ONE_GBE_SGMII_TX_N
DEBUG - 2026-08-22 13:39:14,421 - jasper.toolflow.constraints -   port_index: []
DEBUG - 2026-08-22 13:39:14,421 - jasper.toolflow.constraints -   iogroup_index: [0]
DEBUG - 2026-08-22 13:39:14,421 - jasper.toolflow.constraints -   loc: None
DEBUG - 2026-08-22 13:39:14,421 - jasper.toolflow.constraints -   iostd: None
DEBUG - 2026-08-22 13:39:14,421 - jasper.toolflow.constraints - new PortConstraint:
DEBUG - 2026-08-22 13:39:14,421 - jasper.toolflow.constraints -   portname: ONE_GBE_MGTREFCLK_N
DEBUG - 2026-08-22 13:39:14,421 - jasper.toolflow.constraints -   iogroup: ONE_GBE_MGTREFCLK_N
DEBUG - 2026-08-22 13:39:14,421 - jasper.toolflow.constraints -   port_index: []
DEBUG - 2026-08-22 13:39:14,421 - jasper.toolflow.constraints -   iogroup_index: [0]
DEBUG - 2026-08-22 13:39:14,421 - jasper.toolflow.constraints -   loc: None
DEBUG - 2026-08-22 13:39:14,421 - jasper.toolflow.constraints -   iostd: None
DEBUG - 2026-08-22 13:39:14,421 - jasper.toolflow.constraints - new PortConstraint:
DEBUG - 2026-08-22 13:39:14,421 - jasper.toolflow.constraints -   portname: ONE_GBE_MGTREFCLK_P
DEBUG - 2026-08-22 13:39:14,421 - jasper.toolflow.constraints -   iogroup: ONE_GBE_MGTREFCLK_P
DEBUG - 2026-08-22 13:39:14,421 - jasper.toolflow.constraints -   port_index: []
DEBUG - 2026-08-22 13:39:14,421 - jasper.toolflow.constraints -   iogroup_index: [0]
DEBUG - 2026-08-22 13:39:14,421 - jasper.toolflow.constraints -   loc: None
DEBUG - 2026-08-22 13:39:14,421 - jasper.toolflow.constraints -   iostd: None
DEBUG - 2026-08-22 13:39:14,421 - jasper.toolflow.constraints - new PortConstraint:
DEBUG - 2026-08-22 13:39:14,421 - jasper.toolflow.constraints -   portname: ONE_GBE_RESET_N
DEBUG - 2026-08-22 13:39:14,421 - jasper.toolflow.constraints -   iogroup: ONE_GBE_RESET_N
DEBUG - 2026-08-22 13:39:14,421 - jasper.toolflow.constraints -   port_index: []
DEBUG - 2026-08-22 13:39:14,421 - jasper.toolflow.constraints -   iogroup_index: [0]
DEBUG - 2026-08-22 13:39:14,421 - jasper.toolflow.constraints -   loc: None
DEBUG - 2026-08-22 13:39:14,421 - jasper.toolflow.constraints -   iostd: None
DEBUG - 2026-08-22 13:39:14,421 - jasper.toolflow.constraints - New clock constraint
DEBUG - 2026-08-22 13:39:14,421 - jasper.toolflow.constraints - clock signal: ONE_GBE_MGTREFCLK_P
DEBUG - 2026-08-22 13:39:14,421 - jasper.toolflow.constraints - name: ONE_GBE_MGTREFCLK_P
DEBUG - 2026-08-22 13:39:14,421 - jasper.toolflow.constraints - freq: None
DEBUG - 2026-08-22 13:39:14,421 - jasper.toolflow.constraints - period: 8.0
DEBUG - 2026-08-22 13:39:14,421 - jasper.toolflow.constraints - port_en: True
DEBUG - 2026-08-22 13:39:14,421 - jasper.toolflow.constraints - waveform_min: 0.0
DEBUG - 2026-08-22 13:39:14,421 - jasper.toolflow.constraints - waveform_max: 4.0
DEBUG - 2026-08-22 13:39:14,421 - jasper.toolflow.constraints - virtual_en: False
DEBUG - 2026-08-22 13:39:14,421 - jasper.toolflow.constraints - New clock group constraint
DEBUG - 2026-08-22 13:39:14,421 - jasper.toolflow.constraints - clock name group 1: -of_objects [get_pins ethernet_one_gbe_skarab_axi_tx_one_gbe/gmii_to_sgmii_0/U0/core_clocking_i/mmcm_adv_inst/CLKOUT0]
DEBUG - 2026-08-22 13:39:14,421 - jasper.toolflow.constraints - clock name group 2: -of_objects [get_pins skarab_infr/SYS_CLK_MMCM_inst/CLKOUT0]
DEBUG - 2026-08-22 13:39:14,421 - jasper.toolflow.constraints - clock domain relationship: asynchronous
DEBUG - 2026-08-22 13:39:14,421 - jasper.toolflow.constraints - New clock group constraint
DEBUG - 2026-08-22 13:39:14,421 - jasper.toolflow.constraints - clock name group 1: -of_objects [get_pins skarab_infr/SYS_CLK_MMCM_inst/CLKOUT0]
DEBUG - 2026-08-22 13:39:14,421 - jasper.toolflow.constraints - clock name group 2: -of_objects [get_pins ethernet_one_gbe_skarab_axi_tx_one_gbe/gmii_to_sgmii_0/U0/core_clocking_i/mmcm_adv_inst/CLKOUT0]
DEBUG - 2026-08-22 13:39:14,421 - jasper.toolflow.constraints - clock domain relationship: asynchronous
DEBUG - 2026-08-22 13:39:14,421 - jasper.toolflow.constraints - New clock group constraint
DEBUG - 2026-08-22 13:39:14,421 - jasper.toolflow.constraints - clock name group 1: FPGA_EMCCLK2
DEBUG - 2026-08-22 13:39:14,421 - jasper.toolflow.constraints - clock name group 2: -of_objects [get_pins ethernet_one_gbe_skarab_axi_tx_one_gbe/gmii_to_sgmii_0/U0/core_clocking_i/mmcm_adv_inst/CLKOUT0]
DEBUG - 2026-08-22 13:39:14,421 - jasper.toolflow.constraints - clock domain relationship: asynchronous
DEBUG - 2026-08-22 13:39:14,421 - jasper.toolflow.constraints - New clock group constraint
DEBUG - 2026-08-22 13:39:14,421 - jasper.toolflow.constraints - clock name group 1: -of_objects [get_pins ethernet_one_gbe_skarab_axi_tx_one_gbe/gmii_to_sgmii_0/U0/core_clocking_i/mmcm_adv_inst/CLKOUT0]
DEBUG - 2026-08-22 13:39:14,421 - jasper.toolflow.constraints - clock name group 2: FPGA_EMCCLK2
DEBUG - 2026-08-22 13:39:14,421 - jasper.toolflow.constraints - clock domain relationship: asynchronous
DEBUG - 2026-08-22 13:39:14,421 - jasper.toolflow.constraints - New clock group constraint
DEBUG - 2026-08-22 13:39:14,421 - jasper.toolflow.constraints - clock name group 1: -of_objects [get_pins ethernet_one_gbe_skarab_axi_tx_one_gbe/gmii_to_sgmii_0/U0/core_clocking_i/mmcm_adv_inst/CLKOUT0]
DEBUG - 2026-08-22 13:39:14,421 - jasper.toolflow.constraints - clock name group 2: -of_objects [get_pins skarab_infr/USER_CLK_MMCM_inst/CLKOUT0]
DEBUG - 2026-08-22 13:39:14,421 - jasper.toolflow.constraints - clock domain relationship: asynchronous
DEBUG - 2026-08-22 13:39:14,421 - jasper.toolflow.constraints - New clock group constraint
DEBUG - 2026-08-22 13:39:14,421 - jasper.toolflow.constraints - clock name group 1: -of_objects [get_pins skarab_infr/USER_CLK_MMCM_inst/CLKOUT0]
DEBUG - 2026-08-22 13:39:14,421 - jasper.toolflow.constraints - clock name group 2: -of_objects [get_pins ethernet_one_gbe_skarab_axi_tx_one_gbe/gmii_to_sgmii_0/U0/core_clocking_i/mmcm_adv_inst/CLKOUT0]
DEBUG - 2026-08-22 13:39:14,421 - jasper.toolflow.constraints - clock domain relationship: asynchronous
DEBUG - 2026-08-22 13:39:14,421 - jasper.toolflow.constraints - New clock group constraint
DEBUG - 2026-08-22 13:39:14,421 - jasper.toolflow.constraints - clock name group 1: -of_objects [get_pins ethernet_one_gbe_skarab_axi_tx_one_gbe/gmii_to_sgmii_0/U0/core_clocking_i/mmcm_adv_inst/CLKOUT0]
DEBUG - 2026-08-22 13:39:14,421 - jasper.toolflow.constraints - clock name group 2: -of_objects [get_pins skarab_infr/SYS_CLK_MMCM_inst/CLKOUT1]
DEBUG - 2026-08-22 13:39:14,421 - jasper.toolflow.constraints - clock domain relationship: asynchronous
DEBUG - 2026-08-22 13:39:14,421 - jasper.toolflow.constraints - New clock group constraint
DEBUG - 2026-08-22 13:39:14,421 - jasper.toolflow.constraints - clock name group 1: -of_objects [get_pins skarab_infr/SYS_CLK_MMCM_inst/CLKOUT1]
DEBUG - 2026-08-22 13:39:14,421 - jasper.toolflow.constraints - clock name group 2: -of_objects [get_pins ethernet_one_gbe_skarab_axi_tx_one_gbe/gmii_to_sgmii_0/U0/core_clocking_i/mmcm_adv_inst/CLKOUT0]
DEBUG - 2026-08-22 13:39:14,421 - jasper.toolflow.constraints - clock domain relationship: asynchronous
DEBUG - 2026-08-22 13:39:14,421 - jasper.toolflow.constraints - New output delay constraint
DEBUG - 2026-08-22 13:39:14,421 - jasper.toolflow.constraints - clock name: -of_objects [get_pins skarab_infr/SYS_CLK_MMCM_inst/CLKOUT1]
DEBUG - 2026-08-22 13:39:14,421 - jasper.toolflow.constraints - constraint type: min
DEBUG - 2026-08-22 13:39:14,421 - jasper.toolflow.constraints - constraint delay: 1.0
DEBUG - 2026-08-22 13:39:14,421 - jasper.toolflow.constraints - add delay enabled: True
DEBUG - 2026-08-22 13:39:14,421 - jasper.toolflow.constraints - port name: ONE_GBE_RESET_N
DEBUG - 2026-08-22 13:39:14,421 - jasper.toolflow.constraints - New output delay constraint
DEBUG - 2026-08-22 13:39:14,421 - jasper.toolflow.constraints - clock name: -of_objects [get_pins skarab_infr/SYS_CLK_MMCM_inst/CLKOUT1]
DEBUG - 2026-08-22 13:39:14,421 - jasper.toolflow.constraints - constraint type: max
DEBUG - 2026-08-22 13:39:14,421 - jasper.toolflow.constraints - constraint delay: 2.0
DEBUG - 2026-08-22 13:39:14,421 - jasper.toolflow.constraints - add delay enabled: True
DEBUG - 2026-08-22 13:39:14,421 - jasper.toolflow.constraints - port name: ONE_GBE_RESET_N
DEBUG - 2026-08-22 13:39:14,421 - jasper.toolflow.constraints - new PortConstraint:
DEBUG - 2026-08-22 13:39:14,421 - jasper.toolflow.constraints -   portname: FLASH_DQ
DEBUG - 2026-08-22 13:39:14,421 - jasper.toolflow.constraints -   iogroup: FLASH_DQ
DEBUG - 2026-08-22 13:39:14,421 - jasper.toolflow.constraints -   port_index: [0, 1, 2, 3, 4, 5, 6, 7, 8, 9, 10, 11, 12, 13, 14, 15]
DEBUG - 2026-08-22 13:39:14,421 - jasper.toolflow.constraints -   iogroup_index: [0, 1, 2, 3, 4, 5, 6, 7, 8, 9, 10, 11, 12, 13, 14, 15]
DEBUG - 2026-08-22 13:39:14,421 - jasper.toolflow.constraints -   loc: None
DEBUG - 2026-08-22 13:39:14,421 - jasper.toolflow.constraints -   iostd: None
DEBUG - 2026-08-22 13:39:14,421 - jasper.toolflow.constraints - new PortConstraint:
DEBUG - 2026-08-22 13:39:14,422 - jasper.toolflow.constraints -   portname: USB_FPGA
DEBUG - 2026-08-22 13:39:14,422 - jasper.toolflow.constraints -   iogroup: USB_FPGA
DEBUG - 2026-08-22 13:39:14,422 - jasper.toolflow.constraints -   port_index: [0, 1, 2, 3]
DEBUG - 2026-08-22 13:39:14,422 - jasper.toolflow.constraints -   iogroup_index: [0, 1, 2, 3]
DEBUG - 2026-08-22 13:39:14,422 - jasper.toolflow.constraints -   loc: None
DEBUG - 2026-08-22 13:39:14,422 - jasper.toolflow.constraints -   iostd: None
DEBUG - 2026-08-22 13:39:14,422 - jasper.toolflow.constraints - new PortConstraint:
DEBUG - 2026-08-22 13:39:14,422 - jasper.toolflow.constraints -   portname: FLASH_A
DEBUG - 2026-08-22 13:39:14,422 - jasper.toolflow.constraints -   iogroup: FLASH_A
DEBUG - 2026-08-22 13:39:14,422 - jasper.toolflow.constraints -   port_index: [0, 1, 2, 3, 4, 5, 6, 7, 8, 9, 10, 11, 12, 13, 14, 15, 16, 17, 18, 19, 20, 21, 22, 23, 24, 25, 26, 27, 28]
DEBUG - 2026-08-22 13:39:14,422 - jasper.toolflow.constraints -   iogroup_index: [0, 1, 2, 3, 4, 5, 6, 7, 8, 9, 10, 11, 12, 13, 14, 15, 16, 17, 18, 19, 20, 21, 22, 23, 24, 25, 26, 27, 28]
DEBUG - 2026-08-22 13:39:14,422 - jasper.toolflow.constraints -   loc: None
DEBUG - 2026-08-22 13:39:14,422 - jasper.toolflow.constraints -   iostd: None
DEBUG - 2026-08-22 13:39:14,422 - jasper.toolflow.constraints - new PortConstraint:
DEBUG - 2026-08-22 13:39:14,422 - jasper.toolflow.constraints -   portname: GND
DEBUG - 2026-08-22 13:39:14,422 - jasper.toolflow.constraints -   iogroup: GND
DEBUG - 2026-08-22 13:39:14,422 - jasper.toolflow.constraints -   port_index: [0, 1, 2, 3, 4, 5, 6, 7, 8, 9, 10, 11, 12, 13, 14, 15]
DEBUG - 2026-08-22 13:39:14,422 - jasper.toolflow.constraints -   iogroup_index: [0, 1, 2, 3, 4, 5, 6, 7, 8, 9, 10, 11, 12, 13, 14, 15]
DEBUG - 2026-08-22 13:39:14,422 - jasper.toolflow.constraints -   loc: None
DEBUG - 2026-08-22 13:39:14,422 - jasper.toolflow.constraints -   iostd: None
DEBUG - 2026-08-22 13:39:14,422 - jasper.toolflow.constraints - new PortConstraint:
DEBUG - 2026-08-22 13:39:14,422 - jasper.toolflow.constraints -   portname: ONE_GBE_INT_N
DEBUG - 2026-08-22 13:39:14,422 - jasper.toolflow.constraints -   iogroup: ONE_GBE_INT_N
DEBUG - 2026-08-22 13:39:14,422 - jasper.toolflow.constraints -   port_index: []
DEBUG - 2026-08-22 13:39:14,422 - jasper.toolflow.constraints -   iogroup_index: [0]
DEBUG - 2026-08-22 13:39:14,422 - jasper.toolflow.constraints -   loc: None
DEBUG - 2026-08-22 13:39:14,422 - jasper.toolflow.constraints -   iostd: None
DEBUG - 2026-08-22 13:39:14,422 - jasper.toolflow.constraints - new PortConstraint:
DEBUG - 2026-08-22 13:39:14,422 - jasper.toolflow.constraints -   portname: FPGA_RESET_N
DEBUG - 2026-08-22 13:39:14,422 - jasper.toolflow.constraints -   iogroup: FPGA_RESET_N
DEBUG - 2026-08-22 13:39:14,422 - jasper.toolflow.constraints -   port_index: []
DEBUG - 2026-08-22 13:39:14,422 - jasper.toolflow.constraints -   iogroup_index: [0]
DEBUG - 2026-08-22 13:39:14,422 - jasper.toolflow.constraints -   loc: None
DEBUG - 2026-08-22 13:39:14,422 - jasper.toolflow.constraints -   iostd: None
DEBUG - 2026-08-22 13:39:14,422 - jasper.toolflow.constraints - new PortConstraint:
DEBUG - 2026-08-22 13:39:14,422 - jasper.toolflow.constraints -   portname: FLASH_WE_N
DEBUG - 2026-08-22 13:39:14,422 - jasper.toolflow.constraints -   iogroup: FLASH_WE_N
DEBUG - 2026-08-22 13:39:14,422 - jasper.toolflow.constraints -   port_index: []
DEBUG - 2026-08-22 13:39:14,422 - jasper.toolflow.constraints -   iogroup_index: [0]
DEBUG - 2026-08-22 13:39:14,422 - jasper.toolflow.constraints -   loc: None
DEBUG - 2026-08-22 13:39:14,422 - jasper.toolflow.constraints -   iostd: None
DEBUG - 2026-08-22 13:39:14,422 - jasper.toolflow.constraints - new PortConstraint:
DEBUG - 2026-08-22 13:39:14,422 - jasper.toolflow.constraints -   portname: FPGA_EMCCLK2
DEBUG - 2026-08-22 13:39:14,422 - jasper.toolflow.constraints -   iogroup: FPGA_EMCCLK2
DEBUG - 2026-08-22 13:39:14,422 - jasper.toolflow.constraints -   port_index: []
DEBUG - 2026-08-22 13:39:14,422 - jasper.toolflow.constraints -   iogroup_index: [0]
DEBUG - 2026-08-22 13:39:14,422 - jasper.toolflow.constraints -   loc: None
DEBUG - 2026-08-22 13:39:14,422 - jasper.toolflow.constraints -   iostd: None
DEBUG - 2026-08-22 13:39:14,422 - jasper.toolflow.constraints - new PortConstraint:
DEBUG - 2026-08-22 13:39:14,422 - jasper.toolflow.constraints -   portname: MEZZANINE_3_ONE_WIRE_STRONG_PULLUP_EN_N
DEBUG - 2026-08-22 13:39:14,422 - jasper.toolflow.constraints -   iogroup: MEZZANINE_3_ONE_WIRE_STRONG_PULLUP_EN_N
DEBUG - 2026-08-22 13:39:14,422 - jasper.toolflow.constraints -   port_index: []
DEBUG - 2026-08-22 13:39:14,422 - jasper.toolflow.constraints -   iogroup_index: [0]
DEBUG - 2026-08-22 13:39:14,422 - jasper.toolflow.constraints -   loc: None
DEBUG - 2026-08-22 13:39:14,422 - jasper.toolflow.constraints -   iostd: None
DEBUG - 2026-08-22 13:39:14,422 - jasper.toolflow.constraints - new PortConstraint:
DEBUG - 2026-08-22 13:39:14,422 - jasper.toolflow.constraints -   portname: MEZZANINE_2_ONE_WIRE_STRONG_PULLUP_EN_N
DEBUG - 2026-08-22 13:39:14,422 - jasper.toolflow.constraints -   iogroup: MEZZANINE_2_ONE_WIRE_STRONG_PULLUP_EN_N
DEBUG - 2026-08-22 13:39:14,422 - jasper.toolflow.constraints -   port_index: []
DEBUG - 2026-08-22 13:39:14,422 - jasper.toolflow.constraints -   iogroup_index: [0]
DEBUG - 2026-08-22 13:39:14,422 - jasper.toolflow.constraints -   loc: None
DEBUG - 2026-08-22 13:39:14,422 - jasper.toolflow.constraints -   iostd: None
DEBUG - 2026-08-22 13:39:14,422 - jasper.toolflow.constraints - new PortConstraint:
DEBUG - 2026-08-22 13:39:14,422 - jasper.toolflow.constraints -   portname: MEZZANINE_1_ONE_WIRE_STRONG_PULLUP_EN_N
DEBUG - 2026-08-22 13:39:14,422 - jasper.toolflow.constraints -   iogroup: MEZZANINE_1_ONE_WIRE_STRONG_PULLUP_EN_N
DEBUG - 2026-08-22 13:39:14,422 - jasper.toolflow.constraints -   port_index: []
DEBUG - 2026-08-22 13:39:14,422 - jasper.toolflow.constraints -   iogroup_index: [0]
DEBUG - 2026-08-22 13:39:14,422 - jasper.toolflow.constraints -   loc: None
DEBUG - 2026-08-22 13:39:14,422 - jasper.toolflow.constraints -   iostd: None
DEBUG - 2026-08-22 13:39:14,422 - jasper.toolflow.constraints - new PortConstraint:
DEBUG - 2026-08-22 13:39:14,422 - jasper.toolflow.constraints -   portname: MEZZANINE_0_ONE_WIRE_STRONG_PULLUP_EN_N
DEBUG - 2026-08-22 13:39:14,422 - jasper.toolflow.constraints -   iogroup: MEZZANINE_0_ONE_WIRE_STRONG_PULLUP_EN_N
DEBUG - 2026-08-22 13:39:14,422 - jasper.toolflow.constraints -   port_index: []
DEBUG - 2026-08-22 13:39:14,422 - jasper.toolflow.constraints -   iogroup_index: [0]
DEBUG - 2026-08-22 13:39:14,422 - jasper.toolflow.constraints -   loc: None
DEBUG - 2026-08-22 13:39:14,422 - jasper.toolflow.constraints -   iostd: None
DEBUG - 2026-08-22 13:39:14,422 - jasper.toolflow.constraints - new PortConstraint:
DEBUG - 2026-08-22 13:39:14,422 - jasper.toolflow.constraints -   portname: MEZZANINE_3_SCL_FPGA
DEBUG - 2026-08-22 13:39:14,422 - jasper.toolflow.constraints -   iogroup: MEZZANINE_3_SCL_FPGA
DEBUG - 2026-08-22 13:39:14,422 - jasper.toolflow.constraints -   port_index: []
DEBUG - 2026-08-22 13:39:14,422 - jasper.toolflow.constraints -   iogroup_index: [0]
DEBUG - 2026-08-22 13:39:14,422 - jasper.toolflow.constraints -   loc: None
DEBUG - 2026-08-22 13:39:14,422 - jasper.toolflow.constraints -   iostd: None
DEBUG - 2026-08-22 13:39:14,422 - jasper.toolflow.constraints - new PortConstraint:
DEBUG - 2026-08-22 13:39:14,422 - jasper.toolflow.constraints -   portname: MEZZANINE_2_SCL_FPGA
DEBUG - 2026-08-22 13:39:14,422 - jasper.toolflow.constraints -   iogroup: MEZZANINE_2_SCL_FPGA
DEBUG - 2026-08-22 13:39:14,422 - jasper.toolflow.constraints -   port_index: []
DEBUG - 2026-08-22 13:39:14,422 - jasper.toolflow.constraints -   iogroup_index: [0]
DEBUG - 2026-08-22 13:39:14,422 - jasper.toolflow.constraints -   loc: None
DEBUG - 2026-08-22 13:39:14,422 - jasper.toolflow.constraints -   iostd: None
DEBUG - 2026-08-22 13:39:14,422 - jasper.toolflow.constraints - new PortConstraint:
DEBUG - 2026-08-22 13:39:14,422 - jasper.toolflow.constraints -   portname: MEZZANINE_1_SCL_FPGA
DEBUG - 2026-08-22 13:39:14,422 - jasper.toolflow.constraints -   iogroup: MEZZANINE_1_SCL_FPGA
DEBUG - 2026-08-22 13:39:14,422 - jasper.toolflow.constraints -   port_index: []
DEBUG - 2026-08-22 13:39:14,422 - jasper.toolflow.constraints -   iogroup_index: [0]
DEBUG - 2026-08-22 13:39:14,422 - jasper.toolflow.constraints -   loc: None
DEBUG - 2026-08-22 13:39:14,422 - jasper.toolflow.constraints -   iostd: None
DEBUG - 2026-08-22 13:39:14,422 - jasper.toolflow.constraints - new PortConstraint:
DEBUG - 2026-08-22 13:39:14,422 - jasper.toolflow.constraints -   portname: MEZZANINE_0_SCL_FPGA
DEBUG - 2026-08-22 13:39:14,423 - jasper.toolflow.constraints -   iogroup: MEZZANINE_0_SCL_FPGA
DEBUG - 2026-08-22 13:39:14,423 - jasper.toolflow.constraints -   port_index: []
DEBUG - 2026-08-22 13:39:14,423 - jasper.toolflow.constraints -   iogroup_index: [0]
DEBUG - 2026-08-22 13:39:14,423 - jasper.toolflow.constraints -   loc: None
DEBUG - 2026-08-22 13:39:14,423 - jasper.toolflow.constraints -   iostd: None
DEBUG - 2026-08-22 13:39:14,423 - jasper.toolflow.constraints - new PortConstraint:
DEBUG - 2026-08-22 13:39:14,423 - jasper.toolflow.constraints -   portname: EMCCLK_FIX
DEBUG - 2026-08-22 13:39:14,423 - jasper.toolflow.constraints -   iogroup: EMCCLK_FIX
DEBUG - 2026-08-22 13:39:14,423 - jasper.toolflow.constraints -   port_index: []
DEBUG - 2026-08-22 13:39:14,423 - jasper.toolflow.constraints -   iogroup_index: [0]
DEBUG - 2026-08-22 13:39:14,423 - jasper.toolflow.constraints -   loc: None
DEBUG - 2026-08-22 13:39:14,423 - jasper.toolflow.constraints -   iostd: None
DEBUG - 2026-08-22 13:39:14,423 - jasper.toolflow.constraints - new PortConstraint:
DEBUG - 2026-08-22 13:39:14,423 - jasper.toolflow.constraints -   portname: ONE_WIRE_EEPROM
DEBUG - 2026-08-22 13:39:14,423 - jasper.toolflow.constraints -   iogroup: ONE_WIRE_EEPROM
DEBUG - 2026-08-22 13:39:14,423 - jasper.toolflow.constraints -   port_index: []
DEBUG - 2026-08-22 13:39:14,423 - jasper.toolflow.constraints -   iogroup_index: [0]
DEBUG - 2026-08-22 13:39:14,423 - jasper.toolflow.constraints -   loc: None
DEBUG - 2026-08-22 13:39:14,423 - jasper.toolflow.constraints -   iostd: None
DEBUG - 2026-08-22 13:39:14,423 - jasper.toolflow.constraints - new PortConstraint:
DEBUG - 2026-08-22 13:39:14,423 - jasper.toolflow.constraints -   portname: I2C_SCL_FPGA
DEBUG - 2026-08-22 13:39:14,423 - jasper.toolflow.constraints -   iogroup: I2C_SCL_FPGA
DEBUG - 2026-08-22 13:39:14,423 - jasper.toolflow.constraints -   port_index: []
DEBUG - 2026-08-22 13:39:14,423 - jasper.toolflow.constraints -   iogroup_index: [0]
DEBUG - 2026-08-22 13:39:14,423 - jasper.toolflow.constraints -   loc: None
DEBUG - 2026-08-22 13:39:14,423 - jasper.toolflow.constraints -   iostd: None
DEBUG - 2026-08-22 13:39:14,423 - jasper.toolflow.constraints - new PortConstraint:
DEBUG - 2026-08-22 13:39:14,423 - jasper.toolflow.constraints -   portname: FPGA_REFCLK_BUF0_P
DEBUG - 2026-08-22 13:39:14,423 - jasper.toolflow.constraints -   iogroup: FPGA_REFCLK_BUF0_P
DEBUG - 2026-08-22 13:39:14,423 - jasper.toolflow.constraints -   port_index: []
DEBUG - 2026-08-22 13:39:14,423 - jasper.toolflow.constraints -   iogroup_index: [0]
DEBUG - 2026-08-22 13:39:14,423 - jasper.toolflow.constraints -   loc: None
DEBUG - 2026-08-22 13:39:14,423 - jasper.toolflow.constraints -   iostd: None
DEBUG - 2026-08-22 13:39:14,423 - jasper.toolflow.constraints - new PortConstraint:
DEBUG - 2026-08-22 13:39:14,423 - jasper.toolflow.constraints -   portname: FPGA_REFCLK_BUF0_N
DEBUG - 2026-08-22 13:39:14,423 - jasper.toolflow.constraints -   iogroup: FPGA_REFCLK_BUF0_N
DEBUG - 2026-08-22 13:39:14,423 - jasper.toolflow.constraints -   port_index: []
DEBUG - 2026-08-22 13:39:14,423 - jasper.toolflow.constraints -   iogroup_index: [0]
DEBUG - 2026-08-22 13:39:14,423 - jasper.toolflow.constraints -   loc: None
DEBUG - 2026-08-22 13:39:14,423 - jasper.toolflow.constraints -   iostd: None
DEBUG - 2026-08-22 13:39:14,423 - jasper.toolflow.constraints - new PortConstraint:
DEBUG - 2026-08-22 13:39:14,423 - jasper.toolflow.constraints -   portname: ONE_GBE_LINK
DEBUG - 2026-08-22 13:39:14,423 - jasper.toolflow.constraints -   iogroup: ONE_GBE_LINK
DEBUG - 2026-08-22 13:39:14,423 - jasper.toolflow.constraints -   port_index: []
DEBUG - 2026-08-22 13:39:14,423 - jasper.toolflow.constraints -   iogroup_index: [0]
DEBUG - 2026-08-22 13:39:14,423 - jasper.toolflow.constraints -   loc: None
DEBUG - 2026-08-22 13:39:14,423 - jasper.toolflow.constraints -   iostd: None
DEBUG - 2026-08-22 13:39:14,423 - jasper.toolflow.constraints - new PortConstraint:
DEBUG - 2026-08-22 13:39:14,423 - jasper.toolflow.constraints -   portname: SPI_CLK
DEBUG - 2026-08-22 13:39:14,423 - jasper.toolflow.constraints -   iogroup: SPI_CLK
DEBUG - 2026-08-22 13:39:14,423 - jasper.toolflow.constraints -   port_index: []
DEBUG - 2026-08-22 13:39:14,423 - jasper.toolflow.constraints -   iogroup_index: [0]
DEBUG - 2026-08-22 13:39:14,423 - jasper.toolflow.constraints -   loc: None
DEBUG - 2026-08-22 13:39:14,423 - jasper.toolflow.constraints -   iostd: None
DEBUG - 2026-08-22 13:39:14,423 - jasper.toolflow.constraints - new PortConstraint:
DEBUG - 2026-08-22 13:39:14,423 - jasper.toolflow.constraints -   portname: MEZZANINE_3_INT_N
DEBUG - 2026-08-22 13:39:14,423 - jasper.toolflow.constraints -   iogroup: MEZZANINE_3_INT_N
DEBUG - 2026-08-22 13:39:14,423 - jasper.toolflow.constraints -   port_index: []
DEBUG - 2026-08-22 13:39:14,423 - jasper.toolflow.constraints -   iogroup_index: [0]
DEBUG - 2026-08-22 13:39:14,423 - jasper.toolflow.constraints -   loc: None
DEBUG - 2026-08-22 13:39:14,423 - jasper.toolflow.constraints -   iostd: None
DEBUG - 2026-08-22 13:39:14,423 - jasper.toolflow.constraints - new PortConstraint:
DEBUG - 2026-08-22 13:39:14,423 - jasper.toolflow.constraints -   portname: MEZZANINE_2_INT_N
DEBUG - 2026-08-22 13:39:14,423 - jasper.toolflow.constraints -   iogroup: MEZZANINE_2_INT_N
DEBUG - 2026-08-22 13:39:14,423 - jasper.toolflow.constraints -   port_index: []
DEBUG - 2026-08-22 13:39:14,423 - jasper.toolflow.constraints -   iogroup_index: [0]
DEBUG - 2026-08-22 13:39:14,423 - jasper.toolflow.constraints -   loc: None
DEBUG - 2026-08-22 13:39:14,423 - jasper.toolflow.constraints -   iostd: None
DEBUG - 2026-08-22 13:39:14,423 - jasper.toolflow.constraints - new PortConstraint:
DEBUG - 2026-08-22 13:39:14,423 - jasper.toolflow.constraints -   portname: MEZZANINE_1_INT_N
DEBUG - 2026-08-22 13:39:14,423 - jasper.toolflow.constraints -   iogroup: MEZZANINE_1_INT_N
DEBUG - 2026-08-22 13:39:14,423 - jasper.toolflow.constraints -   port_index: []
DEBUG - 2026-08-22 13:39:14,423 - jasper.toolflow.constraints -   iogroup_index: [0]
DEBUG - 2026-08-22 13:39:14,423 - jasper.toolflow.constraints -   loc: None
DEBUG - 2026-08-22 13:39:14,423 - jasper.toolflow.constraints -   iostd: None
DEBUG - 2026-08-22 13:39:14,423 - jasper.toolflow.constraints - new PortConstraint:
DEBUG - 2026-08-22 13:39:14,423 - jasper.toolflow.constraints -   portname: MEZZANINE_0_INT_N
DEBUG - 2026-08-22 13:39:14,423 - jasper.toolflow.constraints -   iogroup: MEZZANINE_0_INT_N
DEBUG - 2026-08-22 13:39:14,423 - jasper.toolflow.constraints -   port_index: []
DEBUG - 2026-08-22 13:39:14,423 - jasper.toolflow.constraints -   iogroup_index: [0]
DEBUG - 2026-08-22 13:39:14,423 - jasper.toolflow.constraints -   loc: None
DEBUG - 2026-08-22 13:39:14,423 - jasper.toolflow.constraints -   iostd: None
DEBUG - 2026-08-22 13:39:14,423 - jasper.toolflow.constraints - new PortConstraint:
DEBUG - 2026-08-22 13:39:14,423 - jasper.toolflow.constraints -   portname: SPI_MISO
DEBUG - 2026-08-22 13:39:14,423 - jasper.toolflow.constraints -   iogroup: SPI_MISO
DEBUG - 2026-08-22 13:39:14,423 - jasper.toolflow.constraints -   port_index: []
DEBUG - 2026-08-22 13:39:14,423 - jasper.toolflow.constraints -   iogroup_index: [0]
DEBUG - 2026-08-22 13:39:14,423 - jasper.toolflow.constraints -   loc: None
DEBUG - 2026-08-22 13:39:14,423 - jasper.toolflow.constraints -   iostd: None
DEBUG - 2026-08-22 13:39:14,423 - jasper.toolflow.constraints - new PortConstraint:
DEBUG - 2026-08-22 13:39:14,423 - jasper.toolflow.constraints -   portname: MEZZANINE_3_PRESENT_N
DEBUG - 2026-08-22 13:39:14,423 - jasper.toolflow.constraints -   iogroup: MEZZANINE_3_PRESENT_N
DEBUG - 2026-08-22 13:39:14,423 - jasper.toolflow.constraints -   port_index: []
DEBUG - 2026-08-22 13:39:14,423 - jasper.toolflow.constraints -   iogroup_index: [0]
DEBUG - 2026-08-22 13:39:14,423 - jasper.toolflow.constraints -   loc: None
DEBUG - 2026-08-22 13:39:14,423 - jasper.toolflow.constraints -   iostd: None
DEBUG - 2026-08-22 13:39:14,423 - jasper.toolflow.constraints - new PortConstraint:
DEBUG - 2026-08-22 13:39:14,423 - jasper.toolflow.constraints -   portname: MEZZANINE_2_PRESENT_N
DEBUG - 2026-08-22 13:39:14,423 - jasper.toolflow.constraints -   iogroup: MEZZANINE_2_PRESENT_N
DEBUG - 2026-08-22 13:39:14,423 - jasper.toolflow.constraints -   port_index: []
DEBUG - 2026-08-22 13:39:14,423 - jasper.toolflow.constraints -   iogroup_index: [0]
DEBUG - 2026-08-22 13:39:14,423 - jasper.toolflow.constraints -   loc: None
DEBUG - 2026-08-22 13:39:14,423 - jasper.toolflow.constraints -   iostd: None
DEBUG - 2026-08-22 13:39:14,424 - jasper.toolflow.constraints - new PortConstraint:
DEBUG - 2026-08-22 13:39:14,424 - jasper.toolflow.constraints -   portname: MEZZANINE_1_PRESENT_N
DEBUG - 2026-08-22 13:39:14,424 - jasper.toolflow.constraints -   iogroup: MEZZANINE_1_PRESENT_N
DEBUG - 2026-08-22 13:39:14,424 - jasper.toolflow.constraints -   port_index: []
DEBUG - 2026-08-22 13:39:14,424 - jasper.toolflow.constraints -   iogroup_index: [0]
DEBUG - 2026-08-22 13:39:14,424 - jasper.toolflow.constraints -   loc: None
DEBUG - 2026-08-22 13:39:14,424 - jasper.toolflow.constraints -   iostd: None
DEBUG - 2026-08-22 13:39:14,424 - jasper.toolflow.constraints - new PortConstraint:
DEBUG - 2026-08-22 13:39:14,424 - jasper.toolflow.constraints -   portname: MEZZANINE_0_PRESENT_N
DEBUG - 2026-08-22 13:39:14,424 - jasper.toolflow.constraints -   iogroup: MEZZANINE_0_PRESENT_N
DEBUG - 2026-08-22 13:39:14,424 - jasper.toolflow.constraints -   port_index: []
DEBUG - 2026-08-22 13:39:14,424 - jasper.toolflow.constraints -   iogroup_index: [0]
DEBUG - 2026-08-22 13:39:14,424 - jasper.toolflow.constraints -   loc: None
DEBUG - 2026-08-22 13:39:14,424 - jasper.toolflow.constraints -   iostd: None
DEBUG - 2026-08-22 13:39:14,424 - jasper.toolflow.constraints - new PortConstraint:
DEBUG - 2026-08-22 13:39:14,424 - jasper.toolflow.constraints -   portname: SPI_CSB
DEBUG - 2026-08-22 13:39:14,424 - jasper.toolflow.constraints -   iogroup: SPI_CSB
DEBUG - 2026-08-22 13:39:14,424 - jasper.toolflow.constraints -   port_index: []
DEBUG - 2026-08-22 13:39:14,424 - jasper.toolflow.constraints -   iogroup_index: [0]
DEBUG - 2026-08-22 13:39:14,424 - jasper.toolflow.constraints -   loc: None
DEBUG - 2026-08-22 13:39:14,424 - jasper.toolflow.constraints -   iostd: None
DEBUG - 2026-08-22 13:39:14,424 - jasper.toolflow.constraints - new PortConstraint:
DEBUG - 2026-08-22 13:39:14,424 - jasper.toolflow.constraints -   portname: FPGA_REFCLK_BUF1_P
DEBUG - 2026-08-22 13:39:14,424 - jasper.toolflow.constraints -   iogroup: FPGA_REFCLK_BUF1_P
DEBUG - 2026-08-22 13:39:14,424 - jasper.toolflow.constraints -   port_index: []
DEBUG - 2026-08-22 13:39:14,424 - jasper.toolflow.constraints -   iogroup_index: [0]
DEBUG - 2026-08-22 13:39:14,424 - jasper.toolflow.constraints -   loc: None
DEBUG - 2026-08-22 13:39:14,424 - jasper.toolflow.constraints -   iostd: None
DEBUG - 2026-08-22 13:39:14,424 - jasper.toolflow.constraints - new PortConstraint:
DEBUG - 2026-08-22 13:39:14,424 - jasper.toolflow.constraints -   portname: FPGA_REFCLK_BUF1_N
DEBUG - 2026-08-22 13:39:14,424 - jasper.toolflow.constraints -   iogroup: FPGA_REFCLK_BUF1_N
DEBUG - 2026-08-22 13:39:14,424 - jasper.toolflow.constraints -   port_index: []
DEBUG - 2026-08-22 13:39:14,424 - jasper.toolflow.constraints -   iogroup_index: [0]
DEBUG - 2026-08-22 13:39:14,424 - jasper.toolflow.constraints -   loc: None
DEBUG - 2026-08-22 13:39:14,424 - jasper.toolflow.constraints -   iostd: None
DEBUG - 2026-08-22 13:39:14,424 - jasper.toolflow.constraints - new PortConstraint:
DEBUG - 2026-08-22 13:39:14,424 - jasper.toolflow.constraints -   portname: PCIE_RST_N
DEBUG - 2026-08-22 13:39:14,424 - jasper.toolflow.constraints -   iogroup: PCIE_RST_N
DEBUG - 2026-08-22 13:39:14,424 - jasper.toolflow.constraints -   port_index: []
DEBUG - 2026-08-22 13:39:14,424 - jasper.toolflow.constraints -   iogroup_index: [0]
DEBUG - 2026-08-22 13:39:14,424 - jasper.toolflow.constraints -   loc: None
DEBUG - 2026-08-22 13:39:14,424 - jasper.toolflow.constraints -   iostd: None
DEBUG - 2026-08-22 13:39:14,424 - jasper.toolflow.constraints - new PortConstraint:
DEBUG - 2026-08-22 13:39:14,424 - jasper.toolflow.constraints -   portname: SPI_MOSI
DEBUG - 2026-08-22 13:39:14,424 - jasper.toolflow.constraints -   iogroup: SPI_MOSI
DEBUG - 2026-08-22 13:39:14,424 - jasper.toolflow.constraints -   port_index: []
DEBUG - 2026-08-22 13:39:14,424 - jasper.toolflow.constraints -   iogroup_index: [0]
DEBUG - 2026-08-22 13:39:14,424 - jasper.toolflow.constraints -   loc: None
DEBUG - 2026-08-22 13:39:14,424 - jasper.toolflow.constraints -   iostd: None
DEBUG - 2026-08-22 13:39:14,424 - jasper.toolflow.constraints - new PortConstraint:
DEBUG - 2026-08-22 13:39:14,424 - jasper.toolflow.constraints -   portname: USB_I2C_CTRL
DEBUG - 2026-08-22 13:39:14,424 - jasper.toolflow.constraints -   iogroup: USB_I2C_CTRL
DEBUG - 2026-08-22 13:39:14,424 - jasper.toolflow.constraints -   port_index: []
DEBUG - 2026-08-22 13:39:14,424 - jasper.toolflow.constraints -   iogroup_index: [0]
DEBUG - 2026-08-22 13:39:14,424 - jasper.toolflow.constraints -   loc: None
DEBUG - 2026-08-22 13:39:14,424 - jasper.toolflow.constraints -   iostd: None
DEBUG - 2026-08-22 13:39:14,424 - jasper.toolflow.constraints - new PortConstraint:
DEBUG - 2026-08-22 13:39:14,424 - jasper.toolflow.constraints -   portname: DEBUG_UART_RX
DEBUG - 2026-08-22 13:39:14,424 - jasper.toolflow.constraints -   iogroup: DEBUG_UART_RX
DEBUG - 2026-08-22 13:39:14,424 - jasper.toolflow.constraints -   port_index: []
DEBUG - 2026-08-22 13:39:14,424 - jasper.toolflow.constraints -   iogroup_index: [0]
DEBUG - 2026-08-22 13:39:14,424 - jasper.toolflow.constraints -   loc: None
DEBUG - 2026-08-22 13:39:14,424 - jasper.toolflow.constraints -   iostd: None
DEBUG - 2026-08-22 13:39:14,424 - jasper.toolflow.constraints - new PortConstraint:
DEBUG - 2026-08-22 13:39:14,424 - jasper.toolflow.constraints -   portname: USB_UART_RXD
DEBUG - 2026-08-22 13:39:14,424 - jasper.toolflow.constraints -   iogroup: USB_UART_RXD
DEBUG - 2026-08-22 13:39:14,424 - jasper.toolflow.constraints -   port_index: []
DEBUG - 2026-08-22 13:39:14,424 - jasper.toolflow.constraints -   iogroup_index: [0]
DEBUG - 2026-08-22 13:39:14,424 - jasper.toolflow.constraints -   loc: None
DEBUG - 2026-08-22 13:39:14,424 - jasper.toolflow.constraints -   iostd: None
DEBUG - 2026-08-22 13:39:14,424 - jasper.toolflow.constraints - new PortConstraint:
DEBUG - 2026-08-22 13:39:14,424 - jasper.toolflow.constraints -   portname: FAN_CONT_RST_N
DEBUG - 2026-08-22 13:39:14,424 - jasper.toolflow.constraints -   iogroup: FAN_CONT_RST_N
DEBUG - 2026-08-22 13:39:14,424 - jasper.toolflow.constraints -   port_index: []
DEBUG - 2026-08-22 13:39:14,424 - jasper.toolflow.constraints -   iogroup_index: [0]
DEBUG - 2026-08-22 13:39:14,424 - jasper.toolflow.constraints -   loc: None
DEBUG - 2026-08-22 13:39:14,424 - jasper.toolflow.constraints -   iostd: None
DEBUG - 2026-08-22 13:39:14,424 - jasper.toolflow.constraints - new PortConstraint:
DEBUG - 2026-08-22 13:39:14,424 - jasper.toolflow.constraints -   portname: CPU_SUS_S3_N
DEBUG - 2026-08-22 13:39:14,424 - jasper.toolflow.constraints -   iogroup: CPU_SUS_S3_N
DEBUG - 2026-08-22 13:39:14,424 - jasper.toolflow.constraints -   port_index: []
DEBUG - 2026-08-22 13:39:14,424 - jasper.toolflow.constraints -   iogroup_index: [0]
DEBUG - 2026-08-22 13:39:14,424 - jasper.toolflow.constraints -   loc: None
DEBUG - 2026-08-22 13:39:14,424 - jasper.toolflow.constraints -   iostd: None
DEBUG - 2026-08-22 13:39:14,424 - jasper.toolflow.constraints - new PortConstraint:
DEBUG - 2026-08-22 13:39:14,424 - jasper.toolflow.constraints -   portname: MEZZANINE_COMBINED_FAULT
DEBUG - 2026-08-22 13:39:14,424 - jasper.toolflow.constraints -   iogroup: MEZZANINE_COMBINED_FAULT
DEBUG - 2026-08-22 13:39:14,424 - jasper.toolflow.constraints -   port_index: []
DEBUG - 2026-08-22 13:39:14,424 - jasper.toolflow.constraints -   iogroup_index: [0]
DEBUG - 2026-08-22 13:39:14,424 - jasper.toolflow.constraints -   loc: None
DEBUG - 2026-08-22 13:39:14,424 - jasper.toolflow.constraints -   iostd: None
DEBUG - 2026-08-22 13:39:14,424 - jasper.toolflow.constraints - new PortConstraint:
DEBUG - 2026-08-22 13:39:14,424 - jasper.toolflow.constraints -   portname: EMCCLK
DEBUG - 2026-08-22 13:39:14,424 - jasper.toolflow.constraints -   iogroup: EMCCLK
DEBUG - 2026-08-22 13:39:14,424 - jasper.toolflow.constraints -   port_index: []
DEBUG - 2026-08-22 13:39:14,424 - jasper.toolflow.constraints -   iogroup_index: [0]
DEBUG - 2026-08-22 13:39:14,424 - jasper.toolflow.constraints -   loc: None
DEBUG - 2026-08-22 13:39:14,424 - jasper.toolflow.constraints -   iostd: None
DEBUG - 2026-08-22 13:39:14,424 - jasper.toolflow.constraints - new PortConstraint:
DEBUG - 2026-08-22 13:39:14,424 - jasper.toolflow.constraints -   portname: MONITOR_ALERT_N
DEBUG - 2026-08-22 13:39:14,424 - jasper.toolflow.constraints -   iogroup: MONITOR_ALERT_N
DEBUG - 2026-08-22 13:39:14,425 - jasper.toolflow.constraints -   port_index: []
DEBUG - 2026-08-22 13:39:14,425 - jasper.toolflow.constraints -   iogroup_index: [0]
DEBUG - 2026-08-22 13:39:14,425 - jasper.toolflow.constraints -   loc: None
DEBUG - 2026-08-22 13:39:14,425 - jasper.toolflow.constraints -   iostd: None
DEBUG - 2026-08-22 13:39:14,425 - jasper.toolflow.constraints - new PortConstraint:
DEBUG - 2026-08-22 13:39:14,425 - jasper.toolflow.constraints -   portname: I2C_RESET_FPGA
DEBUG - 2026-08-22 13:39:14,425 - jasper.toolflow.constraints -   iogroup: I2C_RESET_FPGA
DEBUG - 2026-08-22 13:39:14,425 - jasper.toolflow.constraints -   port_index: []
DEBUG - 2026-08-22 13:39:14,425 - jasper.toolflow.constraints -   iogroup_index: [0]
DEBUG - 2026-08-22 13:39:14,425 - jasper.toolflow.constraints -   loc: None
DEBUG - 2026-08-22 13:39:14,425 - jasper.toolflow.constraints -   iostd: None
DEBUG - 2026-08-22 13:39:14,425 - jasper.toolflow.constraints - new PortConstraint:
DEBUG - 2026-08-22 13:39:14,425 - jasper.toolflow.constraints -   portname: I2C_SDA_FPGA
DEBUG - 2026-08-22 13:39:14,425 - jasper.toolflow.constraints -   iogroup: I2C_SDA_FPGA
DEBUG - 2026-08-22 13:39:14,425 - jasper.toolflow.constraints -   port_index: []
DEBUG - 2026-08-22 13:39:14,425 - jasper.toolflow.constraints -   iogroup_index: [0]
DEBUG - 2026-08-22 13:39:14,425 - jasper.toolflow.constraints -   loc: None
DEBUG - 2026-08-22 13:39:14,425 - jasper.toolflow.constraints -   iostd: None
DEBUG - 2026-08-22 13:39:14,425 - jasper.toolflow.constraints - new PortConstraint:
DEBUG - 2026-08-22 13:39:14,425 - jasper.toolflow.constraints -   portname: MEZZANINE_3_FAULT_N
DEBUG - 2026-08-22 13:39:14,425 - jasper.toolflow.constraints -   iogroup: MEZZANINE_3_FAULT_N
DEBUG - 2026-08-22 13:39:14,425 - jasper.toolflow.constraints -   port_index: []
DEBUG - 2026-08-22 13:39:14,425 - jasper.toolflow.constraints -   iogroup_index: [0]
DEBUG - 2026-08-22 13:39:14,425 - jasper.toolflow.constraints -   loc: None
DEBUG - 2026-08-22 13:39:14,425 - jasper.toolflow.constraints -   iostd: None
DEBUG - 2026-08-22 13:39:14,425 - jasper.toolflow.constraints - new PortConstraint:
DEBUG - 2026-08-22 13:39:14,425 - jasper.toolflow.constraints -   portname: MEZZANINE_2_FAULT_N
DEBUG - 2026-08-22 13:39:14,425 - jasper.toolflow.constraints -   iogroup: MEZZANINE_2_FAULT_N
DEBUG - 2026-08-22 13:39:14,425 - jasper.toolflow.constraints -   port_index: []
DEBUG - 2026-08-22 13:39:14,425 - jasper.toolflow.constraints -   iogroup_index: [0]
DEBUG - 2026-08-22 13:39:14,425 - jasper.toolflow.constraints -   loc: None
DEBUG - 2026-08-22 13:39:14,425 - jasper.toolflow.constraints -   iostd: None
DEBUG - 2026-08-22 13:39:14,425 - jasper.toolflow.constraints - new PortConstraint:
DEBUG - 2026-08-22 13:39:14,425 - jasper.toolflow.constraints -   portname: MEZZANINE_1_FAULT_N
DEBUG - 2026-08-22 13:39:14,425 - jasper.toolflow.constraints -   iogroup: MEZZANINE_1_FAULT_N
DEBUG - 2026-08-22 13:39:14,425 - jasper.toolflow.constraints -   port_index: []
DEBUG - 2026-08-22 13:39:14,425 - jasper.toolflow.constraints -   iogroup_index: [0]
DEBUG - 2026-08-22 13:39:14,425 - jasper.toolflow.constraints -   loc: None
DEBUG - 2026-08-22 13:39:14,425 - jasper.toolflow.constraints -   iostd: None
DEBUG - 2026-08-22 13:39:14,425 - jasper.toolflow.constraints - new PortConstraint:
DEBUG - 2026-08-22 13:39:14,425 - jasper.toolflow.constraints -   portname: MEZZANINE_0_FAULT_N
DEBUG - 2026-08-22 13:39:14,425 - jasper.toolflow.constraints -   iogroup: MEZZANINE_0_FAULT_N
DEBUG - 2026-08-22 13:39:14,425 - jasper.toolflow.constraints -   port_index: []
DEBUG - 2026-08-22 13:39:14,425 - jasper.toolflow.constraints -   iogroup_index: [0]
DEBUG - 2026-08-22 13:39:14,425 - jasper.toolflow.constraints -   loc: None
DEBUG - 2026-08-22 13:39:14,425 - jasper.toolflow.constraints -   iostd: None
DEBUG - 2026-08-22 13:39:14,425 - jasper.toolflow.constraints - new PortConstraint:
DEBUG - 2026-08-22 13:39:14,425 - jasper.toolflow.constraints -   portname: FAN_CONT_ALERT_N
DEBUG - 2026-08-22 13:39:14,425 - jasper.toolflow.constraints -   iogroup: FAN_CONT_ALERT_N
DEBUG - 2026-08-22 13:39:14,425 - jasper.toolflow.constraints -   port_index: []
DEBUG - 2026-08-22 13:39:14,425 - jasper.toolflow.constraints -   iogroup_index: [0]
DEBUG - 2026-08-22 13:39:14,425 - jasper.toolflow.constraints -   loc: None
DEBUG - 2026-08-22 13:39:14,425 - jasper.toolflow.constraints -   iostd: None
DEBUG - 2026-08-22 13:39:14,425 - jasper.toolflow.constraints - new PortConstraint:
DEBUG - 2026-08-22 13:39:14,425 - jasper.toolflow.constraints -   portname: FLASH_CS_N
DEBUG - 2026-08-22 13:39:14,425 - jasper.toolflow.constraints -   iogroup: FLASH_CS_N
DEBUG - 2026-08-22 13:39:14,425 - jasper.toolflow.constraints -   port_index: []
DEBUG - 2026-08-22 13:39:14,425 - jasper.toolflow.constraints -   iogroup_index: [0]
DEBUG - 2026-08-22 13:39:14,425 - jasper.toolflow.constraints -   loc: None
DEBUG - 2026-08-22 13:39:14,425 - jasper.toolflow.constraints -   iostd: None
DEBUG - 2026-08-22 13:39:14,425 - jasper.toolflow.constraints - new PortConstraint:
DEBUG - 2026-08-22 13:39:14,425 - jasper.toolflow.constraints -   portname: ONE_WIRE_EEPROM_STRONG_PULLUP_EN_N
DEBUG - 2026-08-22 13:39:14,425 - jasper.toolflow.constraints -   iogroup: ONE_WIRE_EEPROM_STRONG_PULLUP_EN_N
DEBUG - 2026-08-22 13:39:14,425 - jasper.toolflow.constraints -   port_index: []
DEBUG - 2026-08-22 13:39:14,425 - jasper.toolflow.constraints -   iogroup_index: [0]
DEBUG - 2026-08-22 13:39:14,425 - jasper.toolflow.constraints -   loc: None
DEBUG - 2026-08-22 13:39:14,425 - jasper.toolflow.constraints -   iostd: None
DEBUG - 2026-08-22 13:39:14,425 - jasper.toolflow.constraints - new PortConstraint:
DEBUG - 2026-08-22 13:39:14,425 - jasper.toolflow.constraints -   portname: CPU_SUS_STAT_N
DEBUG - 2026-08-22 13:39:14,425 - jasper.toolflow.constraints -   iogroup: CPU_SUS_STAT_N
DEBUG - 2026-08-22 13:39:14,425 - jasper.toolflow.constraints -   port_index: []
DEBUG - 2026-08-22 13:39:14,425 - jasper.toolflow.constraints -   iogroup_index: [0]
DEBUG - 2026-08-22 13:39:14,425 - jasper.toolflow.constraints -   loc: None
DEBUG - 2026-08-22 13:39:14,425 - jasper.toolflow.constraints -   iostd: None
DEBUG - 2026-08-22 13:39:14,425 - jasper.toolflow.constraints - new PortConstraint:
DEBUG - 2026-08-22 13:39:14,425 - jasper.toolflow.constraints -   portname: USB_UART_TXD
DEBUG - 2026-08-22 13:39:14,425 - jasper.toolflow.constraints -   iogroup: USB_UART_TXD
DEBUG - 2026-08-22 13:39:14,425 - jasper.toolflow.constraints -   port_index: []
DEBUG - 2026-08-22 13:39:14,425 - jasper.toolflow.constraints -   iogroup_index: [0]
DEBUG - 2026-08-22 13:39:14,425 - jasper.toolflow.constraints -   loc: None
DEBUG - 2026-08-22 13:39:14,425 - jasper.toolflow.constraints -   iostd: None
DEBUG - 2026-08-22 13:39:14,425 - jasper.toolflow.constraints - new PortConstraint:
DEBUG - 2026-08-22 13:39:14,425 - jasper.toolflow.constraints -   portname: FLASH_ADV_N
DEBUG - 2026-08-22 13:39:14,425 - jasper.toolflow.constraints -   iogroup: FLASH_ADV_N
DEBUG - 2026-08-22 13:39:14,425 - jasper.toolflow.constraints -   port_index: []
DEBUG - 2026-08-22 13:39:14,425 - jasper.toolflow.constraints -   iogroup_index: [0]
DEBUG - 2026-08-22 13:39:14,425 - jasper.toolflow.constraints -   loc: None
DEBUG - 2026-08-22 13:39:14,425 - jasper.toolflow.constraints -   iostd: None
DEBUG - 2026-08-22 13:39:14,425 - jasper.toolflow.constraints - new PortConstraint:
DEBUG - 2026-08-22 13:39:14,425 - jasper.toolflow.constraints -   portname: FAN_CONT_FAULT_N
DEBUG - 2026-08-22 13:39:14,425 - jasper.toolflow.constraints -   iogroup: FAN_CONT_FAULT_N
DEBUG - 2026-08-22 13:39:14,425 - jasper.toolflow.constraints -   port_index: []
DEBUG - 2026-08-22 13:39:14,425 - jasper.toolflow.constraints -   iogroup_index: [0]
DEBUG - 2026-08-22 13:39:14,425 - jasper.toolflow.constraints -   loc: None
DEBUG - 2026-08-22 13:39:14,425 - jasper.toolflow.constraints -   iostd: None
DEBUG - 2026-08-22 13:39:14,425 - jasper.toolflow.constraints - new PortConstraint:
DEBUG - 2026-08-22 13:39:14,425 - jasper.toolflow.constraints -   portname: CPU_PWR_OK
DEBUG - 2026-08-22 13:39:14,425 - jasper.toolflow.constraints -   iogroup: CPU_PWR_OK
DEBUG - 2026-08-22 13:39:14,425 - jasper.toolflow.constraints -   port_index: []
DEBUG - 2026-08-22 13:39:14,425 - jasper.toolflow.constraints -   iogroup_index: [0]
DEBUG - 2026-08-22 13:39:14,425 - jasper.toolflow.constraints -   loc: None
DEBUG - 2026-08-22 13:39:14,425 - jasper.toolflow.constraints -   iostd: None
DEBUG - 2026-08-22 13:39:14,425 - jasper.toolflow.constraints - new PortConstraint:
DEBUG - 2026-08-22 13:39:14,425 - jasper.toolflow.constraints -   portname: MEZZANINE_3_ENABLE_N
DEBUG - 2026-08-22 13:39:14,426 - jasper.toolflow.constraints -   iogroup: MEZZANINE_3_ENABLE_N
DEBUG - 2026-08-22 13:39:14,426 - jasper.toolflow.constraints -   port_index: []
DEBUG - 2026-08-22 13:39:14,426 - jasper.toolflow.constraints -   iogroup_index: [0]
DEBUG - 2026-08-22 13:39:14,426 - jasper.toolflow.constraints -   loc: None
DEBUG - 2026-08-22 13:39:14,426 - jasper.toolflow.constraints -   iostd: None
DEBUG - 2026-08-22 13:39:14,426 - jasper.toolflow.constraints - new PortConstraint:
DEBUG - 2026-08-22 13:39:14,426 - jasper.toolflow.constraints -   portname: MEZZANINE_2_ENABLE_N
DEBUG - 2026-08-22 13:39:14,426 - jasper.toolflow.constraints -   iogroup: MEZZANINE_2_ENABLE_N
DEBUG - 2026-08-22 13:39:14,426 - jasper.toolflow.constraints -   port_index: []
DEBUG - 2026-08-22 13:39:14,426 - jasper.toolflow.constraints -   iogroup_index: [0]
DEBUG - 2026-08-22 13:39:14,426 - jasper.toolflow.constraints -   loc: None
DEBUG - 2026-08-22 13:39:14,426 - jasper.toolflow.constraints -   iostd: None
DEBUG - 2026-08-22 13:39:14,426 - jasper.toolflow.constraints - new PortConstraint:
DEBUG - 2026-08-22 13:39:14,426 - jasper.toolflow.constraints -   portname: MEZZANINE_1_ENABLE_N
DEBUG - 2026-08-22 13:39:14,426 - jasper.toolflow.constraints -   iogroup: MEZZANINE_1_ENABLE_N
DEBUG - 2026-08-22 13:39:14,426 - jasper.toolflow.constraints -   port_index: []
DEBUG - 2026-08-22 13:39:14,426 - jasper.toolflow.constraints -   iogroup_index: [0]
DEBUG - 2026-08-22 13:39:14,426 - jasper.toolflow.constraints -   loc: None
DEBUG - 2026-08-22 13:39:14,426 - jasper.toolflow.constraints -   iostd: None
DEBUG - 2026-08-22 13:39:14,426 - jasper.toolflow.constraints - new PortConstraint:
DEBUG - 2026-08-22 13:39:14,426 - jasper.toolflow.constraints -   portname: MEZZANINE_0_ENABLE_N
DEBUG - 2026-08-22 13:39:14,426 - jasper.toolflow.constraints -   iogroup: MEZZANINE_0_ENABLE_N
DEBUG - 2026-08-22 13:39:14,426 - jasper.toolflow.constraints -   port_index: []
DEBUG - 2026-08-22 13:39:14,426 - jasper.toolflow.constraints -   iogroup_index: [0]
DEBUG - 2026-08-22 13:39:14,426 - jasper.toolflow.constraints -   loc: None
DEBUG - 2026-08-22 13:39:14,426 - jasper.toolflow.constraints -   iostd: None
DEBUG - 2026-08-22 13:39:14,426 - jasper.toolflow.constraints - new PortConstraint:
DEBUG - 2026-08-22 13:39:14,426 - jasper.toolflow.constraints -   portname: DEBUG_UART_TX
DEBUG - 2026-08-22 13:39:14,426 - jasper.toolflow.constraints -   iogroup: DEBUG_UART_TX
DEBUG - 2026-08-22 13:39:14,426 - jasper.toolflow.constraints -   port_index: []
DEBUG - 2026-08-22 13:39:14,426 - jasper.toolflow.constraints -   iogroup_index: [0]
DEBUG - 2026-08-22 13:39:14,426 - jasper.toolflow.constraints -   loc: None
DEBUG - 2026-08-22 13:39:14,426 - jasper.toolflow.constraints -   iostd: None
DEBUG - 2026-08-22 13:39:14,426 - jasper.toolflow.constraints - new PortConstraint:
DEBUG - 2026-08-22 13:39:14,426 - jasper.toolflow.constraints -   portname: SPARTAN_CLK
DEBUG - 2026-08-22 13:39:14,426 - jasper.toolflow.constraints -   iogroup: SPARTAN_CLK
DEBUG - 2026-08-22 13:39:14,426 - jasper.toolflow.constraints -   port_index: []
DEBUG - 2026-08-22 13:39:14,426 - jasper.toolflow.constraints -   iogroup_index: [0]
DEBUG - 2026-08-22 13:39:14,426 - jasper.toolflow.constraints -   loc: None
DEBUG - 2026-08-22 13:39:14,426 - jasper.toolflow.constraints -   iostd: None
DEBUG - 2026-08-22 13:39:14,426 - jasper.toolflow.constraints - new PortConstraint:
DEBUG - 2026-08-22 13:39:14,426 - jasper.toolflow.constraints -   portname: MEZZANINE_3_RESET
DEBUG - 2026-08-22 13:39:14,426 - jasper.toolflow.constraints -   iogroup: MEZZANINE_3_RESET
DEBUG - 2026-08-22 13:39:14,426 - jasper.toolflow.constraints -   port_index: []
DEBUG - 2026-08-22 13:39:14,426 - jasper.toolflow.constraints -   iogroup_index: [0]
DEBUG - 2026-08-22 13:39:14,426 - jasper.toolflow.constraints -   loc: None
DEBUG - 2026-08-22 13:39:14,426 - jasper.toolflow.constraints -   iostd: None
DEBUG - 2026-08-22 13:39:14,426 - jasper.toolflow.constraints - new PortConstraint:
DEBUG - 2026-08-22 13:39:14,426 - jasper.toolflow.constraints -   portname: MEZZANINE_3_SDA_FPGA
DEBUG - 2026-08-22 13:39:14,426 - jasper.toolflow.constraints -   iogroup: MEZZANINE_3_SDA_FPGA
DEBUG - 2026-08-22 13:39:14,426 - jasper.toolflow.constraints -   port_index: []
DEBUG - 2026-08-22 13:39:14,426 - jasper.toolflow.constraints -   iogroup_index: [0]
DEBUG - 2026-08-22 13:39:14,426 - jasper.toolflow.constraints -   loc: None
DEBUG - 2026-08-22 13:39:14,426 - jasper.toolflow.constraints -   iostd: None
DEBUG - 2026-08-22 13:39:14,426 - jasper.toolflow.constraints - new PortConstraint:
DEBUG - 2026-08-22 13:39:14,426 - jasper.toolflow.constraints -   portname: MEZZANINE_2_SDA_FPGA
DEBUG - 2026-08-22 13:39:14,426 - jasper.toolflow.constraints -   iogroup: MEZZANINE_2_SDA_FPGA
DEBUG - 2026-08-22 13:39:14,426 - jasper.toolflow.constraints -   port_index: []
DEBUG - 2026-08-22 13:39:14,426 - jasper.toolflow.constraints -   iogroup_index: [0]
DEBUG - 2026-08-22 13:39:14,426 - jasper.toolflow.constraints -   loc: None
DEBUG - 2026-08-22 13:39:14,426 - jasper.toolflow.constraints -   iostd: None
DEBUG - 2026-08-22 13:39:14,426 - jasper.toolflow.constraints - new PortConstraint:
DEBUG - 2026-08-22 13:39:14,426 - jasper.toolflow.constraints -   portname: MEZZANINE_1_SDA_FPGA
DEBUG - 2026-08-22 13:39:14,426 - jasper.toolflow.constraints -   iogroup: MEZZANINE_1_SDA_FPGA
DEBUG - 2026-08-22 13:39:14,426 - jasper.toolflow.constraints -   port_index: []
DEBUG - 2026-08-22 13:39:14,426 - jasper.toolflow.constraints -   iogroup_index: [0]
DEBUG - 2026-08-22 13:39:14,426 - jasper.toolflow.constraints -   loc: None
DEBUG - 2026-08-22 13:39:14,426 - jasper.toolflow.constraints -   iostd: None
DEBUG - 2026-08-22 13:39:14,426 - jasper.toolflow.constraints - new PortConstraint:
DEBUG - 2026-08-22 13:39:14,426 - jasper.toolflow.constraints -   portname: MEZZANINE_0_SDA_FPGA
DEBUG - 2026-08-22 13:39:14,426 - jasper.toolflow.constraints -   iogroup: MEZZANINE_0_SDA_FPGA
DEBUG - 2026-08-22 13:39:14,426 - jasper.toolflow.constraints -   port_index: []
DEBUG - 2026-08-22 13:39:14,426 - jasper.toolflow.constraints -   iogroup_index: [0]
DEBUG - 2026-08-22 13:39:14,426 - jasper.toolflow.constraints -   loc: None
DEBUG - 2026-08-22 13:39:14,426 - jasper.toolflow.constraints -   iostd: None
DEBUG - 2026-08-22 13:39:14,426 - jasper.toolflow.constraints - new PortConstraint:
DEBUG - 2026-08-22 13:39:14,426 - jasper.toolflow.constraints -   portname: CPU_SUS_S4_N
DEBUG - 2026-08-22 13:39:14,426 - jasper.toolflow.constraints -   iogroup: CPU_SUS_S4_N
DEBUG - 2026-08-22 13:39:14,426 - jasper.toolflow.constraints -   port_index: []
DEBUG - 2026-08-22 13:39:14,426 - jasper.toolflow.constraints -   iogroup_index: [0]
DEBUG - 2026-08-22 13:39:14,426 - jasper.toolflow.constraints -   loc: None
DEBUG - 2026-08-22 13:39:14,426 - jasper.toolflow.constraints -   iostd: None
DEBUG - 2026-08-22 13:39:14,426 - jasper.toolflow.constraints - new PortConstraint:
DEBUG - 2026-08-22 13:39:14,426 - jasper.toolflow.constraints -   portname: FLASH_WAIT
DEBUG - 2026-08-22 13:39:14,426 - jasper.toolflow.constraints -   iogroup: FLASH_WAIT
DEBUG - 2026-08-22 13:39:14,426 - jasper.toolflow.constraints -   port_index: []
DEBUG - 2026-08-22 13:39:14,426 - jasper.toolflow.constraints -   iogroup_index: [0]
DEBUG - 2026-08-22 13:39:14,426 - jasper.toolflow.constraints -   loc: None
DEBUG - 2026-08-22 13:39:14,426 - jasper.toolflow.constraints -   iostd: None
DEBUG - 2026-08-22 13:39:14,426 - jasper.toolflow.constraints - new PortConstraint:
DEBUG - 2026-08-22 13:39:14,426 - jasper.toolflow.constraints -   portname: FPGA_ATX_PSU_KILL
DEBUG - 2026-08-22 13:39:14,426 - jasper.toolflow.constraints -   iogroup: FPGA_ATX_PSU_KILL
DEBUG - 2026-08-22 13:39:14,427 - jasper.toolflow.constraints -   port_index: []
DEBUG - 2026-08-22 13:39:14,427 - jasper.toolflow.constraints -   iogroup_index: [0]
DEBUG - 2026-08-22 13:39:14,427 - jasper.toolflow.constraints -   loc: None
DEBUG - 2026-08-22 13:39:14,427 - jasper.toolflow.constraints -   iostd: None
DEBUG - 2026-08-22 13:39:14,427 - jasper.toolflow.constraints - new PortConstraint:
DEBUG - 2026-08-22 13:39:14,427 - jasper.toolflow.constraints -   portname: CPU_PWR_BTN_N
DEBUG - 2026-08-22 13:39:14,427 - jasper.toolflow.constraints -   iogroup: CPU_PWR_BTN_N
DEBUG - 2026-08-22 13:39:14,427 - jasper.toolflow.constraints -   port_index: []
DEBUG - 2026-08-22 13:39:14,427 - jasper.toolflow.constraints -   iogroup_index: [0]
DEBUG - 2026-08-22 13:39:14,427 - jasper.toolflow.constraints -   loc: None
DEBUG - 2026-08-22 13:39:14,427 - jasper.toolflow.constraints -   iostd: None
DEBUG - 2026-08-22 13:39:14,427 - jasper.toolflow.constraints - new PortConstraint:
DEBUG - 2026-08-22 13:39:14,427 - jasper.toolflow.constraints -   portname: FLASH_OE_N
DEBUG - 2026-08-22 13:39:14,427 - jasper.toolflow.constraints -   iogroup: FLASH_OE_N
DEBUG - 2026-08-22 13:39:14,427 - jasper.toolflow.constraints -   port_index: []
DEBUG - 2026-08-22 13:39:14,427 - jasper.toolflow.constraints -   iogroup_index: [0]
DEBUG - 2026-08-22 13:39:14,427 - jasper.toolflow.constraints -   loc: None
DEBUG - 2026-08-22 13:39:14,427 - jasper.toolflow.constraints -   iostd: None
DEBUG - 2026-08-22 13:39:14,427 - jasper.toolflow.constraints - new PortConstraint:
DEBUG - 2026-08-22 13:39:14,427 - jasper.toolflow.constraints -   portname: MEZZANINE_3_ONE_WIRE
DEBUG - 2026-08-22 13:39:14,427 - jasper.toolflow.constraints -   iogroup: MEZZANINE_3_ONE_WIRE
DEBUG - 2026-08-22 13:39:14,427 - jasper.toolflow.constraints -   port_index: []
DEBUG - 2026-08-22 13:39:14,427 - jasper.toolflow.constraints -   iogroup_index: [0]
DEBUG - 2026-08-22 13:39:14,427 - jasper.toolflow.constraints -   loc: None
DEBUG - 2026-08-22 13:39:14,427 - jasper.toolflow.constraints -   iostd: None
DEBUG - 2026-08-22 13:39:14,427 - jasper.toolflow.constraints - new PortConstraint:
DEBUG - 2026-08-22 13:39:14,427 - jasper.toolflow.constraints -   portname: MEZZANINE_2_ONE_WIRE
DEBUG - 2026-08-22 13:39:14,427 - jasper.toolflow.constraints -   iogroup: MEZZANINE_2_ONE_WIRE
DEBUG - 2026-08-22 13:39:14,427 - jasper.toolflow.constraints -   port_index: []
DEBUG - 2026-08-22 13:39:14,427 - jasper.toolflow.constraints -   iogroup_index: [0]
DEBUG - 2026-08-22 13:39:14,427 - jasper.toolflow.constraints -   loc: None
DEBUG - 2026-08-22 13:39:14,427 - jasper.toolflow.constraints -   iostd: None
DEBUG - 2026-08-22 13:39:14,427 - jasper.toolflow.constraints - new PortConstraint:
DEBUG - 2026-08-22 13:39:14,427 - jasper.toolflow.constraints -   portname: MEZZANINE_1_ONE_WIRE
DEBUG - 2026-08-22 13:39:14,427 - jasper.toolflow.constraints -   iogroup: MEZZANINE_1_ONE_WIRE
DEBUG - 2026-08-22 13:39:14,427 - jasper.toolflow.constraints -   port_index: []
DEBUG - 2026-08-22 13:39:14,427 - jasper.toolflow.constraints -   iogroup_index: [0]
DEBUG - 2026-08-22 13:39:14,427 - jasper.toolflow.constraints -   loc: None
DEBUG - 2026-08-22 13:39:14,427 - jasper.toolflow.constraints -   iostd: None
DEBUG - 2026-08-22 13:39:14,427 - jasper.toolflow.constraints - new PortConstraint:
DEBUG - 2026-08-22 13:39:14,427 - jasper.toolflow.constraints -   portname: MEZZANINE_0_ONE_WIRE
DEBUG - 2026-08-22 13:39:14,427 - jasper.toolflow.constraints -   iogroup: MEZZANINE_0_ONE_WIRE
DEBUG - 2026-08-22 13:39:14,427 - jasper.toolflow.constraints -   port_index: []
DEBUG - 2026-08-22 13:39:14,427 - jasper.toolflow.constraints -   iogroup_index: [0]
DEBUG - 2026-08-22 13:39:14,427 - jasper.toolflow.constraints -   loc: None
DEBUG - 2026-08-22 13:39:14,427 - jasper.toolflow.constraints -   iostd: None
DEBUG - 2026-08-22 13:39:14,427 - jasper.toolflow.constraints - new PortConstraint:
DEBUG - 2026-08-22 13:39:14,427 - jasper.toolflow.constraints -   portname: FLASH_RS1
DEBUG - 2026-08-22 13:39:14,427 - jasper.toolflow.constraints -   iogroup: FLASH_RS1
DEBUG - 2026-08-22 13:39:14,427 - jasper.toolflow.constraints -   port_index: []
DEBUG - 2026-08-22 13:39:14,427 - jasper.toolflow.constraints -   iogroup_index: [0]
DEBUG - 2026-08-22 13:39:14,427 - jasper.toolflow.constraints -   loc: None
DEBUG - 2026-08-22 13:39:14,427 - jasper.toolflow.constraints -   iostd: None
DEBUG - 2026-08-22 13:39:14,427 - jasper.toolflow.constraints - new PortConstraint:
DEBUG - 2026-08-22 13:39:14,427 - jasper.toolflow.constraints -   portname: FLASH_RS0
DEBUG - 2026-08-22 13:39:14,427 - jasper.toolflow.constraints -   iogroup: FLASH_RS0
DEBUG - 2026-08-22 13:39:14,427 - jasper.toolflow.constraints -   port_index: []
DEBUG - 2026-08-22 13:39:14,427 - jasper.toolflow.constraints -   iogroup_index: [0]
DEBUG - 2026-08-22 13:39:14,427 - jasper.toolflow.constraints -   loc: None
DEBUG - 2026-08-22 13:39:14,427 - jasper.toolflow.constraints -   iostd: None
DEBUG - 2026-08-22 13:39:14,427 - jasper.toolflow.constraints - new PortConstraint:
DEBUG - 2026-08-22 13:39:14,427 - jasper.toolflow.constraints -   portname: CPU_SYS_RESET_N
DEBUG - 2026-08-22 13:39:14,427 - jasper.toolflow.constraints -   iogroup: CPU_SYS_RESET_N
DEBUG - 2026-08-22 13:39:14,427 - jasper.toolflow.constraints -   port_index: []
DEBUG - 2026-08-22 13:39:14,427 - jasper.toolflow.constraints -   iogroup_index: [0]
DEBUG - 2026-08-22 13:39:14,427 - jasper.toolflow.constraints -   loc: None
DEBUG - 2026-08-22 13:39:14,427 - jasper.toolflow.constraints -   iostd: None
DEBUG - 2026-08-22 13:39:14,427 - jasper.toolflow.constraints - new PortConstraint:
DEBUG - 2026-08-22 13:39:14,427 - jasper.toolflow.constraints -   portname: MEZZANINE_3_CLK_SEL
DEBUG - 2026-08-22 13:39:14,427 - jasper.toolflow.constraints -   iogroup: MEZZANINE_3_CLK_SEL
DEBUG - 2026-08-22 13:39:14,427 - jasper.toolflow.constraints -   port_index: []
DEBUG - 2026-08-22 13:39:14,427 - jasper.toolflow.constraints -   iogroup_index: [0]
DEBUG - 2026-08-22 13:39:14,427 - jasper.toolflow.constraints -   loc: None
DEBUG - 2026-08-22 13:39:14,427 - jasper.toolflow.constraints -   iostd: None
DEBUG - 2026-08-22 13:39:14,427 - jasper.toolflow.constraints - new PortConstraint:
DEBUG - 2026-08-22 13:39:14,427 - jasper.toolflow.constraints -   portname: CPU_SUS_S5_N
DEBUG - 2026-08-22 13:39:14,427 - jasper.toolflow.constraints -   iogroup: CPU_SUS_S5_N
DEBUG - 2026-08-22 13:39:14,427 - jasper.toolflow.constraints -   port_index: []
DEBUG - 2026-08-22 13:39:14,427 - jasper.toolflow.constraints -   iogroup_index: [0]
DEBUG - 2026-08-22 13:39:14,427 - jasper.toolflow.constraints -   loc: None
DEBUG - 2026-08-22 13:39:14,427 - jasper.toolflow.constraints -   iostd: None
DEBUG - 2026-08-22 13:39:14,427 - jasper.toolflow.constraints - new PortConstraint:
DEBUG - 2026-08-22 13:39:14,427 - jasper.toolflow.constraints -   portname: CONFIG_IO_0
DEBUG - 2026-08-22 13:39:14,427 - jasper.toolflow.constraints -   iogroup: CONFIG_IO_0
DEBUG - 2026-08-22 13:39:14,427 - jasper.toolflow.constraints -   port_index: []
DEBUG - 2026-08-22 13:39:14,427 - jasper.toolflow.constraints -   iogroup_index: [0]
DEBUG - 2026-08-22 13:39:14,427 - jasper.toolflow.constraints -   loc: None
DEBUG - 2026-08-22 13:39:14,427 - jasper.toolflow.constraints -   iostd: None
DEBUG - 2026-08-22 13:39:14,427 - jasper.toolflow.constraints - new PortConstraint:
DEBUG - 2026-08-22 13:39:14,427 - jasper.toolflow.constraints -   portname: CONFIG_IO_1
DEBUG - 2026-08-22 13:39:14,427 - jasper.toolflow.constraints -   iogroup: CONFIG_IO_1
DEBUG - 2026-08-22 13:39:14,427 - jasper.toolflow.constraints -   port_index: []
DEBUG - 2026-08-22 13:39:14,427 - jasper.toolflow.constraints -   iogroup_index: [0]
DEBUG - 2026-08-22 13:39:14,427 - jasper.toolflow.constraints -   loc: None
DEBUG - 2026-08-22 13:39:14,427 - jasper.toolflow.constraints -   iostd: None
DEBUG - 2026-08-22 13:39:14,427 - jasper.toolflow.constraints - new PortConstraint:
DEBUG - 2026-08-22 13:39:14,427 - jasper.toolflow.constraints -   portname: CONFIG_IO_2
DEBUG - 2026-08-22 13:39:14,427 - jasper.toolflow.constraints -   iogroup: CONFIG_IO_2
DEBUG - 2026-08-22 13:39:14,427 - jasper.toolflow.constraints -   port_index: []
DEBUG - 2026-08-22 13:39:14,427 - jasper.toolflow.constraints -   iogroup_index: [0]
DEBUG - 2026-08-22 13:39:14,427 - jasper.toolflow.constraints -   loc: None
DEBUG - 2026-08-22 13:39:14,427 - jasper.toolflow.constraints -   iostd: None
DEBUG - 2026-08-22 13:39:14,428 - jasper.toolflow.constraints - new PortConstraint:
DEBUG - 2026-08-22 13:39:14,428 - jasper.toolflow.constraints -   portname: CONFIG_IO_3
DEBUG - 2026-08-22 13:39:14,428 - jasper.toolflow.constraints -   iogroup: CONFIG_IO_3
DEBUG - 2026-08-22 13:39:14,428 - jasper.toolflow.constraints -   port_index: []
DEBUG - 2026-08-22 13:39:14,428 - jasper.toolflow.constraints -   iogroup_index: [0]
DEBUG - 2026-08-22 13:39:14,428 - jasper.toolflow.constraints -   loc: None
DEBUG - 2026-08-22 13:39:14,428 - jasper.toolflow.constraints -   iostd: None
DEBUG - 2026-08-22 13:39:14,428 - jasper.toolflow.constraints - new PortConstraint:
DEBUG - 2026-08-22 13:39:14,428 - jasper.toolflow.constraints -   portname: CONFIG_IO_4
DEBUG - 2026-08-22 13:39:14,428 - jasper.toolflow.constraints -   iogroup: CONFIG_IO_4
DEBUG - 2026-08-22 13:39:14,428 - jasper.toolflow.constraints -   port_index: []
DEBUG - 2026-08-22 13:39:14,428 - jasper.toolflow.constraints -   iogroup_index: [0]
DEBUG - 2026-08-22 13:39:14,428 - jasper.toolflow.constraints -   loc: None
DEBUG - 2026-08-22 13:39:14,428 - jasper.toolflow.constraints -   iostd: None
DEBUG - 2026-08-22 13:39:14,428 - jasper.toolflow.constraints - new PortConstraint:
DEBUG - 2026-08-22 13:39:14,428 - jasper.toolflow.constraints -   portname: CONFIG_IO_5
DEBUG - 2026-08-22 13:39:14,428 - jasper.toolflow.constraints -   iogroup: CONFIG_IO_5
DEBUG - 2026-08-22 13:39:14,428 - jasper.toolflow.constraints -   port_index: []
DEBUG - 2026-08-22 13:39:14,428 - jasper.toolflow.constraints -   iogroup_index: [0]
DEBUG - 2026-08-22 13:39:14,428 - jasper.toolflow.constraints -   loc: None
DEBUG - 2026-08-22 13:39:14,428 - jasper.toolflow.constraints -   iostd: None
DEBUG - 2026-08-22 13:39:14,428 - jasper.toolflow.constraints - new PortConstraint:
DEBUG - 2026-08-22 13:39:14,428 - jasper.toolflow.constraints -   portname: CONFIG_IO_6
DEBUG - 2026-08-22 13:39:14,428 - jasper.toolflow.constraints -   iogroup: CONFIG_IO_6
DEBUG - 2026-08-22 13:39:14,428 - jasper.toolflow.constraints -   port_index: []
DEBUG - 2026-08-22 13:39:14,428 - jasper.toolflow.constraints -   iogroup_index: [0]
DEBUG - 2026-08-22 13:39:14,428 - jasper.toolflow.constraints -   loc: None
DEBUG - 2026-08-22 13:39:14,428 - jasper.toolflow.constraints -   iostd: None
DEBUG - 2026-08-22 13:39:14,428 - jasper.toolflow.constraints - new PortConstraint:
DEBUG - 2026-08-22 13:39:14,428 - jasper.toolflow.constraints -   portname: CONFIG_IO_7
DEBUG - 2026-08-22 13:39:14,428 - jasper.toolflow.constraints -   iogroup: CONFIG_IO_7
DEBUG - 2026-08-22 13:39:14,428 - jasper.toolflow.constraints -   port_index: []
DEBUG - 2026-08-22 13:39:14,428 - jasper.toolflow.constraints -   iogroup_index: [0]
DEBUG - 2026-08-22 13:39:14,428 - jasper.toolflow.constraints -   loc: None
DEBUG - 2026-08-22 13:39:14,428 - jasper.toolflow.constraints -   iostd: None
DEBUG - 2026-08-22 13:39:14,428 - jasper.toolflow.constraints - new PortConstraint:
DEBUG - 2026-08-22 13:39:14,428 - jasper.toolflow.constraints -   portname: CONFIG_IO_8
DEBUG - 2026-08-22 13:39:14,428 - jasper.toolflow.constraints -   iogroup: CONFIG_IO_8
DEBUG - 2026-08-22 13:39:14,428 - jasper.toolflow.constraints -   port_index: []
DEBUG - 2026-08-22 13:39:14,428 - jasper.toolflow.constraints -   iogroup_index: [0]
DEBUG - 2026-08-22 13:39:14,428 - jasper.toolflow.constraints -   loc: None
DEBUG - 2026-08-22 13:39:14,428 - jasper.toolflow.constraints -   iostd: None
DEBUG - 2026-08-22 13:39:14,428 - jasper.toolflow.constraints - new PortConstraint:
DEBUG - 2026-08-22 13:39:14,428 - jasper.toolflow.constraints -   portname: CONFIG_IO_9
DEBUG - 2026-08-22 13:39:14,428 - jasper.toolflow.constraints -   iogroup: CONFIG_IO_9
DEBUG - 2026-08-22 13:39:14,428 - jasper.toolflow.constraints -   port_index: []
DEBUG - 2026-08-22 13:39:14,428 - jasper.toolflow.constraints -   iogroup_index: [0]
DEBUG - 2026-08-22 13:39:14,428 - jasper.toolflow.constraints -   loc: None
DEBUG - 2026-08-22 13:39:14,428 - jasper.toolflow.constraints -   iostd: None
DEBUG - 2026-08-22 13:39:14,428 - jasper.toolflow.constraints - new PortConstraint:
DEBUG - 2026-08-22 13:39:14,428 - jasper.toolflow.constraints -   portname: CONFIG_IO_10
DEBUG - 2026-08-22 13:39:14,428 - jasper.toolflow.constraints -   iogroup: CONFIG_IO_10
DEBUG - 2026-08-22 13:39:14,428 - jasper.toolflow.constraints -   port_index: []
DEBUG - 2026-08-22 13:39:14,428 - jasper.toolflow.constraints -   iogroup_index: [0]
DEBUG - 2026-08-22 13:39:14,428 - jasper.toolflow.constraints -   loc: None
DEBUG - 2026-08-22 13:39:14,428 - jasper.toolflow.constraints -   iostd: None
DEBUG - 2026-08-22 13:39:14,428 - jasper.toolflow.constraints - new PortConstraint:
DEBUG - 2026-08-22 13:39:14,428 - jasper.toolflow.constraints -   portname: CONFIG_IO_11
DEBUG - 2026-08-22 13:39:14,428 - jasper.toolflow.constraints -   iogroup: CONFIG_IO_11
DEBUG - 2026-08-22 13:39:14,428 - jasper.toolflow.constraints -   port_index: []
DEBUG - 2026-08-22 13:39:14,428 - jasper.toolflow.constraints -   iogroup_index: [0]
DEBUG - 2026-08-22 13:39:14,428 - jasper.toolflow.constraints -   loc: None
DEBUG - 2026-08-22 13:39:14,428 - jasper.toolflow.constraints -   iostd: None
DEBUG - 2026-08-22 13:39:14,428 - jasper.toolflow.constraints - new PortConstraint:
DEBUG - 2026-08-22 13:39:14,428 - jasper.toolflow.constraints -   portname: FPGA_LEDS
DEBUG - 2026-08-22 13:39:14,428 - jasper.toolflow.constraints -   iogroup: led
DEBUG - 2026-08-22 13:39:14,428 - jasper.toolflow.constraints -   port_index: [0, 1, 2, 3, 4, 5, 6, 7]
DEBUG - 2026-08-22 13:39:14,428 - jasper.toolflow.constraints -   iogroup_index: [0, 1, 2, 3, 4, 5, 6, 7]
DEBUG - 2026-08-22 13:39:14,428 - jasper.toolflow.constraints -   loc: None
DEBUG - 2026-08-22 13:39:14,428 - jasper.toolflow.constraints -   iostd: None
DEBUG - 2026-08-22 13:39:14,428 - jasper.toolflow.constraints - New set max delay constraint
DEBUG - 2026-08-22 13:39:14,428 - jasper.toolflow.constraints - source path: None
DEBUG - 2026-08-22 13:39:14,428 - jasper.toolflow.constraints - destination path: [get_ports {FPGA_LEDS[*]}]
DEBUG - 2026-08-22 13:39:14,428 - jasper.toolflow.constraints - constraint delay: 1.0
DEBUG - 2026-08-22 13:39:14,428 - jasper.toolflow.constraints - New set max delay constraint
DEBUG - 2026-08-22 13:39:14,428 - jasper.toolflow.constraints - source path: None
DEBUG - 2026-08-22 13:39:14,428 - jasper.toolflow.constraints - destination path: [get_ports {FPGA_LEDS[*]}]
DEBUG - 2026-08-22 13:39:14,428 - jasper.toolflow.constraints - constraint delay: 1.0
DEBUG - 2026-08-22 13:39:14,428 - jasper.toolflow.constraints - New false path constraint
DEBUG - 2026-08-22 13:39:14,428 - jasper.toolflow.constraints - source path: None
DEBUG - 2026-08-22 13:39:14,428 - jasper.toolflow.constraints - destination path: [get_ports {FPGA_LEDS[*]}]
DEBUG - 2026-08-22 13:39:14,428 - jasper.toolflow.constraints - New clock constraint
DEBUG - 2026-08-22 13:39:14,428 - jasper.toolflow.constraints - clock signal: FPGA_REFCLK_BUF0_P
DEBUG - 2026-08-22 13:39:14,428 - jasper.toolflow.constraints - name: FPGA_REFCLK_BUF0_P
DEBUG - 2026-08-22 13:39:14,428 - jasper.toolflow.constraints - freq: None
DEBUG - 2026-08-22 13:39:14,428 - jasper.toolflow.constraints - period: 6.4
DEBUG - 2026-08-22 13:39:14,428 - jasper.toolflow.constraints - port_en: True
DEBUG - 2026-08-22 13:39:14,428 - jasper.toolflow.constraints - waveform_min: 0.0
DEBUG - 2026-08-22 13:39:14,428 - jasper.toolflow.constraints - waveform_max: 3.2
DEBUG - 2026-08-22 13:39:14,428 - jasper.toolflow.constraints - virtual_en: False
DEBUG - 2026-08-22 13:39:14,428 - jasper.toolflow.constraints - New clock constraint
DEBUG - 2026-08-22 13:39:14,428 - jasper.toolflow.constraints - clock signal: FPGA_REFCLK_BUF1_P
DEBUG - 2026-08-22 13:39:14,428 - jasper.toolflow.constraints - name: FPGA_REFCLK_BUF1_P
DEBUG - 2026-08-22 13:39:14,428 - jasper.toolflow.constraints - freq: None
DEBUG - 2026-08-22 13:39:14,428 - jasper.toolflow.constraints - period: 6.4
DEBUG - 2026-08-22 13:39:14,428 - jasper.toolflow.constraints - port_en: True
DEBUG - 2026-08-22 13:39:14,428 - jasper.toolflow.constraints - waveform_min: 0.0
DEBUG - 2026-08-22 13:39:14,428 - jasper.toolflow.constraints - waveform_max: 3.2
DEBUG - 2026-08-22 13:39:14,428 - jasper.toolflow.constraints - virtual_en: False
DEBUG - 2026-08-22 13:39:14,428 - jasper.toolflow.constraints - New clock constraint
DEBUG - 2026-08-22 13:39:14,428 - jasper.toolflow.constraints - clock signal: FPGA_EMCCLK2
DEBUG - 2026-08-22 13:39:14,428 - jasper.toolflow.constraints - name: FPGA_EMCCLK2
DEBUG - 2026-08-22 13:39:14,429 - jasper.toolflow.constraints - freq: None
DEBUG - 2026-08-22 13:39:14,429 - jasper.toolflow.constraints - period: 16.666
DEBUG - 2026-08-22 13:39:14,429 - jasper.toolflow.constraints - port_en: True
DEBUG - 2026-08-22 13:39:14,429 - jasper.toolflow.constraints - waveform_min: 0.0
DEBUG - 2026-08-22 13:39:14,429 - jasper.toolflow.constraints - waveform_max: 8.333
DEBUG - 2026-08-22 13:39:14,429 - jasper.toolflow.constraints - virtual_en: False
DEBUG - 2026-08-22 13:39:14,429 - jasper.toolflow.constraints - New clock constraint
DEBUG - 2026-08-22 13:39:14,429 - jasper.toolflow.constraints - clock signal: None
DEBUG - 2026-08-22 13:39:14,429 - jasper.toolflow.constraints - name: virtual_emcc_clock
DEBUG - 2026-08-22 13:39:14,429 - jasper.toolflow.constraints - freq: None
DEBUG - 2026-08-22 13:39:14,429 - jasper.toolflow.constraints - period: 16.666
DEBUG - 2026-08-22 13:39:14,429 - jasper.toolflow.constraints - port_en: False
DEBUG - 2026-08-22 13:39:14,429 - jasper.toolflow.constraints - waveform_min: 0.0
DEBUG - 2026-08-22 13:39:14,429 - jasper.toolflow.constraints - waveform_max: 8.333
DEBUG - 2026-08-22 13:39:14,429 - jasper.toolflow.constraints - virtual_en: True
DEBUG - 2026-08-22 13:39:14,429 - jasper.toolflow.constraints - New clock group constraint
DEBUG - 2026-08-22 13:39:14,429 - jasper.toolflow.constraints - clock name group 1: -of_objects [get_pins skarab_infr/SYS_CLK_MMCM_inst/CLKOUT0]
DEBUG - 2026-08-22 13:39:14,429 - jasper.toolflow.constraints - clock name group 2: FPGA_EMCCLK2
DEBUG - 2026-08-22 13:39:14,429 - jasper.toolflow.constraints - clock domain relationship: asynchronous
DEBUG - 2026-08-22 13:39:14,429 - jasper.toolflow.constraints - New clock group constraint
DEBUG - 2026-08-22 13:39:14,429 - jasper.toolflow.constraints - clock name group 1: -of_objects [get_pins skarab_infr/SYS_CLK_MMCM_inst/CLKOUT0]
DEBUG - 2026-08-22 13:39:14,429 - jasper.toolflow.constraints - clock name group 2: -of_objects [get_pins skarab_infr/SYS_CLK_MMCM_inst/CLKOUT1]
DEBUG - 2026-08-22 13:39:14,429 - jasper.toolflow.constraints - clock domain relationship: asynchronous
DEBUG - 2026-08-22 13:39:14,429 - jasper.toolflow.constraints - New clock group constraint
DEBUG - 2026-08-22 13:39:14,429 - jasper.toolflow.constraints - clock name group 1: -of_objects [get_pins skarab_infr/SYS_CLK_MMCM_inst/CLKOUT1]
DEBUG - 2026-08-22 13:39:14,429 - jasper.toolflow.constraints - clock name group 2: -of_objects [get_pins skarab_infr/SYS_CLK_MMCM_inst/CLKOUT0]
DEBUG - 2026-08-22 13:39:14,429 - jasper.toolflow.constraints - clock domain relationship: asynchronous
DEBUG - 2026-08-22 13:39:14,429 - jasper.toolflow.constraints - New clock group constraint
DEBUG - 2026-08-22 13:39:14,429 - jasper.toolflow.constraints - clock name group 1: -of_objects [get_pins skarab_infr/SYS_CLK_MMCM_inst/CLKOUT0]
DEBUG - 2026-08-22 13:39:14,429 - jasper.toolflow.constraints - clock name group 2: -of_objects [get_pins skarab_infr/USER_CLK_MMCM_inst/CLKOUT0]
DEBUG - 2026-08-22 13:39:14,429 - jasper.toolflow.constraints - clock domain relationship: asynchronous
DEBUG - 2026-08-22 13:39:14,429 - jasper.toolflow.constraints - New clock group constraint
DEBUG - 2026-08-22 13:39:14,429 - jasper.toolflow.constraints - clock name group 1: -of_objects [get_pins skarab_infr/SYS_CLK_MMCM_inst/CLKOUT1]
DEBUG - 2026-08-22 13:39:14,429 - jasper.toolflow.constraints - clock name group 2: -of_objects [get_pins skarab_infr/USER_CLK_MMCM_inst/CLKOUT0]
DEBUG - 2026-08-22 13:39:14,429 - jasper.toolflow.constraints - clock domain relationship: asynchronous
DEBUG - 2026-08-22 13:39:14,429 - jasper.toolflow.constraints - New clock group constraint
DEBUG - 2026-08-22 13:39:14,429 - jasper.toolflow.constraints - clock name group 1: -of_objects [get_pins skarab_infr/USER_CLK_MMCM_inst/CLKOUT0]
DEBUG - 2026-08-22 13:39:14,429 - jasper.toolflow.constraints - clock name group 2: -of_objects [get_pins skarab_infr/SYS_CLK_MMCM_inst/CLKOUT0]
DEBUG - 2026-08-22 13:39:14,429 - jasper.toolflow.constraints - clock domain relationship: asynchronous
DEBUG - 2026-08-22 13:39:14,429 - jasper.toolflow.constraints - New clock group constraint
DEBUG - 2026-08-22 13:39:14,429 - jasper.toolflow.constraints - clock name group 1: -of_objects [get_pins skarab_infr/USER_CLK_MMCM_inst/CLKOUT0]
DEBUG - 2026-08-22 13:39:14,429 - jasper.toolflow.constraints - clock name group 2: -of_objects [get_pins skarab_infr/SYS_CLK_MMCM_inst/CLKOUT1]
DEBUG - 2026-08-22 13:39:14,429 - jasper.toolflow.constraints - clock domain relationship: asynchronous
DEBUG - 2026-08-22 13:39:14,429 - jasper.toolflow.constraints - New clock group constraint
DEBUG - 2026-08-22 13:39:14,429 - jasper.toolflow.constraints - clock name group 1: FPGA_EMCCLK2
DEBUG - 2026-08-22 13:39:14,429 - jasper.toolflow.constraints - clock name group 2: -of_objects [get_pins skarab_infr/SYS_CLK_MMCM_inst/CLKOUT0]
DEBUG - 2026-08-22 13:39:14,429 - jasper.toolflow.constraints - clock domain relationship: asynchronous
DEBUG - 2026-08-22 13:39:14,429 - jasper.toolflow.constraints - New clock group constraint
DEBUG - 2026-08-22 13:39:14,429 - jasper.toolflow.constraints - clock name group 1: -of_objects [get_pins skarab_infr/USER_CLK_MMCM_inst/CLKOUT0]
DEBUG - 2026-08-22 13:39:14,429 - jasper.toolflow.constraints - clock name group 2: FPGA_EMCCLK2
DEBUG - 2026-08-22 13:39:14,429 - jasper.toolflow.constraints - clock domain relationship: asynchronous
DEBUG - 2026-08-22 13:39:14,429 - jasper.toolflow.constraints - New clock group constraint
DEBUG - 2026-08-22 13:39:14,429 - jasper.toolflow.constraints - clock name group 1: FPGA_EMCCLK2
DEBUG - 2026-08-22 13:39:14,429 - jasper.toolflow.constraints - clock name group 2: -of_objects [get_pins skarab_infr/USER_CLK_MMCM_inst/CLKOUT0]
DEBUG - 2026-08-22 13:39:14,429 - jasper.toolflow.constraints - clock domain relationship: asynchronous
DEBUG - 2026-08-22 13:39:14,429 - jasper.toolflow.constraints - New clock group constraint
DEBUG - 2026-08-22 13:39:14,429 - jasper.toolflow.constraints - clock name group 1: FPGA_EMCCLK2
DEBUG - 2026-08-22 13:39:14,429 - jasper.toolflow.constraints - clock name group 2: -of_objects [get_pins skarab_infr/SYS_CLK_MMCM_inst/CLKOUT1]
DEBUG - 2026-08-22 13:39:14,429 - jasper.toolflow.constraints - clock domain relationship: asynchronous
DEBUG - 2026-08-22 13:39:14,429 - jasper.toolflow.constraints - New clock group constraint
DEBUG - 2026-08-22 13:39:14,429 - jasper.toolflow.constraints - clock name group 1: -of_objects [get_pins skarab_infr/SYS_CLK_MMCM_inst/CLKOUT1]
DEBUG - 2026-08-22 13:39:14,429 - jasper.toolflow.constraints - clock name group 2: FPGA_EMCCLK2
DEBUG - 2026-08-22 13:39:14,429 - jasper.toolflow.constraints - clock domain relationship: asynchronous
DEBUG - 2026-08-22 13:39:14,429 - jasper.toolflow.constraints - New input delay constraint
DEBUG - 2026-08-22 13:39:14,429 - jasper.toolflow.constraints - clock name: -of_objects [get_pins skarab_infr/SYS_CLK_MMCM_inst/CLKOUT1]
DEBUG - 2026-08-22 13:39:14,429 - jasper.toolflow.constraints - constraint type: min
DEBUG - 2026-08-22 13:39:14,429 - jasper.toolflow.constraints - constraint delay: 3.0
DEBUG - 2026-08-22 13:39:14,429 - jasper.toolflow.constraints - add delay enabled: True
DEBUG - 2026-08-22 13:39:14,429 - jasper.toolflow.constraints - port name: FLASH_DQ[*]
DEBUG - 2026-08-22 13:39:14,429 - jasper.toolflow.constraints - New input delay constraint
DEBUG - 2026-08-22 13:39:14,429 - jasper.toolflow.constraints - clock name: -of_objects [get_pins skarab_infr/SYS_CLK_MMCM_inst/CLKOUT1]
DEBUG - 2026-08-22 13:39:14,429 - jasper.toolflow.constraints - constraint type: max
DEBUG - 2026-08-22 13:39:14,429 - jasper.toolflow.constraints - constraint delay: 2.0
DEBUG - 2026-08-22 13:39:14,429 - jasper.toolflow.constraints - add delay enabled: True
DEBUG - 2026-08-22 13:39:14,429 - jasper.toolflow.constraints - port name: FLASH_DQ[*]
DEBUG - 2026-08-22 13:39:14,429 - jasper.toolflow.constraints - New input delay constraint
DEBUG - 2026-08-22 13:39:14,429 - jasper.toolflow.constraints - clock name: -of_objects [get_pins skarab_infr/SYS_CLK_MMCM_inst/CLKOUT1]
DEBUG - 2026-08-22 13:39:14,429 - jasper.toolflow.constraints - constraint type: min
DEBUG - 2026-08-22 13:39:14,429 - jasper.toolflow.constraints - constraint delay: 1.0
DEBUG - 2026-08-22 13:39:14,429 - jasper.toolflow.constraints - add delay enabled: True
DEBUG - 2026-08-22 13:39:14,429 - jasper.toolflow.constraints - port name: USB_FPGA[*]
DEBUG - 2026-08-22 13:39:14,429 - jasper.toolflow.constraints - New input delay constraint
DEBUG - 2026-08-22 13:39:14,429 - jasper.toolflow.constraints - clock name: -of_objects [get_pins skarab_infr/SYS_CLK_MMCM_inst/CLKOUT1]
DEBUG - 2026-08-22 13:39:14,429 - jasper.toolflow.constraints - constraint type: max
DEBUG - 2026-08-22 13:39:14,429 - jasper.toolflow.constraints - constraint delay: 2.0
DEBUG - 2026-08-22 13:39:14,429 - jasper.toolflow.constraints - add delay enabled: True
DEBUG - 2026-08-22 13:39:14,429 - jasper.toolflow.constraints - port name: USB_FPGA[*]
DEBUG - 2026-08-22 13:39:14,429 - jasper.toolflow.constraints - New input delay constraint
DEBUG - 2026-08-22 13:39:14,429 - jasper.toolflow.constraints - clock name: -of_objects [get_pins skarab_infr/SYS_CLK_MMCM_inst/CLKOUT1]
DEBUG - 2026-08-22 13:39:14,429 - jasper.toolflow.constraints - constraint type: min
DEBUG - 2026-08-22 13:39:14,429 - jasper.toolflow.constraints - constraint delay: 1.0
DEBUG - 2026-08-22 13:39:14,429 - jasper.toolflow.constraints - add delay enabled: True
DEBUG - 2026-08-22 13:39:14,429 - jasper.toolflow.constraints - port name: CONFIG_IO_2
DEBUG - 2026-08-22 13:39:14,429 - jasper.toolflow.constraints - New input delay constraint
DEBUG - 2026-08-22 13:39:14,429 - jasper.toolflow.constraints - clock name: -of_objects [get_pins skarab_infr/SYS_CLK_MMCM_inst/CLKOUT1]
DEBUG - 2026-08-22 13:39:14,429 - jasper.toolflow.constraints - constraint type: max
DEBUG - 2026-08-22 13:39:14,429 - jasper.toolflow.constraints - constraint delay: 2.0
DEBUG - 2026-08-22 13:39:14,429 - jasper.toolflow.constraints - add delay enabled: True
DEBUG - 2026-08-22 13:39:14,429 - jasper.toolflow.constraints - port name: CONFIG_IO_2
DEBUG - 2026-08-22 13:39:14,429 - jasper.toolflow.constraints - New input delay constraint
DEBUG - 2026-08-22 13:39:14,429 - jasper.toolflow.constraints - clock name: -of_objects [get_pins skarab_infr/SYS_CLK_MMCM_inst/CLKOUT1]
DEBUG - 2026-08-22 13:39:14,429 - jasper.toolflow.constraints - constraint type: min
DEBUG - 2026-08-22 13:39:14,429 - jasper.toolflow.constraints - constraint delay: 1.0
DEBUG - 2026-08-22 13:39:14,430 - jasper.toolflow.constraints - add delay enabled: True
DEBUG - 2026-08-22 13:39:14,430 - jasper.toolflow.constraints - port name: CONFIG_IO_5
DEBUG - 2026-08-22 13:39:14,430 - jasper.toolflow.constraints - New input delay constraint
DEBUG - 2026-08-22 13:39:14,430 - jasper.toolflow.constraints - clock name: -of_objects [get_pins skarab_infr/SYS_CLK_MMCM_inst/CLKOUT1]
DEBUG - 2026-08-22 13:39:14,430 - jasper.toolflow.constraints - constraint type: max
DEBUG - 2026-08-22 13:39:14,430 - jasper.toolflow.constraints - constraint delay: 2.0
DEBUG - 2026-08-22 13:39:14,430 - jasper.toolflow.constraints - add delay enabled: True
DEBUG - 2026-08-22 13:39:14,430 - jasper.toolflow.constraints - port name: CONFIG_IO_5
DEBUG - 2026-08-22 13:39:14,430 - jasper.toolflow.constraints - New input delay constraint
DEBUG - 2026-08-22 13:39:14,430 - jasper.toolflow.constraints - clock name: -of_objects [get_pins skarab_infr/SYS_CLK_MMCM_inst/CLKOUT1]
DEBUG - 2026-08-22 13:39:14,430 - jasper.toolflow.constraints - constraint type: min
DEBUG - 2026-08-22 13:39:14,430 - jasper.toolflow.constraints - constraint delay: 1.0
DEBUG - 2026-08-22 13:39:14,430 - jasper.toolflow.constraints - add delay enabled: True
DEBUG - 2026-08-22 13:39:14,430 - jasper.toolflow.constraints - port name: DEBUG_UART_RX
DEBUG - 2026-08-22 13:39:14,430 - jasper.toolflow.constraints - New input delay constraint
DEBUG - 2026-08-22 13:39:14,430 - jasper.toolflow.constraints - clock name: -of_objects [get_pins skarab_infr/SYS_CLK_MMCM_inst/CLKOUT1]
DEBUG - 2026-08-22 13:39:14,430 - jasper.toolflow.constraints - constraint type: max
DEBUG - 2026-08-22 13:39:14,430 - jasper.toolflow.constraints - constraint delay: 2.0
DEBUG - 2026-08-22 13:39:14,430 - jasper.toolflow.constraints - add delay enabled: True
DEBUG - 2026-08-22 13:39:14,430 - jasper.toolflow.constraints - port name: DEBUG_UART_RX
DEBUG - 2026-08-22 13:39:14,430 - jasper.toolflow.constraints - New input delay constraint
DEBUG - 2026-08-22 13:39:14,430 - jasper.toolflow.constraints - clock name: -of_objects [get_pins skarab_infr/SYS_CLK_MMCM_inst/CLKOUT1]
DEBUG - 2026-08-22 13:39:14,430 - jasper.toolflow.constraints - constraint type: min
DEBUG - 2026-08-22 13:39:14,430 - jasper.toolflow.constraints - constraint delay: 1.0
DEBUG - 2026-08-22 13:39:14,430 - jasper.toolflow.constraints - add delay enabled: True
DEBUG - 2026-08-22 13:39:14,430 - jasper.toolflow.constraints - port name: FAN_CONT_FAULT_N
DEBUG - 2026-08-22 13:39:14,430 - jasper.toolflow.constraints - New input delay constraint
DEBUG - 2026-08-22 13:39:14,430 - jasper.toolflow.constraints - clock name: -of_objects [get_pins skarab_infr/SYS_CLK_MMCM_inst/CLKOUT1]
DEBUG - 2026-08-22 13:39:14,430 - jasper.toolflow.constraints - constraint type: max
DEBUG - 2026-08-22 13:39:14,430 - jasper.toolflow.constraints - constraint delay: 2.0
DEBUG - 2026-08-22 13:39:14,430 - jasper.toolflow.constraints - add delay enabled: True
DEBUG - 2026-08-22 13:39:14,430 - jasper.toolflow.constraints - port name: FAN_CONT_FAULT_N
DEBUG - 2026-08-22 13:39:14,430 - jasper.toolflow.constraints - New input delay constraint
DEBUG - 2026-08-22 13:39:14,430 - jasper.toolflow.constraints - clock name: -of_objects [get_pins skarab_infr/SYS_CLK_MMCM_inst/CLKOUT1]
DEBUG - 2026-08-22 13:39:14,430 - jasper.toolflow.constraints - constraint type: min
DEBUG - 2026-08-22 13:39:14,430 - jasper.toolflow.constraints - constraint delay: 1.0
DEBUG - 2026-08-22 13:39:14,430 - jasper.toolflow.constraints - add delay enabled: True
DEBUG - 2026-08-22 13:39:14,430 - jasper.toolflow.constraints - port name: FAN_CONT_ALERT_N
DEBUG - 2026-08-22 13:39:14,430 - jasper.toolflow.constraints - New input delay constraint
DEBUG - 2026-08-22 13:39:14,430 - jasper.toolflow.constraints - clock name: -of_objects [get_pins skarab_infr/SYS_CLK_MMCM_inst/CLKOUT1]
DEBUG - 2026-08-22 13:39:14,430 - jasper.toolflow.constraints - constraint type: max
DEBUG - 2026-08-22 13:39:14,430 - jasper.toolflow.constraints - constraint delay: 2.0
DEBUG - 2026-08-22 13:39:14,430 - jasper.toolflow.constraints - add delay enabled: True
DEBUG - 2026-08-22 13:39:14,430 - jasper.toolflow.constraints - port name: FAN_CONT_ALERT_N
DEBUG - 2026-08-22 13:39:14,430 - jasper.toolflow.constraints - New input delay constraint
DEBUG - 2026-08-22 13:39:14,430 - jasper.toolflow.constraints - clock name: -of_objects [get_pins skarab_infr/SYS_CLK_MMCM_inst/CLKOUT1]
DEBUG - 2026-08-22 13:39:14,430 - jasper.toolflow.constraints - constraint type: min
DEBUG - 2026-08-22 13:39:14,430 - jasper.toolflow.constraints - constraint delay: 1.0
DEBUG - 2026-08-22 13:39:14,430 - jasper.toolflow.constraints - add delay enabled: True
DEBUG - 2026-08-22 13:39:14,430 - jasper.toolflow.constraints - port name: FPGA_RESET_N
DEBUG - 2026-08-22 13:39:14,430 - jasper.toolflow.constraints - New input delay constraint
DEBUG - 2026-08-22 13:39:14,430 - jasper.toolflow.constraints - clock name: -of_objects [get_pins skarab_infr/SYS_CLK_MMCM_inst/CLKOUT1]
DEBUG - 2026-08-22 13:39:14,430 - jasper.toolflow.constraints - constraint type: max
DEBUG - 2026-08-22 13:39:14,430 - jasper.toolflow.constraints - constraint delay: 2.0
DEBUG - 2026-08-22 13:39:14,430 - jasper.toolflow.constraints - add delay enabled: True
DEBUG - 2026-08-22 13:39:14,430 - jasper.toolflow.constraints - port name: FPGA_RESET_N
DEBUG - 2026-08-22 13:39:14,430 - jasper.toolflow.constraints - New input delay constraint
DEBUG - 2026-08-22 13:39:14,430 - jasper.toolflow.constraints - clock name: -of_objects [get_pins skarab_infr/SYS_CLK_MMCM_inst/CLKOUT1]
DEBUG - 2026-08-22 13:39:14,430 - jasper.toolflow.constraints - constraint type: min
DEBUG - 2026-08-22 13:39:14,430 - jasper.toolflow.constraints - constraint delay: 1.0
DEBUG - 2026-08-22 13:39:14,430 - jasper.toolflow.constraints - add delay enabled: True
DEBUG - 2026-08-22 13:39:14,430 - jasper.toolflow.constraints - port name: I2C_SCL_FPGA
DEBUG - 2026-08-22 13:39:14,430 - jasper.toolflow.constraints - New input delay constraint
DEBUG - 2026-08-22 13:39:14,430 - jasper.toolflow.constraints - clock name: -of_objects [get_pins skarab_infr/SYS_CLK_MMCM_inst/CLKOUT1]
DEBUG - 2026-08-22 13:39:14,430 - jasper.toolflow.constraints - constraint type: max
DEBUG - 2026-08-22 13:39:14,430 - jasper.toolflow.constraints - constraint delay: 2.0
DEBUG - 2026-08-22 13:39:14,430 - jasper.toolflow.constraints - add delay enabled: True
DEBUG - 2026-08-22 13:39:14,430 - jasper.toolflow.constraints - port name: I2C_SCL_FPGA
DEBUG - 2026-08-22 13:39:14,430 - jasper.toolflow.constraints - New input delay constraint
DEBUG - 2026-08-22 13:39:14,430 - jasper.toolflow.constraints - clock name: -of_objects [get_pins skarab_infr/SYS_CLK_MMCM_inst/CLKOUT1]
DEBUG - 2026-08-22 13:39:14,430 - jasper.toolflow.constraints - constraint type: min
DEBUG - 2026-08-22 13:39:14,430 - jasper.toolflow.constraints - constraint delay: 1.0
DEBUG - 2026-08-22 13:39:14,430 - jasper.toolflow.constraints - add delay enabled: True
DEBUG - 2026-08-22 13:39:14,430 - jasper.toolflow.constraints - port name: I2C_SDA_FPGA
DEBUG - 2026-08-22 13:39:14,430 - jasper.toolflow.constraints - New input delay constraint
DEBUG - 2026-08-22 13:39:14,430 - jasper.toolflow.constraints - clock name: -of_objects [get_pins skarab_infr/SYS_CLK_MMCM_inst/CLKOUT1]
DEBUG - 2026-08-22 13:39:14,430 - jasper.toolflow.constraints - constraint type: max
DEBUG - 2026-08-22 13:39:14,430 - jasper.toolflow.constraints - constraint delay: 2.0
DEBUG - 2026-08-22 13:39:14,430 - jasper.toolflow.constraints - add delay enabled: True
DEBUG - 2026-08-22 13:39:14,430 - jasper.toolflow.constraints - port name: I2C_SDA_FPGA
DEBUG - 2026-08-22 13:39:14,430 - jasper.toolflow.constraints - New input delay constraint
DEBUG - 2026-08-22 13:39:14,430 - jasper.toolflow.constraints - clock name: -of_objects [get_pins skarab_infr/SYS_CLK_MMCM_inst/CLKOUT1]
DEBUG - 2026-08-22 13:39:14,430 - jasper.toolflow.constraints - constraint type: min
DEBUG - 2026-08-22 13:39:14,430 - jasper.toolflow.constraints - constraint delay: 1.0
DEBUG - 2026-08-22 13:39:14,430 - jasper.toolflow.constraints - add delay enabled: True
DEBUG - 2026-08-22 13:39:14,430 - jasper.toolflow.constraints - port name: MEZZANINE_0_FAULT_N
DEBUG - 2026-08-22 13:39:14,430 - jasper.toolflow.constraints - New input delay constraint
DEBUG - 2026-08-22 13:39:14,430 - jasper.toolflow.constraints - clock name: -of_objects [get_pins skarab_infr/SYS_CLK_MMCM_inst/CLKOUT1]
DEBUG - 2026-08-22 13:39:14,430 - jasper.toolflow.constraints - constraint type: max
DEBUG - 2026-08-22 13:39:14,430 - jasper.toolflow.constraints - constraint delay: 2.0
DEBUG - 2026-08-22 13:39:14,430 - jasper.toolflow.constraints - add delay enabled: True
DEBUG - 2026-08-22 13:39:14,430 - jasper.toolflow.constraints - port name: MEZZANINE_0_FAULT_N
DEBUG - 2026-08-22 13:39:14,430 - jasper.toolflow.constraints - New input delay constraint
DEBUG - 2026-08-22 13:39:14,430 - jasper.toolflow.constraints - clock name: -of_objects [get_pins skarab_infr/SYS_CLK_MMCM_inst/CLKOUT1]
DEBUG - 2026-08-22 13:39:14,430 - jasper.toolflow.constraints - constraint type: min
DEBUG - 2026-08-22 13:39:14,430 - jasper.toolflow.constraints - constraint delay: 1.0
DEBUG - 2026-08-22 13:39:14,430 - jasper.toolflow.constraints - add delay enabled: True
DEBUG - 2026-08-22 13:39:14,430 - jasper.toolflow.constraints - port name: MEZZANINE_0_INT_N
DEBUG - 2026-08-22 13:39:14,430 - jasper.toolflow.constraints - New input delay constraint
DEBUG - 2026-08-22 13:39:14,430 - jasper.toolflow.constraints - clock name: -of_objects [get_pins skarab_infr/SYS_CLK_MMCM_inst/CLKOUT1]
DEBUG - 2026-08-22 13:39:14,430 - jasper.toolflow.constraints - constraint type: max
DEBUG - 2026-08-22 13:39:14,430 - jasper.toolflow.constraints - constraint delay: 2.0
DEBUG - 2026-08-22 13:39:14,430 - jasper.toolflow.constraints - add delay enabled: True
DEBUG - 2026-08-22 13:39:14,430 - jasper.toolflow.constraints - port name: MEZZANINE_0_INT_N
DEBUG - 2026-08-22 13:39:14,430 - jasper.toolflow.constraints - New input delay constraint
DEBUG - 2026-08-22 13:39:14,431 - jasper.toolflow.constraints - clock name: -of_objects [get_pins skarab_infr/SYS_CLK_MMCM_inst/CLKOUT1]
DEBUG - 2026-08-22 13:39:14,431 - jasper.toolflow.constraints - constraint type: min
DEBUG - 2026-08-22 13:39:14,431 - jasper.toolflow.constraints - constraint delay: 1.0
DEBUG - 2026-08-22 13:39:14,431 - jasper.toolflow.constraints - add delay enabled: True
DEBUG - 2026-08-22 13:39:14,431 - jasper.toolflow.constraints - port name: MEZZANINE_0_ONE_WIRE
DEBUG - 2026-08-22 13:39:14,431 - jasper.toolflow.constraints - New input delay constraint
DEBUG - 2026-08-22 13:39:14,431 - jasper.toolflow.constraints - clock name: -of_objects [get_pins skarab_infr/SYS_CLK_MMCM_inst/CLKOUT1]
DEBUG - 2026-08-22 13:39:14,431 - jasper.toolflow.constraints - constraint type: max
DEBUG - 2026-08-22 13:39:14,431 - jasper.toolflow.constraints - constraint delay: 2.0
DEBUG - 2026-08-22 13:39:14,431 - jasper.toolflow.constraints - add delay enabled: True
DEBUG - 2026-08-22 13:39:14,431 - jasper.toolflow.constraints - port name: MEZZANINE_0_ONE_WIRE
DEBUG - 2026-08-22 13:39:14,431 - jasper.toolflow.constraints - New input delay constraint
DEBUG - 2026-08-22 13:39:14,431 - jasper.toolflow.constraints - clock name: -of_objects [get_pins skarab_infr/SYS_CLK_MMCM_inst/CLKOUT1]
DEBUG - 2026-08-22 13:39:14,431 - jasper.toolflow.constraints - constraint type: min
DEBUG - 2026-08-22 13:39:14,431 - jasper.toolflow.constraints - constraint delay: 1.0
DEBUG - 2026-08-22 13:39:14,431 - jasper.toolflow.constraints - add delay enabled: True
DEBUG - 2026-08-22 13:39:14,431 - jasper.toolflow.constraints - port name: MEZZANINE_0_PRESENT_N
DEBUG - 2026-08-22 13:39:14,431 - jasper.toolflow.constraints - New input delay constraint
DEBUG - 2026-08-22 13:39:14,431 - jasper.toolflow.constraints - clock name: -of_objects [get_pins skarab_infr/SYS_CLK_MMCM_inst/CLKOUT1]
DEBUG - 2026-08-22 13:39:14,431 - jasper.toolflow.constraints - constraint type: max
DEBUG - 2026-08-22 13:39:14,431 - jasper.toolflow.constraints - constraint delay: 2.0
DEBUG - 2026-08-22 13:39:14,431 - jasper.toolflow.constraints - add delay enabled: True
DEBUG - 2026-08-22 13:39:14,431 - jasper.toolflow.constraints - port name: MEZZANINE_0_PRESENT_N
DEBUG - 2026-08-22 13:39:14,431 - jasper.toolflow.constraints - New input delay constraint
DEBUG - 2026-08-22 13:39:14,431 - jasper.toolflow.constraints - clock name: -of_objects [get_pins skarab_infr/SYS_CLK_MMCM_inst/CLKOUT1]
DEBUG - 2026-08-22 13:39:14,431 - jasper.toolflow.constraints - constraint type: min
DEBUG - 2026-08-22 13:39:14,431 - jasper.toolflow.constraints - constraint delay: 1.0
DEBUG - 2026-08-22 13:39:14,431 - jasper.toolflow.constraints - add delay enabled: True
DEBUG - 2026-08-22 13:39:14,431 - jasper.toolflow.constraints - port name: MEZZANINE_0_SCL_FPGA
DEBUG - 2026-08-22 13:39:14,431 - jasper.toolflow.constraints - New input delay constraint
DEBUG - 2026-08-22 13:39:14,431 - jasper.toolflow.constraints - clock name: -of_objects [get_pins skarab_infr/SYS_CLK_MMCM_inst/CLKOUT1]
DEBUG - 2026-08-22 13:39:14,431 - jasper.toolflow.constraints - constraint type: max
DEBUG - 2026-08-22 13:39:14,431 - jasper.toolflow.constraints - constraint delay: 2.0
DEBUG - 2026-08-22 13:39:14,431 - jasper.toolflow.constraints - add delay enabled: True
DEBUG - 2026-08-22 13:39:14,431 - jasper.toolflow.constraints - port name: MEZZANINE_0_SCL_FPGA
DEBUG - 2026-08-22 13:39:14,431 - jasper.toolflow.constraints - New input delay constraint
DEBUG - 2026-08-22 13:39:14,431 - jasper.toolflow.constraints - clock name: -of_objects [get_pins skarab_infr/SYS_CLK_MMCM_inst/CLKOUT1]
DEBUG - 2026-08-22 13:39:14,431 - jasper.toolflow.constraints - constraint type: min
DEBUG - 2026-08-22 13:39:14,431 - jasper.toolflow.constraints - constraint delay: 1.0
DEBUG - 2026-08-22 13:39:14,431 - jasper.toolflow.constraints - add delay enabled: True
DEBUG - 2026-08-22 13:39:14,431 - jasper.toolflow.constraints - port name: MEZZANINE_0_SDA_FPGA
DEBUG - 2026-08-22 13:39:14,431 - jasper.toolflow.constraints - New input delay constraint
DEBUG - 2026-08-22 13:39:14,431 - jasper.toolflow.constraints - clock name: -of_objects [get_pins skarab_infr/SYS_CLK_MMCM_inst/CLKOUT1]
DEBUG - 2026-08-22 13:39:14,431 - jasper.toolflow.constraints - constraint type: max
DEBUG - 2026-08-22 13:39:14,431 - jasper.toolflow.constraints - constraint delay: 2.0
DEBUG - 2026-08-22 13:39:14,431 - jasper.toolflow.constraints - add delay enabled: True
DEBUG - 2026-08-22 13:39:14,431 - jasper.toolflow.constraints - port name: MEZZANINE_0_SDA_FPGA
DEBUG - 2026-08-22 13:39:14,431 - jasper.toolflow.constraints - New input delay constraint
DEBUG - 2026-08-22 13:39:14,431 - jasper.toolflow.constraints - clock name: -of_objects [get_pins skarab_infr/SYS_CLK_MMCM_inst/CLKOUT1]
DEBUG - 2026-08-22 13:39:14,431 - jasper.toolflow.constraints - constraint type: min
DEBUG - 2026-08-22 13:39:14,431 - jasper.toolflow.constraints - constraint delay: 1.0
DEBUG - 2026-08-22 13:39:14,431 - jasper.toolflow.constraints - add delay enabled: True
DEBUG - 2026-08-22 13:39:14,431 - jasper.toolflow.constraints - port name: MEZZANINE_1_FAULT_N
DEBUG - 2026-08-22 13:39:14,431 - jasper.toolflow.constraints - New input delay constraint
DEBUG - 2026-08-22 13:39:14,431 - jasper.toolflow.constraints - clock name: -of_objects [get_pins skarab_infr/SYS_CLK_MMCM_inst/CLKOUT1]
DEBUG - 2026-08-22 13:39:14,431 - jasper.toolflow.constraints - constraint type: max
DEBUG - 2026-08-22 13:39:14,431 - jasper.toolflow.constraints - constraint delay: 2.0
DEBUG - 2026-08-22 13:39:14,431 - jasper.toolflow.constraints - add delay enabled: True
DEBUG - 2026-08-22 13:39:14,431 - jasper.toolflow.constraints - port name: MEZZANINE_1_FAULT_N
DEBUG - 2026-08-22 13:39:14,431 - jasper.toolflow.constraints - New input delay constraint
DEBUG - 2026-08-22 13:39:14,431 - jasper.toolflow.constraints - clock name: -of_objects [get_pins skarab_infr/SYS_CLK_MMCM_inst/CLKOUT1]
DEBUG - 2026-08-22 13:39:14,431 - jasper.toolflow.constraints - constraint type: min
DEBUG - 2026-08-22 13:39:14,431 - jasper.toolflow.constraints - constraint delay: 1.0
DEBUG - 2026-08-22 13:39:14,431 - jasper.toolflow.constraints - add delay enabled: True
DEBUG - 2026-08-22 13:39:14,431 - jasper.toolflow.constraints - port name: MEZZANINE_1_INT_N
DEBUG - 2026-08-22 13:39:14,431 - jasper.toolflow.constraints - New input delay constraint
DEBUG - 2026-08-22 13:39:14,431 - jasper.toolflow.constraints - clock name: -of_objects [get_pins skarab_infr/SYS_CLK_MMCM_inst/CLKOUT1]
DEBUG - 2026-08-22 13:39:14,431 - jasper.toolflow.constraints - constraint type: max
DEBUG - 2026-08-22 13:39:14,431 - jasper.toolflow.constraints - constraint delay: 2.0
DEBUG - 2026-08-22 13:39:14,431 - jasper.toolflow.constraints - add delay enabled: True
DEBUG - 2026-08-22 13:39:14,431 - jasper.toolflow.constraints - port name: MEZZANINE_1_INT_N
DEBUG - 2026-08-22 13:39:14,431 - jasper.toolflow.constraints - New input delay constraint
DEBUG - 2026-08-22 13:39:14,431 - jasper.toolflow.constraints - clock name: -of_objects [get_pins skarab_infr/SYS_CLK_MMCM_inst/CLKOUT1]
DEBUG - 2026-08-22 13:39:14,431 - jasper.toolflow.constraints - constraint type: min
DEBUG - 2026-08-22 13:39:14,431 - jasper.toolflow.constraints - constraint delay: 1.0
DEBUG - 2026-08-22 13:39:14,431 - jasper.toolflow.constraints - add delay enabled: True
DEBUG - 2026-08-22 13:39:14,431 - jasper.toolflow.constraints - port name: MEZZANINE_1_ONE_WIRE
DEBUG - 2026-08-22 13:39:14,431 - jasper.toolflow.constraints - New input delay constraint
DEBUG - 2026-08-22 13:39:14,431 - jasper.toolflow.constraints - clock name: -of_objects [get_pins skarab_infr/SYS_CLK_MMCM_inst/CLKOUT1]
DEBUG - 2026-08-22 13:39:14,431 - jasper.toolflow.constraints - constraint type: max
DEBUG - 2026-08-22 13:39:14,431 - jasper.toolflow.constraints - constraint delay: 2.0
DEBUG - 2026-08-22 13:39:14,431 - jasper.toolflow.constraints - add delay enabled: True
DEBUG - 2026-08-22 13:39:14,431 - jasper.toolflow.constraints - port name: MEZZANINE_1_ONE_WIRE
DEBUG - 2026-08-22 13:39:14,431 - jasper.toolflow.constraints - New input delay constraint
DEBUG - 2026-08-22 13:39:14,431 - jasper.toolflow.constraints - clock name: -of_objects [get_pins skarab_infr/SYS_CLK_MMCM_inst/CLKOUT1]
DEBUG - 2026-08-22 13:39:14,431 - jasper.toolflow.constraints - constraint type: min
DEBUG - 2026-08-22 13:39:14,431 - jasper.toolflow.constraints - constraint delay: 1.0
DEBUG - 2026-08-22 13:39:14,431 - jasper.toolflow.constraints - add delay enabled: True
DEBUG - 2026-08-22 13:39:14,431 - jasper.toolflow.constraints - port name: MEZZANINE_1_PRESENT_N
DEBUG - 2026-08-22 13:39:14,431 - jasper.toolflow.constraints - New input delay constraint
DEBUG - 2026-08-22 13:39:14,431 - jasper.toolflow.constraints - clock name: -of_objects [get_pins skarab_infr/SYS_CLK_MMCM_inst/CLKOUT1]
DEBUG - 2026-08-22 13:39:14,431 - jasper.toolflow.constraints - constraint type: max
DEBUG - 2026-08-22 13:39:14,431 - jasper.toolflow.constraints - constraint delay: 2.0
DEBUG - 2026-08-22 13:39:14,431 - jasper.toolflow.constraints - add delay enabled: True
DEBUG - 2026-08-22 13:39:14,431 - jasper.toolflow.constraints - port name: MEZZANINE_1_PRESENT_N
DEBUG - 2026-08-22 13:39:14,431 - jasper.toolflow.constraints - New input delay constraint
DEBUG - 2026-08-22 13:39:14,431 - jasper.toolflow.constraints - clock name: -of_objects [get_pins skarab_infr/SYS_CLK_MMCM_inst/CLKOUT1]
DEBUG - 2026-08-22 13:39:14,431 - jasper.toolflow.constraints - constraint type: min
DEBUG - 2026-08-22 13:39:14,431 - jasper.toolflow.constraints - constraint delay: 1.0
DEBUG - 2026-08-22 13:39:14,431 - jasper.toolflow.constraints - add delay enabled: True
DEBUG - 2026-08-22 13:39:14,431 - jasper.toolflow.constraints - port name: MEZZANINE_1_SCL_FPGA
DEBUG - 2026-08-22 13:39:14,431 - jasper.toolflow.constraints - New input delay constraint
DEBUG - 2026-08-22 13:39:14,431 - jasper.toolflow.constraints - clock name: -of_objects [get_pins skarab_infr/SYS_CLK_MMCM_inst/CLKOUT1]
DEBUG - 2026-08-22 13:39:14,431 - jasper.toolflow.constraints - constraint type: max
DEBUG - 2026-08-22 13:39:14,431 - jasper.toolflow.constraints - constraint delay: 2.0
DEBUG - 2026-08-22 13:39:14,431 - jasper.toolflow.constraints - add delay enabled: True
DEBUG - 2026-08-22 13:39:14,432 - jasper.toolflow.constraints - port name: MEZZANINE_1_SCL_FPGA
DEBUG - 2026-08-22 13:39:14,432 - jasper.toolflow.constraints - New input delay constraint
DEBUG - 2026-08-22 13:39:14,432 - jasper.toolflow.constraints - clock name: -of_objects [get_pins skarab_infr/SYS_CLK_MMCM_inst/CLKOUT1]
DEBUG - 2026-08-22 13:39:14,432 - jasper.toolflow.constraints - constraint type: min
DEBUG - 2026-08-22 13:39:14,432 - jasper.toolflow.constraints - constraint delay: 1.0
DEBUG - 2026-08-22 13:39:14,432 - jasper.toolflow.constraints - add delay enabled: True
DEBUG - 2026-08-22 13:39:14,432 - jasper.toolflow.constraints - port name: MEZZANINE_1_SDA_FPGA
DEBUG - 2026-08-22 13:39:14,432 - jasper.toolflow.constraints - New input delay constraint
DEBUG - 2026-08-22 13:39:14,432 - jasper.toolflow.constraints - clock name: -of_objects [get_pins skarab_infr/SYS_CLK_MMCM_inst/CLKOUT1]
DEBUG - 2026-08-22 13:39:14,432 - jasper.toolflow.constraints - constraint type: max
DEBUG - 2026-08-22 13:39:14,432 - jasper.toolflow.constraints - constraint delay: 2.0
DEBUG - 2026-08-22 13:39:14,432 - jasper.toolflow.constraints - add delay enabled: True
DEBUG - 2026-08-22 13:39:14,432 - jasper.toolflow.constraints - port name: MEZZANINE_1_SDA_FPGA
DEBUG - 2026-08-22 13:39:14,432 - jasper.toolflow.constraints - New input delay constraint
DEBUG - 2026-08-22 13:39:14,432 - jasper.toolflow.constraints - clock name: -of_objects [get_pins skarab_infr/SYS_CLK_MMCM_inst/CLKOUT1]
DEBUG - 2026-08-22 13:39:14,432 - jasper.toolflow.constraints - constraint type: min
DEBUG - 2026-08-22 13:39:14,432 - jasper.toolflow.constraints - constraint delay: 1.0
DEBUG - 2026-08-22 13:39:14,432 - jasper.toolflow.constraints - add delay enabled: True
DEBUG - 2026-08-22 13:39:14,432 - jasper.toolflow.constraints - port name: MEZZANINE_2_FAULT_N
DEBUG - 2026-08-22 13:39:14,432 - jasper.toolflow.constraints - New input delay constraint
DEBUG - 2026-08-22 13:39:14,432 - jasper.toolflow.constraints - clock name: -of_objects [get_pins skarab_infr/SYS_CLK_MMCM_inst/CLKOUT1]
DEBUG - 2026-08-22 13:39:14,432 - jasper.toolflow.constraints - constraint type: max
DEBUG - 2026-08-22 13:39:14,432 - jasper.toolflow.constraints - constraint delay: 2.0
DEBUG - 2026-08-22 13:39:14,432 - jasper.toolflow.constraints - add delay enabled: True
DEBUG - 2026-08-22 13:39:14,432 - jasper.toolflow.constraints - port name: MEZZANINE_2_FAULT_N
DEBUG - 2026-08-22 13:39:14,432 - jasper.toolflow.constraints - New input delay constraint
DEBUG - 2026-08-22 13:39:14,432 - jasper.toolflow.constraints - clock name: -of_objects [get_pins skarab_infr/SYS_CLK_MMCM_inst/CLKOUT1]
DEBUG - 2026-08-22 13:39:14,432 - jasper.toolflow.constraints - constraint type: min
DEBUG - 2026-08-22 13:39:14,432 - jasper.toolflow.constraints - constraint delay: 1.0
DEBUG - 2026-08-22 13:39:14,432 - jasper.toolflow.constraints - add delay enabled: True
DEBUG - 2026-08-22 13:39:14,432 - jasper.toolflow.constraints - port name: MEZZANINE_2_INT_N
DEBUG - 2026-08-22 13:39:14,432 - jasper.toolflow.constraints - New input delay constraint
DEBUG - 2026-08-22 13:39:14,432 - jasper.toolflow.constraints - clock name: -of_objects [get_pins skarab_infr/SYS_CLK_MMCM_inst/CLKOUT1]
DEBUG - 2026-08-22 13:39:14,432 - jasper.toolflow.constraints - constraint type: max
DEBUG - 2026-08-22 13:39:14,432 - jasper.toolflow.constraints - constraint delay: 2.0
DEBUG - 2026-08-22 13:39:14,432 - jasper.toolflow.constraints - add delay enabled: True
DEBUG - 2026-08-22 13:39:14,432 - jasper.toolflow.constraints - port name: MEZZANINE_2_INT_N
DEBUG - 2026-08-22 13:39:14,432 - jasper.toolflow.constraints - New input delay constraint
DEBUG - 2026-08-22 13:39:14,432 - jasper.toolflow.constraints - clock name: -of_objects [get_pins skarab_infr/SYS_CLK_MMCM_inst/CLKOUT1]
DEBUG - 2026-08-22 13:39:14,432 - jasper.toolflow.constraints - constraint type: min
DEBUG - 2026-08-22 13:39:14,432 - jasper.toolflow.constraints - constraint delay: 1.0
DEBUG - 2026-08-22 13:39:14,432 - jasper.toolflow.constraints - add delay enabled: True
DEBUG - 2026-08-22 13:39:14,432 - jasper.toolflow.constraints - port name: MEZZANINE_2_ONE_WIRE
DEBUG - 2026-08-22 13:39:14,432 - jasper.toolflow.constraints - New input delay constraint
DEBUG - 2026-08-22 13:39:14,432 - jasper.toolflow.constraints - clock name: -of_objects [get_pins skarab_infr/SYS_CLK_MMCM_inst/CLKOUT1]
DEBUG - 2026-08-22 13:39:14,432 - jasper.toolflow.constraints - constraint type: max
DEBUG - 2026-08-22 13:39:14,432 - jasper.toolflow.constraints - constraint delay: 2.0
DEBUG - 2026-08-22 13:39:14,432 - jasper.toolflow.constraints - add delay enabled: True
DEBUG - 2026-08-22 13:39:14,432 - jasper.toolflow.constraints - port name: MEZZANINE_2_ONE_WIRE
DEBUG - 2026-08-22 13:39:14,432 - jasper.toolflow.constraints - New input delay constraint
DEBUG - 2026-08-22 13:39:14,432 - jasper.toolflow.constraints - clock name: -of_objects [get_pins skarab_infr/SYS_CLK_MMCM_inst/CLKOUT1]
DEBUG - 2026-08-22 13:39:14,432 - jasper.toolflow.constraints - constraint type: min
DEBUG - 2026-08-22 13:39:14,432 - jasper.toolflow.constraints - constraint delay: 1.0
DEBUG - 2026-08-22 13:39:14,432 - jasper.toolflow.constraints - add delay enabled: True
DEBUG - 2026-08-22 13:39:14,432 - jasper.toolflow.constraints - port name: MEZZANINE_2_PRESENT_N
DEBUG - 2026-08-22 13:39:14,432 - jasper.toolflow.constraints - New input delay constraint
DEBUG - 2026-08-22 13:39:14,432 - jasper.toolflow.constraints - clock name: -of_objects [get_pins skarab_infr/SYS_CLK_MMCM_inst/CLKOUT1]
DEBUG - 2026-08-22 13:39:14,432 - jasper.toolflow.constraints - constraint type: max
DEBUG - 2026-08-22 13:39:14,432 - jasper.toolflow.constraints - constraint delay: 2.0
DEBUG - 2026-08-22 13:39:14,432 - jasper.toolflow.constraints - add delay enabled: True
DEBUG - 2026-08-22 13:39:14,432 - jasper.toolflow.constraints - port name: MEZZANINE_2_PRESENT_N
DEBUG - 2026-08-22 13:39:14,432 - jasper.toolflow.constraints - New input delay constraint
DEBUG - 2026-08-22 13:39:14,432 - jasper.toolflow.constraints - clock name: -of_objects [get_pins skarab_infr/SYS_CLK_MMCM_inst/CLKOUT1]
DEBUG - 2026-08-22 13:39:14,432 - jasper.toolflow.constraints - constraint type: min
DEBUG - 2026-08-22 13:39:14,432 - jasper.toolflow.constraints - constraint delay: 1.0
DEBUG - 2026-08-22 13:39:14,432 - jasper.toolflow.constraints - add delay enabled: True
DEBUG - 2026-08-22 13:39:14,432 - jasper.toolflow.constraints - port name: MEZZANINE_2_SCL_FPGA
DEBUG - 2026-08-22 13:39:14,432 - jasper.toolflow.constraints - New input delay constraint
DEBUG - 2026-08-22 13:39:14,432 - jasper.toolflow.constraints - clock name: -of_objects [get_pins skarab_infr/SYS_CLK_MMCM_inst/CLKOUT1]
DEBUG - 2026-08-22 13:39:14,432 - jasper.toolflow.constraints - constraint type: max
DEBUG - 2026-08-22 13:39:14,432 - jasper.toolflow.constraints - constraint delay: 2.0
DEBUG - 2026-08-22 13:39:14,432 - jasper.toolflow.constraints - add delay enabled: True
DEBUG - 2026-08-22 13:39:14,432 - jasper.toolflow.constraints - port name: MEZZANINE_2_SCL_FPGA
DEBUG - 2026-08-22 13:39:14,432 - jasper.toolflow.constraints - New input delay constraint
DEBUG - 2026-08-22 13:39:14,432 - jasper.toolflow.constraints - clock name: -of_objects [get_pins skarab_infr/SYS_CLK_MMCM_inst/CLKOUT1]
DEBUG - 2026-08-22 13:39:14,432 - jasper.toolflow.constraints - constraint type: min
DEBUG - 2026-08-22 13:39:14,432 - jasper.toolflow.constraints - constraint delay: 1.0
DEBUG - 2026-08-22 13:39:14,432 - jasper.toolflow.constraints - add delay enabled: True
DEBUG - 2026-08-22 13:39:14,432 - jasper.toolflow.constraints - port name: MEZZANINE_2_SDA_FPGA
DEBUG - 2026-08-22 13:39:14,432 - jasper.toolflow.constraints - New input delay constraint
DEBUG - 2026-08-22 13:39:14,432 - jasper.toolflow.constraints - clock name: -of_objects [get_pins skarab_infr/SYS_CLK_MMCM_inst/CLKOUT1]
DEBUG - 2026-08-22 13:39:14,432 - jasper.toolflow.constraints - constraint type: max
DEBUG - 2026-08-22 13:39:14,432 - jasper.toolflow.constraints - constraint delay: 2.0
DEBUG - 2026-08-22 13:39:14,432 - jasper.toolflow.constraints - add delay enabled: True
DEBUG - 2026-08-22 13:39:14,432 - jasper.toolflow.constraints - port name: MEZZANINE_2_SDA_FPGA
DEBUG - 2026-08-22 13:39:14,432 - jasper.toolflow.constraints - New input delay constraint
DEBUG - 2026-08-22 13:39:14,432 - jasper.toolflow.constraints - clock name: -of_objects [get_pins skarab_infr/SYS_CLK_MMCM_inst/CLKOUT1]
DEBUG - 2026-08-22 13:39:14,432 - jasper.toolflow.constraints - constraint type: min
DEBUG - 2026-08-22 13:39:14,432 - jasper.toolflow.constraints - constraint delay: 1.0
DEBUG - 2026-08-22 13:39:14,432 - jasper.toolflow.constraints - add delay enabled: True
DEBUG - 2026-08-22 13:39:14,432 - jasper.toolflow.constraints - port name: MEZZANINE_3_FAULT_N
DEBUG - 2026-08-22 13:39:14,432 - jasper.toolflow.constraints - New input delay constraint
DEBUG - 2026-08-22 13:39:14,432 - jasper.toolflow.constraints - clock name: -of_objects [get_pins skarab_infr/SYS_CLK_MMCM_inst/CLKOUT1]
DEBUG - 2026-08-22 13:39:14,432 - jasper.toolflow.constraints - constraint type: max
DEBUG - 2026-08-22 13:39:14,432 - jasper.toolflow.constraints - constraint delay: 2.0
DEBUG - 2026-08-22 13:39:14,432 - jasper.toolflow.constraints - add delay enabled: True
DEBUG - 2026-08-22 13:39:14,432 - jasper.toolflow.constraints - port name: MEZZANINE_3_FAULT_N
DEBUG - 2026-08-22 13:39:14,432 - jasper.toolflow.constraints - New input delay constraint
DEBUG - 2026-08-22 13:39:14,432 - jasper.toolflow.constraints - clock name: -of_objects [get_pins skarab_infr/SYS_CLK_MMCM_inst/CLKOUT1]
DEBUG - 2026-08-22 13:39:14,432 - jasper.toolflow.constraints - constraint type: min
DEBUG - 2026-08-22 13:39:14,432 - jasper.toolflow.constraints - constraint delay: 1.0
DEBUG - 2026-08-22 13:39:14,432 - jasper.toolflow.constraints - add delay enabled: True
DEBUG - 2026-08-22 13:39:14,432 - jasper.toolflow.constraints - port name: MEZZANINE_3_INT_N
DEBUG - 2026-08-22 13:39:14,432 - jasper.toolflow.constraints - New input delay constraint
DEBUG - 2026-08-22 13:39:14,432 - jasper.toolflow.constraints - clock name: -of_objects [get_pins skarab_infr/SYS_CLK_MMCM_inst/CLKOUT1]
DEBUG - 2026-08-22 13:39:14,433 - jasper.toolflow.constraints - constraint type: max
DEBUG - 2026-08-22 13:39:14,433 - jasper.toolflow.constraints - constraint delay: 2.0
DEBUG - 2026-08-22 13:39:14,433 - jasper.toolflow.constraints - add delay enabled: True
DEBUG - 2026-08-22 13:39:14,433 - jasper.toolflow.constraints - port name: MEZZANINE_3_INT_N
DEBUG - 2026-08-22 13:39:14,433 - jasper.toolflow.constraints - New input delay constraint
DEBUG - 2026-08-22 13:39:14,433 - jasper.toolflow.constraints - clock name: -of_objects [get_pins skarab_infr/SYS_CLK_MMCM_inst/CLKOUT1]
DEBUG - 2026-08-22 13:39:14,433 - jasper.toolflow.constraints - constraint type: min
DEBUG - 2026-08-22 13:39:14,433 - jasper.toolflow.constraints - constraint delay: 1.0
DEBUG - 2026-08-22 13:39:14,433 - jasper.toolflow.constraints - add delay enabled: True
DEBUG - 2026-08-22 13:39:14,433 - jasper.toolflow.constraints - port name: MEZZANINE_3_ONE_WIRE
DEBUG - 2026-08-22 13:39:14,433 - jasper.toolflow.constraints - New input delay constraint
DEBUG - 2026-08-22 13:39:14,433 - jasper.toolflow.constraints - clock name: -of_objects [get_pins skarab_infr/SYS_CLK_MMCM_inst/CLKOUT1]
DEBUG - 2026-08-22 13:39:14,433 - jasper.toolflow.constraints - constraint type: max
DEBUG - 2026-08-22 13:39:14,433 - jasper.toolflow.constraints - constraint delay: 2.0
DEBUG - 2026-08-22 13:39:14,433 - jasper.toolflow.constraints - add delay enabled: True
DEBUG - 2026-08-22 13:39:14,433 - jasper.toolflow.constraints - port name: MEZZANINE_3_ONE_WIRE
DEBUG - 2026-08-22 13:39:14,433 - jasper.toolflow.constraints - New input delay constraint
DEBUG - 2026-08-22 13:39:14,433 - jasper.toolflow.constraints - clock name: -of_objects [get_pins skarab_infr/SYS_CLK_MMCM_inst/CLKOUT1]
DEBUG - 2026-08-22 13:39:14,433 - jasper.toolflow.constraints - constraint type: min
DEBUG - 2026-08-22 13:39:14,433 - jasper.toolflow.constraints - constraint delay: 1.0
DEBUG - 2026-08-22 13:39:14,433 - jasper.toolflow.constraints - add delay enabled: True
DEBUG - 2026-08-22 13:39:14,433 - jasper.toolflow.constraints - port name: MEZZANINE_3_PRESENT_N
DEBUG - 2026-08-22 13:39:14,433 - jasper.toolflow.constraints - New input delay constraint
DEBUG - 2026-08-22 13:39:14,433 - jasper.toolflow.constraints - clock name: -of_objects [get_pins skarab_infr/SYS_CLK_MMCM_inst/CLKOUT1]
DEBUG - 2026-08-22 13:39:14,433 - jasper.toolflow.constraints - constraint type: max
DEBUG - 2026-08-22 13:39:14,433 - jasper.toolflow.constraints - constraint delay: 2.0
DEBUG - 2026-08-22 13:39:14,433 - jasper.toolflow.constraints - add delay enabled: True
DEBUG - 2026-08-22 13:39:14,433 - jasper.toolflow.constraints - port name: MEZZANINE_3_PRESENT_N
DEBUG - 2026-08-22 13:39:14,433 - jasper.toolflow.constraints - New input delay constraint
DEBUG - 2026-08-22 13:39:14,433 - jasper.toolflow.constraints - clock name: -of_objects [get_pins skarab_infr/SYS_CLK_MMCM_inst/CLKOUT1]
DEBUG - 2026-08-22 13:39:14,433 - jasper.toolflow.constraints - constraint type: min
DEBUG - 2026-08-22 13:39:14,433 - jasper.toolflow.constraints - constraint delay: 1.0
DEBUG - 2026-08-22 13:39:14,433 - jasper.toolflow.constraints - add delay enabled: True
DEBUG - 2026-08-22 13:39:14,433 - jasper.toolflow.constraints - port name: MEZZANINE_3_SCL_FPGA
DEBUG - 2026-08-22 13:39:14,433 - jasper.toolflow.constraints - New input delay constraint
DEBUG - 2026-08-22 13:39:14,433 - jasper.toolflow.constraints - clock name: -of_objects [get_pins skarab_infr/SYS_CLK_MMCM_inst/CLKOUT1]
DEBUG - 2026-08-22 13:39:14,433 - jasper.toolflow.constraints - constraint type: max
DEBUG - 2026-08-22 13:39:14,433 - jasper.toolflow.constraints - constraint delay: 2.0
DEBUG - 2026-08-22 13:39:14,433 - jasper.toolflow.constraints - add delay enabled: True
DEBUG - 2026-08-22 13:39:14,433 - jasper.toolflow.constraints - port name: MEZZANINE_3_SCL_FPGA
DEBUG - 2026-08-22 13:39:14,433 - jasper.toolflow.constraints - New input delay constraint
DEBUG - 2026-08-22 13:39:14,433 - jasper.toolflow.constraints - clock name: -of_objects [get_pins skarab_infr/SYS_CLK_MMCM_inst/CLKOUT1]
DEBUG - 2026-08-22 13:39:14,433 - jasper.toolflow.constraints - constraint type: min
DEBUG - 2026-08-22 13:39:14,433 - jasper.toolflow.constraints - constraint delay: 1.0
DEBUG - 2026-08-22 13:39:14,433 - jasper.toolflow.constraints - add delay enabled: True
DEBUG - 2026-08-22 13:39:14,433 - jasper.toolflow.constraints - port name: MEZZANINE_3_SDA_FPGA
DEBUG - 2026-08-22 13:39:14,433 - jasper.toolflow.constraints - New input delay constraint
DEBUG - 2026-08-22 13:39:14,433 - jasper.toolflow.constraints - clock name: -of_objects [get_pins skarab_infr/SYS_CLK_MMCM_inst/CLKOUT1]
DEBUG - 2026-08-22 13:39:14,433 - jasper.toolflow.constraints - constraint type: max
DEBUG - 2026-08-22 13:39:14,433 - jasper.toolflow.constraints - constraint delay: 2.0
DEBUG - 2026-08-22 13:39:14,433 - jasper.toolflow.constraints - add delay enabled: True
DEBUG - 2026-08-22 13:39:14,433 - jasper.toolflow.constraints - port name: MEZZANINE_3_SDA_FPGA
DEBUG - 2026-08-22 13:39:14,433 - jasper.toolflow.constraints - New input delay constraint
DEBUG - 2026-08-22 13:39:14,433 - jasper.toolflow.constraints - clock name: -of_objects [get_pins skarab_infr/SYS_CLK_MMCM_inst/CLKOUT1]
DEBUG - 2026-08-22 13:39:14,433 - jasper.toolflow.constraints - constraint type: min
DEBUG - 2026-08-22 13:39:14,433 - jasper.toolflow.constraints - constraint delay: 1.0
DEBUG - 2026-08-22 13:39:14,433 - jasper.toolflow.constraints - add delay enabled: True
DEBUG - 2026-08-22 13:39:14,433 - jasper.toolflow.constraints - port name: MONITOR_ALERT_N
DEBUG - 2026-08-22 13:39:14,433 - jasper.toolflow.constraints - New input delay constraint
DEBUG - 2026-08-22 13:39:14,433 - jasper.toolflow.constraints - clock name: -of_objects [get_pins skarab_infr/SYS_CLK_MMCM_inst/CLKOUT1]
DEBUG - 2026-08-22 13:39:14,433 - jasper.toolflow.constraints - constraint type: max
DEBUG - 2026-08-22 13:39:14,433 - jasper.toolflow.constraints - constraint delay: 2.0
DEBUG - 2026-08-22 13:39:14,433 - jasper.toolflow.constraints - add delay enabled: True
DEBUG - 2026-08-22 13:39:14,433 - jasper.toolflow.constraints - port name: MONITOR_ALERT_N
DEBUG - 2026-08-22 13:39:14,433 - jasper.toolflow.constraints - New input delay constraint
DEBUG - 2026-08-22 13:39:14,433 - jasper.toolflow.constraints - clock name: -of_objects [get_pins skarab_infr/SYS_CLK_MMCM_inst/CLKOUT1]
DEBUG - 2026-08-22 13:39:14,433 - jasper.toolflow.constraints - constraint type: min
DEBUG - 2026-08-22 13:39:14,433 - jasper.toolflow.constraints - constraint delay: 1.0
DEBUG - 2026-08-22 13:39:14,433 - jasper.toolflow.constraints - add delay enabled: True
DEBUG - 2026-08-22 13:39:14,433 - jasper.toolflow.constraints - port name: ONE_WIRE_EEPROM
DEBUG - 2026-08-22 13:39:14,433 - jasper.toolflow.constraints - New input delay constraint
DEBUG - 2026-08-22 13:39:14,433 - jasper.toolflow.constraints - clock name: -of_objects [get_pins skarab_infr/SYS_CLK_MMCM_inst/CLKOUT1]
DEBUG - 2026-08-22 13:39:14,433 - jasper.toolflow.constraints - constraint type: max
DEBUG - 2026-08-22 13:39:14,433 - jasper.toolflow.constraints - constraint delay: 2.0
DEBUG - 2026-08-22 13:39:14,433 - jasper.toolflow.constraints - add delay enabled: True
DEBUG - 2026-08-22 13:39:14,433 - jasper.toolflow.constraints - port name: ONE_WIRE_EEPROM
DEBUG - 2026-08-22 13:39:14,433 - jasper.toolflow.constraints - New input delay constraint
DEBUG - 2026-08-22 13:39:14,433 - jasper.toolflow.constraints - clock name: -of_objects [get_pins skarab_infr/SYS_CLK_MMCM_inst/CLKOUT1]
DEBUG - 2026-08-22 13:39:14,433 - jasper.toolflow.constraints - constraint type: min
DEBUG - 2026-08-22 13:39:14,433 - jasper.toolflow.constraints - constraint delay: 1.0
DEBUG - 2026-08-22 13:39:14,433 - jasper.toolflow.constraints - add delay enabled: True
DEBUG - 2026-08-22 13:39:14,433 - jasper.toolflow.constraints - port name: SPI_MISO
DEBUG - 2026-08-22 13:39:14,433 - jasper.toolflow.constraints - New input delay constraint
DEBUG - 2026-08-22 13:39:14,433 - jasper.toolflow.constraints - clock name: -of_objects [get_pins skarab_infr/SYS_CLK_MMCM_inst/CLKOUT1]
DEBUG - 2026-08-22 13:39:14,433 - jasper.toolflow.constraints - constraint type: max
DEBUG - 2026-08-22 13:39:14,433 - jasper.toolflow.constraints - constraint delay: 2.0
DEBUG - 2026-08-22 13:39:14,433 - jasper.toolflow.constraints - add delay enabled: True
DEBUG - 2026-08-22 13:39:14,433 - jasper.toolflow.constraints - port name: SPI_MISO
DEBUG - 2026-08-22 13:39:14,433 - jasper.toolflow.constraints - New input delay constraint
DEBUG - 2026-08-22 13:39:14,433 - jasper.toolflow.constraints - clock name: -of_objects [get_pins skarab_infr/SYS_CLK_MMCM_inst/CLKOUT1]
DEBUG - 2026-08-22 13:39:14,433 - jasper.toolflow.constraints - constraint type: min
DEBUG - 2026-08-22 13:39:14,433 - jasper.toolflow.constraints - constraint delay: 1.0
DEBUG - 2026-08-22 13:39:14,433 - jasper.toolflow.constraints - add delay enabled: True
DEBUG - 2026-08-22 13:39:14,433 - jasper.toolflow.constraints - port name: USB_I2C_CTRL
DEBUG - 2026-08-22 13:39:14,433 - jasper.toolflow.constraints - New input delay constraint
DEBUG - 2026-08-22 13:39:14,433 - jasper.toolflow.constraints - clock name: -of_objects [get_pins skarab_infr/SYS_CLK_MMCM_inst/CLKOUT1]
DEBUG - 2026-08-22 13:39:14,433 - jasper.toolflow.constraints - constraint type: max
DEBUG - 2026-08-22 13:39:14,433 - jasper.toolflow.constraints - constraint delay: 2.0
DEBUG - 2026-08-22 13:39:14,433 - jasper.toolflow.constraints - add delay enabled: True
DEBUG - 2026-08-22 13:39:14,433 - jasper.toolflow.constraints - port name: USB_I2C_CTRL
DEBUG - 2026-08-22 13:39:14,433 - jasper.toolflow.constraints - New input delay constraint
DEBUG - 2026-08-22 13:39:14,433 - jasper.toolflow.constraints - clock name: virtual_emcc_clock
DEBUG - 2026-08-22 13:39:14,433 - jasper.toolflow.constraints - constraint type: min
DEBUG - 2026-08-22 13:39:14,433 - jasper.toolflow.constraints - constraint delay: 1.0
DEBUG - 2026-08-22 13:39:14,433 - jasper.toolflow.constraints - add delay enabled: True
DEBUG - 2026-08-22 13:39:14,433 - jasper.toolflow.constraints - port name: EMCCLK
DEBUG - 2026-08-22 13:39:14,433 - jasper.toolflow.constraints - New input delay constraint
DEBUG - 2026-08-22 13:39:14,434 - jasper.toolflow.constraints - clock name: virtual_emcc_clock
DEBUG - 2026-08-22 13:39:14,434 - jasper.toolflow.constraints - constraint type: max
DEBUG - 2026-08-22 13:39:14,434 - jasper.toolflow.constraints - constraint delay: 2.0
DEBUG - 2026-08-22 13:39:14,434 - jasper.toolflow.constraints - add delay enabled: True
DEBUG - 2026-08-22 13:39:14,434 - jasper.toolflow.constraints - port name: EMCCLK
DEBUG - 2026-08-22 13:39:14,434 - jasper.toolflow.constraints - New input delay constraint
DEBUG - 2026-08-22 13:39:14,434 - jasper.toolflow.constraints - clock name: -of_objects [get_pins skarab_infr/SYS_CLK_MMCM_inst/CLKOUT1]
DEBUG - 2026-08-22 13:39:14,434 - jasper.toolflow.constraints - constraint type: min
DEBUG - 2026-08-22 13:39:14,434 - jasper.toolflow.constraints - constraint delay: 1.0
DEBUG - 2026-08-22 13:39:14,434 - jasper.toolflow.constraints - add delay enabled: True
DEBUG - 2026-08-22 13:39:14,434 - jasper.toolflow.constraints - port name: USB_UART_TXD
DEBUG - 2026-08-22 13:39:14,434 - jasper.toolflow.constraints - New input delay constraint
DEBUG - 2026-08-22 13:39:14,434 - jasper.toolflow.constraints - clock name: -of_objects [get_pins skarab_infr/SYS_CLK_MMCM_inst/CLKOUT1]
DEBUG - 2026-08-22 13:39:14,434 - jasper.toolflow.constraints - constraint type: max
DEBUG - 2026-08-22 13:39:14,434 - jasper.toolflow.constraints - constraint delay: 2.0
DEBUG - 2026-08-22 13:39:14,434 - jasper.toolflow.constraints - add delay enabled: True
DEBUG - 2026-08-22 13:39:14,434 - jasper.toolflow.constraints - port name: USB_UART_TXD
DEBUG - 2026-08-22 13:39:14,434 - jasper.toolflow.constraints - New input delay constraint
DEBUG - 2026-08-22 13:39:14,434 - jasper.toolflow.constraints - clock name: -of_objects [get_pins skarab_infr/SYS_CLK_MMCM_inst/CLKOUT1]
DEBUG - 2026-08-22 13:39:14,434 - jasper.toolflow.constraints - constraint type: min
DEBUG - 2026-08-22 13:39:14,434 - jasper.toolflow.constraints - constraint delay: 1.0
DEBUG - 2026-08-22 13:39:14,434 - jasper.toolflow.constraints - add delay enabled: True
DEBUG - 2026-08-22 13:39:14,434 - jasper.toolflow.constraints - port name: ONE_GBE_INT_N
DEBUG - 2026-08-22 13:39:14,434 - jasper.toolflow.constraints - New input delay constraint
DEBUG - 2026-08-22 13:39:14,434 - jasper.toolflow.constraints - clock name: -of_objects [get_pins skarab_infr/SYS_CLK_MMCM_inst/CLKOUT1]
DEBUG - 2026-08-22 13:39:14,434 - jasper.toolflow.constraints - constraint type: max
DEBUG - 2026-08-22 13:39:14,434 - jasper.toolflow.constraints - constraint delay: 2.0
DEBUG - 2026-08-22 13:39:14,434 - jasper.toolflow.constraints - add delay enabled: True
DEBUG - 2026-08-22 13:39:14,434 - jasper.toolflow.constraints - port name: ONE_GBE_INT_N
DEBUG - 2026-08-22 13:39:14,434 - jasper.toolflow.constraints - New input delay constraint
DEBUG - 2026-08-22 13:39:14,434 - jasper.toolflow.constraints - clock name: -of_objects [get_pins skarab_infr/SYS_CLK_MMCM_inst/CLKOUT1]
DEBUG - 2026-08-22 13:39:14,434 - jasper.toolflow.constraints - constraint type: min
DEBUG - 2026-08-22 13:39:14,434 - jasper.toolflow.constraints - constraint delay: 1.0
DEBUG - 2026-08-22 13:39:14,434 - jasper.toolflow.constraints - add delay enabled: True
DEBUG - 2026-08-22 13:39:14,434 - jasper.toolflow.constraints - port name: ONE_GBE_LINK
DEBUG - 2026-08-22 13:39:14,434 - jasper.toolflow.constraints - New input delay constraint
DEBUG - 2026-08-22 13:39:14,434 - jasper.toolflow.constraints - clock name: -of_objects [get_pins skarab_infr/SYS_CLK_MMCM_inst/CLKOUT1]
DEBUG - 2026-08-22 13:39:14,434 - jasper.toolflow.constraints - constraint type: max
DEBUG - 2026-08-22 13:39:14,434 - jasper.toolflow.constraints - constraint delay: 2.0
DEBUG - 2026-08-22 13:39:14,434 - jasper.toolflow.constraints - add delay enabled: True
DEBUG - 2026-08-22 13:39:14,434 - jasper.toolflow.constraints - port name: ONE_GBE_LINK
DEBUG - 2026-08-22 13:39:14,434 - jasper.toolflow.constraints - New output delay constraint
DEBUG - 2026-08-22 13:39:14,434 - jasper.toolflow.constraints - clock name: -of_objects [get_pins skarab_infr/SYS_CLK_MMCM_inst/CLKOUT1]
DEBUG - 2026-08-22 13:39:14,434 - jasper.toolflow.constraints - constraint type: min
DEBUG - 2026-08-22 13:39:14,434 - jasper.toolflow.constraints - constraint delay: -2.5
DEBUG - 2026-08-22 13:39:14,434 - jasper.toolflow.constraints - add delay enabled: True
DEBUG - 2026-08-22 13:39:14,434 - jasper.toolflow.constraints - port name: FLASH_A[*]
DEBUG - 2026-08-22 13:39:14,434 - jasper.toolflow.constraints - New output delay constraint
DEBUG - 2026-08-22 13:39:14,434 - jasper.toolflow.constraints - clock name: -of_objects [get_pins skarab_infr/SYS_CLK_MMCM_inst/CLKOUT1]
DEBUG - 2026-08-22 13:39:14,434 - jasper.toolflow.constraints - constraint type: max
DEBUG - 2026-08-22 13:39:14,434 - jasper.toolflow.constraints - constraint delay: -3.0
DEBUG - 2026-08-22 13:39:14,434 - jasper.toolflow.constraints - add delay enabled: True
DEBUG - 2026-08-22 13:39:14,434 - jasper.toolflow.constraints - port name: FLASH_A[*]
DEBUG - 2026-08-22 13:39:14,434 - jasper.toolflow.constraints - New output delay constraint
DEBUG - 2026-08-22 13:39:14,434 - jasper.toolflow.constraints - clock name: -of_objects [get_pins skarab_infr/SYS_CLK_MMCM_inst/CLKOUT1]
DEBUG - 2026-08-22 13:39:14,434 - jasper.toolflow.constraints - constraint type: min
DEBUG - 2026-08-22 13:39:14,434 - jasper.toolflow.constraints - constraint delay: -2.5
DEBUG - 2026-08-22 13:39:14,434 - jasper.toolflow.constraints - add delay enabled: True
DEBUG - 2026-08-22 13:39:14,434 - jasper.toolflow.constraints - port name: FLASH_DQ[*]
DEBUG - 2026-08-22 13:39:14,434 - jasper.toolflow.constraints - New output delay constraint
DEBUG - 2026-08-22 13:39:14,434 - jasper.toolflow.constraints - clock name: -of_objects [get_pins skarab_infr/SYS_CLK_MMCM_inst/CLKOUT1]
DEBUG - 2026-08-22 13:39:14,434 - jasper.toolflow.constraints - constraint type: max
DEBUG - 2026-08-22 13:39:14,434 - jasper.toolflow.constraints - constraint delay: -3.0
DEBUG - 2026-08-22 13:39:14,434 - jasper.toolflow.constraints - add delay enabled: True
DEBUG - 2026-08-22 13:39:14,434 - jasper.toolflow.constraints - port name: FLASH_DQ[*]
DEBUG - 2026-08-22 13:39:14,434 - jasper.toolflow.constraints - New output delay constraint
DEBUG - 2026-08-22 13:39:14,434 - jasper.toolflow.constraints - clock name: -of_objects [get_pins skarab_infr/SYS_CLK_MMCM_inst/CLKOUT1]
DEBUG - 2026-08-22 13:39:14,434 - jasper.toolflow.constraints - constraint type: min
DEBUG - 2026-08-22 13:39:14,434 - jasper.toolflow.constraints - constraint delay: -2.5
DEBUG - 2026-08-22 13:39:14,434 - jasper.toolflow.constraints - add delay enabled: True
DEBUG - 2026-08-22 13:39:14,434 - jasper.toolflow.constraints - port name: FLASH_ADV_N
DEBUG - 2026-08-22 13:39:14,434 - jasper.toolflow.constraints - New output delay constraint
DEBUG - 2026-08-22 13:39:14,434 - jasper.toolflow.constraints - clock name: -of_objects [get_pins skarab_infr/SYS_CLK_MMCM_inst/CLKOUT1]
DEBUG - 2026-08-22 13:39:14,434 - jasper.toolflow.constraints - constraint type: max
DEBUG - 2026-08-22 13:39:14,434 - jasper.toolflow.constraints - constraint delay: -3.0
DEBUG - 2026-08-22 13:39:14,434 - jasper.toolflow.constraints - add delay enabled: True
DEBUG - 2026-08-22 13:39:14,434 - jasper.toolflow.constraints - port name: FLASH_ADV_N
DEBUG - 2026-08-22 13:39:14,434 - jasper.toolflow.constraints - New output delay constraint
DEBUG - 2026-08-22 13:39:14,434 - jasper.toolflow.constraints - clock name: -of_objects [get_pins skarab_infr/SYS_CLK_MMCM_inst/CLKOUT1]
DEBUG - 2026-08-22 13:39:14,434 - jasper.toolflow.constraints - constraint type: min
DEBUG - 2026-08-22 13:39:14,434 - jasper.toolflow.constraints - constraint delay: -2.5
DEBUG - 2026-08-22 13:39:14,434 - jasper.toolflow.constraints - add delay enabled: True
DEBUG - 2026-08-22 13:39:14,434 - jasper.toolflow.constraints - port name: FLASH_CS_N
DEBUG - 2026-08-22 13:39:14,434 - jasper.toolflow.constraints - New output delay constraint
DEBUG - 2026-08-22 13:39:14,434 - jasper.toolflow.constraints - clock name: -of_objects [get_pins skarab_infr/SYS_CLK_MMCM_inst/CLKOUT1]
DEBUG - 2026-08-22 13:39:14,434 - jasper.toolflow.constraints - constraint type: max
DEBUG - 2026-08-22 13:39:14,434 - jasper.toolflow.constraints - constraint delay: -3.0
DEBUG - 2026-08-22 13:39:14,434 - jasper.toolflow.constraints - add delay enabled: True
DEBUG - 2026-08-22 13:39:14,434 - jasper.toolflow.constraints - port name: FLASH_CS_N
DEBUG - 2026-08-22 13:39:14,434 - jasper.toolflow.constraints - New output delay constraint
DEBUG - 2026-08-22 13:39:14,434 - jasper.toolflow.constraints - clock name: -of_objects [get_pins skarab_infr/SYS_CLK_MMCM_inst/CLKOUT1]
DEBUG - 2026-08-22 13:39:14,434 - jasper.toolflow.constraints - constraint type: min
DEBUG - 2026-08-22 13:39:14,434 - jasper.toolflow.constraints - constraint delay: -2.5
DEBUG - 2026-08-22 13:39:14,434 - jasper.toolflow.constraints - add delay enabled: True
DEBUG - 2026-08-22 13:39:14,434 - jasper.toolflow.constraints - port name: FLASH_OE_N
DEBUG - 2026-08-22 13:39:14,434 - jasper.toolflow.constraints - New output delay constraint
DEBUG - 2026-08-22 13:39:14,434 - jasper.toolflow.constraints - clock name: -of_objects [get_pins skarab_infr/SYS_CLK_MMCM_inst/CLKOUT1]
DEBUG - 2026-08-22 13:39:14,434 - jasper.toolflow.constraints - constraint type: max
DEBUG - 2026-08-22 13:39:14,434 - jasper.toolflow.constraints - constraint delay: -3.0
DEBUG - 2026-08-22 13:39:14,434 - jasper.toolflow.constraints - add delay enabled: True
DEBUG - 2026-08-22 13:39:14,434 - jasper.toolflow.constraints - port name: FLASH_OE_N
DEBUG - 2026-08-22 13:39:14,434 - jasper.toolflow.constraints - New output delay constraint
DEBUG - 2026-08-22 13:39:14,434 - jasper.toolflow.constraints - clock name: -of_objects [get_pins skarab_infr/SYS_CLK_MMCM_inst/CLKOUT1]
DEBUG - 2026-08-22 13:39:14,434 - jasper.toolflow.constraints - constraint type: min
DEBUG - 2026-08-22 13:39:14,434 - jasper.toolflow.constraints - constraint delay: -2.5
DEBUG - 2026-08-22 13:39:14,434 - jasper.toolflow.constraints - add delay enabled: True
DEBUG - 2026-08-22 13:39:14,434 - jasper.toolflow.constraints - port name: FLASH_RS0
DEBUG - 2026-08-22 13:39:14,434 - jasper.toolflow.constraints - New output delay constraint
DEBUG - 2026-08-22 13:39:14,435 - jasper.toolflow.constraints - clock name: -of_objects [get_pins skarab_infr/SYS_CLK_MMCM_inst/CLKOUT1]
DEBUG - 2026-08-22 13:39:14,435 - jasper.toolflow.constraints - constraint type: max
DEBUG - 2026-08-22 13:39:14,435 - jasper.toolflow.constraints - constraint delay: -3.0
DEBUG - 2026-08-22 13:39:14,435 - jasper.toolflow.constraints - add delay enabled: True
DEBUG - 2026-08-22 13:39:14,435 - jasper.toolflow.constraints - port name: FLASH_RS0
DEBUG - 2026-08-22 13:39:14,435 - jasper.toolflow.constraints - New output delay constraint
DEBUG - 2026-08-22 13:39:14,435 - jasper.toolflow.constraints - clock name: -of_objects [get_pins skarab_infr/SYS_CLK_MMCM_inst/CLKOUT1]
DEBUG - 2026-08-22 13:39:14,435 - jasper.toolflow.constraints - constraint type: min
DEBUG - 2026-08-22 13:39:14,435 - jasper.toolflow.constraints - constraint delay: -2.5
DEBUG - 2026-08-22 13:39:14,435 - jasper.toolflow.constraints - add delay enabled: True
DEBUG - 2026-08-22 13:39:14,435 - jasper.toolflow.constraints - port name: FLASH_RS1
DEBUG - 2026-08-22 13:39:14,435 - jasper.toolflow.constraints - New output delay constraint
DEBUG - 2026-08-22 13:39:14,435 - jasper.toolflow.constraints - clock name: -of_objects [get_pins skarab_infr/SYS_CLK_MMCM_inst/CLKOUT1]
DEBUG - 2026-08-22 13:39:14,435 - jasper.toolflow.constraints - constraint type: max
DEBUG - 2026-08-22 13:39:14,435 - jasper.toolflow.constraints - constraint delay: -3.0
DEBUG - 2026-08-22 13:39:14,435 - jasper.toolflow.constraints - add delay enabled: True
DEBUG - 2026-08-22 13:39:14,435 - jasper.toolflow.constraints - port name: FLASH_RS1
DEBUG - 2026-08-22 13:39:14,435 - jasper.toolflow.constraints - New output delay constraint
DEBUG - 2026-08-22 13:39:14,435 - jasper.toolflow.constraints - clock name: -of_objects [get_pins skarab_infr/SYS_CLK_MMCM_inst/CLKOUT1]
DEBUG - 2026-08-22 13:39:14,435 - jasper.toolflow.constraints - constraint type: min
DEBUG - 2026-08-22 13:39:14,435 - jasper.toolflow.constraints - constraint delay: -2.5
DEBUG - 2026-08-22 13:39:14,435 - jasper.toolflow.constraints - add delay enabled: True
DEBUG - 2026-08-22 13:39:14,435 - jasper.toolflow.constraints - port name: FLASH_WE_N
DEBUG - 2026-08-22 13:39:14,435 - jasper.toolflow.constraints - New output delay constraint
DEBUG - 2026-08-22 13:39:14,435 - jasper.toolflow.constraints - clock name: -of_objects [get_pins skarab_infr/SYS_CLK_MMCM_inst/CLKOUT1]
DEBUG - 2026-08-22 13:39:14,435 - jasper.toolflow.constraints - constraint type: max
DEBUG - 2026-08-22 13:39:14,435 - jasper.toolflow.constraints - constraint delay: -3.0
DEBUG - 2026-08-22 13:39:14,435 - jasper.toolflow.constraints - add delay enabled: True
DEBUG - 2026-08-22 13:39:14,435 - jasper.toolflow.constraints - port name: FLASH_WE_N
DEBUG - 2026-08-22 13:39:14,435 - jasper.toolflow.constraints - New output delay constraint
DEBUG - 2026-08-22 13:39:14,435 - jasper.toolflow.constraints - clock name: -of_objects [get_pins skarab_infr/SYS_CLK_MMCM_inst/CLKOUT1]
DEBUG - 2026-08-22 13:39:14,435 - jasper.toolflow.constraints - constraint type: min
DEBUG - 2026-08-22 13:39:14,435 - jasper.toolflow.constraints - constraint delay: -2.5
DEBUG - 2026-08-22 13:39:14,435 - jasper.toolflow.constraints - add delay enabled: True
DEBUG - 2026-08-22 13:39:14,435 - jasper.toolflow.constraints - port name: SPARTAN_CLK
DEBUG - 2026-08-22 13:39:14,435 - jasper.toolflow.constraints - New output delay constraint
DEBUG - 2026-08-22 13:39:14,435 - jasper.toolflow.constraints - clock name: -of_objects [get_pins skarab_infr/SYS_CLK_MMCM_inst/CLKOUT1]
DEBUG - 2026-08-22 13:39:14,435 - jasper.toolflow.constraints - constraint type: max
DEBUG - 2026-08-22 13:39:14,435 - jasper.toolflow.constraints - constraint delay: -3.0
DEBUG - 2026-08-22 13:39:14,435 - jasper.toolflow.constraints - add delay enabled: True
DEBUG - 2026-08-22 13:39:14,435 - jasper.toolflow.constraints - port name: SPARTAN_CLK
DEBUG - 2026-08-22 13:39:14,435 - jasper.toolflow.constraints - New output delay constraint
DEBUG - 2026-08-22 13:39:14,435 - jasper.toolflow.constraints - clock name: -of_objects [get_pins skarab_infr/SYS_CLK_MMCM_inst/CLKOUT1]
DEBUG - 2026-08-22 13:39:14,435 - jasper.toolflow.constraints - constraint type: min
DEBUG - 2026-08-22 13:39:14,435 - jasper.toolflow.constraints - constraint delay: 1.0
DEBUG - 2026-08-22 13:39:14,435 - jasper.toolflow.constraints - add delay enabled: True
DEBUG - 2026-08-22 13:39:14,435 - jasper.toolflow.constraints - port name: CONFIG_IO_0
DEBUG - 2026-08-22 13:39:14,435 - jasper.toolflow.constraints - New output delay constraint
DEBUG - 2026-08-22 13:39:14,435 - jasper.toolflow.constraints - clock name: -of_objects [get_pins skarab_infr/SYS_CLK_MMCM_inst/CLKOUT1]
DEBUG - 2026-08-22 13:39:14,435 - jasper.toolflow.constraints - constraint type: max
DEBUG - 2026-08-22 13:39:14,435 - jasper.toolflow.constraints - constraint delay: 2.0
DEBUG - 2026-08-22 13:39:14,435 - jasper.toolflow.constraints - add delay enabled: True
DEBUG - 2026-08-22 13:39:14,435 - jasper.toolflow.constraints - port name: CONFIG_IO_0
DEBUG - 2026-08-22 13:39:14,435 - jasper.toolflow.constraints - New output delay constraint
DEBUG - 2026-08-22 13:39:14,435 - jasper.toolflow.constraints - clock name: -of_objects [get_pins skarab_infr/SYS_CLK_MMCM_inst/CLKOUT1]
DEBUG - 2026-08-22 13:39:14,435 - jasper.toolflow.constraints - constraint type: min
DEBUG - 2026-08-22 13:39:14,435 - jasper.toolflow.constraints - constraint delay: 1.0
DEBUG - 2026-08-22 13:39:14,435 - jasper.toolflow.constraints - add delay enabled: True
DEBUG - 2026-08-22 13:39:14,435 - jasper.toolflow.constraints - port name: CONFIG_IO_1
DEBUG - 2026-08-22 13:39:14,435 - jasper.toolflow.constraints - New output delay constraint
DEBUG - 2026-08-22 13:39:14,435 - jasper.toolflow.constraints - clock name: -of_objects [get_pins skarab_infr/SYS_CLK_MMCM_inst/CLKOUT1]
DEBUG - 2026-08-22 13:39:14,435 - jasper.toolflow.constraints - constraint type: max
DEBUG - 2026-08-22 13:39:14,435 - jasper.toolflow.constraints - constraint delay: 2.0
DEBUG - 2026-08-22 13:39:14,435 - jasper.toolflow.constraints - add delay enabled: True
DEBUG - 2026-08-22 13:39:14,435 - jasper.toolflow.constraints - port name: CONFIG_IO_1
DEBUG - 2026-08-22 13:39:14,435 - jasper.toolflow.constraints - New output delay constraint
DEBUG - 2026-08-22 13:39:14,435 - jasper.toolflow.constraints - clock name: -of_objects [get_pins skarab_infr/SYS_CLK_MMCM_inst/CLKOUT1]
DEBUG - 2026-08-22 13:39:14,435 - jasper.toolflow.constraints - constraint type: min
DEBUG - 2026-08-22 13:39:14,435 - jasper.toolflow.constraints - constraint delay: 1.0
DEBUG - 2026-08-22 13:39:14,435 - jasper.toolflow.constraints - add delay enabled: True
DEBUG - 2026-08-22 13:39:14,435 - jasper.toolflow.constraints - port name: CONFIG_IO_3
DEBUG - 2026-08-22 13:39:14,435 - jasper.toolflow.constraints - New output delay constraint
DEBUG - 2026-08-22 13:39:14,435 - jasper.toolflow.constraints - clock name: -of_objects [get_pins skarab_infr/SYS_CLK_MMCM_inst/CLKOUT1]
DEBUG - 2026-08-22 13:39:14,435 - jasper.toolflow.constraints - constraint type: max
DEBUG - 2026-08-22 13:39:14,435 - jasper.toolflow.constraints - constraint delay: 2.0
DEBUG - 2026-08-22 13:39:14,435 - jasper.toolflow.constraints - add delay enabled: True
DEBUG - 2026-08-22 13:39:14,435 - jasper.toolflow.constraints - port name: CONFIG_IO_3
DEBUG - 2026-08-22 13:39:14,435 - jasper.toolflow.constraints - New output delay constraint
DEBUG - 2026-08-22 13:39:14,435 - jasper.toolflow.constraints - clock name: -of_objects [get_pins skarab_infr/SYS_CLK_MMCM_inst/CLKOUT1]
DEBUG - 2026-08-22 13:39:14,435 - jasper.toolflow.constraints - constraint type: min
DEBUG - 2026-08-22 13:39:14,435 - jasper.toolflow.constraints - constraint delay: 1.0
DEBUG - 2026-08-22 13:39:14,435 - jasper.toolflow.constraints - add delay enabled: True
DEBUG - 2026-08-22 13:39:14,435 - jasper.toolflow.constraints - port name: CONFIG_IO_4
DEBUG - 2026-08-22 13:39:14,435 - jasper.toolflow.constraints - New output delay constraint
DEBUG - 2026-08-22 13:39:14,435 - jasper.toolflow.constraints - clock name: -of_objects [get_pins skarab_infr/SYS_CLK_MMCM_inst/CLKOUT1]
DEBUG - 2026-08-22 13:39:14,435 - jasper.toolflow.constraints - constraint type: max
DEBUG - 2026-08-22 13:39:14,435 - jasper.toolflow.constraints - constraint delay: 2.0
DEBUG - 2026-08-22 13:39:14,435 - jasper.toolflow.constraints - add delay enabled: True
DEBUG - 2026-08-22 13:39:14,435 - jasper.toolflow.constraints - port name: CONFIG_IO_4
DEBUG - 2026-08-22 13:39:14,435 - jasper.toolflow.constraints - New output delay constraint
DEBUG - 2026-08-22 13:39:14,435 - jasper.toolflow.constraints - clock name: -of_objects [get_pins skarab_infr/SYS_CLK_MMCM_inst/CLKOUT1]
DEBUG - 2026-08-22 13:39:14,435 - jasper.toolflow.constraints - constraint type: min
DEBUG - 2026-08-22 13:39:14,435 - jasper.toolflow.constraints - constraint delay: 1.0
DEBUG - 2026-08-22 13:39:14,435 - jasper.toolflow.constraints - add delay enabled: True
DEBUG - 2026-08-22 13:39:14,435 - jasper.toolflow.constraints - port name: CONFIG_IO_6
DEBUG - 2026-08-22 13:39:14,435 - jasper.toolflow.constraints - New output delay constraint
DEBUG - 2026-08-22 13:39:14,435 - jasper.toolflow.constraints - clock name: -of_objects [get_pins skarab_infr/SYS_CLK_MMCM_inst/CLKOUT1]
DEBUG - 2026-08-22 13:39:14,435 - jasper.toolflow.constraints - constraint type: max
DEBUG - 2026-08-22 13:39:14,435 - jasper.toolflow.constraints - constraint delay: 2.0
DEBUG - 2026-08-22 13:39:14,435 - jasper.toolflow.constraints - add delay enabled: True
DEBUG - 2026-08-22 13:39:14,435 - jasper.toolflow.constraints - port name: CONFIG_IO_6
DEBUG - 2026-08-22 13:39:14,435 - jasper.toolflow.constraints - New output delay constraint
DEBUG - 2026-08-22 13:39:14,435 - jasper.toolflow.constraints - clock name: -of_objects [get_pins skarab_infr/SYS_CLK_MMCM_inst/CLKOUT1]
DEBUG - 2026-08-22 13:39:14,435 - jasper.toolflow.constraints - constraint type: min
DEBUG - 2026-08-22 13:39:14,435 - jasper.toolflow.constraints - constraint delay: 1.0
DEBUG - 2026-08-22 13:39:14,435 - jasper.toolflow.constraints - add delay enabled: True
DEBUG - 2026-08-22 13:39:14,435 - jasper.toolflow.constraints - port name: CONFIG_IO_7
DEBUG - 2026-08-22 13:39:14,435 - jasper.toolflow.constraints - New output delay constraint
DEBUG - 2026-08-22 13:39:14,436 - jasper.toolflow.constraints - clock name: -of_objects [get_pins skarab_infr/SYS_CLK_MMCM_inst/CLKOUT1]
DEBUG - 2026-08-22 13:39:14,436 - jasper.toolflow.constraints - constraint type: max
DEBUG - 2026-08-22 13:39:14,436 - jasper.toolflow.constraints - constraint delay: 2.0
DEBUG - 2026-08-22 13:39:14,436 - jasper.toolflow.constraints - add delay enabled: True
DEBUG - 2026-08-22 13:39:14,436 - jasper.toolflow.constraints - port name: CONFIG_IO_7
DEBUG - 2026-08-22 13:39:14,436 - jasper.toolflow.constraints - New output delay constraint
DEBUG - 2026-08-22 13:39:14,436 - jasper.toolflow.constraints - clock name: -of_objects [get_pins skarab_infr/SYS_CLK_MMCM_inst/CLKOUT1]
DEBUG - 2026-08-22 13:39:14,436 - jasper.toolflow.constraints - constraint type: min
DEBUG - 2026-08-22 13:39:14,436 - jasper.toolflow.constraints - constraint delay: 1.0
DEBUG - 2026-08-22 13:39:14,436 - jasper.toolflow.constraints - add delay enabled: True
DEBUG - 2026-08-22 13:39:14,436 - jasper.toolflow.constraints - port name: CONFIG_IO_8
DEBUG - 2026-08-22 13:39:14,436 - jasper.toolflow.constraints - New output delay constraint
DEBUG - 2026-08-22 13:39:14,436 - jasper.toolflow.constraints - clock name: -of_objects [get_pins skarab_infr/SYS_CLK_MMCM_inst/CLKOUT1]
DEBUG - 2026-08-22 13:39:14,436 - jasper.toolflow.constraints - constraint type: max
DEBUG - 2026-08-22 13:39:14,436 - jasper.toolflow.constraints - constraint delay: 2.0
DEBUG - 2026-08-22 13:39:14,436 - jasper.toolflow.constraints - add delay enabled: True
DEBUG - 2026-08-22 13:39:14,436 - jasper.toolflow.constraints - port name: CONFIG_IO_8
DEBUG - 2026-08-22 13:39:14,436 - jasper.toolflow.constraints - New output delay constraint
DEBUG - 2026-08-22 13:39:14,436 - jasper.toolflow.constraints - clock name: -of_objects [get_pins skarab_infr/SYS_CLK_MMCM_inst/CLKOUT1]
DEBUG - 2026-08-22 13:39:14,436 - jasper.toolflow.constraints - constraint type: min
DEBUG - 2026-08-22 13:39:14,436 - jasper.toolflow.constraints - constraint delay: 1.0
DEBUG - 2026-08-22 13:39:14,436 - jasper.toolflow.constraints - add delay enabled: True
DEBUG - 2026-08-22 13:39:14,436 - jasper.toolflow.constraints - port name: CONFIG_IO_9
DEBUG - 2026-08-22 13:39:14,436 - jasper.toolflow.constraints - New output delay constraint
DEBUG - 2026-08-22 13:39:14,436 - jasper.toolflow.constraints - clock name: -of_objects [get_pins skarab_infr/SYS_CLK_MMCM_inst/CLKOUT1]
DEBUG - 2026-08-22 13:39:14,436 - jasper.toolflow.constraints - constraint type: max
DEBUG - 2026-08-22 13:39:14,436 - jasper.toolflow.constraints - constraint delay: 2.0
DEBUG - 2026-08-22 13:39:14,436 - jasper.toolflow.constraints - add delay enabled: True
DEBUG - 2026-08-22 13:39:14,436 - jasper.toolflow.constraints - port name: CONFIG_IO_9
DEBUG - 2026-08-22 13:39:14,436 - jasper.toolflow.constraints - New output delay constraint
DEBUG - 2026-08-22 13:39:14,436 - jasper.toolflow.constraints - clock name: -of_objects [get_pins skarab_infr/SYS_CLK_MMCM_inst/CLKOUT1]
DEBUG - 2026-08-22 13:39:14,436 - jasper.toolflow.constraints - constraint type: min
DEBUG - 2026-08-22 13:39:14,436 - jasper.toolflow.constraints - constraint delay: 1.0
DEBUG - 2026-08-22 13:39:14,436 - jasper.toolflow.constraints - add delay enabled: True
DEBUG - 2026-08-22 13:39:14,436 - jasper.toolflow.constraints - port name: CONFIG_IO_10
DEBUG - 2026-08-22 13:39:14,436 - jasper.toolflow.constraints - New output delay constraint
DEBUG - 2026-08-22 13:39:14,436 - jasper.toolflow.constraints - clock name: -of_objects [get_pins skarab_infr/SYS_CLK_MMCM_inst/CLKOUT1]
DEBUG - 2026-08-22 13:39:14,436 - jasper.toolflow.constraints - constraint type: max
DEBUG - 2026-08-22 13:39:14,436 - jasper.toolflow.constraints - constraint delay: 2.0
DEBUG - 2026-08-22 13:39:14,436 - jasper.toolflow.constraints - add delay enabled: True
DEBUG - 2026-08-22 13:39:14,436 - jasper.toolflow.constraints - port name: CONFIG_IO_10
DEBUG - 2026-08-22 13:39:14,436 - jasper.toolflow.constraints - New output delay constraint
DEBUG - 2026-08-22 13:39:14,436 - jasper.toolflow.constraints - clock name: -of_objects [get_pins skarab_infr/SYS_CLK_MMCM_inst/CLKOUT1]
DEBUG - 2026-08-22 13:39:14,436 - jasper.toolflow.constraints - constraint type: min
DEBUG - 2026-08-22 13:39:14,436 - jasper.toolflow.constraints - constraint delay: 1.0
DEBUG - 2026-08-22 13:39:14,436 - jasper.toolflow.constraints - add delay enabled: True
DEBUG - 2026-08-22 13:39:14,436 - jasper.toolflow.constraints - port name: CONFIG_IO_11
DEBUG - 2026-08-22 13:39:14,436 - jasper.toolflow.constraints - New output delay constraint
DEBUG - 2026-08-22 13:39:14,436 - jasper.toolflow.constraints - clock name: -of_objects [get_pins skarab_infr/SYS_CLK_MMCM_inst/CLKOUT1]
DEBUG - 2026-08-22 13:39:14,436 - jasper.toolflow.constraints - constraint type: max
DEBUG - 2026-08-22 13:39:14,436 - jasper.toolflow.constraints - constraint delay: 2.0
DEBUG - 2026-08-22 13:39:14,436 - jasper.toolflow.constraints - add delay enabled: True
DEBUG - 2026-08-22 13:39:14,436 - jasper.toolflow.constraints - port name: CONFIG_IO_11
DEBUG - 2026-08-22 13:39:14,436 - jasper.toolflow.constraints - New output delay constraint
DEBUG - 2026-08-22 13:39:14,436 - jasper.toolflow.constraints - clock name: -of_objects [get_pins skarab_infr/SYS_CLK_MMCM_inst/CLKOUT1]
DEBUG - 2026-08-22 13:39:14,436 - jasper.toolflow.constraints - constraint type: min
DEBUG - 2026-08-22 13:39:14,436 - jasper.toolflow.constraints - constraint delay: 1.0
DEBUG - 2026-08-22 13:39:14,436 - jasper.toolflow.constraints - add delay enabled: True
DEBUG - 2026-08-22 13:39:14,436 - jasper.toolflow.constraints - port name: DEBUG_UART_TX
DEBUG - 2026-08-22 13:39:14,436 - jasper.toolflow.constraints - New output delay constraint
DEBUG - 2026-08-22 13:39:14,436 - jasper.toolflow.constraints - clock name: -of_objects [get_pins skarab_infr/SYS_CLK_MMCM_inst/CLKOUT1]
DEBUG - 2026-08-22 13:39:14,436 - jasper.toolflow.constraints - constraint type: max
DEBUG - 2026-08-22 13:39:14,436 - jasper.toolflow.constraints - constraint delay: 2.0
DEBUG - 2026-08-22 13:39:14,436 - jasper.toolflow.constraints - add delay enabled: True
DEBUG - 2026-08-22 13:39:14,436 - jasper.toolflow.constraints - port name: DEBUG_UART_TX
DEBUG - 2026-08-22 13:39:14,436 - jasper.toolflow.constraints - New output delay constraint
DEBUG - 2026-08-22 13:39:14,436 - jasper.toolflow.constraints - clock name: -of_objects [get_pins skarab_infr/SYS_CLK_MMCM_inst/CLKOUT1]
DEBUG - 2026-08-22 13:39:14,436 - jasper.toolflow.constraints - constraint type: min
DEBUG - 2026-08-22 13:39:14,436 - jasper.toolflow.constraints - constraint delay: 1.0
DEBUG - 2026-08-22 13:39:14,436 - jasper.toolflow.constraints - add delay enabled: True
DEBUG - 2026-08-22 13:39:14,436 - jasper.toolflow.constraints - port name: FPGA_ATX_PSU_KILL
DEBUG - 2026-08-22 13:39:14,436 - jasper.toolflow.constraints - New output delay constraint
DEBUG - 2026-08-22 13:39:14,436 - jasper.toolflow.constraints - clock name: -of_objects [get_pins skarab_infr/SYS_CLK_MMCM_inst/CLKOUT1]
DEBUG - 2026-08-22 13:39:14,436 - jasper.toolflow.constraints - constraint type: max
DEBUG - 2026-08-22 13:39:14,436 - jasper.toolflow.constraints - constraint delay: 2.0
DEBUG - 2026-08-22 13:39:14,436 - jasper.toolflow.constraints - add delay enabled: True
DEBUG - 2026-08-22 13:39:14,436 - jasper.toolflow.constraints - port name: FPGA_ATX_PSU_KILL
DEBUG - 2026-08-22 13:39:14,436 - jasper.toolflow.constraints - New output delay constraint
DEBUG - 2026-08-22 13:39:14,436 - jasper.toolflow.constraints - clock name: -of_objects [get_pins skarab_infr/SYS_CLK_MMCM_inst/CLKOUT1]
DEBUG - 2026-08-22 13:39:14,436 - jasper.toolflow.constraints - constraint type: min
DEBUG - 2026-08-22 13:39:14,436 - jasper.toolflow.constraints - constraint delay: 1.0
DEBUG - 2026-08-22 13:39:14,436 - jasper.toolflow.constraints - add delay enabled: True
DEBUG - 2026-08-22 13:39:14,436 - jasper.toolflow.constraints - port name: I2C_SCL_FPGA
DEBUG - 2026-08-22 13:39:14,436 - jasper.toolflow.constraints - New output delay constraint
DEBUG - 2026-08-22 13:39:14,436 - jasper.toolflow.constraints - clock name: -of_objects [get_pins skarab_infr/SYS_CLK_MMCM_inst/CLKOUT1]
DEBUG - 2026-08-22 13:39:14,436 - jasper.toolflow.constraints - constraint type: max
DEBUG - 2026-08-22 13:39:14,436 - jasper.toolflow.constraints - constraint delay: 2.0
DEBUG - 2026-08-22 13:39:14,436 - jasper.toolflow.constraints - add delay enabled: True
DEBUG - 2026-08-22 13:39:14,436 - jasper.toolflow.constraints - port name: I2C_SCL_FPGA
DEBUG - 2026-08-22 13:39:14,436 - jasper.toolflow.constraints - New output delay constraint
DEBUG - 2026-08-22 13:39:14,436 - jasper.toolflow.constraints - clock name: -of_objects [get_pins skarab_infr/SYS_CLK_MMCM_inst/CLKOUT1]
DEBUG - 2026-08-22 13:39:14,436 - jasper.toolflow.constraints - constraint type: min
DEBUG - 2026-08-22 13:39:14,436 - jasper.toolflow.constraints - constraint delay: 1.0
DEBUG - 2026-08-22 13:39:14,436 - jasper.toolflow.constraints - add delay enabled: True
DEBUG - 2026-08-22 13:39:14,436 - jasper.toolflow.constraints - port name: I2C_SDA_FPGA
DEBUG - 2026-08-22 13:39:14,436 - jasper.toolflow.constraints - New output delay constraint
DEBUG - 2026-08-22 13:39:14,436 - jasper.toolflow.constraints - clock name: -of_objects [get_pins skarab_infr/SYS_CLK_MMCM_inst/CLKOUT1]
DEBUG - 2026-08-22 13:39:14,436 - jasper.toolflow.constraints - constraint type: max
DEBUG - 2026-08-22 13:39:14,436 - jasper.toolflow.constraints - constraint delay: 2.0
DEBUG - 2026-08-22 13:39:14,436 - jasper.toolflow.constraints - add delay enabled: True
DEBUG - 2026-08-22 13:39:14,436 - jasper.toolflow.constraints - port name: I2C_SDA_FPGA
DEBUG - 2026-08-22 13:39:14,436 - jasper.toolflow.constraints - New output delay constraint
DEBUG - 2026-08-22 13:39:14,436 - jasper.toolflow.constraints - clock name: -of_objects [get_pins skarab_infr/SYS_CLK_MMCM_inst/CLKOUT1]
DEBUG - 2026-08-22 13:39:14,436 - jasper.toolflow.constraints - constraint type: min
DEBUG - 2026-08-22 13:39:14,436 - jasper.toolflow.constraints - constraint delay: 1.0
DEBUG - 2026-08-22 13:39:14,436 - jasper.toolflow.constraints - add delay enabled: True
DEBUG - 2026-08-22 13:39:14,436 - jasper.toolflow.constraints - port name: MEZZANINE_0_ENABLE_N
DEBUG - 2026-08-22 13:39:14,437 - jasper.toolflow.constraints - New output delay constraint
DEBUG - 2026-08-22 13:39:14,437 - jasper.toolflow.constraints - clock name: -of_objects [get_pins skarab_infr/SYS_CLK_MMCM_inst/CLKOUT1]
DEBUG - 2026-08-22 13:39:14,437 - jasper.toolflow.constraints - constraint type: max
DEBUG - 2026-08-22 13:39:14,437 - jasper.toolflow.constraints - constraint delay: 2.0
DEBUG - 2026-08-22 13:39:14,437 - jasper.toolflow.constraints - add delay enabled: True
DEBUG - 2026-08-22 13:39:14,437 - jasper.toolflow.constraints - port name: MEZZANINE_0_ENABLE_N
DEBUG - 2026-08-22 13:39:14,437 - jasper.toolflow.constraints - New output delay constraint
DEBUG - 2026-08-22 13:39:14,437 - jasper.toolflow.constraints - clock name: -of_objects [get_pins skarab_infr/SYS_CLK_MMCM_inst/CLKOUT1]
DEBUG - 2026-08-22 13:39:14,437 - jasper.toolflow.constraints - constraint type: min
DEBUG - 2026-08-22 13:39:14,437 - jasper.toolflow.constraints - constraint delay: 1.0
DEBUG - 2026-08-22 13:39:14,437 - jasper.toolflow.constraints - add delay enabled: True
DEBUG - 2026-08-22 13:39:14,437 - jasper.toolflow.constraints - port name: MEZZANINE_0_ONE_WIRE
DEBUG - 2026-08-22 13:39:14,437 - jasper.toolflow.constraints - New output delay constraint
DEBUG - 2026-08-22 13:39:14,437 - jasper.toolflow.constraints - clock name: -of_objects [get_pins skarab_infr/SYS_CLK_MMCM_inst/CLKOUT1]
DEBUG - 2026-08-22 13:39:14,437 - jasper.toolflow.constraints - constraint type: max
DEBUG - 2026-08-22 13:39:14,437 - jasper.toolflow.constraints - constraint delay: 2.0
DEBUG - 2026-08-22 13:39:14,437 - jasper.toolflow.constraints - add delay enabled: True
DEBUG - 2026-08-22 13:39:14,437 - jasper.toolflow.constraints - port name: MEZZANINE_0_ONE_WIRE
DEBUG - 2026-08-22 13:39:14,437 - jasper.toolflow.constraints - New output delay constraint
DEBUG - 2026-08-22 13:39:14,437 - jasper.toolflow.constraints - clock name: -of_objects [get_pins skarab_infr/SYS_CLK_MMCM_inst/CLKOUT1]
DEBUG - 2026-08-22 13:39:14,437 - jasper.toolflow.constraints - constraint type: min
DEBUG - 2026-08-22 13:39:14,437 - jasper.toolflow.constraints - constraint delay: 1.0
DEBUG - 2026-08-22 13:39:14,437 - jasper.toolflow.constraints - add delay enabled: True
DEBUG - 2026-08-22 13:39:14,437 - jasper.toolflow.constraints - port name: MEZZANINE_0_ONE_WIRE_STRONG_PULLUP_EN_N
DEBUG - 2026-08-22 13:39:14,437 - jasper.toolflow.constraints - New output delay constraint
DEBUG - 2026-08-22 13:39:14,437 - jasper.toolflow.constraints - clock name: -of_objects [get_pins skarab_infr/SYS_CLK_MMCM_inst/CLKOUT1]
DEBUG - 2026-08-22 13:39:14,437 - jasper.toolflow.constraints - constraint type: max
DEBUG - 2026-08-22 13:39:14,437 - jasper.toolflow.constraints - constraint delay: 2.0
DEBUG - 2026-08-22 13:39:14,437 - jasper.toolflow.constraints - add delay enabled: True
DEBUG - 2026-08-22 13:39:14,437 - jasper.toolflow.constraints - port name: MEZZANINE_0_ONE_WIRE_STRONG_PULLUP_EN_N
DEBUG - 2026-08-22 13:39:14,437 - jasper.toolflow.constraints - New output delay constraint
DEBUG - 2026-08-22 13:39:14,437 - jasper.toolflow.constraints - clock name: -of_objects [get_pins skarab_infr/SYS_CLK_MMCM_inst/CLKOUT1]
DEBUG - 2026-08-22 13:39:14,437 - jasper.toolflow.constraints - constraint type: min
DEBUG - 2026-08-22 13:39:14,437 - jasper.toolflow.constraints - constraint delay: 1.0
DEBUG - 2026-08-22 13:39:14,437 - jasper.toolflow.constraints - add delay enabled: True
DEBUG - 2026-08-22 13:39:14,437 - jasper.toolflow.constraints - port name: MEZZANINE_0_SCL_FPGA
DEBUG - 2026-08-22 13:39:14,437 - jasper.toolflow.constraints - New output delay constraint
DEBUG - 2026-08-22 13:39:14,437 - jasper.toolflow.constraints - clock name: -of_objects [get_pins skarab_infr/SYS_CLK_MMCM_inst/CLKOUT1]
DEBUG - 2026-08-22 13:39:14,437 - jasper.toolflow.constraints - constraint type: max
DEBUG - 2026-08-22 13:39:14,437 - jasper.toolflow.constraints - constraint delay: 2.0
DEBUG - 2026-08-22 13:39:14,437 - jasper.toolflow.constraints - add delay enabled: True
DEBUG - 2026-08-22 13:39:14,437 - jasper.toolflow.constraints - port name: MEZZANINE_0_SCL_FPGA
DEBUG - 2026-08-22 13:39:14,437 - jasper.toolflow.constraints - New output delay constraint
DEBUG - 2026-08-22 13:39:14,437 - jasper.toolflow.constraints - clock name: -of_objects [get_pins skarab_infr/SYS_CLK_MMCM_inst/CLKOUT1]
DEBUG - 2026-08-22 13:39:14,437 - jasper.toolflow.constraints - constraint type: min
DEBUG - 2026-08-22 13:39:14,437 - jasper.toolflow.constraints - constraint delay: 1.0
DEBUG - 2026-08-22 13:39:14,437 - jasper.toolflow.constraints - add delay enabled: True
DEBUG - 2026-08-22 13:39:14,437 - jasper.toolflow.constraints - port name: MEZZANINE_0_SDA_FPGA
DEBUG - 2026-08-22 13:39:14,437 - jasper.toolflow.constraints - New output delay constraint
DEBUG - 2026-08-22 13:39:14,437 - jasper.toolflow.constraints - clock name: -of_objects [get_pins skarab_infr/SYS_CLK_MMCM_inst/CLKOUT1]
DEBUG - 2026-08-22 13:39:14,437 - jasper.toolflow.constraints - constraint type: max
DEBUG - 2026-08-22 13:39:14,437 - jasper.toolflow.constraints - constraint delay: 2.0
DEBUG - 2026-08-22 13:39:14,437 - jasper.toolflow.constraints - add delay enabled: True
DEBUG - 2026-08-22 13:39:14,437 - jasper.toolflow.constraints - port name: MEZZANINE_0_SDA_FPGA
DEBUG - 2026-08-22 13:39:14,437 - jasper.toolflow.constraints - New output delay constraint
DEBUG - 2026-08-22 13:39:14,437 - jasper.toolflow.constraints - clock name: -of_objects [get_pins skarab_infr/SYS_CLK_MMCM_inst/CLKOUT1]
DEBUG - 2026-08-22 13:39:14,437 - jasper.toolflow.constraints - constraint type: min
DEBUG - 2026-08-22 13:39:14,437 - jasper.toolflow.constraints - constraint delay: 1.0
DEBUG - 2026-08-22 13:39:14,437 - jasper.toolflow.constraints - add delay enabled: True
DEBUG - 2026-08-22 13:39:14,437 - jasper.toolflow.constraints - port name: MEZZANINE_1_ENABLE_N
DEBUG - 2026-08-22 13:39:14,437 - jasper.toolflow.constraints - New output delay constraint
DEBUG - 2026-08-22 13:39:14,437 - jasper.toolflow.constraints - clock name: -of_objects [get_pins skarab_infr/SYS_CLK_MMCM_inst/CLKOUT1]
DEBUG - 2026-08-22 13:39:14,437 - jasper.toolflow.constraints - constraint type: max
DEBUG - 2026-08-22 13:39:14,437 - jasper.toolflow.constraints - constraint delay: 2.0
DEBUG - 2026-08-22 13:39:14,437 - jasper.toolflow.constraints - add delay enabled: True
DEBUG - 2026-08-22 13:39:14,437 - jasper.toolflow.constraints - port name: MEZZANINE_1_ENABLE_N
DEBUG - 2026-08-22 13:39:14,437 - jasper.toolflow.constraints - New output delay constraint
DEBUG - 2026-08-22 13:39:14,437 - jasper.toolflow.constraints - clock name: -of_objects [get_pins skarab_infr/SYS_CLK_MMCM_inst/CLKOUT1]
DEBUG - 2026-08-22 13:39:14,437 - jasper.toolflow.constraints - constraint type: min
DEBUG - 2026-08-22 13:39:14,437 - jasper.toolflow.constraints - constraint delay: 1.0
DEBUG - 2026-08-22 13:39:14,437 - jasper.toolflow.constraints - add delay enabled: True
DEBUG - 2026-08-22 13:39:14,437 - jasper.toolflow.constraints - port name: MEZZANINE_1_ONE_WIRE
DEBUG - 2026-08-22 13:39:14,437 - jasper.toolflow.constraints - New output delay constraint
DEBUG - 2026-08-22 13:39:14,437 - jasper.toolflow.constraints - clock name: -of_objects [get_pins skarab_infr/SYS_CLK_MMCM_inst/CLKOUT1]
DEBUG - 2026-08-22 13:39:14,437 - jasper.toolflow.constraints - constraint type: max
DEBUG - 2026-08-22 13:39:14,437 - jasper.toolflow.constraints - constraint delay: 2.0
DEBUG - 2026-08-22 13:39:14,437 - jasper.toolflow.constraints - add delay enabled: True
DEBUG - 2026-08-22 13:39:14,437 - jasper.toolflow.constraints - port name: MEZZANINE_1_ONE_WIRE
DEBUG - 2026-08-22 13:39:14,437 - jasper.toolflow.constraints - New output delay constraint
DEBUG - 2026-08-22 13:39:14,437 - jasper.toolflow.constraints - clock name: -of_objects [get_pins skarab_infr/SYS_CLK_MMCM_inst/CLKOUT1]
DEBUG - 2026-08-22 13:39:14,437 - jasper.toolflow.constraints - constraint type: min
DEBUG - 2026-08-22 13:39:14,437 - jasper.toolflow.constraints - constraint delay: 1.0
DEBUG - 2026-08-22 13:39:14,437 - jasper.toolflow.constraints - add delay enabled: True
DEBUG - 2026-08-22 13:39:14,437 - jasper.toolflow.constraints - port name: MEZZANINE_1_ONE_WIRE_STRONG_PULLUP_EN_N
DEBUG - 2026-08-22 13:39:14,437 - jasper.toolflow.constraints - New output delay constraint
DEBUG - 2026-08-22 13:39:14,437 - jasper.toolflow.constraints - clock name: -of_objects [get_pins skarab_infr/SYS_CLK_MMCM_inst/CLKOUT1]
DEBUG - 2026-08-22 13:39:14,437 - jasper.toolflow.constraints - constraint type: max
DEBUG - 2026-08-22 13:39:14,437 - jasper.toolflow.constraints - constraint delay: 2.0
DEBUG - 2026-08-22 13:39:14,437 - jasper.toolflow.constraints - add delay enabled: True
DEBUG - 2026-08-22 13:39:14,437 - jasper.toolflow.constraints - port name: MEZZANINE_1_ONE_WIRE_STRONG_PULLUP_EN_N
DEBUG - 2026-08-22 13:39:14,437 - jasper.toolflow.constraints - New output delay constraint
DEBUG - 2026-08-22 13:39:14,437 - jasper.toolflow.constraints - clock name: -of_objects [get_pins skarab_infr/SYS_CLK_MMCM_inst/CLKOUT1]
DEBUG - 2026-08-22 13:39:14,437 - jasper.toolflow.constraints - constraint type: min
DEBUG - 2026-08-22 13:39:14,437 - jasper.toolflow.constraints - constraint delay: 1.0
DEBUG - 2026-08-22 13:39:14,437 - jasper.toolflow.constraints - add delay enabled: True
DEBUG - 2026-08-22 13:39:14,437 - jasper.toolflow.constraints - port name: MEZZANINE_1_SCL_FPGA
DEBUG - 2026-08-22 13:39:14,437 - jasper.toolflow.constraints - New output delay constraint
DEBUG - 2026-08-22 13:39:14,437 - jasper.toolflow.constraints - clock name: -of_objects [get_pins skarab_infr/SYS_CLK_MMCM_inst/CLKOUT1]
DEBUG - 2026-08-22 13:39:14,437 - jasper.toolflow.constraints - constraint type: max
DEBUG - 2026-08-22 13:39:14,437 - jasper.toolflow.constraints - constraint delay: 2.0
DEBUG - 2026-08-22 13:39:14,437 - jasper.toolflow.constraints - add delay enabled: True
DEBUG - 2026-08-22 13:39:14,437 - jasper.toolflow.constraints - port name: MEZZANINE_1_SCL_FPGA
DEBUG - 2026-08-22 13:39:14,437 - jasper.toolflow.constraints - New output delay constraint
DEBUG - 2026-08-22 13:39:14,437 - jasper.toolflow.constraints - clock name: -of_objects [get_pins skarab_infr/SYS_CLK_MMCM_inst/CLKOUT1]
DEBUG - 2026-08-22 13:39:14,437 - jasper.toolflow.constraints - constraint type: min
DEBUG - 2026-08-22 13:39:14,437 - jasper.toolflow.constraints - constraint delay: 1.0
DEBUG - 2026-08-22 13:39:14,438 - jasper.toolflow.constraints - add delay enabled: True
DEBUG - 2026-08-22 13:39:14,438 - jasper.toolflow.constraints - port name: MEZZANINE_1_SDA_FPGA
DEBUG - 2026-08-22 13:39:14,438 - jasper.toolflow.constraints - New output delay constraint
DEBUG - 2026-08-22 13:39:14,438 - jasper.toolflow.constraints - clock name: -of_objects [get_pins skarab_infr/SYS_CLK_MMCM_inst/CLKOUT1]
DEBUG - 2026-08-22 13:39:14,438 - jasper.toolflow.constraints - constraint type: max
DEBUG - 2026-08-22 13:39:14,438 - jasper.toolflow.constraints - constraint delay: 2.0
DEBUG - 2026-08-22 13:39:14,438 - jasper.toolflow.constraints - add delay enabled: True
DEBUG - 2026-08-22 13:39:14,438 - jasper.toolflow.constraints - port name: MEZZANINE_1_SDA_FPGA
DEBUG - 2026-08-22 13:39:14,438 - jasper.toolflow.constraints - New output delay constraint
DEBUG - 2026-08-22 13:39:14,438 - jasper.toolflow.constraints - clock name: -of_objects [get_pins skarab_infr/SYS_CLK_MMCM_inst/CLKOUT1]
DEBUG - 2026-08-22 13:39:14,438 - jasper.toolflow.constraints - constraint type: min
DEBUG - 2026-08-22 13:39:14,438 - jasper.toolflow.constraints - constraint delay: 1.0
DEBUG - 2026-08-22 13:39:14,438 - jasper.toolflow.constraints - add delay enabled: True
DEBUG - 2026-08-22 13:39:14,438 - jasper.toolflow.constraints - port name: MEZZANINE_2_ENABLE_N
DEBUG - 2026-08-22 13:39:14,438 - jasper.toolflow.constraints - New output delay constraint
DEBUG - 2026-08-22 13:39:14,438 - jasper.toolflow.constraints - clock name: -of_objects [get_pins skarab_infr/SYS_CLK_MMCM_inst/CLKOUT1]
DEBUG - 2026-08-22 13:39:14,438 - jasper.toolflow.constraints - constraint type: max
DEBUG - 2026-08-22 13:39:14,438 - jasper.toolflow.constraints - constraint delay: 2.0
DEBUG - 2026-08-22 13:39:14,438 - jasper.toolflow.constraints - add delay enabled: True
DEBUG - 2026-08-22 13:39:14,438 - jasper.toolflow.constraints - port name: MEZZANINE_2_ENABLE_N
DEBUG - 2026-08-22 13:39:14,438 - jasper.toolflow.constraints - New output delay constraint
DEBUG - 2026-08-22 13:39:14,438 - jasper.toolflow.constraints - clock name: -of_objects [get_pins skarab_infr/SYS_CLK_MMCM_inst/CLKOUT1]
DEBUG - 2026-08-22 13:39:14,438 - jasper.toolflow.constraints - constraint type: min
DEBUG - 2026-08-22 13:39:14,438 - jasper.toolflow.constraints - constraint delay: 1.0
DEBUG - 2026-08-22 13:39:14,438 - jasper.toolflow.constraints - add delay enabled: True
DEBUG - 2026-08-22 13:39:14,438 - jasper.toolflow.constraints - port name: MEZZANINE_2_ONE_WIRE
DEBUG - 2026-08-22 13:39:14,438 - jasper.toolflow.constraints - New output delay constraint
DEBUG - 2026-08-22 13:39:14,438 - jasper.toolflow.constraints - clock name: -of_objects [get_pins skarab_infr/SYS_CLK_MMCM_inst/CLKOUT1]
DEBUG - 2026-08-22 13:39:14,438 - jasper.toolflow.constraints - constraint type: max
DEBUG - 2026-08-22 13:39:14,438 - jasper.toolflow.constraints - constraint delay: 2.0
DEBUG - 2026-08-22 13:39:14,438 - jasper.toolflow.constraints - add delay enabled: True
DEBUG - 2026-08-22 13:39:14,438 - jasper.toolflow.constraints - port name: MEZZANINE_2_ONE_WIRE
DEBUG - 2026-08-22 13:39:14,438 - jasper.toolflow.constraints - New output delay constraint
DEBUG - 2026-08-22 13:39:14,438 - jasper.toolflow.constraints - clock name: -of_objects [get_pins skarab_infr/SYS_CLK_MMCM_inst/CLKOUT1]
DEBUG - 2026-08-22 13:39:14,438 - jasper.toolflow.constraints - constraint type: min
DEBUG - 2026-08-22 13:39:14,438 - jasper.toolflow.constraints - constraint delay: 1.0
DEBUG - 2026-08-22 13:39:14,438 - jasper.toolflow.constraints - add delay enabled: True
DEBUG - 2026-08-22 13:39:14,438 - jasper.toolflow.constraints - port name: MEZZANINE_2_ONE_WIRE_STRONG_PULLUP_EN_N
DEBUG - 2026-08-22 13:39:14,438 - jasper.toolflow.constraints - New output delay constraint
DEBUG - 2026-08-22 13:39:14,438 - jasper.toolflow.constraints - clock name: -of_objects [get_pins skarab_infr/SYS_CLK_MMCM_inst/CLKOUT1]
DEBUG - 2026-08-22 13:39:14,438 - jasper.toolflow.constraints - constraint type: max
DEBUG - 2026-08-22 13:39:14,438 - jasper.toolflow.constraints - constraint delay: 2.0
DEBUG - 2026-08-22 13:39:14,438 - jasper.toolflow.constraints - add delay enabled: True
DEBUG - 2026-08-22 13:39:14,438 - jasper.toolflow.constraints - port name: MEZZANINE_2_ONE_WIRE_STRONG_PULLUP_EN_N
DEBUG - 2026-08-22 13:39:14,438 - jasper.toolflow.constraints - New output delay constraint
DEBUG - 2026-08-22 13:39:14,438 - jasper.toolflow.constraints - clock name: -of_objects [get_pins skarab_infr/SYS_CLK_MMCM_inst/CLKOUT1]
DEBUG - 2026-08-22 13:39:14,438 - jasper.toolflow.constraints - constraint type: min
DEBUG - 2026-08-22 13:39:14,438 - jasper.toolflow.constraints - constraint delay: 1.0
DEBUG - 2026-08-22 13:39:14,438 - jasper.toolflow.constraints - add delay enabled: True
DEBUG - 2026-08-22 13:39:14,438 - jasper.toolflow.constraints - port name: MEZZANINE_2_SCL_FPGA
DEBUG - 2026-08-22 13:39:14,438 - jasper.toolflow.constraints - New output delay constraint
DEBUG - 2026-08-22 13:39:14,438 - jasper.toolflow.constraints - clock name: -of_objects [get_pins skarab_infr/SYS_CLK_MMCM_inst/CLKOUT1]
DEBUG - 2026-08-22 13:39:14,438 - jasper.toolflow.constraints - constraint type: max
DEBUG - 2026-08-22 13:39:14,438 - jasper.toolflow.constraints - constraint delay: 2.0
DEBUG - 2026-08-22 13:39:14,438 - jasper.toolflow.constraints - add delay enabled: True
DEBUG - 2026-08-22 13:39:14,438 - jasper.toolflow.constraints - port name: MEZZANINE_2_SCL_FPGA
DEBUG - 2026-08-22 13:39:14,438 - jasper.toolflow.constraints - New output delay constraint
DEBUG - 2026-08-22 13:39:14,438 - jasper.toolflow.constraints - clock name: -of_objects [get_pins skarab_infr/SYS_CLK_MMCM_inst/CLKOUT1]
DEBUG - 2026-08-22 13:39:14,438 - jasper.toolflow.constraints - constraint type: min
DEBUG - 2026-08-22 13:39:14,438 - jasper.toolflow.constraints - constraint delay: 1.0
DEBUG - 2026-08-22 13:39:14,438 - jasper.toolflow.constraints - add delay enabled: True
DEBUG - 2026-08-22 13:39:14,438 - jasper.toolflow.constraints - port name: MEZZANINE_2_SDA_FPGA
DEBUG - 2026-08-22 13:39:14,438 - jasper.toolflow.constraints - New output delay constraint
DEBUG - 2026-08-22 13:39:14,438 - jasper.toolflow.constraints - clock name: -of_objects [get_pins skarab_infr/SYS_CLK_MMCM_inst/CLKOUT1]
DEBUG - 2026-08-22 13:39:14,438 - jasper.toolflow.constraints - constraint type: max
DEBUG - 2026-08-22 13:39:14,438 - jasper.toolflow.constraints - constraint delay: 2.0
DEBUG - 2026-08-22 13:39:14,438 - jasper.toolflow.constraints - add delay enabled: True
DEBUG - 2026-08-22 13:39:14,438 - jasper.toolflow.constraints - port name: MEZZANINE_2_SDA_FPGA
DEBUG - 2026-08-22 13:39:14,438 - jasper.toolflow.constraints - New output delay constraint
DEBUG - 2026-08-22 13:39:14,438 - jasper.toolflow.constraints - clock name: -of_objects [get_pins skarab_infr/SYS_CLK_MMCM_inst/CLKOUT1]
DEBUG - 2026-08-22 13:39:14,438 - jasper.toolflow.constraints - constraint type: min
DEBUG - 2026-08-22 13:39:14,438 - jasper.toolflow.constraints - constraint delay: 1.0
DEBUG - 2026-08-22 13:39:14,438 - jasper.toolflow.constraints - add delay enabled: True
DEBUG - 2026-08-22 13:39:14,438 - jasper.toolflow.constraints - port name: MEZZANINE_3_CLK_SEL
DEBUG - 2026-08-22 13:39:14,438 - jasper.toolflow.constraints - New output delay constraint
DEBUG - 2026-08-22 13:39:14,438 - jasper.toolflow.constraints - clock name: -of_objects [get_pins skarab_infr/SYS_CLK_MMCM_inst/CLKOUT1]
DEBUG - 2026-08-22 13:39:14,438 - jasper.toolflow.constraints - constraint type: max
DEBUG - 2026-08-22 13:39:14,438 - jasper.toolflow.constraints - constraint delay: 2.0
DEBUG - 2026-08-22 13:39:14,438 - jasper.toolflow.constraints - add delay enabled: True
DEBUG - 2026-08-22 13:39:14,438 - jasper.toolflow.constraints - port name: MEZZANINE_3_CLK_SEL
DEBUG - 2026-08-22 13:39:14,438 - jasper.toolflow.constraints - New output delay constraint
DEBUG - 2026-08-22 13:39:14,438 - jasper.toolflow.constraints - clock name: -of_objects [get_pins skarab_infr/SYS_CLK_MMCM_inst/CLKOUT1]
DEBUG - 2026-08-22 13:39:14,438 - jasper.toolflow.constraints - constraint type: min
DEBUG - 2026-08-22 13:39:14,438 - jasper.toolflow.constraints - constraint delay: 1.0
DEBUG - 2026-08-22 13:39:14,438 - jasper.toolflow.constraints - add delay enabled: True
DEBUG - 2026-08-22 13:39:14,438 - jasper.toolflow.constraints - port name: MEZZANINE_3_ENABLE_N
DEBUG - 2026-08-22 13:39:14,438 - jasper.toolflow.constraints - New output delay constraint
DEBUG - 2026-08-22 13:39:14,438 - jasper.toolflow.constraints - clock name: -of_objects [get_pins skarab_infr/SYS_CLK_MMCM_inst/CLKOUT1]
DEBUG - 2026-08-22 13:39:14,438 - jasper.toolflow.constraints - constraint type: max
DEBUG - 2026-08-22 13:39:14,438 - jasper.toolflow.constraints - constraint delay: 2.0
DEBUG - 2026-08-22 13:39:14,438 - jasper.toolflow.constraints - add delay enabled: True
DEBUG - 2026-08-22 13:39:14,438 - jasper.toolflow.constraints - port name: MEZZANINE_3_ENABLE_N
DEBUG - 2026-08-22 13:39:14,438 - jasper.toolflow.constraints - New output delay constraint
DEBUG - 2026-08-22 13:39:14,438 - jasper.toolflow.constraints - clock name: -of_objects [get_pins skarab_infr/SYS_CLK_MMCM_inst/CLKOUT1]
DEBUG - 2026-08-22 13:39:14,438 - jasper.toolflow.constraints - constraint type: min
DEBUG - 2026-08-22 13:39:14,438 - jasper.toolflow.constraints - constraint delay: 1.0
DEBUG - 2026-08-22 13:39:14,438 - jasper.toolflow.constraints - add delay enabled: True
DEBUG - 2026-08-22 13:39:14,438 - jasper.toolflow.constraints - port name: MEZZANINE_3_ONE_WIRE
DEBUG - 2026-08-22 13:39:14,438 - jasper.toolflow.constraints - New output delay constraint
DEBUG - 2026-08-22 13:39:14,438 - jasper.toolflow.constraints - clock name: -of_objects [get_pins skarab_infr/SYS_CLK_MMCM_inst/CLKOUT1]
DEBUG - 2026-08-22 13:39:14,438 - jasper.toolflow.constraints - constraint type: max
DEBUG - 2026-08-22 13:39:14,438 - jasper.toolflow.constraints - constraint delay: 2.0
DEBUG - 2026-08-22 13:39:14,438 - jasper.toolflow.constraints - add delay enabled: True
DEBUG - 2026-08-22 13:39:14,438 - jasper.toolflow.constraints - port name: MEZZANINE_3_ONE_WIRE
DEBUG - 2026-08-22 13:39:14,439 - jasper.toolflow.constraints - New output delay constraint
DEBUG - 2026-08-22 13:39:14,439 - jasper.toolflow.constraints - clock name: -of_objects [get_pins skarab_infr/SYS_CLK_MMCM_inst/CLKOUT1]
DEBUG - 2026-08-22 13:39:14,439 - jasper.toolflow.constraints - constraint type: min
DEBUG - 2026-08-22 13:39:14,439 - jasper.toolflow.constraints - constraint delay: 1.0
DEBUG - 2026-08-22 13:39:14,439 - jasper.toolflow.constraints - add delay enabled: True
DEBUG - 2026-08-22 13:39:14,439 - jasper.toolflow.constraints - port name: MEZZANINE_3_ONE_WIRE_STRONG_PULLUP_EN_N
DEBUG - 2026-08-22 13:39:14,439 - jasper.toolflow.constraints - New output delay constraint
DEBUG - 2026-08-22 13:39:14,439 - jasper.toolflow.constraints - clock name: -of_objects [get_pins skarab_infr/SYS_CLK_MMCM_inst/CLKOUT1]
DEBUG - 2026-08-22 13:39:14,439 - jasper.toolflow.constraints - constraint type: max
DEBUG - 2026-08-22 13:39:14,439 - jasper.toolflow.constraints - constraint delay: 2.0
DEBUG - 2026-08-22 13:39:14,439 - jasper.toolflow.constraints - add delay enabled: True
DEBUG - 2026-08-22 13:39:14,439 - jasper.toolflow.constraints - port name: MEZZANINE_3_ONE_WIRE_STRONG_PULLUP_EN_N
DEBUG - 2026-08-22 13:39:14,439 - jasper.toolflow.constraints - New output delay constraint
DEBUG - 2026-08-22 13:39:14,439 - jasper.toolflow.constraints - clock name: -of_objects [get_pins skarab_infr/SYS_CLK_MMCM_inst/CLKOUT1]
DEBUG - 2026-08-22 13:39:14,439 - jasper.toolflow.constraints - constraint type: min
DEBUG - 2026-08-22 13:39:14,439 - jasper.toolflow.constraints - constraint delay: 1.0
DEBUG - 2026-08-22 13:39:14,439 - jasper.toolflow.constraints - add delay enabled: True
DEBUG - 2026-08-22 13:39:14,439 - jasper.toolflow.constraints - port name: MEZZANINE_3_RESET
DEBUG - 2026-08-22 13:39:14,439 - jasper.toolflow.constraints - New output delay constraint
DEBUG - 2026-08-22 13:39:14,439 - jasper.toolflow.constraints - clock name: -of_objects [get_pins skarab_infr/SYS_CLK_MMCM_inst/CLKOUT1]
DEBUG - 2026-08-22 13:39:14,439 - jasper.toolflow.constraints - constraint type: max
DEBUG - 2026-08-22 13:39:14,439 - jasper.toolflow.constraints - constraint delay: 2.0
DEBUG - 2026-08-22 13:39:14,439 - jasper.toolflow.constraints - add delay enabled: True
DEBUG - 2026-08-22 13:39:14,439 - jasper.toolflow.constraints - port name: MEZZANINE_3_RESET
DEBUG - 2026-08-22 13:39:14,439 - jasper.toolflow.constraints - New output delay constraint
DEBUG - 2026-08-22 13:39:14,439 - jasper.toolflow.constraints - clock name: -of_objects [get_pins skarab_infr/SYS_CLK_MMCM_inst/CLKOUT1]
DEBUG - 2026-08-22 13:39:14,439 - jasper.toolflow.constraints - constraint type: min
DEBUG - 2026-08-22 13:39:14,439 - jasper.toolflow.constraints - constraint delay: 1.0
DEBUG - 2026-08-22 13:39:14,439 - jasper.toolflow.constraints - add delay enabled: True
DEBUG - 2026-08-22 13:39:14,439 - jasper.toolflow.constraints - port name: MEZZANINE_3_SCL_FPGA
DEBUG - 2026-08-22 13:39:14,439 - jasper.toolflow.constraints - New output delay constraint
DEBUG - 2026-08-22 13:39:14,439 - jasper.toolflow.constraints - clock name: -of_objects [get_pins skarab_infr/SYS_CLK_MMCM_inst/CLKOUT1]
DEBUG - 2026-08-22 13:39:14,439 - jasper.toolflow.constraints - constraint type: max
DEBUG - 2026-08-22 13:39:14,439 - jasper.toolflow.constraints - constraint delay: 2.0
DEBUG - 2026-08-22 13:39:14,439 - jasper.toolflow.constraints - add delay enabled: True
DEBUG - 2026-08-22 13:39:14,439 - jasper.toolflow.constraints - port name: MEZZANINE_3_SCL_FPGA
DEBUG - 2026-08-22 13:39:14,439 - jasper.toolflow.constraints - New output delay constraint
DEBUG - 2026-08-22 13:39:14,439 - jasper.toolflow.constraints - clock name: -of_objects [get_pins skarab_infr/SYS_CLK_MMCM_inst/CLKOUT1]
DEBUG - 2026-08-22 13:39:14,439 - jasper.toolflow.constraints - constraint type: min
DEBUG - 2026-08-22 13:39:14,439 - jasper.toolflow.constraints - constraint delay: 1.0
DEBUG - 2026-08-22 13:39:14,439 - jasper.toolflow.constraints - add delay enabled: True
DEBUG - 2026-08-22 13:39:14,439 - jasper.toolflow.constraints - port name: MEZZANINE_3_SDA_FPGA
DEBUG - 2026-08-22 13:39:14,439 - jasper.toolflow.constraints - New output delay constraint
DEBUG - 2026-08-22 13:39:14,439 - jasper.toolflow.constraints - clock name: -of_objects [get_pins skarab_infr/SYS_CLK_MMCM_inst/CLKOUT1]
DEBUG - 2026-08-22 13:39:14,439 - jasper.toolflow.constraints - constraint type: max
DEBUG - 2026-08-22 13:39:14,439 - jasper.toolflow.constraints - constraint delay: 2.0
DEBUG - 2026-08-22 13:39:14,439 - jasper.toolflow.constraints - add delay enabled: True
DEBUG - 2026-08-22 13:39:14,439 - jasper.toolflow.constraints - port name: MEZZANINE_3_SDA_FPGA
DEBUG - 2026-08-22 13:39:14,439 - jasper.toolflow.constraints - New output delay constraint
DEBUG - 2026-08-22 13:39:14,439 - jasper.toolflow.constraints - clock name: -of_objects [get_pins skarab_infr/SYS_CLK_MMCM_inst/CLKOUT1]
DEBUG - 2026-08-22 13:39:14,439 - jasper.toolflow.constraints - constraint type: min
DEBUG - 2026-08-22 13:39:14,439 - jasper.toolflow.constraints - constraint delay: 1.0
DEBUG - 2026-08-22 13:39:14,439 - jasper.toolflow.constraints - add delay enabled: True
DEBUG - 2026-08-22 13:39:14,439 - jasper.toolflow.constraints - port name: MEZZANINE_COMBINED_FAULT
DEBUG - 2026-08-22 13:39:14,439 - jasper.toolflow.constraints - New output delay constraint
DEBUG - 2026-08-22 13:39:14,439 - jasper.toolflow.constraints - clock name: -of_objects [get_pins skarab_infr/SYS_CLK_MMCM_inst/CLKOUT1]
DEBUG - 2026-08-22 13:39:14,439 - jasper.toolflow.constraints - constraint type: max
DEBUG - 2026-08-22 13:39:14,439 - jasper.toolflow.constraints - constraint delay: 2.0
DEBUG - 2026-08-22 13:39:14,439 - jasper.toolflow.constraints - add delay enabled: True
DEBUG - 2026-08-22 13:39:14,439 - jasper.toolflow.constraints - port name: MEZZANINE_COMBINED_FAULT
DEBUG - 2026-08-22 13:39:14,439 - jasper.toolflow.constraints - New output delay constraint
DEBUG - 2026-08-22 13:39:14,439 - jasper.toolflow.constraints - clock name: -of_objects [get_pins skarab_infr/SYS_CLK_MMCM_inst/CLKOUT1]
DEBUG - 2026-08-22 13:39:14,439 - jasper.toolflow.constraints - constraint type: min
DEBUG - 2026-08-22 13:39:14,439 - jasper.toolflow.constraints - constraint delay: 1.0
DEBUG - 2026-08-22 13:39:14,439 - jasper.toolflow.constraints - add delay enabled: True
DEBUG - 2026-08-22 13:39:14,439 - jasper.toolflow.constraints - port name: ONE_WIRE_EEPROM
DEBUG - 2026-08-22 13:39:14,439 - jasper.toolflow.constraints - New output delay constraint
DEBUG - 2026-08-22 13:39:14,439 - jasper.toolflow.constraints - clock name: -of_objects [get_pins skarab_infr/SYS_CLK_MMCM_inst/CLKOUT1]
DEBUG - 2026-08-22 13:39:14,439 - jasper.toolflow.constraints - constraint type: max
DEBUG - 2026-08-22 13:39:14,439 - jasper.toolflow.constraints - constraint delay: 2.0
DEBUG - 2026-08-22 13:39:14,439 - jasper.toolflow.constraints - add delay enabled: True
DEBUG - 2026-08-22 13:39:14,439 - jasper.toolflow.constraints - port name: ONE_WIRE_EEPROM
DEBUG - 2026-08-22 13:39:14,439 - jasper.toolflow.constraints - New output delay constraint
DEBUG - 2026-08-22 13:39:14,439 - jasper.toolflow.constraints - clock name: -of_objects [get_pins skarab_infr/SYS_CLK_MMCM_inst/CLKOUT1]
DEBUG - 2026-08-22 13:39:14,439 - jasper.toolflow.constraints - constraint type: min
DEBUG - 2026-08-22 13:39:14,439 - jasper.toolflow.constraints - constraint delay: 1.0
DEBUG - 2026-08-22 13:39:14,439 - jasper.toolflow.constraints - add delay enabled: True
DEBUG - 2026-08-22 13:39:14,439 - jasper.toolflow.constraints - port name: ONE_WIRE_EEPROM_STRONG_PULLUP_EN_N
DEBUG - 2026-08-22 13:39:14,439 - jasper.toolflow.constraints - New output delay constraint
DEBUG - 2026-08-22 13:39:14,439 - jasper.toolflow.constraints - clock name: -of_objects [get_pins skarab_infr/SYS_CLK_MMCM_inst/CLKOUT1]
DEBUG - 2026-08-22 13:39:14,439 - jasper.toolflow.constraints - constraint type: max
DEBUG - 2026-08-22 13:39:14,439 - jasper.toolflow.constraints - constraint delay: 2.0
DEBUG - 2026-08-22 13:39:14,439 - jasper.toolflow.constraints - add delay enabled: True
DEBUG - 2026-08-22 13:39:14,439 - jasper.toolflow.constraints - port name: ONE_WIRE_EEPROM_STRONG_PULLUP_EN_N
DEBUG - 2026-08-22 13:39:14,439 - jasper.toolflow.constraints - New output delay constraint
DEBUG - 2026-08-22 13:39:14,439 - jasper.toolflow.constraints - clock name: -of_objects [get_pins skarab_infr/SYS_CLK_MMCM_inst/CLKOUT1]
DEBUG - 2026-08-22 13:39:14,439 - jasper.toolflow.constraints - constraint type: min
DEBUG - 2026-08-22 13:39:14,439 - jasper.toolflow.constraints - constraint delay: 1.0
DEBUG - 2026-08-22 13:39:14,439 - jasper.toolflow.constraints - add delay enabled: True
DEBUG - 2026-08-22 13:39:14,439 - jasper.toolflow.constraints - port name: SPI_CLK
DEBUG - 2026-08-22 13:39:14,439 - jasper.toolflow.constraints - New output delay constraint
DEBUG - 2026-08-22 13:39:14,439 - jasper.toolflow.constraints - clock name: -of_objects [get_pins skarab_infr/SYS_CLK_MMCM_inst/CLKOUT1]
DEBUG - 2026-08-22 13:39:14,439 - jasper.toolflow.constraints - constraint type: max
DEBUG - 2026-08-22 13:39:14,439 - jasper.toolflow.constraints - constraint delay: 2.0
DEBUG - 2026-08-22 13:39:14,439 - jasper.toolflow.constraints - add delay enabled: True
DEBUG - 2026-08-22 13:39:14,439 - jasper.toolflow.constraints - port name: SPI_CLK
DEBUG - 2026-08-22 13:39:14,439 - jasper.toolflow.constraints - New output delay constraint
DEBUG - 2026-08-22 13:39:14,439 - jasper.toolflow.constraints - clock name: -of_objects [get_pins skarab_infr/SYS_CLK_MMCM_inst/CLKOUT1]
DEBUG - 2026-08-22 13:39:14,439 - jasper.toolflow.constraints - constraint type: min
DEBUG - 2026-08-22 13:39:14,439 - jasper.toolflow.constraints - constraint delay: 1.0
DEBUG - 2026-08-22 13:39:14,439 - jasper.toolflow.constraints - add delay enabled: True
DEBUG - 2026-08-22 13:39:14,439 - jasper.toolflow.constraints - port name: SPI_CSB
DEBUG - 2026-08-22 13:39:14,439 - jasper.toolflow.constraints - New output delay constraint
DEBUG - 2026-08-22 13:39:14,439 - jasper.toolflow.constraints - clock name: -of_objects [get_pins skarab_infr/SYS_CLK_MMCM_inst/CLKOUT1]
DEBUG - 2026-08-22 13:39:14,439 - jasper.toolflow.constraints - constraint type: max
DEBUG - 2026-08-22 13:39:14,439 - jasper.toolflow.constraints - constraint delay: 2.0
DEBUG - 2026-08-22 13:39:14,439 - jasper.toolflow.constraints - add delay enabled: True
DEBUG - 2026-08-22 13:39:14,439 - jasper.toolflow.constraints - port name: SPI_CSB
DEBUG - 2026-08-22 13:39:14,439 - jasper.toolflow.constraints - New output delay constraint
DEBUG - 2026-08-22 13:39:14,439 - jasper.toolflow.constraints - clock name: -of_objects [get_pins skarab_infr/SYS_CLK_MMCM_inst/CLKOUT1]
DEBUG - 2026-08-22 13:39:14,439 - jasper.toolflow.constraints - constraint type: min
DEBUG - 2026-08-22 13:39:14,440 - jasper.toolflow.constraints - constraint delay: 1.0
DEBUG - 2026-08-22 13:39:14,440 - jasper.toolflow.constraints - add delay enabled: True
DEBUG - 2026-08-22 13:39:14,440 - jasper.toolflow.constraints - port name: SPI_MOSI
DEBUG - 2026-08-22 13:39:14,440 - jasper.toolflow.constraints - New output delay constraint
DEBUG - 2026-08-22 13:39:14,440 - jasper.toolflow.constraints - clock name: -of_objects [get_pins skarab_infr/SYS_CLK_MMCM_inst/CLKOUT1]
DEBUG - 2026-08-22 13:39:14,440 - jasper.toolflow.constraints - constraint type: max
DEBUG - 2026-08-22 13:39:14,440 - jasper.toolflow.constraints - constraint delay: 2.0
DEBUG - 2026-08-22 13:39:14,440 - jasper.toolflow.constraints - add delay enabled: True
DEBUG - 2026-08-22 13:39:14,440 - jasper.toolflow.constraints - port name: SPI_MOSI
DEBUG - 2026-08-22 13:39:14,440 - jasper.toolflow.constraints - New output delay constraint
DEBUG - 2026-08-22 13:39:14,440 - jasper.toolflow.constraints - clock name: -of_objects [get_pins skarab_infr/SYS_CLK_MMCM_inst/CLKOUT1]
DEBUG - 2026-08-22 13:39:14,440 - jasper.toolflow.constraints - constraint type: min
DEBUG - 2026-08-22 13:39:14,440 - jasper.toolflow.constraints - constraint delay: 1.0
DEBUG - 2026-08-22 13:39:14,440 - jasper.toolflow.constraints - add delay enabled: True
DEBUG - 2026-08-22 13:39:14,440 - jasper.toolflow.constraints - port name: USB_UART_RXD
DEBUG - 2026-08-22 13:39:14,440 - jasper.toolflow.constraints - New output delay constraint
DEBUG - 2026-08-22 13:39:14,440 - jasper.toolflow.constraints - clock name: -of_objects [get_pins skarab_infr/SYS_CLK_MMCM_inst/CLKOUT1]
DEBUG - 2026-08-22 13:39:14,440 - jasper.toolflow.constraints - constraint type: max
DEBUG - 2026-08-22 13:39:14,440 - jasper.toolflow.constraints - constraint delay: 2.0
DEBUG - 2026-08-22 13:39:14,440 - jasper.toolflow.constraints - add delay enabled: True
DEBUG - 2026-08-22 13:39:14,440 - jasper.toolflow.constraints - port name: USB_UART_RXD
DEBUG - 2026-08-22 13:39:14,440 - jasper.toolflow.constraints - New output delay constraint
DEBUG - 2026-08-22 13:39:14,440 - jasper.toolflow.constraints - clock name: virtual_emcc_clock
DEBUG - 2026-08-22 13:39:14,440 - jasper.toolflow.constraints - constraint type: min
DEBUG - 2026-08-22 13:39:14,440 - jasper.toolflow.constraints - constraint delay: 1.0
DEBUG - 2026-08-22 13:39:14,440 - jasper.toolflow.constraints - add delay enabled: True
DEBUG - 2026-08-22 13:39:14,440 - jasper.toolflow.constraints - port name: EMCCLK_FIX
DEBUG - 2026-08-22 13:39:14,440 - jasper.toolflow.constraints - New output delay constraint
DEBUG - 2026-08-22 13:39:14,440 - jasper.toolflow.constraints - clock name: virtual_emcc_clock
DEBUG - 2026-08-22 13:39:14,440 - jasper.toolflow.constraints - constraint type: max
DEBUG - 2026-08-22 13:39:14,440 - jasper.toolflow.constraints - constraint delay: 2.0
DEBUG - 2026-08-22 13:39:14,440 - jasper.toolflow.constraints - add delay enabled: True
DEBUG - 2026-08-22 13:39:14,440 - jasper.toolflow.constraints - port name: EMCCLK_FIX
DEBUG - 2026-08-22 13:39:14,440 - jasper.toolflow.constraints - New output delay constraint
DEBUG - 2026-08-22 13:39:14,440 - jasper.toolflow.constraints - clock name: -of_objects [get_pins skarab_infr/SYS_CLK_MMCM_inst/CLKOUT1]
DEBUG - 2026-08-22 13:39:14,440 - jasper.toolflow.constraints - constraint type: min
DEBUG - 2026-08-22 13:39:14,440 - jasper.toolflow.constraints - constraint delay: 1.0
DEBUG - 2026-08-22 13:39:14,440 - jasper.toolflow.constraints - add delay enabled: True
DEBUG - 2026-08-22 13:39:14,440 - jasper.toolflow.constraints - port name: FAN_CONT_RST_N
DEBUG - 2026-08-22 13:39:14,440 - jasper.toolflow.constraints - New output delay constraint
DEBUG - 2026-08-22 13:39:14,440 - jasper.toolflow.constraints - clock name: -of_objects [get_pins skarab_infr/SYS_CLK_MMCM_inst/CLKOUT1]
DEBUG - 2026-08-22 13:39:14,440 - jasper.toolflow.constraints - constraint type: max
DEBUG - 2026-08-22 13:39:14,440 - jasper.toolflow.constraints - constraint delay: 2.0
DEBUG - 2026-08-22 13:39:14,440 - jasper.toolflow.constraints - add delay enabled: True
DEBUG - 2026-08-22 13:39:14,440 - jasper.toolflow.constraints - port name: FAN_CONT_RST_N
DEBUG - 2026-08-22 13:39:14,440 - jasper.toolflow.constraints - New output delay constraint
DEBUG - 2026-08-22 13:39:14,440 - jasper.toolflow.constraints - clock name: -of_objects [get_pins skarab_infr/SYS_CLK_MMCM_inst/CLKOUT1]
DEBUG - 2026-08-22 13:39:14,440 - jasper.toolflow.constraints - constraint type: min
DEBUG - 2026-08-22 13:39:14,440 - jasper.toolflow.constraints - constraint delay: 1.0
DEBUG - 2026-08-22 13:39:14,440 - jasper.toolflow.constraints - add delay enabled: True
DEBUG - 2026-08-22 13:39:14,440 - jasper.toolflow.constraints - port name: I2C_RESET_FPGA
DEBUG - 2026-08-22 13:39:14,440 - jasper.toolflow.constraints - New output delay constraint
DEBUG - 2026-08-22 13:39:14,440 - jasper.toolflow.constraints - clock name: -of_objects [get_pins skarab_infr/SYS_CLK_MMCM_inst/CLKOUT1]
DEBUG - 2026-08-22 13:39:14,440 - jasper.toolflow.constraints - constraint type: max
DEBUG - 2026-08-22 13:39:14,440 - jasper.toolflow.constraints - constraint delay: 2.0
DEBUG - 2026-08-22 13:39:14,440 - jasper.toolflow.constraints - add delay enabled: True
DEBUG - 2026-08-22 13:39:14,440 - jasper.toolflow.constraints - port name: I2C_RESET_FPGA
INFO - 2026-08-22 13:39:14,440 - jasper.toolflow - Generating physical constraints
DEBUG - 2026-08-22 13:39:14,440 - jasper.toolflow.constraints - Attempting to get physical constraints for port ONE_GBE_SGMII_RX_P on ONE_GBE_SGMII_RX_P 
DEBUG - 2026-08-22 13:39:14,440 - jasper.toolflow.constraints - Setting pin loc: ONE_GBE_SGMII_RX_P A6
DEBUG - 2026-08-22 13:39:14,440 - jasper.toolflow.constraints - Setting pin iostd: ONE_GBE_SGMII_RX_P None
DEBUG - 2026-08-22 13:39:14,440 - jasper.toolflow.constraints - Attempting to get physical constraints for port ONE_GBE_SGMII_RX_N on ONE_GBE_SGMII_RX_N 
DEBUG - 2026-08-22 13:39:14,440 - jasper.toolflow.constraints - Setting pin loc: ONE_GBE_SGMII_RX_N A5
DEBUG - 2026-08-22 13:39:14,440 - jasper.toolflow.constraints - Setting pin iostd: ONE_GBE_SGMII_RX_N None
DEBUG - 2026-08-22 13:39:14,440 - jasper.toolflow.constraints - Attempting to get physical constraints for port ONE_GBE_SGMII_TX_P on ONE_GBE_SGMII_TX_P 
DEBUG - 2026-08-22 13:39:14,440 - jasper.toolflow.constraints - Setting pin loc: ONE_GBE_SGMII_TX_P B4
DEBUG - 2026-08-22 13:39:14,440 - jasper.toolflow.constraints - Setting pin iostd: ONE_GBE_SGMII_TX_P None
DEBUG - 2026-08-22 13:39:14,440 - jasper.toolflow.constraints - Attempting to get physical constraints for port ONE_GBE_SGMII_TX_N on ONE_GBE_SGMII_TX_N 
DEBUG - 2026-08-22 13:39:14,440 - jasper.toolflow.constraints - Setting pin loc: ONE_GBE_SGMII_TX_N B3
DEBUG - 2026-08-22 13:39:14,440 - jasper.toolflow.constraints - Setting pin iostd: ONE_GBE_SGMII_TX_N None
DEBUG - 2026-08-22 13:39:14,440 - jasper.toolflow.constraints - Attempting to get physical constraints for port ONE_GBE_MGTREFCLK_N on ONE_GBE_MGTREFCLK_N 
DEBUG - 2026-08-22 13:39:14,440 - jasper.toolflow.constraints - Setting pin loc: ONE_GBE_MGTREFCLK_N A9
DEBUG - 2026-08-22 13:39:14,440 - jasper.toolflow.constraints - Setting pin iostd: ONE_GBE_MGTREFCLK_N None
DEBUG - 2026-08-22 13:39:14,440 - jasper.toolflow.constraints - Attempting to get physical constraints for port ONE_GBE_MGTREFCLK_P on ONE_GBE_MGTREFCLK_P 
DEBUG - 2026-08-22 13:39:14,440 - jasper.toolflow.constraints - Setting pin loc: ONE_GBE_MGTREFCLK_P A10
DEBUG - 2026-08-22 13:39:14,440 - jasper.toolflow.constraints - Setting pin iostd: ONE_GBE_MGTREFCLK_P None
DEBUG - 2026-08-22 13:39:14,440 - jasper.toolflow.constraints - Attempting to get physical constraints for port ONE_GBE_RESET_N on ONE_GBE_RESET_N 
DEBUG - 2026-08-22 13:39:14,440 - jasper.toolflow.constraints - Setting pin loc: ONE_GBE_RESET_N BD12
DEBUG - 2026-08-22 13:39:14,440 - jasper.toolflow.constraints - Setting pin iostd: ONE_GBE_RESET_N LVCMOS18
DEBUG - 2026-08-22 13:39:14,440 - jasper.toolflow.constraints - Attempting to get physical constraints for port FLASH_DQ on FLASH_DQ 
DEBUG - 2026-08-22 13:39:14,440 - jasper.toolflow.constraints - Setting pin loc: FLASH_DQ BC27
DEBUG - 2026-08-22 13:39:14,440 - jasper.toolflow.constraints - Setting pin iostd: FLASH_DQ LVCMOS18
DEBUG - 2026-08-22 13:39:14,440 - jasper.toolflow.constraints - Setting pin loc: FLASH_DQ BD27
DEBUG - 2026-08-22 13:39:14,440 - jasper.toolflow.constraints - Setting pin iostd: FLASH_DQ LVCMOS18
DEBUG - 2026-08-22 13:39:14,440 - jasper.toolflow.constraints - Setting pin loc: FLASH_DQ BD29
DEBUG - 2026-08-22 13:39:14,440 - jasper.toolflow.constraints - Setting pin iostd: FLASH_DQ LVCMOS18
DEBUG - 2026-08-22 13:39:14,440 - jasper.toolflow.constraints - Setting pin loc: FLASH_DQ BD30
DEBUG - 2026-08-22 13:39:14,440 - jasper.toolflow.constraints - Setting pin iostd: FLASH_DQ LVCMOS18
DEBUG - 2026-08-22 13:39:14,440 - jasper.toolflow.constraints - Setting pin loc: FLASH_DQ BB30
DEBUG - 2026-08-22 13:39:14,440 - jasper.toolflow.constraints - Setting pin iostd: FLASH_DQ LVCMOS18
DEBUG - 2026-08-22 13:39:14,440 - jasper.toolflow.constraints - Setting pin loc: FLASH_DQ BC30
DEBUG - 2026-08-22 13:39:14,440 - jasper.toolflow.constraints - Setting pin iostd: FLASH_DQ LVCMOS18
DEBUG - 2026-08-22 13:39:14,440 - jasper.toolflow.constraints - Setting pin loc: FLASH_DQ BC28
DEBUG - 2026-08-22 13:39:14,440 - jasper.toolflow.constraints - Setting pin iostd: FLASH_DQ LVCMOS18
DEBUG - 2026-08-22 13:39:14,440 - jasper.toolflow.constraints - Setting pin loc: FLASH_DQ BC29
DEBUG - 2026-08-22 13:39:14,440 - jasper.toolflow.constraints - Setting pin iostd: FLASH_DQ LVCMOS18
DEBUG - 2026-08-22 13:39:14,440 - jasper.toolflow.constraints - Setting pin loc: FLASH_DQ BA30
DEBUG - 2026-08-22 13:39:14,440 - jasper.toolflow.constraints - Setting pin iostd: FLASH_DQ LVCMOS18
DEBUG - 2026-08-22 13:39:14,440 - jasper.toolflow.constraints - Setting pin loc: FLASH_DQ AW29
DEBUG - 2026-08-22 13:39:14,441 - jasper.toolflow.constraints - Setting pin iostd: FLASH_DQ LVCMOS18
DEBUG - 2026-08-22 13:39:14,441 - jasper.toolflow.constraints - Setting pin loc: FLASH_DQ AY29
DEBUG - 2026-08-22 13:39:14,441 - jasper.toolflow.constraints - Setting pin iostd: FLASH_DQ LVCMOS18
DEBUG - 2026-08-22 13:39:14,441 - jasper.toolflow.constraints - Setting pin loc: FLASH_DQ AW27
DEBUG - 2026-08-22 13:39:14,441 - jasper.toolflow.constraints - Setting pin iostd: FLASH_DQ LVCMOS18
DEBUG - 2026-08-22 13:39:14,441 - jasper.toolflow.constraints - Setting pin loc: FLASH_DQ AY27
DEBUG - 2026-08-22 13:39:14,441 - jasper.toolflow.constraints - Setting pin iostd: FLASH_DQ LVCMOS18
DEBUG - 2026-08-22 13:39:14,441 - jasper.toolflow.constraints - Setting pin loc: FLASH_DQ BA31
DEBUG - 2026-08-22 13:39:14,441 - jasper.toolflow.constraints - Setting pin iostd: FLASH_DQ LVCMOS18
DEBUG - 2026-08-22 13:39:14,441 - jasper.toolflow.constraints - Setting pin loc: FLASH_DQ AY28
DEBUG - 2026-08-22 13:39:14,441 - jasper.toolflow.constraints - Setting pin iostd: FLASH_DQ LVCMOS18
DEBUG - 2026-08-22 13:39:14,441 - jasper.toolflow.constraints - Setting pin loc: FLASH_DQ BA28
DEBUG - 2026-08-22 13:39:14,441 - jasper.toolflow.constraints - Setting pin iostd: FLASH_DQ LVCMOS18
DEBUG - 2026-08-22 13:39:14,441 - jasper.toolflow.constraints - Attempting to get physical constraints for port USB_FPGA on USB_FPGA 
DEBUG - 2026-08-22 13:39:14,441 - jasper.toolflow.constraints - Setting pin loc: USB_FPGA E14
DEBUG - 2026-08-22 13:39:14,441 - jasper.toolflow.constraints - Setting pin iostd: USB_FPGA LVCMOS18
DEBUG - 2026-08-22 13:39:14,441 - jasper.toolflow.constraints - Setting pin loc: USB_FPGA F14
DEBUG - 2026-08-22 13:39:14,441 - jasper.toolflow.constraints - Setting pin iostd: USB_FPGA LVCMOS18
DEBUG - 2026-08-22 13:39:14,441 - jasper.toolflow.constraints - Setting pin loc: USB_FPGA E13
DEBUG - 2026-08-22 13:39:14,441 - jasper.toolflow.constraints - Setting pin iostd: USB_FPGA LVCMOS18
DEBUG - 2026-08-22 13:39:14,441 - jasper.toolflow.constraints - Setting pin loc: USB_FPGA F13
DEBUG - 2026-08-22 13:39:14,441 - jasper.toolflow.constraints - Setting pin iostd: USB_FPGA LVCMOS18
DEBUG - 2026-08-22 13:39:14,441 - jasper.toolflow.constraints - Attempting to get physical constraints for port FLASH_A on FLASH_A 
DEBUG - 2026-08-22 13:39:14,441 - jasper.toolflow.constraints - Setting pin loc: FLASH_A AL29
DEBUG - 2026-08-22 13:39:14,441 - jasper.toolflow.constraints - Setting pin iostd: FLASH_A LVCMOS18
DEBUG - 2026-08-22 13:39:14,441 - jasper.toolflow.constraints - Setting pin loc: FLASH_A AL28
DEBUG - 2026-08-22 13:39:14,441 - jasper.toolflow.constraints - Setting pin iostd: FLASH_A LVCMOS18
DEBUG - 2026-08-22 13:39:14,441 - jasper.toolflow.constraints - Setting pin loc: FLASH_A AK29
DEBUG - 2026-08-22 13:39:14,441 - jasper.toolflow.constraints - Setting pin iostd: FLASH_A LVCMOS18
DEBUG - 2026-08-22 13:39:14,441 - jasper.toolflow.constraints - Setting pin loc: FLASH_A AJ29
DEBUG - 2026-08-22 13:39:14,441 - jasper.toolflow.constraints - Setting pin iostd: FLASH_A LVCMOS18
DEBUG - 2026-08-22 13:39:14,441 - jasper.toolflow.constraints - Setting pin loc: FLASH_A AM28
DEBUG - 2026-08-22 13:39:14,441 - jasper.toolflow.constraints - Setting pin iostd: FLASH_A LVCMOS18
DEBUG - 2026-08-22 13:39:14,441 - jasper.toolflow.constraints - Setting pin loc: FLASH_A AM27
DEBUG - 2026-08-22 13:39:14,441 - jasper.toolflow.constraints - Setting pin iostd: FLASH_A LVCMOS18
DEBUG - 2026-08-22 13:39:14,441 - jasper.toolflow.constraints - Setting pin loc: FLASH_A AK28
DEBUG - 2026-08-22 13:39:14,441 - jasper.toolflow.constraints - Setting pin iostd: FLASH_A LVCMOS18
DEBUG - 2026-08-22 13:39:14,441 - jasper.toolflow.constraints - Setting pin loc: FLASH_A AN30
DEBUG - 2026-08-22 13:39:14,441 - jasper.toolflow.constraints - Setting pin iostd: FLASH_A LVCMOS18
DEBUG - 2026-08-22 13:39:14,441 - jasper.toolflow.constraints - Setting pin loc: FLASH_A AM30
DEBUG - 2026-08-22 13:39:14,441 - jasper.toolflow.constraints - Setting pin iostd: FLASH_A LVCMOS18
DEBUG - 2026-08-22 13:39:14,441 - jasper.toolflow.constraints - Setting pin loc: FLASH_A AN29
DEBUG - 2026-08-22 13:39:14,441 - jasper.toolflow.constraints - Setting pin iostd: FLASH_A LVCMOS18
DEBUG - 2026-08-22 13:39:14,441 - jasper.toolflow.constraints - Setting pin loc: FLASH_A AN28
DEBUG - 2026-08-22 13:39:14,441 - jasper.toolflow.constraints - Setting pin iostd: FLASH_A LVCMOS18
DEBUG - 2026-08-22 13:39:14,441 - jasper.toolflow.constraints - Setting pin loc: FLASH_A AR29
DEBUG - 2026-08-22 13:39:14,441 - jasper.toolflow.constraints - Setting pin iostd: FLASH_A LVCMOS18
DEBUG - 2026-08-22 13:39:14,441 - jasper.toolflow.constraints - Setting pin loc: FLASH_A AR28
DEBUG - 2026-08-22 13:39:14,441 - jasper.toolflow.constraints - Setting pin iostd: FLASH_A LVCMOS18
DEBUG - 2026-08-22 13:39:14,441 - jasper.toolflow.constraints - Setting pin loc: FLASH_A AP30
DEBUG - 2026-08-22 13:39:14,441 - jasper.toolflow.constraints - Setting pin iostd: FLASH_A LVCMOS18
DEBUG - 2026-08-22 13:39:14,441 - jasper.toolflow.constraints - Setting pin loc: FLASH_A AP29
DEBUG - 2026-08-22 13:39:14,441 - jasper.toolflow.constraints - Setting pin iostd: FLASH_A LVCMOS18
DEBUG - 2026-08-22 13:39:14,441 - jasper.toolflow.constraints - Setting pin loc: FLASH_A AT29
DEBUG - 2026-08-22 13:39:14,441 - jasper.toolflow.constraints - Setting pin iostd: FLASH_A LVCMOS18
DEBUG - 2026-08-22 13:39:14,441 - jasper.toolflow.constraints - Setting pin loc: FLASH_A AL26
DEBUG - 2026-08-22 13:39:14,441 - jasper.toolflow.constraints - Setting pin iostd: FLASH_A LVCMOS18
DEBUG - 2026-08-22 13:39:14,441 - jasper.toolflow.constraints - Setting pin loc: FLASH_A AK26
DEBUG - 2026-08-22 13:39:14,441 - jasper.toolflow.constraints - Setting pin iostd: FLASH_A LVCMOS18
DEBUG - 2026-08-22 13:39:14,441 - jasper.toolflow.constraints - Setting pin loc: FLASH_A AK24
DEBUG - 2026-08-22 13:39:14,441 - jasper.toolflow.constraints - Setting pin iostd: FLASH_A LVCMOS18
DEBUG - 2026-08-22 13:39:14,441 - jasper.toolflow.constraints - Setting pin loc: FLASH_A AM26
DEBUG - 2026-08-22 13:39:14,441 - jasper.toolflow.constraints - Setting pin iostd: FLASH_A LVCMOS18
DEBUG - 2026-08-22 13:39:14,441 - jasper.toolflow.constraints - Setting pin loc: FLASH_A AM25
DEBUG - 2026-08-22 13:39:14,441 - jasper.toolflow.constraints - Setting pin iostd: FLASH_A LVCMOS18
DEBUG - 2026-08-22 13:39:14,441 - jasper.toolflow.constraints - Setting pin loc: FLASH_A AM23
DEBUG - 2026-08-22 13:39:14,441 - jasper.toolflow.constraints - Setting pin iostd: FLASH_A LVCMOS18
DEBUG - 2026-08-22 13:39:14,441 - jasper.toolflow.constraints - Setting pin loc: FLASH_A AL23
DEBUG - 2026-08-22 13:39:14,441 - jasper.toolflow.constraints - Setting pin iostd: FLASH_A LVCMOS18
DEBUG - 2026-08-22 13:39:14,441 - jasper.toolflow.constraints - Setting pin loc: FLASH_A AP26
DEBUG - 2026-08-22 13:39:14,441 - jasper.toolflow.constraints - Setting pin iostd: FLASH_A LVCMOS18
DEBUG - 2026-08-22 13:39:14,441 - jasper.toolflow.constraints - Setting pin loc: FLASH_A AN25
DEBUG - 2026-08-22 13:39:14,441 - jasper.toolflow.constraints - Setting pin iostd: FLASH_A LVCMOS18
DEBUG - 2026-08-22 13:39:14,441 - jasper.toolflow.constraints - Setting pin loc: FLASH_A AP25
DEBUG - 2026-08-22 13:39:14,441 - jasper.toolflow.constraints - Setting pin iostd: FLASH_A LVCMOS18
DEBUG - 2026-08-22 13:39:14,441 - jasper.toolflow.constraints - Setting pin loc: FLASH_A AP24
DEBUG - 2026-08-22 13:39:14,441 - jasper.toolflow.constraints - Setting pin iostd: FLASH_A LVCMOS18
DEBUG - 2026-08-22 13:39:14,441 - jasper.toolflow.constraints - Setting pin loc: FLASH_A AU27
DEBUG - 2026-08-22 13:39:14,441 - jasper.toolflow.constraints - Setting pin iostd: FLASH_A LVCMOS18
DEBUG - 2026-08-22 13:39:14,441 - jasper.toolflow.constraints - Setting pin loc: FLASH_A AT26
DEBUG - 2026-08-22 13:39:14,441 - jasper.toolflow.constraints - Setting pin iostd: FLASH_A LVCMOS18
DEBUG - 2026-08-22 13:39:14,441 - jasper.toolflow.constraints - Attempting to get physical constraints for port GND on GND 
DEBUG - 2026-08-22 13:39:14,441 - jasper.toolflow.constraints - Setting pin loc: GND AY31
DEBUG - 2026-08-22 13:39:14,441 - jasper.toolflow.constraints - Setting pin iostd: GND LVCMOS18
DEBUG - 2026-08-22 13:39:14,441 - jasper.toolflow.constraints - Setting pin loc: GND AW30
DEBUG - 2026-08-22 13:39:14,441 - jasper.toolflow.constraints - Setting pin iostd: GND LVCMOS18
DEBUG - 2026-08-22 13:39:14,441 - jasper.toolflow.constraints - Setting pin loc: GND AW31
DEBUG - 2026-08-22 13:39:14,441 - jasper.toolflow.constraints - Setting pin iostd: GND LVCMOS18
DEBUG - 2026-08-22 13:39:14,441 - jasper.toolflow.constraints - Setting pin loc: GND AV28
DEBUG - 2026-08-22 13:39:14,441 - jasper.toolflow.constraints - Setting pin iostd: GND LVCMOS18
DEBUG - 2026-08-22 13:39:14,441 - jasper.toolflow.constraints - Setting pin loc: GND AV29
DEBUG - 2026-08-22 13:39:14,441 - jasper.toolflow.constraints - Setting pin iostd: GND LVCMOS18
DEBUG - 2026-08-22 13:39:14,441 - jasper.toolflow.constraints - Setting pin loc: GND AN27
DEBUG - 2026-08-22 13:39:14,441 - jasper.toolflow.constraints - Setting pin iostd: GND LVCMOS18
DEBUG - 2026-08-22 13:39:14,441 - jasper.toolflow.constraints - Setting pin loc: GND AP27
DEBUG - 2026-08-22 13:39:14,441 - jasper.toolflow.constraints - Setting pin iostd: GND LVCMOS18
DEBUG - 2026-08-22 13:39:14,441 - jasper.toolflow.constraints - Setting pin loc: GND AT28
DEBUG - 2026-08-22 13:39:14,441 - jasper.toolflow.constraints - Setting pin iostd: GND LVCMOS18
DEBUG - 2026-08-22 13:39:14,441 - jasper.toolflow.constraints - Setting pin loc: GND AK27
DEBUG - 2026-08-22 13:39:14,441 - jasper.toolflow.constraints - Setting pin iostd: GND LVCMOS18
DEBUG - 2026-08-22 13:39:14,441 - jasper.toolflow.constraints - Setting pin loc: GND AW26
DEBUG - 2026-08-22 13:39:14,441 - jasper.toolflow.constraints - Setting pin iostd: GND LVCMOS18
DEBUG - 2026-08-22 13:39:14,442 - jasper.toolflow.constraints - Setting pin loc: GND AY26
DEBUG - 2026-08-22 13:39:14,442 - jasper.toolflow.constraints - Setting pin iostd: GND LVCMOS18
DEBUG - 2026-08-22 13:39:14,442 - jasper.toolflow.constraints - Setting pin loc: GND AV25
DEBUG - 2026-08-22 13:39:14,442 - jasper.toolflow.constraints - Setting pin iostd: GND LVCMOS18
DEBUG - 2026-08-22 13:39:14,442 - jasper.toolflow.constraints - Setting pin loc: GND AW25
DEBUG - 2026-08-22 13:39:14,442 - jasper.toolflow.constraints - Setting pin iostd: GND LVCMOS18
DEBUG - 2026-08-22 13:39:14,442 - jasper.toolflow.constraints - Setting pin loc: GND AW24
DEBUG - 2026-08-22 13:39:14,442 - jasper.toolflow.constraints - Setting pin iostd: GND LVCMOS18
DEBUG - 2026-08-22 13:39:14,442 - jasper.toolflow.constraints - Setting pin loc: GND AT25
DEBUG - 2026-08-22 13:39:14,442 - jasper.toolflow.constraints - Setting pin iostd: GND LVCMOS18
DEBUG - 2026-08-22 13:39:14,442 - jasper.toolflow.constraints - Setting pin loc: GND AK23
DEBUG - 2026-08-22 13:39:14,442 - jasper.toolflow.constraints - Setting pin iostd: GND LVCMOS18
DEBUG - 2026-08-22 13:39:14,442 - jasper.toolflow.constraints - Attempting to get physical constraints for port ONE_GBE_INT_N on ONE_GBE_INT_N 
DEBUG - 2026-08-22 13:39:14,442 - jasper.toolflow.constraints - Setting pin loc: ONE_GBE_INT_N BB12
DEBUG - 2026-08-22 13:39:14,442 - jasper.toolflow.constraints - Setting pin iostd: ONE_GBE_INT_N LVCMOS18
DEBUG - 2026-08-22 13:39:14,442 - jasper.toolflow.constraints - Attempting to get physical constraints for port FPGA_RESET_N on FPGA_RESET_N 
DEBUG - 2026-08-22 13:39:14,442 - jasper.toolflow.constraints - Setting pin loc: FPGA_RESET_N BD35
DEBUG - 2026-08-22 13:39:14,442 - jasper.toolflow.constraints - Setting pin iostd: FPGA_RESET_N LVCMOS18
DEBUG - 2026-08-22 13:39:14,442 - jasper.toolflow.constraints - Attempting to get physical constraints for port FLASH_WE_N on FLASH_WE_N 
DEBUG - 2026-08-22 13:39:14,442 - jasper.toolflow.constraints - Setting pin loc: FLASH_WE_N AL25
DEBUG - 2026-08-22 13:39:14,442 - jasper.toolflow.constraints - Setting pin iostd: FLASH_WE_N LVCMOS18
DEBUG - 2026-08-22 13:39:14,442 - jasper.toolflow.constraints - Attempting to get physical constraints for port FPGA_EMCCLK2 on FPGA_EMCCLK2 
DEBUG - 2026-08-22 13:39:14,442 - jasper.toolflow.constraints - Setting pin loc: FPGA_EMCCLK2 AV27
DEBUG - 2026-08-22 13:39:14,442 - jasper.toolflow.constraints - Setting pin iostd: FPGA_EMCCLK2 LVCMOS18
DEBUG - 2026-08-22 13:39:14,442 - jasper.toolflow.constraints - Attempting to get physical constraints for port MEZZANINE_3_ONE_WIRE_STRONG_PULLUP_EN_N on MEZZANINE_3_ONE_WIRE_STRONG_PULLUP_EN_N 
DEBUG - 2026-08-22 13:39:14,442 - jasper.toolflow.constraints - Setting pin loc: MEZZANINE_3_ONE_WIRE_STRONG_PULLUP_EN_N B13
DEBUG - 2026-08-22 13:39:14,442 - jasper.toolflow.constraints - Setting pin iostd: MEZZANINE_3_ONE_WIRE_STRONG_PULLUP_EN_N LVCMOS18
DEBUG - 2026-08-22 13:39:14,442 - jasper.toolflow.constraints - Attempting to get physical constraints for port MEZZANINE_2_ONE_WIRE_STRONG_PULLUP_EN_N on MEZZANINE_2_ONE_WIRE_STRONG_PULLUP_EN_N 
DEBUG - 2026-08-22 13:39:14,442 - jasper.toolflow.constraints - Setting pin loc: MEZZANINE_2_ONE_WIRE_STRONG_PULLUP_EN_N BA10
DEBUG - 2026-08-22 13:39:14,442 - jasper.toolflow.constraints - Setting pin iostd: MEZZANINE_2_ONE_WIRE_STRONG_PULLUP_EN_N LVCMOS18
DEBUG - 2026-08-22 13:39:14,442 - jasper.toolflow.constraints - Attempting to get physical constraints for port MEZZANINE_1_ONE_WIRE_STRONG_PULLUP_EN_N on MEZZANINE_1_ONE_WIRE_STRONG_PULLUP_EN_N 
DEBUG - 2026-08-22 13:39:14,442 - jasper.toolflow.constraints - Setting pin loc: MEZZANINE_1_ONE_WIRE_STRONG_PULLUP_EN_N BD34
DEBUG - 2026-08-22 13:39:14,442 - jasper.toolflow.constraints - Setting pin iostd: MEZZANINE_1_ONE_WIRE_STRONG_PULLUP_EN_N LVCMOS18
DEBUG - 2026-08-22 13:39:14,442 - jasper.toolflow.constraints - Attempting to get physical constraints for port MEZZANINE_0_ONE_WIRE_STRONG_PULLUP_EN_N on MEZZANINE_0_ONE_WIRE_STRONG_PULLUP_EN_N 
DEBUG - 2026-08-22 13:39:14,442 - jasper.toolflow.constraints - Setting pin loc: MEZZANINE_0_ONE_WIRE_STRONG_PULLUP_EN_N C32
DEBUG - 2026-08-22 13:39:14,442 - jasper.toolflow.constraints - Setting pin iostd: MEZZANINE_0_ONE_WIRE_STRONG_PULLUP_EN_N LVCMOS18
DEBUG - 2026-08-22 13:39:14,442 - jasper.toolflow.constraints - Attempting to get physical constraints for port MEZZANINE_3_SCL_FPGA on MEZZANINE_3_SCL_FPGA 
DEBUG - 2026-08-22 13:39:14,442 - jasper.toolflow.constraints - Setting pin loc: MEZZANINE_3_SCL_FPGA A14
DEBUG - 2026-08-22 13:39:14,442 - jasper.toolflow.constraints - Setting pin iostd: MEZZANINE_3_SCL_FPGA LVCMOS18
DEBUG - 2026-08-22 13:39:14,442 - jasper.toolflow.constraints - Attempting to get physical constraints for port MEZZANINE_2_SCL_FPGA on MEZZANINE_2_SCL_FPGA 
DEBUG - 2026-08-22 13:39:14,442 - jasper.toolflow.constraints - Setting pin loc: MEZZANINE_2_SCL_FPGA BD14
DEBUG - 2026-08-22 13:39:14,442 - jasper.toolflow.constraints - Setting pin iostd: MEZZANINE_2_SCL_FPGA LVCMOS18
DEBUG - 2026-08-22 13:39:14,442 - jasper.toolflow.constraints - Attempting to get physical constraints for port MEZZANINE_1_SCL_FPGA on MEZZANINE_1_SCL_FPGA 
DEBUG - 2026-08-22 13:39:14,442 - jasper.toolflow.constraints - Setting pin loc: MEZZANINE_1_SCL_FPGA BD32
DEBUG - 2026-08-22 13:39:14,442 - jasper.toolflow.constraints - Setting pin iostd: MEZZANINE_1_SCL_FPGA LVCMOS18
DEBUG - 2026-08-22 13:39:14,442 - jasper.toolflow.constraints - Attempting to get physical constraints for port MEZZANINE_0_SCL_FPGA on MEZZANINE_0_SCL_FPGA 
DEBUG - 2026-08-22 13:39:14,442 - jasper.toolflow.constraints - Setting pin loc: MEZZANINE_0_SCL_FPGA A31
DEBUG - 2026-08-22 13:39:14,442 - jasper.toolflow.constraints - Setting pin iostd: MEZZANINE_0_SCL_FPGA LVCMOS18
DEBUG - 2026-08-22 13:39:14,442 - jasper.toolflow.constraints - Attempting to get physical constraints for port EMCCLK_FIX on EMCCLK_FIX 
DEBUG - 2026-08-22 13:39:14,442 - jasper.toolflow.constraints - Setting pin loc: EMCCLK_FIX BB27
DEBUG - 2026-08-22 13:39:14,442 - jasper.toolflow.constraints - Setting pin iostd: EMCCLK_FIX LVCMOS18
DEBUG - 2026-08-22 13:39:14,442 - jasper.toolflow.constraints - Attempting to get physical constraints for port ONE_WIRE_EEPROM on ONE_WIRE_EEPROM 
DEBUG - 2026-08-22 13:39:14,442 - jasper.toolflow.constraints - Setting pin loc: ONE_WIRE_EEPROM BD17
DEBUG - 2026-08-22 13:39:14,442 - jasper.toolflow.constraints - Setting pin iostd: ONE_WIRE_EEPROM LVCMOS18
DEBUG - 2026-08-22 13:39:14,442 - jasper.toolflow.constraints - Attempting to get physical constraints for port I2C_SCL_FPGA on I2C_SCL_FPGA 
DEBUG - 2026-08-22 13:39:14,442 - jasper.toolflow.constraints - Setting pin loc: I2C_SCL_FPGA BB18
DEBUG - 2026-08-22 13:39:14,442 - jasper.toolflow.constraints - Setting pin iostd: I2C_SCL_FPGA LVCMOS18
DEBUG - 2026-08-22 13:39:14,442 - jasper.toolflow.constraints - Attempting to get physical constraints for port FPGA_REFCLK_BUF0_P on FPGA_REFCLK_BUF0_P 
DEBUG - 2026-08-22 13:39:14,442 - jasper.toolflow.constraints - Setting pin loc: FPGA_REFCLK_BUF0_P AU15
DEBUG - 2026-08-22 13:39:14,442 - jasper.toolflow.constraints - Setting pin iostd: FPGA_REFCLK_BUF0_P LVDS
DEBUG - 2026-08-22 13:39:14,442 - jasper.toolflow.constraints - Attempting to get physical constraints for port FPGA_REFCLK_BUF0_N on FPGA_REFCLK_BUF0_N 
DEBUG - 2026-08-22 13:39:14,442 - jasper.toolflow.constraints - Setting pin loc: FPGA_REFCLK_BUF0_N None
DEBUG - 2026-08-22 13:39:14,442 - jasper.toolflow.constraints - Setting pin iostd: FPGA_REFCLK_BUF0_N LVDS
DEBUG - 2026-08-22 13:39:14,442 - jasper.toolflow.constraints - Attempting to get physical constraints for port ONE_GBE_LINK on ONE_GBE_LINK 
DEBUG - 2026-08-22 13:39:14,442 - jasper.toolflow.constraints - Setting pin loc: ONE_GBE_LINK BC12
DEBUG - 2026-08-22 13:39:14,442 - jasper.toolflow.constraints - Setting pin iostd: ONE_GBE_LINK LVCMOS18
DEBUG - 2026-08-22 13:39:14,442 - jasper.toolflow.constraints - Attempting to get physical constraints for port SPI_CLK on SPI_CLK 
DEBUG - 2026-08-22 13:39:14,442 - jasper.toolflow.constraints - Setting pin loc: SPI_CLK BB21
DEBUG - 2026-08-22 13:39:14,442 - jasper.toolflow.constraints - Setting pin iostd: SPI_CLK LVCMOS18
DEBUG - 2026-08-22 13:39:14,442 - jasper.toolflow.constraints - Attempting to get physical constraints for port MEZZANINE_3_INT_N on MEZZANINE_3_INT_N 
DEBUG - 2026-08-22 13:39:14,442 - jasper.toolflow.constraints - Setting pin loc: MEZZANINE_3_INT_N B15
DEBUG - 2026-08-22 13:39:14,442 - jasper.toolflow.constraints - Setting pin iostd: MEZZANINE_3_INT_N LVCMOS18
DEBUG - 2026-08-22 13:39:14,442 - jasper.toolflow.constraints - Attempting to get physical constraints for port MEZZANINE_2_INT_N on MEZZANINE_2_INT_N 
DEBUG - 2026-08-22 13:39:14,442 - jasper.toolflow.constraints - Setting pin loc: MEZZANINE_2_INT_N BC13
DEBUG - 2026-08-22 13:39:14,442 - jasper.toolflow.constraints - Setting pin iostd: MEZZANINE_2_INT_N LVCMOS18
DEBUG - 2026-08-22 13:39:14,442 - jasper.toolflow.constraints - Attempting to get physical constraints for port MEZZANINE_1_INT_N on MEZZANINE_1_INT_N 
DEBUG - 2026-08-22 13:39:14,442 - jasper.toolflow.constraints - Setting pin loc: MEZZANINE_1_INT_N BC33
DEBUG - 2026-08-22 13:39:14,442 - jasper.toolflow.constraints - Setting pin iostd: MEZZANINE_1_INT_N LVCMOS18
DEBUG - 2026-08-22 13:39:14,442 - jasper.toolflow.constraints - Attempting to get physical constraints for port MEZZANINE_0_INT_N on MEZZANINE_0_INT_N 
DEBUG - 2026-08-22 13:39:14,442 - jasper.toolflow.constraints - Setting pin loc: MEZZANINE_0_INT_N B31
DEBUG - 2026-08-22 13:39:14,442 - jasper.toolflow.constraints - Setting pin iostd: MEZZANINE_0_INT_N LVCMOS18
DEBUG - 2026-08-22 13:39:14,442 - jasper.toolflow.constraints - Attempting to get physical constraints for port SPI_MISO on SPI_MISO 
DEBUG - 2026-08-22 13:39:14,442 - jasper.toolflow.constraints - Setting pin loc: SPI_MISO BB20
DEBUG - 2026-08-22 13:39:14,442 - jasper.toolflow.constraints - Setting pin iostd: SPI_MISO LVCMOS18
DEBUG - 2026-08-22 13:39:14,442 - jasper.toolflow.constraints - Attempting to get physical constraints for port MEZZANINE_3_PRESENT_N on MEZZANINE_3_PRESENT_N 
DEBUG - 2026-08-22 13:39:14,442 - jasper.toolflow.constraints - Setting pin loc: MEZZANINE_3_PRESENT_N C13
DEBUG - 2026-08-22 13:39:14,442 - jasper.toolflow.constraints - Setting pin iostd: MEZZANINE_3_PRESENT_N LVCMOS18
DEBUG - 2026-08-22 13:39:14,442 - jasper.toolflow.constraints - Attempting to get physical constraints for port MEZZANINE_2_PRESENT_N on MEZZANINE_2_PRESENT_N 
DEBUG - 2026-08-22 13:39:14,442 - jasper.toolflow.constraints - Setting pin loc: MEZZANINE_2_PRESENT_N BA11
DEBUG - 2026-08-22 13:39:14,442 - jasper.toolflow.constraints - Setting pin iostd: MEZZANINE_2_PRESENT_N LVCMOS18
DEBUG - 2026-08-22 13:39:14,442 - jasper.toolflow.constraints - Attempting to get physical constraints for port MEZZANINE_1_PRESENT_N on MEZZANINE_1_PRESENT_N 
DEBUG - 2026-08-22 13:39:14,442 - jasper.toolflow.constraints - Setting pin loc: MEZZANINE_1_PRESENT_N BA35
DEBUG - 2026-08-22 13:39:14,442 - jasper.toolflow.constraints - Setting pin iostd: MEZZANINE_1_PRESENT_N LVCMOS18
DEBUG - 2026-08-22 13:39:14,442 - jasper.toolflow.constraints - Attempting to get physical constraints for port MEZZANINE_0_PRESENT_N on MEZZANINE_0_PRESENT_N 
DEBUG - 2026-08-22 13:39:14,442 - jasper.toolflow.constraints - Setting pin loc: MEZZANINE_0_PRESENT_N D32
DEBUG - 2026-08-22 13:39:14,442 - jasper.toolflow.constraints - Setting pin iostd: MEZZANINE_0_PRESENT_N LVCMOS18
DEBUG - 2026-08-22 13:39:14,442 - jasper.toolflow.constraints - Attempting to get physical constraints for port SPI_CSB on SPI_CSB 
DEBUG - 2026-08-22 13:39:14,442 - jasper.toolflow.constraints - Setting pin loc: SPI_CSB BD21
DEBUG - 2026-08-22 13:39:14,442 - jasper.toolflow.constraints - Setting pin iostd: SPI_CSB LVCMOS18
DEBUG - 2026-08-22 13:39:14,442 - jasper.toolflow.constraints - Attempting to get physical constraints for port FPGA_REFCLK_BUF1_P on FPGA_REFCLK_BUF1_P 
DEBUG - 2026-08-22 13:39:14,443 - jasper.toolflow.constraints - Setting pin loc: FPGA_REFCLK_BUF1_P AT18
DEBUG - 2026-08-22 13:39:14,443 - jasper.toolflow.constraints - Setting pin iostd: FPGA_REFCLK_BUF1_P LVDS
DEBUG - 2026-08-22 13:39:14,443 - jasper.toolflow.constraints - Attempting to get physical constraints for port FPGA_REFCLK_BUF1_N on FPGA_REFCLK_BUF1_N 
DEBUG - 2026-08-22 13:39:14,443 - jasper.toolflow.constraints - Setting pin loc: FPGA_REFCLK_BUF1_N None
DEBUG - 2026-08-22 13:39:14,443 - jasper.toolflow.constraints - Setting pin iostd: FPGA_REFCLK_BUF1_N LVDS
DEBUG - 2026-08-22 13:39:14,443 - jasper.toolflow.constraints - Attempting to get physical constraints for port PCIE_RST_N on PCIE_RST_N 
DEBUG - 2026-08-22 13:39:14,443 - jasper.toolflow.constraints - Setting pin loc: PCIE_RST_N C18
DEBUG - 2026-08-22 13:39:14,443 - jasper.toolflow.constraints - Setting pin iostd: PCIE_RST_N LVCMOS18
DEBUG - 2026-08-22 13:39:14,443 - jasper.toolflow.constraints - Attempting to get physical constraints for port SPI_MOSI on SPI_MOSI 
DEBUG - 2026-08-22 13:39:14,443 - jasper.toolflow.constraints - Setting pin loc: SPI_MOSI BC20
DEBUG - 2026-08-22 13:39:14,443 - jasper.toolflow.constraints - Setting pin iostd: SPI_MOSI LVCMOS18
DEBUG - 2026-08-22 13:39:14,443 - jasper.toolflow.constraints - Attempting to get physical constraints for port USB_I2C_CTRL on USB_I2C_CTRL 
DEBUG - 2026-08-22 13:39:14,443 - jasper.toolflow.constraints - Setting pin loc: USB_I2C_CTRL AY13
DEBUG - 2026-08-22 13:39:14,443 - jasper.toolflow.constraints - Setting pin iostd: USB_I2C_CTRL LVCMOS18
DEBUG - 2026-08-22 13:39:14,443 - jasper.toolflow.constraints - Attempting to get physical constraints for port DEBUG_UART_RX on DEBUG_UART_RX 
DEBUG - 2026-08-22 13:39:14,443 - jasper.toolflow.constraints - Setting pin loc: DEBUG_UART_RX AV13
DEBUG - 2026-08-22 13:39:14,443 - jasper.toolflow.constraints - Setting pin iostd: DEBUG_UART_RX LVCMOS18
DEBUG - 2026-08-22 13:39:14,443 - jasper.toolflow.constraints - Attempting to get physical constraints for port USB_UART_RXD on USB_UART_RXD 
DEBUG - 2026-08-22 13:39:14,443 - jasper.toolflow.constraints - Setting pin loc: USB_UART_RXD BB16
DEBUG - 2026-08-22 13:39:14,443 - jasper.toolflow.constraints - Setting pin iostd: USB_UART_RXD LVCMOS18
DEBUG - 2026-08-22 13:39:14,443 - jasper.toolflow.constraints - Attempting to get physical constraints for port FAN_CONT_RST_N on FAN_CONT_RST_N 
DEBUG - 2026-08-22 13:39:14,443 - jasper.toolflow.constraints - Setting pin loc: FAN_CONT_RST_N BB22
DEBUG - 2026-08-22 13:39:14,443 - jasper.toolflow.constraints - Setting pin iostd: FAN_CONT_RST_N LVCMOS18
DEBUG - 2026-08-22 13:39:14,443 - jasper.toolflow.constraints - Attempting to get physical constraints for port CPU_SUS_S3_N on CPU_SUS_S3_N 
DEBUG - 2026-08-22 13:39:14,443 - jasper.toolflow.constraints - Setting pin loc: CPU_SUS_S3_N A19
DEBUG - 2026-08-22 13:39:14,443 - jasper.toolflow.constraints - Setting pin iostd: CPU_SUS_S3_N LVCMOS18
DEBUG - 2026-08-22 13:39:14,443 - jasper.toolflow.constraints - Attempting to get physical constraints for port MEZZANINE_COMBINED_FAULT on MEZZANINE_COMBINED_FAULT 
DEBUG - 2026-08-22 13:39:14,443 - jasper.toolflow.constraints - Setting pin loc: MEZZANINE_COMBINED_FAULT BA20
DEBUG - 2026-08-22 13:39:14,443 - jasper.toolflow.constraints - Setting pin iostd: MEZZANINE_COMBINED_FAULT LVCMOS18
DEBUG - 2026-08-22 13:39:14,443 - jasper.toolflow.constraints - Attempting to get physical constraints for port EMCCLK on EMCCLK 
DEBUG - 2026-08-22 13:39:14,443 - jasper.toolflow.constraints - Setting pin loc: EMCCLK BB28
DEBUG - 2026-08-22 13:39:14,443 - jasper.toolflow.constraints - Setting pin iostd: EMCCLK LVCMOS18
DEBUG - 2026-08-22 13:39:14,443 - jasper.toolflow.constraints - Attempting to get physical constraints for port MONITOR_ALERT_N on MONITOR_ALERT_N 
DEBUG - 2026-08-22 13:39:14,443 - jasper.toolflow.constraints - Setting pin loc: MONITOR_ALERT_N BB13
DEBUG - 2026-08-22 13:39:14,443 - jasper.toolflow.constraints - Setting pin iostd: MONITOR_ALERT_N LVCMOS18
DEBUG - 2026-08-22 13:39:14,443 - jasper.toolflow.constraints - Attempting to get physical constraints for port I2C_RESET_FPGA on I2C_RESET_FPGA 
DEBUG - 2026-08-22 13:39:14,443 - jasper.toolflow.constraints - Setting pin loc: I2C_RESET_FPGA BC19
DEBUG - 2026-08-22 13:39:14,443 - jasper.toolflow.constraints - Setting pin iostd: I2C_RESET_FPGA LVCMOS18
DEBUG - 2026-08-22 13:39:14,443 - jasper.toolflow.constraints - Attempting to get physical constraints for port I2C_SDA_FPGA on I2C_SDA_FPGA 
DEBUG - 2026-08-22 13:39:14,443 - jasper.toolflow.constraints - Setting pin loc: I2C_SDA_FPGA BC18
DEBUG - 2026-08-22 13:39:14,443 - jasper.toolflow.constraints - Setting pin iostd: I2C_SDA_FPGA LVCMOS18
DEBUG - 2026-08-22 13:39:14,443 - jasper.toolflow.constraints - Attempting to get physical constraints for port MEZZANINE_3_FAULT_N on MEZZANINE_3_FAULT_N 
DEBUG - 2026-08-22 13:39:14,443 - jasper.toolflow.constraints - Setting pin loc: MEZZANINE_3_FAULT_N AV14
DEBUG - 2026-08-22 13:39:14,443 - jasper.toolflow.constraints - Setting pin iostd: MEZZANINE_3_FAULT_N LVCMOS18
DEBUG - 2026-08-22 13:39:14,443 - jasper.toolflow.constraints - Attempting to get physical constraints for port MEZZANINE_2_FAULT_N on MEZZANINE_2_FAULT_N 
DEBUG - 2026-08-22 13:39:14,443 - jasper.toolflow.constraints - Setting pin loc: MEZZANINE_2_FAULT_N AW14
DEBUG - 2026-08-22 13:39:14,443 - jasper.toolflow.constraints - Setting pin iostd: MEZZANINE_2_FAULT_N LVCMOS18
DEBUG - 2026-08-22 13:39:14,443 - jasper.toolflow.constraints - Attempting to get physical constraints for port MEZZANINE_1_FAULT_N on MEZZANINE_1_FAULT_N 
DEBUG - 2026-08-22 13:39:14,443 - jasper.toolflow.constraints - Setting pin loc: MEZZANINE_1_FAULT_N AY14
DEBUG - 2026-08-22 13:39:14,443 - jasper.toolflow.constraints - Setting pin iostd: MEZZANINE_1_FAULT_N LVCMOS18
DEBUG - 2026-08-22 13:39:14,443 - jasper.toolflow.constraints - Attempting to get physical constraints for port MEZZANINE_0_FAULT_N on MEZZANINE_0_FAULT_N 
DEBUG - 2026-08-22 13:39:14,443 - jasper.toolflow.constraints - Setting pin loc: MEZZANINE_0_FAULT_N BA14
DEBUG - 2026-08-22 13:39:14,443 - jasper.toolflow.constraints - Setting pin iostd: MEZZANINE_0_FAULT_N LVCMOS18
DEBUG - 2026-08-22 13:39:14,443 - jasper.toolflow.constraints - Attempting to get physical constraints for port FAN_CONT_ALERT_N on FAN_CONT_ALERT_N 
DEBUG - 2026-08-22 13:39:14,443 - jasper.toolflow.constraints - Setting pin loc: FAN_CONT_ALERT_N BD22
DEBUG - 2026-08-22 13:39:14,443 - jasper.toolflow.constraints - Setting pin iostd: FAN_CONT_ALERT_N LVCMOS18
DEBUG - 2026-08-22 13:39:14,443 - jasper.toolflow.constraints - Attempting to get physical constraints for port FLASH_CS_N on FLASH_CS_N 
DEBUG - 2026-08-22 13:39:14,443 - jasper.toolflow.constraints - Setting pin loc: FLASH_CS_N BA29
DEBUG - 2026-08-22 13:39:14,443 - jasper.toolflow.constraints - Setting pin iostd: FLASH_CS_N LVCMOS18
DEBUG - 2026-08-22 13:39:14,443 - jasper.toolflow.constraints - Attempting to get physical constraints for port ONE_WIRE_EEPROM_STRONG_PULLUP_EN_N on ONE_WIRE_EEPROM_STRONG_PULLUP_EN_N 
DEBUG - 2026-08-22 13:39:14,443 - jasper.toolflow.constraints - Setting pin loc: ONE_WIRE_EEPROM_STRONG_PULLUP_EN_N BC17
DEBUG - 2026-08-22 13:39:14,443 - jasper.toolflow.constraints - Setting pin iostd: ONE_WIRE_EEPROM_STRONG_PULLUP_EN_N LVCMOS18
DEBUG - 2026-08-22 13:39:14,443 - jasper.toolflow.constraints - Attempting to get physical constraints for port CPU_SUS_STAT_N on CPU_SUS_STAT_N 
DEBUG - 2026-08-22 13:39:14,443 - jasper.toolflow.constraints - Setting pin loc: CPU_SUS_STAT_N B18
DEBUG - 2026-08-22 13:39:14,443 - jasper.toolflow.constraints - Setting pin iostd: CPU_SUS_STAT_N LVCMOS18
DEBUG - 2026-08-22 13:39:14,443 - jasper.toolflow.constraints - Attempting to get physical constraints for port USB_UART_TXD on USB_UART_TXD 
DEBUG - 2026-08-22 13:39:14,443 - jasper.toolflow.constraints - Setting pin loc: USB_UART_TXD BA13
DEBUG - 2026-08-22 13:39:14,443 - jasper.toolflow.constraints - Setting pin iostd: USB_UART_TXD LVCMOS18
DEBUG - 2026-08-22 13:39:14,443 - jasper.toolflow.constraints - Attempting to get physical constraints for port FLASH_ADV_N on FLASH_ADV_N 
DEBUG - 2026-08-22 13:39:14,443 - jasper.toolflow.constraints - Setting pin loc: FLASH_ADV_N AN24
DEBUG - 2026-08-22 13:39:14,443 - jasper.toolflow.constraints - Setting pin iostd: FLASH_ADV_N LVCMOS18
DEBUG - 2026-08-22 13:39:14,443 - jasper.toolflow.constraints - Attempting to get physical constraints for port FAN_CONT_FAULT_N on FAN_CONT_FAULT_N 
DEBUG - 2026-08-22 13:39:14,443 - jasper.toolflow.constraints - Setting pin loc: FAN_CONT_FAULT_N BC22
DEBUG - 2026-08-22 13:39:14,443 - jasper.toolflow.constraints - Setting pin iostd: FAN_CONT_FAULT_N LVCMOS18
DEBUG - 2026-08-22 13:39:14,443 - jasper.toolflow.constraints - Attempting to get physical constraints for port CPU_PWR_OK on CPU_PWR_OK 
DEBUG - 2026-08-22 13:39:14,443 - jasper.toolflow.constraints - Setting pin loc: CPU_PWR_OK A18
DEBUG - 2026-08-22 13:39:14,443 - jasper.toolflow.constraints - Setting pin iostd: CPU_PWR_OK LVCMOS18
DEBUG - 2026-08-22 13:39:14,443 - jasper.toolflow.constraints - Attempting to get physical constraints for port MEZZANINE_3_ENABLE_N on MEZZANINE_3_ENABLE_N 
DEBUG - 2026-08-22 13:39:14,443 - jasper.toolflow.constraints - Setting pin loc: MEZZANINE_3_ENABLE_N C12
DEBUG - 2026-08-22 13:39:14,443 - jasper.toolflow.constraints - Setting pin iostd: MEZZANINE_3_ENABLE_N LVCMOS18
DEBUG - 2026-08-22 13:39:14,443 - jasper.toolflow.constraints - Attempting to get physical constraints for port MEZZANINE_2_ENABLE_N on MEZZANINE_2_ENABLE_N 
DEBUG - 2026-08-22 13:39:14,443 - jasper.toolflow.constraints - Setting pin loc: MEZZANINE_2_ENABLE_N E17
DEBUG - 2026-08-22 13:39:14,443 - jasper.toolflow.constraints - Setting pin iostd: MEZZANINE_2_ENABLE_N LVCMOS18
DEBUG - 2026-08-22 13:39:14,443 - jasper.toolflow.constraints - Attempting to get physical constraints for port MEZZANINE_1_ENABLE_N on MEZZANINE_1_ENABLE_N 
DEBUG - 2026-08-22 13:39:14,443 - jasper.toolflow.constraints - Setting pin loc: MEZZANINE_1_ENABLE_N C17
DEBUG - 2026-08-22 13:39:14,443 - jasper.toolflow.constraints - Setting pin iostd: MEZZANINE_1_ENABLE_N LVCMOS18
DEBUG - 2026-08-22 13:39:14,443 - jasper.toolflow.constraints - Attempting to get physical constraints for port MEZZANINE_0_ENABLE_N on MEZZANINE_0_ENABLE_N 
DEBUG - 2026-08-22 13:39:14,443 - jasper.toolflow.constraints - Setting pin loc: MEZZANINE_0_ENABLE_N B33
DEBUG - 2026-08-22 13:39:14,443 - jasper.toolflow.constraints - Setting pin iostd: MEZZANINE_0_ENABLE_N LVCMOS18
DEBUG - 2026-08-22 13:39:14,443 - jasper.toolflow.constraints - Attempting to get physical constraints for port DEBUG_UART_TX on DEBUG_UART_TX 
DEBUG - 2026-08-22 13:39:14,443 - jasper.toolflow.constraints - Setting pin loc: DEBUG_UART_TX BD20
DEBUG - 2026-08-22 13:39:14,443 - jasper.toolflow.constraints - Setting pin iostd: DEBUG_UART_TX LVCMOS18
DEBUG - 2026-08-22 13:39:14,443 - jasper.toolflow.constraints - Attempting to get physical constraints for port SPARTAN_CLK on SPARTAN_CLK 
DEBUG - 2026-08-22 13:39:14,443 - jasper.toolflow.constraints - Setting pin loc: SPARTAN_CLK BA26
DEBUG - 2026-08-22 13:39:14,443 - jasper.toolflow.constraints - Setting pin iostd: SPARTAN_CLK LVCMOS18
DEBUG - 2026-08-22 13:39:14,443 - jasper.toolflow.constraints - Attempting to get physical constraints for port MEZZANINE_3_RESET on MEZZANINE_3_RESET 
DEBUG - 2026-08-22 13:39:14,443 - jasper.toolflow.constraints - Setting pin loc: MEZZANINE_3_RESET E12
DEBUG - 2026-08-22 13:39:14,443 - jasper.toolflow.constraints - Setting pin iostd: MEZZANINE_3_RESET LVCMOS18
DEBUG - 2026-08-22 13:39:14,443 - jasper.toolflow.constraints - Attempting to get physical constraints for port MEZZANINE_3_SDA_FPGA on MEZZANINE_3_SDA_FPGA 
DEBUG - 2026-08-22 13:39:14,443 - jasper.toolflow.constraints - Setting pin loc: MEZZANINE_3_SDA_FPGA A15
DEBUG - 2026-08-22 13:39:14,443 - jasper.toolflow.constraints - Setting pin iostd: MEZZANINE_3_SDA_FPGA LVCMOS18
DEBUG - 2026-08-22 13:39:14,444 - jasper.toolflow.constraints - Attempting to get physical constraints for port MEZZANINE_2_SDA_FPGA on MEZZANINE_2_SDA_FPGA 
DEBUG - 2026-08-22 13:39:14,444 - jasper.toolflow.constraints - Setting pin loc: MEZZANINE_2_SDA_FPGA BC14
DEBUG - 2026-08-22 13:39:14,444 - jasper.toolflow.constraints - Setting pin iostd: MEZZANINE_2_SDA_FPGA LVCMOS18
DEBUG - 2026-08-22 13:39:14,444 - jasper.toolflow.constraints - Attempting to get physical constraints for port MEZZANINE_1_SDA_FPGA on MEZZANINE_1_SDA_FPGA 
DEBUG - 2026-08-22 13:39:14,444 - jasper.toolflow.constraints - Setting pin loc: MEZZANINE_1_SDA_FPGA BD31
DEBUG - 2026-08-22 13:39:14,444 - jasper.toolflow.constraints - Setting pin iostd: MEZZANINE_1_SDA_FPGA LVCMOS18
DEBUG - 2026-08-22 13:39:14,444 - jasper.toolflow.constraints - Attempting to get physical constraints for port MEZZANINE_0_SDA_FPGA on MEZZANINE_0_SDA_FPGA 
DEBUG - 2026-08-22 13:39:14,444 - jasper.toolflow.constraints - Setting pin loc: MEZZANINE_0_SDA_FPGA A30
DEBUG - 2026-08-22 13:39:14,444 - jasper.toolflow.constraints - Setting pin iostd: MEZZANINE_0_SDA_FPGA LVCMOS18
DEBUG - 2026-08-22 13:39:14,444 - jasper.toolflow.constraints - Attempting to get physical constraints for port CPU_SUS_S4_N on CPU_SUS_S4_N 
DEBUG - 2026-08-22 13:39:14,444 - jasper.toolflow.constraints - Setting pin loc: CPU_SUS_S4_N B16
DEBUG - 2026-08-22 13:39:14,444 - jasper.toolflow.constraints - Setting pin iostd: CPU_SUS_S4_N LVCMOS18
DEBUG - 2026-08-22 13:39:14,444 - jasper.toolflow.constraints - Attempting to get physical constraints for port FLASH_WAIT on FLASH_WAIT 
DEBUG - 2026-08-22 13:39:14,444 - jasper.toolflow.constraints - Setting pin loc: FLASH_WAIT BD26
DEBUG - 2026-08-22 13:39:14,444 - jasper.toolflow.constraints - Setting pin iostd: FLASH_WAIT LVCMOS18
DEBUG - 2026-08-22 13:39:14,444 - jasper.toolflow.constraints - Attempting to get physical constraints for port FPGA_ATX_PSU_KILL on FPGA_ATX_PSU_KILL 
DEBUG - 2026-08-22 13:39:14,444 - jasper.toolflow.constraints - Setting pin loc: FPGA_ATX_PSU_KILL BD10
DEBUG - 2026-08-22 13:39:14,444 - jasper.toolflow.constraints - Setting pin iostd: FPGA_ATX_PSU_KILL LVCMOS18
DEBUG - 2026-08-22 13:39:14,444 - jasper.toolflow.constraints - Attempting to get physical constraints for port CPU_PWR_BTN_N on CPU_PWR_BTN_N 
DEBUG - 2026-08-22 13:39:14,444 - jasper.toolflow.constraints - Setting pin loc: CPU_PWR_BTN_N BD11
DEBUG - 2026-08-22 13:39:14,444 - jasper.toolflow.constraints - Setting pin iostd: CPU_PWR_BTN_N LVCMOS18
DEBUG - 2026-08-22 13:39:14,444 - jasper.toolflow.constraints - Attempting to get physical constraints for port FLASH_OE_N on FLASH_OE_N 
DEBUG - 2026-08-22 13:39:14,444 - jasper.toolflow.constraints - Setting pin loc: FLASH_OE_N AL24
DEBUG - 2026-08-22 13:39:14,444 - jasper.toolflow.constraints - Setting pin iostd: FLASH_OE_N LVCMOS18
DEBUG - 2026-08-22 13:39:14,444 - jasper.toolflow.constraints - Attempting to get physical constraints for port MEZZANINE_3_ONE_WIRE on MEZZANINE_3_ONE_WIRE 
DEBUG - 2026-08-22 13:39:14,444 - jasper.toolflow.constraints - Setting pin loc: MEZZANINE_3_ONE_WIRE A13
DEBUG - 2026-08-22 13:39:14,444 - jasper.toolflow.constraints - Setting pin iostd: MEZZANINE_3_ONE_WIRE LVCMOS18
DEBUG - 2026-08-22 13:39:14,444 - jasper.toolflow.constraints - Attempting to get physical constraints for port MEZZANINE_2_ONE_WIRE on MEZZANINE_2_ONE_WIRE 
DEBUG - 2026-08-22 13:39:14,444 - jasper.toolflow.constraints - Setting pin loc: MEZZANINE_2_ONE_WIRE BB10
DEBUG - 2026-08-22 13:39:14,444 - jasper.toolflow.constraints - Setting pin iostd: MEZZANINE_2_ONE_WIRE LVCMOS18
DEBUG - 2026-08-22 13:39:14,444 - jasper.toolflow.constraints - Attempting to get physical constraints for port MEZZANINE_1_ONE_WIRE on MEZZANINE_1_ONE_WIRE 
DEBUG - 2026-08-22 13:39:14,444 - jasper.toolflow.constraints - Setting pin loc: MEZZANINE_1_ONE_WIRE BC34
DEBUG - 2026-08-22 13:39:14,444 - jasper.toolflow.constraints - Setting pin iostd: MEZZANINE_1_ONE_WIRE LVCMOS18
DEBUG - 2026-08-22 13:39:14,444 - jasper.toolflow.constraints - Attempting to get physical constraints for port MEZZANINE_0_ONE_WIRE on MEZZANINE_0_ONE_WIRE 
DEBUG - 2026-08-22 13:39:14,444 - jasper.toolflow.constraints - Setting pin loc: MEZZANINE_0_ONE_WIRE B32
DEBUG - 2026-08-22 13:39:14,444 - jasper.toolflow.constraints - Setting pin iostd: MEZZANINE_0_ONE_WIRE LVCMOS18
DEBUG - 2026-08-22 13:39:14,444 - jasper.toolflow.constraints - Attempting to get physical constraints for port FLASH_RS1 on FLASH_RS1 
DEBUG - 2026-08-22 13:39:14,444 - jasper.toolflow.constraints - Setting pin loc: FLASH_RS1 AJ25
DEBUG - 2026-08-22 13:39:14,444 - jasper.toolflow.constraints - Setting pin iostd: FLASH_RS1 LVCMOS18
DEBUG - 2026-08-22 13:39:14,444 - jasper.toolflow.constraints - Attempting to get physical constraints for port FLASH_RS0 on FLASH_RS0 
DEBUG - 2026-08-22 13:39:14,444 - jasper.toolflow.constraints - Setting pin loc: FLASH_RS0 AJ26
DEBUG - 2026-08-22 13:39:14,444 - jasper.toolflow.constraints - Setting pin iostd: FLASH_RS0 LVCMOS18
DEBUG - 2026-08-22 13:39:14,444 - jasper.toolflow.constraints - Attempting to get physical constraints for port CPU_SYS_RESET_N on CPU_SYS_RESET_N 
DEBUG - 2026-08-22 13:39:14,444 - jasper.toolflow.constraints - Setting pin loc: CPU_SYS_RESET_N BC10
DEBUG - 2026-08-22 13:39:14,444 - jasper.toolflow.constraints - Setting pin iostd: CPU_SYS_RESET_N LVCMOS18
DEBUG - 2026-08-22 13:39:14,444 - jasper.toolflow.constraints - Attempting to get physical constraints for port MEZZANINE_3_CLK_SEL on MEZZANINE_3_CLK_SEL 
DEBUG - 2026-08-22 13:39:14,444 - jasper.toolflow.constraints - Setting pin loc: MEZZANINE_3_CLK_SEL B12
DEBUG - 2026-08-22 13:39:14,444 - jasper.toolflow.constraints - Setting pin iostd: MEZZANINE_3_CLK_SEL LVCMOS18
DEBUG - 2026-08-22 13:39:14,444 - jasper.toolflow.constraints - Attempting to get physical constraints for port CPU_SUS_S5_N on CPU_SUS_S5_N 
DEBUG - 2026-08-22 13:39:14,444 - jasper.toolflow.constraints - Setting pin loc: CPU_SUS_S5_N B17
DEBUG - 2026-08-22 13:39:14,444 - jasper.toolflow.constraints - Setting pin iostd: CPU_SUS_S5_N LVCMOS18
DEBUG - 2026-08-22 13:39:14,444 - jasper.toolflow.constraints - Attempting to get physical constraints for port CONFIG_IO_0 on CONFIG_IO_0 
DEBUG - 2026-08-22 13:39:14,444 - jasper.toolflow.constraints - Setting pin loc: CONFIG_IO_0 BB26
DEBUG - 2026-08-22 13:39:14,444 - jasper.toolflow.constraints - Setting pin iostd: CONFIG_IO_0 LVCMOS18
DEBUG - 2026-08-22 13:39:14,444 - jasper.toolflow.constraints - Attempting to get physical constraints for port CONFIG_IO_1 on CONFIG_IO_1 
DEBUG - 2026-08-22 13:39:14,444 - jasper.toolflow.constraints - Setting pin loc: CONFIG_IO_1 BB25
DEBUG - 2026-08-22 13:39:14,444 - jasper.toolflow.constraints - Setting pin iostd: CONFIG_IO_1 LVCMOS18
DEBUG - 2026-08-22 13:39:14,444 - jasper.toolflow.constraints - Attempting to get physical constraints for port CONFIG_IO_2 on CONFIG_IO_2 
DEBUG - 2026-08-22 13:39:14,444 - jasper.toolflow.constraints - Setting pin loc: CONFIG_IO_2 BC25
DEBUG - 2026-08-22 13:39:14,444 - jasper.toolflow.constraints - Setting pin iostd: CONFIG_IO_2 LVCMOS18
DEBUG - 2026-08-22 13:39:14,444 - jasper.toolflow.constraints - Attempting to get physical constraints for port CONFIG_IO_3 on CONFIG_IO_3 
DEBUG - 2026-08-22 13:39:14,444 - jasper.toolflow.constraints - Setting pin loc: CONFIG_IO_3 BD25
DEBUG - 2026-08-22 13:39:14,444 - jasper.toolflow.constraints - Setting pin iostd: CONFIG_IO_3 LVCMOS18
DEBUG - 2026-08-22 13:39:14,444 - jasper.toolflow.constraints - Attempting to get physical constraints for port CONFIG_IO_4 on CONFIG_IO_4 
DEBUG - 2026-08-22 13:39:14,444 - jasper.toolflow.constraints - Setting pin loc: CONFIG_IO_4 AY24
DEBUG - 2026-08-22 13:39:14,444 - jasper.toolflow.constraints - Setting pin iostd: CONFIG_IO_4 LVCMOS18
DEBUG - 2026-08-22 13:39:14,444 - jasper.toolflow.constraints - Attempting to get physical constraints for port CONFIG_IO_5 on CONFIG_IO_5 
DEBUG - 2026-08-22 13:39:14,444 - jasper.toolflow.constraints - Setting pin loc: CONFIG_IO_5 BA24
DEBUG - 2026-08-22 13:39:14,444 - jasper.toolflow.constraints - Setting pin iostd: CONFIG_IO_5 LVCMOS18
DEBUG - 2026-08-22 13:39:14,444 - jasper.toolflow.constraints - Attempting to get physical constraints for port CONFIG_IO_6 on CONFIG_IO_6 
DEBUG - 2026-08-22 13:39:14,444 - jasper.toolflow.constraints - Setting pin loc: CONFIG_IO_6 BC24
DEBUG - 2026-08-22 13:39:14,444 - jasper.toolflow.constraints - Setting pin iostd: CONFIG_IO_6 LVCMOS18
DEBUG - 2026-08-22 13:39:14,444 - jasper.toolflow.constraints - Attempting to get physical constraints for port CONFIG_IO_7 on CONFIG_IO_7 
DEBUG - 2026-08-22 13:39:14,444 - jasper.toolflow.constraints - Setting pin loc: CONFIG_IO_7 BD24
DEBUG - 2026-08-22 13:39:14,444 - jasper.toolflow.constraints - Setting pin iostd: CONFIG_IO_7 LVCMOS18
DEBUG - 2026-08-22 13:39:14,444 - jasper.toolflow.constraints - Attempting to get physical constraints for port CONFIG_IO_8 on CONFIG_IO_8 
DEBUG - 2026-08-22 13:39:14,444 - jasper.toolflow.constraints - Setting pin loc: CONFIG_IO_8 AY23
DEBUG - 2026-08-22 13:39:14,444 - jasper.toolflow.constraints - Setting pin iostd: CONFIG_IO_8 LVCMOS18
DEBUG - 2026-08-22 13:39:14,444 - jasper.toolflow.constraints - Attempting to get physical constraints for port CONFIG_IO_9 on CONFIG_IO_9 
DEBUG - 2026-08-22 13:39:14,444 - jasper.toolflow.constraints - Setting pin loc: CONFIG_IO_9 BA23
DEBUG - 2026-08-22 13:39:14,444 - jasper.toolflow.constraints - Setting pin iostd: CONFIG_IO_9 LVCMOS18
DEBUG - 2026-08-22 13:39:14,444 - jasper.toolflow.constraints - Attempting to get physical constraints for port CONFIG_IO_10 on CONFIG_IO_10 
DEBUG - 2026-08-22 13:39:14,444 - jasper.toolflow.constraints - Setting pin loc: CONFIG_IO_10 BB23
DEBUG - 2026-08-22 13:39:14,444 - jasper.toolflow.constraints - Setting pin iostd: CONFIG_IO_10 LVCMOS18
DEBUG - 2026-08-22 13:39:14,444 - jasper.toolflow.constraints - Attempting to get physical constraints for port CONFIG_IO_11 on CONFIG_IO_11 
DEBUG - 2026-08-22 13:39:14,444 - jasper.toolflow.constraints - Setting pin loc: CONFIG_IO_11 BC23
DEBUG - 2026-08-22 13:39:14,444 - jasper.toolflow.constraints - Setting pin iostd: CONFIG_IO_11 LVCMOS18
DEBUG - 2026-08-22 13:39:14,444 - jasper.toolflow.constraints - Attempting to get physical constraints for port FPGA_LEDS on led 
DEBUG - 2026-08-22 13:39:14,444 - jasper.toolflow.constraints - Setting pin loc: FPGA_LEDS A29
DEBUG - 2026-08-22 13:39:14,444 - jasper.toolflow.constraints - Setting pin iostd: FPGA_LEDS LVCMOS18
DEBUG - 2026-08-22 13:39:14,444 - jasper.toolflow.constraints - Setting pin loc: FPGA_LEDS C29
DEBUG - 2026-08-22 13:39:14,444 - jasper.toolflow.constraints - Setting pin iostd: FPGA_LEDS LVCMOS18
DEBUG - 2026-08-22 13:39:14,444 - jasper.toolflow.constraints - Setting pin loc: FPGA_LEDS D29
DEBUG - 2026-08-22 13:39:14,444 - jasper.toolflow.constraints - Setting pin iostd: FPGA_LEDS LVCMOS18
DEBUG - 2026-08-22 13:39:14,444 - jasper.toolflow.constraints - Setting pin loc: FPGA_LEDS E29
DEBUG - 2026-08-22 13:39:14,444 - jasper.toolflow.constraints - Setting pin iostd: FPGA_LEDS LVCMOS18
DEBUG - 2026-08-22 13:39:14,444 - jasper.toolflow.constraints - Setting pin loc: FPGA_LEDS A28
DEBUG - 2026-08-22 13:39:14,444 - jasper.toolflow.constraints - Setting pin iostd: FPGA_LEDS LVCMOS18
DEBUG - 2026-08-22 13:39:14,444 - jasper.toolflow.constraints - Setting pin loc: FPGA_LEDS B28
DEBUG - 2026-08-22 13:39:14,444 - jasper.toolflow.constraints - Setting pin iostd: FPGA_LEDS LVCMOS18
DEBUG - 2026-08-22 13:39:14,444 - jasper.toolflow.constraints - Setting pin loc: FPGA_LEDS C28
DEBUG - 2026-08-22 13:39:14,444 - jasper.toolflow.constraints - Setting pin iostd: FPGA_LEDS LVCMOS18
DEBUG - 2026-08-22 13:39:14,444 - jasper.toolflow.constraints - Setting pin loc: FPGA_LEDS E28
DEBUG - 2026-08-22 13:39:14,445 - jasper.toolflow.constraints - Setting pin iostd: FPGA_LEDS LVCMOS18
DEBUG - 2026-08-22 13:39:14,445 - jasper.toolflow - Opening /skarab/tutorials_devel/skarab/mlib_devel/jasper_library/hdl_sources/skarab/core_info.tab
DEBUG - 2026-08-22 13:39:14,445 - jasper.toolflow - Adding core_info.tab entry for tx_one_gbe
DEBUG - 2026-08-22 13:39:14,445 - jasper.toolflow - Adding core_info.tab entry for d3_ss_bram
DEBUG - 2026-08-22 13:39:14,445 - jasper.toolflow - Adding core_info.tab entry for d4_ss_bram
DEBUG - 2026-08-22 13:39:14,445 - jasper.toolflow - Adding core_info.tab entry for d5_ss_bram
DEBUG - 2026-08-22 13:39:14,445 - jasper.toolflow - Adding core_info.tab entry for input_fir_bram
DEBUG - 2026-08-22 13:39:14,445 - jasper.toolflow - Adding core_info.tab entry for output_fir_bram
DEBUG - 2026-08-22 13:39:14,445 - jasper.toolflow - Adding core_info.tab entry for pkt_ctrs1_ss_bram
DEBUG - 2026-08-22 13:39:14,445 - jasper.toolflow - Adding core_info.tab entry for pkt_ctrs_compare1_ss_bram
DEBUG - 2026-08-22 13:39:14,445 - jasper.toolflow - Adding core_info.tab entry for addr_data_fifo
DEBUG - 2026-08-22 13:39:14,445 - jasper.toolflow - Adding core_info.tab entry for addr_data_gbe
DEBUG - 2026-08-22 13:39:14,445 - jasper.toolflow - Adding core_info.tab entry for clk_mhz
DEBUG - 2026-08-22 13:39:14,445 - jasper.toolflow - Adding core_info.tab entry for d3_ss_ctrl
DEBUG - 2026-08-22 13:39:14,445 - jasper.toolflow - Adding core_info.tab entry for d3_ss_status
DEBUG - 2026-08-22 13:39:14,445 - jasper.toolflow - Adding core_info.tab entry for d4_ss_ctrl
DEBUG - 2026-08-22 13:39:14,445 - jasper.toolflow - Adding core_info.tab entry for d4_ss_status
DEBUG - 2026-08-22 13:39:14,445 - jasper.toolflow - Adding core_info.tab entry for d5_ss_ctrl
DEBUG - 2026-08-22 13:39:14,445 - jasper.toolflow - Adding core_info.tab entry for d5_ss_status
DEBUG - 2026-08-22 13:39:14,445 - jasper.toolflow - Adding core_info.tab entry for data_rx_valmir
DEBUG - 2026-08-22 13:39:14,445 - jasper.toolflow - Adding core_info.tab entry for debug_rx_data_mem_fifo
DEBUG - 2026-08-22 13:39:14,445 - jasper.toolflow - Adding core_info.tab entry for debug_rx_data_mem_gbe
DEBUG - 2026-08-22 13:39:14,445 - jasper.toolflow - Adding core_info.tab entry for dec_factor
DEBUG - 2026-08-22 13:39:14,445 - jasper.toolflow - Adding core_info.tab entry for err_marker1
DEBUG - 2026-08-22 13:39:14,445 - jasper.toolflow - Adding core_info.tab entry for err_pkt_ctr1
DEBUG - 2026-08-22 13:39:14,445 - jasper.toolflow - Adding core_info.tab entry for err_pkt_ctr_step1
DEBUG - 2026-08-22 13:39:14,445 - jasper.toolflow - Adding core_info.tab entry for err_ramp1
DEBUG - 2026-08-22 13:39:14,445 - jasper.toolflow - Adding core_info.tab entry for err_valid_raw1
DEBUG - 2026-08-22 13:39:14,445 - jasper.toolflow - Adding core_info.tab entry for err_walk1
DEBUG - 2026-08-22 13:39:14,445 - jasper.toolflow - Adding core_info.tab entry for input_fir_ctrl
DEBUG - 2026-08-22 13:39:14,445 - jasper.toolflow - Adding core_info.tab entry for input_fir_status
DEBUG - 2026-08-22 13:39:14,445 - jasper.toolflow - Adding core_info.tab entry for input_fir_trig_offset
DEBUG - 2026-08-22 13:39:14,445 - jasper.toolflow - Adding core_info.tab entry for output_fir_ctrl
DEBUG - 2026-08-22 13:39:14,445 - jasper.toolflow - Adding core_info.tab entry for output_fir_status
DEBUG - 2026-08-22 13:39:14,445 - jasper.toolflow - Adding core_info.tab entry for output_fir_trig_offset
DEBUG - 2026-08-22 13:39:14,445 - jasper.toolflow - Adding core_info.tab entry for pkt_ctrs1_ss_ctrl
DEBUG - 2026-08-22 13:39:14,445 - jasper.toolflow - Adding core_info.tab entry for pkt_ctrs1_ss_status
DEBUG - 2026-08-22 13:39:14,445 - jasper.toolflow - Adding core_info.tab entry for pkt_ctrs_compare1_ss_ctrl
DEBUG - 2026-08-22 13:39:14,445 - jasper.toolflow - Adding core_info.tab entry for pkt_ctrs_compare1_ss_status
DEBUG - 2026-08-22 13:39:14,445 - jasper.toolflow - Adding core_info.tab entry for read_gbe_or_fifo
DEBUG - 2026-08-22 13:39:14,445 - jasper.toolflow - Adding core_info.tab entry for rx_badframe1
DEBUG - 2026-08-22 13:39:14,445 - jasper.toolflow - Adding core_info.tab entry for rx_control1
DEBUG - 2026-08-22 13:39:14,445 - jasper.toolflow - Adding core_info.tab entry for rx_eof1
DEBUG - 2026-08-22 13:39:14,445 - jasper.toolflow - Adding core_info.tab entry for rx_overrun1
DEBUG - 2026-08-22 13:39:14,445 - jasper.toolflow - Adding core_info.tab entry for rx_valid1
DEBUG - 2026-08-22 13:39:14,445 - jasper.toolflow - Adding core_info.tab entry for tx_afull1
DEBUG - 2026-08-22 13:39:14,445 - jasper.toolflow - Adding core_info.tab entry for tx_control
DEBUG - 2026-08-22 13:39:14,445 - jasper.toolflow - Adding core_info.tab entry for tx_overflow1
DEBUG - 2026-08-22 13:39:14,445 - jasper.toolflow - Adding core_info.tab entry for vaild_rx_valmir1
DEBUG - 2026-08-22 13:39:14,445 - jasper.toolflow - Adding core_info.tab entry for sys_block
DEBUG - 2026-08-22 13:39:14,445 - jasper.toolflow - Opening /skarab/tutorials_devel/skarab/mlib_devel/jasper_library/hdl_sources/skarab/core_info.tab
DEBUG - 2026-08-22 13:39:14,445 - jasper.toolflow - Opening /skarab/tutorials_devel/skarab/mlib_devel/jasper_library/hdl_sources/skarab/core_info.jam.tab
DEBUG - 2026-08-22 13:39:14,445 - jasper.toolflow - Adding core_info.jam.tab entry for tx_one_gbe
DEBUG - 2026-08-22 13:39:14,445 - jasper.toolflow - Adding core_info.jam.tab entry for d3_ss_bram
DEBUG - 2026-08-22 13:39:14,445 - jasper.toolflow - Adding core_info.jam.tab entry for d4_ss_bram
DEBUG - 2026-08-22 13:39:14,445 - jasper.toolflow - Adding core_info.jam.tab entry for d5_ss_bram
DEBUG - 2026-08-22 13:39:14,445 - jasper.toolflow - Adding core_info.jam.tab entry for input_fir_bram
DEBUG - 2026-08-22 13:39:14,445 - jasper.toolflow - Adding core_info.jam.tab entry for output_fir_bram
DEBUG - 2026-08-22 13:39:14,445 - jasper.toolflow - Adding core_info.jam.tab entry for pkt_ctrs1_ss_bram
DEBUG - 2026-08-22 13:39:14,445 - jasper.toolflow - Adding core_info.jam.tab entry for pkt_ctrs_compare1_ss_bram
DEBUG - 2026-08-22 13:39:14,445 - jasper.toolflow - Adding core_info.jam.tab entry for addr_data_fifo
DEBUG - 2026-08-22 13:39:14,445 - jasper.toolflow - Adding core_info.jam.tab entry for addr_data_gbe
DEBUG - 2026-08-22 13:39:14,445 - jasper.toolflow - Adding core_info.jam.tab entry for clk_mhz
DEBUG - 2026-08-22 13:39:14,445 - jasper.toolflow - Adding core_info.jam.tab entry for d3_ss_ctrl
DEBUG - 2026-08-22 13:39:14,445 - jasper.toolflow - Adding core_info.jam.tab entry for d3_ss_status
DEBUG - 2026-08-22 13:39:14,445 - jasper.toolflow - Adding core_info.jam.tab entry for d4_ss_ctrl
DEBUG - 2026-08-22 13:39:14,445 - jasper.toolflow - Adding core_info.jam.tab entry for d4_ss_status
DEBUG - 2026-08-22 13:39:14,445 - jasper.toolflow - Adding core_info.jam.tab entry for d5_ss_ctrl
DEBUG - 2026-08-22 13:39:14,445 - jasper.toolflow - Adding core_info.jam.tab entry for d5_ss_status
DEBUG - 2026-08-22 13:39:14,445 - jasper.toolflow - Adding core_info.jam.tab entry for data_rx_valmir
DEBUG - 2026-08-22 13:39:14,445 - jasper.toolflow - Adding core_info.jam.tab entry for debug_rx_data_mem_fifo
DEBUG - 2026-08-22 13:39:14,445 - jasper.toolflow - Adding core_info.jam.tab entry for debug_rx_data_mem_gbe
DEBUG - 2026-08-22 13:39:14,445 - jasper.toolflow - Adding core_info.jam.tab entry for dec_factor
DEBUG - 2026-08-22 13:39:14,445 - jasper.toolflow - Adding core_info.jam.tab entry for err_marker1
DEBUG - 2026-08-22 13:39:14,445 - jasper.toolflow - Adding core_info.jam.tab entry for err_pkt_ctr1
DEBUG - 2026-08-22 13:39:14,446 - jasper.toolflow - Adding core_info.jam.tab entry for err_pkt_ctr_step1
DEBUG - 2026-08-22 13:39:14,446 - jasper.toolflow - Adding core_info.jam.tab entry for err_ramp1
DEBUG - 2026-08-22 13:39:14,446 - jasper.toolflow - Adding core_info.jam.tab entry for err_valid_raw1
DEBUG - 2026-08-22 13:39:14,446 - jasper.toolflow - Adding core_info.jam.tab entry for err_walk1
DEBUG - 2026-08-22 13:39:14,446 - jasper.toolflow - Adding core_info.jam.tab entry for input_fir_ctrl
DEBUG - 2026-08-22 13:39:14,446 - jasper.toolflow - Adding core_info.jam.tab entry for input_fir_status
DEBUG - 2026-08-22 13:39:14,446 - jasper.toolflow - Adding core_info.jam.tab entry for input_fir_trig_offset
DEBUG - 2026-08-22 13:39:14,446 - jasper.toolflow - Adding core_info.jam.tab entry for output_fir_ctrl
DEBUG - 2026-08-22 13:39:14,446 - jasper.toolflow - Adding core_info.jam.tab entry for output_fir_status
DEBUG - 2026-08-22 13:39:14,446 - jasper.toolflow - Adding core_info.jam.tab entry for output_fir_trig_offset
DEBUG - 2026-08-22 13:39:14,446 - jasper.toolflow - Adding core_info.jam.tab entry for pkt_ctrs1_ss_ctrl
DEBUG - 2026-08-22 13:39:14,446 - jasper.toolflow - Adding core_info.jam.tab entry for pkt_ctrs1_ss_status
DEBUG - 2026-08-22 13:39:14,446 - jasper.toolflow - Adding core_info.jam.tab entry for pkt_ctrs_compare1_ss_ctrl
DEBUG - 2026-08-22 13:39:14,446 - jasper.toolflow - Adding core_info.jam.tab entry for pkt_ctrs_compare1_ss_status
DEBUG - 2026-08-22 13:39:14,446 - jasper.toolflow - Adding core_info.jam.tab entry for read_gbe_or_fifo
DEBUG - 2026-08-22 13:39:14,446 - jasper.toolflow - Adding core_info.jam.tab entry for rx_badframe1
DEBUG - 2026-08-22 13:39:14,446 - jasper.toolflow - Adding core_info.jam.tab entry for rx_control1
DEBUG - 2026-08-22 13:39:14,446 - jasper.toolflow - Adding core_info.jam.tab entry for rx_eof1
DEBUG - 2026-08-22 13:39:14,446 - jasper.toolflow - Adding core_info.jam.tab entry for rx_overrun1
DEBUG - 2026-08-22 13:39:14,446 - jasper.toolflow - Adding core_info.jam.tab entry for rx_valid1
DEBUG - 2026-08-22 13:39:14,446 - jasper.toolflow - Adding core_info.jam.tab entry for tx_afull1
DEBUG - 2026-08-22 13:39:14,446 - jasper.toolflow - Adding core_info.jam.tab entry for tx_control
DEBUG - 2026-08-22 13:39:14,446 - jasper.toolflow - Adding core_info.jam.tab entry for tx_overflow1
DEBUG - 2026-08-22 13:39:14,446 - jasper.toolflow - Adding core_info.jam.tab entry for vaild_rx_valmir1
DEBUG - 2026-08-22 13:39:14,446 - jasper.toolflow - Adding core_info.jam.tab entry for sys_block
DEBUG - 2026-08-22 13:39:14,446 - jasper.toolflow - Opening /skarab/tutorials_devel/skarab/mlib_devel/jasper_library/hdl_sources/skarab/core_info.jam.tab
INFO - 2026-08-22 13:39:14,476 - jasper.toolflow - Carrying out constraints rule check
INFO - 2026-08-22 13:39:14,476 - jasper.toolflow - Constraint rule check complete
DEBUG - 2026-08-22 13:39:14,582 - jasper.toolflow.backend - Adding tcl command: puts "Starting tcl script"
DEBUG - 2026-08-22 13:39:14,582 - jasper.toolflow.backend - Adding tcl command: create_project -f myproj /skarab/projetos/skarab-gbe-control/fpgs/ethernet_one_gbe_skarab_control/ethernet_one_gbe_skarab_axi/myproj -part xc7vx690tffg1927-2
DEBUG - 2026-08-22 13:39:14,582 - jasper.toolflow.backend - Adding tcl command: set_property target_language VHDL [current_project]
DEBUG - 2026-08-22 13:39:14,790 - jasper.toolflow.backend - Adding source file: /skarab/projetos/skarab-gbe-control/fpgs/ethernet_one_gbe_skarab_control/ethernet_one_gbe_skarab_axi/top.v
DEBUG - 2026-08-22 13:39:14,790 - jasper.toolflow.backend - Adding tcl command: import_files -force /skarab/projetos/skarab-gbe-control/fpgs/ethernet_one_gbe_skarab_control/ethernet_one_gbe_skarab_axi/top.v
DEBUG - 2026-08-22 13:39:14,790 - jasper.toolflow.backend - Adding source file: /skarab/tutorials_devel/skarab/mlib_devel/jasper_library/hdl_sources/wb_register_ppc2simulink
DEBUG - 2026-08-22 13:39:14,790 - jasper.toolflow.backend - Adding tcl command: import_files -force /skarab/tutorials_devel/skarab/mlib_devel/jasper_library/hdl_sources/wb_register_ppc2simulink
DEBUG - 2026-08-22 13:39:14,790 - jasper.toolflow.backend - Adding source file: /skarab/tutorials_devel/skarab/mlib_devel/jasper_library/hdl_sources/wb_register_simulink2ppc
DEBUG - 2026-08-22 13:39:14,790 - jasper.toolflow.backend - Adding tcl command: import_files -force /skarab/tutorials_devel/skarab/mlib_devel/jasper_library/hdl_sources/wb_register_simulink2ppc
DEBUG - 2026-08-22 13:39:14,790 - jasper.toolflow.backend - Adding source file: /skarab/tutorials_devel/skarab/mlib_devel/jasper_library/hdl_sources/wb_bram
DEBUG - 2026-08-22 13:39:14,790 - jasper.toolflow.backend - Adding tcl command: import_files -force /skarab/tutorials_devel/skarab/mlib_devel/jasper_library/hdl_sources/wb_bram
DEBUG - 2026-08-22 13:39:14,790 - jasper.toolflow.backend - Adding source file: /skarab/tutorials_devel/skarab/mlib_devel/jasper_library/hdl_sources/skarab_one_gbe/SKA_10GBE_MAC
DEBUG - 2026-08-22 13:39:14,790 - jasper.toolflow.backend - Adding tcl command: import_files -force /skarab/tutorials_devel/skarab/mlib_devel/jasper_library/hdl_sources/skarab_one_gbe/SKA_10GBE_MAC
DEBUG - 2026-08-22 13:39:14,790 - jasper.toolflow.backend - Adding source file: /skarab/tutorials_devel/skarab/mlib_devel/jasper_library/hdl_sources/skarab_one_gbe/xaui_to_gmii_fifo/xaui_to_gmii_fifo.xci
DEBUG - 2026-08-22 13:39:14,790 - jasper.toolflow.backend - Adding tcl command: import_files -force /skarab/tutorials_devel/skarab/mlib_devel/jasper_library/hdl_sources/skarab_one_gbe/xaui_to_gmii_fifo/xaui_to_gmii_fifo.xci
DEBUG - 2026-08-22 13:39:14,790 - jasper.toolflow.backend - Adding source file: /skarab/tutorials_devel/skarab/mlib_devel/jasper_library/hdl_sources/skarab_one_gbe/gmii_to_xaui_fifo/gmii_to_xaui_fifo.xci
DEBUG - 2026-08-22 13:39:14,790 - jasper.toolflow.backend - Adding tcl command: import_files -force /skarab/tutorials_devel/skarab/mlib_devel/jasper_library/hdl_sources/skarab_one_gbe/gmii_to_xaui_fifo/gmii_to_xaui_fifo.xci
DEBUG - 2026-08-22 13:39:14,790 - jasper.toolflow.backend - Adding source file: /skarab/tutorials_devel/skarab/mlib_devel/jasper_library/hdl_sources/skarab_one_gbe/gmii_to_sgmii/gmii_to_sgmii.xci
DEBUG - 2026-08-22 13:39:14,790 - jasper.toolflow.backend - Adding tcl command: import_files -force /skarab/tutorials_devel/skarab/mlib_devel/jasper_library/hdl_sources/skarab_one_gbe/gmii_to_sgmii/gmii_to_sgmii.xci
DEBUG - 2026-08-22 13:39:14,790 - jasper.toolflow.backend - Adding source file: /skarab/tutorials_devel/skarab/mlib_devel/jasper_library/hdl_sources/skarab_one_gbe/one_gbe.vhd
DEBUG - 2026-08-22 13:39:14,790 - jasper.toolflow.backend - Adding tcl command: import_files -force /skarab/tutorials_devel/skarab/mlib_devel/jasper_library/hdl_sources/skarab_one_gbe/one_gbe.vhd
DEBUG - 2026-08-22 13:39:14,790 - jasper.toolflow.backend - Adding source file: /skarab/tutorials_devel/skarab/mlib_devel/jasper_library/hdl_sources/skarab_one_gbe/gmii_to_xaui_translator.vhd
DEBUG - 2026-08-22 13:39:14,790 - jasper.toolflow.backend - Adding tcl command: import_files -force /skarab/tutorials_devel/skarab/mlib_devel/jasper_library/hdl_sources/skarab_one_gbe/gmii_to_xaui_translator.vhd
DEBUG - 2026-08-22 13:39:14,790 - jasper.toolflow.backend - Adding source file: /skarab/tutorials_devel/skarab/mlib_devel/jasper_library/hdl_sources/skarab_one_gbe/xaui_to_gmii_translator.vhd
DEBUG - 2026-08-22 13:39:14,790 - jasper.toolflow.backend - Adding tcl command: import_files -force /skarab/tutorials_devel/skarab/mlib_devel/jasper_library/hdl_sources/skarab_one_gbe/xaui_to_gmii_translator.vhd
DEBUG - 2026-08-22 13:39:14,790 - jasper.toolflow.backend - Adding source file: /skarab/tutorials_devel/skarab/mlib_devel/jasper_library/hdl_sources/skarab_one_gbe/tx_fifo_ext/tx_fifo_ext.xci
DEBUG - 2026-08-22 13:39:14,790 - jasper.toolflow.backend - Adding tcl command: import_files -force /skarab/tutorials_devel/skarab/mlib_devel/jasper_library/hdl_sources/skarab_one_gbe/tx_fifo_ext/tx_fifo_ext.xci
DEBUG - 2026-08-22 13:39:14,790 - jasper.toolflow.backend - Adding source file: /skarab/tutorials_devel/skarab/mlib_devel/jasper_library/hdl_sources/skarab_one_gbe/tx_data_fifo_ext/tx_data_fifo_ext.xci
DEBUG - 2026-08-22 13:39:14,790 - jasper.toolflow.backend - Adding tcl command: import_files -force /skarab/tutorials_devel/skarab/mlib_devel/jasper_library/hdl_sources/skarab_one_gbe/tx_data_fifo_ext/tx_data_fifo_ext.xci
DEBUG - 2026-08-22 13:39:14,790 - jasper.toolflow.backend - Adding source file: /skarab/tutorials_devel/skarab/mlib_devel/jasper_library/hdl_sources/skarab_one_gbe/cpu_buffer/cpu_buffer.xci
DEBUG - 2026-08-22 13:39:14,790 - jasper.toolflow.backend - Adding tcl command: import_files -force /skarab/tutorials_devel/skarab/mlib_devel/jasper_library/hdl_sources/skarab_one_gbe/cpu_buffer/cpu_buffer.xci
DEBUG - 2026-08-22 13:39:14,790 - jasper.toolflow.backend - Adding source file: /skarab/tutorials_devel/skarab/mlib_devel/jasper_library/hdl_sources/skarab_one_gbe/tx_packet_fifo/tx_packet_fifo.xci
DEBUG - 2026-08-22 13:39:14,790 - jasper.toolflow.backend - Adding tcl command: import_files -force /skarab/tutorials_devel/skarab/mlib_devel/jasper_library/hdl_sources/skarab_one_gbe/tx_packet_fifo/tx_packet_fifo.xci
DEBUG - 2026-08-22 13:39:14,790 - jasper.toolflow.backend - Adding source file: /skarab/tutorials_devel/skarab/mlib_devel/jasper_library/hdl_sources/skarab_one_gbe/tx_packet_ctrl_fifo/tx_packet_ctrl_fifo.xci
DEBUG - 2026-08-22 13:39:14,790 - jasper.toolflow.backend - Adding tcl command: import_files -force /skarab/tutorials_devel/skarab/mlib_devel/jasper_library/hdl_sources/skarab_one_gbe/tx_packet_ctrl_fifo/tx_packet_ctrl_fifo.xci
DEBUG - 2026-08-22 13:39:14,790 - jasper.toolflow.backend - Adding source file: /skarab/tutorials_devel/skarab/mlib_devel/jasper_library/hdl_sources/skarab_one_gbe/rx_packet_fifo_bram/rx_packet_fifo_bram.xci
DEBUG - 2026-08-22 13:39:14,790 - jasper.toolflow.backend - Adding tcl command: import_files -force /skarab/tutorials_devel/skarab/mlib_devel/jasper_library/hdl_sources/skarab_one_gbe/rx_packet_fifo_bram/rx_packet_fifo_bram.xci
DEBUG - 2026-08-22 13:39:14,790 - jasper.toolflow.backend - Adding source file: /skarab/tutorials_devel/skarab/mlib_devel/jasper_library/hdl_sources/skarab_one_gbe/rx_packet_ctrl_fifo/rx_packet_ctrl_fifo.xci
DEBUG - 2026-08-22 13:39:14,790 - jasper.toolflow.backend - Adding tcl command: import_files -force /skarab/tutorials_devel/skarab/mlib_devel/jasper_library/hdl_sources/skarab_one_gbe/rx_packet_ctrl_fifo/rx_packet_ctrl_fifo.xci
DEBUG - 2026-08-22 13:39:14,790 - jasper.toolflow.backend - Adding source file: /skarab/tutorials_devel/skarab/mlib_devel/jasper_library/hdl_sources/skarab_one_gbe/packet_byte_count_fifo/packet_byte_count_fifo.xci
DEBUG - 2026-08-22 13:39:14,790 - jasper.toolflow.backend - Adding tcl command: import_files -force /skarab/tutorials_devel/skarab/mlib_devel/jasper_library/hdl_sources/skarab_one_gbe/packet_byte_count_fifo/packet_byte_count_fifo.xci
DEBUG - 2026-08-22 13:39:14,790 - jasper.toolflow.backend - Adding source file: /skarab/tutorials_devel/skarab/mlib_devel/jasper_library/hdl_sources/skarab_infr/skarab_infr.vhd
DEBUG - 2026-08-22 13:39:14,790 - jasper.toolflow.backend - Adding tcl command: import_files -force /skarab/tutorials_devel/skarab/mlib_devel/jasper_library/hdl_sources/skarab_infr/skarab_infr.vhd
DEBUG - 2026-08-22 13:39:14,790 - jasper.toolflow.backend - Adding source file: /skarab/tutorials_devel/skarab/mlib_devel/jasper_library/hdl_sources/wbs_arbiter/wbs_arbiter.v
DEBUG - 2026-08-22 13:39:14,790 - jasper.toolflow.backend - Adding tcl command: import_files -force /skarab/tutorials_devel/skarab/mlib_devel/jasper_library/hdl_sources/wbs_arbiter/wbs_arbiter.v
DEBUG - 2026-08-22 13:39:14,790 - jasper.toolflow.backend - Adding source file: /skarab/tutorials_devel/skarab/mlib_devel/jasper_library/hdl_sources/wbs_arbiter/timeout.v
DEBUG - 2026-08-22 13:39:14,790 - jasper.toolflow.backend - Adding tcl command: import_files -force /skarab/tutorials_devel/skarab/mlib_devel/jasper_library/hdl_sources/wbs_arbiter/timeout.v
DEBUG - 2026-08-22 13:39:14,790 - jasper.toolflow.backend - Adding source file: /skarab/tutorials_devel/skarab/mlib_devel/jasper_library/hdl_sources/skarab_infr/WISHBONE
DEBUG - 2026-08-22 13:39:14,790 - jasper.toolflow.backend - Adding tcl command: import_files -force /skarab/tutorials_devel/skarab/mlib_devel/jasper_library/hdl_sources/skarab_infr/WISHBONE
DEBUG - 2026-08-22 13:39:14,790 - jasper.toolflow.backend - Adding source file: /skarab/tutorials_devel/skarab/mlib_devel/jasper_library/hdl_sources/skarab_infr/cont_microblaze/cont_microblaze.bd
DEBUG - 2026-08-22 13:39:14,790 - jasper.toolflow.backend - Adding tcl command: import_files -force /skarab/tutorials_devel/skarab/mlib_devel/jasper_library/hdl_sources/skarab_infr/cont_microblaze/cont_microblaze.bd
DEBUG - 2026-08-22 13:39:14,790 - jasper.toolflow.backend - Adding source file: /skarab/tutorials_devel/skarab/mlib_devel/jasper_library/hdl_sources/skarab_infr/cont_microblaze/hdl/cont_microblaze_wrapper.vhd
DEBUG - 2026-08-22 13:39:14,790 - jasper.toolflow.backend - Adding tcl command: import_files -force /skarab/tutorials_devel/skarab/mlib_devel/jasper_library/hdl_sources/skarab_infr/cont_microblaze/hdl/cont_microblaze_wrapper.vhd
DEBUG - 2026-08-22 13:39:14,790 - jasper.toolflow.backend - Adding source file: /skarab/tutorials_devel/skarab/mlib_devel/jasper_library/hdl_sources/skarab_infr/cont_microblaze/EMB123701U1R1.elf
DEBUG - 2026-08-22 13:39:14,790 - jasper.toolflow.backend - Adding tcl command: import_files -force /skarab/tutorials_devel/skarab/mlib_devel/jasper_library/hdl_sources/skarab_infr/cont_microblaze/EMB123701U1R1.elf
DEBUG - 2026-08-22 13:39:14,790 - jasper.toolflow.backend - Adding source file: /skarab/tutorials_devel/skarab/mlib_devel/jasper_library/hdl_sources/skarab_infr/xadc_measurement/xadc_measurement.xci
DEBUG - 2026-08-22 13:39:14,790 - jasper.toolflow.backend - Adding tcl command: import_files -force /skarab/tutorials_devel/skarab/mlib_devel/jasper_library/hdl_sources/skarab_infr/xadc_measurement/xadc_measurement.xci
DEBUG - 2026-08-22 13:39:14,790 - jasper.toolflow.backend - Adding source file: /skarab/tutorials_devel/skarab/mlib_devel/jasper_library/hdl_sources/skarab_infr/counter.v
DEBUG - 2026-08-22 13:39:14,790 - jasper.toolflow.backend - Adding tcl command: import_files -force /skarab/tutorials_devel/skarab/mlib_devel/jasper_library/hdl_sources/skarab_infr/counter.v
DEBUG - 2026-08-22 13:39:14,790 - jasper.toolflow.backend - Adding source file: /skarab/tutorials_devel/skarab/mlib_devel/jasper_library/hdl_sources/skarab_infr/rate_counter.v
DEBUG - 2026-08-22 13:39:14,790 - jasper.toolflow.backend - Adding tcl command: import_files -force /skarab/tutorials_devel/skarab/mlib_devel/jasper_library/hdl_sources/skarab_infr/rate_counter.v
DEBUG - 2026-08-22 13:39:14,790 - jasper.toolflow.backend - Adding source file: /skarab/tutorials_devel/skarab/mlib_devel/jasper_library/hdl_sources/skarab_infr/mezzanine_enable_delay.vhd
DEBUG - 2026-08-22 13:39:14,790 - jasper.toolflow.backend - Adding tcl command: import_files -force /skarab/tutorials_devel/skarab/mlib_devel/jasper_library/hdl_sources/skarab_infr/mezzanine_enable_delay.vhd
DEBUG - 2026-08-22 13:39:14,790 - jasper.toolflow.backend - Adding source file: /skarab/tutorials_devel/skarab/mlib_devel/jasper_library/hdl_sources/skarab_infr/clock_frequency_measure.vhd
DEBUG - 2026-08-22 13:39:14,790 - jasper.toolflow.backend - Adding tcl command: import_files -force /skarab/tutorials_devel/skarab/mlib_devel/jasper_library/hdl_sources/skarab_infr/clock_frequency_measure.vhd
DEBUG - 2026-08-22 13:39:14,790 - jasper.toolflow.backend - Adding source file: /skarab/tutorials_devel/skarab/mlib_devel/jasper_library/hdl_sources/skarab_infr/skarab_parameters.vhd
DEBUG - 2026-08-22 13:39:14,791 - jasper.toolflow.backend - Adding tcl command: import_files -force /skarab/tutorials_devel/skarab/mlib_devel/jasper_library/hdl_sources/skarab_infr/skarab_parameters.vhd
DEBUG - 2026-08-22 13:39:14,791 - jasper.toolflow.backend - Adding source file: /skarab/tutorials_devel/skarab/mlib_devel/jasper_library/hdl_sources/skarab_infr/isp_spi_programmer.vhd
DEBUG - 2026-08-22 13:39:14,791 - jasper.toolflow.backend - Adding tcl command: import_files -force /skarab/tutorials_devel/skarab/mlib_devel/jasper_library/hdl_sources/skarab_infr/isp_spi_programmer.vhd
DEBUG - 2026-08-22 13:39:14,791 - jasper.toolflow.backend - Adding source file: /skarab/tutorials_devel/skarab/mlib_devel/jasper_library/hdl_sources/skarab_infr/FPGA_DNA_CHECKER.vhd
DEBUG - 2026-08-22 13:39:14,791 - jasper.toolflow.backend - Adding tcl command: import_files -force /skarab/tutorials_devel/skarab/mlib_devel/jasper_library/hdl_sources/skarab_infr/FPGA_DNA_CHECKER.vhd
DEBUG - 2026-08-22 13:39:14,791 - jasper.toolflow.backend - Adding source file: /skarab/tutorials_devel/skarab/mlib_devel/jasper_library/hdl_sources/skarab_infr/led_manager.vhd
DEBUG - 2026-08-22 13:39:14,791 - jasper.toolflow.backend - Adding tcl command: import_files -force /skarab/tutorials_devel/skarab/mlib_devel/jasper_library/hdl_sources/skarab_infr/led_manager.vhd
DEBUG - 2026-08-22 13:39:14,791 - jasper.toolflow.backend - Adding source file: /skarab/tutorials_devel/skarab/mlib_devel/jasper_library/hdl_sources/skarab_infr/strobe_gen.vhd
DEBUG - 2026-08-22 13:39:14,791 - jasper.toolflow.backend - Adding tcl command: import_files -force /skarab/tutorials_devel/skarab/mlib_devel/jasper_library/hdl_sources/skarab_infr/strobe_gen.vhd
DEBUG - 2026-08-22 13:39:14,791 - jasper.toolflow.backend - Adding source file: /skarab/tutorials_devel/skarab/mlib_devel/jasper_library/hdl_sources/skarab_infr/i2c_master_top.vhd
DEBUG - 2026-08-22 13:39:14,791 - jasper.toolflow.backend - Adding tcl command: import_files -force /skarab/tutorials_devel/skarab/mlib_devel/jasper_library/hdl_sources/skarab_infr/i2c_master_top.vhd
DEBUG - 2026-08-22 13:39:14,791 - jasper.toolflow.backend - Adding source file: /skarab/tutorials_devel/skarab/mlib_devel/jasper_library/hdl_sources/skarab_infr/i2c_master_bit_ctrl.vhd
DEBUG - 2026-08-22 13:39:14,791 - jasper.toolflow.backend - Adding tcl command: import_files -force /skarab/tutorials_devel/skarab/mlib_devel/jasper_library/hdl_sources/skarab_infr/i2c_master_bit_ctrl.vhd
DEBUG - 2026-08-22 13:39:14,791 - jasper.toolflow.backend - Adding source file: /skarab/tutorials_devel/skarab/mlib_devel/jasper_library/hdl_sources/skarab_infr/i2c_master_byte_ctrl.vhd
DEBUG - 2026-08-22 13:39:14,791 - jasper.toolflow.backend - Adding tcl command: import_files -force /skarab/tutorials_devel/skarab/mlib_devel/jasper_library/hdl_sources/skarab_infr/i2c_master_byte_ctrl.vhd
DEBUG - 2026-08-22 13:39:14,791 - jasper.toolflow.backend - Adding source file: /skarab/tutorials_devel/skarab/mlib_devel/jasper_library/hdl_sources/skarab_infr/second_gen.vhd
DEBUG - 2026-08-22 13:39:14,791 - jasper.toolflow.backend - Adding tcl command: import_files -force /skarab/tutorials_devel/skarab/mlib_devel/jasper_library/hdl_sources/skarab_infr/second_gen.vhd
DEBUG - 2026-08-22 13:39:14,791 - jasper.toolflow.backend - Adding source file: /skarab/tutorials_devel/skarab/mlib_devel/jasper_library/hdl_sources/skarab_infr/icape_controller.vhd
DEBUG - 2026-08-22 13:39:14,791 - jasper.toolflow.backend - Adding tcl command: import_files -force /skarab/tutorials_devel/skarab/mlib_devel/jasper_library/hdl_sources/skarab_infr/icape_controller.vhd
DEBUG - 2026-08-22 13:39:14,791 - jasper.toolflow.backend - Adding source file: /skarab/tutorials_devel/skarab/mlib_devel/jasper_library/hdl_sources/skarab_infr/sockit_owm.sv
DEBUG - 2026-08-22 13:39:14,791 - jasper.toolflow.backend - Adding tcl command: import_files -force /skarab/tutorials_devel/skarab/mlib_devel/jasper_library/hdl_sources/skarab_infr/sockit_owm.sv
DEBUG - 2026-08-22 13:39:14,791 - jasper.toolflow.backend - Adding source file: /skarab/tutorials_devel/skarab/mlib_devel/jasper_library/hdl_sources/skarab_infr/cross_clock_fifo_36x16/cross_clock_fifo_36x16.xci
DEBUG - 2026-08-22 13:39:14,791 - jasper.toolflow.backend - Adding tcl command: import_files -force /skarab/tutorials_devel/skarab/mlib_devel/jasper_library/hdl_sources/skarab_infr/cross_clock_fifo_36x16/cross_clock_fifo_36x16.xci
DEBUG - 2026-08-22 13:39:14,791 - jasper.toolflow.backend - Adding source file: /skarab/tutorials_devel/skarab/mlib_devel/jasper_library/hdl_sources/skarab_infr/cross_clock_fifo_wb_out_73x16/cross_clock_fifo_wb_out_73x16.xci
DEBUG - 2026-08-22 13:39:14,791 - jasper.toolflow.backend - Adding tcl command: import_files -force /skarab/tutorials_devel/skarab/mlib_devel/jasper_library/hdl_sources/skarab_infr/cross_clock_fifo_wb_out_73x16/cross_clock_fifo_wb_out_73x16.xci
DEBUG - 2026-08-22 13:39:14,791 - jasper.toolflow.backend - Adding source file: /skarab/tutorials_devel/skarab/mlib_devel/jasper_library/hdl_sources/skarab_infr/common_clock_fifo_32x16/common_clock_fifo_32x16.xci
DEBUG - 2026-08-22 13:39:14,791 - jasper.toolflow.backend - Adding tcl command: import_files -force /skarab/tutorials_devel/skarab/mlib_devel/jasper_library/hdl_sources/skarab_infr/common_clock_fifo_32x16/common_clock_fifo_32x16.xci
DEBUG - 2026-08-22 13:39:14,791 - jasper.toolflow.backend - Adding source file: /skarab/tutorials_devel/skarab/mlib_devel/jasper_library/hdl_sources/forty_gbe/ska_cpu_buffer/ska_cpu_buffer.xci
DEBUG - 2026-08-22 13:39:14,791 - jasper.toolflow.backend - Adding tcl command: import_files -force /skarab/tutorials_devel/skarab/mlib_devel/jasper_library/hdl_sources/forty_gbe/ska_cpu_buffer/ska_cpu_buffer.xci
DEBUG - 2026-08-22 13:39:14,791 - jasper.toolflow.backend - Adding source file: /skarab/tutorials_devel/skarab/mlib_devel/jasper_library/hdl_sources/forty_gbe/arp_cache/arp_cache.xci
DEBUG - 2026-08-22 13:39:14,791 - jasper.toolflow.backend - Adding tcl command: import_files -force /skarab/tutorials_devel/skarab/mlib_devel/jasper_library/hdl_sources/forty_gbe/arp_cache/arp_cache.xci
DEBUG - 2026-08-22 13:39:14,791 - jasper.toolflow.backend - Adding source file: /skarab/tutorials_devel/skarab/mlib_devel/jasper_library/hdl_sources/forty_gbe/arp_cache/arp_cache.coe
DEBUG - 2026-08-22 13:39:14,791 - jasper.toolflow.backend - Adding tcl command: import_files -force /skarab/tutorials_devel/skarab/mlib_devel/jasper_library/hdl_sources/forty_gbe/arp_cache/arp_cache.coe
DEBUG - 2026-08-22 13:39:14,791 - jasper.toolflow.backend - Adding source file: /skarab/tutorials_devel/skarab/mlib_devel/jasper_library/hdl_sources/skarab_infr/isp_spi_buffer/isp_spi_buffer.xci
DEBUG - 2026-08-22 13:39:14,791 - jasper.toolflow.backend - Adding tcl command: import_files -force /skarab/tutorials_devel/skarab/mlib_devel/jasper_library/hdl_sources/skarab_infr/isp_spi_buffer/isp_spi_buffer.xci
DEBUG - 2026-08-22 13:39:14,791 - jasper.toolflow.backend - Adding source file: /skarab/tutorials_devel/skarab/mlib_devel/jasper_library/hdl_sources/sys_block
DEBUG - 2026-08-22 13:39:14,791 - jasper.toolflow.backend - Adding tcl command: import_files -force /skarab/tutorials_devel/skarab/mlib_devel/jasper_library/hdl_sources/sys_block
DEBUG - 2026-08-22 13:39:14,791 - jasper.toolflow.backend - Adding source file: /skarab/projetos/skarab-gbe-control/fpgs/ethernet_one_gbe_skarab_control/ethernet_one_gbe_skarab_axi/sysgen/hdl_netlist/ethernet_one_gbe_skarab_axi.srcs/sources_1/imports/sysgen
DEBUG - 2026-08-22 13:39:14,791 - jasper.toolflow.backend - Adding tcl command: import_files -force /skarab/projetos/skarab-gbe-control/fpgs/ethernet_one_gbe_skarab_control/ethernet_one_gbe_skarab_axi/sysgen/hdl_netlist/ethernet_one_gbe_skarab_axi.srcs/sources_1/imports/sysgen
DEBUG - 2026-08-22 13:39:14,791 - jasper.toolflow.backend - Adding source file: /skarab/projetos/skarab-gbe-control/fpgs/ethernet_one_gbe_skarab_control/ethernet_one_gbe_skarab_axi/sysgen/hdl_netlist/ethernet_one_gbe_skarab_axi.srcs/sources_1/ip/ethernet_one_gbe_skarab_axi_c_counter_binary_v12_0_i8/ethernet_one_gbe_skarab_axi_c_counter_binary_v12_0_i8.xci
DEBUG - 2026-08-22 13:39:14,791 - jasper.toolflow.backend - Adding tcl command: import_files -force /skarab/projetos/skarab-gbe-control/fpgs/ethernet_one_gbe_skarab_control/ethernet_one_gbe_skarab_axi/sysgen/hdl_netlist/ethernet_one_gbe_skarab_axi.srcs/sources_1/ip/ethernet_one_gbe_skarab_axi_c_counter_binary_v12_0_i8/ethernet_one_gbe_skarab_axi_c_counter_binary_v12_0_i8.xci
DEBUG - 2026-08-22 13:39:14,791 - jasper.toolflow.backend - Adding source file: /skarab/projetos/skarab-gbe-control/fpgs/ethernet_one_gbe_skarab_control/ethernet_one_gbe_skarab_axi/sysgen/hdl_netlist/ethernet_one_gbe_skarab_axi.srcs/sources_1/ip/ethernet_one_gbe_skarab_axi_c_counter_binary_v12_0_i5/ethernet_one_gbe_skarab_axi_c_counter_binary_v12_0_i5.xci
DEBUG - 2026-08-22 13:39:14,791 - jasper.toolflow.backend - Adding tcl command: import_files -force /skarab/projetos/skarab-gbe-control/fpgs/ethernet_one_gbe_skarab_control/ethernet_one_gbe_skarab_axi/sysgen/hdl_netlist/ethernet_one_gbe_skarab_axi.srcs/sources_1/ip/ethernet_one_gbe_skarab_axi_c_counter_binary_v12_0_i5/ethernet_one_gbe_skarab_axi_c_counter_binary_v12_0_i5.xci
DEBUG - 2026-08-22 13:39:14,791 - jasper.toolflow.backend - Adding source file: /skarab/projetos/skarab-gbe-control/fpgs/ethernet_one_gbe_skarab_control/ethernet_one_gbe_skarab_axi/sysgen/hdl_netlist/ethernet_one_gbe_skarab_axi.srcs/sources_1/ip/ethernet_one_gbe_skarab_axi_c_counter_binary_v12_0_i1/ethernet_one_gbe_skarab_axi_c_counter_binary_v12_0_i1.xci
DEBUG - 2026-08-22 13:39:14,791 - jasper.toolflow.backend - Adding tcl command: import_files -force /skarab/projetos/skarab-gbe-control/fpgs/ethernet_one_gbe_skarab_control/ethernet_one_gbe_skarab_axi/sysgen/hdl_netlist/ethernet_one_gbe_skarab_axi.srcs/sources_1/ip/ethernet_one_gbe_skarab_axi_c_counter_binary_v12_0_i1/ethernet_one_gbe_skarab_axi_c_counter_binary_v12_0_i1.xci
DEBUG - 2026-08-22 13:39:14,791 - jasper.toolflow.backend - Adding source file: /skarab/projetos/skarab-gbe-control/fpgs/ethernet_one_gbe_skarab_control/ethernet_one_gbe_skarab_axi/sysgen/hdl_netlist/ethernet_one_gbe_skarab_axi.srcs/sources_1/ip/ethernet_one_gbe_skarab_axi_c_counter_binary_v12_0_i2/ethernet_one_gbe_skarab_axi_c_counter_binary_v12_0_i2.xci
DEBUG - 2026-08-22 13:39:14,791 - jasper.toolflow.backend - Adding tcl command: import_files -force /skarab/projetos/skarab-gbe-control/fpgs/ethernet_one_gbe_skarab_control/ethernet_one_gbe_skarab_axi/sysgen/hdl_netlist/ethernet_one_gbe_skarab_axi.srcs/sources_1/ip/ethernet_one_gbe_skarab_axi_c_counter_binary_v12_0_i2/ethernet_one_gbe_skarab_axi_c_counter_binary_v12_0_i2.xci
DEBUG - 2026-08-22 13:39:14,791 - jasper.toolflow.backend - Adding source file: /skarab/projetos/skarab-gbe-control/fpgs/ethernet_one_gbe_skarab_control/ethernet_one_gbe_skarab_axi/sysgen/hdl_netlist/ethernet_one_gbe_skarab_axi.srcs/sources_1/ip/ethernet_one_gbe_skarab_axi_c_counter_binary_v12_0_i3/ethernet_one_gbe_skarab_axi_c_counter_binary_v12_0_i3.xci
DEBUG - 2026-08-22 13:39:14,791 - jasper.toolflow.backend - Adding tcl command: import_files -force /skarab/projetos/skarab-gbe-control/fpgs/ethernet_one_gbe_skarab_control/ethernet_one_gbe_skarab_axi/sysgen/hdl_netlist/ethernet_one_gbe_skarab_axi.srcs/sources_1/ip/ethernet_one_gbe_skarab_axi_c_counter_binary_v12_0_i3/ethernet_one_gbe_skarab_axi_c_counter_binary_v12_0_i3.xci
DEBUG - 2026-08-22 13:39:14,791 - jasper.toolflow.backend - Adding source file: /skarab/projetos/skarab-gbe-control/fpgs/ethernet_one_gbe_skarab_control/ethernet_one_gbe_skarab_axi/sysgen/hdl_netlist/ethernet_one_gbe_skarab_axi.srcs/sources_1/ip/ethernet_one_gbe_skarab_axi_c_counter_binary_v12_0_i0/ethernet_one_gbe_skarab_axi_c_counter_binary_v12_0_i0.xci
DEBUG - 2026-08-22 13:39:14,791 - jasper.toolflow.backend - Adding tcl command: import_files -force /skarab/projetos/skarab-gbe-control/fpgs/ethernet_one_gbe_skarab_control/ethernet_one_gbe_skarab_axi/sysgen/hdl_netlist/ethernet_one_gbe_skarab_axi.srcs/sources_1/ip/ethernet_one_gbe_skarab_axi_c_counter_binary_v12_0_i0/ethernet_one_gbe_skarab_axi_c_counter_binary_v12_0_i0.xci
DEBUG - 2026-08-22 13:39:14,791 - jasper.toolflow.backend - Adding source file: /skarab/projetos/skarab-gbe-control/fpgs/ethernet_one_gbe_skarab_control/ethernet_one_gbe_skarab_axi/sysgen/hdl_netlist/ethernet_one_gbe_skarab_axi.srcs/sources_1/ip/ethernet_one_gbe_skarab_axi_c_counter_binary_v12_0_i4/ethernet_one_gbe_skarab_axi_c_counter_binary_v12_0_i4.xci
DEBUG - 2026-08-22 13:39:14,791 - jasper.toolflow.backend - Adding tcl command: import_files -force /skarab/projetos/skarab-gbe-control/fpgs/ethernet_one_gbe_skarab_control/ethernet_one_gbe_skarab_axi/sysgen/hdl_netlist/ethernet_one_gbe_skarab_axi.srcs/sources_1/ip/ethernet_one_gbe_skarab_axi_c_counter_binary_v12_0_i4/ethernet_one_gbe_skarab_axi_c_counter_binary_v12_0_i4.xci
DEBUG - 2026-08-22 13:39:14,791 - jasper.toolflow.backend - Adding source file: /skarab/projetos/skarab-gbe-control/fpgs/ethernet_one_gbe_skarab_control/ethernet_one_gbe_skarab_axi/sysgen/hdl_netlist/ethernet_one_gbe_skarab_axi.srcs/sources_1/ip/ethernet_one_gbe_skarab_axi_fir_compiler_v7_2_i0/ethernet_one_gbe_skarab_axi_fir_compiler_v7_2_i0.xci
DEBUG - 2026-08-22 13:39:14,791 - jasper.toolflow.backend - Adding tcl command: import_files -force /skarab/projetos/skarab-gbe-control/fpgs/ethernet_one_gbe_skarab_control/ethernet_one_gbe_skarab_axi/sysgen/hdl_netlist/ethernet_one_gbe_skarab_axi.srcs/sources_1/ip/ethernet_one_gbe_skarab_axi_fir_compiler_v7_2_i0/ethernet_one_gbe_skarab_axi_fir_compiler_v7_2_i0.xci
DEBUG - 2026-08-22 13:39:14,791 - jasper.toolflow.backend - Adding source file: /skarab/projetos/skarab-gbe-control/fpgs/ethernet_one_gbe_skarab_control/ethernet_one_gbe_skarab_axi/sysgen/hdl_netlist/ethernet_one_gbe_skarab_axi.srcs/sources_1/ip/ethernet_one_gbe_skarab_axi_c_counter_binary_v12_0_i7/ethernet_one_gbe_skarab_axi_c_counter_binary_v12_0_i7.xci
DEBUG - 2026-08-22 13:39:14,791 - jasper.toolflow.backend - Adding tcl command: import_files -force /skarab/projetos/skarab-gbe-control/fpgs/ethernet_one_gbe_skarab_control/ethernet_one_gbe_skarab_axi/sysgen/hdl_netlist/ethernet_one_gbe_skarab_axi.srcs/sources_1/ip/ethernet_one_gbe_skarab_axi_c_counter_binary_v12_0_i7/ethernet_one_gbe_skarab_axi_c_counter_binary_v12_0_i7.xci
DEBUG - 2026-08-22 13:39:14,791 - jasper.toolflow.backend - Adding source file: /skarab/projetos/skarab-gbe-control/fpgs/ethernet_one_gbe_skarab_control/ethernet_one_gbe_skarab_axi/sysgen/hdl_netlist/ethernet_one_gbe_skarab_axi.srcs/sources_1/ip/ethernet_one_gbe_skarab_axi_c_addsub_v12_0_i0/ethernet_one_gbe_skarab_axi_c_addsub_v12_0_i0.xci
DEBUG - 2026-08-22 13:39:14,791 - jasper.toolflow.backend - Adding tcl command: import_files -force /skarab/projetos/skarab-gbe-control/fpgs/ethernet_one_gbe_skarab_control/ethernet_one_gbe_skarab_axi/sysgen/hdl_netlist/ethernet_one_gbe_skarab_axi.srcs/sources_1/ip/ethernet_one_gbe_skarab_axi_c_addsub_v12_0_i0/ethernet_one_gbe_skarab_axi_c_addsub_v12_0_i0.xci
DEBUG - 2026-08-22 13:39:14,791 - jasper.toolflow.backend - Adding source file: /skarab/projetos/skarab-gbe-control/fpgs/ethernet_one_gbe_skarab_control/ethernet_one_gbe_skarab_axi/sysgen/hdl_netlist/ethernet_one_gbe_skarab_axi.srcs/sources_1/ip/ethernet_one_gbe_skarab_axi_c_counter_binary_v12_0_i6/ethernet_one_gbe_skarab_axi_c_counter_binary_v12_0_i6.xci
DEBUG - 2026-08-22 13:39:14,791 - jasper.toolflow.backend - Adding tcl command: import_files -force /skarab/projetos/skarab-gbe-control/fpgs/ethernet_one_gbe_skarab_control/ethernet_one_gbe_skarab_axi/sysgen/hdl_netlist/ethernet_one_gbe_skarab_axi.srcs/sources_1/ip/ethernet_one_gbe_skarab_axi_c_counter_binary_v12_0_i6/ethernet_one_gbe_skarab_axi_c_counter_binary_v12_0_i6.xci
DEBUG - 2026-08-22 13:39:14,791 - jasper.toolflow.backend - Adding source file: /skarab/projetos/skarab-gbe-control/fpgs/ethernet_one_gbe_skarab_control/ethernet_one_gbe_skarab_axi/wbs_master_arbiter.v
DEBUG - 2026-08-22 13:39:14,791 - jasper.toolflow.backend - Adding tcl command: import_files -force /skarab/projetos/skarab-gbe-control/fpgs/ethernet_one_gbe_skarab_control/ethernet_one_gbe_skarab_axi/wbs_master_arbiter.v
INFO - 2026-08-22 13:39:14,791 - jasper.toolflow.backend - parsing constraint <castro.PinConstraint object at 0x7fae53b09460>
DEBUG - 2026-08-22 13:39:14,791 - jasper.toolflow.backend - New PortConstraint instance found: ONE_GBE_SGMII_RX_P -> ONE_GBE_SGMII_RX_P
DEBUG - 2026-08-22 13:39:14,791 - jasper.toolflow.backend - Getting loc for port index 0
DEBUG - 2026-08-22 13:39:14,791 - jasper.toolflow.backend - LOC constraint found at A6
DEBUG - 2026-08-22 13:39:14,791 - jasper.toolflow.backend - Getting iostd for port index 0
INFO - 2026-08-22 13:39:14,791 - jasper.toolflow.backend - parsing constraint <castro.PinConstraint object at 0x7fae53b09490>
DEBUG - 2026-08-22 13:39:14,791 - jasper.toolflow.backend - New PortConstraint instance found: ONE_GBE_SGMII_RX_N -> ONE_GBE_SGMII_RX_N
DEBUG - 2026-08-22 13:39:14,791 - jasper.toolflow.backend - Getting loc for port index 0
DEBUG - 2026-08-22 13:39:14,791 - jasper.toolflow.backend - LOC constraint found at A5
DEBUG - 2026-08-22 13:39:14,791 - jasper.toolflow.backend - Getting iostd for port index 0
INFO - 2026-08-22 13:39:14,791 - jasper.toolflow.backend - parsing constraint <castro.PinConstraint object at 0x7fae53b094c0>
DEBUG - 2026-08-22 13:39:14,791 - jasper.toolflow.backend - New PortConstraint instance found: ONE_GBE_SGMII_TX_P -> ONE_GBE_SGMII_TX_P
DEBUG - 2026-08-22 13:39:14,791 - jasper.toolflow.backend - Getting loc for port index 0
DEBUG - 2026-08-22 13:39:14,792 - jasper.toolflow.backend - LOC constraint found at B4
DEBUG - 2026-08-22 13:39:14,792 - jasper.toolflow.backend - Getting iostd for port index 0
INFO - 2026-08-22 13:39:14,792 - jasper.toolflow.backend - parsing constraint <castro.PinConstraint object at 0x7fae53b094f0>
DEBUG - 2026-08-22 13:39:14,792 - jasper.toolflow.backend - New PortConstraint instance found: ONE_GBE_SGMII_TX_N -> ONE_GBE_SGMII_TX_N
DEBUG - 2026-08-22 13:39:14,792 - jasper.toolflow.backend - Getting loc for port index 0
DEBUG - 2026-08-22 13:39:14,792 - jasper.toolflow.backend - LOC constraint found at B3
DEBUG - 2026-08-22 13:39:14,792 - jasper.toolflow.backend - Getting iostd for port index 0
INFO - 2026-08-22 13:39:14,792 - jasper.toolflow.backend - parsing constraint <castro.PinConstraint object at 0x7fae53b09520>
DEBUG - 2026-08-22 13:39:14,792 - jasper.toolflow.backend - New PortConstraint instance found: ONE_GBE_MGTREFCLK_N -> ONE_GBE_MGTREFCLK_N
DEBUG - 2026-08-22 13:39:14,792 - jasper.toolflow.backend - Getting loc for port index 0
DEBUG - 2026-08-22 13:39:14,792 - jasper.toolflow.backend - LOC constraint found at A9
DEBUG - 2026-08-22 13:39:14,792 - jasper.toolflow.backend - Getting iostd for port index 0
INFO - 2026-08-22 13:39:14,792 - jasper.toolflow.backend - parsing constraint <castro.PinConstraint object at 0x7fae53b09550>
DEBUG - 2026-08-22 13:39:14,792 - jasper.toolflow.backend - New PortConstraint instance found: ONE_GBE_MGTREFCLK_P -> ONE_GBE_MGTREFCLK_P
DEBUG - 2026-08-22 13:39:14,792 - jasper.toolflow.backend - Getting loc for port index 0
DEBUG - 2026-08-22 13:39:14,792 - jasper.toolflow.backend - LOC constraint found at A10
DEBUG - 2026-08-22 13:39:14,792 - jasper.toolflow.backend - Getting iostd for port index 0
INFO - 2026-08-22 13:39:14,792 - jasper.toolflow.backend - parsing constraint <castro.PinConstraint object at 0x7fae53b09580>
DEBUG - 2026-08-22 13:39:14,792 - jasper.toolflow.backend - New PortConstraint instance found: ONE_GBE_RESET_N -> ONE_GBE_RESET_N
DEBUG - 2026-08-22 13:39:14,792 - jasper.toolflow.backend - Getting loc for port index 0
DEBUG - 2026-08-22 13:39:14,792 - jasper.toolflow.backend - LOC constraint found at BD12
DEBUG - 2026-08-22 13:39:14,792 - jasper.toolflow.backend - Getting iostd for port index 0
DEBUG - 2026-08-22 13:39:14,792 - jasper.toolflow.backend - IOSTD constraint found: LVCMOS18
INFO - 2026-08-22 13:39:14,792 - jasper.toolflow.backend - parsing constraint <castro.PinConstraint object at 0x7fae53b095b0>
DEBUG - 2026-08-22 13:39:14,792 - jasper.toolflow.backend - New PortConstraint instance found: FLASH_DQ -> FLASH_DQ
DEBUG - 2026-08-22 13:39:14,792 - jasper.toolflow.backend - Getting loc for port index 0
DEBUG - 2026-08-22 13:39:14,792 - jasper.toolflow.backend - LOC constraint found at BC27
DEBUG - 2026-08-22 13:39:14,792 - jasper.toolflow.backend - Getting loc for port index 1
DEBUG - 2026-08-22 13:39:14,792 - jasper.toolflow.backend - LOC constraint found at BD27
DEBUG - 2026-08-22 13:39:14,792 - jasper.toolflow.backend - Getting loc for port index 2
DEBUG - 2026-08-22 13:39:14,792 - jasper.toolflow.backend - LOC constraint found at BD29
DEBUG - 2026-08-22 13:39:14,792 - jasper.toolflow.backend - Getting loc for port index 3
DEBUG - 2026-08-22 13:39:14,792 - jasper.toolflow.backend - LOC constraint found at BD30
DEBUG - 2026-08-22 13:39:14,792 - jasper.toolflow.backend - Getting loc for port index 4
DEBUG - 2026-08-22 13:39:14,792 - jasper.toolflow.backend - LOC constraint found at BB30
DEBUG - 2026-08-22 13:39:14,792 - jasper.toolflow.backend - Getting loc for port index 5
DEBUG - 2026-08-22 13:39:14,792 - jasper.toolflow.backend - LOC constraint found at BC30
DEBUG - 2026-08-22 13:39:14,792 - jasper.toolflow.backend - Getting loc for port index 6
DEBUG - 2026-08-22 13:39:14,792 - jasper.toolflow.backend - LOC constraint found at BC28
DEBUG - 2026-08-22 13:39:14,792 - jasper.toolflow.backend - Getting loc for port index 7
DEBUG - 2026-08-22 13:39:14,792 - jasper.toolflow.backend - LOC constraint found at BC29
DEBUG - 2026-08-22 13:39:14,792 - jasper.toolflow.backend - Getting loc for port index 8
DEBUG - 2026-08-22 13:39:14,792 - jasper.toolflow.backend - LOC constraint found at BA30
DEBUG - 2026-08-22 13:39:14,792 - jasper.toolflow.backend - Getting loc for port index 9
DEBUG - 2026-08-22 13:39:14,792 - jasper.toolflow.backend - LOC constraint found at AW29
DEBUG - 2026-08-22 13:39:14,792 - jasper.toolflow.backend - Getting loc for port index 10
DEBUG - 2026-08-22 13:39:14,792 - jasper.toolflow.backend - LOC constraint found at AY29
DEBUG - 2026-08-22 13:39:14,792 - jasper.toolflow.backend - Getting loc for port index 11
DEBUG - 2026-08-22 13:39:14,792 - jasper.toolflow.backend - LOC constraint found at AW27
DEBUG - 2026-08-22 13:39:14,792 - jasper.toolflow.backend - Getting loc for port index 12
DEBUG - 2026-08-22 13:39:14,792 - jasper.toolflow.backend - LOC constraint found at AY27
DEBUG - 2026-08-22 13:39:14,792 - jasper.toolflow.backend - Getting loc for port index 13
DEBUG - 2026-08-22 13:39:14,792 - jasper.toolflow.backend - LOC constraint found at BA31
DEBUG - 2026-08-22 13:39:14,792 - jasper.toolflow.backend - Getting loc for port index 14
DEBUG - 2026-08-22 13:39:14,792 - jasper.toolflow.backend - LOC constraint found at AY28
DEBUG - 2026-08-22 13:39:14,792 - jasper.toolflow.backend - Getting loc for port index 15
DEBUG - 2026-08-22 13:39:14,792 - jasper.toolflow.backend - LOC constraint found at BA28
DEBUG - 2026-08-22 13:39:14,792 - jasper.toolflow.backend - Getting iostd for port index 0
DEBUG - 2026-08-22 13:39:14,792 - jasper.toolflow.backend - IOSTD constraint found: LVCMOS18
DEBUG - 2026-08-22 13:39:14,792 - jasper.toolflow.backend - Getting iostd for port index 1
DEBUG - 2026-08-22 13:39:14,792 - jasper.toolflow.backend - IOSTD constraint found: LVCMOS18
DEBUG - 2026-08-22 13:39:14,792 - jasper.toolflow.backend - Getting iostd for port index 2
DEBUG - 2026-08-22 13:39:14,792 - jasper.toolflow.backend - IOSTD constraint found: LVCMOS18
DEBUG - 2026-08-22 13:39:14,792 - jasper.toolflow.backend - Getting iostd for port index 3
DEBUG - 2026-08-22 13:39:14,792 - jasper.toolflow.backend - IOSTD constraint found: LVCMOS18
DEBUG - 2026-08-22 13:39:14,792 - jasper.toolflow.backend - Getting iostd for port index 4
DEBUG - 2026-08-22 13:39:14,792 - jasper.toolflow.backend - IOSTD constraint found: LVCMOS18
DEBUG - 2026-08-22 13:39:14,792 - jasper.toolflow.backend - Getting iostd for port index 5
DEBUG - 2026-08-22 13:39:14,792 - jasper.toolflow.backend - IOSTD constraint found: LVCMOS18
DEBUG - 2026-08-22 13:39:14,792 - jasper.toolflow.backend - Getting iostd for port index 6
DEBUG - 2026-08-22 13:39:14,792 - jasper.toolflow.backend - IOSTD constraint found: LVCMOS18
DEBUG - 2026-08-22 13:39:14,792 - jasper.toolflow.backend - Getting iostd for port index 7
DEBUG - 2026-08-22 13:39:14,792 - jasper.toolflow.backend - IOSTD constraint found: LVCMOS18
DEBUG - 2026-08-22 13:39:14,792 - jasper.toolflow.backend - Getting iostd for port index 8
DEBUG - 2026-08-22 13:39:14,792 - jasper.toolflow.backend - IOSTD constraint found: LVCMOS18
DEBUG - 2026-08-22 13:39:14,792 - jasper.toolflow.backend - Getting iostd for port index 9
DEBUG - 2026-08-22 13:39:14,792 - jasper.toolflow.backend - IOSTD constraint found: LVCMOS18
DEBUG - 2026-08-22 13:39:14,792 - jasper.toolflow.backend - Getting iostd for port index 10
DEBUG - 2026-08-22 13:39:14,792 - jasper.toolflow.backend - IOSTD constraint found: LVCMOS18
DEBUG - 2026-08-22 13:39:14,792 - jasper.toolflow.backend - Getting iostd for port index 11
DEBUG - 2026-08-22 13:39:14,792 - jasper.toolflow.backend - IOSTD constraint found: LVCMOS18
DEBUG - 2026-08-22 13:39:14,792 - jasper.toolflow.backend - Getting iostd for port index 12
DEBUG - 2026-08-22 13:39:14,792 - jasper.toolflow.backend - IOSTD constraint found: LVCMOS18
DEBUG - 2026-08-22 13:39:14,792 - jasper.toolflow.backend - Getting iostd for port index 13
DEBUG - 2026-08-22 13:39:14,792 - jasper.toolflow.backend - IOSTD constraint found: LVCMOS18
DEBUG - 2026-08-22 13:39:14,792 - jasper.toolflow.backend - Getting iostd for port index 14
DEBUG - 2026-08-22 13:39:14,792 - jasper.toolflow.backend - IOSTD constraint found: LVCMOS18
DEBUG - 2026-08-22 13:39:14,792 - jasper.toolflow.backend - Getting iostd for port index 15
DEBUG - 2026-08-22 13:39:14,792 - jasper.toolflow.backend - IOSTD constraint found: LVCMOS18
INFO - 2026-08-22 13:39:14,792 - jasper.toolflow.backend - parsing constraint <castro.PinConstraint object at 0x7fae53b095e0>
DEBUG - 2026-08-22 13:39:14,792 - jasper.toolflow.backend - New PortConstraint instance found: USB_FPGA -> USB_FPGA
DEBUG - 2026-08-22 13:39:14,792 - jasper.toolflow.backend - Getting loc for port index 0
DEBUG - 2026-08-22 13:39:14,792 - jasper.toolflow.backend - LOC constraint found at E14
DEBUG - 2026-08-22 13:39:14,792 - jasper.toolflow.backend - Getting loc for port index 1
DEBUG - 2026-08-22 13:39:14,792 - jasper.toolflow.backend - LOC constraint found at F14
DEBUG - 2026-08-22 13:39:14,792 - jasper.toolflow.backend - Getting loc for port index 2
DEBUG - 2026-08-22 13:39:14,792 - jasper.toolflow.backend - LOC constraint found at E13
DEBUG - 2026-08-22 13:39:14,792 - jasper.toolflow.backend - Getting loc for port index 3
DEBUG - 2026-08-22 13:39:14,792 - jasper.toolflow.backend - LOC constraint found at F13
DEBUG - 2026-08-22 13:39:14,792 - jasper.toolflow.backend - Getting iostd for port index 0
DEBUG - 2026-08-22 13:39:14,792 - jasper.toolflow.backend - IOSTD constraint found: LVCMOS18
DEBUG - 2026-08-22 13:39:14,792 - jasper.toolflow.backend - Getting iostd for port index 1
DEBUG - 2026-08-22 13:39:14,792 - jasper.toolflow.backend - IOSTD constraint found: LVCMOS18
DEBUG - 2026-08-22 13:39:14,792 - jasper.toolflow.backend - Getting iostd for port index 2
DEBUG - 2026-08-22 13:39:14,793 - jasper.toolflow.backend - IOSTD constraint found: LVCMOS18
DEBUG - 2026-08-22 13:39:14,793 - jasper.toolflow.backend - Getting iostd for port index 3
DEBUG - 2026-08-22 13:39:14,793 - jasper.toolflow.backend - IOSTD constraint found: LVCMOS18
INFO - 2026-08-22 13:39:14,793 - jasper.toolflow.backend - parsing constraint <castro.PinConstraint object at 0x7fae53b09610>
DEBUG - 2026-08-22 13:39:14,793 - jasper.toolflow.backend - New PortConstraint instance found: FLASH_A -> FLASH_A
DEBUG - 2026-08-22 13:39:14,793 - jasper.toolflow.backend - Getting loc for port index 0
DEBUG - 2026-08-22 13:39:14,793 - jasper.toolflow.backend - LOC constraint found at AL29
DEBUG - 2026-08-22 13:39:14,793 - jasper.toolflow.backend - Getting loc for port index 1
DEBUG - 2026-08-22 13:39:14,793 - jasper.toolflow.backend - LOC constraint found at AL28
DEBUG - 2026-08-22 13:39:14,793 - jasper.toolflow.backend - Getting loc for port index 2
DEBUG - 2026-08-22 13:39:14,793 - jasper.toolflow.backend - LOC constraint found at AK29
DEBUG - 2026-08-22 13:39:14,793 - jasper.toolflow.backend - Getting loc for port index 3
DEBUG - 2026-08-22 13:39:14,793 - jasper.toolflow.backend - LOC constraint found at AJ29
DEBUG - 2026-08-22 13:39:14,793 - jasper.toolflow.backend - Getting loc for port index 4
DEBUG - 2026-08-22 13:39:14,793 - jasper.toolflow.backend - LOC constraint found at AM28
DEBUG - 2026-08-22 13:39:14,793 - jasper.toolflow.backend - Getting loc for port index 5
DEBUG - 2026-08-22 13:39:14,793 - jasper.toolflow.backend - LOC constraint found at AM27
DEBUG - 2026-08-22 13:39:14,793 - jasper.toolflow.backend - Getting loc for port index 6
DEBUG - 2026-08-22 13:39:14,793 - jasper.toolflow.backend - LOC constraint found at AK28
DEBUG - 2026-08-22 13:39:14,793 - jasper.toolflow.backend - Getting loc for port index 7
DEBUG - 2026-08-22 13:39:14,793 - jasper.toolflow.backend - LOC constraint found at AN30
DEBUG - 2026-08-22 13:39:14,793 - jasper.toolflow.backend - Getting loc for port index 8
DEBUG - 2026-08-22 13:39:14,793 - jasper.toolflow.backend - LOC constraint found at AM30
DEBUG - 2026-08-22 13:39:14,793 - jasper.toolflow.backend - Getting loc for port index 9
DEBUG - 2026-08-22 13:39:14,793 - jasper.toolflow.backend - LOC constraint found at AN29
DEBUG - 2026-08-22 13:39:14,793 - jasper.toolflow.backend - Getting loc for port index 10
DEBUG - 2026-08-22 13:39:14,793 - jasper.toolflow.backend - LOC constraint found at AN28
DEBUG - 2026-08-22 13:39:14,793 - jasper.toolflow.backend - Getting loc for port index 11
DEBUG - 2026-08-22 13:39:14,793 - jasper.toolflow.backend - LOC constraint found at AR29
DEBUG - 2026-08-22 13:39:14,793 - jasper.toolflow.backend - Getting loc for port index 12
DEBUG - 2026-08-22 13:39:14,793 - jasper.toolflow.backend - LOC constraint found at AR28
DEBUG - 2026-08-22 13:39:14,793 - jasper.toolflow.backend - Getting loc for port index 13
DEBUG - 2026-08-22 13:39:14,793 - jasper.toolflow.backend - LOC constraint found at AP30
DEBUG - 2026-08-22 13:39:14,793 - jasper.toolflow.backend - Getting loc for port index 14
DEBUG - 2026-08-22 13:39:14,793 - jasper.toolflow.backend - LOC constraint found at AP29
DEBUG - 2026-08-22 13:39:14,793 - jasper.toolflow.backend - Getting loc for port index 15
DEBUG - 2026-08-22 13:39:14,793 - jasper.toolflow.backend - LOC constraint found at AT29
DEBUG - 2026-08-22 13:39:14,793 - jasper.toolflow.backend - Getting loc for port index 16
DEBUG - 2026-08-22 13:39:14,793 - jasper.toolflow.backend - LOC constraint found at AL26
DEBUG - 2026-08-22 13:39:14,793 - jasper.toolflow.backend - Getting loc for port index 17
DEBUG - 2026-08-22 13:39:14,793 - jasper.toolflow.backend - LOC constraint found at AK26
DEBUG - 2026-08-22 13:39:14,793 - jasper.toolflow.backend - Getting loc for port index 18
DEBUG - 2026-08-22 13:39:14,793 - jasper.toolflow.backend - LOC constraint found at AK24
DEBUG - 2026-08-22 13:39:14,793 - jasper.toolflow.backend - Getting loc for port index 19
DEBUG - 2026-08-22 13:39:14,793 - jasper.toolflow.backend - LOC constraint found at AM26
DEBUG - 2026-08-22 13:39:14,793 - jasper.toolflow.backend - Getting loc for port index 20
DEBUG - 2026-08-22 13:39:14,793 - jasper.toolflow.backend - LOC constraint found at AM25
DEBUG - 2026-08-22 13:39:14,793 - jasper.toolflow.backend - Getting loc for port index 21
DEBUG - 2026-08-22 13:39:14,793 - jasper.toolflow.backend - LOC constraint found at AM23
DEBUG - 2026-08-22 13:39:14,793 - jasper.toolflow.backend - Getting loc for port index 22
DEBUG - 2026-08-22 13:39:14,793 - jasper.toolflow.backend - LOC constraint found at AL23
DEBUG - 2026-08-22 13:39:14,793 - jasper.toolflow.backend - Getting loc for port index 23
DEBUG - 2026-08-22 13:39:14,793 - jasper.toolflow.backend - LOC constraint found at AP26
DEBUG - 2026-08-22 13:39:14,793 - jasper.toolflow.backend - Getting loc for port index 24
DEBUG - 2026-08-22 13:39:14,793 - jasper.toolflow.backend - LOC constraint found at AN25
DEBUG - 2026-08-22 13:39:14,793 - jasper.toolflow.backend - Getting loc for port index 25
DEBUG - 2026-08-22 13:39:14,793 - jasper.toolflow.backend - LOC constraint found at AP25
DEBUG - 2026-08-22 13:39:14,793 - jasper.toolflow.backend - Getting loc for port index 26
DEBUG - 2026-08-22 13:39:14,793 - jasper.toolflow.backend - LOC constraint found at AP24
DEBUG - 2026-08-22 13:39:14,793 - jasper.toolflow.backend - Getting loc for port index 27
DEBUG - 2026-08-22 13:39:14,793 - jasper.toolflow.backend - LOC constraint found at AU27
DEBUG - 2026-08-22 13:39:14,793 - jasper.toolflow.backend - Getting loc for port index 28
DEBUG - 2026-08-22 13:39:14,793 - jasper.toolflow.backend - LOC constraint found at AT26
DEBUG - 2026-08-22 13:39:14,793 - jasper.toolflow.backend - Getting iostd for port index 0
DEBUG - 2026-08-22 13:39:14,793 - jasper.toolflow.backend - IOSTD constraint found: LVCMOS18
DEBUG - 2026-08-22 13:39:14,793 - jasper.toolflow.backend - Getting iostd for port index 1
DEBUG - 2026-08-22 13:39:14,793 - jasper.toolflow.backend - IOSTD constraint found: LVCMOS18
DEBUG - 2026-08-22 13:39:14,793 - jasper.toolflow.backend - Getting iostd for port index 2
DEBUG - 2026-08-22 13:39:14,793 - jasper.toolflow.backend - IOSTD constraint found: LVCMOS18
DEBUG - 2026-08-22 13:39:14,793 - jasper.toolflow.backend - Getting iostd for port index 3
DEBUG - 2026-08-22 13:39:14,793 - jasper.toolflow.backend - IOSTD constraint found: LVCMOS18
DEBUG - 2026-08-22 13:39:14,793 - jasper.toolflow.backend - Getting iostd for port index 4
DEBUG - 2026-08-22 13:39:14,793 - jasper.toolflow.backend - IOSTD constraint found: LVCMOS18
DEBUG - 2026-08-22 13:39:14,793 - jasper.toolflow.backend - Getting iostd for port index 5
DEBUG - 2026-08-22 13:39:14,793 - jasper.toolflow.backend - IOSTD constraint found: LVCMOS18
DEBUG - 2026-08-22 13:39:14,793 - jasper.toolflow.backend - Getting iostd for port index 6
DEBUG - 2026-08-22 13:39:14,793 - jasper.toolflow.backend - IOSTD constraint found: LVCMOS18
DEBUG - 2026-08-22 13:39:14,793 - jasper.toolflow.backend - Getting iostd for port index 7
DEBUG - 2026-08-22 13:39:14,793 - jasper.toolflow.backend - IOSTD constraint found: LVCMOS18
DEBUG - 2026-08-22 13:39:14,793 - jasper.toolflow.backend - Getting iostd for port index 8
DEBUG - 2026-08-22 13:39:14,793 - jasper.toolflow.backend - IOSTD constraint found: LVCMOS18
DEBUG - 2026-08-22 13:39:14,793 - jasper.toolflow.backend - Getting iostd for port index 9
DEBUG - 2026-08-22 13:39:14,793 - jasper.toolflow.backend - IOSTD constraint found: LVCMOS18
DEBUG - 2026-08-22 13:39:14,793 - jasper.toolflow.backend - Getting iostd for port index 10
DEBUG - 2026-08-22 13:39:14,793 - jasper.toolflow.backend - IOSTD constraint found: LVCMOS18
DEBUG - 2026-08-22 13:39:14,793 - jasper.toolflow.backend - Getting iostd for port index 11
DEBUG - 2026-08-22 13:39:14,793 - jasper.toolflow.backend - IOSTD constraint found: LVCMOS18
DEBUG - 2026-08-22 13:39:14,793 - jasper.toolflow.backend - Getting iostd for port index 12
DEBUG - 2026-08-22 13:39:14,793 - jasper.toolflow.backend - IOSTD constraint found: LVCMOS18
DEBUG - 2026-08-22 13:39:14,793 - jasper.toolflow.backend - Getting iostd for port index 13
DEBUG - 2026-08-22 13:39:14,793 - jasper.toolflow.backend - IOSTD constraint found: LVCMOS18
DEBUG - 2026-08-22 13:39:14,793 - jasper.toolflow.backend - Getting iostd for port index 14
DEBUG - 2026-08-22 13:39:14,793 - jasper.toolflow.backend - IOSTD constraint found: LVCMOS18
DEBUG - 2026-08-22 13:39:14,793 - jasper.toolflow.backend - Getting iostd for port index 15
DEBUG - 2026-08-22 13:39:14,793 - jasper.toolflow.backend - IOSTD constraint found: LVCMOS18
DEBUG - 2026-08-22 13:39:14,793 - jasper.toolflow.backend - Getting iostd for port index 16
DEBUG - 2026-08-22 13:39:14,793 - jasper.toolflow.backend - IOSTD constraint found: LVCMOS18
DEBUG - 2026-08-22 13:39:14,793 - jasper.toolflow.backend - Getting iostd for port index 17
DEBUG - 2026-08-22 13:39:14,793 - jasper.toolflow.backend - IOSTD constraint found: LVCMOS18
DEBUG - 2026-08-22 13:39:14,793 - jasper.toolflow.backend - Getting iostd for port index 18
DEBUG - 2026-08-22 13:39:14,793 - jasper.toolflow.backend - IOSTD constraint found: LVCMOS18
DEBUG - 2026-08-22 13:39:14,793 - jasper.toolflow.backend - Getting iostd for port index 19
DEBUG - 2026-08-22 13:39:14,793 - jasper.toolflow.backend - IOSTD constraint found: LVCMOS18
DEBUG - 2026-08-22 13:39:14,793 - jasper.toolflow.backend - Getting iostd for port index 20
DEBUG - 2026-08-22 13:39:14,793 - jasper.toolflow.backend - IOSTD constraint found: LVCMOS18
DEBUG - 2026-08-22 13:39:14,793 - jasper.toolflow.backend - Getting iostd for port index 21
DEBUG - 2026-08-22 13:39:14,793 - jasper.toolflow.backend - IOSTD constraint found: LVCMOS18
DEBUG - 2026-08-22 13:39:14,793 - jasper.toolflow.backend - Getting iostd for port index 22
DEBUG - 2026-08-22 13:39:14,793 - jasper.toolflow.backend - IOSTD constraint found: LVCMOS18
DEBUG - 2026-08-22 13:39:14,794 - jasper.toolflow.backend - Getting iostd for port index 23
DEBUG - 2026-08-22 13:39:14,794 - jasper.toolflow.backend - IOSTD constraint found: LVCMOS18
DEBUG - 2026-08-22 13:39:14,794 - jasper.toolflow.backend - Getting iostd for port index 24
DEBUG - 2026-08-22 13:39:14,794 - jasper.toolflow.backend - IOSTD constraint found: LVCMOS18
DEBUG - 2026-08-22 13:39:14,794 - jasper.toolflow.backend - Getting iostd for port index 25
DEBUG - 2026-08-22 13:39:14,794 - jasper.toolflow.backend - IOSTD constraint found: LVCMOS18
DEBUG - 2026-08-22 13:39:14,794 - jasper.toolflow.backend - Getting iostd for port index 26
DEBUG - 2026-08-22 13:39:14,794 - jasper.toolflow.backend - IOSTD constraint found: LVCMOS18
DEBUG - 2026-08-22 13:39:14,794 - jasper.toolflow.backend - Getting iostd for port index 27
DEBUG - 2026-08-22 13:39:14,794 - jasper.toolflow.backend - IOSTD constraint found: LVCMOS18
DEBUG - 2026-08-22 13:39:14,794 - jasper.toolflow.backend - Getting iostd for port index 28
DEBUG - 2026-08-22 13:39:14,794 - jasper.toolflow.backend - IOSTD constraint found: LVCMOS18
INFO - 2026-08-22 13:39:14,794 - jasper.toolflow.backend - parsing constraint <castro.PinConstraint object at 0x7fae53b09640>
DEBUG - 2026-08-22 13:39:14,794 - jasper.toolflow.backend - New PortConstraint instance found: GND -> GND
DEBUG - 2026-08-22 13:39:14,794 - jasper.toolflow.backend - Getting loc for port index 0
DEBUG - 2026-08-22 13:39:14,794 - jasper.toolflow.backend - LOC constraint found at AY31
DEBUG - 2026-08-22 13:39:14,794 - jasper.toolflow.backend - Getting loc for port index 1
DEBUG - 2026-08-22 13:39:14,794 - jasper.toolflow.backend - LOC constraint found at AW30
DEBUG - 2026-08-22 13:39:14,794 - jasper.toolflow.backend - Getting loc for port index 2
DEBUG - 2026-08-22 13:39:14,794 - jasper.toolflow.backend - LOC constraint found at AW31
DEBUG - 2026-08-22 13:39:14,794 - jasper.toolflow.backend - Getting loc for port index 3
DEBUG - 2026-08-22 13:39:14,794 - jasper.toolflow.backend - LOC constraint found at AV28
DEBUG - 2026-08-22 13:39:14,794 - jasper.toolflow.backend - Getting loc for port index 4
DEBUG - 2026-08-22 13:39:14,794 - jasper.toolflow.backend - LOC constraint found at AV29
DEBUG - 2026-08-22 13:39:14,794 - jasper.toolflow.backend - Getting loc for port index 5
DEBUG - 2026-08-22 13:39:14,794 - jasper.toolflow.backend - LOC constraint found at AN27
DEBUG - 2026-08-22 13:39:14,794 - jasper.toolflow.backend - Getting loc for port index 6
DEBUG - 2026-08-22 13:39:14,794 - jasper.toolflow.backend - LOC constraint found at AP27
DEBUG - 2026-08-22 13:39:14,794 - jasper.toolflow.backend - Getting loc for port index 7
DEBUG - 2026-08-22 13:39:14,794 - jasper.toolflow.backend - LOC constraint found at AT28
DEBUG - 2026-08-22 13:39:14,794 - jasper.toolflow.backend - Getting loc for port index 8
DEBUG - 2026-08-22 13:39:14,794 - jasper.toolflow.backend - LOC constraint found at AK27
DEBUG - 2026-08-22 13:39:14,794 - jasper.toolflow.backend - Getting loc for port index 9
DEBUG - 2026-08-22 13:39:14,794 - jasper.toolflow.backend - LOC constraint found at AW26
DEBUG - 2026-08-22 13:39:14,794 - jasper.toolflow.backend - Getting loc for port index 10
DEBUG - 2026-08-22 13:39:14,794 - jasper.toolflow.backend - LOC constraint found at AY26
DEBUG - 2026-08-22 13:39:14,794 - jasper.toolflow.backend - Getting loc for port index 11
DEBUG - 2026-08-22 13:39:14,794 - jasper.toolflow.backend - LOC constraint found at AV25
DEBUG - 2026-08-22 13:39:14,794 - jasper.toolflow.backend - Getting loc for port index 12
DEBUG - 2026-08-22 13:39:14,794 - jasper.toolflow.backend - LOC constraint found at AW25
DEBUG - 2026-08-22 13:39:14,794 - jasper.toolflow.backend - Getting loc for port index 13
DEBUG - 2026-08-22 13:39:14,794 - jasper.toolflow.backend - LOC constraint found at AW24
DEBUG - 2026-08-22 13:39:14,794 - jasper.toolflow.backend - Getting loc for port index 14
DEBUG - 2026-08-22 13:39:14,794 - jasper.toolflow.backend - LOC constraint found at AT25
DEBUG - 2026-08-22 13:39:14,794 - jasper.toolflow.backend - Getting loc for port index 15
DEBUG - 2026-08-22 13:39:14,794 - jasper.toolflow.backend - LOC constraint found at AK23
DEBUG - 2026-08-22 13:39:14,794 - jasper.toolflow.backend - Getting iostd for port index 0
DEBUG - 2026-08-22 13:39:14,794 - jasper.toolflow.backend - IOSTD constraint found: LVCMOS18
DEBUG - 2026-08-22 13:39:14,794 - jasper.toolflow.backend - Getting iostd for port index 1
DEBUG - 2026-08-22 13:39:14,794 - jasper.toolflow.backend - IOSTD constraint found: LVCMOS18
DEBUG - 2026-08-22 13:39:14,794 - jasper.toolflow.backend - Getting iostd for port index 2
DEBUG - 2026-08-22 13:39:14,794 - jasper.toolflow.backend - IOSTD constraint found: LVCMOS18
DEBUG - 2026-08-22 13:39:14,794 - jasper.toolflow.backend - Getting iostd for port index 3
DEBUG - 2026-08-22 13:39:14,794 - jasper.toolflow.backend - IOSTD constraint found: LVCMOS18
DEBUG - 2026-08-22 13:39:14,794 - jasper.toolflow.backend - Getting iostd for port index 4
DEBUG - 2026-08-22 13:39:14,794 - jasper.toolflow.backend - IOSTD constraint found: LVCMOS18
DEBUG - 2026-08-22 13:39:14,794 - jasper.toolflow.backend - Getting iostd for port index 5
DEBUG - 2026-08-22 13:39:14,794 - jasper.toolflow.backend - IOSTD constraint found: LVCMOS18
DEBUG - 2026-08-22 13:39:14,794 - jasper.toolflow.backend - Getting iostd for port index 6
DEBUG - 2026-08-22 13:39:14,794 - jasper.toolflow.backend - IOSTD constraint found: LVCMOS18
DEBUG - 2026-08-22 13:39:14,794 - jasper.toolflow.backend - Getting iostd for port index 7
DEBUG - 2026-08-22 13:39:14,794 - jasper.toolflow.backend - IOSTD constraint found: LVCMOS18
DEBUG - 2026-08-22 13:39:14,794 - jasper.toolflow.backend - Getting iostd for port index 8
DEBUG - 2026-08-22 13:39:14,794 - jasper.toolflow.backend - IOSTD constraint found: LVCMOS18
DEBUG - 2026-08-22 13:39:14,794 - jasper.toolflow.backend - Getting iostd for port index 9
DEBUG - 2026-08-22 13:39:14,794 - jasper.toolflow.backend - IOSTD constraint found: LVCMOS18
DEBUG - 2026-08-22 13:39:14,794 - jasper.toolflow.backend - Getting iostd for port index 10
DEBUG - 2026-08-22 13:39:14,794 - jasper.toolflow.backend - IOSTD constraint found: LVCMOS18
DEBUG - 2026-08-22 13:39:14,794 - jasper.toolflow.backend - Getting iostd for port index 11
DEBUG - 2026-08-22 13:39:14,794 - jasper.toolflow.backend - IOSTD constraint found: LVCMOS18
DEBUG - 2026-08-22 13:39:14,794 - jasper.toolflow.backend - Getting iostd for port index 12
DEBUG - 2026-08-22 13:39:14,794 - jasper.toolflow.backend - IOSTD constraint found: LVCMOS18
DEBUG - 2026-08-22 13:39:14,794 - jasper.toolflow.backend - Getting iostd for port index 13
DEBUG - 2026-08-22 13:39:14,794 - jasper.toolflow.backend - IOSTD constraint found: LVCMOS18
DEBUG - 2026-08-22 13:39:14,794 - jasper.toolflow.backend - Getting iostd for port index 14
DEBUG - 2026-08-22 13:39:14,794 - jasper.toolflow.backend - IOSTD constraint found: LVCMOS18
DEBUG - 2026-08-22 13:39:14,794 - jasper.toolflow.backend - Getting iostd for port index 15
DEBUG - 2026-08-22 13:39:14,794 - jasper.toolflow.backend - IOSTD constraint found: LVCMOS18
INFO - 2026-08-22 13:39:14,794 - jasper.toolflow.backend - parsing constraint <castro.PinConstraint object at 0x7fae53b09670>
DEBUG - 2026-08-22 13:39:14,794 - jasper.toolflow.backend - New PortConstraint instance found: ONE_GBE_INT_N -> ONE_GBE_INT_N
DEBUG - 2026-08-22 13:39:14,794 - jasper.toolflow.backend - Getting loc for port index 0
DEBUG - 2026-08-22 13:39:14,794 - jasper.toolflow.backend - LOC constraint found at BB12
DEBUG - 2026-08-22 13:39:14,794 - jasper.toolflow.backend - Getting iostd for port index 0
DEBUG - 2026-08-22 13:39:14,794 - jasper.toolflow.backend - IOSTD constraint found: LVCMOS18
INFO - 2026-08-22 13:39:14,794 - jasper.toolflow.backend - parsing constraint <castro.PinConstraint object at 0x7fae53b096a0>
DEBUG - 2026-08-22 13:39:14,794 - jasper.toolflow.backend - New PortConstraint instance found: FPGA_RESET_N -> FPGA_RESET_N
DEBUG - 2026-08-22 13:39:14,794 - jasper.toolflow.backend - Getting loc for port index 0
DEBUG - 2026-08-22 13:39:14,794 - jasper.toolflow.backend - LOC constraint found at BD35
DEBUG - 2026-08-22 13:39:14,794 - jasper.toolflow.backend - Getting iostd for port index 0
DEBUG - 2026-08-22 13:39:14,794 - jasper.toolflow.backend - IOSTD constraint found: LVCMOS18
INFO - 2026-08-22 13:39:14,794 - jasper.toolflow.backend - parsing constraint <castro.PinConstraint object at 0x7fae53b096d0>
DEBUG - 2026-08-22 13:39:14,794 - jasper.toolflow.backend - New PortConstraint instance found: FLASH_WE_N -> FLASH_WE_N
DEBUG - 2026-08-22 13:39:14,794 - jasper.toolflow.backend - Getting loc for port index 0
DEBUG - 2026-08-22 13:39:14,794 - jasper.toolflow.backend - LOC constraint found at AL25
DEBUG - 2026-08-22 13:39:14,794 - jasper.toolflow.backend - Getting iostd for port index 0
DEBUG - 2026-08-22 13:39:14,794 - jasper.toolflow.backend - IOSTD constraint found: LVCMOS18
INFO - 2026-08-22 13:39:14,794 - jasper.toolflow.backend - parsing constraint <castro.PinConstraint object at 0x7fae53b09700>
DEBUG - 2026-08-22 13:39:14,794 - jasper.toolflow.backend - New PortConstraint instance found: FPGA_EMCCLK2 -> FPGA_EMCCLK2
DEBUG - 2026-08-22 13:39:14,794 - jasper.toolflow.backend - Getting loc for port index 0
DEBUG - 2026-08-22 13:39:14,794 - jasper.toolflow.backend - LOC constraint found at AV27
DEBUG - 2026-08-22 13:39:14,794 - jasper.toolflow.backend - Getting iostd for port index 0
DEBUG - 2026-08-22 13:39:14,794 - jasper.toolflow.backend - IOSTD constraint found: LVCMOS18
INFO - 2026-08-22 13:39:14,794 - jasper.toolflow.backend - parsing constraint <castro.PinConstraint object at 0x7fae53b09730>
DEBUG - 2026-08-22 13:39:14,794 - jasper.toolflow.backend - New PortConstraint instance found: MEZZANINE_3_ONE_WIRE_STRONG_PULLUP_EN_N -> MEZZANINE_3_ONE_WIRE_STRONG_PULLUP_EN_N
DEBUG - 2026-08-22 13:39:14,794 - jasper.toolflow.backend - Getting loc for port index 0
DEBUG - 2026-08-22 13:39:14,795 - jasper.toolflow.backend - LOC constraint found at B13
DEBUG - 2026-08-22 13:39:14,795 - jasper.toolflow.backend - Getting iostd for port index 0
DEBUG - 2026-08-22 13:39:14,795 - jasper.toolflow.backend - IOSTD constraint found: LVCMOS18
INFO - 2026-08-22 13:39:14,795 - jasper.toolflow.backend - parsing constraint <castro.PinConstraint object at 0x7fae53b09760>
DEBUG - 2026-08-22 13:39:14,795 - jasper.toolflow.backend - New PortConstraint instance found: MEZZANINE_2_ONE_WIRE_STRONG_PULLUP_EN_N -> MEZZANINE_2_ONE_WIRE_STRONG_PULLUP_EN_N
DEBUG - 2026-08-22 13:39:14,795 - jasper.toolflow.backend - Getting loc for port index 0
DEBUG - 2026-08-22 13:39:14,795 - jasper.toolflow.backend - LOC constraint found at BA10
DEBUG - 2026-08-22 13:39:14,795 - jasper.toolflow.backend - Getting iostd for port index 0
DEBUG - 2026-08-22 13:39:14,795 - jasper.toolflow.backend - IOSTD constraint found: LVCMOS18
INFO - 2026-08-22 13:39:14,795 - jasper.toolflow.backend - parsing constraint <castro.PinConstraint object at 0x7fae53b09790>
DEBUG - 2026-08-22 13:39:14,795 - jasper.toolflow.backend - New PortConstraint instance found: MEZZANINE_1_ONE_WIRE_STRONG_PULLUP_EN_N -> MEZZANINE_1_ONE_WIRE_STRONG_PULLUP_EN_N
DEBUG - 2026-08-22 13:39:14,795 - jasper.toolflow.backend - Getting loc for port index 0
DEBUG - 2026-08-22 13:39:14,795 - jasper.toolflow.backend - LOC constraint found at BD34
DEBUG - 2026-08-22 13:39:14,795 - jasper.toolflow.backend - Getting iostd for port index 0
DEBUG - 2026-08-22 13:39:14,795 - jasper.toolflow.backend - IOSTD constraint found: LVCMOS18
INFO - 2026-08-22 13:39:14,795 - jasper.toolflow.backend - parsing constraint <castro.PinConstraint object at 0x7fae53b097c0>
DEBUG - 2026-08-22 13:39:14,795 - jasper.toolflow.backend - New PortConstraint instance found: MEZZANINE_0_ONE_WIRE_STRONG_PULLUP_EN_N -> MEZZANINE_0_ONE_WIRE_STRONG_PULLUP_EN_N
DEBUG - 2026-08-22 13:39:14,795 - jasper.toolflow.backend - Getting loc for port index 0
DEBUG - 2026-08-22 13:39:14,795 - jasper.toolflow.backend - LOC constraint found at C32
DEBUG - 2026-08-22 13:39:14,795 - jasper.toolflow.backend - Getting iostd for port index 0
DEBUG - 2026-08-22 13:39:14,795 - jasper.toolflow.backend - IOSTD constraint found: LVCMOS18
INFO - 2026-08-22 13:39:14,795 - jasper.toolflow.backend - parsing constraint <castro.PinConstraint object at 0x7fae53b097f0>
DEBUG - 2026-08-22 13:39:14,795 - jasper.toolflow.backend - New PortConstraint instance found: MEZZANINE_3_SCL_FPGA -> MEZZANINE_3_SCL_FPGA
DEBUG - 2026-08-22 13:39:14,795 - jasper.toolflow.backend - Getting loc for port index 0
DEBUG - 2026-08-22 13:39:14,795 - jasper.toolflow.backend - LOC constraint found at A14
DEBUG - 2026-08-22 13:39:14,795 - jasper.toolflow.backend - Getting iostd for port index 0
DEBUG - 2026-08-22 13:39:14,795 - jasper.toolflow.backend - IOSTD constraint found: LVCMOS18
INFO - 2026-08-22 13:39:14,795 - jasper.toolflow.backend - parsing constraint <castro.PinConstraint object at 0x7fae53b09820>
DEBUG - 2026-08-22 13:39:14,795 - jasper.toolflow.backend - New PortConstraint instance found: MEZZANINE_2_SCL_FPGA -> MEZZANINE_2_SCL_FPGA
DEBUG - 2026-08-22 13:39:14,795 - jasper.toolflow.backend - Getting loc for port index 0
DEBUG - 2026-08-22 13:39:14,795 - jasper.toolflow.backend - LOC constraint found at BD14
DEBUG - 2026-08-22 13:39:14,795 - jasper.toolflow.backend - Getting iostd for port index 0
DEBUG - 2026-08-22 13:39:14,795 - jasper.toolflow.backend - IOSTD constraint found: LVCMOS18
INFO - 2026-08-22 13:39:14,795 - jasper.toolflow.backend - parsing constraint <castro.PinConstraint object at 0x7fae53b09850>
DEBUG - 2026-08-22 13:39:14,795 - jasper.toolflow.backend - New PortConstraint instance found: MEZZANINE_1_SCL_FPGA -> MEZZANINE_1_SCL_FPGA
DEBUG - 2026-08-22 13:39:14,795 - jasper.toolflow.backend - Getting loc for port index 0
DEBUG - 2026-08-22 13:39:14,795 - jasper.toolflow.backend - LOC constraint found at BD32
DEBUG - 2026-08-22 13:39:14,795 - jasper.toolflow.backend - Getting iostd for port index 0
DEBUG - 2026-08-22 13:39:14,795 - jasper.toolflow.backend - IOSTD constraint found: LVCMOS18
INFO - 2026-08-22 13:39:14,795 - jasper.toolflow.backend - parsing constraint <castro.PinConstraint object at 0x7fae53b09880>
DEBUG - 2026-08-22 13:39:14,795 - jasper.toolflow.backend - New PortConstraint instance found: MEZZANINE_0_SCL_FPGA -> MEZZANINE_0_SCL_FPGA
DEBUG - 2026-08-22 13:39:14,795 - jasper.toolflow.backend - Getting loc for port index 0
DEBUG - 2026-08-22 13:39:14,795 - jasper.toolflow.backend - LOC constraint found at A31
DEBUG - 2026-08-22 13:39:14,795 - jasper.toolflow.backend - Getting iostd for port index 0
DEBUG - 2026-08-22 13:39:14,795 - jasper.toolflow.backend - IOSTD constraint found: LVCMOS18
INFO - 2026-08-22 13:39:14,795 - jasper.toolflow.backend - parsing constraint <castro.PinConstraint object at 0x7fae53b098b0>
DEBUG - 2026-08-22 13:39:14,795 - jasper.toolflow.backend - New PortConstraint instance found: EMCCLK_FIX -> EMCCLK_FIX
DEBUG - 2026-08-22 13:39:14,795 - jasper.toolflow.backend - Getting loc for port index 0
DEBUG - 2026-08-22 13:39:14,795 - jasper.toolflow.backend - LOC constraint found at BB27
DEBUG - 2026-08-22 13:39:14,795 - jasper.toolflow.backend - Getting iostd for port index 0
DEBUG - 2026-08-22 13:39:14,795 - jasper.toolflow.backend - IOSTD constraint found: LVCMOS18
INFO - 2026-08-22 13:39:14,795 - jasper.toolflow.backend - parsing constraint <castro.PinConstraint object at 0x7fae53b098e0>
DEBUG - 2026-08-22 13:39:14,795 - jasper.toolflow.backend - New PortConstraint instance found: ONE_WIRE_EEPROM -> ONE_WIRE_EEPROM
DEBUG - 2026-08-22 13:39:14,795 - jasper.toolflow.backend - Getting loc for port index 0
DEBUG - 2026-08-22 13:39:14,795 - jasper.toolflow.backend - LOC constraint found at BD17
DEBUG - 2026-08-22 13:39:14,795 - jasper.toolflow.backend - Getting iostd for port index 0
DEBUG - 2026-08-22 13:39:14,795 - jasper.toolflow.backend - IOSTD constraint found: LVCMOS18
INFO - 2026-08-22 13:39:14,795 - jasper.toolflow.backend - parsing constraint <castro.PinConstraint object at 0x7fae53b09910>
DEBUG - 2026-08-22 13:39:14,795 - jasper.toolflow.backend - New PortConstraint instance found: I2C_SCL_FPGA -> I2C_SCL_FPGA
DEBUG - 2026-08-22 13:39:14,795 - jasper.toolflow.backend - Getting loc for port index 0
DEBUG - 2026-08-22 13:39:14,795 - jasper.toolflow.backend - LOC constraint found at BB18
DEBUG - 2026-08-22 13:39:14,795 - jasper.toolflow.backend - Getting iostd for port index 0
DEBUG - 2026-08-22 13:39:14,795 - jasper.toolflow.backend - IOSTD constraint found: LVCMOS18
INFO - 2026-08-22 13:39:14,795 - jasper.toolflow.backend - parsing constraint <castro.PinConstraint object at 0x7fae53b09940>
DEBUG - 2026-08-22 13:39:14,795 - jasper.toolflow.backend - New PortConstraint instance found: FPGA_REFCLK_BUF0_P -> FPGA_REFCLK_BUF0_P
DEBUG - 2026-08-22 13:39:14,795 - jasper.toolflow.backend - Getting loc for port index 0
DEBUG - 2026-08-22 13:39:14,795 - jasper.toolflow.backend - LOC constraint found at AU15
DEBUG - 2026-08-22 13:39:14,795 - jasper.toolflow.backend - Getting iostd for port index 0
DEBUG - 2026-08-22 13:39:14,795 - jasper.toolflow.backend - IOSTD constraint found: LVDS
INFO - 2026-08-22 13:39:14,795 - jasper.toolflow.backend - parsing constraint <castro.PinConstraint object at 0x7fae53b09970>
DEBUG - 2026-08-22 13:39:14,795 - jasper.toolflow.backend - New PortConstraint instance found: FPGA_REFCLK_BUF0_N -> FPGA_REFCLK_BUF0_N
DEBUG - 2026-08-22 13:39:14,795 - jasper.toolflow.backend - Getting loc for port index 0
DEBUG - 2026-08-22 13:39:14,795 - jasper.toolflow.backend - Getting iostd for port index 0
DEBUG - 2026-08-22 13:39:14,795 - jasper.toolflow.backend - IOSTD constraint found: LVDS
INFO - 2026-08-22 13:39:14,795 - jasper.toolflow.backend - parsing constraint <castro.PinConstraint object at 0x7fae53b099a0>
DEBUG - 2026-08-22 13:39:14,795 - jasper.toolflow.backend - New PortConstraint instance found: ONE_GBE_LINK -> ONE_GBE_LINK
DEBUG - 2026-08-22 13:39:14,795 - jasper.toolflow.backend - Getting loc for port index 0
DEBUG - 2026-08-22 13:39:14,795 - jasper.toolflow.backend - LOC constraint found at BC12
DEBUG - 2026-08-22 13:39:14,795 - jasper.toolflow.backend - Getting iostd for port index 0
DEBUG - 2026-08-22 13:39:14,795 - jasper.toolflow.backend - IOSTD constraint found: LVCMOS18
INFO - 2026-08-22 13:39:14,795 - jasper.toolflow.backend - parsing constraint <castro.PinConstraint object at 0x7fae53b099d0>
DEBUG - 2026-08-22 13:39:14,795 - jasper.toolflow.backend - New PortConstraint instance found: SPI_CLK -> SPI_CLK
DEBUG - 2026-08-22 13:39:14,795 - jasper.toolflow.backend - Getting loc for port index 0
DEBUG - 2026-08-22 13:39:14,795 - jasper.toolflow.backend - LOC constraint found at BB21
DEBUG - 2026-08-22 13:39:14,795 - jasper.toolflow.backend - Getting iostd for port index 0
DEBUG - 2026-08-22 13:39:14,795 - jasper.toolflow.backend - IOSTD constraint found: LVCMOS18
INFO - 2026-08-22 13:39:14,795 - jasper.toolflow.backend - parsing constraint <castro.PinConstraint object at 0x7fae53b09a00>
DEBUG - 2026-08-22 13:39:14,795 - jasper.toolflow.backend - New PortConstraint instance found: MEZZANINE_3_INT_N -> MEZZANINE_3_INT_N
DEBUG - 2026-08-22 13:39:14,795 - jasper.toolflow.backend - Getting loc for port index 0
DEBUG - 2026-08-22 13:39:14,795 - jasper.toolflow.backend - LOC constraint found at B15
DEBUG - 2026-08-22 13:39:14,795 - jasper.toolflow.backend - Getting iostd for port index 0
DEBUG - 2026-08-22 13:39:14,795 - jasper.toolflow.backend - IOSTD constraint found: LVCMOS18
INFO - 2026-08-22 13:39:14,795 - jasper.toolflow.backend - parsing constraint <castro.PinConstraint object at 0x7fae53b09a30>
DEBUG - 2026-08-22 13:39:14,795 - jasper.toolflow.backend - New PortConstraint instance found: MEZZANINE_2_INT_N -> MEZZANINE_2_INT_N
DEBUG - 2026-08-22 13:39:14,795 - jasper.toolflow.backend - Getting loc for port index 0
DEBUG - 2026-08-22 13:39:14,795 - jasper.toolflow.backend - LOC constraint found at BC13
DEBUG - 2026-08-22 13:39:14,795 - jasper.toolflow.backend - Getting iostd for port index 0
DEBUG - 2026-08-22 13:39:14,795 - jasper.toolflow.backend - IOSTD constraint found: LVCMOS18
INFO - 2026-08-22 13:39:14,795 - jasper.toolflow.backend - parsing constraint <castro.PinConstraint object at 0x7fae53b09a60>
DEBUG - 2026-08-22 13:39:14,796 - jasper.toolflow.backend - New PortConstraint instance found: MEZZANINE_1_INT_N -> MEZZANINE_1_INT_N
DEBUG - 2026-08-22 13:39:14,796 - jasper.toolflow.backend - Getting loc for port index 0
DEBUG - 2026-08-22 13:39:14,796 - jasper.toolflow.backend - LOC constraint found at BC33
DEBUG - 2026-08-22 13:39:14,796 - jasper.toolflow.backend - Getting iostd for port index 0
DEBUG - 2026-08-22 13:39:14,796 - jasper.toolflow.backend - IOSTD constraint found: LVCMOS18
INFO - 2026-08-22 13:39:14,796 - jasper.toolflow.backend - parsing constraint <castro.PinConstraint object at 0x7fae53b09a90>
DEBUG - 2026-08-22 13:39:14,796 - jasper.toolflow.backend - New PortConstraint instance found: MEZZANINE_0_INT_N -> MEZZANINE_0_INT_N
DEBUG - 2026-08-22 13:39:14,796 - jasper.toolflow.backend - Getting loc for port index 0
DEBUG - 2026-08-22 13:39:14,796 - jasper.toolflow.backend - LOC constraint found at B31
DEBUG - 2026-08-22 13:39:14,796 - jasper.toolflow.backend - Getting iostd for port index 0
DEBUG - 2026-08-22 13:39:14,796 - jasper.toolflow.backend - IOSTD constraint found: LVCMOS18
INFO - 2026-08-22 13:39:14,796 - jasper.toolflow.backend - parsing constraint <castro.PinConstraint object at 0x7fae53b09ac0>
DEBUG - 2026-08-22 13:39:14,796 - jasper.toolflow.backend - New PortConstraint instance found: SPI_MISO -> SPI_MISO
DEBUG - 2026-08-22 13:39:14,796 - jasper.toolflow.backend - Getting loc for port index 0
DEBUG - 2026-08-22 13:39:14,796 - jasper.toolflow.backend - LOC constraint found at BB20
DEBUG - 2026-08-22 13:39:14,796 - jasper.toolflow.backend - Getting iostd for port index 0
DEBUG - 2026-08-22 13:39:14,796 - jasper.toolflow.backend - IOSTD constraint found: LVCMOS18
INFO - 2026-08-22 13:39:14,796 - jasper.toolflow.backend - parsing constraint <castro.PinConstraint object at 0x7fae53b09af0>
DEBUG - 2026-08-22 13:39:14,796 - jasper.toolflow.backend - New PortConstraint instance found: MEZZANINE_3_PRESENT_N -> MEZZANINE_3_PRESENT_N
DEBUG - 2026-08-22 13:39:14,796 - jasper.toolflow.backend - Getting loc for port index 0
DEBUG - 2026-08-22 13:39:14,796 - jasper.toolflow.backend - LOC constraint found at C13
DEBUG - 2026-08-22 13:39:14,796 - jasper.toolflow.backend - Getting iostd for port index 0
DEBUG - 2026-08-22 13:39:14,796 - jasper.toolflow.backend - IOSTD constraint found: LVCMOS18
INFO - 2026-08-22 13:39:14,796 - jasper.toolflow.backend - parsing constraint <castro.PinConstraint object at 0x7fae53b09b20>
DEBUG - 2026-08-22 13:39:14,796 - jasper.toolflow.backend - New PortConstraint instance found: MEZZANINE_2_PRESENT_N -> MEZZANINE_2_PRESENT_N
DEBUG - 2026-08-22 13:39:14,796 - jasper.toolflow.backend - Getting loc for port index 0
DEBUG - 2026-08-22 13:39:14,796 - jasper.toolflow.backend - LOC constraint found at BA11
DEBUG - 2026-08-22 13:39:14,796 - jasper.toolflow.backend - Getting iostd for port index 0
DEBUG - 2026-08-22 13:39:14,796 - jasper.toolflow.backend - IOSTD constraint found: LVCMOS18
INFO - 2026-08-22 13:39:14,796 - jasper.toolflow.backend - parsing constraint <castro.PinConstraint object at 0x7fae53b09b50>
DEBUG - 2026-08-22 13:39:14,796 - jasper.toolflow.backend - New PortConstraint instance found: MEZZANINE_1_PRESENT_N -> MEZZANINE_1_PRESENT_N
DEBUG - 2026-08-22 13:39:14,796 - jasper.toolflow.backend - Getting loc for port index 0
DEBUG - 2026-08-22 13:39:14,796 - jasper.toolflow.backend - LOC constraint found at BA35
DEBUG - 2026-08-22 13:39:14,796 - jasper.toolflow.backend - Getting iostd for port index 0
DEBUG - 2026-08-22 13:39:14,796 - jasper.toolflow.backend - IOSTD constraint found: LVCMOS18
INFO - 2026-08-22 13:39:14,796 - jasper.toolflow.backend - parsing constraint <castro.PinConstraint object at 0x7fae53b09b80>
DEBUG - 2026-08-22 13:39:14,796 - jasper.toolflow.backend - New PortConstraint instance found: MEZZANINE_0_PRESENT_N -> MEZZANINE_0_PRESENT_N
DEBUG - 2026-08-22 13:39:14,796 - jasper.toolflow.backend - Getting loc for port index 0
DEBUG - 2026-08-22 13:39:14,796 - jasper.toolflow.backend - LOC constraint found at D32
DEBUG - 2026-08-22 13:39:14,796 - jasper.toolflow.backend - Getting iostd for port index 0
DEBUG - 2026-08-22 13:39:14,796 - jasper.toolflow.backend - IOSTD constraint found: LVCMOS18
INFO - 2026-08-22 13:39:14,796 - jasper.toolflow.backend - parsing constraint <castro.PinConstraint object at 0x7fae53b09bb0>
DEBUG - 2026-08-22 13:39:14,796 - jasper.toolflow.backend - New PortConstraint instance found: SPI_CSB -> SPI_CSB
DEBUG - 2026-08-22 13:39:14,796 - jasper.toolflow.backend - Getting loc for port index 0
DEBUG - 2026-08-22 13:39:14,796 - jasper.toolflow.backend - LOC constraint found at BD21
DEBUG - 2026-08-22 13:39:14,796 - jasper.toolflow.backend - Getting iostd for port index 0
DEBUG - 2026-08-22 13:39:14,796 - jasper.toolflow.backend - IOSTD constraint found: LVCMOS18
INFO - 2026-08-22 13:39:14,796 - jasper.toolflow.backend - parsing constraint <castro.PinConstraint object at 0x7fae53b09be0>
DEBUG - 2026-08-22 13:39:14,796 - jasper.toolflow.backend - New PortConstraint instance found: FPGA_REFCLK_BUF1_P -> FPGA_REFCLK_BUF1_P
DEBUG - 2026-08-22 13:39:14,796 - jasper.toolflow.backend - Getting loc for port index 0
DEBUG - 2026-08-22 13:39:14,796 - jasper.toolflow.backend - LOC constraint found at AT18
DEBUG - 2026-08-22 13:39:14,796 - jasper.toolflow.backend - Getting iostd for port index 0
DEBUG - 2026-08-22 13:39:14,796 - jasper.toolflow.backend - IOSTD constraint found: LVDS
INFO - 2026-08-22 13:39:14,796 - jasper.toolflow.backend - parsing constraint <castro.PinConstraint object at 0x7fae53b09c10>
DEBUG - 2026-08-22 13:39:14,796 - jasper.toolflow.backend - New PortConstraint instance found: FPGA_REFCLK_BUF1_N -> FPGA_REFCLK_BUF1_N
DEBUG - 2026-08-22 13:39:14,796 - jasper.toolflow.backend - Getting loc for port index 0
DEBUG - 2026-08-22 13:39:14,796 - jasper.toolflow.backend - Getting iostd for port index 0
DEBUG - 2026-08-22 13:39:14,796 - jasper.toolflow.backend - IOSTD constraint found: LVDS
INFO - 2026-08-22 13:39:14,796 - jasper.toolflow.backend - parsing constraint <castro.PinConstraint object at 0x7fae53b09c40>
DEBUG - 2026-08-22 13:39:14,796 - jasper.toolflow.backend - New PortConstraint instance found: PCIE_RST_N -> PCIE_RST_N
DEBUG - 2026-08-22 13:39:14,796 - jasper.toolflow.backend - Getting loc for port index 0
DEBUG - 2026-08-22 13:39:14,796 - jasper.toolflow.backend - LOC constraint found at C18
DEBUG - 2026-08-22 13:39:14,796 - jasper.toolflow.backend - Getting iostd for port index 0
DEBUG - 2026-08-22 13:39:14,796 - jasper.toolflow.backend - IOSTD constraint found: LVCMOS18
INFO - 2026-08-22 13:39:14,796 - jasper.toolflow.backend - parsing constraint <castro.PinConstraint object at 0x7fae53b09c70>
DEBUG - 2026-08-22 13:39:14,796 - jasper.toolflow.backend - New PortConstraint instance found: SPI_MOSI -> SPI_MOSI
DEBUG - 2026-08-22 13:39:14,796 - jasper.toolflow.backend - Getting loc for port index 0
DEBUG - 2026-08-22 13:39:14,796 - jasper.toolflow.backend - LOC constraint found at BC20
DEBUG - 2026-08-22 13:39:14,796 - jasper.toolflow.backend - Getting iostd for port index 0
DEBUG - 2026-08-22 13:39:14,796 - jasper.toolflow.backend - IOSTD constraint found: LVCMOS18
INFO - 2026-08-22 13:39:14,796 - jasper.toolflow.backend - parsing constraint <castro.PinConstraint object at 0x7fae53b09ca0>
DEBUG - 2026-08-22 13:39:14,796 - jasper.toolflow.backend - New PortConstraint instance found: USB_I2C_CTRL -> USB_I2C_CTRL
DEBUG - 2026-08-22 13:39:14,796 - jasper.toolflow.backend - Getting loc for port index 0
DEBUG - 2026-08-22 13:39:14,796 - jasper.toolflow.backend - LOC constraint found at AY13
DEBUG - 2026-08-22 13:39:14,796 - jasper.toolflow.backend - Getting iostd for port index 0
DEBUG - 2026-08-22 13:39:14,796 - jasper.toolflow.backend - IOSTD constraint found: LVCMOS18
INFO - 2026-08-22 13:39:14,796 - jasper.toolflow.backend - parsing constraint <castro.PinConstraint object at 0x7fae53b09cd0>
DEBUG - 2026-08-22 13:39:14,796 - jasper.toolflow.backend - New PortConstraint instance found: DEBUG_UART_RX -> DEBUG_UART_RX
DEBUG - 2026-08-22 13:39:14,796 - jasper.toolflow.backend - Getting loc for port index 0
DEBUG - 2026-08-22 13:39:14,796 - jasper.toolflow.backend - LOC constraint found at AV13
DEBUG - 2026-08-22 13:39:14,796 - jasper.toolflow.backend - Getting iostd for port index 0
DEBUG - 2026-08-22 13:39:14,796 - jasper.toolflow.backend - IOSTD constraint found: LVCMOS18
INFO - 2026-08-22 13:39:14,796 - jasper.toolflow.backend - parsing constraint <castro.PinConstraint object at 0x7fae53b09d00>
DEBUG - 2026-08-22 13:39:14,796 - jasper.toolflow.backend - New PortConstraint instance found: USB_UART_RXD -> USB_UART_RXD
DEBUG - 2026-08-22 13:39:14,796 - jasper.toolflow.backend - Getting loc for port index 0
DEBUG - 2026-08-22 13:39:14,796 - jasper.toolflow.backend - LOC constraint found at BB16
DEBUG - 2026-08-22 13:39:14,796 - jasper.toolflow.backend - Getting iostd for port index 0
DEBUG - 2026-08-22 13:39:14,796 - jasper.toolflow.backend - IOSTD constraint found: LVCMOS18
INFO - 2026-08-22 13:39:14,796 - jasper.toolflow.backend - parsing constraint <castro.PinConstraint object at 0x7fae53b09d30>
DEBUG - 2026-08-22 13:39:14,796 - jasper.toolflow.backend - New PortConstraint instance found: FAN_CONT_RST_N -> FAN_CONT_RST_N
DEBUG - 2026-08-22 13:39:14,796 - jasper.toolflow.backend - Getting loc for port index 0
DEBUG - 2026-08-22 13:39:14,796 - jasper.toolflow.backend - LOC constraint found at BB22
DEBUG - 2026-08-22 13:39:14,796 - jasper.toolflow.backend - Getting iostd for port index 0
DEBUG - 2026-08-22 13:39:14,796 - jasper.toolflow.backend - IOSTD constraint found: LVCMOS18
INFO - 2026-08-22 13:39:14,796 - jasper.toolflow.backend - parsing constraint <castro.PinConstraint object at 0x7fae53b09d60>
DEBUG - 2026-08-22 13:39:14,796 - jasper.toolflow.backend - New PortConstraint instance found: CPU_SUS_S3_N -> CPU_SUS_S3_N
DEBUG - 2026-08-22 13:39:14,796 - jasper.toolflow.backend - Getting loc for port index 0
DEBUG - 2026-08-22 13:39:14,796 - jasper.toolflow.backend - LOC constraint found at A19
DEBUG - 2026-08-22 13:39:14,796 - jasper.toolflow.backend - Getting iostd for port index 0
DEBUG - 2026-08-22 13:39:14,796 - jasper.toolflow.backend - IOSTD constraint found: LVCMOS18
INFO - 2026-08-22 13:39:14,797 - jasper.toolflow.backend - parsing constraint <castro.PinConstraint object at 0x7fae53b09d90>
DEBUG - 2026-08-22 13:39:14,797 - jasper.toolflow.backend - New PortConstraint instance found: MEZZANINE_COMBINED_FAULT -> MEZZANINE_COMBINED_FAULT
DEBUG - 2026-08-22 13:39:14,797 - jasper.toolflow.backend - Getting loc for port index 0
DEBUG - 2026-08-22 13:39:14,797 - jasper.toolflow.backend - LOC constraint found at BA20
DEBUG - 2026-08-22 13:39:14,797 - jasper.toolflow.backend - Getting iostd for port index 0
DEBUG - 2026-08-22 13:39:14,797 - jasper.toolflow.backend - IOSTD constraint found: LVCMOS18
INFO - 2026-08-22 13:39:14,797 - jasper.toolflow.backend - parsing constraint <castro.PinConstraint object at 0x7fae53b09dc0>
DEBUG - 2026-08-22 13:39:14,797 - jasper.toolflow.backend - New PortConstraint instance found: EMCCLK -> EMCCLK
DEBUG - 2026-08-22 13:39:14,797 - jasper.toolflow.backend - Getting loc for port index 0
DEBUG - 2026-08-22 13:39:14,797 - jasper.toolflow.backend - LOC constraint found at BB28
DEBUG - 2026-08-22 13:39:14,797 - jasper.toolflow.backend - Getting iostd for port index 0
DEBUG - 2026-08-22 13:39:14,797 - jasper.toolflow.backend - IOSTD constraint found: LVCMOS18
INFO - 2026-08-22 13:39:14,797 - jasper.toolflow.backend - parsing constraint <castro.PinConstraint object at 0x7fae53b09df0>
DEBUG - 2026-08-22 13:39:14,797 - jasper.toolflow.backend - New PortConstraint instance found: MONITOR_ALERT_N -> MONITOR_ALERT_N
DEBUG - 2026-08-22 13:39:14,797 - jasper.toolflow.backend - Getting loc for port index 0
DEBUG - 2026-08-22 13:39:14,797 - jasper.toolflow.backend - LOC constraint found at BB13
DEBUG - 2026-08-22 13:39:14,797 - jasper.toolflow.backend - Getting iostd for port index 0
DEBUG - 2026-08-22 13:39:14,797 - jasper.toolflow.backend - IOSTD constraint found: LVCMOS18
INFO - 2026-08-22 13:39:14,797 - jasper.toolflow.backend - parsing constraint <castro.PinConstraint object at 0x7fae53b09e20>
DEBUG - 2026-08-22 13:39:14,797 - jasper.toolflow.backend - New PortConstraint instance found: I2C_RESET_FPGA -> I2C_RESET_FPGA
DEBUG - 2026-08-22 13:39:14,797 - jasper.toolflow.backend - Getting loc for port index 0
DEBUG - 2026-08-22 13:39:14,797 - jasper.toolflow.backend - LOC constraint found at BC19
DEBUG - 2026-08-22 13:39:14,797 - jasper.toolflow.backend - Getting iostd for port index 0
DEBUG - 2026-08-22 13:39:14,797 - jasper.toolflow.backend - IOSTD constraint found: LVCMOS18
INFO - 2026-08-22 13:39:14,797 - jasper.toolflow.backend - parsing constraint <castro.PinConstraint object at 0x7fae53b09e50>
DEBUG - 2026-08-22 13:39:14,797 - jasper.toolflow.backend - New PortConstraint instance found: I2C_SDA_FPGA -> I2C_SDA_FPGA
DEBUG - 2026-08-22 13:39:14,797 - jasper.toolflow.backend - Getting loc for port index 0
DEBUG - 2026-08-22 13:39:14,797 - jasper.toolflow.backend - LOC constraint found at BC18
DEBUG - 2026-08-22 13:39:14,797 - jasper.toolflow.backend - Getting iostd for port index 0
DEBUG - 2026-08-22 13:39:14,797 - jasper.toolflow.backend - IOSTD constraint found: LVCMOS18
INFO - 2026-08-22 13:39:14,797 - jasper.toolflow.backend - parsing constraint <castro.PinConstraint object at 0x7fae53b09e80>
DEBUG - 2026-08-22 13:39:14,797 - jasper.toolflow.backend - New PortConstraint instance found: MEZZANINE_3_FAULT_N -> MEZZANINE_3_FAULT_N
DEBUG - 2026-08-22 13:39:14,797 - jasper.toolflow.backend - Getting loc for port index 0
DEBUG - 2026-08-22 13:39:14,797 - jasper.toolflow.backend - LOC constraint found at AV14
DEBUG - 2026-08-22 13:39:14,797 - jasper.toolflow.backend - Getting iostd for port index 0
DEBUG - 2026-08-22 13:39:14,797 - jasper.toolflow.backend - IOSTD constraint found: LVCMOS18
INFO - 2026-08-22 13:39:14,797 - jasper.toolflow.backend - parsing constraint <castro.PinConstraint object at 0x7fae53b09eb0>
DEBUG - 2026-08-22 13:39:14,797 - jasper.toolflow.backend - New PortConstraint instance found: MEZZANINE_2_FAULT_N -> MEZZANINE_2_FAULT_N
DEBUG - 2026-08-22 13:39:14,797 - jasper.toolflow.backend - Getting loc for port index 0
DEBUG - 2026-08-22 13:39:14,797 - jasper.toolflow.backend - LOC constraint found at AW14
DEBUG - 2026-08-22 13:39:14,797 - jasper.toolflow.backend - Getting iostd for port index 0
DEBUG - 2026-08-22 13:39:14,797 - jasper.toolflow.backend - IOSTD constraint found: LVCMOS18
INFO - 2026-08-22 13:39:14,797 - jasper.toolflow.backend - parsing constraint <castro.PinConstraint object at 0x7fae53b09ee0>
DEBUG - 2026-08-22 13:39:14,797 - jasper.toolflow.backend - New PortConstraint instance found: MEZZANINE_1_FAULT_N -> MEZZANINE_1_FAULT_N
DEBUG - 2026-08-22 13:39:14,797 - jasper.toolflow.backend - Getting loc for port index 0
DEBUG - 2026-08-22 13:39:14,797 - jasper.toolflow.backend - LOC constraint found at AY14
DEBUG - 2026-08-22 13:39:14,797 - jasper.toolflow.backend - Getting iostd for port index 0
DEBUG - 2026-08-22 13:39:14,797 - jasper.toolflow.backend - IOSTD constraint found: LVCMOS18
INFO - 2026-08-22 13:39:14,797 - jasper.toolflow.backend - parsing constraint <castro.PinConstraint object at 0x7fae53b09f10>
DEBUG - 2026-08-22 13:39:14,797 - jasper.toolflow.backend - New PortConstraint instance found: MEZZANINE_0_FAULT_N -> MEZZANINE_0_FAULT_N
DEBUG - 2026-08-22 13:39:14,797 - jasper.toolflow.backend - Getting loc for port index 0
DEBUG - 2026-08-22 13:39:14,797 - jasper.toolflow.backend - LOC constraint found at BA14
DEBUG - 2026-08-22 13:39:14,797 - jasper.toolflow.backend - Getting iostd for port index 0
DEBUG - 2026-08-22 13:39:14,797 - jasper.toolflow.backend - IOSTD constraint found: LVCMOS18
INFO - 2026-08-22 13:39:14,797 - jasper.toolflow.backend - parsing constraint <castro.PinConstraint object at 0x7fae53b09f40>
DEBUG - 2026-08-22 13:39:14,797 - jasper.toolflow.backend - New PortConstraint instance found: FAN_CONT_ALERT_N -> FAN_CONT_ALERT_N
DEBUG - 2026-08-22 13:39:14,797 - jasper.toolflow.backend - Getting loc for port index 0
DEBUG - 2026-08-22 13:39:14,797 - jasper.toolflow.backend - LOC constraint found at BD22
DEBUG - 2026-08-22 13:39:14,797 - jasper.toolflow.backend - Getting iostd for port index 0
DEBUG - 2026-08-22 13:39:14,797 - jasper.toolflow.backend - IOSTD constraint found: LVCMOS18
INFO - 2026-08-22 13:39:14,797 - jasper.toolflow.backend - parsing constraint <castro.PinConstraint object at 0x7fae53b09f70>
DEBUG - 2026-08-22 13:39:14,797 - jasper.toolflow.backend - New PortConstraint instance found: FLASH_CS_N -> FLASH_CS_N
DEBUG - 2026-08-22 13:39:14,797 - jasper.toolflow.backend - Getting loc for port index 0
DEBUG - 2026-08-22 13:39:14,797 - jasper.toolflow.backend - LOC constraint found at BA29
DEBUG - 2026-08-22 13:39:14,797 - jasper.toolflow.backend - Getting iostd for port index 0
DEBUG - 2026-08-22 13:39:14,797 - jasper.toolflow.backend - IOSTD constraint found: LVCMOS18
INFO - 2026-08-22 13:39:14,797 - jasper.toolflow.backend - parsing constraint <castro.PinConstraint object at 0x7fae53b09fa0>
DEBUG - 2026-08-22 13:39:14,797 - jasper.toolflow.backend - New PortConstraint instance found: ONE_WIRE_EEPROM_STRONG_PULLUP_EN_N -> ONE_WIRE_EEPROM_STRONG_PULLUP_EN_N
DEBUG - 2026-08-22 13:39:14,797 - jasper.toolflow.backend - Getting loc for port index 0
DEBUG - 2026-08-22 13:39:14,797 - jasper.toolflow.backend - LOC constraint found at BC17
DEBUG - 2026-08-22 13:39:14,797 - jasper.toolflow.backend - Getting iostd for port index 0
DEBUG - 2026-08-22 13:39:14,797 - jasper.toolflow.backend - IOSTD constraint found: LVCMOS18
INFO - 2026-08-22 13:39:14,797 - jasper.toolflow.backend - parsing constraint <castro.PinConstraint object at 0x7fae53b09fd0>
DEBUG - 2026-08-22 13:39:14,797 - jasper.toolflow.backend - New PortConstraint instance found: CPU_SUS_STAT_N -> CPU_SUS_STAT_N
DEBUG - 2026-08-22 13:39:14,797 - jasper.toolflow.backend - Getting loc for port index 0
DEBUG - 2026-08-22 13:39:14,797 - jasper.toolflow.backend - LOC constraint found at B18
DEBUG - 2026-08-22 13:39:14,797 - jasper.toolflow.backend - Getting iostd for port index 0
DEBUG - 2026-08-22 13:39:14,797 - jasper.toolflow.backend - IOSTD constraint found: LVCMOS18
INFO - 2026-08-22 13:39:14,797 - jasper.toolflow.backend - parsing constraint <castro.PinConstraint object at 0x7fae53a98040>
DEBUG - 2026-08-22 13:39:14,797 - jasper.toolflow.backend - New PortConstraint instance found: USB_UART_TXD -> USB_UART_TXD
DEBUG - 2026-08-22 13:39:14,797 - jasper.toolflow.backend - Getting loc for port index 0
DEBUG - 2026-08-22 13:39:14,797 - jasper.toolflow.backend - LOC constraint found at BA13
DEBUG - 2026-08-22 13:39:14,797 - jasper.toolflow.backend - Getting iostd for port index 0
DEBUG - 2026-08-22 13:39:14,797 - jasper.toolflow.backend - IOSTD constraint found: LVCMOS18
INFO - 2026-08-22 13:39:14,797 - jasper.toolflow.backend - parsing constraint <castro.PinConstraint object at 0x7fae53a98070>
DEBUG - 2026-08-22 13:39:14,797 - jasper.toolflow.backend - New PortConstraint instance found: FLASH_ADV_N -> FLASH_ADV_N
DEBUG - 2026-08-22 13:39:14,797 - jasper.toolflow.backend - Getting loc for port index 0
DEBUG - 2026-08-22 13:39:14,797 - jasper.toolflow.backend - LOC constraint found at AN24
DEBUG - 2026-08-22 13:39:14,797 - jasper.toolflow.backend - Getting iostd for port index 0
DEBUG - 2026-08-22 13:39:14,797 - jasper.toolflow.backend - IOSTD constraint found: LVCMOS18
INFO - 2026-08-22 13:39:14,797 - jasper.toolflow.backend - parsing constraint <castro.PinConstraint object at 0x7fae53a980a0>
DEBUG - 2026-08-22 13:39:14,797 - jasper.toolflow.backend - New PortConstraint instance found: FAN_CONT_FAULT_N -> FAN_CONT_FAULT_N
DEBUG - 2026-08-22 13:39:14,797 - jasper.toolflow.backend - Getting loc for port index 0
DEBUG - 2026-08-22 13:39:14,797 - jasper.toolflow.backend - LOC constraint found at BC22
DEBUG - 2026-08-22 13:39:14,797 - jasper.toolflow.backend - Getting iostd for port index 0
DEBUG - 2026-08-22 13:39:14,797 - jasper.toolflow.backend - IOSTD constraint found: LVCMOS18
INFO - 2026-08-22 13:39:14,797 - jasper.toolflow.backend - parsing constraint <castro.PinConstraint object at 0x7fae53a980d0>
DEBUG - 2026-08-22 13:39:14,797 - jasper.toolflow.backend - New PortConstraint instance found: CPU_PWR_OK -> CPU_PWR_OK
DEBUG - 2026-08-22 13:39:14,797 - jasper.toolflow.backend - Getting loc for port index 0
DEBUG - 2026-08-22 13:39:14,797 - jasper.toolflow.backend - LOC constraint found at A18
DEBUG - 2026-08-22 13:39:14,798 - jasper.toolflow.backend - Getting iostd for port index 0
DEBUG - 2026-08-22 13:39:14,798 - jasper.toolflow.backend - IOSTD constraint found: LVCMOS18
INFO - 2026-08-22 13:39:14,798 - jasper.toolflow.backend - parsing constraint <castro.PinConstraint object at 0x7fae53a98100>
DEBUG - 2026-08-22 13:39:14,798 - jasper.toolflow.backend - New PortConstraint instance found: MEZZANINE_3_ENABLE_N -> MEZZANINE_3_ENABLE_N
DEBUG - 2026-08-22 13:39:14,798 - jasper.toolflow.backend - Getting loc for port index 0
DEBUG - 2026-08-22 13:39:14,798 - jasper.toolflow.backend - LOC constraint found at C12
DEBUG - 2026-08-22 13:39:14,798 - jasper.toolflow.backend - Getting iostd for port index 0
DEBUG - 2026-08-22 13:39:14,798 - jasper.toolflow.backend - IOSTD constraint found: LVCMOS18
INFO - 2026-08-22 13:39:14,798 - jasper.toolflow.backend - parsing constraint <castro.PinConstraint object at 0x7fae53a98130>
DEBUG - 2026-08-22 13:39:14,798 - jasper.toolflow.backend - New PortConstraint instance found: MEZZANINE_2_ENABLE_N -> MEZZANINE_2_ENABLE_N
DEBUG - 2026-08-22 13:39:14,798 - jasper.toolflow.backend - Getting loc for port index 0
DEBUG - 2026-08-22 13:39:14,798 - jasper.toolflow.backend - LOC constraint found at E17
DEBUG - 2026-08-22 13:39:14,798 - jasper.toolflow.backend - Getting iostd for port index 0
DEBUG - 2026-08-22 13:39:14,798 - jasper.toolflow.backend - IOSTD constraint found: LVCMOS18
INFO - 2026-08-22 13:39:14,798 - jasper.toolflow.backend - parsing constraint <castro.PinConstraint object at 0x7fae53a98160>
DEBUG - 2026-08-22 13:39:14,798 - jasper.toolflow.backend - New PortConstraint instance found: MEZZANINE_1_ENABLE_N -> MEZZANINE_1_ENABLE_N
DEBUG - 2026-08-22 13:39:14,798 - jasper.toolflow.backend - Getting loc for port index 0
DEBUG - 2026-08-22 13:39:14,798 - jasper.toolflow.backend - LOC constraint found at C17
DEBUG - 2026-08-22 13:39:14,798 - jasper.toolflow.backend - Getting iostd for port index 0
DEBUG - 2026-08-22 13:39:14,798 - jasper.toolflow.backend - IOSTD constraint found: LVCMOS18
INFO - 2026-08-22 13:39:14,798 - jasper.toolflow.backend - parsing constraint <castro.PinConstraint object at 0x7fae53a98190>
DEBUG - 2026-08-22 13:39:14,798 - jasper.toolflow.backend - New PortConstraint instance found: MEZZANINE_0_ENABLE_N -> MEZZANINE_0_ENABLE_N
DEBUG - 2026-08-22 13:39:14,798 - jasper.toolflow.backend - Getting loc for port index 0
DEBUG - 2026-08-22 13:39:14,798 - jasper.toolflow.backend - LOC constraint found at B33
DEBUG - 2026-08-22 13:39:14,798 - jasper.toolflow.backend - Getting iostd for port index 0
DEBUG - 2026-08-22 13:39:14,798 - jasper.toolflow.backend - IOSTD constraint found: LVCMOS18
INFO - 2026-08-22 13:39:14,798 - jasper.toolflow.backend - parsing constraint <castro.PinConstraint object at 0x7fae53a981c0>
DEBUG - 2026-08-22 13:39:14,798 - jasper.toolflow.backend - New PortConstraint instance found: DEBUG_UART_TX -> DEBUG_UART_TX
DEBUG - 2026-08-22 13:39:14,798 - jasper.toolflow.backend - Getting loc for port index 0
DEBUG - 2026-08-22 13:39:14,798 - jasper.toolflow.backend - LOC constraint found at BD20
DEBUG - 2026-08-22 13:39:14,798 - jasper.toolflow.backend - Getting iostd for port index 0
DEBUG - 2026-08-22 13:39:14,798 - jasper.toolflow.backend - IOSTD constraint found: LVCMOS18
INFO - 2026-08-22 13:39:14,798 - jasper.toolflow.backend - parsing constraint <castro.PinConstraint object at 0x7fae53a981f0>
DEBUG - 2026-08-22 13:39:14,798 - jasper.toolflow.backend - New PortConstraint instance found: SPARTAN_CLK -> SPARTAN_CLK
DEBUG - 2026-08-22 13:39:14,798 - jasper.toolflow.backend - Getting loc for port index 0
DEBUG - 2026-08-22 13:39:14,798 - jasper.toolflow.backend - LOC constraint found at BA26
DEBUG - 2026-08-22 13:39:14,798 - jasper.toolflow.backend - Getting iostd for port index 0
DEBUG - 2026-08-22 13:39:14,798 - jasper.toolflow.backend - IOSTD constraint found: LVCMOS18
INFO - 2026-08-22 13:39:14,798 - jasper.toolflow.backend - parsing constraint <castro.PinConstraint object at 0x7fae53a98220>
DEBUG - 2026-08-22 13:39:14,798 - jasper.toolflow.backend - New PortConstraint instance found: MEZZANINE_3_RESET -> MEZZANINE_3_RESET
DEBUG - 2026-08-22 13:39:14,798 - jasper.toolflow.backend - Getting loc for port index 0
DEBUG - 2026-08-22 13:39:14,798 - jasper.toolflow.backend - LOC constraint found at E12
DEBUG - 2026-08-22 13:39:14,798 - jasper.toolflow.backend - Getting iostd for port index 0
DEBUG - 2026-08-22 13:39:14,798 - jasper.toolflow.backend - IOSTD constraint found: LVCMOS18
INFO - 2026-08-22 13:39:14,798 - jasper.toolflow.backend - parsing constraint <castro.PinConstraint object at 0x7fae53a98250>
DEBUG - 2026-08-22 13:39:14,798 - jasper.toolflow.backend - New PortConstraint instance found: MEZZANINE_3_SDA_FPGA -> MEZZANINE_3_SDA_FPGA
DEBUG - 2026-08-22 13:39:14,798 - jasper.toolflow.backend - Getting loc for port index 0
DEBUG - 2026-08-22 13:39:14,798 - jasper.toolflow.backend - LOC constraint found at A15
DEBUG - 2026-08-22 13:39:14,798 - jasper.toolflow.backend - Getting iostd for port index 0
DEBUG - 2026-08-22 13:39:14,798 - jasper.toolflow.backend - IOSTD constraint found: LVCMOS18
INFO - 2026-08-22 13:39:14,798 - jasper.toolflow.backend - parsing constraint <castro.PinConstraint object at 0x7fae53a98280>
DEBUG - 2026-08-22 13:39:14,798 - jasper.toolflow.backend - New PortConstraint instance found: MEZZANINE_2_SDA_FPGA -> MEZZANINE_2_SDA_FPGA
DEBUG - 2026-08-22 13:39:14,798 - jasper.toolflow.backend - Getting loc for port index 0
DEBUG - 2026-08-22 13:39:14,798 - jasper.toolflow.backend - LOC constraint found at BC14
DEBUG - 2026-08-22 13:39:14,798 - jasper.toolflow.backend - Getting iostd for port index 0
DEBUG - 2026-08-22 13:39:14,798 - jasper.toolflow.backend - IOSTD constraint found: LVCMOS18
INFO - 2026-08-22 13:39:14,798 - jasper.toolflow.backend - parsing constraint <castro.PinConstraint object at 0x7fae53a982b0>
DEBUG - 2026-08-22 13:39:14,798 - jasper.toolflow.backend - New PortConstraint instance found: MEZZANINE_1_SDA_FPGA -> MEZZANINE_1_SDA_FPGA
DEBUG - 2026-08-22 13:39:14,798 - jasper.toolflow.backend - Getting loc for port index 0
DEBUG - 2026-08-22 13:39:14,798 - jasper.toolflow.backend - LOC constraint found at BD31
DEBUG - 2026-08-22 13:39:14,798 - jasper.toolflow.backend - Getting iostd for port index 0
DEBUG - 2026-08-22 13:39:14,798 - jasper.toolflow.backend - IOSTD constraint found: LVCMOS18
INFO - 2026-08-22 13:39:14,798 - jasper.toolflow.backend - parsing constraint <castro.PinConstraint object at 0x7fae53a982e0>
DEBUG - 2026-08-22 13:39:14,798 - jasper.toolflow.backend - New PortConstraint instance found: MEZZANINE_0_SDA_FPGA -> MEZZANINE_0_SDA_FPGA
DEBUG - 2026-08-22 13:39:14,798 - jasper.toolflow.backend - Getting loc for port index 0
DEBUG - 2026-08-22 13:39:14,798 - jasper.toolflow.backend - LOC constraint found at A30
DEBUG - 2026-08-22 13:39:14,798 - jasper.toolflow.backend - Getting iostd for port index 0
DEBUG - 2026-08-22 13:39:14,798 - jasper.toolflow.backend - IOSTD constraint found: LVCMOS18
INFO - 2026-08-22 13:39:14,798 - jasper.toolflow.backend - parsing constraint <castro.PinConstraint object at 0x7fae53a98310>
DEBUG - 2026-08-22 13:39:14,798 - jasper.toolflow.backend - New PortConstraint instance found: CPU_SUS_S4_N -> CPU_SUS_S4_N
DEBUG - 2026-08-22 13:39:14,798 - jasper.toolflow.backend - Getting loc for port index 0
DEBUG - 2026-08-22 13:39:14,798 - jasper.toolflow.backend - LOC constraint found at B16
DEBUG - 2026-08-22 13:39:14,798 - jasper.toolflow.backend - Getting iostd for port index 0
DEBUG - 2026-08-22 13:39:14,798 - jasper.toolflow.backend - IOSTD constraint found: LVCMOS18
INFO - 2026-08-22 13:39:14,798 - jasper.toolflow.backend - parsing constraint <castro.PinConstraint object at 0x7fae53a98340>
DEBUG - 2026-08-22 13:39:14,798 - jasper.toolflow.backend - New PortConstraint instance found: FLASH_WAIT -> FLASH_WAIT
DEBUG - 2026-08-22 13:39:14,798 - jasper.toolflow.backend - Getting loc for port index 0
DEBUG - 2026-08-22 13:39:14,798 - jasper.toolflow.backend - LOC constraint found at BD26
DEBUG - 2026-08-22 13:39:14,798 - jasper.toolflow.backend - Getting iostd for port index 0
DEBUG - 2026-08-22 13:39:14,798 - jasper.toolflow.backend - IOSTD constraint found: LVCMOS18
INFO - 2026-08-22 13:39:14,798 - jasper.toolflow.backend - parsing constraint <castro.PinConstraint object at 0x7fae53a98370>
DEBUG - 2026-08-22 13:39:14,798 - jasper.toolflow.backend - New PortConstraint instance found: FPGA_ATX_PSU_KILL -> FPGA_ATX_PSU_KILL
DEBUG - 2026-08-22 13:39:14,798 - jasper.toolflow.backend - Getting loc for port index 0
DEBUG - 2026-08-22 13:39:14,798 - jasper.toolflow.backend - LOC constraint found at BD10
DEBUG - 2026-08-22 13:39:14,798 - jasper.toolflow.backend - Getting iostd for port index 0
DEBUG - 2026-08-22 13:39:14,798 - jasper.toolflow.backend - IOSTD constraint found: LVCMOS18
INFO - 2026-08-22 13:39:14,798 - jasper.toolflow.backend - parsing constraint <castro.PinConstraint object at 0x7fae53a983a0>
DEBUG - 2026-08-22 13:39:14,798 - jasper.toolflow.backend - New PortConstraint instance found: CPU_PWR_BTN_N -> CPU_PWR_BTN_N
DEBUG - 2026-08-22 13:39:14,798 - jasper.toolflow.backend - Getting loc for port index 0
DEBUG - 2026-08-22 13:39:14,798 - jasper.toolflow.backend - LOC constraint found at BD11
DEBUG - 2026-08-22 13:39:14,798 - jasper.toolflow.backend - Getting iostd for port index 0
DEBUG - 2026-08-22 13:39:14,798 - jasper.toolflow.backend - IOSTD constraint found: LVCMOS18
INFO - 2026-08-22 13:39:14,798 - jasper.toolflow.backend - parsing constraint <castro.PinConstraint object at 0x7fae53a983d0>
DEBUG - 2026-08-22 13:39:14,798 - jasper.toolflow.backend - New PortConstraint instance found: FLASH_OE_N -> FLASH_OE_N
DEBUG - 2026-08-22 13:39:14,798 - jasper.toolflow.backend - Getting loc for port index 0
DEBUG - 2026-08-22 13:39:14,798 - jasper.toolflow.backend - LOC constraint found at AL24
DEBUG - 2026-08-22 13:39:14,798 - jasper.toolflow.backend - Getting iostd for port index 0
DEBUG - 2026-08-22 13:39:14,798 - jasper.toolflow.backend - IOSTD constraint found: LVCMOS18
INFO - 2026-08-22 13:39:14,798 - jasper.toolflow.backend - parsing constraint <castro.PinConstraint object at 0x7fae53a98400>
DEBUG - 2026-08-22 13:39:14,799 - jasper.toolflow.backend - New PortConstraint instance found: MEZZANINE_3_ONE_WIRE -> MEZZANINE_3_ONE_WIRE
DEBUG - 2026-08-22 13:39:14,799 - jasper.toolflow.backend - Getting loc for port index 0
DEBUG - 2026-08-22 13:39:14,799 - jasper.toolflow.backend - LOC constraint found at A13
DEBUG - 2026-08-22 13:39:14,799 - jasper.toolflow.backend - Getting iostd for port index 0
DEBUG - 2026-08-22 13:39:14,799 - jasper.toolflow.backend - IOSTD constraint found: LVCMOS18
INFO - 2026-08-22 13:39:14,799 - jasper.toolflow.backend - parsing constraint <castro.PinConstraint object at 0x7fae53a98430>
DEBUG - 2026-08-22 13:39:14,799 - jasper.toolflow.backend - New PortConstraint instance found: MEZZANINE_2_ONE_WIRE -> MEZZANINE_2_ONE_WIRE
DEBUG - 2026-08-22 13:39:14,799 - jasper.toolflow.backend - Getting loc for port index 0
DEBUG - 2026-08-22 13:39:14,799 - jasper.toolflow.backend - LOC constraint found at BB10
DEBUG - 2026-08-22 13:39:14,799 - jasper.toolflow.backend - Getting iostd for port index 0
DEBUG - 2026-08-22 13:39:14,799 - jasper.toolflow.backend - IOSTD constraint found: LVCMOS18
INFO - 2026-08-22 13:39:14,799 - jasper.toolflow.backend - parsing constraint <castro.PinConstraint object at 0x7fae53a98460>
DEBUG - 2026-08-22 13:39:14,799 - jasper.toolflow.backend - New PortConstraint instance found: MEZZANINE_1_ONE_WIRE -> MEZZANINE_1_ONE_WIRE
DEBUG - 2026-08-22 13:39:14,799 - jasper.toolflow.backend - Getting loc for port index 0
DEBUG - 2026-08-22 13:39:14,799 - jasper.toolflow.backend - LOC constraint found at BC34
DEBUG - 2026-08-22 13:39:14,799 - jasper.toolflow.backend - Getting iostd for port index 0
DEBUG - 2026-08-22 13:39:14,799 - jasper.toolflow.backend - IOSTD constraint found: LVCMOS18
INFO - 2026-08-22 13:39:14,799 - jasper.toolflow.backend - parsing constraint <castro.PinConstraint object at 0x7fae53a98490>
DEBUG - 2026-08-22 13:39:14,799 - jasper.toolflow.backend - New PortConstraint instance found: MEZZANINE_0_ONE_WIRE -> MEZZANINE_0_ONE_WIRE
DEBUG - 2026-08-22 13:39:14,799 - jasper.toolflow.backend - Getting loc for port index 0
DEBUG - 2026-08-22 13:39:14,799 - jasper.toolflow.backend - LOC constraint found at B32
DEBUG - 2026-08-22 13:39:14,799 - jasper.toolflow.backend - Getting iostd for port index 0
DEBUG - 2026-08-22 13:39:14,799 - jasper.toolflow.backend - IOSTD constraint found: LVCMOS18
INFO - 2026-08-22 13:39:14,799 - jasper.toolflow.backend - parsing constraint <castro.PinConstraint object at 0x7fae53a984c0>
DEBUG - 2026-08-22 13:39:14,799 - jasper.toolflow.backend - New PortConstraint instance found: FLASH_RS1 -> FLASH_RS1
DEBUG - 2026-08-22 13:39:14,799 - jasper.toolflow.backend - Getting loc for port index 0
DEBUG - 2026-08-22 13:39:14,799 - jasper.toolflow.backend - LOC constraint found at AJ25
DEBUG - 2026-08-22 13:39:14,799 - jasper.toolflow.backend - Getting iostd for port index 0
DEBUG - 2026-08-22 13:39:14,799 - jasper.toolflow.backend - IOSTD constraint found: LVCMOS18
INFO - 2026-08-22 13:39:14,799 - jasper.toolflow.backend - parsing constraint <castro.PinConstraint object at 0x7fae53a984f0>
DEBUG - 2026-08-22 13:39:14,799 - jasper.toolflow.backend - New PortConstraint instance found: FLASH_RS0 -> FLASH_RS0
DEBUG - 2026-08-22 13:39:14,799 - jasper.toolflow.backend - Getting loc for port index 0
DEBUG - 2026-08-22 13:39:14,799 - jasper.toolflow.backend - LOC constraint found at AJ26
DEBUG - 2026-08-22 13:39:14,799 - jasper.toolflow.backend - Getting iostd for port index 0
DEBUG - 2026-08-22 13:39:14,799 - jasper.toolflow.backend - IOSTD constraint found: LVCMOS18
INFO - 2026-08-22 13:39:14,799 - jasper.toolflow.backend - parsing constraint <castro.PinConstraint object at 0x7fae53a98520>
DEBUG - 2026-08-22 13:39:14,799 - jasper.toolflow.backend - New PortConstraint instance found: CPU_SYS_RESET_N -> CPU_SYS_RESET_N
DEBUG - 2026-08-22 13:39:14,799 - jasper.toolflow.backend - Getting loc for port index 0
DEBUG - 2026-08-22 13:39:14,799 - jasper.toolflow.backend - LOC constraint found at BC10
DEBUG - 2026-08-22 13:39:14,799 - jasper.toolflow.backend - Getting iostd for port index 0
DEBUG - 2026-08-22 13:39:14,799 - jasper.toolflow.backend - IOSTD constraint found: LVCMOS18
INFO - 2026-08-22 13:39:14,799 - jasper.toolflow.backend - parsing constraint <castro.PinConstraint object at 0x7fae53a98550>
DEBUG - 2026-08-22 13:39:14,799 - jasper.toolflow.backend - New PortConstraint instance found: MEZZANINE_3_CLK_SEL -> MEZZANINE_3_CLK_SEL
DEBUG - 2026-08-22 13:39:14,799 - jasper.toolflow.backend - Getting loc for port index 0
DEBUG - 2026-08-22 13:39:14,799 - jasper.toolflow.backend - LOC constraint found at B12
DEBUG - 2026-08-22 13:39:14,799 - jasper.toolflow.backend - Getting iostd for port index 0
DEBUG - 2026-08-22 13:39:14,799 - jasper.toolflow.backend - IOSTD constraint found: LVCMOS18
INFO - 2026-08-22 13:39:14,799 - jasper.toolflow.backend - parsing constraint <castro.PinConstraint object at 0x7fae53a98580>
DEBUG - 2026-08-22 13:39:14,799 - jasper.toolflow.backend - New PortConstraint instance found: CPU_SUS_S5_N -> CPU_SUS_S5_N
DEBUG - 2026-08-22 13:39:14,799 - jasper.toolflow.backend - Getting loc for port index 0
DEBUG - 2026-08-22 13:39:14,799 - jasper.toolflow.backend - LOC constraint found at B17
DEBUG - 2026-08-22 13:39:14,799 - jasper.toolflow.backend - Getting iostd for port index 0
DEBUG - 2026-08-22 13:39:14,799 - jasper.toolflow.backend - IOSTD constraint found: LVCMOS18
INFO - 2026-08-22 13:39:14,799 - jasper.toolflow.backend - parsing constraint <castro.PinConstraint object at 0x7fae53a985b0>
DEBUG - 2026-08-22 13:39:14,799 - jasper.toolflow.backend - New PortConstraint instance found: CONFIG_IO_0 -> CONFIG_IO_0
DEBUG - 2026-08-22 13:39:14,799 - jasper.toolflow.backend - Getting loc for port index 0
DEBUG - 2026-08-22 13:39:14,799 - jasper.toolflow.backend - LOC constraint found at BB26
DEBUG - 2026-08-22 13:39:14,799 - jasper.toolflow.backend - Getting iostd for port index 0
DEBUG - 2026-08-22 13:39:14,799 - jasper.toolflow.backend - IOSTD constraint found: LVCMOS18
INFO - 2026-08-22 13:39:14,799 - jasper.toolflow.backend - parsing constraint <castro.PinConstraint object at 0x7fae53a985e0>
DEBUG - 2026-08-22 13:39:14,799 - jasper.toolflow.backend - New PortConstraint instance found: CONFIG_IO_1 -> CONFIG_IO_1
DEBUG - 2026-08-22 13:39:14,799 - jasper.toolflow.backend - Getting loc for port index 0
DEBUG - 2026-08-22 13:39:14,799 - jasper.toolflow.backend - LOC constraint found at BB25
DEBUG - 2026-08-22 13:39:14,799 - jasper.toolflow.backend - Getting iostd for port index 0
DEBUG - 2026-08-22 13:39:14,799 - jasper.toolflow.backend - IOSTD constraint found: LVCMOS18
INFO - 2026-08-22 13:39:14,799 - jasper.toolflow.backend - parsing constraint <castro.PinConstraint object at 0x7fae53a98610>
DEBUG - 2026-08-22 13:39:14,799 - jasper.toolflow.backend - New PortConstraint instance found: CONFIG_IO_2 -> CONFIG_IO_2
DEBUG - 2026-08-22 13:39:14,799 - jasper.toolflow.backend - Getting loc for port index 0
DEBUG - 2026-08-22 13:39:14,799 - jasper.toolflow.backend - LOC constraint found at BC25
DEBUG - 2026-08-22 13:39:14,799 - jasper.toolflow.backend - Getting iostd for port index 0
DEBUG - 2026-08-22 13:39:14,799 - jasper.toolflow.backend - IOSTD constraint found: LVCMOS18
INFO - 2026-08-22 13:39:14,799 - jasper.toolflow.backend - parsing constraint <castro.PinConstraint object at 0x7fae53a98640>
DEBUG - 2026-08-22 13:39:14,799 - jasper.toolflow.backend - New PortConstraint instance found: CONFIG_IO_3 -> CONFIG_IO_3
DEBUG - 2026-08-22 13:39:14,799 - jasper.toolflow.backend - Getting loc for port index 0
DEBUG - 2026-08-22 13:39:14,799 - jasper.toolflow.backend - LOC constraint found at BD25
DEBUG - 2026-08-22 13:39:14,799 - jasper.toolflow.backend - Getting iostd for port index 0
DEBUG - 2026-08-22 13:39:14,799 - jasper.toolflow.backend - IOSTD constraint found: LVCMOS18
INFO - 2026-08-22 13:39:14,799 - jasper.toolflow.backend - parsing constraint <castro.PinConstraint object at 0x7fae53a98670>
DEBUG - 2026-08-22 13:39:14,799 - jasper.toolflow.backend - New PortConstraint instance found: CONFIG_IO_4 -> CONFIG_IO_4
DEBUG - 2026-08-22 13:39:14,799 - jasper.toolflow.backend - Getting loc for port index 0
DEBUG - 2026-08-22 13:39:14,799 - jasper.toolflow.backend - LOC constraint found at AY24
DEBUG - 2026-08-22 13:39:14,799 - jasper.toolflow.backend - Getting iostd for port index 0
DEBUG - 2026-08-22 13:39:14,799 - jasper.toolflow.backend - IOSTD constraint found: LVCMOS18
INFO - 2026-08-22 13:39:14,799 - jasper.toolflow.backend - parsing constraint <castro.PinConstraint object at 0x7fae53a986a0>
DEBUG - 2026-08-22 13:39:14,799 - jasper.toolflow.backend - New PortConstraint instance found: CONFIG_IO_5 -> CONFIG_IO_5
DEBUG - 2026-08-22 13:39:14,799 - jasper.toolflow.backend - Getting loc for port index 0
DEBUG - 2026-08-22 13:39:14,799 - jasper.toolflow.backend - LOC constraint found at BA24
DEBUG - 2026-08-22 13:39:14,799 - jasper.toolflow.backend - Getting iostd for port index 0
DEBUG - 2026-08-22 13:39:14,799 - jasper.toolflow.backend - IOSTD constraint found: LVCMOS18
INFO - 2026-08-22 13:39:14,799 - jasper.toolflow.backend - parsing constraint <castro.PinConstraint object at 0x7fae53a986d0>
DEBUG - 2026-08-22 13:39:14,799 - jasper.toolflow.backend - New PortConstraint instance found: CONFIG_IO_6 -> CONFIG_IO_6
DEBUG - 2026-08-22 13:39:14,799 - jasper.toolflow.backend - Getting loc for port index 0
DEBUG - 2026-08-22 13:39:14,799 - jasper.toolflow.backend - LOC constraint found at BC24
DEBUG - 2026-08-22 13:39:14,799 - jasper.toolflow.backend - Getting iostd for port index 0
DEBUG - 2026-08-22 13:39:14,799 - jasper.toolflow.backend - IOSTD constraint found: LVCMOS18
INFO - 2026-08-22 13:39:14,799 - jasper.toolflow.backend - parsing constraint <castro.PinConstraint object at 0x7fae53a98700>
DEBUG - 2026-08-22 13:39:14,799 - jasper.toolflow.backend - New PortConstraint instance found: CONFIG_IO_7 -> CONFIG_IO_7
DEBUG - 2026-08-22 13:39:14,799 - jasper.toolflow.backend - Getting loc for port index 0
DEBUG - 2026-08-22 13:39:14,799 - jasper.toolflow.backend - LOC constraint found at BD24
DEBUG - 2026-08-22 13:39:14,799 - jasper.toolflow.backend - Getting iostd for port index 0
DEBUG - 2026-08-22 13:39:14,799 - jasper.toolflow.backend - IOSTD constraint found: LVCMOS18
INFO - 2026-08-22 13:39:14,800 - jasper.toolflow.backend - parsing constraint <castro.PinConstraint object at 0x7fae53a98730>
DEBUG - 2026-08-22 13:39:14,800 - jasper.toolflow.backend - New PortConstraint instance found: CONFIG_IO_8 -> CONFIG_IO_8
DEBUG - 2026-08-22 13:39:14,800 - jasper.toolflow.backend - Getting loc for port index 0
DEBUG - 2026-08-22 13:39:14,800 - jasper.toolflow.backend - LOC constraint found at AY23
DEBUG - 2026-08-22 13:39:14,800 - jasper.toolflow.backend - Getting iostd for port index 0
DEBUG - 2026-08-22 13:39:14,800 - jasper.toolflow.backend - IOSTD constraint found: LVCMOS18
INFO - 2026-08-22 13:39:14,800 - jasper.toolflow.backend - parsing constraint <castro.PinConstraint object at 0x7fae53a98760>
DEBUG - 2026-08-22 13:39:14,800 - jasper.toolflow.backend - New PortConstraint instance found: CONFIG_IO_9 -> CONFIG_IO_9
DEBUG - 2026-08-22 13:39:14,800 - jasper.toolflow.backend - Getting loc for port index 0
DEBUG - 2026-08-22 13:39:14,800 - jasper.toolflow.backend - LOC constraint found at BA23
DEBUG - 2026-08-22 13:39:14,800 - jasper.toolflow.backend - Getting iostd for port index 0
DEBUG - 2026-08-22 13:39:14,800 - jasper.toolflow.backend - IOSTD constraint found: LVCMOS18
INFO - 2026-08-22 13:39:14,800 - jasper.toolflow.backend - parsing constraint <castro.PinConstraint object at 0x7fae53a98790>
DEBUG - 2026-08-22 13:39:14,800 - jasper.toolflow.backend - New PortConstraint instance found: CONFIG_IO_10 -> CONFIG_IO_10
DEBUG - 2026-08-22 13:39:14,800 - jasper.toolflow.backend - Getting loc for port index 0
DEBUG - 2026-08-22 13:39:14,800 - jasper.toolflow.backend - LOC constraint found at BB23
DEBUG - 2026-08-22 13:39:14,800 - jasper.toolflow.backend - Getting iostd for port index 0
DEBUG - 2026-08-22 13:39:14,800 - jasper.toolflow.backend - IOSTD constraint found: LVCMOS18
INFO - 2026-08-22 13:39:14,800 - jasper.toolflow.backend - parsing constraint <castro.PinConstraint object at 0x7fae53a987c0>
DEBUG - 2026-08-22 13:39:14,800 - jasper.toolflow.backend - New PortConstraint instance found: CONFIG_IO_11 -> CONFIG_IO_11
DEBUG - 2026-08-22 13:39:14,800 - jasper.toolflow.backend - Getting loc for port index 0
DEBUG - 2026-08-22 13:39:14,800 - jasper.toolflow.backend - LOC constraint found at BC23
DEBUG - 2026-08-22 13:39:14,800 - jasper.toolflow.backend - Getting iostd for port index 0
DEBUG - 2026-08-22 13:39:14,800 - jasper.toolflow.backend - IOSTD constraint found: LVCMOS18
INFO - 2026-08-22 13:39:14,800 - jasper.toolflow.backend - parsing constraint <castro.PinConstraint object at 0x7fae53a987f0>
DEBUG - 2026-08-22 13:39:14,800 - jasper.toolflow.backend - New PortConstraint instance found: FPGA_LEDS -> led
DEBUG - 2026-08-22 13:39:14,800 - jasper.toolflow.backend - Getting loc for port index 0
DEBUG - 2026-08-22 13:39:14,800 - jasper.toolflow.backend - LOC constraint found at A29
DEBUG - 2026-08-22 13:39:14,800 - jasper.toolflow.backend - Getting loc for port index 1
DEBUG - 2026-08-22 13:39:14,800 - jasper.toolflow.backend - LOC constraint found at C29
DEBUG - 2026-08-22 13:39:14,800 - jasper.toolflow.backend - Getting loc for port index 2
DEBUG - 2026-08-22 13:39:14,800 - jasper.toolflow.backend - LOC constraint found at D29
DEBUG - 2026-08-22 13:39:14,800 - jasper.toolflow.backend - Getting loc for port index 3
DEBUG - 2026-08-22 13:39:14,800 - jasper.toolflow.backend - LOC constraint found at E29
DEBUG - 2026-08-22 13:39:14,800 - jasper.toolflow.backend - Getting loc for port index 4
DEBUG - 2026-08-22 13:39:14,800 - jasper.toolflow.backend - LOC constraint found at A28
DEBUG - 2026-08-22 13:39:14,800 - jasper.toolflow.backend - Getting loc for port index 5
DEBUG - 2026-08-22 13:39:14,800 - jasper.toolflow.backend - LOC constraint found at B28
DEBUG - 2026-08-22 13:39:14,800 - jasper.toolflow.backend - Getting loc for port index 6
DEBUG - 2026-08-22 13:39:14,800 - jasper.toolflow.backend - LOC constraint found at C28
DEBUG - 2026-08-22 13:39:14,800 - jasper.toolflow.backend - Getting loc for port index 7
DEBUG - 2026-08-22 13:39:14,800 - jasper.toolflow.backend - LOC constraint found at E28
DEBUG - 2026-08-22 13:39:14,800 - jasper.toolflow.backend - Getting iostd for port index 0
DEBUG - 2026-08-22 13:39:14,800 - jasper.toolflow.backend - IOSTD constraint found: LVCMOS18
DEBUG - 2026-08-22 13:39:14,800 - jasper.toolflow.backend - Getting iostd for port index 1
DEBUG - 2026-08-22 13:39:14,800 - jasper.toolflow.backend - IOSTD constraint found: LVCMOS18
DEBUG - 2026-08-22 13:39:14,800 - jasper.toolflow.backend - Getting iostd for port index 2
DEBUG - 2026-08-22 13:39:14,800 - jasper.toolflow.backend - IOSTD constraint found: LVCMOS18
DEBUG - 2026-08-22 13:39:14,800 - jasper.toolflow.backend - Getting iostd for port index 3
DEBUG - 2026-08-22 13:39:14,800 - jasper.toolflow.backend - IOSTD constraint found: LVCMOS18
DEBUG - 2026-08-22 13:39:14,800 - jasper.toolflow.backend - Getting iostd for port index 4
DEBUG - 2026-08-22 13:39:14,800 - jasper.toolflow.backend - IOSTD constraint found: LVCMOS18
DEBUG - 2026-08-22 13:39:14,800 - jasper.toolflow.backend - Getting iostd for port index 5
DEBUG - 2026-08-22 13:39:14,800 - jasper.toolflow.backend - IOSTD constraint found: LVCMOS18
DEBUG - 2026-08-22 13:39:14,800 - jasper.toolflow.backend - Getting iostd for port index 6
DEBUG - 2026-08-22 13:39:14,800 - jasper.toolflow.backend - IOSTD constraint found: LVCMOS18
DEBUG - 2026-08-22 13:39:14,800 - jasper.toolflow.backend - Getting iostd for port index 7
DEBUG - 2026-08-22 13:39:14,800 - jasper.toolflow.backend - IOSTD constraint found: LVCMOS18
INFO - 2026-08-22 13:39:14,800 - jasper.toolflow.backend - parsing constraint <castro.ClkConstraint object at 0x7fae53ae99a0>
DEBUG - 2026-08-22 13:39:14,800 - jasper.toolflow.backend - New Clock constraint found
INFO - 2026-08-22 13:39:14,800 - jasper.toolflow.backend - parsing constraint <castro.ClkConstraint object at 0x7fae53ae99d0>
DEBUG - 2026-08-22 13:39:14,800 - jasper.toolflow.backend - New Clock constraint found
INFO - 2026-08-22 13:39:14,800 - jasper.toolflow.backend - parsing constraint <castro.ClkConstraint object at 0x7fae53ae9a00>
DEBUG - 2026-08-22 13:39:14,800 - jasper.toolflow.backend - New Clock constraint found
INFO - 2026-08-22 13:39:14,800 - jasper.toolflow.backend - parsing constraint <castro.ClkConstraint object at 0x7fae53ae9a30>
DEBUG - 2026-08-22 13:39:14,800 - jasper.toolflow.backend - New Clock constraint found
INFO - 2026-08-22 13:39:14,800 - jasper.toolflow.backend - parsing constraint <castro.ClkConstraint object at 0x7fae53ae9a60>
DEBUG - 2026-08-22 13:39:14,800 - jasper.toolflow.backend - New Clock constraint found
INFO - 2026-08-22 13:39:14,800 - jasper.toolflow.backend - parsing constraint <castro.ClkGrpConstraint object at 0x7fae53ae9a90>
DEBUG - 2026-08-22 13:39:14,800 - jasper.toolflow.backend - New Clock group constraint found
INFO - 2026-08-22 13:39:14,800 - jasper.toolflow.backend - parsing constraint <castro.ClkGrpConstraint object at 0x7fae53ae9ac0>
DEBUG - 2026-08-22 13:39:14,800 - jasper.toolflow.backend - New Clock group constraint found
INFO - 2026-08-22 13:39:14,800 - jasper.toolflow.backend - parsing constraint <castro.ClkGrpConstraint object at 0x7fae53ae9af0>
DEBUG - 2026-08-22 13:39:14,800 - jasper.toolflow.backend - New Clock group constraint found
INFO - 2026-08-22 13:39:14,800 - jasper.toolflow.backend - parsing constraint <castro.ClkGrpConstraint object at 0x7fae53ae9b20>
DEBUG - 2026-08-22 13:39:14,800 - jasper.toolflow.backend - New Clock group constraint found
INFO - 2026-08-22 13:39:14,800 - jasper.toolflow.backend - parsing constraint <castro.ClkGrpConstraint object at 0x7fae53ae9b50>
DEBUG - 2026-08-22 13:39:14,800 - jasper.toolflow.backend - New Clock group constraint found
INFO - 2026-08-22 13:39:14,800 - jasper.toolflow.backend - parsing constraint <castro.ClkGrpConstraint object at 0x7fae53ae9b80>
DEBUG - 2026-08-22 13:39:14,800 - jasper.toolflow.backend - New Clock group constraint found
INFO - 2026-08-22 13:39:14,800 - jasper.toolflow.backend - parsing constraint <castro.ClkGrpConstraint object at 0x7fae53ae9bb0>
DEBUG - 2026-08-22 13:39:14,800 - jasper.toolflow.backend - New Clock group constraint found
INFO - 2026-08-22 13:39:14,800 - jasper.toolflow.backend - parsing constraint <castro.ClkGrpConstraint object at 0x7fae53ae9be0>
DEBUG - 2026-08-22 13:39:14,800 - jasper.toolflow.backend - New Clock group constraint found
INFO - 2026-08-22 13:39:14,800 - jasper.toolflow.backend - parsing constraint <castro.ClkGrpConstraint object at 0x7fae53ae9c10>
DEBUG - 2026-08-22 13:39:14,800 - jasper.toolflow.backend - New Clock group constraint found
INFO - 2026-08-22 13:39:14,800 - jasper.toolflow.backend - parsing constraint <castro.ClkGrpConstraint object at 0x7fae53ae9c40>
DEBUG - 2026-08-22 13:39:14,800 - jasper.toolflow.backend - New Clock group constraint found
INFO - 2026-08-22 13:39:14,800 - jasper.toolflow.backend - parsing constraint <castro.ClkGrpConstraint object at 0x7fae53ae9c70>
DEBUG - 2026-08-22 13:39:14,800 - jasper.toolflow.backend - New Clock group constraint found
INFO - 2026-08-22 13:39:14,800 - jasper.toolflow.backend - parsing constraint <castro.ClkGrpConstraint object at 0x7fae53ae9ca0>
DEBUG - 2026-08-22 13:39:14,800 - jasper.toolflow.backend - New Clock group constraint found
INFO - 2026-08-22 13:39:14,800 - jasper.toolflow.backend - parsing constraint <castro.ClkGrpConstraint object at 0x7fae53ae9cd0>
DEBUG - 2026-08-22 13:39:14,800 - jasper.toolflow.backend - New Clock group constraint found
INFO - 2026-08-22 13:39:14,800 - jasper.toolflow.backend - parsing constraint <castro.ClkGrpConstraint object at 0x7fae53ae9d00>
DEBUG - 2026-08-22 13:39:14,801 - jasper.toolflow.backend - New Clock group constraint found
INFO - 2026-08-22 13:39:14,801 - jasper.toolflow.backend - parsing constraint <castro.ClkGrpConstraint object at 0x7fae53ae9d30>
DEBUG - 2026-08-22 13:39:14,801 - jasper.toolflow.backend - New Clock group constraint found
INFO - 2026-08-22 13:39:14,801 - jasper.toolflow.backend - parsing constraint <castro.ClkGrpConstraint object at 0x7fae53ae9d60>
DEBUG - 2026-08-22 13:39:14,801 - jasper.toolflow.backend - New Clock group constraint found
INFO - 2026-08-22 13:39:14,801 - jasper.toolflow.backend - parsing constraint <castro.ClkGrpConstraint object at 0x7fae53ae9d90>
DEBUG - 2026-08-22 13:39:14,801 - jasper.toolflow.backend - New Clock group constraint found
INFO - 2026-08-22 13:39:14,801 - jasper.toolflow.backend - parsing constraint <castro.ClkGrpConstraint object at 0x7fae53ae9dc0>
DEBUG - 2026-08-22 13:39:14,801 - jasper.toolflow.backend - New Clock group constraint found
INFO - 2026-08-22 13:39:14,801 - jasper.toolflow.backend - parsing constraint <castro.ClkGrpConstraint object at 0x7fae53ae9df0>
DEBUG - 2026-08-22 13:39:14,801 - jasper.toolflow.backend - New Clock group constraint found
INFO - 2026-08-22 13:39:14,801 - jasper.toolflow.backend - parsing constraint <castro.ClkGrpConstraint object at 0x7fae53ae9e20>
DEBUG - 2026-08-22 13:39:14,801 - jasper.toolflow.backend - New Clock group constraint found
INFO - 2026-08-22 13:39:14,801 - jasper.toolflow.backend - parsing constraint <castro.InDelayConstraint object at 0x7fae53ae9e80>
DEBUG - 2026-08-22 13:39:14,801 - jasper.toolflow.backend - New Input delay constraint found
INFO - 2026-08-22 13:39:14,801 - jasper.toolflow.backend - parsing constraint <castro.InDelayConstraint object at 0x7fae53ae9eb0>
DEBUG - 2026-08-22 13:39:14,801 - jasper.toolflow.backend - New Input delay constraint found
INFO - 2026-08-22 13:39:14,801 - jasper.toolflow.backend - parsing constraint <castro.InDelayConstraint object at 0x7fae53ae9ee0>
DEBUG - 2026-08-22 13:39:14,801 - jasper.toolflow.backend - New Input delay constraint found
INFO - 2026-08-22 13:39:14,801 - jasper.toolflow.backend - parsing constraint <castro.InDelayConstraint object at 0x7fae53ae9f10>
DEBUG - 2026-08-22 13:39:14,801 - jasper.toolflow.backend - New Input delay constraint found
INFO - 2026-08-22 13:39:14,801 - jasper.toolflow.backend - parsing constraint <castro.InDelayConstraint object at 0x7fae53ae9f40>
DEBUG - 2026-08-22 13:39:14,801 - jasper.toolflow.backend - New Input delay constraint found
INFO - 2026-08-22 13:39:14,801 - jasper.toolflow.backend - parsing constraint <castro.InDelayConstraint object at 0x7fae53ae9f70>
DEBUG - 2026-08-22 13:39:14,801 - jasper.toolflow.backend - New Input delay constraint found
INFO - 2026-08-22 13:39:14,801 - jasper.toolflow.backend - parsing constraint <castro.InDelayConstraint object at 0x7fae53ae9fa0>
DEBUG - 2026-08-22 13:39:14,801 - jasper.toolflow.backend - New Input delay constraint found
INFO - 2026-08-22 13:39:14,801 - jasper.toolflow.backend - parsing constraint <castro.InDelayConstraint object at 0x7fae53ae9fd0>
DEBUG - 2026-08-22 13:39:14,801 - jasper.toolflow.backend - New Input delay constraint found
INFO - 2026-08-22 13:39:14,801 - jasper.toolflow.backend - parsing constraint <castro.InDelayConstraint object at 0x7fae53aec040>
DEBUG - 2026-08-22 13:39:14,801 - jasper.toolflow.backend - New Input delay constraint found
INFO - 2026-08-22 13:39:14,801 - jasper.toolflow.backend - parsing constraint <castro.InDelayConstraint object at 0x7fae53aec070>
DEBUG - 2026-08-22 13:39:14,801 - jasper.toolflow.backend - New Input delay constraint found
INFO - 2026-08-22 13:39:14,801 - jasper.toolflow.backend - parsing constraint <castro.InDelayConstraint object at 0x7fae53aec0a0>
DEBUG - 2026-08-22 13:39:14,801 - jasper.toolflow.backend - New Input delay constraint found
INFO - 2026-08-22 13:39:14,801 - jasper.toolflow.backend - parsing constraint <castro.InDelayConstraint object at 0x7fae53aec0d0>
DEBUG - 2026-08-22 13:39:14,801 - jasper.toolflow.backend - New Input delay constraint found
INFO - 2026-08-22 13:39:14,801 - jasper.toolflow.backend - parsing constraint <castro.InDelayConstraint object at 0x7fae53aec100>
DEBUG - 2026-08-22 13:39:14,801 - jasper.toolflow.backend - New Input delay constraint found
INFO - 2026-08-22 13:39:14,801 - jasper.toolflow.backend - parsing constraint <castro.InDelayConstraint object at 0x7fae53aec130>
DEBUG - 2026-08-22 13:39:14,801 - jasper.toolflow.backend - New Input delay constraint found
INFO - 2026-08-22 13:39:14,801 - jasper.toolflow.backend - parsing constraint <castro.InDelayConstraint object at 0x7fae53aec160>
DEBUG - 2026-08-22 13:39:14,801 - jasper.toolflow.backend - New Input delay constraint found
INFO - 2026-08-22 13:39:14,801 - jasper.toolflow.backend - parsing constraint <castro.InDelayConstraint object at 0x7fae53aec190>
DEBUG - 2026-08-22 13:39:14,801 - jasper.toolflow.backend - New Input delay constraint found
INFO - 2026-08-22 13:39:14,801 - jasper.toolflow.backend - parsing constraint <castro.InDelayConstraint object at 0x7fae53aec1c0>
DEBUG - 2026-08-22 13:39:14,801 - jasper.toolflow.backend - New Input delay constraint found
INFO - 2026-08-22 13:39:14,801 - jasper.toolflow.backend - parsing constraint <castro.InDelayConstraint object at 0x7fae53aec1f0>
DEBUG - 2026-08-22 13:39:14,801 - jasper.toolflow.backend - New Input delay constraint found
INFO - 2026-08-22 13:39:14,801 - jasper.toolflow.backend - parsing constraint <castro.InDelayConstraint object at 0x7fae53aec220>
DEBUG - 2026-08-22 13:39:14,801 - jasper.toolflow.backend - New Input delay constraint found
INFO - 2026-08-22 13:39:14,801 - jasper.toolflow.backend - parsing constraint <castro.InDelayConstraint object at 0x7fae53aec250>
DEBUG - 2026-08-22 13:39:14,801 - jasper.toolflow.backend - New Input delay constraint found
INFO - 2026-08-22 13:39:14,801 - jasper.toolflow.backend - parsing constraint <castro.InDelayConstraint object at 0x7fae53aec280>
DEBUG - 2026-08-22 13:39:14,801 - jasper.toolflow.backend - New Input delay constraint found
INFO - 2026-08-22 13:39:14,801 - jasper.toolflow.backend - parsing constraint <castro.InDelayConstraint object at 0x7fae53aec2b0>
DEBUG - 2026-08-22 13:39:14,801 - jasper.toolflow.backend - New Input delay constraint found
INFO - 2026-08-22 13:39:14,801 - jasper.toolflow.backend - parsing constraint <castro.InDelayConstraint object at 0x7fae53aec2e0>
DEBUG - 2026-08-22 13:39:14,801 - jasper.toolflow.backend - New Input delay constraint found
INFO - 2026-08-22 13:39:14,801 - jasper.toolflow.backend - parsing constraint <castro.InDelayConstraint object at 0x7fae53aec310>
DEBUG - 2026-08-22 13:39:14,801 - jasper.toolflow.backend - New Input delay constraint found
INFO - 2026-08-22 13:39:14,801 - jasper.toolflow.backend - parsing constraint <castro.InDelayConstraint object at 0x7fae53aec340>
DEBUG - 2026-08-22 13:39:14,801 - jasper.toolflow.backend - New Input delay constraint found
INFO - 2026-08-22 13:39:14,801 - jasper.toolflow.backend - parsing constraint <castro.InDelayConstraint object at 0x7fae53aec370>
DEBUG - 2026-08-22 13:39:14,801 - jasper.toolflow.backend - New Input delay constraint found
INFO - 2026-08-22 13:39:14,801 - jasper.toolflow.backend - parsing constraint <castro.InDelayConstraint object at 0x7fae53aec3a0>
DEBUG - 2026-08-22 13:39:14,801 - jasper.toolflow.backend - New Input delay constraint found
INFO - 2026-08-22 13:39:14,801 - jasper.toolflow.backend - parsing constraint <castro.InDelayConstraint object at 0x7fae53aec3d0>
DEBUG - 2026-08-22 13:39:14,801 - jasper.toolflow.backend - New Input delay constraint found
INFO - 2026-08-22 13:39:14,801 - jasper.toolflow.backend - parsing constraint <castro.InDelayConstraint object at 0x7fae53aec400>
DEBUG - 2026-08-22 13:39:14,801 - jasper.toolflow.backend - New Input delay constraint found
INFO - 2026-08-22 13:39:14,801 - jasper.toolflow.backend - parsing constraint <castro.InDelayConstraint object at 0x7fae53aec430>
DEBUG - 2026-08-22 13:39:14,801 - jasper.toolflow.backend - New Input delay constraint found
INFO - 2026-08-22 13:39:14,801 - jasper.toolflow.backend - parsing constraint <castro.InDelayConstraint object at 0x7fae53aec460>
DEBUG - 2026-08-22 13:39:14,801 - jasper.toolflow.backend - New Input delay constraint found
INFO - 2026-08-22 13:39:14,801 - jasper.toolflow.backend - parsing constraint <castro.InDelayConstraint object at 0x7fae53aec490>
DEBUG - 2026-08-22 13:39:14,801 - jasper.toolflow.backend - New Input delay constraint found
INFO - 2026-08-22 13:39:14,801 - jasper.toolflow.backend - parsing constraint <castro.InDelayConstraint object at 0x7fae53aec4c0>
DEBUG - 2026-08-22 13:39:14,801 - jasper.toolflow.backend - New Input delay constraint found
INFO - 2026-08-22 13:39:14,801 - jasper.toolflow.backend - parsing constraint <castro.InDelayConstraint object at 0x7fae53aec4f0>
DEBUG - 2026-08-22 13:39:14,801 - jasper.toolflow.backend - New Input delay constraint found
INFO - 2026-08-22 13:39:14,801 - jasper.toolflow.backend - parsing constraint <castro.InDelayConstraint object at 0x7fae53aec520>
DEBUG - 2026-08-22 13:39:14,801 - jasper.toolflow.backend - New Input delay constraint found
INFO - 2026-08-22 13:39:14,801 - jasper.toolflow.backend - parsing constraint <castro.InDelayConstraint object at 0x7fae53aec550>
DEBUG - 2026-08-22 13:39:14,801 - jasper.toolflow.backend - New Input delay constraint found
INFO - 2026-08-22 13:39:14,801 - jasper.toolflow.backend - parsing constraint <castro.InDelayConstraint object at 0x7fae53aec580>
DEBUG - 2026-08-22 13:39:14,801 - jasper.toolflow.backend - New Input delay constraint found
INFO - 2026-08-22 13:39:14,802 - jasper.toolflow.backend - parsing constraint <castro.InDelayConstraint object at 0x7fae53aec5b0>
DEBUG - 2026-08-22 13:39:14,802 - jasper.toolflow.backend - New Input delay constraint found
INFO - 2026-08-22 13:39:14,802 - jasper.toolflow.backend - parsing constraint <castro.InDelayConstraint object at 0x7fae53aec5e0>
DEBUG - 2026-08-22 13:39:14,802 - jasper.toolflow.backend - New Input delay constraint found
INFO - 2026-08-22 13:39:14,802 - jasper.toolflow.backend - parsing constraint <castro.InDelayConstraint object at 0x7fae53aec610>
DEBUG - 2026-08-22 13:39:14,802 - jasper.toolflow.backend - New Input delay constraint found
INFO - 2026-08-22 13:39:14,802 - jasper.toolflow.backend - parsing constraint <castro.InDelayConstraint object at 0x7fae53aec640>
DEBUG - 2026-08-22 13:39:14,802 - jasper.toolflow.backend - New Input delay constraint found
INFO - 2026-08-22 13:39:14,802 - jasper.toolflow.backend - parsing constraint <castro.InDelayConstraint object at 0x7fae53aec670>
DEBUG - 2026-08-22 13:39:14,802 - jasper.toolflow.backend - New Input delay constraint found
INFO - 2026-08-22 13:39:14,802 - jasper.toolflow.backend - parsing constraint <castro.InDelayConstraint object at 0x7fae53aec6a0>
DEBUG - 2026-08-22 13:39:14,802 - jasper.toolflow.backend - New Input delay constraint found
INFO - 2026-08-22 13:39:14,802 - jasper.toolflow.backend - parsing constraint <castro.InDelayConstraint object at 0x7fae53aec6d0>
DEBUG - 2026-08-22 13:39:14,802 - jasper.toolflow.backend - New Input delay constraint found
INFO - 2026-08-22 13:39:14,802 - jasper.toolflow.backend - parsing constraint <castro.InDelayConstraint object at 0x7fae53aec700>
DEBUG - 2026-08-22 13:39:14,802 - jasper.toolflow.backend - New Input delay constraint found
INFO - 2026-08-22 13:39:14,802 - jasper.toolflow.backend - parsing constraint <castro.InDelayConstraint object at 0x7fae53aec730>
DEBUG - 2026-08-22 13:39:14,802 - jasper.toolflow.backend - New Input delay constraint found
INFO - 2026-08-22 13:39:14,802 - jasper.toolflow.backend - parsing constraint <castro.InDelayConstraint object at 0x7fae53aec760>
DEBUG - 2026-08-22 13:39:14,802 - jasper.toolflow.backend - New Input delay constraint found
INFO - 2026-08-22 13:39:14,802 - jasper.toolflow.backend - parsing constraint <castro.InDelayConstraint object at 0x7fae53aec790>
DEBUG - 2026-08-22 13:39:14,802 - jasper.toolflow.backend - New Input delay constraint found
INFO - 2026-08-22 13:39:14,802 - jasper.toolflow.backend - parsing constraint <castro.InDelayConstraint object at 0x7fae53aec7c0>
DEBUG - 2026-08-22 13:39:14,802 - jasper.toolflow.backend - New Input delay constraint found
INFO - 2026-08-22 13:39:14,802 - jasper.toolflow.backend - parsing constraint <castro.InDelayConstraint object at 0x7fae53aec7f0>
DEBUG - 2026-08-22 13:39:14,802 - jasper.toolflow.backend - New Input delay constraint found
INFO - 2026-08-22 13:39:14,802 - jasper.toolflow.backend - parsing constraint <castro.InDelayConstraint object at 0x7fae53aec820>
DEBUG - 2026-08-22 13:39:14,802 - jasper.toolflow.backend - New Input delay constraint found
INFO - 2026-08-22 13:39:14,802 - jasper.toolflow.backend - parsing constraint <castro.InDelayConstraint object at 0x7fae53aec850>
DEBUG - 2026-08-22 13:39:14,802 - jasper.toolflow.backend - New Input delay constraint found
INFO - 2026-08-22 13:39:14,802 - jasper.toolflow.backend - parsing constraint <castro.InDelayConstraint object at 0x7fae53aec880>
DEBUG - 2026-08-22 13:39:14,802 - jasper.toolflow.backend - New Input delay constraint found
INFO - 2026-08-22 13:39:14,802 - jasper.toolflow.backend - parsing constraint <castro.InDelayConstraint object at 0x7fae53aec8b0>
DEBUG - 2026-08-22 13:39:14,802 - jasper.toolflow.backend - New Input delay constraint found
INFO - 2026-08-22 13:39:14,802 - jasper.toolflow.backend - parsing constraint <castro.InDelayConstraint object at 0x7fae53aec8e0>
DEBUG - 2026-08-22 13:39:14,802 - jasper.toolflow.backend - New Input delay constraint found
INFO - 2026-08-22 13:39:14,802 - jasper.toolflow.backend - parsing constraint <castro.InDelayConstraint object at 0x7fae53aec910>
DEBUG - 2026-08-22 13:39:14,802 - jasper.toolflow.backend - New Input delay constraint found
INFO - 2026-08-22 13:39:14,802 - jasper.toolflow.backend - parsing constraint <castro.InDelayConstraint object at 0x7fae53aec940>
DEBUG - 2026-08-22 13:39:14,802 - jasper.toolflow.backend - New Input delay constraint found
INFO - 2026-08-22 13:39:14,802 - jasper.toolflow.backend - parsing constraint <castro.InDelayConstraint object at 0x7fae53aec970>
DEBUG - 2026-08-22 13:39:14,802 - jasper.toolflow.backend - New Input delay constraint found
INFO - 2026-08-22 13:39:14,802 - jasper.toolflow.backend - parsing constraint <castro.InDelayConstraint object at 0x7fae53aec9a0>
DEBUG - 2026-08-22 13:39:14,802 - jasper.toolflow.backend - New Input delay constraint found
INFO - 2026-08-22 13:39:14,802 - jasper.toolflow.backend - parsing constraint <castro.InDelayConstraint object at 0x7fae53aec9d0>
DEBUG - 2026-08-22 13:39:14,802 - jasper.toolflow.backend - New Input delay constraint found
INFO - 2026-08-22 13:39:14,802 - jasper.toolflow.backend - parsing constraint <castro.InDelayConstraint object at 0x7fae53aeca00>
DEBUG - 2026-08-22 13:39:14,802 - jasper.toolflow.backend - New Input delay constraint found
INFO - 2026-08-22 13:39:14,802 - jasper.toolflow.backend - parsing constraint <castro.InDelayConstraint object at 0x7fae53aeca30>
DEBUG - 2026-08-22 13:39:14,802 - jasper.toolflow.backend - New Input delay constraint found
INFO - 2026-08-22 13:39:14,802 - jasper.toolflow.backend - parsing constraint <castro.InDelayConstraint object at 0x7fae53aeca60>
DEBUG - 2026-08-22 13:39:14,802 - jasper.toolflow.backend - New Input delay constraint found
INFO - 2026-08-22 13:39:14,802 - jasper.toolflow.backend - parsing constraint <castro.InDelayConstraint object at 0x7fae53aeca90>
DEBUG - 2026-08-22 13:39:14,802 - jasper.toolflow.backend - New Input delay constraint found
INFO - 2026-08-22 13:39:14,802 - jasper.toolflow.backend - parsing constraint <castro.InDelayConstraint object at 0x7fae53aecac0>
DEBUG - 2026-08-22 13:39:14,802 - jasper.toolflow.backend - New Input delay constraint found
INFO - 2026-08-22 13:39:14,802 - jasper.toolflow.backend - parsing constraint <castro.InDelayConstraint object at 0x7fae53aecaf0>
DEBUG - 2026-08-22 13:39:14,802 - jasper.toolflow.backend - New Input delay constraint found
INFO - 2026-08-22 13:39:14,802 - jasper.toolflow.backend - parsing constraint <castro.InDelayConstraint object at 0x7fae53aecb20>
DEBUG - 2026-08-22 13:39:14,802 - jasper.toolflow.backend - New Input delay constraint found
INFO - 2026-08-22 13:39:14,802 - jasper.toolflow.backend - parsing constraint <castro.InDelayConstraint object at 0x7fae53aecb50>
DEBUG - 2026-08-22 13:39:14,802 - jasper.toolflow.backend - New Input delay constraint found
INFO - 2026-08-22 13:39:14,802 - jasper.toolflow.backend - parsing constraint <castro.InDelayConstraint object at 0x7fae53aecb80>
DEBUG - 2026-08-22 13:39:14,802 - jasper.toolflow.backend - New Input delay constraint found
INFO - 2026-08-22 13:39:14,802 - jasper.toolflow.backend - parsing constraint <castro.InDelayConstraint object at 0x7fae53aecbb0>
DEBUG - 2026-08-22 13:39:14,802 - jasper.toolflow.backend - New Input delay constraint found
INFO - 2026-08-22 13:39:14,802 - jasper.toolflow.backend - parsing constraint <castro.InDelayConstraint object at 0x7fae53aecbe0>
DEBUG - 2026-08-22 13:39:14,802 - jasper.toolflow.backend - New Input delay constraint found
INFO - 2026-08-22 13:39:14,802 - jasper.toolflow.backend - parsing constraint <castro.InDelayConstraint object at 0x7fae53aecc10>
DEBUG - 2026-08-22 13:39:14,802 - jasper.toolflow.backend - New Input delay constraint found
INFO - 2026-08-22 13:39:14,802 - jasper.toolflow.backend - parsing constraint <castro.InDelayConstraint object at 0x7fae53aecc40>
DEBUG - 2026-08-22 13:39:14,802 - jasper.toolflow.backend - New Input delay constraint found
INFO - 2026-08-22 13:39:14,802 - jasper.toolflow.backend - parsing constraint <castro.InDelayConstraint object at 0x7fae53aecc70>
DEBUG - 2026-08-22 13:39:14,802 - jasper.toolflow.backend - New Input delay constraint found
INFO - 2026-08-22 13:39:14,802 - jasper.toolflow.backend - parsing constraint <castro.InDelayConstraint object at 0x7fae53aecca0>
DEBUG - 2026-08-22 13:39:14,802 - jasper.toolflow.backend - New Input delay constraint found
INFO - 2026-08-22 13:39:14,802 - jasper.toolflow.backend - parsing constraint <castro.InDelayConstraint object at 0x7fae53aeccd0>
DEBUG - 2026-08-22 13:39:14,802 - jasper.toolflow.backend - New Input delay constraint found
INFO - 2026-08-22 13:39:14,802 - jasper.toolflow.backend - parsing constraint <castro.InDelayConstraint object at 0x7fae53aecd00>
DEBUG - 2026-08-22 13:39:14,802 - jasper.toolflow.backend - New Input delay constraint found
INFO - 2026-08-22 13:39:14,802 - jasper.toolflow.backend - parsing constraint <castro.InDelayConstraint object at 0x7fae53aecd30>
DEBUG - 2026-08-22 13:39:14,802 - jasper.toolflow.backend - New Input delay constraint found
INFO - 2026-08-22 13:39:14,802 - jasper.toolflow.backend - parsing constraint <castro.InDelayConstraint object at 0x7fae53aecd60>
DEBUG - 2026-08-22 13:39:14,802 - jasper.toolflow.backend - New Input delay constraint found
INFO - 2026-08-22 13:39:14,802 - jasper.toolflow.backend - parsing constraint <castro.InDelayConstraint object at 0x7fae53aecd90>
DEBUG - 2026-08-22 13:39:14,802 - jasper.toolflow.backend - New Input delay constraint found
INFO - 2026-08-22 13:39:14,802 - jasper.toolflow.backend - parsing constraint <castro.InDelayConstraint object at 0x7fae53aecdc0>
DEBUG - 2026-08-22 13:39:14,803 - jasper.toolflow.backend - New Input delay constraint found
INFO - 2026-08-22 13:39:14,803 - jasper.toolflow.backend - parsing constraint <castro.InDelayConstraint object at 0x7fae53aecdf0>
DEBUG - 2026-08-22 13:39:14,803 - jasper.toolflow.backend - New Input delay constraint found
INFO - 2026-08-22 13:39:14,803 - jasper.toolflow.backend - parsing constraint <castro.InDelayConstraint object at 0x7fae53aece20>
DEBUG - 2026-08-22 13:39:14,803 - jasper.toolflow.backend - New Input delay constraint found
INFO - 2026-08-22 13:39:14,803 - jasper.toolflow.backend - parsing constraint <castro.InDelayConstraint object at 0x7fae53aece50>
DEBUG - 2026-08-22 13:39:14,803 - jasper.toolflow.backend - New Input delay constraint found
INFO - 2026-08-22 13:39:14,803 - jasper.toolflow.backend - parsing constraint <castro.OutDelayConstraint object at 0x7fae53aecee0>
DEBUG - 2026-08-22 13:39:14,803 - jasper.toolflow.backend - New Output delay constraint found
INFO - 2026-08-22 13:39:14,803 - jasper.toolflow.backend - parsing constraint <castro.OutDelayConstraint object at 0x7fae53aecf10>
DEBUG - 2026-08-22 13:39:14,803 - jasper.toolflow.backend - New Output delay constraint found
INFO - 2026-08-22 13:39:14,803 - jasper.toolflow.backend - parsing constraint <castro.OutDelayConstraint object at 0x7fae53aecf40>
DEBUG - 2026-08-22 13:39:14,803 - jasper.toolflow.backend - New Output delay constraint found
INFO - 2026-08-22 13:39:14,803 - jasper.toolflow.backend - parsing constraint <castro.OutDelayConstraint object at 0x7fae53aecf70>
DEBUG - 2026-08-22 13:39:14,803 - jasper.toolflow.backend - New Output delay constraint found
INFO - 2026-08-22 13:39:14,803 - jasper.toolflow.backend - parsing constraint <castro.OutDelayConstraint object at 0x7fae53aecfa0>
DEBUG - 2026-08-22 13:39:14,803 - jasper.toolflow.backend - New Output delay constraint found
INFO - 2026-08-22 13:39:14,803 - jasper.toolflow.backend - parsing constraint <castro.OutDelayConstraint object at 0x7fae53aecfd0>
DEBUG - 2026-08-22 13:39:14,803 - jasper.toolflow.backend - New Output delay constraint found
INFO - 2026-08-22 13:39:14,803 - jasper.toolflow.backend - parsing constraint <castro.OutDelayConstraint object at 0x7fae53af8040>
DEBUG - 2026-08-22 13:39:14,803 - jasper.toolflow.backend - New Output delay constraint found
INFO - 2026-08-22 13:39:14,803 - jasper.toolflow.backend - parsing constraint <castro.OutDelayConstraint object at 0x7fae53af8070>
DEBUG - 2026-08-22 13:39:14,803 - jasper.toolflow.backend - New Output delay constraint found
INFO - 2026-08-22 13:39:14,803 - jasper.toolflow.backend - parsing constraint <castro.OutDelayConstraint object at 0x7fae53af80a0>
DEBUG - 2026-08-22 13:39:14,803 - jasper.toolflow.backend - New Output delay constraint found
INFO - 2026-08-22 13:39:14,803 - jasper.toolflow.backend - parsing constraint <castro.OutDelayConstraint object at 0x7fae53af80d0>
DEBUG - 2026-08-22 13:39:14,803 - jasper.toolflow.backend - New Output delay constraint found
INFO - 2026-08-22 13:39:14,803 - jasper.toolflow.backend - parsing constraint <castro.OutDelayConstraint object at 0x7fae53af8100>
DEBUG - 2026-08-22 13:39:14,803 - jasper.toolflow.backend - New Output delay constraint found
INFO - 2026-08-22 13:39:14,803 - jasper.toolflow.backend - parsing constraint <castro.OutDelayConstraint object at 0x7fae53af8130>
DEBUG - 2026-08-22 13:39:14,803 - jasper.toolflow.backend - New Output delay constraint found
INFO - 2026-08-22 13:39:14,803 - jasper.toolflow.backend - parsing constraint <castro.OutDelayConstraint object at 0x7fae53af8160>
DEBUG - 2026-08-22 13:39:14,803 - jasper.toolflow.backend - New Output delay constraint found
INFO - 2026-08-22 13:39:14,803 - jasper.toolflow.backend - parsing constraint <castro.OutDelayConstraint object at 0x7fae53af8190>
DEBUG - 2026-08-22 13:39:14,803 - jasper.toolflow.backend - New Output delay constraint found
INFO - 2026-08-22 13:39:14,803 - jasper.toolflow.backend - parsing constraint <castro.OutDelayConstraint object at 0x7fae53af81c0>
DEBUG - 2026-08-22 13:39:14,803 - jasper.toolflow.backend - New Output delay constraint found
INFO - 2026-08-22 13:39:14,803 - jasper.toolflow.backend - parsing constraint <castro.OutDelayConstraint object at 0x7fae53af81f0>
DEBUG - 2026-08-22 13:39:14,803 - jasper.toolflow.backend - New Output delay constraint found
INFO - 2026-08-22 13:39:14,803 - jasper.toolflow.backend - parsing constraint <castro.OutDelayConstraint object at 0x7fae53af8220>
DEBUG - 2026-08-22 13:39:14,803 - jasper.toolflow.backend - New Output delay constraint found
INFO - 2026-08-22 13:39:14,803 - jasper.toolflow.backend - parsing constraint <castro.OutDelayConstraint object at 0x7fae53af8250>
DEBUG - 2026-08-22 13:39:14,803 - jasper.toolflow.backend - New Output delay constraint found
INFO - 2026-08-22 13:39:14,803 - jasper.toolflow.backend - parsing constraint <castro.OutDelayConstraint object at 0x7fae53af8280>
DEBUG - 2026-08-22 13:39:14,803 - jasper.toolflow.backend - New Output delay constraint found
INFO - 2026-08-22 13:39:14,803 - jasper.toolflow.backend - parsing constraint <castro.OutDelayConstraint object at 0x7fae53af82b0>
DEBUG - 2026-08-22 13:39:14,803 - jasper.toolflow.backend - New Output delay constraint found
INFO - 2026-08-22 13:39:14,803 - jasper.toolflow.backend - parsing constraint <castro.OutDelayConstraint object at 0x7fae53af82e0>
DEBUG - 2026-08-22 13:39:14,803 - jasper.toolflow.backend - New Output delay constraint found
INFO - 2026-08-22 13:39:14,803 - jasper.toolflow.backend - parsing constraint <castro.OutDelayConstraint object at 0x7fae53af8310>
DEBUG - 2026-08-22 13:39:14,803 - jasper.toolflow.backend - New Output delay constraint found
INFO - 2026-08-22 13:39:14,803 - jasper.toolflow.backend - parsing constraint <castro.OutDelayConstraint object at 0x7fae53af8340>
DEBUG - 2026-08-22 13:39:14,803 - jasper.toolflow.backend - New Output delay constraint found
INFO - 2026-08-22 13:39:14,803 - jasper.toolflow.backend - parsing constraint <castro.OutDelayConstraint object at 0x7fae53af8370>
DEBUG - 2026-08-22 13:39:14,803 - jasper.toolflow.backend - New Output delay constraint found
INFO - 2026-08-22 13:39:14,803 - jasper.toolflow.backend - parsing constraint <castro.OutDelayConstraint object at 0x7fae53af83a0>
DEBUG - 2026-08-22 13:39:14,803 - jasper.toolflow.backend - New Output delay constraint found
INFO - 2026-08-22 13:39:14,803 - jasper.toolflow.backend - parsing constraint <castro.OutDelayConstraint object at 0x7fae53af83d0>
DEBUG - 2026-08-22 13:39:14,803 - jasper.toolflow.backend - New Output delay constraint found
INFO - 2026-08-22 13:39:14,803 - jasper.toolflow.backend - parsing constraint <castro.OutDelayConstraint object at 0x7fae53af8400>
DEBUG - 2026-08-22 13:39:14,803 - jasper.toolflow.backend - New Output delay constraint found
INFO - 2026-08-22 13:39:14,803 - jasper.toolflow.backend - parsing constraint <castro.OutDelayConstraint object at 0x7fae53af8430>
DEBUG - 2026-08-22 13:39:14,803 - jasper.toolflow.backend - New Output delay constraint found
INFO - 2026-08-22 13:39:14,803 - jasper.toolflow.backend - parsing constraint <castro.OutDelayConstraint object at 0x7fae53af8460>
DEBUG - 2026-08-22 13:39:14,803 - jasper.toolflow.backend - New Output delay constraint found
INFO - 2026-08-22 13:39:14,803 - jasper.toolflow.backend - parsing constraint <castro.OutDelayConstraint object at 0x7fae53af8490>
DEBUG - 2026-08-22 13:39:14,803 - jasper.toolflow.backend - New Output delay constraint found
INFO - 2026-08-22 13:39:14,803 - jasper.toolflow.backend - parsing constraint <castro.OutDelayConstraint object at 0x7fae53af84c0>
DEBUG - 2026-08-22 13:39:14,803 - jasper.toolflow.backend - New Output delay constraint found
INFO - 2026-08-22 13:39:14,803 - jasper.toolflow.backend - parsing constraint <castro.OutDelayConstraint object at 0x7fae53af84f0>
DEBUG - 2026-08-22 13:39:14,803 - jasper.toolflow.backend - New Output delay constraint found
INFO - 2026-08-22 13:39:14,803 - jasper.toolflow.backend - parsing constraint <castro.OutDelayConstraint object at 0x7fae53af8520>
DEBUG - 2026-08-22 13:39:14,803 - jasper.toolflow.backend - New Output delay constraint found
INFO - 2026-08-22 13:39:14,803 - jasper.toolflow.backend - parsing constraint <castro.OutDelayConstraint object at 0x7fae53af8550>
DEBUG - 2026-08-22 13:39:14,803 - jasper.toolflow.backend - New Output delay constraint found
INFO - 2026-08-22 13:39:14,803 - jasper.toolflow.backend - parsing constraint <castro.OutDelayConstraint object at 0x7fae53af8580>
DEBUG - 2026-08-22 13:39:14,803 - jasper.toolflow.backend - New Output delay constraint found
INFO - 2026-08-22 13:39:14,803 - jasper.toolflow.backend - parsing constraint <castro.OutDelayConstraint object at 0x7fae53af85b0>
DEBUG - 2026-08-22 13:39:14,803 - jasper.toolflow.backend - New Output delay constraint found
INFO - 2026-08-22 13:39:14,803 - jasper.toolflow.backend - parsing constraint <castro.OutDelayConstraint object at 0x7fae53af85e0>
DEBUG - 2026-08-22 13:39:14,803 - jasper.toolflow.backend - New Output delay constraint found
INFO - 2026-08-22 13:39:14,803 - jasper.toolflow.backend - parsing constraint <castro.OutDelayConstraint object at 0x7fae53af8610>
DEBUG - 2026-08-22 13:39:14,803 - jasper.toolflow.backend - New Output delay constraint found
INFO - 2026-08-22 13:39:14,803 - jasper.toolflow.backend - parsing constraint <castro.OutDelayConstraint object at 0x7fae53af8640>
DEBUG - 2026-08-22 13:39:14,803 - jasper.toolflow.backend - New Output delay constraint found
INFO - 2026-08-22 13:39:14,803 - jasper.toolflow.backend - parsing constraint <castro.OutDelayConstraint object at 0x7fae53af8670>
DEBUG - 2026-08-22 13:39:14,804 - jasper.toolflow.backend - New Output delay constraint found
INFO - 2026-08-22 13:39:14,804 - jasper.toolflow.backend - parsing constraint <castro.OutDelayConstraint object at 0x7fae53af86a0>
DEBUG - 2026-08-22 13:39:14,804 - jasper.toolflow.backend - New Output delay constraint found
INFO - 2026-08-22 13:39:14,804 - jasper.toolflow.backend - parsing constraint <castro.OutDelayConstraint object at 0x7fae53af86d0>
DEBUG - 2026-08-22 13:39:14,804 - jasper.toolflow.backend - New Output delay constraint found
INFO - 2026-08-22 13:39:14,804 - jasper.toolflow.backend - parsing constraint <castro.OutDelayConstraint object at 0x7fae53af8700>
DEBUG - 2026-08-22 13:39:14,804 - jasper.toolflow.backend - New Output delay constraint found
INFO - 2026-08-22 13:39:14,804 - jasper.toolflow.backend - parsing constraint <castro.OutDelayConstraint object at 0x7fae53af8730>
DEBUG - 2026-08-22 13:39:14,804 - jasper.toolflow.backend - New Output delay constraint found
INFO - 2026-08-22 13:39:14,804 - jasper.toolflow.backend - parsing constraint <castro.OutDelayConstraint object at 0x7fae53af8760>
DEBUG - 2026-08-22 13:39:14,804 - jasper.toolflow.backend - New Output delay constraint found
INFO - 2026-08-22 13:39:14,804 - jasper.toolflow.backend - parsing constraint <castro.OutDelayConstraint object at 0x7fae53af8790>
DEBUG - 2026-08-22 13:39:14,804 - jasper.toolflow.backend - New Output delay constraint found
INFO - 2026-08-22 13:39:14,804 - jasper.toolflow.backend - parsing constraint <castro.OutDelayConstraint object at 0x7fae53af87c0>
DEBUG - 2026-08-22 13:39:14,804 - jasper.toolflow.backend - New Output delay constraint found
INFO - 2026-08-22 13:39:14,804 - jasper.toolflow.backend - parsing constraint <castro.OutDelayConstraint object at 0x7fae53af87f0>
DEBUG - 2026-08-22 13:39:14,804 - jasper.toolflow.backend - New Output delay constraint found
INFO - 2026-08-22 13:39:14,804 - jasper.toolflow.backend - parsing constraint <castro.OutDelayConstraint object at 0x7fae53af8820>
DEBUG - 2026-08-22 13:39:14,804 - jasper.toolflow.backend - New Output delay constraint found
INFO - 2026-08-22 13:39:14,804 - jasper.toolflow.backend - parsing constraint <castro.OutDelayConstraint object at 0x7fae53af8850>
DEBUG - 2026-08-22 13:39:14,804 - jasper.toolflow.backend - New Output delay constraint found
INFO - 2026-08-22 13:39:14,804 - jasper.toolflow.backend - parsing constraint <castro.OutDelayConstraint object at 0x7fae53af8880>
DEBUG - 2026-08-22 13:39:14,804 - jasper.toolflow.backend - New Output delay constraint found
INFO - 2026-08-22 13:39:14,804 - jasper.toolflow.backend - parsing constraint <castro.OutDelayConstraint object at 0x7fae53af88b0>
DEBUG - 2026-08-22 13:39:14,804 - jasper.toolflow.backend - New Output delay constraint found
INFO - 2026-08-22 13:39:14,804 - jasper.toolflow.backend - parsing constraint <castro.OutDelayConstraint object at 0x7fae53af88e0>
DEBUG - 2026-08-22 13:39:14,804 - jasper.toolflow.backend - New Output delay constraint found
INFO - 2026-08-22 13:39:14,804 - jasper.toolflow.backend - parsing constraint <castro.OutDelayConstraint object at 0x7fae53af8910>
DEBUG - 2026-08-22 13:39:14,804 - jasper.toolflow.backend - New Output delay constraint found
INFO - 2026-08-22 13:39:14,804 - jasper.toolflow.backend - parsing constraint <castro.OutDelayConstraint object at 0x7fae53af8940>
DEBUG - 2026-08-22 13:39:14,804 - jasper.toolflow.backend - New Output delay constraint found
INFO - 2026-08-22 13:39:14,804 - jasper.toolflow.backend - parsing constraint <castro.OutDelayConstraint object at 0x7fae53af8970>
DEBUG - 2026-08-22 13:39:14,804 - jasper.toolflow.backend - New Output delay constraint found
INFO - 2026-08-22 13:39:14,804 - jasper.toolflow.backend - parsing constraint <castro.OutDelayConstraint object at 0x7fae53af89a0>
DEBUG - 2026-08-22 13:39:14,804 - jasper.toolflow.backend - New Output delay constraint found
INFO - 2026-08-22 13:39:14,804 - jasper.toolflow.backend - parsing constraint <castro.OutDelayConstraint object at 0x7fae53af89d0>
DEBUG - 2026-08-22 13:39:14,804 - jasper.toolflow.backend - New Output delay constraint found
INFO - 2026-08-22 13:39:14,804 - jasper.toolflow.backend - parsing constraint <castro.OutDelayConstraint object at 0x7fae53af8a00>
DEBUG - 2026-08-22 13:39:14,804 - jasper.toolflow.backend - New Output delay constraint found
INFO - 2026-08-22 13:39:14,804 - jasper.toolflow.backend - parsing constraint <castro.OutDelayConstraint object at 0x7fae53af8a30>
DEBUG - 2026-08-22 13:39:14,804 - jasper.toolflow.backend - New Output delay constraint found
INFO - 2026-08-22 13:39:14,804 - jasper.toolflow.backend - parsing constraint <castro.OutDelayConstraint object at 0x7fae53af8a60>
DEBUG - 2026-08-22 13:39:14,804 - jasper.toolflow.backend - New Output delay constraint found
INFO - 2026-08-22 13:39:14,804 - jasper.toolflow.backend - parsing constraint <castro.OutDelayConstraint object at 0x7fae53af8a90>
DEBUG - 2026-08-22 13:39:14,804 - jasper.toolflow.backend - New Output delay constraint found
INFO - 2026-08-22 13:39:14,804 - jasper.toolflow.backend - parsing constraint <castro.OutDelayConstraint object at 0x7fae53af8ac0>
DEBUG - 2026-08-22 13:39:14,804 - jasper.toolflow.backend - New Output delay constraint found
INFO - 2026-08-22 13:39:14,804 - jasper.toolflow.backend - parsing constraint <castro.OutDelayConstraint object at 0x7fae53af8af0>
DEBUG - 2026-08-22 13:39:14,804 - jasper.toolflow.backend - New Output delay constraint found
INFO - 2026-08-22 13:39:14,804 - jasper.toolflow.backend - parsing constraint <castro.OutDelayConstraint object at 0x7fae53af8b20>
DEBUG - 2026-08-22 13:39:14,804 - jasper.toolflow.backend - New Output delay constraint found
INFO - 2026-08-22 13:39:14,804 - jasper.toolflow.backend - parsing constraint <castro.OutDelayConstraint object at 0x7fae53af8b50>
DEBUG - 2026-08-22 13:39:14,804 - jasper.toolflow.backend - New Output delay constraint found
INFO - 2026-08-22 13:39:14,804 - jasper.toolflow.backend - parsing constraint <castro.OutDelayConstraint object at 0x7fae53af8b80>
DEBUG - 2026-08-22 13:39:14,804 - jasper.toolflow.backend - New Output delay constraint found
INFO - 2026-08-22 13:39:14,804 - jasper.toolflow.backend - parsing constraint <castro.OutDelayConstraint object at 0x7fae53af8bb0>
DEBUG - 2026-08-22 13:39:14,804 - jasper.toolflow.backend - New Output delay constraint found
INFO - 2026-08-22 13:39:14,804 - jasper.toolflow.backend - parsing constraint <castro.OutDelayConstraint object at 0x7fae53af8be0>
DEBUG - 2026-08-22 13:39:14,804 - jasper.toolflow.backend - New Output delay constraint found
INFO - 2026-08-22 13:39:14,804 - jasper.toolflow.backend - parsing constraint <castro.OutDelayConstraint object at 0x7fae53af8c10>
DEBUG - 2026-08-22 13:39:14,804 - jasper.toolflow.backend - New Output delay constraint found
INFO - 2026-08-22 13:39:14,804 - jasper.toolflow.backend - parsing constraint <castro.OutDelayConstraint object at 0x7fae53af8c40>
DEBUG - 2026-08-22 13:39:14,804 - jasper.toolflow.backend - New Output delay constraint found
INFO - 2026-08-22 13:39:14,804 - jasper.toolflow.backend - parsing constraint <castro.OutDelayConstraint object at 0x7fae53af8c70>
DEBUG - 2026-08-22 13:39:14,804 - jasper.toolflow.backend - New Output delay constraint found
INFO - 2026-08-22 13:39:14,804 - jasper.toolflow.backend - parsing constraint <castro.OutDelayConstraint object at 0x7fae53af8ca0>
DEBUG - 2026-08-22 13:39:14,804 - jasper.toolflow.backend - New Output delay constraint found
INFO - 2026-08-22 13:39:14,804 - jasper.toolflow.backend - parsing constraint <castro.OutDelayConstraint object at 0x7fae53af8cd0>
DEBUG - 2026-08-22 13:39:14,804 - jasper.toolflow.backend - New Output delay constraint found
INFO - 2026-08-22 13:39:14,804 - jasper.toolflow.backend - parsing constraint <castro.OutDelayConstraint object at 0x7fae53af8d00>
DEBUG - 2026-08-22 13:39:14,804 - jasper.toolflow.backend - New Output delay constraint found
INFO - 2026-08-22 13:39:14,804 - jasper.toolflow.backend - parsing constraint <castro.OutDelayConstraint object at 0x7fae53af8d30>
DEBUG - 2026-08-22 13:39:14,804 - jasper.toolflow.backend - New Output delay constraint found
INFO - 2026-08-22 13:39:14,804 - jasper.toolflow.backend - parsing constraint <castro.OutDelayConstraint object at 0x7fae53af8d60>
DEBUG - 2026-08-22 13:39:14,804 - jasper.toolflow.backend - New Output delay constraint found
INFO - 2026-08-22 13:39:14,804 - jasper.toolflow.backend - parsing constraint <castro.OutDelayConstraint object at 0x7fae53af8d90>
DEBUG - 2026-08-22 13:39:14,804 - jasper.toolflow.backend - New Output delay constraint found
INFO - 2026-08-22 13:39:14,804 - jasper.toolflow.backend - parsing constraint <castro.OutDelayConstraint object at 0x7fae53af8dc0>
DEBUG - 2026-08-22 13:39:14,804 - jasper.toolflow.backend - New Output delay constraint found
INFO - 2026-08-22 13:39:14,804 - jasper.toolflow.backend - parsing constraint <castro.OutDelayConstraint object at 0x7fae53af8df0>
DEBUG - 2026-08-22 13:39:14,804 - jasper.toolflow.backend - New Output delay constraint found
INFO - 2026-08-22 13:39:14,804 - jasper.toolflow.backend - parsing constraint <castro.OutDelayConstraint object at 0x7fae53af8e20>
DEBUG - 2026-08-22 13:39:14,804 - jasper.toolflow.backend - New Output delay constraint found
INFO - 2026-08-22 13:39:14,804 - jasper.toolflow.backend - parsing constraint <castro.OutDelayConstraint object at 0x7fae53af8e50>
DEBUG - 2026-08-22 13:39:14,804 - jasper.toolflow.backend - New Output delay constraint found
INFO - 2026-08-22 13:39:14,804 - jasper.toolflow.backend - parsing constraint <castro.OutDelayConstraint object at 0x7fae53af8e80>
DEBUG - 2026-08-22 13:39:14,804 - jasper.toolflow.backend - New Output delay constraint found
INFO - 2026-08-22 13:39:14,804 - jasper.toolflow.backend - parsing constraint <castro.OutDelayConstraint object at 0x7fae53af8eb0>
DEBUG - 2026-08-22 13:39:14,805 - jasper.toolflow.backend - New Output delay constraint found
INFO - 2026-08-22 13:39:14,805 - jasper.toolflow.backend - parsing constraint <castro.OutDelayConstraint object at 0x7fae53af8ee0>
DEBUG - 2026-08-22 13:39:14,805 - jasper.toolflow.backend - New Output delay constraint found
INFO - 2026-08-22 13:39:14,805 - jasper.toolflow.backend - parsing constraint <castro.OutDelayConstraint object at 0x7fae53af8f10>
DEBUG - 2026-08-22 13:39:14,805 - jasper.toolflow.backend - New Output delay constraint found
INFO - 2026-08-22 13:39:14,805 - jasper.toolflow.backend - parsing constraint <castro.OutDelayConstraint object at 0x7fae53af8f40>
DEBUG - 2026-08-22 13:39:14,805 - jasper.toolflow.backend - New Output delay constraint found
INFO - 2026-08-22 13:39:14,805 - jasper.toolflow.backend - parsing constraint <castro.OutDelayConstraint object at 0x7fae53af8f70>
DEBUG - 2026-08-22 13:39:14,805 - jasper.toolflow.backend - New Output delay constraint found
INFO - 2026-08-22 13:39:14,805 - jasper.toolflow.backend - parsing constraint <castro.OutDelayConstraint object at 0x7fae53af8fa0>
DEBUG - 2026-08-22 13:39:14,805 - jasper.toolflow.backend - New Output delay constraint found
INFO - 2026-08-22 13:39:14,805 - jasper.toolflow.backend - parsing constraint <castro.OutDelayConstraint object at 0x7fae53af8fd0>
DEBUG - 2026-08-22 13:39:14,805 - jasper.toolflow.backend - New Output delay constraint found
INFO - 2026-08-22 13:39:14,805 - jasper.toolflow.backend - parsing constraint <castro.OutDelayConstraint object at 0x7fae53b09040>
DEBUG - 2026-08-22 13:39:14,805 - jasper.toolflow.backend - New Output delay constraint found
INFO - 2026-08-22 13:39:14,805 - jasper.toolflow.backend - parsing constraint <castro.OutDelayConstraint object at 0x7fae53b09070>
DEBUG - 2026-08-22 13:39:14,805 - jasper.toolflow.backend - New Output delay constraint found
INFO - 2026-08-22 13:39:14,805 - jasper.toolflow.backend - parsing constraint <castro.OutDelayConstraint object at 0x7fae53b090a0>
DEBUG - 2026-08-22 13:39:14,805 - jasper.toolflow.backend - New Output delay constraint found
INFO - 2026-08-22 13:39:14,805 - jasper.toolflow.backend - parsing constraint <castro.OutDelayConstraint object at 0x7fae53b090d0>
DEBUG - 2026-08-22 13:39:14,805 - jasper.toolflow.backend - New Output delay constraint found
INFO - 2026-08-22 13:39:14,805 - jasper.toolflow.backend - parsing constraint <castro.OutDelayConstraint object at 0x7fae53b09100>
DEBUG - 2026-08-22 13:39:14,805 - jasper.toolflow.backend - New Output delay constraint found
INFO - 2026-08-22 13:39:14,805 - jasper.toolflow.backend - parsing constraint <castro.OutDelayConstraint object at 0x7fae53b09130>
DEBUG - 2026-08-22 13:39:14,805 - jasper.toolflow.backend - New Output delay constraint found
INFO - 2026-08-22 13:39:14,805 - jasper.toolflow.backend - parsing constraint <castro.OutDelayConstraint object at 0x7fae53b09160>
DEBUG - 2026-08-22 13:39:14,805 - jasper.toolflow.backend - New Output delay constraint found
INFO - 2026-08-22 13:39:14,805 - jasper.toolflow.backend - parsing constraint <castro.OutDelayConstraint object at 0x7fae53b09190>
DEBUG - 2026-08-22 13:39:14,805 - jasper.toolflow.backend - New Output delay constraint found
INFO - 2026-08-22 13:39:14,805 - jasper.toolflow.backend - parsing constraint <castro.OutDelayConstraint object at 0x7fae53b091c0>
DEBUG - 2026-08-22 13:39:14,805 - jasper.toolflow.backend - New Output delay constraint found
INFO - 2026-08-22 13:39:14,805 - jasper.toolflow.backend - parsing constraint <castro.OutDelayConstraint object at 0x7fae53b091f0>
DEBUG - 2026-08-22 13:39:14,805 - jasper.toolflow.backend - New Output delay constraint found
INFO - 2026-08-22 13:39:14,805 - jasper.toolflow.backend - parsing constraint <castro.OutDelayConstraint object at 0x7fae53b09220>
DEBUG - 2026-08-22 13:39:14,805 - jasper.toolflow.backend - New Output delay constraint found
INFO - 2026-08-22 13:39:14,805 - jasper.toolflow.backend - parsing constraint <castro.OutDelayConstraint object at 0x7fae53b09250>
DEBUG - 2026-08-22 13:39:14,805 - jasper.toolflow.backend - New Output delay constraint found
INFO - 2026-08-22 13:39:14,805 - jasper.toolflow.backend - parsing constraint <castro.OutDelayConstraint object at 0x7fae53b09280>
DEBUG - 2026-08-22 13:39:14,805 - jasper.toolflow.backend - New Output delay constraint found
INFO - 2026-08-22 13:39:14,805 - jasper.toolflow.backend - parsing constraint <castro.OutDelayConstraint object at 0x7fae53b092b0>
DEBUG - 2026-08-22 13:39:14,805 - jasper.toolflow.backend - New Output delay constraint found
INFO - 2026-08-22 13:39:14,805 - jasper.toolflow.backend - parsing constraint <castro.OutDelayConstraint object at 0x7fae53b092e0>
DEBUG - 2026-08-22 13:39:14,805 - jasper.toolflow.backend - New Output delay constraint found
INFO - 2026-08-22 13:39:14,805 - jasper.toolflow.backend - parsing constraint <castro.OutDelayConstraint object at 0x7fae53b09310>
DEBUG - 2026-08-22 13:39:14,805 - jasper.toolflow.backend - New Output delay constraint found
INFO - 2026-08-22 13:39:14,805 - jasper.toolflow.backend - parsing constraint <castro.OutDelayConstraint object at 0x7fae53b09340>
DEBUG - 2026-08-22 13:39:14,805 - jasper.toolflow.backend - New Output delay constraint found
INFO - 2026-08-22 13:39:14,805 - jasper.toolflow.backend - parsing constraint <castro.OutDelayConstraint object at 0x7fae53b09370>
DEBUG - 2026-08-22 13:39:14,805 - jasper.toolflow.backend - New Output delay constraint found
INFO - 2026-08-22 13:39:14,805 - jasper.toolflow.backend - parsing constraint <castro.OutDelayConstraint object at 0x7fae53b093a0>
DEBUG - 2026-08-22 13:39:14,805 - jasper.toolflow.backend - New Output delay constraint found
INFO - 2026-08-22 13:39:14,805 - jasper.toolflow.backend - parsing constraint <castro.OutDelayConstraint object at 0x7fae53b093d0>
DEBUG - 2026-08-22 13:39:14,805 - jasper.toolflow.backend - New Output delay constraint found
INFO - 2026-08-22 13:39:14,805 - jasper.toolflow.backend - parsing constraint <castro.OutDelayConstraint object at 0x7fae53b09400>
DEBUG - 2026-08-22 13:39:14,805 - jasper.toolflow.backend - New Output delay constraint found
INFO - 2026-08-22 13:39:14,805 - jasper.toolflow.backend - parsing constraint <castro.OutDelayConstraint object at 0x7fae53b09430>
DEBUG - 2026-08-22 13:39:14,805 - jasper.toolflow.backend - New Output delay constraint found
INFO - 2026-08-22 13:39:14,805 - jasper.toolflow.backend - parsing constraint <castro.MaxDelayConstraint object at 0x7fae53aece80>
DEBUG - 2026-08-22 13:39:14,805 - jasper.toolflow.backend - New Max delay constraint found
INFO - 2026-08-22 13:39:14,805 - jasper.toolflow.backend - parsing constraint <castro.MinDelayConstraint object at 0x7fae53aeceb0>
DEBUG - 2026-08-22 13:39:14,805 - jasper.toolflow.backend - New Min delay constraint found
INFO - 2026-08-22 13:39:14,805 - jasper.toolflow.backend - parsing constraint <castro.FalsePthConstraint object at 0x7fae53ae9e50>
DEBUG - 2026-08-22 13:39:14,805 - jasper.toolflow.backend - New False Path constraint found
INFO - 2026-08-22 13:39:14,805 - jasper.toolflow.backend - parsing constraint <castro.RawConstraint object at 0x7fae53a98820>
DEBUG - 2026-08-22 13:39:14,805 - jasper.toolflow.backend - New Raw constraint found
INFO - 2026-08-22 13:39:14,805 - jasper.toolflow.backend - parsing constraint <castro.RawConstraint object at 0x7fae53a98850>
DEBUG - 2026-08-22 13:39:14,805 - jasper.toolflow.backend - New Raw constraint found
INFO - 2026-08-22 13:39:14,805 - jasper.toolflow.backend - parsing constraint <castro.RawConstraint object at 0x7fae53a98880>
DEBUG - 2026-08-22 13:39:14,805 - jasper.toolflow.backend - New Raw constraint found
INFO - 2026-08-22 13:39:14,805 - jasper.toolflow.backend - parsing constraint <castro.RawConstraint object at 0x7fae53a988b0>
DEBUG - 2026-08-22 13:39:14,805 - jasper.toolflow.backend - New Raw constraint found
INFO - 2026-08-22 13:39:14,805 - jasper.toolflow.backend - parsing constraint <castro.RawConstraint object at 0x7fae53a988e0>
DEBUG - 2026-08-22 13:39:14,805 - jasper.toolflow.backend - New Raw constraint found
INFO - 2026-08-22 13:39:14,805 - jasper.toolflow.backend - parsing constraint <castro.RawConstraint object at 0x7fae53a98910>
DEBUG - 2026-08-22 13:39:14,805 - jasper.toolflow.backend - New Raw constraint found
INFO - 2026-08-22 13:39:14,805 - jasper.toolflow.backend - parsing constraint <castro.RawConstraint object at 0x7fae53a98940>
DEBUG - 2026-08-22 13:39:14,805 - jasper.toolflow.backend - New Raw constraint found
INFO - 2026-08-22 13:39:14,805 - jasper.toolflow.backend - parsing constraint <castro.RawConstraint object at 0x7fae53a98970>
DEBUG - 2026-08-22 13:39:14,805 - jasper.toolflow.backend - New Raw constraint found
INFO - 2026-08-22 13:39:14,805 - jasper.toolflow.backend - parsing constraint <castro.RawConstraint object at 0x7fae53a989a0>
DEBUG - 2026-08-22 13:39:14,805 - jasper.toolflow.backend - New Raw constraint found
INFO - 2026-08-22 13:39:14,805 - jasper.toolflow.backend - parsing constraint <castro.RawConstraint object at 0x7fae53a989d0>
DEBUG - 2026-08-22 13:39:14,805 - jasper.toolflow.backend - New Raw constraint found
INFO - 2026-08-22 13:39:14,805 - jasper.toolflow.backend - parsing constraint <castro.RawConstraint object at 0x7fae53a98a00>
DEBUG - 2026-08-22 13:39:14,805 - jasper.toolflow.backend - New Raw constraint found
INFO - 2026-08-22 13:39:14,805 - jasper.toolflow.backend - parsing constraint <castro.RawConstraint object at 0x7fae53a98a30>
DEBUG - 2026-08-22 13:39:14,805 - jasper.toolflow.backend - New Raw constraint found
INFO - 2026-08-22 13:39:14,805 - jasper.toolflow.backend - parsing constraint <castro.RawConstraint object at 0x7fae53a98a60>
DEBUG - 2026-08-22 13:39:14,805 - jasper.toolflow.backend - New Raw constraint found
INFO - 2026-08-22 13:39:14,806 - jasper.toolflow.backend - parsing constraint <castro.RawConstraint object at 0x7fae53a98a90>
DEBUG - 2026-08-22 13:39:14,806 - jasper.toolflow.backend - New Raw constraint found
INFO - 2026-08-22 13:39:14,806 - jasper.toolflow.backend - parsing constraint <castro.RawConstraint object at 0x7fae53a98ac0>
DEBUG - 2026-08-22 13:39:14,806 - jasper.toolflow.backend - New Raw constraint found
INFO - 2026-08-22 13:39:14,806 - jasper.toolflow.backend - parsing constraint <castro.RawConstraint object at 0x7fae53a98af0>
DEBUG - 2026-08-22 13:39:14,806 - jasper.toolflow.backend - New Raw constraint found
INFO - 2026-08-22 13:39:14,806 - jasper.toolflow.backend - parsing constraint <castro.RawConstraint object at 0x7fae53a98b20>
DEBUG - 2026-08-22 13:39:14,806 - jasper.toolflow.backend - New Raw constraint found
INFO - 2026-08-22 13:39:14,806 - jasper.toolflow.backend - parsing constraint <castro.RawConstraint object at 0x7fae53a98b50>
DEBUG - 2026-08-22 13:39:14,806 - jasper.toolflow.backend - New Raw constraint found
INFO - 2026-08-22 13:39:14,806 - jasper.toolflow.backend - parsing constraint <castro.RawConstraint object at 0x7fae53a98b80>
DEBUG - 2026-08-22 13:39:14,806 - jasper.toolflow.backend - New Raw constraint found
INFO - 2026-08-22 13:39:14,806 - jasper.toolflow.backend - parsing constraint <castro.RawConstraint object at 0x7fae53a98bb0>
DEBUG - 2026-08-22 13:39:14,806 - jasper.toolflow.backend - New Raw constraint found
INFO - 2026-08-22 13:39:14,806 - jasper.toolflow.backend - parsing constraint <castro.RawConstraint object at 0x7fae53a98be0>
DEBUG - 2026-08-22 13:39:14,806 - jasper.toolflow.backend - New Raw constraint found
INFO - 2026-08-22 13:39:14,806 - jasper.toolflow.backend - parsing constraint <castro.RawConstraint object at 0x7fae53a98c10>
DEBUG - 2026-08-22 13:39:14,806 - jasper.toolflow.backend - New Raw constraint found
INFO - 2026-08-22 13:39:14,806 - jasper.toolflow.backend - parsing constraint <castro.RawConstraint object at 0x7fae53a98c40>
DEBUG - 2026-08-22 13:39:14,806 - jasper.toolflow.backend - New Raw constraint found
INFO - 2026-08-22 13:39:14,806 - jasper.toolflow.backend - parsing constraint <castro.RawConstraint object at 0x7fae53a98c70>
DEBUG - 2026-08-22 13:39:14,806 - jasper.toolflow.backend - New Raw constraint found
INFO - 2026-08-22 13:39:14,806 - jasper.toolflow.backend - parsing constraint <castro.RawConstraint object at 0x7fae53a98ca0>
DEBUG - 2026-08-22 13:39:14,806 - jasper.toolflow.backend - New Raw constraint found
INFO - 2026-08-22 13:39:14,806 - jasper.toolflow.backend - parsing constraint <castro.RawConstraint object at 0x7fae53a98cd0>
DEBUG - 2026-08-22 13:39:14,806 - jasper.toolflow.backend - New Raw constraint found
INFO - 2026-08-22 13:39:14,806 - jasper.toolflow.backend - parsing constraint <castro.RawConstraint object at 0x7fae53a98d00>
DEBUG - 2026-08-22 13:39:14,806 - jasper.toolflow.backend - New Raw constraint found
INFO - 2026-08-22 13:39:14,806 - jasper.toolflow.backend - parsing constraint <castro.RawConstraint object at 0x7fae53a98d30>
DEBUG - 2026-08-22 13:39:14,806 - jasper.toolflow.backend - New Raw constraint found
INFO - 2026-08-22 13:39:14,806 - jasper.toolflow.backend - parsing constraint <castro.RawConstraint object at 0x7fae53a98d60>
DEBUG - 2026-08-22 13:39:14,806 - jasper.toolflow.backend - New Raw constraint found
INFO - 2026-08-22 13:39:14,806 - jasper.toolflow.backend - parsing constraint <castro.RawConstraint object at 0x7fae53a98d90>
DEBUG - 2026-08-22 13:39:14,806 - jasper.toolflow.backend - New Raw constraint found
INFO - 2026-08-22 13:39:14,806 - jasper.toolflow.backend - parsing constraint <castro.RawConstraint object at 0x7fae53a98dc0>
DEBUG - 2026-08-22 13:39:14,806 - jasper.toolflow.backend - New Raw constraint found
INFO - 2026-08-22 13:39:14,806 - jasper.toolflow.backend - parsing constraint <castro.RawConstraint object at 0x7fae53a98df0>
DEBUG - 2026-08-22 13:39:14,806 - jasper.toolflow.backend - New Raw constraint found
INFO - 2026-08-22 13:39:14,806 - jasper.toolflow.backend - parsing constraint <castro.RawConstraint object at 0x7fae53a98e20>
DEBUG - 2026-08-22 13:39:14,806 - jasper.toolflow.backend - New Raw constraint found
INFO - 2026-08-22 13:39:14,806 - jasper.toolflow.backend - parsing constraint <castro.RawConstraint object at 0x7fae53a98e50>
DEBUG - 2026-08-22 13:39:14,806 - jasper.toolflow.backend - New Raw constraint found
INFO - 2026-08-22 13:39:14,806 - jasper.toolflow.backend - parsing constraint <castro.RawConstraint object at 0x7fae53a98e80>
DEBUG - 2026-08-22 13:39:14,806 - jasper.toolflow.backend - New Raw constraint found
INFO - 2026-08-22 13:39:14,806 - jasper.toolflow.backend - parsing constraint <castro.RawConstraint object at 0x7fae53a98eb0>
DEBUG - 2026-08-22 13:39:14,806 - jasper.toolflow.backend - New Raw constraint found
INFO - 2026-08-22 13:39:14,806 - jasper.toolflow.backend - parsing constraint <castro.RawConstraint object at 0x7fae53a98ee0>
DEBUG - 2026-08-22 13:39:14,806 - jasper.toolflow.backend - New Raw constraint found
INFO - 2026-08-22 13:39:14,806 - jasper.toolflow.backend - parsing constraint <castro.RawConstraint object at 0x7fae53a98f10>
DEBUG - 2026-08-22 13:39:14,806 - jasper.toolflow.backend - New Raw constraint found
INFO - 2026-08-22 13:39:14,806 - jasper.toolflow.backend - parsing constraint <castro.RawConstraint object at 0x7fae53a98f40>
DEBUG - 2026-08-22 13:39:14,806 - jasper.toolflow.backend - New Raw constraint found
INFO - 2026-08-22 13:39:14,806 - jasper.toolflow.backend - parsing constraint <castro.RawConstraint object at 0x7fae53a98f70>
DEBUG - 2026-08-22 13:39:14,806 - jasper.toolflow.backend - New Raw constraint found
INFO - 2026-08-22 13:39:14,806 - jasper.toolflow.backend - parsing constraint <castro.RawConstraint object at 0x7fae53a98fa0>
DEBUG - 2026-08-22 13:39:14,806 - jasper.toolflow.backend - New Raw constraint found
INFO - 2026-08-22 13:39:14,806 - jasper.toolflow.backend - parsing constraint <castro.RawConstraint object at 0x7fae53a98fd0>
DEBUG - 2026-08-22 13:39:14,806 - jasper.toolflow.backend - New Raw constraint found
INFO - 2026-08-22 13:39:14,806 - jasper.toolflow.backend - parsing constraint <castro.RawConstraint object at 0x7fae53aba040>
DEBUG - 2026-08-22 13:39:14,806 - jasper.toolflow.backend - New Raw constraint found
INFO - 2026-08-22 13:39:14,806 - jasper.toolflow.backend - parsing constraint <castro.RawConstraint object at 0x7fae53aba070>
DEBUG - 2026-08-22 13:39:14,806 - jasper.toolflow.backend - New Raw constraint found
INFO - 2026-08-22 13:39:14,806 - jasper.toolflow.backend - parsing constraint <castro.RawConstraint object at 0x7fae53aba0a0>
DEBUG - 2026-08-22 13:39:14,806 - jasper.toolflow.backend - New Raw constraint found
INFO - 2026-08-22 13:39:14,806 - jasper.toolflow.backend - parsing constraint <castro.RawConstraint object at 0x7fae53aba0d0>
DEBUG - 2026-08-22 13:39:14,806 - jasper.toolflow.backend - New Raw constraint found
INFO - 2026-08-22 13:39:14,806 - jasper.toolflow.backend - parsing constraint <castro.RawConstraint object at 0x7fae53aba100>
DEBUG - 2026-08-22 13:39:14,806 - jasper.toolflow.backend - New Raw constraint found
INFO - 2026-08-22 13:39:14,806 - jasper.toolflow.backend - parsing constraint <castro.RawConstraint object at 0x7fae53aba130>
DEBUG - 2026-08-22 13:39:14,806 - jasper.toolflow.backend - New Raw constraint found
INFO - 2026-08-22 13:39:14,806 - jasper.toolflow.backend - parsing constraint <castro.RawConstraint object at 0x7fae53aba160>
DEBUG - 2026-08-22 13:39:14,806 - jasper.toolflow.backend - New Raw constraint found
INFO - 2026-08-22 13:39:14,806 - jasper.toolflow.backend - parsing constraint <castro.RawConstraint object at 0x7fae53aba190>
DEBUG - 2026-08-22 13:39:14,806 - jasper.toolflow.backend - New Raw constraint found
INFO - 2026-08-22 13:39:14,806 - jasper.toolflow.backend - parsing constraint <castro.RawConstraint object at 0x7fae53aba1c0>
DEBUG - 2026-08-22 13:39:14,806 - jasper.toolflow.backend - New Raw constraint found
INFO - 2026-08-22 13:39:14,806 - jasper.toolflow.backend - parsing constraint <castro.RawConstraint object at 0x7fae53aba1f0>
DEBUG - 2026-08-22 13:39:14,806 - jasper.toolflow.backend - New Raw constraint found
INFO - 2026-08-22 13:39:14,806 - jasper.toolflow.backend - parsing constraint <castro.RawConstraint object at 0x7fae53aba220>
DEBUG - 2026-08-22 13:39:14,806 - jasper.toolflow.backend - New Raw constraint found
INFO - 2026-08-22 13:39:14,806 - jasper.toolflow.backend - parsing constraint <castro.RawConstraint object at 0x7fae53aba250>
DEBUG - 2026-08-22 13:39:14,806 - jasper.toolflow.backend - New Raw constraint found
INFO - 2026-08-22 13:39:14,806 - jasper.toolflow.backend - parsing constraint <castro.RawConstraint object at 0x7fae53aba280>
DEBUG - 2026-08-22 13:39:14,806 - jasper.toolflow.backend - New Raw constraint found
INFO - 2026-08-22 13:39:14,806 - jasper.toolflow.backend - parsing constraint <castro.RawConstraint object at 0x7fae53aba2b0>
DEBUG - 2026-08-22 13:39:14,806 - jasper.toolflow.backend - New Raw constraint found
INFO - 2026-08-22 13:39:14,806 - jasper.toolflow.backend - parsing constraint <castro.RawConstraint object at 0x7fae53aba2e0>
DEBUG - 2026-08-22 13:39:14,806 - jasper.toolflow.backend - New Raw constraint found
INFO - 2026-08-22 13:39:14,806 - jasper.toolflow.backend - parsing constraint <castro.RawConstraint object at 0x7fae53aba310>
DEBUG - 2026-08-22 13:39:14,806 - jasper.toolflow.backend - New Raw constraint found
INFO - 2026-08-22 13:39:14,806 - jasper.toolflow.backend - parsing constraint <castro.RawConstraint object at 0x7fae53aba340>
DEBUG - 2026-08-22 13:39:14,807 - jasper.toolflow.backend - New Raw constraint found
INFO - 2026-08-22 13:39:14,807 - jasper.toolflow.backend - parsing constraint <castro.RawConstraint object at 0x7fae53aba370>
DEBUG - 2026-08-22 13:39:14,807 - jasper.toolflow.backend - New Raw constraint found
INFO - 2026-08-22 13:39:14,807 - jasper.toolflow.backend - parsing constraint <castro.RawConstraint object at 0x7fae53aba3a0>
DEBUG - 2026-08-22 13:39:14,807 - jasper.toolflow.backend - New Raw constraint found
INFO - 2026-08-22 13:39:14,807 - jasper.toolflow.backend - parsing constraint <castro.RawConstraint object at 0x7fae53aba3d0>
DEBUG - 2026-08-22 13:39:14,807 - jasper.toolflow.backend - New Raw constraint found
INFO - 2026-08-22 13:39:14,807 - jasper.toolflow.backend - parsing constraint <castro.RawConstraint object at 0x7fae53aba400>
DEBUG - 2026-08-22 13:39:14,807 - jasper.toolflow.backend - New Raw constraint found
INFO - 2026-08-22 13:39:14,807 - jasper.toolflow.backend - parsing constraint <castro.RawConstraint object at 0x7fae53aba430>
DEBUG - 2026-08-22 13:39:14,807 - jasper.toolflow.backend - New Raw constraint found
INFO - 2026-08-22 13:39:14,807 - jasper.toolflow.backend - parsing constraint <castro.RawConstraint object at 0x7fae53aba460>
DEBUG - 2026-08-22 13:39:14,807 - jasper.toolflow.backend - New Raw constraint found
INFO - 2026-08-22 13:39:14,807 - jasper.toolflow.backend - parsing constraint <castro.RawConstraint object at 0x7fae53aba490>
DEBUG - 2026-08-22 13:39:14,807 - jasper.toolflow.backend - New Raw constraint found
INFO - 2026-08-22 13:39:14,807 - jasper.toolflow.backend - parsing constraint <castro.RawConstraint object at 0x7fae53aba4c0>
DEBUG - 2026-08-22 13:39:14,807 - jasper.toolflow.backend - New Raw constraint found
INFO - 2026-08-22 13:39:14,807 - jasper.toolflow.backend - parsing constraint <castro.RawConstraint object at 0x7fae53aba4f0>
DEBUG - 2026-08-22 13:39:14,807 - jasper.toolflow.backend - New Raw constraint found
INFO - 2026-08-22 13:39:14,807 - jasper.toolflow.backend - parsing constraint <castro.RawConstraint object at 0x7fae53aba520>
DEBUG - 2026-08-22 13:39:14,807 - jasper.toolflow.backend - New Raw constraint found
INFO - 2026-08-22 13:39:14,807 - jasper.toolflow.backend - parsing constraint <castro.RawConstraint object at 0x7fae53aba550>
DEBUG - 2026-08-22 13:39:14,807 - jasper.toolflow.backend - New Raw constraint found
INFO - 2026-08-22 13:39:14,807 - jasper.toolflow.backend - parsing constraint <castro.RawConstraint object at 0x7fae53aba580>
DEBUG - 2026-08-22 13:39:14,807 - jasper.toolflow.backend - New Raw constraint found
INFO - 2026-08-22 13:39:14,807 - jasper.toolflow.backend - parsing constraint <castro.RawConstraint object at 0x7fae53aba5b0>
DEBUG - 2026-08-22 13:39:14,807 - jasper.toolflow.backend - New Raw constraint found
INFO - 2026-08-22 13:39:14,807 - jasper.toolflow.backend - parsing constraint <castro.RawConstraint object at 0x7fae53aba5e0>
DEBUG - 2026-08-22 13:39:14,807 - jasper.toolflow.backend - New Raw constraint found
INFO - 2026-08-22 13:39:14,807 - jasper.toolflow.backend - parsing constraint <castro.RawConstraint object at 0x7fae53aba610>
DEBUG - 2026-08-22 13:39:14,807 - jasper.toolflow.backend - New Raw constraint found
INFO - 2026-08-22 13:39:14,807 - jasper.toolflow.backend - parsing constraint <castro.RawConstraint object at 0x7fae53aba640>
DEBUG - 2026-08-22 13:39:14,807 - jasper.toolflow.backend - New Raw constraint found
INFO - 2026-08-22 13:39:14,807 - jasper.toolflow.backend - parsing constraint <castro.RawConstraint object at 0x7fae53aba670>
DEBUG - 2026-08-22 13:39:14,807 - jasper.toolflow.backend - New Raw constraint found
INFO - 2026-08-22 13:39:14,807 - jasper.toolflow.backend - parsing constraint <castro.RawConstraint object at 0x7fae53aba6a0>
DEBUG - 2026-08-22 13:39:14,807 - jasper.toolflow.backend - New Raw constraint found
INFO - 2026-08-22 13:39:14,807 - jasper.toolflow.backend - parsing constraint <castro.RawConstraint object at 0x7fae53aba6d0>
DEBUG - 2026-08-22 13:39:14,807 - jasper.toolflow.backend - New Raw constraint found
INFO - 2026-08-22 13:39:14,807 - jasper.toolflow.backend - parsing constraint <castro.RawConstraint object at 0x7fae53aba700>
DEBUG - 2026-08-22 13:39:14,807 - jasper.toolflow.backend - New Raw constraint found
INFO - 2026-08-22 13:39:14,807 - jasper.toolflow.backend - parsing constraint <castro.RawConstraint object at 0x7fae53aba730>
DEBUG - 2026-08-22 13:39:14,807 - jasper.toolflow.backend - New Raw constraint found
INFO - 2026-08-22 13:39:14,807 - jasper.toolflow.backend - parsing constraint <castro.RawConstraint object at 0x7fae53aba760>
DEBUG - 2026-08-22 13:39:14,807 - jasper.toolflow.backend - New Raw constraint found
INFO - 2026-08-22 13:39:14,807 - jasper.toolflow.backend - parsing constraint <castro.RawConstraint object at 0x7fae53aba790>
DEBUG - 2026-08-22 13:39:14,807 - jasper.toolflow.backend - New Raw constraint found
INFO - 2026-08-22 13:39:14,807 - jasper.toolflow.backend - parsing constraint <castro.RawConstraint object at 0x7fae53aba7c0>
DEBUG - 2026-08-22 13:39:14,807 - jasper.toolflow.backend - New Raw constraint found
INFO - 2026-08-22 13:39:14,807 - jasper.toolflow.backend - parsing constraint <castro.RawConstraint object at 0x7fae53aba7f0>
DEBUG - 2026-08-22 13:39:14,807 - jasper.toolflow.backend - New Raw constraint found
INFO - 2026-08-22 13:39:14,807 - jasper.toolflow.backend - parsing constraint <castro.RawConstraint object at 0x7fae53aba820>
DEBUG - 2026-08-22 13:39:14,807 - jasper.toolflow.backend - New Raw constraint found
INFO - 2026-08-22 13:39:14,807 - jasper.toolflow.backend - parsing constraint <castro.RawConstraint object at 0x7fae53aba850>
DEBUG - 2026-08-22 13:39:14,807 - jasper.toolflow.backend - New Raw constraint found
INFO - 2026-08-22 13:39:14,807 - jasper.toolflow.backend - parsing constraint <castro.RawConstraint object at 0x7fae53aba880>
DEBUG - 2026-08-22 13:39:14,807 - jasper.toolflow.backend - New Raw constraint found
INFO - 2026-08-22 13:39:14,807 - jasper.toolflow.backend - parsing constraint <castro.RawConstraint object at 0x7fae53aba8b0>
DEBUG - 2026-08-22 13:39:14,807 - jasper.toolflow.backend - New Raw constraint found
INFO - 2026-08-22 13:39:14,807 - jasper.toolflow.backend - parsing constraint <castro.RawConstraint object at 0x7fae53aba8e0>
DEBUG - 2026-08-22 13:39:14,807 - jasper.toolflow.backend - New Raw constraint found
INFO - 2026-08-22 13:39:14,807 - jasper.toolflow.backend - parsing constraint <castro.RawConstraint object at 0x7fae53aba910>
DEBUG - 2026-08-22 13:39:14,807 - jasper.toolflow.backend - New Raw constraint found
INFO - 2026-08-22 13:39:14,807 - jasper.toolflow.backend - parsing constraint <castro.RawConstraint object at 0x7fae53aba940>
DEBUG - 2026-08-22 13:39:14,807 - jasper.toolflow.backend - New Raw constraint found
INFO - 2026-08-22 13:39:14,807 - jasper.toolflow.backend - parsing constraint <castro.RawConstraint object at 0x7fae53aba970>
DEBUG - 2026-08-22 13:39:14,807 - jasper.toolflow.backend - New Raw constraint found
INFO - 2026-08-22 13:39:14,807 - jasper.toolflow.backend - parsing constraint <castro.RawConstraint object at 0x7fae53aba9a0>
DEBUG - 2026-08-22 13:39:14,807 - jasper.toolflow.backend - New Raw constraint found
INFO - 2026-08-22 13:39:14,807 - jasper.toolflow.backend - parsing constraint <castro.RawConstraint object at 0x7fae53aba9d0>
DEBUG - 2026-08-22 13:39:14,807 - jasper.toolflow.backend - New Raw constraint found
INFO - 2026-08-22 13:39:14,807 - jasper.toolflow.backend - parsing constraint <castro.RawConstraint object at 0x7fae53abaa00>
DEBUG - 2026-08-22 13:39:14,807 - jasper.toolflow.backend - New Raw constraint found
INFO - 2026-08-22 13:39:14,807 - jasper.toolflow.backend - parsing constraint <castro.RawConstraint object at 0x7fae53abaa30>
DEBUG - 2026-08-22 13:39:14,807 - jasper.toolflow.backend - New Raw constraint found
INFO - 2026-08-22 13:39:14,807 - jasper.toolflow.backend - parsing constraint <castro.RawConstraint object at 0x7fae53abaa60>
DEBUG - 2026-08-22 13:39:14,807 - jasper.toolflow.backend - New Raw constraint found
INFO - 2026-08-22 13:39:14,807 - jasper.toolflow.backend - parsing constraint <castro.RawConstraint object at 0x7fae53abaa90>
DEBUG - 2026-08-22 13:39:14,807 - jasper.toolflow.backend - New Raw constraint found
INFO - 2026-08-22 13:39:14,807 - jasper.toolflow.backend - parsing constraint <castro.RawConstraint object at 0x7fae53abaac0>
DEBUG - 2026-08-22 13:39:14,807 - jasper.toolflow.backend - New Raw constraint found
INFO - 2026-08-22 13:39:14,807 - jasper.toolflow.backend - parsing constraint <castro.RawConstraint object at 0x7fae53abaaf0>
DEBUG - 2026-08-22 13:39:14,807 - jasper.toolflow.backend - New Raw constraint found
INFO - 2026-08-22 13:39:14,807 - jasper.toolflow.backend - parsing constraint <castro.RawConstraint object at 0x7fae53abab20>
DEBUG - 2026-08-22 13:39:14,807 - jasper.toolflow.backend - New Raw constraint found
INFO - 2026-08-22 13:39:14,807 - jasper.toolflow.backend - parsing constraint <castro.RawConstraint object at 0x7fae53abab50>
DEBUG - 2026-08-22 13:39:14,807 - jasper.toolflow.backend - New Raw constraint found
INFO - 2026-08-22 13:39:14,807 - jasper.toolflow.backend - parsing constraint <castro.RawConstraint object at 0x7fae53abab80>
DEBUG - 2026-08-22 13:39:14,807 - jasper.toolflow.backend - New Raw constraint found
INFO - 2026-08-22 13:39:14,807 - jasper.toolflow.backend - parsing constraint <castro.RawConstraint object at 0x7fae53ababb0>
DEBUG - 2026-08-22 13:39:14,807 - jasper.toolflow.backend - New Raw constraint found
INFO - 2026-08-22 13:39:14,807 - jasper.toolflow.backend - parsing constraint <castro.RawConstraint object at 0x7fae53ababe0>
DEBUG - 2026-08-22 13:39:14,807 - jasper.toolflow.backend - New Raw constraint found
INFO - 2026-08-22 13:39:14,808 - jasper.toolflow.backend - parsing constraint <castro.RawConstraint object at 0x7fae53abac10>
DEBUG - 2026-08-22 13:39:14,808 - jasper.toolflow.backend - New Raw constraint found
INFO - 2026-08-22 13:39:14,808 - jasper.toolflow.backend - parsing constraint <castro.RawConstraint object at 0x7fae53abac40>
DEBUG - 2026-08-22 13:39:14,808 - jasper.toolflow.backend - New Raw constraint found
INFO - 2026-08-22 13:39:14,808 - jasper.toolflow.backend - parsing constraint <castro.RawConstraint object at 0x7fae53abac70>
DEBUG - 2026-08-22 13:39:14,808 - jasper.toolflow.backend - New Raw constraint found
INFO - 2026-08-22 13:39:14,808 - jasper.toolflow.backend - parsing constraint <castro.RawConstraint object at 0x7fae53abaca0>
DEBUG - 2026-08-22 13:39:14,808 - jasper.toolflow.backend - New Raw constraint found
INFO - 2026-08-22 13:39:14,808 - jasper.toolflow.backend - parsing constraint <castro.RawConstraint object at 0x7fae53abacd0>
DEBUG - 2026-08-22 13:39:14,808 - jasper.toolflow.backend - New Raw constraint found
INFO - 2026-08-22 13:39:14,808 - jasper.toolflow.backend - parsing constraint <castro.RawConstraint object at 0x7fae53abad00>
DEBUG - 2026-08-22 13:39:14,808 - jasper.toolflow.backend - New Raw constraint found
INFO - 2026-08-22 13:39:14,808 - jasper.toolflow.backend - parsing constraint <castro.RawConstraint object at 0x7fae53abad30>
DEBUG - 2026-08-22 13:39:14,808 - jasper.toolflow.backend - New Raw constraint found
INFO - 2026-08-22 13:39:14,808 - jasper.toolflow.backend - parsing constraint <castro.RawConstraint object at 0x7fae53abad60>
DEBUG - 2026-08-22 13:39:14,808 - jasper.toolflow.backend - New Raw constraint found
INFO - 2026-08-22 13:39:14,808 - jasper.toolflow.backend - parsing constraint <castro.RawConstraint object at 0x7fae53abad90>
DEBUG - 2026-08-22 13:39:14,808 - jasper.toolflow.backend - New Raw constraint found
INFO - 2026-08-22 13:39:14,808 - jasper.toolflow.backend - parsing constraint <castro.RawConstraint object at 0x7fae53abadc0>
DEBUG - 2026-08-22 13:39:14,808 - jasper.toolflow.backend - New Raw constraint found
INFO - 2026-08-22 13:39:14,808 - jasper.toolflow.backend - parsing constraint <castro.RawConstraint object at 0x7fae53abadf0>
DEBUG - 2026-08-22 13:39:14,808 - jasper.toolflow.backend - New Raw constraint found
INFO - 2026-08-22 13:39:14,808 - jasper.toolflow.backend - parsing constraint <castro.RawConstraint object at 0x7fae53abae20>
DEBUG - 2026-08-22 13:39:14,808 - jasper.toolflow.backend - New Raw constraint found
INFO - 2026-08-22 13:39:14,808 - jasper.toolflow.backend - parsing constraint <castro.RawConstraint object at 0x7fae53abae50>
DEBUG - 2026-08-22 13:39:14,808 - jasper.toolflow.backend - New Raw constraint found
INFO - 2026-08-22 13:39:14,808 - jasper.toolflow.backend - parsing constraint <castro.RawConstraint object at 0x7fae53abae80>
DEBUG - 2026-08-22 13:39:14,808 - jasper.toolflow.backend - New Raw constraint found
INFO - 2026-08-22 13:39:14,808 - jasper.toolflow.backend - parsing constraint <castro.RawConstraint object at 0x7fae53abaeb0>
DEBUG - 2026-08-22 13:39:14,808 - jasper.toolflow.backend - New Raw constraint found
INFO - 2026-08-22 13:39:14,808 - jasper.toolflow.backend - parsing constraint <castro.RawConstraint object at 0x7fae53abaee0>
DEBUG - 2026-08-22 13:39:14,808 - jasper.toolflow.backend - New Raw constraint found
INFO - 2026-08-22 13:39:14,808 - jasper.toolflow.backend - parsing constraint <castro.RawConstraint object at 0x7fae53abaf10>
DEBUG - 2026-08-22 13:39:14,808 - jasper.toolflow.backend - New Raw constraint found
INFO - 2026-08-22 13:39:14,808 - jasper.toolflow.backend - parsing constraint <castro.RawConstraint object at 0x7fae53abaf40>
DEBUG - 2026-08-22 13:39:14,808 - jasper.toolflow.backend - New Raw constraint found
INFO - 2026-08-22 13:39:14,808 - jasper.toolflow.backend - parsing constraint <castro.RawConstraint object at 0x7fae53abaf70>
DEBUG - 2026-08-22 13:39:14,808 - jasper.toolflow.backend - New Raw constraint found
INFO - 2026-08-22 13:39:14,808 - jasper.toolflow.backend - parsing constraint <castro.RawConstraint object at 0x7fae53abafa0>
DEBUG - 2026-08-22 13:39:14,808 - jasper.toolflow.backend - New Raw constraint found
INFO - 2026-08-22 13:39:14,808 - jasper.toolflow.backend - Constraints: set_property PACKAGE_PIN A6 [get_ports ONE_GBE_SGMII_RX_P]
set_property PACKAGE_PIN A5 [get_ports ONE_GBE_SGMII_RX_N]
set_property PACKAGE_PIN B4 [get_ports ONE_GBE_SGMII_TX_P]
set_property PACKAGE_PIN B3 [get_ports ONE_GBE_SGMII_TX_N]
set_property PACKAGE_PIN A9 [get_ports ONE_GBE_MGTREFCLK_N]
set_property PACKAGE_PIN A10 [get_ports ONE_GBE_MGTREFCLK_P]
set_property PACKAGE_PIN BD12 [get_ports ONE_GBE_RESET_N]
set_property IOSTANDARD LVCMOS18 [get_ports ONE_GBE_RESET_N]
set_property PACKAGE_PIN BC27 [get_ports FLASH_DQ[0]]
set_property PACKAGE_PIN BD27 [get_ports FLASH_DQ[1]]
set_property PACKAGE_PIN BD29 [get_ports FLASH_DQ[2]]
set_property PACKAGE_PIN BD30 [get_ports FLASH_DQ[3]]
set_property PACKAGE_PIN BB30 [get_ports FLASH_DQ[4]]
set_property PACKAGE_PIN BC30 [get_ports FLASH_DQ[5]]
set_property PACKAGE_PIN BC28 [get_ports FLASH_DQ[6]]
set_property PACKAGE_PIN BC29 [get_ports FLASH_DQ[7]]
set_property PACKAGE_PIN BA30 [get_ports FLASH_DQ[8]]
set_property PACKAGE_PIN AW29 [get_ports FLASH_DQ[9]]
set_property PACKAGE_PIN AY29 [get_ports FLASH_DQ[10]]
set_property PACKAGE_PIN AW27 [get_ports FLASH_DQ[11]]
set_property PACKAGE_PIN AY27 [get_ports FLASH_DQ[12]]
set_property PACKAGE_PIN BA31 [get_ports FLASH_DQ[13]]
set_property PACKAGE_PIN AY28 [get_ports FLASH_DQ[14]]
set_property PACKAGE_PIN BA28 [get_ports FLASH_DQ[15]]
set_property IOSTANDARD LVCMOS18 [get_ports FLASH_DQ[0]]
set_property IOSTANDARD LVCMOS18 [get_ports FLASH_DQ[1]]
set_property IOSTANDARD LVCMOS18 [get_ports FLASH_DQ[2]]
set_property IOSTANDARD LVCMOS18 [get_ports FLASH_DQ[3]]
set_property IOSTANDARD LVCMOS18 [get_ports FLASH_DQ[4]]
set_property IOSTANDARD LVCMOS18 [get_ports FLASH_DQ[5]]
set_property IOSTANDARD LVCMOS18 [get_ports FLASH_DQ[6]]
set_property IOSTANDARD LVCMOS18 [get_ports FLASH_DQ[7]]
set_property IOSTANDARD LVCMOS18 [get_ports FLASH_DQ[8]]
set_property IOSTANDARD LVCMOS18 [get_ports FLASH_DQ[9]]
set_property IOSTANDARD LVCMOS18 [get_ports FLASH_DQ[10]]
set_property IOSTANDARD LVCMOS18 [get_ports FLASH_DQ[11]]
set_property IOSTANDARD LVCMOS18 [get_ports FLASH_DQ[12]]
set_property IOSTANDARD LVCMOS18 [get_ports FLASH_DQ[13]]
set_property IOSTANDARD LVCMOS18 [get_ports FLASH_DQ[14]]
set_property IOSTANDARD LVCMOS18 [get_ports FLASH_DQ[15]]
set_property PACKAGE_PIN E14 [get_ports USB_FPGA[0]]
set_property PACKAGE_PIN F14 [get_ports USB_FPGA[1]]
set_property PACKAGE_PIN E13 [get_ports USB_FPGA[2]]
set_property PACKAGE_PIN F13 [get_ports USB_FPGA[3]]
set_property IOSTANDARD LVCMOS18 [get_ports USB_FPGA[0]]
set_property IOSTANDARD LVCMOS18 [get_ports USB_FPGA[1]]
set_property IOSTANDARD LVCMOS18 [get_ports USB_FPGA[2]]
set_property IOSTANDARD LVCMOS18 [get_ports USB_FPGA[3]]
set_property PACKAGE_PIN AL29 [get_ports FLASH_A[0]]
set_property PACKAGE_PIN AL28 [get_ports FLASH_A[1]]
set_property PACKAGE_PIN AK29 [get_ports FLASH_A[2]]
set_property PACKAGE_PIN AJ29 [get_ports FLASH_A[3]]
set_property PACKAGE_PIN AM28 [get_ports FLASH_A[4]]
set_property PACKAGE_PIN AM27 [get_ports FLASH_A[5]]
set_property PACKAGE_PIN AK28 [get_ports FLASH_A[6]]
set_property PACKAGE_PIN AN30 [get_ports FLASH_A[7]]
set_property PACKAGE_PIN AM30 [get_ports FLASH_A[8]]
set_property PACKAGE_PIN AN29 [get_ports FLASH_A[9]]
set_property PACKAGE_PIN AN28 [get_ports FLASH_A[10]]
set_property PACKAGE_PIN AR29 [get_ports FLASH_A[11]]
set_property PACKAGE_PIN AR28 [get_ports FLASH_A[12]]
set_property PACKAGE_PIN AP30 [get_ports FLASH_A[13]]
set_property PACKAGE_PIN AP29 [get_ports FLASH_A[14]]
set_property PACKAGE_PIN AT29 [get_ports FLASH_A[15]]
set_property PACKAGE_PIN AL26 [get_ports FLASH_A[16]]
set_property PACKAGE_PIN AK26 [get_ports FLASH_A[17]]
set_property PACKAGE_PIN AK24 [get_ports FLASH_A[18]]
set_property PACKAGE_PIN AM26 [get_ports FLASH_A[19]]
set_property PACKAGE_PIN AM25 [get_ports FLASH_A[20]]
set_property PACKAGE_PIN AM23 [get_ports FLASH_A[21]]
set_property PACKAGE_PIN AL23 [get_ports FLASH_A[22]]
set_property PACKAGE_PIN AP26 [get_ports FLASH_A[23]]
set_property PACKAGE_PIN AN25 [get_ports FLASH_A[24]]
set_property PACKAGE_PIN AP25 [get_ports FLASH_A[25]]
set_property PACKAGE_PIN AP24 [get_ports FLASH_A[26]]
set_property PACKAGE_PIN AU27 [get_ports FLASH_A[27]]
set_property PACKAGE_PIN AT26 [get_ports FLASH_A[28]]
set_property IOSTANDARD LVCMOS18 [get_ports FLASH_A[0]]
set_property IOSTANDARD LVCMOS18 [get_ports FLASH_A[1]]
set_property IOSTANDARD LVCMOS18 [get_ports FLASH_A[2]]
set_property IOSTANDARD LVCMOS18 [get_ports FLASH_A[3]]
set_property IOSTANDARD LVCMOS18 [get_ports FLASH_A[4]]
set_property IOSTANDARD LVCMOS18 [get_ports FLASH_A[5]]
set_property IOSTANDARD LVCMOS18 [get_ports FLASH_A[6]]
set_property IOSTANDARD LVCMOS18 [get_ports FLASH_A[7]]
set_property IOSTANDARD LVCMOS18 [get_ports FLASH_A[8]]
set_property IOSTANDARD LVCMOS18 [get_ports FLASH_A[9]]
set_property IOSTANDARD LVCMOS18 [get_ports FLASH_A[10]]
set_property IOSTANDARD LVCMOS18 [get_ports FLASH_A[11]]
set_property IOSTANDARD LVCMOS18 [get_ports FLASH_A[12]]
set_property IOSTANDARD LVCMOS18 [get_ports FLASH_A[13]]
set_property IOSTANDARD LVCMOS18 [get_ports FLASH_A[14]]
set_property IOSTANDARD LVCMOS18 [get_ports FLASH_A[15]]
set_property IOSTANDARD LVCMOS18 [get_ports FLASH_A[16]]
set_property IOSTANDARD LVCMOS18 [get_ports FLASH_A[17]]
set_property IOSTANDARD LVCMOS18 [get_ports FLASH_A[18]]
set_property IOSTANDARD LVCMOS18 [get_ports FLASH_A[19]]
set_property IOSTANDARD LVCMOS18 [get_ports FLASH_A[20]]
set_property IOSTANDARD LVCMOS18 [get_ports FLASH_A[21]]
set_property IOSTANDARD LVCMOS18 [get_ports FLASH_A[22]]
set_property IOSTANDARD LVCMOS18 [get_ports FLASH_A[23]]
set_property IOSTANDARD LVCMOS18 [get_ports FLASH_A[24]]
set_property IOSTANDARD LVCMOS18 [get_ports FLASH_A[25]]
set_property IOSTANDARD LVCMOS18 [get_ports FLASH_A[26]]
set_property IOSTANDARD LVCMOS18 [get_ports FLASH_A[27]]
set_property IOSTANDARD LVCMOS18 [get_ports FLASH_A[28]]
set_property PACKAGE_PIN AY31 [get_ports GND[0]]
set_property PACKAGE_PIN AW30 [get_ports GND[1]]
set_property PACKAGE_PIN AW31 [get_ports GND[2]]
set_property PACKAGE_PIN AV28 [get_ports GND[3]]
set_property PACKAGE_PIN AV29 [get_ports GND[4]]
set_property PACKAGE_PIN AN27 [get_ports GND[5]]
set_property PACKAGE_PIN AP27 [get_ports GND[6]]
set_property PACKAGE_PIN AT28 [get_ports GND[7]]
set_property PACKAGE_PIN AK27 [get_ports GND[8]]
set_property PACKAGE_PIN AW26 [get_ports GND[9]]
set_property PACKAGE_PIN AY26 [get_ports GND[10]]
set_property PACKAGE_PIN AV25 [get_ports GND[11]]
set_property PACKAGE_PIN AW25 [get_ports GND[12]]
set_property PACKAGE_PIN AW24 [get_ports GND[13]]
set_property PACKAGE_PIN AT25 [get_ports GND[14]]
set_property PACKAGE_PIN AK23 [get_ports GND[15]]
set_property IOSTANDARD LVCMOS18 [get_ports GND[0]]
set_property IOSTANDARD LVCMOS18 [get_ports GND[1]]
set_property IOSTANDARD LVCMOS18 [get_ports GND[2]]
set_property IOSTANDARD LVCMOS18 [get_ports GND[3]]
set_property IOSTANDARD LVCMOS18 [get_ports GND[4]]
set_property IOSTANDARD LVCMOS18 [get_ports GND[5]]
set_property IOSTANDARD LVCMOS18 [get_ports GND[6]]
set_property IOSTANDARD LVCMOS18 [get_ports GND[7]]
set_property IOSTANDARD LVCMOS18 [get_ports GND[8]]
set_property IOSTANDARD LVCMOS18 [get_ports GND[9]]
set_property IOSTANDARD LVCMOS18 [get_ports GND[10]]
set_property IOSTANDARD LVCMOS18 [get_ports GND[11]]
set_property IOSTANDARD LVCMOS18 [get_ports GND[12]]
set_property IOSTANDARD LVCMOS18 [get_ports GND[13]]
set_property IOSTANDARD LVCMOS18 [get_ports GND[14]]
set_property IOSTANDARD LVCMOS18 [get_ports GND[15]]
set_property PACKAGE_PIN BB12 [get_ports ONE_GBE_INT_N]
set_property IOSTANDARD LVCMOS18 [get_ports ONE_GBE_INT_N]
set_property PACKAGE_PIN BD35 [get_ports FPGA_RESET_N]
set_property IOSTANDARD LVCMOS18 [get_ports FPGA_RESET_N]
set_property PACKAGE_PIN AL25 [get_ports FLASH_WE_N]
set_property IOSTANDARD LVCMOS18 [get_ports FLASH_WE_N]
set_property PACKAGE_PIN AV27 [get_ports FPGA_EMCCLK2]
set_property IOSTANDARD LVCMOS18 [get_ports FPGA_EMCCLK2]
set_property PACKAGE_PIN B13 [get_ports MEZZANINE_3_ONE_WIRE_STRONG_PULLUP_EN_N]
set_property IOSTANDARD LVCMOS18 [get_ports MEZZANINE_3_ONE_WIRE_STRONG_PULLUP_EN_N]
set_property PACKAGE_PIN BA10 [get_ports MEZZANINE_2_ONE_WIRE_STRONG_PULLUP_EN_N]
set_property IOSTANDARD LVCMOS18 [get_ports MEZZANINE_2_ONE_WIRE_STRONG_PULLUP_EN_N]
set_property PACKAGE_PIN BD34 [get_ports MEZZANINE_1_ONE_WIRE_STRONG_PULLUP_EN_N]
set_property IOSTANDARD LVCMOS18 [get_ports MEZZANINE_1_ONE_WIRE_STRONG_PULLUP_EN_N]
set_property PACKAGE_PIN C32 [get_ports MEZZANINE_0_ONE_WIRE_STRONG_PULLUP_EN_N]
set_property IOSTANDARD LVCMOS18 [get_ports MEZZANINE_0_ONE_WIRE_STRONG_PULLUP_EN_N]
set_property PACKAGE_PIN A14 [get_ports MEZZANINE_3_SCL_FPGA]
set_property IOSTANDARD LVCMOS18 [get_ports MEZZANINE_3_SCL_FPGA]
set_property PACKAGE_PIN BD14 [get_ports MEZZANINE_2_SCL_FPGA]
set_property IOSTANDARD LVCMOS18 [get_ports MEZZANINE_2_SCL_FPGA]
set_property PACKAGE_PIN BD32 [get_ports MEZZANINE_1_SCL_FPGA]
set_property IOSTANDARD LVCMOS18 [get_ports MEZZANINE_1_SCL_FPGA]
set_property PACKAGE_PIN A31 [get_ports MEZZANINE_0_SCL_FPGA]
set_property IOSTANDARD LVCMOS18 [get_ports MEZZANINE_0_SCL_FPGA]
set_property PACKAGE_PIN BB27 [get_ports EMCCLK_FIX]
set_property IOSTANDARD LVCMOS18 [get_ports EMCCLK_FIX]
set_property PACKAGE_PIN BD17 [get_ports ONE_WIRE_EEPROM]
set_property IOSTANDARD LVCMOS18 [get_ports ONE_WIRE_EEPROM]
set_property PACKAGE_PIN BB18 [get_ports I2C_SCL_FPGA]
set_property IOSTANDARD LVCMOS18 [get_ports I2C_SCL_FPGA]
set_property PACKAGE_PIN AU15 [get_ports FPGA_REFCLK_BUF0_P]
set_property IOSTANDARD LVDS [get_ports FPGA_REFCLK_BUF0_P]
set_property IOSTANDARD LVDS [get_ports FPGA_REFCLK_BUF0_N]
set_property PACKAGE_PIN BC12 [get_ports ONE_GBE_LINK]
set_property IOSTANDARD LVCMOS18 [get_ports ONE_GBE_LINK]
set_property PACKAGE_PIN BB21 [get_ports SPI_CLK]
set_property IOSTANDARD LVCMOS18 [get_ports SPI_CLK]
set_property PACKAGE_PIN B15 [get_ports MEZZANINE_3_INT_N]
set_property IOSTANDARD LVCMOS18 [get_ports MEZZANINE_3_INT_N]
set_property PACKAGE_PIN BC13 [get_ports MEZZANINE_2_INT_N]
set_property IOSTANDARD LVCMOS18 [get_ports MEZZANINE_2_INT_N]
set_property PACKAGE_PIN BC33 [get_ports MEZZANINE_1_INT_N]
set_property IOSTANDARD LVCMOS18 [get_ports MEZZANINE_1_INT_N]
set_property PACKAGE_PIN B31 [get_ports MEZZANINE_0_INT_N]
set_property IOSTANDARD LVCMOS18 [get_ports MEZZANINE_0_INT_N]
set_property PACKAGE_PIN BB20 [get_ports SPI_MISO]
set_property IOSTANDARD LVCMOS18 [get_ports SPI_MISO]
set_property PACKAGE_PIN C13 [get_ports MEZZANINE_3_PRESENT_N]
set_property IOSTANDARD LVCMOS18 [get_ports MEZZANINE_3_PRESENT_N]
set_property PACKAGE_PIN BA11 [get_ports MEZZANINE_2_PRESENT_N]
set_property IOSTANDARD LVCMOS18 [get_ports MEZZANINE_2_PRESENT_N]
set_property PACKAGE_PIN BA35 [get_ports MEZZANINE_1_PRESENT_N]
set_property IOSTANDARD LVCMOS18 [get_ports MEZZANINE_1_PRESENT_N]
set_property PACKAGE_PIN D32 [get_ports MEZZANINE_0_PRESENT_N]
set_property IOSTANDARD LVCMOS18 [get_ports MEZZANINE_0_PRESENT_N]
set_property PACKAGE_PIN BD21 [get_ports SPI_CSB]
set_property IOSTANDARD LVCMOS18 [get_ports SPI_CSB]
set_property PACKAGE_PIN AT18 [get_ports FPGA_REFCLK_BUF1_P]
set_property IOSTANDARD LVDS [get_ports FPGA_REFCLK_BUF1_P]
set_property IOSTANDARD LVDS [get_ports FPGA_REFCLK_BUF1_N]
set_property PACKAGE_PIN C18 [get_ports PCIE_RST_N]
set_property IOSTANDARD LVCMOS18 [get_ports PCIE_RST_N]
set_property PACKAGE_PIN BC20 [get_ports SPI_MOSI]
set_property IOSTANDARD LVCMOS18 [get_ports SPI_MOSI]
set_property PACKAGE_PIN AY13 [get_ports USB_I2C_CTRL]
set_property IOSTANDARD LVCMOS18 [get_ports USB_I2C_CTRL]
set_property PACKAGE_PIN AV13 [get_ports DEBUG_UART_RX]
set_property IOSTANDARD LVCMOS18 [get_ports DEBUG_UART_RX]
set_property PACKAGE_PIN BB16 [get_ports USB_UART_RXD]
set_property IOSTANDARD LVCMOS18 [get_ports USB_UART_RXD]
set_property PACKAGE_PIN BB22 [get_ports FAN_CONT_RST_N]
set_property IOSTANDARD LVCMOS18 [get_ports FAN_CONT_RST_N]
set_property PACKAGE_PIN A19 [get_ports CPU_SUS_S3_N]
set_property IOSTANDARD LVCMOS18 [get_ports CPU_SUS_S3_N]
set_property PACKAGE_PIN BA20 [get_ports MEZZANINE_COMBINED_FAULT]
set_property IOSTANDARD LVCMOS18 [get_ports MEZZANINE_COMBINED_FAULT]
set_property PACKAGE_PIN BB28 [get_ports EMCCLK]
set_property IOSTANDARD LVCMOS18 [get_ports EMCCLK]
set_property PACKAGE_PIN BB13 [get_ports MONITOR_ALERT_N]
set_property IOSTANDARD LVCMOS18 [get_ports MONITOR_ALERT_N]
set_property PACKAGE_PIN BC19 [get_ports I2C_RESET_FPGA]
set_property IOSTANDARD LVCMOS18 [get_ports I2C_RESET_FPGA]
set_property PACKAGE_PIN BC18 [get_ports I2C_SDA_FPGA]
set_property IOSTANDARD LVCMOS18 [get_ports I2C_SDA_FPGA]
set_property PACKAGE_PIN AV14 [get_ports MEZZANINE_3_FAULT_N]
set_property IOSTANDARD LVCMOS18 [get_ports MEZZANINE_3_FAULT_N]
set_property PACKAGE_PIN AW14 [get_ports MEZZANINE_2_FAULT_N]
set_property IOSTANDARD LVCMOS18 [get_ports MEZZANINE_2_FAULT_N]
set_property PACKAGE_PIN AY14 [get_ports MEZZANINE_1_FAULT_N]
set_property IOSTANDARD LVCMOS18 [get_ports MEZZANINE_1_FAULT_N]
set_property PACKAGE_PIN BA14 [get_ports MEZZANINE_0_FAULT_N]
set_property IOSTANDARD LVCMOS18 [get_ports MEZZANINE_0_FAULT_N]
set_property PACKAGE_PIN BD22 [get_ports FAN_CONT_ALERT_N]
set_property IOSTANDARD LVCMOS18 [get_ports FAN_CONT_ALERT_N]
set_property PACKAGE_PIN BA29 [get_ports FLASH_CS_N]
set_property IOSTANDARD LVCMOS18 [get_ports FLASH_CS_N]
set_property PACKAGE_PIN BC17 [get_ports ONE_WIRE_EEPROM_STRONG_PULLUP_EN_N]
set_property IOSTANDARD LVCMOS18 [get_ports ONE_WIRE_EEPROM_STRONG_PULLUP_EN_N]
set_property PACKAGE_PIN B18 [get_ports CPU_SUS_STAT_N]
set_property IOSTANDARD LVCMOS18 [get_ports CPU_SUS_STAT_N]
set_property PACKAGE_PIN BA13 [get_ports USB_UART_TXD]
set_property IOSTANDARD LVCMOS18 [get_ports USB_UART_TXD]
set_property PACKAGE_PIN AN24 [get_ports FLASH_ADV_N]
set_property IOSTANDARD LVCMOS18 [get_ports FLASH_ADV_N]
set_property PACKAGE_PIN BC22 [get_ports FAN_CONT_FAULT_N]
set_property IOSTANDARD LVCMOS18 [get_ports FAN_CONT_FAULT_N]
set_property PACKAGE_PIN A18 [get_ports CPU_PWR_OK]
set_property IOSTANDARD LVCMOS18 [get_ports CPU_PWR_OK]
set_property PACKAGE_PIN C12 [get_ports MEZZANINE_3_ENABLE_N]
set_property IOSTANDARD LVCMOS18 [get_ports MEZZANINE_3_ENABLE_N]
set_property PACKAGE_PIN E17 [get_ports MEZZANINE_2_ENABLE_N]
set_property IOSTANDARD LVCMOS18 [get_ports MEZZANINE_2_ENABLE_N]
set_property PACKAGE_PIN C17 [get_ports MEZZANINE_1_ENABLE_N]
set_property IOSTANDARD LVCMOS18 [get_ports MEZZANINE_1_ENABLE_N]
set_property PACKAGE_PIN B33 [get_ports MEZZANINE_0_ENABLE_N]
set_property IOSTANDARD LVCMOS18 [get_ports MEZZANINE_0_ENABLE_N]
set_property PACKAGE_PIN BD20 [get_ports DEBUG_UART_TX]
set_property IOSTANDARD LVCMOS18 [get_ports DEBUG_UART_TX]
set_property PACKAGE_PIN BA26 [get_ports SPARTAN_CLK]
set_property IOSTANDARD LVCMOS18 [get_ports SPARTAN_CLK]
set_property PACKAGE_PIN E12 [get_ports MEZZANINE_3_RESET]
set_property IOSTANDARD LVCMOS18 [get_ports MEZZANINE_3_RESET]
set_property PACKAGE_PIN A15 [get_ports MEZZANINE_3_SDA_FPGA]
set_property IOSTANDARD LVCMOS18 [get_ports MEZZANINE_3_SDA_FPGA]
set_property PACKAGE_PIN BC14 [get_ports MEZZANINE_2_SDA_FPGA]
set_property IOSTANDARD LVCMOS18 [get_ports MEZZANINE_2_SDA_FPGA]
set_property PACKAGE_PIN BD31 [get_ports MEZZANINE_1_SDA_FPGA]
set_property IOSTANDARD LVCMOS18 [get_ports MEZZANINE_1_SDA_FPGA]
set_property PACKAGE_PIN A30 [get_ports MEZZANINE_0_SDA_FPGA]
set_property IOSTANDARD LVCMOS18 [get_ports MEZZANINE_0_SDA_FPGA]
set_property PACKAGE_PIN B16 [get_ports CPU_SUS_S4_N]
set_property IOSTANDARD LVCMOS18 [get_ports CPU_SUS_S4_N]
set_property PACKAGE_PIN BD26 [get_ports FLASH_WAIT]
set_property IOSTANDARD LVCMOS18 [get_ports FLASH_WAIT]
set_property PACKAGE_PIN BD10 [get_ports FPGA_ATX_PSU_KILL]
set_property IOSTANDARD LVCMOS18 [get_ports FPGA_ATX_PSU_KILL]
set_property PACKAGE_PIN BD11 [get_ports CPU_PWR_BTN_N]
set_property IOSTANDARD LVCMOS18 [get_ports CPU_PWR_BTN_N]
set_property PACKAGE_PIN AL24 [get_ports FLASH_OE_N]
set_property IOSTANDARD LVCMOS18 [get_ports FLASH_OE_N]
set_property PACKAGE_PIN A13 [get_ports MEZZANINE_3_ONE_WIRE]
set_property IOSTANDARD LVCMOS18 [get_ports MEZZANINE_3_ONE_WIRE]
set_property PACKAGE_PIN BB10 [get_ports MEZZANINE_2_ONE_WIRE]
set_property IOSTANDARD LVCMOS18 [get_ports MEZZANINE_2_ONE_WIRE]
set_property PACKAGE_PIN BC34 [get_ports MEZZANINE_1_ONE_WIRE]
set_property IOSTANDARD LVCMOS18 [get_ports MEZZANINE_1_ONE_WIRE]
set_property PACKAGE_PIN B32 [get_ports MEZZANINE_0_ONE_WIRE]
set_property IOSTANDARD LVCMOS18 [get_ports MEZZANINE_0_ONE_WIRE]
set_property PACKAGE_PIN AJ25 [get_ports FLASH_RS1]
set_property IOSTANDARD LVCMOS18 [get_ports FLASH_RS1]
set_property PACKAGE_PIN AJ26 [get_ports FLASH_RS0]
set_property IOSTANDARD LVCMOS18 [get_ports FLASH_RS0]
set_property PACKAGE_PIN BC10 [get_ports CPU_SYS_RESET_N]
set_property IOSTANDARD LVCMOS18 [get_ports CPU_SYS_RESET_N]
set_property PACKAGE_PIN B12 [get_ports MEZZANINE_3_CLK_SEL]
set_property IOSTANDARD LVCMOS18 [get_ports MEZZANINE_3_CLK_SEL]
set_property PACKAGE_PIN B17 [get_ports CPU_SUS_S5_N]
set_property IOSTANDARD LVCMOS18 [get_ports CPU_SUS_S5_N]
set_property PACKAGE_PIN BB26 [get_ports CONFIG_IO_0]
set_property IOSTANDARD LVCMOS18 [get_ports CONFIG_IO_0]
set_property PACKAGE_PIN BB25 [get_ports CONFIG_IO_1]
set_property IOSTANDARD LVCMOS18 [get_ports CONFIG_IO_1]
set_property PACKAGE_PIN BC25 [get_ports CONFIG_IO_2]
set_property IOSTANDARD LVCMOS18 [get_ports CONFIG_IO_2]
set_property PACKAGE_PIN BD25 [get_ports CONFIG_IO_3]
set_property IOSTANDARD LVCMOS18 [get_ports CONFIG_IO_3]
set_property PACKAGE_PIN AY24 [get_ports CONFIG_IO_4]
set_property IOSTANDARD LVCMOS18 [get_ports CONFIG_IO_4]
set_property PACKAGE_PIN BA24 [get_ports CONFIG_IO_5]
set_property IOSTANDARD LVCMOS18 [get_ports CONFIG_IO_5]
set_property PACKAGE_PIN BC24 [get_ports CONFIG_IO_6]
set_property IOSTANDARD LVCMOS18 [get_ports CONFIG_IO_6]
set_property PACKAGE_PIN BD24 [get_ports CONFIG_IO_7]
set_property IOSTANDARD LVCMOS18 [get_ports CONFIG_IO_7]
set_property PACKAGE_PIN AY23 [get_ports CONFIG_IO_8]
set_property IOSTANDARD LVCMOS18 [get_ports CONFIG_IO_8]
set_property PACKAGE_PIN BA23 [get_ports CONFIG_IO_9]
set_property IOSTANDARD LVCMOS18 [get_ports CONFIG_IO_9]
set_property PACKAGE_PIN BB23 [get_ports CONFIG_IO_10]
set_property IOSTANDARD LVCMOS18 [get_ports CONFIG_IO_10]
set_property PACKAGE_PIN BC23 [get_ports CONFIG_IO_11]
set_property IOSTANDARD LVCMOS18 [get_ports CONFIG_IO_11]
set_property PACKAGE_PIN A29 [get_ports FPGA_LEDS[0]]
set_property PACKAGE_PIN C29 [get_ports FPGA_LEDS[1]]
set_property PACKAGE_PIN D29 [get_ports FPGA_LEDS[2]]
set_property PACKAGE_PIN E29 [get_ports FPGA_LEDS[3]]
set_property PACKAGE_PIN A28 [get_ports FPGA_LEDS[4]]
set_property PACKAGE_PIN B28 [get_ports FPGA_LEDS[5]]
set_property PACKAGE_PIN C28 [get_ports FPGA_LEDS[6]]
set_property PACKAGE_PIN E28 [get_ports FPGA_LEDS[7]]
set_property IOSTANDARD LVCMOS18 [get_ports FPGA_LEDS[0]]
set_property IOSTANDARD LVCMOS18 [get_ports FPGA_LEDS[1]]
set_property IOSTANDARD LVCMOS18 [get_ports FPGA_LEDS[2]]
set_property IOSTANDARD LVCMOS18 [get_ports FPGA_LEDS[3]]
set_property IOSTANDARD LVCMOS18 [get_ports FPGA_LEDS[4]]
set_property IOSTANDARD LVCMOS18 [get_ports FPGA_LEDS[5]]
set_property IOSTANDARD LVCMOS18 [get_ports FPGA_LEDS[6]]
set_property IOSTANDARD LVCMOS18 [get_ports FPGA_LEDS[7]]
create_clock -period 8.000 -name ONE_GBE_MGTREFCLK_P -waveform {0.000 4.000} [get_ports {ONE_GBE_MGTREFCLK_P}]
create_clock -period 6.400 -name FPGA_REFCLK_BUF0_P -waveform {0.000 3.200} [get_ports {FPGA_REFCLK_BUF0_P}]
create_clock -period 6.400 -name FPGA_REFCLK_BUF1_P -waveform {0.000 3.200} [get_ports {FPGA_REFCLK_BUF1_P}]
create_clock -period 16.666 -name FPGA_EMCCLK2 -waveform {0.000 8.333} [get_ports {FPGA_EMCCLK2}]
create_clock -period 16.666 -name virtual_emcc_clock -waveform {0.000 8.333}
set_clock_groups -asynchronous -group [get_clocks -of_objects [get_pins ethernet_one_gbe_skarab_axi_tx_one_gbe/gmii_to_sgmii_0/U0/core_clocking_i/mmcm_adv_inst/CLKOUT0]] -group [get_clocks -of_objects [get_pins skarab_infr/SYS_CLK_MMCM_inst/CLKOUT0]]
set_clock_groups -asynchronous -group [get_clocks -of_objects [get_pins skarab_infr/SYS_CLK_MMCM_inst/CLKOUT0]] -group [get_clocks -of_objects [get_pins ethernet_one_gbe_skarab_axi_tx_one_gbe/gmii_to_sgmii_0/U0/core_clocking_i/mmcm_adv_inst/CLKOUT0]]
set_clock_groups -asynchronous -group [get_clocks FPGA_EMCCLK2] -group [get_clocks -of_objects [get_pins ethernet_one_gbe_skarab_axi_tx_one_gbe/gmii_to_sgmii_0/U0/core_clocking_i/mmcm_adv_inst/CLKOUT0]]
set_clock_groups -asynchronous -group [get_clocks -of_objects [get_pins ethernet_one_gbe_skarab_axi_tx_one_gbe/gmii_to_sgmii_0/U0/core_clocking_i/mmcm_adv_inst/CLKOUT0]] -group [get_clocks FPGA_EMCCLK2]
set_clock_groups -asynchronous -group [get_clocks -of_objects [get_pins ethernet_one_gbe_skarab_axi_tx_one_gbe/gmii_to_sgmii_0/U0/core_clocking_i/mmcm_adv_inst/CLKOUT0]] -group [get_clocks -of_objects [get_pins skarab_infr/USER_CLK_MMCM_inst/CLKOUT0]]
set_clock_groups -asynchronous -group [get_clocks -of_objects [get_pins skarab_infr/USER_CLK_MMCM_inst/CLKOUT0]] -group [get_clocks -of_objects [get_pins ethernet_one_gbe_skarab_axi_tx_one_gbe/gmii_to_sgmii_0/U0/core_clocking_i/mmcm_adv_inst/CLKOUT0]]
set_clock_groups -asynchronous -group [get_clocks -of_objects [get_pins ethernet_one_gbe_skarab_axi_tx_one_gbe/gmii_to_sgmii_0/U0/core_clocking_i/mmcm_adv_inst/CLKOUT0]] -group [get_clocks -of_objects [get_pins skarab_infr/SYS_CLK_MMCM_inst/CLKOUT1]]
set_clock_groups -asynchronous -group [get_clocks -of_objects [get_pins skarab_infr/SYS_CLK_MMCM_inst/CLKOUT1]] -group [get_clocks -of_objects [get_pins ethernet_one_gbe_skarab_axi_tx_one_gbe/gmii_to_sgmii_0/U0/core_clocking_i/mmcm_adv_inst/CLKOUT0]]
set_clock_groups -asynchronous -group [get_clocks -of_objects [get_pins skarab_infr/SYS_CLK_MMCM_inst/CLKOUT0]] -group [get_clocks FPGA_EMCCLK2]
set_clock_groups -asynchronous -group [get_clocks -of_objects [get_pins skarab_infr/SYS_CLK_MMCM_inst/CLKOUT0]] -group [get_clocks -of_objects [get_pins skarab_infr/SYS_CLK_MMCM_inst/CLKOUT1]]
set_clock_groups -asynchronous -group [get_clocks -of_objects [get_pins skarab_infr/SYS_CLK_MMCM_inst/CLKOUT1]] -group [get_clocks -of_objects [get_pins skarab_infr/SYS_CLK_MMCM_inst/CLKOUT0]]
set_clock_groups -asynchronous -group [get_clocks -of_objects [get_pins skarab_infr/SYS_CLK_MMCM_inst/CLKOUT0]] -group [get_clocks -of_objects [get_pins skarab_infr/USER_CLK_MMCM_inst/CLKOUT0]]
set_clock_groups -asynchronous -group [get_clocks -of_objects [get_pins skarab_infr/SYS_CLK_MMCM_inst/CLKOUT1]] -group [get_clocks -of_objects [get_pins skarab_infr/USER_CLK_MMCM_inst/CLKOUT0]]
set_clock_groups -asynchronous -group [get_clocks -of_objects [get_pins skarab_infr/USER_CLK_MMCM_inst/CLKOUT0]] -group [get_clocks -of_objects [get_pins skarab_infr/SYS_CLK_MMCM_inst/CLKOUT0]]
set_clock_groups -asynchronous -group [get_clocks -of_objects [get_pins skarab_infr/USER_CLK_MMCM_inst/CLKOUT0]] -group [get_clocks -of_objects [get_pins skarab_infr/SYS_CLK_MMCM_inst/CLKOUT1]]
set_clock_groups -asynchronous -group [get_clocks FPGA_EMCCLK2] -group [get_clocks -of_objects [get_pins skarab_infr/SYS_CLK_MMCM_inst/CLKOUT0]]
set_clock_groups -asynchronous -group [get_clocks -of_objects [get_pins skarab_infr/USER_CLK_MMCM_inst/CLKOUT0]] -group [get_clocks FPGA_EMCCLK2]
set_clock_groups -asynchronous -group [get_clocks FPGA_EMCCLK2] -group [get_clocks -of_objects [get_pins skarab_infr/USER_CLK_MMCM_inst/CLKOUT0]]
set_clock_groups -asynchronous -group [get_clocks FPGA_EMCCLK2] -group [get_clocks -of_objects [get_pins skarab_infr/SYS_CLK_MMCM_inst/CLKOUT1]]
set_clock_groups -asynchronous -group [get_clocks -of_objects [get_pins skarab_infr/SYS_CLK_MMCM_inst/CLKOUT1]] -group [get_clocks FPGA_EMCCLK2]
set_input_delay -clock [get_clocks -of_objects [get_pins skarab_infr/SYS_CLK_MMCM_inst/CLKOUT1]] -min -add_delay 3.000 [get_ports {FLASH_DQ[*]}]
set_input_delay -clock [get_clocks -of_objects [get_pins skarab_infr/SYS_CLK_MMCM_inst/CLKOUT1]] -max -add_delay 2.000 [get_ports {FLASH_DQ[*]}]
set_input_delay -clock [get_clocks -of_objects [get_pins skarab_infr/SYS_CLK_MMCM_inst/CLKOUT1]] -min -add_delay 1.000 [get_ports {USB_FPGA[*]}]
set_input_delay -clock [get_clocks -of_objects [get_pins skarab_infr/SYS_CLK_MMCM_inst/CLKOUT1]] -max -add_delay 2.000 [get_ports {USB_FPGA[*]}]
set_input_delay -clock [get_clocks -of_objects [get_pins skarab_infr/SYS_CLK_MMCM_inst/CLKOUT1]] -min -add_delay 1.000 [get_ports {CONFIG_IO_2}]
set_input_delay -clock [get_clocks -of_objects [get_pins skarab_infr/SYS_CLK_MMCM_inst/CLKOUT1]] -max -add_delay 2.000 [get_ports {CONFIG_IO_2}]
set_input_delay -clock [get_clocks -of_objects [get_pins skarab_infr/SYS_CLK_MMCM_inst/CLKOUT1]] -min -add_delay 1.000 [get_ports {CONFIG_IO_5}]
set_input_delay -clock [get_clocks -of_objects [get_pins skarab_infr/SYS_CLK_MMCM_inst/CLKOUT1]] -max -add_delay 2.000 [get_ports {CONFIG_IO_5}]
set_input_delay -clock [get_clocks -of_objects [get_pins skarab_infr/SYS_CLK_MMCM_inst/CLKOUT1]] -min -add_delay 1.000 [get_ports {DEBUG_UART_RX}]
set_input_delay -clock [get_clocks -of_objects [get_pins skarab_infr/SYS_CLK_MMCM_inst/CLKOUT1]] -max -add_delay 2.000 [get_ports {DEBUG_UART_RX}]
set_input_delay -clock [get_clocks -of_objects [get_pins skarab_infr/SYS_CLK_MMCM_inst/CLKOUT1]] -min -add_delay 1.000 [get_ports {FAN_CONT_FAULT_N}]
set_input_delay -clock [get_clocks -of_objects [get_pins skarab_infr/SYS_CLK_MMCM_inst/CLKOUT1]] -max -add_delay 2.000 [get_ports {FAN_CONT_FAULT_N}]
set_input_delay -clock [get_clocks -of_objects [get_pins skarab_infr/SYS_CLK_MMCM_inst/CLKOUT1]] -min -add_delay 1.000 [get_ports {FAN_CONT_ALERT_N}]
set_input_delay -clock [get_clocks -of_objects [get_pins skarab_infr/SYS_CLK_MMCM_inst/CLKOUT1]] -max -add_delay 2.000 [get_ports {FAN_CONT_ALERT_N}]
set_input_delay -clock [get_clocks -of_objects [get_pins skarab_infr/SYS_CLK_MMCM_inst/CLKOUT1]] -min -add_delay 1.000 [get_ports {FPGA_RESET_N}]
set_input_delay -clock [get_clocks -of_objects [get_pins skarab_infr/SYS_CLK_MMCM_inst/CLKOUT1]] -max -add_delay 2.000 [get_ports {FPGA_RESET_N}]
set_input_delay -clock [get_clocks -of_objects [get_pins skarab_infr/SYS_CLK_MMCM_inst/CLKOUT1]] -min -add_delay 1.000 [get_ports {I2C_SCL_FPGA}]
set_input_delay -clock [get_clocks -of_objects [get_pins skarab_infr/SYS_CLK_MMCM_inst/CLKOUT1]] -max -add_delay 2.000 [get_ports {I2C_SCL_FPGA}]
set_input_delay -clock [get_clocks -of_objects [get_pins skarab_infr/SYS_CLK_MMCM_inst/CLKOUT1]] -min -add_delay 1.000 [get_ports {I2C_SDA_FPGA}]
set_input_delay -clock [get_clocks -of_objects [get_pins skarab_infr/SYS_CLK_MMCM_inst/CLKOUT1]] -max -add_delay 2.000 [get_ports {I2C_SDA_FPGA}]
set_input_delay -clock [get_clocks -of_objects [get_pins skarab_infr/SYS_CLK_MMCM_inst/CLKOUT1]] -min -add_delay 1.000 [get_ports {MEZZANINE_0_FAULT_N}]
set_input_delay -clock [get_clocks -of_objects [get_pins skarab_infr/SYS_CLK_MMCM_inst/CLKOUT1]] -max -add_delay 2.000 [get_ports {MEZZANINE_0_FAULT_N}]
set_input_delay -clock [get_clocks -of_objects [get_pins skarab_infr/SYS_CLK_MMCM_inst/CLKOUT1]] -min -add_delay 1.000 [get_ports {MEZZANINE_0_INT_N}]
set_input_delay -clock [get_clocks -of_objects [get_pins skarab_infr/SYS_CLK_MMCM_inst/CLKOUT1]] -max -add_delay 2.000 [get_ports {MEZZANINE_0_INT_N}]
set_input_delay -clock [get_clocks -of_objects [get_pins skarab_infr/SYS_CLK_MMCM_inst/CLKOUT1]] -min -add_delay 1.000 [get_ports {MEZZANINE_0_ONE_WIRE}]
set_input_delay -clock [get_clocks -of_objects [get_pins skarab_infr/SYS_CLK_MMCM_inst/CLKOUT1]] -max -add_delay 2.000 [get_ports {MEZZANINE_0_ONE_WIRE}]
set_input_delay -clock [get_clocks -of_objects [get_pins skarab_infr/SYS_CLK_MMCM_inst/CLKOUT1]] -min -add_delay 1.000 [get_ports {MEZZANINE_0_PRESENT_N}]
set_input_delay -clock [get_clocks -of_objects [get_pins skarab_infr/SYS_CLK_MMCM_inst/CLKOUT1]] -max -add_delay 2.000 [get_ports {MEZZANINE_0_PRESENT_N}]
set_input_delay -clock [get_clocks -of_objects [get_pins skarab_infr/SYS_CLK_MMCM_inst/CLKOUT1]] -min -add_delay 1.000 [get_ports {MEZZANINE_0_SCL_FPGA}]
set_input_delay -clock [get_clocks -of_objects [get_pins skarab_infr/SYS_CLK_MMCM_inst/CLKOUT1]] -max -add_delay 2.000 [get_ports {MEZZANINE_0_SCL_FPGA}]
set_input_delay -clock [get_clocks -of_objects [get_pins skarab_infr/SYS_CLK_MMCM_inst/CLKOUT1]] -min -add_delay 1.000 [get_ports {MEZZANINE_0_SDA_FPGA}]
set_input_delay -clock [get_clocks -of_objects [get_pins skarab_infr/SYS_CLK_MMCM_inst/CLKOUT1]] -max -add_delay 2.000 [get_ports {MEZZANINE_0_SDA_FPGA}]
set_input_delay -clock [get_clocks -of_objects [get_pins skarab_infr/SYS_CLK_MMCM_inst/CLKOUT1]] -min -add_delay 1.000 [get_ports {MEZZANINE_1_FAULT_N}]
set_input_delay -clock [get_clocks -of_objects [get_pins skarab_infr/SYS_CLK_MMCM_inst/CLKOUT1]] -max -add_delay 2.000 [get_ports {MEZZANINE_1_FAULT_N}]
set_input_delay -clock [get_clocks -of_objects [get_pins skarab_infr/SYS_CLK_MMCM_inst/CLKOUT1]] -min -add_delay 1.000 [get_ports {MEZZANINE_1_INT_N}]
set_input_delay -clock [get_clocks -of_objects [get_pins skarab_infr/SYS_CLK_MMCM_inst/CLKOUT1]] -max -add_delay 2.000 [get_ports {MEZZANINE_1_INT_N}]
set_input_delay -clock [get_clocks -of_objects [get_pins skarab_infr/SYS_CLK_MMCM_inst/CLKOUT1]] -min -add_delay 1.000 [get_ports {MEZZANINE_1_ONE_WIRE}]
set_input_delay -clock [get_clocks -of_objects [get_pins skarab_infr/SYS_CLK_MMCM_inst/CLKOUT1]] -max -add_delay 2.000 [get_ports {MEZZANINE_1_ONE_WIRE}]
set_input_delay -clock [get_clocks -of_objects [get_pins skarab_infr/SYS_CLK_MMCM_inst/CLKOUT1]] -min -add_delay 1.000 [get_ports {MEZZANINE_1_PRESENT_N}]
set_input_delay -clock [get_clocks -of_objects [get_pins skarab_infr/SYS_CLK_MMCM_inst/CLKOUT1]] -max -add_delay 2.000 [get_ports {MEZZANINE_1_PRESENT_N}]
set_input_delay -clock [get_clocks -of_objects [get_pins skarab_infr/SYS_CLK_MMCM_inst/CLKOUT1]] -min -add_delay 1.000 [get_ports {MEZZANINE_1_SCL_FPGA}]
set_input_delay -clock [get_clocks -of_objects [get_pins skarab_infr/SYS_CLK_MMCM_inst/CLKOUT1]] -max -add_delay 2.000 [get_ports {MEZZANINE_1_SCL_FPGA}]
set_input_delay -clock [get_clocks -of_objects [get_pins skarab_infr/SYS_CLK_MMCM_inst/CLKOUT1]] -min -add_delay 1.000 [get_ports {MEZZANINE_1_SDA_FPGA}]
set_input_delay -clock [get_clocks -of_objects [get_pins skarab_infr/SYS_CLK_MMCM_inst/CLKOUT1]] -max -add_delay 2.000 [get_ports {MEZZANINE_1_SDA_FPGA}]
set_input_delay -clock [get_clocks -of_objects [get_pins skarab_infr/SYS_CLK_MMCM_inst/CLKOUT1]] -min -add_delay 1.000 [get_ports {MEZZANINE_2_FAULT_N}]
set_input_delay -clock [get_clocks -of_objects [get_pins skarab_infr/SYS_CLK_MMCM_inst/CLKOUT1]] -max -add_delay 2.000 [get_ports {MEZZANINE_2_FAULT_N}]
set_input_delay -clock [get_clocks -of_objects [get_pins skarab_infr/SYS_CLK_MMCM_inst/CLKOUT1]] -min -add_delay 1.000 [get_ports {MEZZANINE_2_INT_N}]
set_input_delay -clock [get_clocks -of_objects [get_pins skarab_infr/SYS_CLK_MMCM_inst/CLKOUT1]] -max -add_delay 2.000 [get_ports {MEZZANINE_2_INT_N}]
set_input_delay -clock [get_clocks -of_objects [get_pins skarab_infr/SYS_CLK_MMCM_inst/CLKOUT1]] -min -add_delay 1.000 [get_ports {MEZZANINE_2_ONE_WIRE}]
set_input_delay -clock [get_clocks -of_objects [get_pins skarab_infr/SYS_CLK_MMCM_inst/CLKOUT1]] -max -add_delay 2.000 [get_ports {MEZZANINE_2_ONE_WIRE}]
set_input_delay -clock [get_clocks -of_objects [get_pins skarab_infr/SYS_CLK_MMCM_inst/CLKOUT1]] -min -add_delay 1.000 [get_ports {MEZZANINE_2_PRESENT_N}]
set_input_delay -clock [get_clocks -of_objects [get_pins skarab_infr/SYS_CLK_MMCM_inst/CLKOUT1]] -max -add_delay 2.000 [get_ports {MEZZANINE_2_PRESENT_N}]
set_input_delay -clock [get_clocks -of_objects [get_pins skarab_infr/SYS_CLK_MMCM_inst/CLKOUT1]] -min -add_delay 1.000 [get_ports {MEZZANINE_2_SCL_FPGA}]
set_input_delay -clock [get_clocks -of_objects [get_pins skarab_infr/SYS_CLK_MMCM_inst/CLKOUT1]] -max -add_delay 2.000 [get_ports {MEZZANINE_2_SCL_FPGA}]
set_input_delay -clock [get_clocks -of_objects [get_pins skarab_infr/SYS_CLK_MMCM_inst/CLKOUT1]] -min -add_delay 1.000 [get_ports {MEZZANINE_2_SDA_FPGA}]
set_input_delay -clock [get_clocks -of_objects [get_pins skarab_infr/SYS_CLK_MMCM_inst/CLKOUT1]] -max -add_delay 2.000 [get_ports {MEZZANINE_2_SDA_FPGA}]
set_input_delay -clock [get_clocks -of_objects [get_pins skarab_infr/SYS_CLK_MMCM_inst/CLKOUT1]] -min -add_delay 1.000 [get_ports {MEZZANINE_3_FAULT_N}]
set_input_delay -clock [get_clocks -of_objects [get_pins skarab_infr/SYS_CLK_MMCM_inst/CLKOUT1]] -max -add_delay 2.000 [get_ports {MEZZANINE_3_FAULT_N}]
set_input_delay -clock [get_clocks -of_objects [get_pins skarab_infr/SYS_CLK_MMCM_inst/CLKOUT1]] -min -add_delay 1.000 [get_ports {MEZZANINE_3_INT_N}]
set_input_delay -clock [get_clocks -of_objects [get_pins skarab_infr/SYS_CLK_MMCM_inst/CLKOUT1]] -max -add_delay 2.000 [get_ports {MEZZANINE_3_INT_N}]
set_input_delay -clock [get_clocks -of_objects [get_pins skarab_infr/SYS_CLK_MMCM_inst/CLKOUT1]] -min -add_delay 1.000 [get_ports {MEZZANINE_3_ONE_WIRE}]
set_input_delay -clock [get_clocks -of_objects [get_pins skarab_infr/SYS_CLK_MMCM_inst/CLKOUT1]] -max -add_delay 2.000 [get_ports {MEZZANINE_3_ONE_WIRE}]
set_input_delay -clock [get_clocks -of_objects [get_pins skarab_infr/SYS_CLK_MMCM_inst/CLKOUT1]] -min -add_delay 1.000 [get_ports {MEZZANINE_3_PRESENT_N}]
set_input_delay -clock [get_clocks -of_objects [get_pins skarab_infr/SYS_CLK_MMCM_inst/CLKOUT1]] -max -add_delay 2.000 [get_ports {MEZZANINE_3_PRESENT_N}]
set_input_delay -clock [get_clocks -of_objects [get_pins skarab_infr/SYS_CLK_MMCM_inst/CLKOUT1]] -min -add_delay 1.000 [get_ports {MEZZANINE_3_SCL_FPGA}]
set_input_delay -clock [get_clocks -of_objects [get_pins skarab_infr/SYS_CLK_MMCM_inst/CLKOUT1]] -max -add_delay 2.000 [get_ports {MEZZANINE_3_SCL_FPGA}]
set_input_delay -clock [get_clocks -of_objects [get_pins skarab_infr/SYS_CLK_MMCM_inst/CLKOUT1]] -min -add_delay 1.000 [get_ports {MEZZANINE_3_SDA_FPGA}]
set_input_delay -clock [get_clocks -of_objects [get_pins skarab_infr/SYS_CLK_MMCM_inst/CLKOUT1]] -max -add_delay 2.000 [get_ports {MEZZANINE_3_SDA_FPGA}]
set_input_delay -clock [get_clocks -of_objects [get_pins skarab_infr/SYS_CLK_MMCM_inst/CLKOUT1]] -min -add_delay 1.000 [get_ports {MONITOR_ALERT_N}]
set_input_delay -clock [get_clocks -of_objects [get_pins skarab_infr/SYS_CLK_MMCM_inst/CLKOUT1]] -max -add_delay 2.000 [get_ports {MONITOR_ALERT_N}]
set_input_delay -clock [get_clocks -of_objects [get_pins skarab_infr/SYS_CLK_MMCM_inst/CLKOUT1]] -min -add_delay 1.000 [get_ports {ONE_WIRE_EEPROM}]
set_input_delay -clock [get_clocks -of_objects [get_pins skarab_infr/SYS_CLK_MMCM_inst/CLKOUT1]] -max -add_delay 2.000 [get_ports {ONE_WIRE_EEPROM}]
set_input_delay -clock [get_clocks -of_objects [get_pins skarab_infr/SYS_CLK_MMCM_inst/CLKOUT1]] -min -add_delay 1.000 [get_ports {SPI_MISO}]
set_input_delay -clock [get_clocks -of_objects [get_pins skarab_infr/SYS_CLK_MMCM_inst/CLKOUT1]] -max -add_delay 2.000 [get_ports {SPI_MISO}]
set_input_delay -clock [get_clocks -of_objects [get_pins skarab_infr/SYS_CLK_MMCM_inst/CLKOUT1]] -min -add_delay 1.000 [get_ports {USB_I2C_CTRL}]
set_input_delay -clock [get_clocks -of_objects [get_pins skarab_infr/SYS_CLK_MMCM_inst/CLKOUT1]] -max -add_delay 2.000 [get_ports {USB_I2C_CTRL}]
set_input_delay -clock [get_clocks virtual_emcc_clock] -min -add_delay 1.000 [get_ports {EMCCLK}]
set_input_delay -clock [get_clocks virtual_emcc_clock] -max -add_delay 2.000 [get_ports {EMCCLK}]
set_input_delay -clock [get_clocks -of_objects [get_pins skarab_infr/SYS_CLK_MMCM_inst/CLKOUT1]] -min -add_delay 1.000 [get_ports {USB_UART_TXD}]
set_input_delay -clock [get_clocks -of_objects [get_pins skarab_infr/SYS_CLK_MMCM_inst/CLKOUT1]] -max -add_delay 2.000 [get_ports {USB_UART_TXD}]
set_input_delay -clock [get_clocks -of_objects [get_pins skarab_infr/SYS_CLK_MMCM_inst/CLKOUT1]] -min -add_delay 1.000 [get_ports {ONE_GBE_INT_N}]
set_input_delay -clock [get_clocks -of_objects [get_pins skarab_infr/SYS_CLK_MMCM_inst/CLKOUT1]] -max -add_delay 2.000 [get_ports {ONE_GBE_INT_N}]
set_input_delay -clock [get_clocks -of_objects [get_pins skarab_infr/SYS_CLK_MMCM_inst/CLKOUT1]] -min -add_delay 1.000 [get_ports {ONE_GBE_LINK}]
set_input_delay -clock [get_clocks -of_objects [get_pins skarab_infr/SYS_CLK_MMCM_inst/CLKOUT1]] -max -add_delay 2.000 [get_ports {ONE_GBE_LINK}]
set_output_delay -clock [get_clocks -of_objects [get_pins skarab_infr/SYS_CLK_MMCM_inst/CLKOUT1]] -min -add_delay 1.000 [get_ports {ONE_GBE_RESET_N}]
set_output_delay -clock [get_clocks -of_objects [get_pins skarab_infr/SYS_CLK_MMCM_inst/CLKOUT1]] -max -add_delay 2.000 [get_ports {ONE_GBE_RESET_N}]
set_output_delay -clock [get_clocks -of_objects [get_pins skarab_infr/SYS_CLK_MMCM_inst/CLKOUT1]] -min -add_delay -2.500 [get_ports {FLASH_A[*]}]
set_output_delay -clock [get_clocks -of_objects [get_pins skarab_infr/SYS_CLK_MMCM_inst/CLKOUT1]] -max -add_delay -3.000 [get_ports {FLASH_A[*]}]
set_output_delay -clock [get_clocks -of_objects [get_pins skarab_infr/SYS_CLK_MMCM_inst/CLKOUT1]] -min -add_delay -2.500 [get_ports {FLASH_DQ[*]}]
set_output_delay -clock [get_clocks -of_objects [get_pins skarab_infr/SYS_CLK_MMCM_inst/CLKOUT1]] -max -add_delay -3.000 [get_ports {FLASH_DQ[*]}]
set_output_delay -clock [get_clocks -of_objects [get_pins skarab_infr/SYS_CLK_MMCM_inst/CLKOUT1]] -min -add_delay -2.500 [get_ports {FLASH_ADV_N}]
set_output_delay -clock [get_clocks -of_objects [get_pins skarab_infr/SYS_CLK_MMCM_inst/CLKOUT1]] -max -add_delay -3.000 [get_ports {FLASH_ADV_N}]
set_output_delay -clock [get_clocks -of_objects [get_pins skarab_infr/SYS_CLK_MMCM_inst/CLKOUT1]] -min -add_delay -2.500 [get_ports {FLASH_CS_N}]
set_output_delay -clock [get_clocks -of_objects [get_pins skarab_infr/SYS_CLK_MMCM_inst/CLKOUT1]] -max -add_delay -3.000 [get_ports {FLASH_CS_N}]
set_output_delay -clock [get_clocks -of_objects [get_pins skarab_infr/SYS_CLK_MMCM_inst/CLKOUT1]] -min -add_delay -2.500 [get_ports {FLASH_OE_N}]
set_output_delay -clock [get_clocks -of_objects [get_pins skarab_infr/SYS_CLK_MMCM_inst/CLKOUT1]] -max -add_delay -3.000 [get_ports {FLASH_OE_N}]
set_output_delay -clock [get_clocks -of_objects [get_pins skarab_infr/SYS_CLK_MMCM_inst/CLKOUT1]] -min -add_delay -2.500 [get_ports {FLASH_RS0}]
set_output_delay -clock [get_clocks -of_objects [get_pins skarab_infr/SYS_CLK_MMCM_inst/CLKOUT1]] -max -add_delay -3.000 [get_ports {FLASH_RS0}]
set_output_delay -clock [get_clocks -of_objects [get_pins skarab_infr/SYS_CLK_MMCM_inst/CLKOUT1]] -min -add_delay -2.500 [get_ports {FLASH_RS1}]
set_output_delay -clock [get_clocks -of_objects [get_pins skarab_infr/SYS_CLK_MMCM_inst/CLKOUT1]] -max -add_delay -3.000 [get_ports {FLASH_RS1}]
set_output_delay -clock [get_clocks -of_objects [get_pins skarab_infr/SYS_CLK_MMCM_inst/CLKOUT1]] -min -add_delay -2.500 [get_ports {FLASH_WE_N}]
set_output_delay -clock [get_clocks -of_objects [get_pins skarab_infr/SYS_CLK_MMCM_inst/CLKOUT1]] -max -add_delay -3.000 [get_ports {FLASH_WE_N}]
set_output_delay -clock [get_clocks -of_objects [get_pins skarab_infr/SYS_CLK_MMCM_inst/CLKOUT1]] -min -add_delay -2.500 [get_ports {SPARTAN_CLK}]
set_output_delay -clock [get_clocks -of_objects [get_pins skarab_infr/SYS_CLK_MMCM_inst/CLKOUT1]] -max -add_delay -3.000 [get_ports {SPARTAN_CLK}]
set_output_delay -clock [get_clocks -of_objects [get_pins skarab_infr/SYS_CLK_MMCM_inst/CLKOUT1]] -min -add_delay 1.000 [get_ports {CONFIG_IO_0}]
set_output_delay -clock [get_clocks -of_objects [get_pins skarab_infr/SYS_CLK_MMCM_inst/CLKOUT1]] -max -add_delay 2.000 [get_ports {CONFIG_IO_0}]
set_output_delay -clock [get_clocks -of_objects [get_pins skarab_infr/SYS_CLK_MMCM_inst/CLKOUT1]] -min -add_delay 1.000 [get_ports {CONFIG_IO_1}]
set_output_delay -clock [get_clocks -of_objects [get_pins skarab_infr/SYS_CLK_MMCM_inst/CLKOUT1]] -max -add_delay 2.000 [get_ports {CONFIG_IO_1}]
set_output_delay -clock [get_clocks -of_objects [get_pins skarab_infr/SYS_CLK_MMCM_inst/CLKOUT1]] -min -add_delay 1.000 [get_ports {CONFIG_IO_3}]
set_output_delay -clock [get_clocks -of_objects [get_pins skarab_infr/SYS_CLK_MMCM_inst/CLKOUT1]] -max -add_delay 2.000 [get_ports {CONFIG_IO_3}]
set_output_delay -clock [get_clocks -of_objects [get_pins skarab_infr/SYS_CLK_MMCM_inst/CLKOUT1]] -min -add_delay 1.000 [get_ports {CONFIG_IO_4}]
set_output_delay -clock [get_clocks -of_objects [get_pins skarab_infr/SYS_CLK_MMCM_inst/CLKOUT1]] -max -add_delay 2.000 [get_ports {CONFIG_IO_4}]
set_output_delay -clock [get_clocks -of_objects [get_pins skarab_infr/SYS_CLK_MMCM_inst/CLKOUT1]] -min -add_delay 1.000 [get_ports {CONFIG_IO_6}]
set_output_delay -clock [get_clocks -of_objects [get_pins skarab_infr/SYS_CLK_MMCM_inst/CLKOUT1]] -max -add_delay 2.000 [get_ports {CONFIG_IO_6}]
set_output_delay -clock [get_clocks -of_objects [get_pins skarab_infr/SYS_CLK_MMCM_inst/CLKOUT1]] -min -add_delay 1.000 [get_ports {CONFIG_IO_7}]
set_output_delay -clock [get_clocks -of_objects [get_pins skarab_infr/SYS_CLK_MMCM_inst/CLKOUT1]] -max -add_delay 2.000 [get_ports {CONFIG_IO_7}]
set_output_delay -clock [get_clocks -of_objects [get_pins skarab_infr/SYS_CLK_MMCM_inst/CLKOUT1]] -min -add_delay 1.000 [get_ports {CONFIG_IO_8}]
set_output_delay -clock [get_clocks -of_objects [get_pins skarab_infr/SYS_CLK_MMCM_inst/CLKOUT1]] -max -add_delay 2.000 [get_ports {CONFIG_IO_8}]
set_output_delay -clock [get_clocks -of_objects [get_pins skarab_infr/SYS_CLK_MMCM_inst/CLKOUT1]] -min -add_delay 1.000 [get_ports {CONFIG_IO_9}]
set_output_delay -clock [get_clocks -of_objects [get_pins skarab_infr/SYS_CLK_MMCM_inst/CLKOUT1]] -max -add_delay 2.000 [get_ports {CONFIG_IO_9}]
set_output_delay -clock [get_clocks -of_objects [get_pins skarab_infr/SYS_CLK_MMCM_inst/CLKOUT1]] -min -add_delay 1.000 [get_ports {CONFIG_IO_10}]
set_output_delay -clock [get_clocks -of_objects [get_pins skarab_infr/SYS_CLK_MMCM_inst/CLKOUT1]] -max -add_delay 2.000 [get_ports {CONFIG_IO_10}]
set_output_delay -clock [get_clocks -of_objects [get_pins skarab_infr/SYS_CLK_MMCM_inst/CLKOUT1]] -min -add_delay 1.000 [get_ports {CONFIG_IO_11}]
set_output_delay -clock [get_clocks -of_objects [get_pins skarab_infr/SYS_CLK_MMCM_inst/CLKOUT1]] -max -add_delay 2.000 [get_ports {CONFIG_IO_11}]
set_output_delay -clock [get_clocks -of_objects [get_pins skarab_infr/SYS_CLK_MMCM_inst/CLKOUT1]] -min -add_delay 1.000 [get_ports {DEBUG_UART_TX}]
set_output_delay -clock [get_clocks -of_objects [get_pins skarab_infr/SYS_CLK_MMCM_inst/CLKOUT1]] -max -add_delay 2.000 [get_ports {DEBUG_UART_TX}]
set_output_delay -clock [get_clocks -of_objects [get_pins skarab_infr/SYS_CLK_MMCM_inst/CLKOUT1]] -min -add_delay 1.000 [get_ports {FPGA_ATX_PSU_KILL}]
set_output_delay -clock [get_clocks -of_objects [get_pins skarab_infr/SYS_CLK_MMCM_inst/CLKOUT1]] -max -add_delay 2.000 [get_ports {FPGA_ATX_PSU_KILL}]
set_output_delay -clock [get_clocks -of_objects [get_pins skarab_infr/SYS_CLK_MMCM_inst/CLKOUT1]] -min -add_delay 1.000 [get_ports {I2C_SCL_FPGA}]
set_output_delay -clock [get_clocks -of_objects [get_pins skarab_infr/SYS_CLK_MMCM_inst/CLKOUT1]] -max -add_delay 2.000 [get_ports {I2C_SCL_FPGA}]
set_output_delay -clock [get_clocks -of_objects [get_pins skarab_infr/SYS_CLK_MMCM_inst/CLKOUT1]] -min -add_delay 1.000 [get_ports {I2C_SDA_FPGA}]
set_output_delay -clock [get_clocks -of_objects [get_pins skarab_infr/SYS_CLK_MMCM_inst/CLKOUT1]] -max -add_delay 2.000 [get_ports {I2C_SDA_FPGA}]
set_output_delay -clock [get_clocks -of_objects [get_pins skarab_infr/SYS_CLK_MMCM_inst/CLKOUT1]] -min -add_delay 1.000 [get_ports {MEZZANINE_0_ENABLE_N}]
set_output_delay -clock [get_clocks -of_objects [get_pins skarab_infr/SYS_CLK_MMCM_inst/CLKOUT1]] -max -add_delay 2.000 [get_ports {MEZZANINE_0_ENABLE_N}]
set_output_delay -clock [get_clocks -of_objects [get_pins skarab_infr/SYS_CLK_MMCM_inst/CLKOUT1]] -min -add_delay 1.000 [get_ports {MEZZANINE_0_ONE_WIRE}]
set_output_delay -clock [get_clocks -of_objects [get_pins skarab_infr/SYS_CLK_MMCM_inst/CLKOUT1]] -max -add_delay 2.000 [get_ports {MEZZANINE_0_ONE_WIRE}]
set_output_delay -clock [get_clocks -of_objects [get_pins skarab_infr/SYS_CLK_MMCM_inst/CLKOUT1]] -min -add_delay 1.000 [get_ports {MEZZANINE_0_ONE_WIRE_STRONG_PULLUP_EN_N}]
set_output_delay -clock [get_clocks -of_objects [get_pins skarab_infr/SYS_CLK_MMCM_inst/CLKOUT1]] -max -add_delay 2.000 [get_ports {MEZZANINE_0_ONE_WIRE_STRONG_PULLUP_EN_N}]
set_output_delay -clock [get_clocks -of_objects [get_pins skarab_infr/SYS_CLK_MMCM_inst/CLKOUT1]] -min -add_delay 1.000 [get_ports {MEZZANINE_0_SCL_FPGA}]
set_output_delay -clock [get_clocks -of_objects [get_pins skarab_infr/SYS_CLK_MMCM_inst/CLKOUT1]] -max -add_delay 2.000 [get_ports {MEZZANINE_0_SCL_FPGA}]
set_output_delay -clock [get_clocks -of_objects [get_pins skarab_infr/SYS_CLK_MMCM_inst/CLKOUT1]] -min -add_delay 1.000 [get_ports {MEZZANINE_0_SDA_FPGA}]
set_output_delay -clock [get_clocks -of_objects [get_pins skarab_infr/SYS_CLK_MMCM_inst/CLKOUT1]] -max -add_delay 2.000 [get_ports {MEZZANINE_0_SDA_FPGA}]
set_output_delay -clock [get_clocks -of_objects [get_pins skarab_infr/SYS_CLK_MMCM_inst/CLKOUT1]] -min -add_delay 1.000 [get_ports {MEZZANINE_1_ENABLE_N}]
set_output_delay -clock [get_clocks -of_objects [get_pins skarab_infr/SYS_CLK_MMCM_inst/CLKOUT1]] -max -add_delay 2.000 [get_ports {MEZZANINE_1_ENABLE_N}]
set_output_delay -clock [get_clocks -of_objects [get_pins skarab_infr/SYS_CLK_MMCM_inst/CLKOUT1]] -min -add_delay 1.000 [get_ports {MEZZANINE_1_ONE_WIRE}]
set_output_delay -clock [get_clocks -of_objects [get_pins skarab_infr/SYS_CLK_MMCM_inst/CLKOUT1]] -max -add_delay 2.000 [get_ports {MEZZANINE_1_ONE_WIRE}]
set_output_delay -clock [get_clocks -of_objects [get_pins skarab_infr/SYS_CLK_MMCM_inst/CLKOUT1]] -min -add_delay 1.000 [get_ports {MEZZANINE_1_ONE_WIRE_STRONG_PULLUP_EN_N}]
set_output_delay -clock [get_clocks -of_objects [get_pins skarab_infr/SYS_CLK_MMCM_inst/CLKOUT1]] -max -add_delay 2.000 [get_ports {MEZZANINE_1_ONE_WIRE_STRONG_PULLUP_EN_N}]
set_output_delay -clock [get_clocks -of_objects [get_pins skarab_infr/SYS_CLK_MMCM_inst/CLKOUT1]] -min -add_delay 1.000 [get_ports {MEZZANINE_1_SCL_FPGA}]
set_output_delay -clock [get_clocks -of_objects [get_pins skarab_infr/SYS_CLK_MMCM_inst/CLKOUT1]] -max -add_delay 2.000 [get_ports {MEZZANINE_1_SCL_FPGA}]
set_output_delay -clock [get_clocks -of_objects [get_pins skarab_infr/SYS_CLK_MMCM_inst/CLKOUT1]] -min -add_delay 1.000 [get_ports {MEZZANINE_1_SDA_FPGA}]
set_output_delay -clock [get_clocks -of_objects [get_pins skarab_infr/SYS_CLK_MMCM_inst/CLKOUT1]] -max -add_delay 2.000 [get_ports {MEZZANINE_1_SDA_FPGA}]
set_output_delay -clock [get_clocks -of_objects [get_pins skarab_infr/SYS_CLK_MMCM_inst/CLKOUT1]] -min -add_delay 1.000 [get_ports {MEZZANINE_2_ENABLE_N}]
set_output_delay -clock [get_clocks -of_objects [get_pins skarab_infr/SYS_CLK_MMCM_inst/CLKOUT1]] -max -add_delay 2.000 [get_ports {MEZZANINE_2_ENABLE_N}]
set_output_delay -clock [get_clocks -of_objects [get_pins skarab_infr/SYS_CLK_MMCM_inst/CLKOUT1]] -min -add_delay 1.000 [get_ports {MEZZANINE_2_ONE_WIRE}]
set_output_delay -clock [get_clocks -of_objects [get_pins skarab_infr/SYS_CLK_MMCM_inst/CLKOUT1]] -max -add_delay 2.000 [get_ports {MEZZANINE_2_ONE_WIRE}]
set_output_delay -clock [get_clocks -of_objects [get_pins skarab_infr/SYS_CLK_MMCM_inst/CLKOUT1]] -min -add_delay 1.000 [get_ports {MEZZANINE_2_ONE_WIRE_STRONG_PULLUP_EN_N}]
set_output_delay -clock [get_clocks -of_objects [get_pins skarab_infr/SYS_CLK_MMCM_inst/CLKOUT1]] -max -add_delay 2.000 [get_ports {MEZZANINE_2_ONE_WIRE_STRONG_PULLUP_EN_N}]
set_output_delay -clock [get_clocks -of_objects [get_pins skarab_infr/SYS_CLK_MMCM_inst/CLKOUT1]] -min -add_delay 1.000 [get_ports {MEZZANINE_2_SCL_FPGA}]
set_output_delay -clock [get_clocks -of_objects [get_pins skarab_infr/SYS_CLK_MMCM_inst/CLKOUT1]] -max -add_delay 2.000 [get_ports {MEZZANINE_2_SCL_FPGA}]
set_output_delay -clock [get_clocks -of_objects [get_pins skarab_infr/SYS_CLK_MMCM_inst/CLKOUT1]] -min -add_delay 1.000 [get_ports {MEZZANINE_2_SDA_FPGA}]
set_output_delay -clock [get_clocks -of_objects [get_pins skarab_infr/SYS_CLK_MMCM_inst/CLKOUT1]] -max -add_delay 2.000 [get_ports {MEZZANINE_2_SDA_FPGA}]
set_output_delay -clock [get_clocks -of_objects [get_pins skarab_infr/SYS_CLK_MMCM_inst/CLKOUT1]] -min -add_delay 1.000 [get_ports {MEZZANINE_3_CLK_SEL}]
set_output_delay -clock [get_clocks -of_objects [get_pins skarab_infr/SYS_CLK_MMCM_inst/CLKOUT1]] -max -add_delay 2.000 [get_ports {MEZZANINE_3_CLK_SEL}]
set_output_delay -clock [get_clocks -of_objects [get_pins skarab_infr/SYS_CLK_MMCM_inst/CLKOUT1]] -min -add_delay 1.000 [get_ports {MEZZANINE_3_ENABLE_N}]
set_output_delay -clock [get_clocks -of_objects [get_pins skarab_infr/SYS_CLK_MMCM_inst/CLKOUT1]] -max -add_delay 2.000 [get_ports {MEZZANINE_3_ENABLE_N}]
set_output_delay -clock [get_clocks -of_objects [get_pins skarab_infr/SYS_CLK_MMCM_inst/CLKOUT1]] -min -add_delay 1.000 [get_ports {MEZZANINE_3_ONE_WIRE}]
set_output_delay -clock [get_clocks -of_objects [get_pins skarab_infr/SYS_CLK_MMCM_inst/CLKOUT1]] -max -add_delay 2.000 [get_ports {MEZZANINE_3_ONE_WIRE}]
set_output_delay -clock [get_clocks -of_objects [get_pins skarab_infr/SYS_CLK_MMCM_inst/CLKOUT1]] -min -add_delay 1.000 [get_ports {MEZZANINE_3_ONE_WIRE_STRONG_PULLUP_EN_N}]
set_output_delay -clock [get_clocks -of_objects [get_pins skarab_infr/SYS_CLK_MMCM_inst/CLKOUT1]] -max -add_delay 2.000 [get_ports {MEZZANINE_3_ONE_WIRE_STRONG_PULLUP_EN_N}]
set_output_delay -clock [get_clocks -of_objects [get_pins skarab_infr/SYS_CLK_MMCM_inst/CLKOUT1]] -min -add_delay 1.000 [get_ports {MEZZANINE_3_RESET}]
set_output_delay -clock [get_clocks -of_objects [get_pins skarab_infr/SYS_CLK_MMCM_inst/CLKOUT1]] -max -add_delay 2.000 [get_ports {MEZZANINE_3_RESET}]
set_output_delay -clock [get_clocks -of_objects [get_pins skarab_infr/SYS_CLK_MMCM_inst/CLKOUT1]] -min -add_delay 1.000 [get_ports {MEZZANINE_3_SCL_FPGA}]
set_output_delay -clock [get_clocks -of_objects [get_pins skarab_infr/SYS_CLK_MMCM_inst/CLKOUT1]] -max -add_delay 2.000 [get_ports {MEZZANINE_3_SCL_FPGA}]
set_output_delay -clock [get_clocks -of_objects [get_pins skarab_infr/SYS_CLK_MMCM_inst/CLKOUT1]] -min -add_delay 1.000 [get_ports {MEZZANINE_3_SDA_FPGA}]
set_output_delay -clock [get_clocks -of_objects [get_pins skarab_infr/SYS_CLK_MMCM_inst/CLKOUT1]] -max -add_delay 2.000 [get_ports {MEZZANINE_3_SDA_FPGA}]
set_output_delay -clock [get_clocks -of_objects [get_pins skarab_infr/SYS_CLK_MMCM_inst/CLKOUT1]] -min -add_delay 1.000 [get_ports {MEZZANINE_COMBINED_FAULT}]
set_output_delay -clock [get_clocks -of_objects [get_pins skarab_infr/SYS_CLK_MMCM_inst/CLKOUT1]] -max -add_delay 2.000 [get_ports {MEZZANINE_COMBINED_FAULT}]
set_output_delay -clock [get_clocks -of_objects [get_pins skarab_infr/SYS_CLK_MMCM_inst/CLKOUT1]] -min -add_delay 1.000 [get_ports {ONE_WIRE_EEPROM}]
set_output_delay -clock [get_clocks -of_objects [get_pins skarab_infr/SYS_CLK_MMCM_inst/CLKOUT1]] -max -add_delay 2.000 [get_ports {ONE_WIRE_EEPROM}]
set_output_delay -clock [get_clocks -of_objects [get_pins skarab_infr/SYS_CLK_MMCM_inst/CLKOUT1]] -min -add_delay 1.000 [get_ports {ONE_WIRE_EEPROM_STRONG_PULLUP_EN_N}]
set_output_delay -clock [get_clocks -of_objects [get_pins skarab_infr/SYS_CLK_MMCM_inst/CLKOUT1]] -max -add_delay 2.000 [get_ports {ONE_WIRE_EEPROM_STRONG_PULLUP_EN_N}]
set_output_delay -clock [get_clocks -of_objects [get_pins skarab_infr/SYS_CLK_MMCM_inst/CLKOUT1]] -min -add_delay 1.000 [get_ports {SPI_CLK}]
set_output_delay -clock [get_clocks -of_objects [get_pins skarab_infr/SYS_CLK_MMCM_inst/CLKOUT1]] -max -add_delay 2.000 [get_ports {SPI_CLK}]
set_output_delay -clock [get_clocks -of_objects [get_pins skarab_infr/SYS_CLK_MMCM_inst/CLKOUT1]] -min -add_delay 1.000 [get_ports {SPI_CSB}]
set_output_delay -clock [get_clocks -of_objects [get_pins skarab_infr/SYS_CLK_MMCM_inst/CLKOUT1]] -max -add_delay 2.000 [get_ports {SPI_CSB}]
set_output_delay -clock [get_clocks -of_objects [get_pins skarab_infr/SYS_CLK_MMCM_inst/CLKOUT1]] -min -add_delay 1.000 [get_ports {SPI_MOSI}]
set_output_delay -clock [get_clocks -of_objects [get_pins skarab_infr/SYS_CLK_MMCM_inst/CLKOUT1]] -max -add_delay 2.000 [get_ports {SPI_MOSI}]
set_output_delay -clock [get_clocks -of_objects [get_pins skarab_infr/SYS_CLK_MMCM_inst/CLKOUT1]] -min -add_delay 1.000 [get_ports {USB_UART_RXD}]
set_output_delay -clock [get_clocks -of_objects [get_pins skarab_infr/SYS_CLK_MMCM_inst/CLKOUT1]] -max -add_delay 2.000 [get_ports {USB_UART_RXD}]
set_output_delay -clock [get_clocks virtual_emcc_clock] -min -add_delay 1.000 [get_ports {EMCCLK_FIX}]
set_output_delay -clock [get_clocks virtual_emcc_clock] -max -add_delay 2.000 [get_ports {EMCCLK_FIX}]
set_output_delay -clock [get_clocks -of_objects [get_pins skarab_infr/SYS_CLK_MMCM_inst/CLKOUT1]] -min -add_delay 1.000 [get_ports {FAN_CONT_RST_N}]
set_output_delay -clock [get_clocks -of_objects [get_pins skarab_infr/SYS_CLK_MMCM_inst/CLKOUT1]] -max -add_delay 2.000 [get_ports {FAN_CONT_RST_N}]
set_output_delay -clock [get_clocks -of_objects [get_pins skarab_infr/SYS_CLK_MMCM_inst/CLKOUT1]] -min -add_delay 1.000 [get_ports {I2C_RESET_FPGA}]
set_output_delay -clock [get_clocks -of_objects [get_pins skarab_infr/SYS_CLK_MMCM_inst/CLKOUT1]] -max -add_delay 2.000 [get_ports {I2C_RESET_FPGA}]
set_max_delay 1.0 -to [get_ports {FPGA_LEDS[*]}]
set_min_delay 1.0 -to [get_ports {FPGA_LEDS[*]}]
set_false_path -to [get_ports {FPGA_LEDS[*]}]
set_property OFFCHIP_TERM NONE [get_ports ONE_GBE_RESET_N]
set_property CONFIG_MODE BPI16 [current_design]
set_property CONFIG_VOLTAGE 1.8 [current_design]
set_property CFGBVS GND [current_design]
set_property BITSTREAM.STARTUP.STARTUPCLK CCLK [current_design]
set_property BITSTREAM.GENERAL.COMPRESS TRUE [current_design]
set_property BITSTREAM.CONFIG.CONFIGFALLBACK ENABLE [current_design]
set_property BITSTREAM.CONFIG.TIMER_CFG 0X00040000 [current_design]
set_property BITSTREAM.CONFIG.EXTMASTERCCLK_EN DIV-2 [current_design]
set_property BITSTREAM.CONFIG.BPI_SYNC_MODE TYPE1 [current_design]
set_property LOC ICAP_X0Y1 [get_cells skarab_infr/wishbone_flash_sdram_interface_0/icape_controller_0/ICAPE2_0]
set_property OFFCHIP_TERM NONE [get_ports CONFIG_IO_0]
set_property OFFCHIP_TERM NONE [get_ports CONFIG_IO_1]
set_property OFFCHIP_TERM NONE [get_ports CONFIG_IO_10]
set_property OFFCHIP_TERM NONE [get_ports CONFIG_IO_11]
set_property OFFCHIP_TERM NONE [get_ports CONFIG_IO_3]
set_property OFFCHIP_TERM NONE [get_ports CONFIG_IO_4]
set_property OFFCHIP_TERM NONE [get_ports CONFIG_IO_6]
set_property OFFCHIP_TERM NONE [get_ports CONFIG_IO_7]
set_property OFFCHIP_TERM NONE [get_ports CONFIG_IO_8]
set_property OFFCHIP_TERM NONE [get_ports CONFIG_IO_9]
set_property OFFCHIP_TERM NONE [get_ports CPU_PWR_BTN_N]
set_property OFFCHIP_TERM NONE [get_ports CPU_PWR_OK]
set_property OFFCHIP_TERM NONE [get_ports CPU_SYS_RESET_N]
set_property OFFCHIP_TERM NONE [get_ports DEBUG_UART_TX]
set_property OFFCHIP_TERM NONE [get_ports FAN_CONT_RST_N]
set_property OFFCHIP_TERM NONE [get_ports FLASH_ADV_N]
set_property OFFCHIP_TERM NONE [get_ports FLASH_A[0]]
set_property OFFCHIP_TERM NONE [get_ports FLASH_A[10]]
set_property OFFCHIP_TERM NONE [get_ports FLASH_A[11]]
set_property OFFCHIP_TERM NONE [get_ports FLASH_A[12]]
set_property OFFCHIP_TERM NONE [get_ports FLASH_A[13]]
set_property OFFCHIP_TERM NONE [get_ports FLASH_A[14]]
set_property OFFCHIP_TERM NONE [get_ports FLASH_A[15]]
set_property OFFCHIP_TERM NONE [get_ports FLASH_A[16]]
set_property OFFCHIP_TERM NONE [get_ports FLASH_A[17]]
set_property OFFCHIP_TERM NONE [get_ports FLASH_A[18]]
set_property OFFCHIP_TERM NONE [get_ports FLASH_A[19]]
set_property OFFCHIP_TERM NONE [get_ports FLASH_A[1]]
set_property OFFCHIP_TERM NONE [get_ports FLASH_A[20]]
set_property OFFCHIP_TERM NONE [get_ports FLASH_A[21]]
set_property OFFCHIP_TERM NONE [get_ports FLASH_A[22]]
set_property OFFCHIP_TERM NONE [get_ports FLASH_A[23]]
set_property OFFCHIP_TERM NONE [get_ports FLASH_A[24]]
set_property OFFCHIP_TERM NONE [get_ports FLASH_A[25]]
set_property OFFCHIP_TERM NONE [get_ports FLASH_A[26]]
set_property OFFCHIP_TERM NONE [get_ports FLASH_A[27]]
set_property OFFCHIP_TERM NONE [get_ports FLASH_A[28]]
set_property OFFCHIP_TERM NONE [get_ports FLASH_A[2]]
set_property OFFCHIP_TERM NONE [get_ports FLASH_A[3]]
set_property OFFCHIP_TERM NONE [get_ports FLASH_A[4]]
set_property OFFCHIP_TERM NONE [get_ports FLASH_A[5]]
set_property OFFCHIP_TERM NONE [get_ports FLASH_A[6]]
set_property OFFCHIP_TERM NONE [get_ports FLASH_A[7]]
set_property OFFCHIP_TERM NONE [get_ports FLASH_A[8]]
set_property OFFCHIP_TERM NONE [get_ports FLASH_A[9]]
set_property OFFCHIP_TERM NONE [get_ports FLASH_CS_N]
set_property OFFCHIP_TERM NONE [get_ports FLASH_DQ[0]]
set_property OFFCHIP_TERM NONE [get_ports FLASH_DQ[10]]
set_property OFFCHIP_TERM NONE [get_ports FLASH_DQ[11]]
set_property OFFCHIP_TERM NONE [get_ports FLASH_DQ[12]]
set_property OFFCHIP_TERM NONE [get_ports FLASH_DQ[13]]
set_property OFFCHIP_TERM NONE [get_ports FLASH_DQ[14]]
set_property OFFCHIP_TERM NONE [get_ports FLASH_DQ[15]]
set_property OFFCHIP_TERM NONE [get_ports FLASH_DQ[1]]
set_property OFFCHIP_TERM NONE [get_ports FLASH_DQ[2]]
set_property OFFCHIP_TERM NONE [get_ports FLASH_DQ[3]]
set_property OFFCHIP_TERM NONE [get_ports FLASH_DQ[4]]
set_property OFFCHIP_TERM NONE [get_ports FLASH_DQ[5]]
set_property OFFCHIP_TERM NONE [get_ports FLASH_DQ[6]]
set_property OFFCHIP_TERM NONE [get_ports FLASH_DQ[7]]
set_property OFFCHIP_TERM NONE [get_ports FLASH_DQ[8]]
set_property OFFCHIP_TERM NONE [get_ports FLASH_DQ[9]]
set_property OFFCHIP_TERM NONE [get_ports FLASH_OE_N]
set_property OFFCHIP_TERM NONE [get_ports FLASH_RS0]
set_property OFFCHIP_TERM NONE [get_ports FLASH_RS1]
set_property OFFCHIP_TERM NONE [get_ports FLASH_WE_N]
set_property OFFCHIP_TERM NONE [get_ports FPGA_ATX_PSU_KILL]
set_property OFFCHIP_TERM NONE [get_ports GND[0]]
set_property OFFCHIP_TERM NONE [get_ports GND[10]]
set_property OFFCHIP_TERM NONE [get_ports GND[11]]
set_property OFFCHIP_TERM NONE [get_ports GND[12]]
set_property OFFCHIP_TERM NONE [get_ports GND[13]]
set_property OFFCHIP_TERM NONE [get_ports GND[14]]
set_property OFFCHIP_TERM NONE [get_ports GND[15]]
set_property OFFCHIP_TERM NONE [get_ports GND[1]]
set_property OFFCHIP_TERM NONE [get_ports GND[2]]
set_property OFFCHIP_TERM NONE [get_ports GND[3]]
set_property OFFCHIP_TERM NONE [get_ports GND[4]]
set_property OFFCHIP_TERM NONE [get_ports GND[5]]
set_property OFFCHIP_TERM NONE [get_ports GND[6]]
set_property OFFCHIP_TERM NONE [get_ports GND[7]]
set_property OFFCHIP_TERM NONE [get_ports GND[8]]
set_property OFFCHIP_TERM NONE [get_ports GND[9]]
set_property OFFCHIP_TERM NONE [get_ports I2C_RESET_FPGA]
set_property OFFCHIP_TERM NONE [get_ports I2C_SCL_FPGA]
set_property OFFCHIP_TERM NONE [get_ports I2C_SDA_FPGA]
set_property OFFCHIP_TERM NONE [get_ports MEZZANINE_0_ENABLE_N]
set_property OFFCHIP_TERM NONE [get_ports MEZZANINE_0_ONE_WIRE]
set_property OFFCHIP_TERM NONE [get_ports MEZZANINE_0_ONE_WIRE_STRONG_PULLUP_EN_N]
set_property OFFCHIP_TERM NONE [get_ports MEZZANINE_1_ENABLE_N]
set_property OFFCHIP_TERM NONE [get_ports MEZZANINE_1_ONE_WIRE]
set_property OFFCHIP_TERM NONE [get_ports MEZZANINE_1_ONE_WIRE_STRONG_PULLUP_EN_N]
set_property OFFCHIP_TERM NONE [get_ports MEZZANINE_2_ENABLE_N]
set_property OFFCHIP_TERM NONE [get_ports MEZZANINE_2_ONE_WIRE]
set_property OFFCHIP_TERM NONE [get_ports MEZZANINE_2_ONE_WIRE_STRONG_PULLUP_EN_N]
set_property OFFCHIP_TERM NONE [get_ports MEZZANINE_3_CLK_SEL]
set_property OFFCHIP_TERM NONE [get_ports MEZZANINE_3_ENABLE_N]
set_property OFFCHIP_TERM NONE [get_ports MEZZANINE_3_ONE_WIRE]
set_property OFFCHIP_TERM NONE [get_ports MEZZANINE_3_ONE_WIRE_STRONG_PULLUP_EN_N]
set_property OFFCHIP_TERM NONE [get_ports MEZZANINE_3_RESET]
set_property OFFCHIP_TERM NONE [get_ports ONE_WIRE_EEPROM]
set_property OFFCHIP_TERM NONE [get_ports ONE_WIRE_EEPROM_STRONG_PULLUP_EN_N]
set_property OFFCHIP_TERM NONE [get_ports SPARTAN_CLK]
set_property OFFCHIP_TERM NONE [get_ports SPI_CLK]
set_property OFFCHIP_TERM NONE [get_ports SPI_CSB]
set_property OFFCHIP_TERM NONE [get_ports USB_UART_RXD]
set_property OFFCHIP_TERM NONE [get_ports FPGA_LEDS[0]]
set_property OFFCHIP_TERM NONE [get_ports FPGA_LEDS[1]]
set_property OFFCHIP_TERM NONE [get_ports FPGA_LEDS[2]]
set_property OFFCHIP_TERM NONE [get_ports FPGA_LEDS[3]]
set_property OFFCHIP_TERM NONE [get_ports FPGA_LEDS[4]]
set_property OFFCHIP_TERM NONE [get_ports FPGA_LEDS[5]]
set_property OFFCHIP_TERM NONE [get_ports FPGA_LEDS[6]]
set_property OFFCHIP_TERM NONE [get_ports FPGA_LEDS[7]]

INFO - 2026-08-22 13:39:14,809 - jasper.toolflow.backend - Finished writing constraints file: /skarab/projetos/skarab-gbe-control/fpgs/ethernet_one_gbe_skarab_control/ethernet_one_gbe_skarab_axi/user_const.xdc
DEBUG - 2026-08-22 13:39:14,809 - jasper.toolflow.backend - Adding constraint file: /skarab/projetos/skarab-gbe-control/fpgs/ethernet_one_gbe_skarab_control/ethernet_one_gbe_skarab_axi/user_const.xdc
DEBUG - 2026-08-22 13:39:14,809 - jasper.toolflow.backend - Adding tcl command: import_files -force -fileset constrs_1 /skarab/projetos/skarab-gbe-control/fpgs/ethernet_one_gbe_skarab_control/ethernet_one_gbe_skarab_axi/user_const.xdc
DEBUG - 2026-08-22 13:39:14,809 - jasper.toolflow.backend - Adding tcl command: set_property top top [current_fileset]
DEBUG - 2026-08-22 13:39:14,809 - jasper.toolflow.backend - Adding tcl command: update_compile_order -fileset sources_1
DEBUG - 2026-08-22 13:39:14,809 - jasper.toolflow.backend - Adding tcl command: if {[llength [glob -nocomplain [get_property directory [current_project]]/myproj.srcs/sources_1/imports/*.coe]] > 0} {
DEBUG - 2026-08-22 13:39:14,809 - jasper.toolflow.backend - Adding tcl command: file copy -force {*}[glob [get_property directory [current_project]]/myproj.srcs/sources_1/imports/*.coe] [get_property directory [current_project]]/myproj.srcs/sources_1/ip/
DEBUG - 2026-08-22 13:39:14,809 - jasper.toolflow.backend - Adding tcl command: }
DEBUG - 2026-08-22 13:39:14,809 - jasper.toolflow.backend - The upgrade_ip command is not being added to the tcl script
DEBUG - 2026-08-22 13:39:14,809 - jasper.toolflow.backend - Adding tcl command: reset_run synth_1
DEBUG - 2026-08-22 13:39:14,809 - jasper.toolflow.backend - Adding tcl command: launch_runs synth_1 -jobs 16
DEBUG - 2026-08-22 13:39:14,809 - jasper.toolflow.backend - Adding tcl command: wait_on_run synth_1
DEBUG - 2026-08-22 13:39:14,809 - jasper.toolflow.backend - Adding tcl command: open_run synth_1
DEBUG - 2026-08-22 13:39:14,809 - jasper.toolflow.backend - Adding tcl command: set_property STEPS.WRITE_BITSTREAM.ARGS.BIN_FILE true [get_runs impl_1]
DEBUG - 2026-08-22 13:39:14,809 - jasper.toolflow.backend - Adding tcl command: set_property STEPS.PHYS_OPT_DESIGN.IS_ENABLED true [get_runs impl_1]
DEBUG - 2026-08-22 13:39:14,809 - jasper.toolflow.backend - Adding tcl command: set_property STEPS.POST_ROUTE_PHYS_OPT_DESIGN.IS_ENABLED true [get_runs impl_1]
DEBUG - 2026-08-22 13:39:14,809 - jasper.toolflow.backend - Adding tcl command: launch_runs impl_1 -jobs 16
DEBUG - 2026-08-22 13:39:14,809 - jasper.toolflow.backend - Adding tcl command: wait_on_run impl_1
DEBUG - 2026-08-22 13:39:14,809 - jasper.toolflow.backend - Adding tcl command: open_run impl_1
DEBUG - 2026-08-22 13:39:14,809 - jasper.toolflow.backend - Adding tcl command: launch_runs impl_1 -to_step write_bitstream
DEBUG - 2026-08-22 13:39:14,809 - jasper.toolflow.backend - Adding tcl command: wait_on_run impl_1
DEBUG - 2026-08-22 13:39:14,809 - jasper.toolflow.backend - Adding tcl command: cd [get_property DIRECTORY [current_project]]
DEBUG - 2026-08-22 13:39:14,809 - jasper.toolflow.backend - Adding tcl command: write_cfgmem -force -format bin -interface bpix8 -size 128 -loadbit "up 0x0 /skarab/projetos/skarab-gbe-control/fpgs/ethernet_one_gbe_skarab_control/ethernet_one_gbe_skarab_axi/myproj/myproj.runs/impl_1/top.bit" -file /skarab/projetos/skarab-gbe-control/fpgs/ethernet_one_gbe_skarab_control/ethernet_one_gbe_skarab_axi/myproj/myproj.runs/impl_1/top.bin
DEBUG - 2026-08-22 13:39:14,809 - jasper.toolflow.backend - Adding tcl command: if { [get_property STATS.WNS [get_runs impl_1] ] < 0 } {
DEBUG - 2026-08-22 13:39:14,809 - jasper.toolflow.backend - Adding tcl command: puts "Found timing violations => Worst Negative Slack: [get_property STATS.WNS [get_runs impl_1]] ns" 
DEBUG - 2026-08-22 13:39:14,809 - jasper.toolflow.backend - Adding tcl command: } else {
DEBUG - 2026-08-22 13:39:14,809 - jasper.toolflow.backend - Adding tcl command: puts "No timing violations => Worst Negative Slack: [get_property STATS.WNS [get_runs impl_1]] ns" 
DEBUG - 2026-08-22 13:39:14,809 - jasper.toolflow.backend - Adding tcl command: }
DEBUG - 2026-08-22 13:39:14,809 - jasper.toolflow.backend - Adding tcl command: if { [get_property STATS.TNS [get_runs impl_1] ] < 0 } {
DEBUG - 2026-08-22 13:39:14,809 - jasper.toolflow.backend - Adding tcl command: puts "Found timing violations => Total Negative Slack: [get_property STATS.TNS [get_runs impl_1]] ns" 
DEBUG - 2026-08-22 13:39:14,809 - jasper.toolflow.backend - Adding tcl command: } else {
DEBUG - 2026-08-22 13:39:14,809 - jasper.toolflow.backend - Adding tcl command: puts "No timing violations => Total Negative Slack: [get_property STATS.TNS [get_runs impl_1]] ns" 
DEBUG - 2026-08-22 13:39:14,809 - jasper.toolflow.backend - Adding tcl command: }
DEBUG - 2026-08-22 13:39:14,809 - jasper.toolflow.backend - Adding tcl command: if { [get_property STATS.WHS [get_runs impl_1] ] < 0 } {
DEBUG - 2026-08-22 13:39:14,809 - jasper.toolflow.backend - Adding tcl command: puts "Found timing violations => Worst Hold Slack: [get_property STATS.WHS [get_runs impl_1]] ns" 
DEBUG - 2026-08-22 13:39:14,809 - jasper.toolflow.backend - Adding tcl command: } else {
DEBUG - 2026-08-22 13:39:14,809 - jasper.toolflow.backend - Adding tcl command: puts "No timing violations => Worst Hold Slack: [get_property STATS.WHS [get_runs impl_1]] ns" 
DEBUG - 2026-08-22 13:39:14,809 - jasper.toolflow.backend - Adding tcl command: }
DEBUG - 2026-08-22 13:39:14,809 - jasper.toolflow.backend - Adding tcl command: if { [get_property STATS.THS [get_runs impl_1] ] < 0 } {
DEBUG - 2026-08-22 13:39:14,809 - jasper.toolflow.backend - Adding tcl command: puts "Found timing violations => Total Hold Slack: [get_property STATS.THS [get_runs impl_1]] ns" 
DEBUG - 2026-08-22 13:39:14,809 - jasper.toolflow.backend - Adding tcl command: } else {
DEBUG - 2026-08-22 13:39:14,809 - jasper.toolflow.backend - Adding tcl command: puts "No timing violations => Total Hold Slack: [get_property STATS.THS [get_runs impl_1]] ns" 
DEBUG - 2026-08-22 13:39:14,809 - jasper.toolflow.backend - Adding tcl command: }
INFO - 2026-08-22 13:39:14,809 - jasper.toolflow.backend - Extracting yellow block tcl commands from peripherals
DEBUG - 2026-08-22 13:39:14,809 - jasper.toolflow.backend - Adding tcl command: set_property SCOPED_TO_REF cont_microblaze [get_files [get_property directory [current_project]]/myproj.srcs/sources_1/imports/cont_microblaze/EMB123701U1R1.elf]
DEBUG - 2026-08-22 13:39:14,809 - jasper.toolflow.backend - Adding tcl command: set_property SCOPED_TO_REF cont_microblaze [get_files [get_property directory [current_project]]/myproj.srcs/sources_1/bd/cont_microblaze/cont_microblaze.bmm]
DEBUG - 2026-08-22 13:39:14,809 - jasper.toolflow.backend - Adding tcl command: set_property SCOPED_TO_CELLS microblaze_0 [get_files [get_property directory [current_project]]/myproj.srcs/sources_1/imports/cont_microblaze/EMB123701U1R1.elf]
DEBUG - 2026-08-22 13:39:14,809 - jasper.toolflow.backend - Adding tcl command: import_files -force -fileset constrs_1 /skarab/tutorials_devel/skarab/mlib_devel/jasper_library/hdl_sources/skarab_infr/Constraints/soc_version.xdc
DEBUG - 2026-08-22 13:39:14,809 - jasper.toolflow.backend - Adding tcl command: set_property ip_repo_paths /skarab/tutorials_devel/skarab/mlib_devel/jasper_library/hdl_sources/skarab_infr/cont_microblaze/ipshared/peralex.com/ [current_project]
INFO - 2026-08-22 13:39:14,809 - jasper.toolflow.backend - Generating yellow block custom hdl files
INFO - 2026-08-22 13:39:14,809 - jasper.toolflow.backend - Generating yellow block custom hdl files
DEBUG - 2026-08-22 13:39:14,809 - jasper.toolflow.backend - Adding tcl command: update_compile_order -fileset sources_1
DEBUG - 2026-08-22 13:49:10,804 - jasper.toolflow.backend - Opening core_info.tab file /skarab/projetos/skarab-gbe-control/fpgs/ethernet_one_gbe_skarab_control/ethernet_one_gbe_skarab_axi/core_info.tab
DEBUG - 2026-08-22 13:49:10,804 - jasper.toolflow.backend - Opening design_info.tab file /skarab/projetos/skarab-gbe-control/fpgs/ethernet_one_gbe_skarab_control/ethernet_one_gbe_skarab_axi/design_info.tab
DEBUG - 2026-08-22 13:49:10,804 - jasper.toolflow.backend - Opening git_info.tab file /skarab/projetos/skarab-gbe-control/fpgs/ethernet_one_gbe_skarab_control/ethernet_one_gbe_skarab_axi/git_info.tab
