#-----------------------------------------------------------
# Vivado v2019.1 (64-bit)
# SW Build 2552052 on Fri May 24 14:47:09 MDT 2019
# IP Build 2548770 on Fri May 24 18:01:18 MDT 2019
# Start of session at: Mon Aug 10 14:37:36 2026
# Process ID: 474496
# Current directory: /home/valmyrsilva07/teste12345/mlib_devel
# Command line: vivado -jou /home/valmyrsilva07/virtex7/skarab-virtex7-toolflow/fpgs/ethernet_one_gbe_skarab_control/ethernet_one_gbe_skarab_axi/vivado.jou -log /home/valmyrsilva07/virtex7/skarab-virtex7-toolflow/fpgs/ethernet_one_gbe_skarab_control/ethernet_one_gbe_skarab_axi/vivado.log -mode batch -source /home/valmyrsilva07/virtex7/skarab-virtex7-toolflow/fpgs/ethernet_one_gbe_skarab_control/ethernet_one_gbe_skarab_axi/gogogo.tcl
# Log file: /home/valmyrsilva07/virtex7/skarab-virtex7-toolflow/fpgs/ethernet_one_gbe_skarab_control/ethernet_one_gbe_skarab_axi/vivado.log
# Journal file: /home/valmyrsilva07/virtex7/skarab-virtex7-toolflow/fpgs/ethernet_one_gbe_skarab_control/ethernet_one_gbe_skarab_axi/vivado.jou
#-----------------------------------------------------------
WARNING: [Runs 36-547] Tool Strategy 'Vivado Implementation Defaults' from file '/tools/Xilinx/Vivado/2019.1/strategies/VDI2015.psg' discarded because strategy with same name already parsed from '/tools/Xilinx/Vivado/2019.1/strategies/VDI2015.psg'
WARNING: [Runs 36-547] Tool Strategy 'Performance_Explore' from file '/tools/Xilinx/Vivado/2019.1/strategies/VDI2015.psg' discarded because strategy with same name already parsed from '/tools/Xilinx/Vivado/2019.1/strategies/VDI2015.psg'
WARNING: [Runs 36-547] Tool Strategy 'Performance_ExplorePostRoutePhysOpt' from file '/tools/Xilinx/Vivado/2019.1/strategies/VDI2015.psg' discarded because strategy with same name already parsed from '/tools/Xilinx/Vivado/2019.1/strategies/VDI2015.psg'
WARNING: [Runs 36-547] Tool Strategy 'Performance_RefinePlacement' from file '/tools/Xilinx/Vivado/2019.1/strategies/VDI2015.psg' discarded because strategy with same name already parsed from '/tools/Xilinx/Vivado/2019.1/strategies/VDI2015.psg'
WARNING: [Runs 36-547] Tool Strategy 'Performance_WLBlockPlacement' from file '/tools/Xilinx/Vivado/2019.1/strategies/VDI2015.psg' discarded because strategy with same name already parsed from '/tools/Xilinx/Vivado/2019.1/strategies/VDI2015.psg'
WARNING: [Runs 36-547] Tool Strategy 'Performance_WLBlockPlacementFanoutOpt' from file '/tools/Xilinx/Vivado/2019.1/strategies/VDI2015.psg' discarded because strategy with same name already parsed from '/tools/Xilinx/Vivado/2019.1/strategies/VDI2015.psg'
WARNING: [Runs 36-547] Tool Strategy 'Performance_NetDelay_high' from file '/tools/Xilinx/Vivado/2019.1/strategies/VDI2015.psg' discarded because strategy with same name already parsed from '/tools/Xilinx/Vivado/2019.1/strategies/VDI2015.psg'
WARNING: [Runs 36-547] Tool Strategy 'Performance_NetDelay_medium' from file '/tools/Xilinx/Vivado/2019.1/strategies/VDI2015.psg' discarded because strategy with same name already parsed from '/tools/Xilinx/Vivado/2019.1/strategies/VDI2015.psg'
WARNING: [Runs 36-547] Tool Strategy 'Performance_NetDelay_low' from file '/tools/Xilinx/Vivado/2019.1/strategies/VDI2015.psg' discarded because strategy with same name already parsed from '/tools/Xilinx/Vivado/2019.1/strategies/VDI2015.psg'
WARNING: [Runs 36-547] Tool Strategy 'Performance_ExploreSLLs' from file '/tools/Xilinx/Vivado/2019.1/strategies/VDI2015.psg' discarded because strategy with same name already parsed from '/tools/Xilinx/Vivado/2019.1/strategies/VDI2015.psg'
WARNING: [Runs 36-547] Tool Strategy 'Performance_Retiming' from file '/tools/Xilinx/Vivado/2019.1/strategies/VDI2015.psg' discarded because strategy with same name already parsed from '/tools/Xilinx/Vivado/2019.1/strategies/VDI2015.psg'
WARNING: [Runs 36-547] Tool Strategy 'Area_Explore' from file '/tools/Xilinx/Vivado/2019.1/strategies/VDI2015.psg' discarded because strategy with same name already parsed from '/tools/Xilinx/Vivado/2019.1/strategies/VDI2015.psg'
WARNING: [Runs 36-547] Tool Strategy 'Power_DefaultOpt' from file '/tools/Xilinx/Vivado/2019.1/strategies/VDI2015.psg' discarded because strategy with same name already parsed from '/tools/Xilinx/Vivado/2019.1/strategies/VDI2015.psg'
WARNING: [Runs 36-547] Tool Strategy 'Flow_RunPhysOpt' from file '/tools/Xilinx/Vivado/2019.1/strategies/VDI2015.psg' discarded because strategy with same name already parsed from '/tools/Xilinx/Vivado/2019.1/strategies/VDI2015.psg'
WARNING: [Runs 36-547] Tool Strategy 'Flow_RunPostRoutePhysOpt' from file '/tools/Xilinx/Vivado/2019.1/strategies/VDI2015.psg' discarded because strategy with same name already parsed from '/tools/Xilinx/Vivado/2019.1/strategies/VDI2015.psg'
WARNING: [Runs 36-547] Tool Strategy 'Flow_RuntimeOptimized' from file '/tools/Xilinx/Vivado/2019.1/strategies/VDI2015.psg' discarded because strategy with same name already parsed from '/tools/Xilinx/Vivado/2019.1/strategies/VDI2015.psg'
WARNING: [Runs 36-547] Tool Strategy 'Flow_Quick' from file '/tools/Xilinx/Vivado/2019.1/strategies/VDI2015.psg' discarded because strategy with same name already parsed from '/tools/Xilinx/Vivado/2019.1/strategies/VDI2015.psg'
WARNING: [Runs 36-547] Tool Strategy 'Congestion_SpreadLogic_high' from file '/tools/Xilinx/Vivado/2019.1/strategies/VDI2015.psg' discarded because strategy with same name already parsed from '/tools/Xilinx/Vivado/2019.1/strategies/VDI2015.psg'
WARNING: [Runs 36-547] Tool Strategy 'Congestion_SpreadLogic_medium' from file '/tools/Xilinx/Vivado/2019.1/strategies/VDI2015.psg' discarded because strategy with same name already parsed from '/tools/Xilinx/Vivado/2019.1/strategies/VDI2015.psg'
WARNING: [Runs 36-547] Tool Strategy 'Congestion_SpreadLogic_low' from file '/tools/Xilinx/Vivado/2019.1/strategies/VDI2015.psg' discarded because strategy with same name already parsed from '/tools/Xilinx/Vivado/2019.1/strategies/VDI2015.psg'
WARNING: [Runs 36-547] Tool Strategy 'Congestion_SpreadLogicSLLs' from file '/tools/Xilinx/Vivado/2019.1/strategies/VDI2015.psg' discarded because strategy with same name already parsed from '/tools/Xilinx/Vivado/2019.1/strategies/VDI2015.psg'
WARNING: [Runs 36-547] Tool Strategy 'Congestion_BalanceSLLs' from file '/tools/Xilinx/Vivado/2019.1/strategies/VDI2015.psg' discarded because strategy with same name already parsed from '/tools/Xilinx/Vivado/2019.1/strategies/VDI2015.psg'
WARNING: [Runs 36-547] Tool Strategy 'Congestion_BalanceSLRs' from file '/tools/Xilinx/Vivado/2019.1/strategies/VDI2015.psg' discarded because strategy with same name already parsed from '/tools/Xilinx/Vivado/2019.1/strategies/VDI2015.psg'
WARNING: [Runs 36-547] Tool Strategy 'Congestion_CompressSLRs' from file '/tools/Xilinx/Vivado/2019.1/strategies/VDI2015.psg' discarded because strategy with same name already parsed from '/tools/Xilinx/Vivado/2019.1/strategies/VDI2015.psg'
WARNING: [Runs 36-547] Tool Strategy 'Vivado Synthesis Defaults' from file '/tools/Xilinx/Vivado/2019.1/strategies/VDS2012.psg' discarded because strategy with same name already parsed from '/tools/Xilinx/Vivado/2019.1/strategies/VDS2012.psg'
WARNING: [Runs 36-547] Tool Strategy 'Vivado Implementation Defaults' from file '/tools/Xilinx/Vivado/2019.1/strategies/VDI2012.psg' discarded because strategy with same name already parsed from '/tools/Xilinx/Vivado/2019.1/strategies/VDI2012.psg'
WARNING: [Runs 36-547] Tool Strategy 'HighEffort' from file '/tools/Xilinx/Vivado/2019.1/strategies/VDI2012.psg' discarded because strategy with same name already parsed from '/tools/Xilinx/Vivado/2019.1/strategies/VDI2012.psg'
WARNING: [Runs 36-547] Tool Strategy 'HighEffortPhySynth' from file '/tools/Xilinx/Vivado/2019.1/strategies/VDI2012.psg' discarded because strategy with same name already parsed from '/tools/Xilinx/Vivado/2019.1/strategies/VDI2012.psg'
WARNING: [Runs 36-547] Tool Strategy 'LowEffort' from file '/tools/Xilinx/Vivado/2019.1/strategies/VDI2012.psg' discarded because strategy with same name already parsed from '/tools/Xilinx/Vivado/2019.1/strategies/VDI2012.psg'
WARNING: [Runs 36-547] Tool Strategy 'QuickEffort' from file '/tools/Xilinx/Vivado/2019.1/strategies/VDI2012.psg' discarded because strategy with same name already parsed from '/tools/Xilinx/Vivado/2019.1/strategies/VDI2012.psg'
WARNING: [Runs 36-547] Tool Strategy 'Vivado Synthesis Defaults' from file '/tools/Xilinx/Vivado/2019.1/strategies/VDS2014.psg' discarded because strategy with same name already parsed from '/tools/Xilinx/Vivado/2019.1/strategies/VDS2014.psg'
WARNING: [Runs 36-547] Tool Strategy 'Flow_RuntimeOptimized' from file '/tools/Xilinx/Vivado/2019.1/strategies/VDS2014.psg' discarded because strategy with same name already parsed from '/tools/Xilinx/Vivado/2019.1/strategies/VDS2014.psg'
WARNING: [Runs 36-547] Tool Strategy 'Flow_AreaOptimized_High' from file '/tools/Xilinx/Vivado/2019.1/strategies/VDS2014.psg' discarded because strategy with same name already parsed from '/tools/Xilinx/Vivado/2019.1/strategies/VDS2014.psg'
WARNING: [Runs 36-547] Tool Strategy 'Flow_PerfOptimized_High' from file '/tools/Xilinx/Vivado/2019.1/strategies/VDS2014.psg' discarded because strategy with same name already parsed from '/tools/Xilinx/Vivado/2019.1/strategies/VDS2014.psg'
WARNING: [Runs 36-547] Tool Strategy 'Vivado Synthesis Defaults' from file '/tools/Xilinx/Vivado/2019.1/strategies/VDS2018.psg' discarded because strategy with same name already parsed from '/tools/Xilinx/Vivado/2019.1/strategies/VDS2018.psg'
WARNING: [Runs 36-547] Tool Strategy 'Flow_AreaOptimized_high' from file '/tools/Xilinx/Vivado/2019.1/strategies/VDS2018.psg' discarded because strategy with same name already parsed from '/tools/Xilinx/Vivado/2019.1/strategies/VDS2018.psg'
WARNING: [Runs 36-547] Tool Strategy 'Flow_AreaOptimized_medium' from file '/tools/Xilinx/Vivado/2019.1/strategies/VDS2018.psg' discarded because strategy with same name already parsed from '/tools/Xilinx/Vivado/2019.1/strategies/VDS2018.psg'
WARNING: [Runs 36-547] Tool Strategy 'Flow_AreaMultThresholdDSP' from file '/tools/Xilinx/Vivado/2019.1/strategies/VDS2018.psg' discarded because strategy with same name already parsed from '/tools/Xilinx/Vivado/2019.1/strategies/VDS2018.psg'
WARNING: [Runs 36-547] Tool Strategy 'Flow_AlternateRoutability' from file '/tools/Xilinx/Vivado/2019.1/strategies/VDS2018.psg' discarded because strategy with same name already parsed from '/tools/Xilinx/Vivado/2019.1/strategies/VDS2018.psg'
WARNING: [Runs 36-547] Tool Strategy 'Flow_PerfOptimized_high' from file '/tools/Xilinx/Vivado/2019.1/strategies/VDS2018.psg' discarded because strategy with same name already parsed from '/tools/Xilinx/Vivado/2019.1/strategies/VDS2018.psg'
WARNING: [Runs 36-547] Tool Strategy 'Flow_PerfThresholdCarry' from file '/tools/Xilinx/Vivado/2019.1/strategies/VDS2018.psg' discarded because strategy with same name already parsed from '/tools/Xilinx/Vivado/2019.1/strategies/VDS2018.psg'
WARNING: [Runs 36-547] Tool Strategy 'Flow_RuntimeOptimized' from file '/tools/Xilinx/Vivado/2019.1/strategies/VDS2018.psg' discarded because strategy with same name already parsed from '/tools/Xilinx/Vivado/2019.1/strategies/VDS2018.psg'
WARNING: [Runs 36-547] Tool Strategy 'Vivado Synthesis Defaults' from file '/tools/Xilinx/Vivado/2019.1/strategies/VDS2017.psg' discarded because strategy with same name already parsed from '/tools/Xilinx/Vivado/2019.1/strategies/VDS2017.psg'
WARNING: [Runs 36-547] Tool Strategy 'Flow_AreaOptimized_high' from file '/tools/Xilinx/Vivado/2019.1/strategies/VDS2017.psg' discarded because strategy with same name already parsed from '/tools/Xilinx/Vivado/2019.1/strategies/VDS2017.psg'
WARNING: [Runs 36-547] Tool Strategy 'Flow_AreaOptimized_medium' from file '/tools/Xilinx/Vivado/2019.1/strategies/VDS2017.psg' discarded because strategy with same name already parsed from '/tools/Xilinx/Vivado/2019.1/strategies/VDS2017.psg'
WARNING: [Runs 36-547] Tool Strategy 'Flow_AreaMultThresholdDSP' from file '/tools/Xilinx/Vivado/2019.1/strategies/VDS2017.psg' discarded because strategy with same name already parsed from '/tools/Xilinx/Vivado/2019.1/strategies/VDS2017.psg'
WARNING: [Runs 36-547] Tool Strategy 'Flow_AlternateRoutability' from file '/tools/Xilinx/Vivado/2019.1/strategies/VDS2017.psg' discarded because strategy with same name already parsed from '/tools/Xilinx/Vivado/2019.1/strategies/VDS2017.psg'
WARNING: [Runs 36-547] Tool Strategy 'Flow_PerfOptimized_high' from file '/tools/Xilinx/Vivado/2019.1/strategies/VDS2017.psg' discarded because strategy with same name already parsed from '/tools/Xilinx/Vivado/2019.1/strategies/VDS2017.psg'
WARNING: [Runs 36-547] Tool Strategy 'Flow_PerfThresholdCarry' from file '/tools/Xilinx/Vivado/2019.1/strategies/VDS2017.psg' discarded because strategy with same name already parsed from '/tools/Xilinx/Vivado/2019.1/strategies/VDS2017.psg'
WARNING: [Runs 36-547] Tool Strategy 'Flow_RuntimeOptimized' from file '/tools/Xilinx/Vivado/2019.1/strategies/VDS2017.psg' discarded because strategy with same name already parsed from '/tools/Xilinx/Vivado/2019.1/strategies/VDS2017.psg'
WARNING: [Runs 36-547] Tool Strategy 'Vivado Synthesis Defaults' from file '/tools/Xilinx/Vivado/2019.1/strategies/VDS2013.psg' discarded because strategy with same name already parsed from '/tools/Xilinx/Vivado/2019.1/strategies/VDS2013.psg'
WARNING: [Runs 36-547] Tool Strategy 'Flow_RuntimeOptimized' from file '/tools/Xilinx/Vivado/2019.1/strategies/VDS2013.psg' discarded because strategy with same name already parsed from '/tools/Xilinx/Vivado/2019.1/strategies/VDS2013.psg'
WARNING: [Runs 36-547] Tool Strategy 'Vivado Implementation Defaults' from file '/tools/Xilinx/Vivado/2019.1/strategies/VDI2017.psg' discarded because strategy with same name already parsed from '/tools/Xilinx/Vivado/2019.1/strategies/VDI2017.psg'
WARNING: [Runs 36-547] Tool Strategy 'Performance_Explore' from file '/tools/Xilinx/Vivado/2019.1/strategies/VDI2017.psg' discarded because strategy with same name already parsed from '/tools/Xilinx/Vivado/2019.1/strategies/VDI2017.psg'
WARNING: [Runs 36-547] Tool Strategy 'Performance_ExplorePostRoutePhysOpt' from file '/tools/Xilinx/Vivado/2019.1/strategies/VDI2017.psg' discarded because strategy with same name already parsed from '/tools/Xilinx/Vivado/2019.1/strategies/VDI2017.psg'
WARNING: [Runs 36-547] Tool Strategy 'Performance_WLBlockPlacement' from file '/tools/Xilinx/Vivado/2019.1/strategies/VDI2017.psg' discarded because strategy with same name already parsed from '/tools/Xilinx/Vivado/2019.1/strategies/VDI2017.psg'
WARNING: [Runs 36-547] Tool Strategy 'Performance_WLBlockPlacementFanoutOpt' from file '/tools/Xilinx/Vivado/2019.1/strategies/VDI2017.psg' discarded because strategy with same name already parsed from '/tools/Xilinx/Vivado/2019.1/strategies/VDI2017.psg'
WARNING: [Runs 36-547] Tool Strategy 'Performance_EarlyBlockPlacement' from file '/tools/Xilinx/Vivado/2019.1/strategies/VDI2017.psg' discarded because strategy with same name already parsed from '/tools/Xilinx/Vivado/2019.1/strategies/VDI2017.psg'
WARNING: [Runs 36-547] Tool Strategy 'Performance_NetDelay_high' from file '/tools/Xilinx/Vivado/2019.1/strategies/VDI2017.psg' discarded because strategy with same name already parsed from '/tools/Xilinx/Vivado/2019.1/strategies/VDI2017.psg'
WARNING: [Runs 36-547] Tool Strategy 'Performance_NetDelay_low' from file '/tools/Xilinx/Vivado/2019.1/strategies/VDI2017.psg' discarded because strategy with same name already parsed from '/tools/Xilinx/Vivado/2019.1/strategies/VDI2017.psg'
WARNING: [Runs 36-547] Tool Strategy 'Performance_Retiming' from file '/tools/Xilinx/Vivado/2019.1/strategies/VDI2017.psg' discarded because strategy with same name already parsed from '/tools/Xilinx/Vivado/2019.1/strategies/VDI2017.psg'
WARNING: [Runs 36-547] Tool Strategy 'Performance_ExtraTimingOpt' from file '/tools/Xilinx/Vivado/2019.1/strategies/VDI2017.psg' discarded because strategy with same name already parsed from '/tools/Xilinx/Vivado/2019.1/strategies/VDI2017.psg'
WARNING: [Runs 36-547] Tool Strategy 'Performance_RefinePlacement' from file '/tools/Xilinx/Vivado/2019.1/strategies/VDI2017.psg' discarded because strategy with same name already parsed from '/tools/Xilinx/Vivado/2019.1/strategies/VDI2017.psg'
WARNING: [Runs 36-547] Tool Strategy 'Performance_SpreadSLLs' from file '/tools/Xilinx/Vivado/2019.1/strategies/VDI2017.psg' discarded because strategy with same name already parsed from '/tools/Xilinx/Vivado/2019.1/strategies/VDI2017.psg'
WARNING: [Runs 36-547] Tool Strategy 'Performance_BalanceSLLs' from file '/tools/Xilinx/Vivado/2019.1/strategies/VDI2017.psg' discarded because strategy with same name already parsed from '/tools/Xilinx/Vivado/2019.1/strategies/VDI2017.psg'
WARNING: [Runs 36-547] Tool Strategy 'Congestion_SpreadLogic_high' from file '/tools/Xilinx/Vivado/2019.1/strategies/VDI2017.psg' discarded because strategy with same name already parsed from '/tools/Xilinx/Vivado/2019.1/strategies/VDI2017.psg'
WARNING: [Runs 36-547] Tool Strategy 'Congestion_SpreadLogic_medium' from file '/tools/Xilinx/Vivado/2019.1/strategies/VDI2017.psg' discarded because strategy with same name already parsed from '/tools/Xilinx/Vivado/2019.1/strategies/VDI2017.psg'
WARNING: [Runs 36-547] Tool Strategy 'Congestion_SpreadLogic_low' from file '/tools/Xilinx/Vivado/2019.1/strategies/VDI2017.psg' discarded because strategy with same name already parsed from '/tools/Xilinx/Vivado/2019.1/strategies/VDI2017.psg'
WARNING: [Runs 36-547] Tool Strategy 'Congestion_SpreadLogic_Explore' from file '/tools/Xilinx/Vivado/2019.1/strategies/VDI2017.psg' discarded because strategy with same name already parsed from '/tools/Xilinx/Vivado/2019.1/strategies/VDI2017.psg'
WARNING: [Runs 36-547] Tool Strategy 'Congestion_SSI_SpreadLogic_high' from file '/tools/Xilinx/Vivado/2019.1/strategies/VDI2017.psg' discarded because strategy with same name already parsed from '/tools/Xilinx/Vivado/2019.1/strategies/VDI2017.psg'
WARNING: [Runs 36-547] Tool Strategy 'Congestion_SSI_SpreadLogic_low' from file '/tools/Xilinx/Vivado/2019.1/strategies/VDI2017.psg' discarded because strategy with same name already parsed from '/tools/Xilinx/Vivado/2019.1/strategies/VDI2017.psg'
WARNING: [Runs 36-547] Tool Strategy 'Congestion_SSI_SpreadLogic_Explore' from file '/tools/Xilinx/Vivado/2019.1/strategies/VDI2017.psg' discarded because strategy with same name already parsed from '/tools/Xilinx/Vivado/2019.1/strategies/VDI2017.psg'
WARNING: [Runs 36-547] Tool Strategy 'Area_Explore' from file '/tools/Xilinx/Vivado/2019.1/strategies/VDI2017.psg' discarded because strategy with same name already parsed from '/tools/Xilinx/Vivado/2019.1/strategies/VDI2017.psg'
WARNING: [Runs 36-547] Tool Strategy 'Area_ExploreSequential' from file '/tools/Xilinx/Vivado/2019.1/strategies/VDI2017.psg' discarded because strategy with same name already parsed from '/tools/Xilinx/Vivado/2019.1/strategies/VDI2017.psg'
WARNING: [Runs 36-547] Tool Strategy 'Area_ExploreWithRemap' from file '/tools/Xilinx/Vivado/2019.1/strategies/VDI2017.psg' discarded because strategy with same name already parsed from '/tools/Xilinx/Vivado/2019.1/strategies/VDI2017.psg'
WARNING: [Runs 36-547] Tool Strategy 'Power_DefaultOpt' from file '/tools/Xilinx/Vivado/2019.1/strategies/VDI2017.psg' discarded because strategy with same name already parsed from '/tools/Xilinx/Vivado/2019.1/strategies/VDI2017.psg'
WARNING: [Runs 36-547] Tool Strategy 'Power_ExploreArea' from file '/tools/Xilinx/Vivado/2019.1/strategies/VDI2017.psg' discarded because strategy with same name already parsed from '/tools/Xilinx/Vivado/2019.1/strategies/VDI2017.psg'
WARNING: [Runs 36-547] Tool Strategy 'Flow_RunPhysOpt' from file '/tools/Xilinx/Vivado/2019.1/strategies/VDI2017.psg' discarded because strategy with same name already parsed from '/tools/Xilinx/Vivado/2019.1/strategies/VDI2017.psg'
WARNING: [Runs 36-547] Tool Strategy 'Flow_RunPostRoutePhysOpt' from file '/tools/Xilinx/Vivado/2019.1/strategies/VDI2017.psg' discarded because strategy with same name already parsed from '/tools/Xilinx/Vivado/2019.1/strategies/VDI2017.psg'
WARNING: [Runs 36-547] Tool Strategy 'Flow_RuntimeOptimized' from file '/tools/Xilinx/Vivado/2019.1/strategies/VDI2017.psg' discarded because strategy with same name already parsed from '/tools/Xilinx/Vivado/2019.1/strategies/VDI2017.psg'
WARNING: [Runs 36-547] Tool Strategy 'Flow_Quick' from file '/tools/Xilinx/Vivado/2019.1/strategies/VDI2017.psg' discarded because strategy with same name already parsed from '/tools/Xilinx/Vivado/2019.1/strategies/VDI2017.psg'
WARNING: [Runs 36-547] Tool Strategy 'Vivado Implementation Defaults' from file '/tools/Xilinx/Vivado/2019.1/strategies/VDI2014.psg' discarded because strategy with same name already parsed from '/tools/Xilinx/Vivado/2019.1/strategies/VDI2014.psg'
WARNING: [Runs 36-547] Tool Strategy 'Performance_Explore' from file '/tools/Xilinx/Vivado/2019.1/strategies/VDI2014.psg' discarded because strategy with same name already parsed from '/tools/Xilinx/Vivado/2019.1/strategies/VDI2014.psg'
WARNING: [Runs 36-547] Tool Strategy 'Performance_ExplorePostRoutePhysOpt' from file '/tools/Xilinx/Vivado/2019.1/strategies/VDI2014.psg' discarded because strategy with same name already parsed from '/tools/Xilinx/Vivado/2019.1/strategies/VDI2014.psg'
WARNING: [Runs 36-547] Tool Strategy 'Performance_RefinePlacement' from file '/tools/Xilinx/Vivado/2019.1/strategies/VDI2014.psg' discarded because strategy with same name already parsed from '/tools/Xilinx/Vivado/2019.1/strategies/VDI2014.psg'
WARNING: [Runs 36-547] Tool Strategy 'Performance_WLBlockPlacement' from file '/tools/Xilinx/Vivado/2019.1/strategies/VDI2014.psg' discarded because strategy with same name already parsed from '/tools/Xilinx/Vivado/2019.1/strategies/VDI2014.psg'
WARNING: [Runs 36-547] Tool Strategy 'Performance_WLBlockPlacementFanoutOpt' from file '/tools/Xilinx/Vivado/2019.1/strategies/VDI2014.psg' discarded because strategy with same name already parsed from '/tools/Xilinx/Vivado/2019.1/strategies/VDI2014.psg'
WARNING: [Runs 36-547] Tool Strategy 'Performance_LateBlockPlacement' from file '/tools/Xilinx/Vivado/2019.1/strategies/VDI2014.psg' discarded because strategy with same name already parsed from '/tools/Xilinx/Vivado/2019.1/strategies/VDI2014.psg'
WARNING: [Runs 36-547] Tool Strategy 'Performance_NetDelay_high' from file '/tools/Xilinx/Vivado/2019.1/strategies/VDI2014.psg' discarded because strategy with same name already parsed from '/tools/Xilinx/Vivado/2019.1/strategies/VDI2014.psg'
WARNING: [Runs 36-547] Tool Strategy 'Performance_NetDelay_medium' from file '/tools/Xilinx/Vivado/2019.1/strategies/VDI2014.psg' discarded because strategy with same name already parsed from '/tools/Xilinx/Vivado/2019.1/strategies/VDI2014.psg'
WARNING: [Runs 36-547] Tool Strategy 'Performance_NetDelay_low' from file '/tools/Xilinx/Vivado/2019.1/strategies/VDI2014.psg' discarded because strategy with same name already parsed from '/tools/Xilinx/Vivado/2019.1/strategies/VDI2014.psg'
WARNING: [Runs 36-547] Tool Strategy 'Performance_ExploreSLLs' from file '/tools/Xilinx/Vivado/2019.1/strategies/VDI2014.psg' discarded because strategy with same name already parsed from '/tools/Xilinx/Vivado/2019.1/strategies/VDI2014.psg'
WARNING: [Runs 36-547] Tool Strategy 'Performance_Retiming' from file '/tools/Xilinx/Vivado/2019.1/strategies/VDI2014.psg' discarded because strategy with same name already parsed from '/tools/Xilinx/Vivado/2019.1/strategies/VDI2014.psg'
WARNING: [Runs 36-547] Tool Strategy 'Area_Explore' from file '/tools/Xilinx/Vivado/2019.1/strategies/VDI2014.psg' discarded because strategy with same name already parsed from '/tools/Xilinx/Vivado/2019.1/strategies/VDI2014.psg'
WARNING: [Runs 36-547] Tool Strategy 'Power_DefaultOpt' from file '/tools/Xilinx/Vivado/2019.1/strategies/VDI2014.psg' discarded because strategy with same name already parsed from '/tools/Xilinx/Vivado/2019.1/strategies/VDI2014.psg'
WARNING: [Runs 36-547] Tool Strategy 'Flow_RunPhysOpt' from file '/tools/Xilinx/Vivado/2019.1/strategies/VDI2014.psg' discarded because strategy with same name already parsed from '/tools/Xilinx/Vivado/2019.1/strategies/VDI2014.psg'
WARNING: [Runs 36-547] Tool Strategy 'Flow_RunPostRoutePhysOpt' from file '/tools/Xilinx/Vivado/2019.1/strategies/VDI2014.psg' discarded because strategy with same name already parsed from '/tools/Xilinx/Vivado/2019.1/strategies/VDI2014.psg'
WARNING: [Runs 36-547] Tool Strategy 'Flow_RuntimeOptimized' from file '/tools/Xilinx/Vivado/2019.1/strategies/VDI2014.psg' discarded because strategy with same name already parsed from '/tools/Xilinx/Vivado/2019.1/strategies/VDI2014.psg'
WARNING: [Runs 36-547] Tool Strategy 'Flow_Quick' from file '/tools/Xilinx/Vivado/2019.1/strategies/VDI2014.psg' discarded because strategy with same name already parsed from '/tools/Xilinx/Vivado/2019.1/strategies/VDI2014.psg'
WARNING: [Runs 36-547] Tool Strategy 'Congestion_SpreadLogic_high' from file '/tools/Xilinx/Vivado/2019.1/strategies/VDI2014.psg' discarded because strategy with same name already parsed from '/tools/Xilinx/Vivado/2019.1/strategies/VDI2014.psg'
INFO: [Common 17-14] Message 'Runs 36-547' appears 100 times and further instances of the messages will be disabled. Use the Tcl command set_msg_config to change the current settings.
WARNING: [Runs 36-546] Tool Report Strategy 'Vivado Implementation Default Reports' from file '/tools/Xilinx/Vivado/2019.1/reportstrategies/VRI2017.psg' discarded because strategy with same name already parsed from '/tools/Xilinx/Vivado/2019.1/reportstrategies/VRI2017.psg'
WARNING: [Runs 36-546] Tool Report Strategy 'UltraFast Design Methodology Reports' from file '/tools/Xilinx/Vivado/2019.1/reportstrategies/VRI2017.psg' discarded because strategy with same name already parsed from '/tools/Xilinx/Vivado/2019.1/reportstrategies/VRI2017.psg'
WARNING: [Runs 36-546] Tool Report Strategy 'Performance Explore Reports' from file '/tools/Xilinx/Vivado/2019.1/reportstrategies/VRI2017.psg' discarded because strategy with same name already parsed from '/tools/Xilinx/Vivado/2019.1/reportstrategies/VRI2017.psg'
WARNING: [Runs 36-546] Tool Report Strategy 'Timing Closure Reports' from file '/tools/Xilinx/Vivado/2019.1/reportstrategies/VRI2017.psg' discarded because strategy with same name already parsed from '/tools/Xilinx/Vivado/2019.1/reportstrategies/VRI2017.psg'
WARNING: [Runs 36-546] Tool Report Strategy 'No Reports' from file '/tools/Xilinx/Vivado/2019.1/reportstrategies/VRI2017.psg' discarded because strategy with same name already parsed from '/tools/Xilinx/Vivado/2019.1/reportstrategies/VRI2017.psg'
WARNING: [Runs 36-546] Tool Report Strategy 'Vivado Implementation Default Reports' from file '/tools/Xilinx/Vivado/2019.1/reportstrategies/VRI2018.psg' discarded because strategy with same name already parsed from '/tools/Xilinx/Vivado/2019.1/reportstrategies/VRI2018.psg'
WARNING: [Runs 36-546] Tool Report Strategy 'UltraFast Design Methodology Reports' from file '/tools/Xilinx/Vivado/2019.1/reportstrategies/VRI2018.psg' discarded because strategy with same name already parsed from '/tools/Xilinx/Vivado/2019.1/reportstrategies/VRI2018.psg'
WARNING: [Runs 36-546] Tool Report Strategy 'Performance Explore Reports' from file '/tools/Xilinx/Vivado/2019.1/reportstrategies/VRI2018.psg' discarded because strategy with same name already parsed from '/tools/Xilinx/Vivado/2019.1/reportstrategies/VRI2018.psg'
WARNING: [Runs 36-546] Tool Report Strategy 'Timing Closure Reports' from file '/tools/Xilinx/Vivado/2019.1/reportstrategies/VRI2018.psg' discarded because strategy with same name already parsed from '/tools/Xilinx/Vivado/2019.1/reportstrategies/VRI2018.psg'
WARNING: [Runs 36-546] Tool Report Strategy 'No Reports' from file '/tools/Xilinx/Vivado/2019.1/reportstrategies/VRI2018.psg' discarded because strategy with same name already parsed from '/tools/Xilinx/Vivado/2019.1/reportstrategies/VRI2018.psg'
WARNING: [Runs 36-546] Tool Report Strategy 'Vivado Synthesis Default Reports' from file '/tools/Xilinx/Vivado/2019.1/reportstrategies/VRS2018.psg' discarded because strategy with same name already parsed from '/tools/Xilinx/Vivado/2019.1/reportstrategies/VRS2018.psg'
WARNING: [Runs 36-546] Tool Report Strategy 'No Reports' from file '/tools/Xilinx/Vivado/2019.1/reportstrategies/VRS2018.psg' discarded because strategy with same name already parsed from '/tools/Xilinx/Vivado/2019.1/reportstrategies/VRS2018.psg'
WARNING: [Runs 36-546] Tool Report Strategy 'Vivado Synthesis Default Reports' from file '/tools/Xilinx/Vivado/2019.1/reportstrategies/VRS2019.psg' discarded because strategy with same name already parsed from '/tools/Xilinx/Vivado/2019.1/reportstrategies/VRS2019.psg'
WARNING: [Runs 36-546] Tool Report Strategy 'No Reports' from file '/tools/Xilinx/Vivado/2019.1/reportstrategies/VRS2019.psg' discarded because strategy with same name already parsed from '/tools/Xilinx/Vivado/2019.1/reportstrategies/VRS2019.psg'
WARNING: [Runs 36-546] Tool Report Strategy 'Vivado Implementation Default Reports' from file '/tools/Xilinx/Vivado/2019.1/reportstrategies/VRI2019.psg' discarded because strategy with same name already parsed from '/tools/Xilinx/Vivado/2019.1/reportstrategies/VRI2019.psg'
WARNING: [Runs 36-546] Tool Report Strategy 'UltraFast Design Methodology Reports' from file '/tools/Xilinx/Vivado/2019.1/reportstrategies/VRI2019.psg' discarded because strategy with same name already parsed from '/tools/Xilinx/Vivado/2019.1/reportstrategies/VRI2019.psg'
WARNING: [Runs 36-546] Tool Report Strategy 'Performance Explore Reports' from file '/tools/Xilinx/Vivado/2019.1/reportstrategies/VRI2019.psg' discarded because strategy with same name already parsed from '/tools/Xilinx/Vivado/2019.1/reportstrategies/VRI2019.psg'
WARNING: [Runs 36-546] Tool Report Strategy 'Timing Closure Reports' from file '/tools/Xilinx/Vivado/2019.1/reportstrategies/VRI2019.psg' discarded because strategy with same name already parsed from '/tools/Xilinx/Vivado/2019.1/reportstrategies/VRI2019.psg'
WARNING: [Runs 36-546] Tool Report Strategy 'No Reports' from file '/tools/Xilinx/Vivado/2019.1/reportstrategies/VRI2019.psg' discarded because strategy with same name already parsed from '/tools/Xilinx/Vivado/2019.1/reportstrategies/VRI2019.psg'
WARNING: [Runs 36-546] Tool Report Strategy 'Vivado Synthesis Default Reports' from file '/tools/Xilinx/Vivado/2019.1/reportstrategies/VRS2017.psg' discarded because strategy with same name already parsed from '/tools/Xilinx/Vivado/2019.1/reportstrategies/VRS2017.psg'
WARNING: [Runs 36-546] Tool Report Strategy 'No Reports' from file '/tools/Xilinx/Vivado/2019.1/reportstrategies/VRS2017.psg' discarded because strategy with same name already parsed from '/tools/Xilinx/Vivado/2019.1/reportstrategies/VRS2017.psg'
source /home/valmyrsilva07/virtex7/skarab-virtex7-toolflow/fpgs/ethernet_one_gbe_skarab_control/ethernet_one_gbe_skarab_axi/gogogo.tcl
# puts "Starting tcl script"
Starting tcl script
# create_project -f myproj /home/valmyrsilva07/virtex7/skarab-virtex7-toolflow/fpgs/ethernet_one_gbe_skarab_control/ethernet_one_gbe_skarab_axi/myproj -part xc7vx690tffg1927-2
# set_property target_language VHDL [current_project]
# import_files -force /home/valmyrsilva07/virtex7/skarab-virtex7-toolflow/fpgs/ethernet_one_gbe_skarab_control/ethernet_one_gbe_skarab_axi/top.v
# import_files -force /home/valmyrsilva07/teste12345/mlib_devel/jasper_library/hdl_sources/wb_register_ppc2simulink
# import_files -force /home/valmyrsilva07/teste12345/mlib_devel/jasper_library/hdl_sources/wb_register_simulink2ppc
# import_files -force /home/valmyrsilva07/teste12345/mlib_devel/jasper_library/hdl_sources/wb_bram
# import_files -force /home/valmyrsilva07/teste12345/mlib_devel/jasper_library/hdl_sources/skarab_one_gbe/SKA_10GBE_MAC
# import_files -force /home/valmyrsilva07/teste12345/mlib_devel/jasper_library/hdl_sources/skarab_one_gbe/xaui_to_gmii_fifo/xaui_to_gmii_fifo.xci
INFO: [IP_Flow 19-234] Refreshing IP repositories
INFO: [IP_Flow 19-1704] No user IP repositories specified
INFO: [IP_Flow 19-2313] Loaded Vivado IP repository '/tools/Xilinx/Vivado/2019.1/data/ip'.
WARNING: [IP_Flow 19-2162] IP 'xaui_to_gmii_fifo' is locked:
* IP 'xaui_to_gmii_fifo' is configured as a user-managed IP. In this mode it is the user's responsibility to manage all IP files. * IP definition 'FIFO Generator (13.1)' for IP 'xaui_to_gmii_fifo' (customized with software release 2016.2) has a newer minor version in the IP Catalog. * IP definition 'FIFO Generator (13.1)' for IP 'xaui_to_gmii_fifo' (customized with software release 2016.2) has a different revision in the IP Catalog.
# import_files -force /home/valmyrsilva07/teste12345/mlib_devel/jasper_library/hdl_sources/skarab_one_gbe/gmii_to_xaui_fifo/gmii_to_xaui_fifo.xci
WARNING: [IP_Flow 19-2162] IP 'gmii_to_xaui_fifo' is locked:
* IP 'gmii_to_xaui_fifo' is configured as a user-managed IP. In this mode it is the user's responsibility to manage all IP files. * IP definition 'FIFO Generator (13.1)' for IP 'gmii_to_xaui_fifo' (customized with software release 2016.2) has a newer minor version in the IP Catalog. * IP definition 'FIFO Generator (13.1)' for IP 'gmii_to_xaui_fifo' (customized with software release 2016.2) has a different revision in the IP Catalog.
# import_files -force /home/valmyrsilva07/teste12345/mlib_devel/jasper_library/hdl_sources/skarab_one_gbe/gmii_to_sgmii/gmii_to_sgmii.xci
# import_files -force /home/valmyrsilva07/teste12345/mlib_devel/jasper_library/hdl_sources/skarab_one_gbe/one_gbe.vhd
# import_files -force /home/valmyrsilva07/teste12345/mlib_devel/jasper_library/hdl_sources/skarab_one_gbe/xaui_to_gmii_translator.vhd
# import_files -force /home/valmyrsilva07/teste12345/mlib_devel/jasper_library/hdl_sources/skarab_one_gbe/gmii_to_xaui_translator.vhd
# import_files -force /home/valmyrsilva07/teste12345/mlib_devel/jasper_library/hdl_sources/skarab_one_gbe/tx_fifo_ext/tx_fifo_ext.xci
# import_files -force /home/valmyrsilva07/teste12345/mlib_devel/jasper_library/hdl_sources/skarab_one_gbe/tx_data_fifo_ext/tx_data_fifo_ext.xci
# import_files -force /home/valmyrsilva07/teste12345/mlib_devel/jasper_library/hdl_sources/skarab_one_gbe/cpu_buffer/cpu_buffer.xci
# import_files -force /home/valmyrsilva07/teste12345/mlib_devel/jasper_library/hdl_sources/skarab_one_gbe/tx_packet_fifo/tx_packet_fifo.xci
WARNING: [IP_Flow 19-3664] IP 'tx_packet_fifo' generated file not found '/home/valmyrsilva07/teste12345/mlib_devel/jasper_library/hdl_sources/skarab_one_gbe/tx_packet_fifo/simulation/fifo_generator_vlog_beh.v'. Please regenerate to continue.
WARNING: [IP_Flow 19-3664] IP 'tx_packet_fifo' generated file not found '/home/valmyrsilva07/teste12345/mlib_devel/jasper_library/hdl_sources/skarab_one_gbe/tx_packet_fifo/sim/tx_packet_fifo.v'. Please regenerate to continue.
WARNING: [IP_Flow 19-3664] IP 'tx_packet_fifo' generated file not found '/home/valmyrsilva07/teste12345/mlib_devel/jasper_library/hdl_sources/skarab_one_gbe/tx_packet_fifo/doc/fifo_generator_v13_2_changelog.txt'. Please regenerate to continue.
CRITICAL WARNING: [IP_Flow 19-4299] Failed to copy '/home/valmyrsilva07/teste12345/mlib_devel/jasper_library/hdl_sources/skarab_one_gbe/tx_packet_fifo/doc/fifo_generator_v13_2_changelog.txt' to '/home/valmyrsilva07/virtex7/skarab-virtex7-toolflow/fpgs/ethernet_one_gbe_skarab_control/ethernet_one_gbe_skarab_axi/myproj/myproj.srcs/sources_1/ip/tx_packet_fifo/doc/fifo_generator_v13_2_changelog.txt'
CRITICAL WARNING: [IP_Flow 19-4299] Failed to copy '/home/valmyrsilva07/teste12345/mlib_devel/jasper_library/hdl_sources/skarab_one_gbe/tx_packet_fifo/simulation/fifo_generator_vlog_beh.v' to '/home/valmyrsilva07/virtex7/skarab-virtex7-toolflow/fpgs/ethernet_one_gbe_skarab_control/ethernet_one_gbe_skarab_axi/myproj/myproj.srcs/sources_1/ip/tx_packet_fifo/simulation/fifo_generator_vlog_beh.v'
CRITICAL WARNING: [IP_Flow 19-4299] Failed to copy '/home/valmyrsilva07/teste12345/mlib_devel/jasper_library/hdl_sources/skarab_one_gbe/tx_packet_fifo/sim/tx_packet_fifo.v' to '/home/valmyrsilva07/virtex7/skarab-virtex7-toolflow/fpgs/ethernet_one_gbe_skarab_control/ethernet_one_gbe_skarab_axi/myproj/myproj.srcs/sources_1/ip/tx_packet_fifo/sim/tx_packet_fifo.v'
# import_files -force /home/valmyrsilva07/teste12345/mlib_devel/jasper_library/hdl_sources/skarab_one_gbe/tx_packet_ctrl_fifo/tx_packet_ctrl_fifo.xci
WARNING: [IP_Flow 19-3664] IP 'tx_packet_ctrl_fifo' generated file not found '/home/valmyrsilva07/teste12345/mlib_devel/jasper_library/hdl_sources/skarab_one_gbe/tx_packet_ctrl_fifo/simulation/fifo_generator_vlog_beh.v'. Please regenerate to continue.
WARNING: [IP_Flow 19-3664] IP 'tx_packet_ctrl_fifo' generated file not found '/home/valmyrsilva07/teste12345/mlib_devel/jasper_library/hdl_sources/skarab_one_gbe/tx_packet_ctrl_fifo/sim/tx_packet_ctrl_fifo.v'. Please regenerate to continue.
WARNING: [IP_Flow 19-3664] IP 'tx_packet_ctrl_fifo' generated file not found '/home/valmyrsilva07/teste12345/mlib_devel/jasper_library/hdl_sources/skarab_one_gbe/tx_packet_ctrl_fifo/doc/fifo_generator_v13_2_changelog.txt'. Please regenerate to continue.
CRITICAL WARNING: [IP_Flow 19-4299] Failed to copy '/home/valmyrsilva07/teste12345/mlib_devel/jasper_library/hdl_sources/skarab_one_gbe/tx_packet_ctrl_fifo/doc/fifo_generator_v13_2_changelog.txt' to '/home/valmyrsilva07/virtex7/skarab-virtex7-toolflow/fpgs/ethernet_one_gbe_skarab_control/ethernet_one_gbe_skarab_axi/myproj/myproj.srcs/sources_1/ip/tx_packet_ctrl_fifo/doc/fifo_generator_v13_2_changelog.txt'
CRITICAL WARNING: [IP_Flow 19-4299] Failed to copy '/home/valmyrsilva07/teste12345/mlib_devel/jasper_library/hdl_sources/skarab_one_gbe/tx_packet_ctrl_fifo/simulation/fifo_generator_vlog_beh.v' to '/home/valmyrsilva07/virtex7/skarab-virtex7-toolflow/fpgs/ethernet_one_gbe_skarab_control/ethernet_one_gbe_skarab_axi/myproj/myproj.srcs/sources_1/ip/tx_packet_ctrl_fifo/simulation/fifo_generator_vlog_beh.v'
CRITICAL WARNING: [IP_Flow 19-4299] Failed to copy '/home/valmyrsilva07/teste12345/mlib_devel/jasper_library/hdl_sources/skarab_one_gbe/tx_packet_ctrl_fifo/sim/tx_packet_ctrl_fifo.v' to '/home/valmyrsilva07/virtex7/skarab-virtex7-toolflow/fpgs/ethernet_one_gbe_skarab_control/ethernet_one_gbe_skarab_axi/myproj/myproj.srcs/sources_1/ip/tx_packet_ctrl_fifo/sim/tx_packet_ctrl_fifo.v'
# import_files -force /home/valmyrsilva07/teste12345/mlib_devel/jasper_library/hdl_sources/skarab_one_gbe/rx_packet_fifo_bram/rx_packet_fifo_bram.xci
WARNING: [IP_Flow 19-3664] IP 'rx_packet_fifo_bram' generated file not found '/home/valmyrsilva07/teste12345/mlib_devel/jasper_library/hdl_sources/skarab_one_gbe/rx_packet_fifo_bram/simulation/fifo_generator_vlog_beh.v'. Please regenerate to continue.
WARNING: [IP_Flow 19-3664] IP 'rx_packet_fifo_bram' generated file not found '/home/valmyrsilva07/teste12345/mlib_devel/jasper_library/hdl_sources/skarab_one_gbe/rx_packet_fifo_bram/sim/rx_packet_fifo_bram.v'. Please regenerate to continue.
WARNING: [IP_Flow 19-3664] IP 'rx_packet_fifo_bram' generated file not found '/home/valmyrsilva07/teste12345/mlib_devel/jasper_library/hdl_sources/skarab_one_gbe/rx_packet_fifo_bram/doc/fifo_generator_v13_2_changelog.txt'. Please regenerate to continue.
CRITICAL WARNING: [IP_Flow 19-4299] Failed to copy '/home/valmyrsilva07/teste12345/mlib_devel/jasper_library/hdl_sources/skarab_one_gbe/rx_packet_fifo_bram/doc/fifo_generator_v13_2_changelog.txt' to '/home/valmyrsilva07/virtex7/skarab-virtex7-toolflow/fpgs/ethernet_one_gbe_skarab_control/ethernet_one_gbe_skarab_axi/myproj/myproj.srcs/sources_1/ip/rx_packet_fifo_bram/doc/fifo_generator_v13_2_changelog.txt'
CRITICAL WARNING: [IP_Flow 19-4299] Failed to copy '/home/valmyrsilva07/teste12345/mlib_devel/jasper_library/hdl_sources/skarab_one_gbe/rx_packet_fifo_bram/simulation/fifo_generator_vlog_beh.v' to '/home/valmyrsilva07/virtex7/skarab-virtex7-toolflow/fpgs/ethernet_one_gbe_skarab_control/ethernet_one_gbe_skarab_axi/myproj/myproj.srcs/sources_1/ip/rx_packet_fifo_bram/simulation/fifo_generator_vlog_beh.v'
CRITICAL WARNING: [IP_Flow 19-4299] Failed to copy '/home/valmyrsilva07/teste12345/mlib_devel/jasper_library/hdl_sources/skarab_one_gbe/rx_packet_fifo_bram/sim/rx_packet_fifo_bram.v' to '/home/valmyrsilva07/virtex7/skarab-virtex7-toolflow/fpgs/ethernet_one_gbe_skarab_control/ethernet_one_gbe_skarab_axi/myproj/myproj.srcs/sources_1/ip/rx_packet_fifo_bram/sim/rx_packet_fifo_bram.v'
# import_files -force /home/valmyrsilva07/teste12345/mlib_devel/jasper_library/hdl_sources/skarab_one_gbe/rx_packet_ctrl_fifo/rx_packet_ctrl_fifo.xci
WARNING: [IP_Flow 19-3664] IP 'rx_packet_ctrl_fifo' generated file not found '/home/valmyrsilva07/teste12345/mlib_devel/jasper_library/hdl_sources/skarab_one_gbe/rx_packet_ctrl_fifo/simulation/fifo_generator_vlog_beh.v'. Please regenerate to continue.
WARNING: [IP_Flow 19-3664] IP 'rx_packet_ctrl_fifo' generated file not found '/home/valmyrsilva07/teste12345/mlib_devel/jasper_library/hdl_sources/skarab_one_gbe/rx_packet_ctrl_fifo/sim/rx_packet_ctrl_fifo.v'. Please regenerate to continue.
WARNING: [IP_Flow 19-3664] IP 'rx_packet_ctrl_fifo' generated file not found '/home/valmyrsilva07/teste12345/mlib_devel/jasper_library/hdl_sources/skarab_one_gbe/rx_packet_ctrl_fifo/doc/fifo_generator_v13_2_changelog.txt'. Please regenerate to continue.
CRITICAL WARNING: [IP_Flow 19-4299] Failed to copy '/home/valmyrsilva07/teste12345/mlib_devel/jasper_library/hdl_sources/skarab_one_gbe/rx_packet_ctrl_fifo/doc/fifo_generator_v13_2_changelog.txt' to '/home/valmyrsilva07/virtex7/skarab-virtex7-toolflow/fpgs/ethernet_one_gbe_skarab_control/ethernet_one_gbe_skarab_axi/myproj/myproj.srcs/sources_1/ip/rx_packet_ctrl_fifo/doc/fifo_generator_v13_2_changelog.txt'
CRITICAL WARNING: [IP_Flow 19-4299] Failed to copy '/home/valmyrsilva07/teste12345/mlib_devel/jasper_library/hdl_sources/skarab_one_gbe/rx_packet_ctrl_fifo/simulation/fifo_generator_vlog_beh.v' to '/home/valmyrsilva07/virtex7/skarab-virtex7-toolflow/fpgs/ethernet_one_gbe_skarab_control/ethernet_one_gbe_skarab_axi/myproj/myproj.srcs/sources_1/ip/rx_packet_ctrl_fifo/simulation/fifo_generator_vlog_beh.v'
CRITICAL WARNING: [IP_Flow 19-4299] Failed to copy '/home/valmyrsilva07/teste12345/mlib_devel/jasper_library/hdl_sources/skarab_one_gbe/rx_packet_ctrl_fifo/sim/rx_packet_ctrl_fifo.v' to '/home/valmyrsilva07/virtex7/skarab-virtex7-toolflow/fpgs/ethernet_one_gbe_skarab_control/ethernet_one_gbe_skarab_axi/myproj/myproj.srcs/sources_1/ip/rx_packet_ctrl_fifo/sim/rx_packet_ctrl_fifo.v'
# import_files -force /home/valmyrsilva07/teste12345/mlib_devel/jasper_library/hdl_sources/skarab_one_gbe/packet_byte_count_fifo/packet_byte_count_fifo.xci
WARNING: [IP_Flow 19-2162] IP 'packet_byte_count_fifo' is locked:
* IP 'packet_byte_count_fifo' is configured as a user-managed IP. In this mode it is the user's responsibility to manage all IP files. * IP definition 'FIFO Generator (13.1)' for IP 'packet_byte_count_fifo' (customized with software release 2016.2) has a newer minor version in the IP Catalog. * IP definition 'FIFO Generator (13.1)' for IP 'packet_byte_count_fifo' (customized with software release 2016.2) has a different revision in the IP Catalog.
# import_files -force /home/valmyrsilva07/teste12345/mlib_devel/jasper_library/hdl_sources/skarab_infr/skarab_infr.vhd
# import_files -force /home/valmyrsilva07/teste12345/mlib_devel/jasper_library/hdl_sources/wbs_arbiter/timeout.v
# import_files -force /home/valmyrsilva07/teste12345/mlib_devel/jasper_library/hdl_sources/wbs_arbiter/wbs_arbiter.v
# import_files -force /home/valmyrsilva07/teste12345/mlib_devel/jasper_library/hdl_sources/skarab_infr/WISHBONE
# import_files -force /home/valmyrsilva07/teste12345/mlib_devel/jasper_library/hdl_sources/skarab_infr/cont_microblaze/cont_microblaze.bd
WARNING: [BD 41-1661] One or more IPs have been locked in the design 'cont_microblaze.bd'. Please run report_ip_status for more details and recommendations on how to fix this issue.
List of locked IPs:
cont_microblaze_axi_slave_wishbone_classic_master_0_0

WARNING: [IP_Flow 19-2162] IP 'cont_microblaze_axi_slave_wishbone_classic_master_0_0' is locked:
* IP definition 'axi_slave_wishbone_classic_master (1.0)' for IP 'cont_microblaze_axi_slave_wishbone_classic_master_0_0' (customized with software release 2019.1.1) was not found in the IP Catalog.
# import_files -force /home/valmyrsilva07/teste12345/mlib_devel/jasper_library/hdl_sources/skarab_infr/cont_microblaze/hdl/cont_microblaze_wrapper.vhd
# import_files -force /home/valmyrsilva07/teste12345/mlib_devel/jasper_library/hdl_sources/skarab_infr/cont_microblaze/EMB123701U1R1.elf
# import_files -force /home/valmyrsilva07/teste12345/mlib_devel/jasper_library/hdl_sources/skarab_infr/xadc_measurement/xadc_measurement.xci
WARNING: [IP_Flow 19-3664] IP 'xadc_measurement' generated file not found '/home/valmyrsilva07/teste12345/mlib_devel/jasper_library/hdl_sources/skarab_infr/xadc_measurement/design.txt'. Please regenerate to continue.
WARNING: [IP_Flow 19-3664] IP 'xadc_measurement' generated file not found '/home/valmyrsilva07/teste12345/mlib_devel/jasper_library/hdl_sources/skarab_infr/xadc_measurement/xadc_measurement/simulation/timing/design.txt'. Please regenerate to continue.
WARNING: [IP_Flow 19-3664] IP 'xadc_measurement' generated file not found '/home/valmyrsilva07/teste12345/mlib_devel/jasper_library/hdl_sources/skarab_infr/xadc_measurement/doc/xadc_wiz_v3_3_changelog.txt'. Please regenerate to continue.
CRITICAL WARNING: [IP_Flow 19-4299] Failed to copy '/home/valmyrsilva07/teste12345/mlib_devel/jasper_library/hdl_sources/skarab_infr/xadc_measurement/doc/xadc_wiz_v3_3_changelog.txt' to '/home/valmyrsilva07/virtex7/skarab-virtex7-toolflow/fpgs/ethernet_one_gbe_skarab_control/ethernet_one_gbe_skarab_axi/myproj/myproj.srcs/sources_1/ip/xadc_measurement/doc/xadc_wiz_v3_3_changelog.txt'
CRITICAL WARNING: [IP_Flow 19-4299] Failed to copy '/home/valmyrsilva07/teste12345/mlib_devel/jasper_library/hdl_sources/skarab_infr/xadc_measurement/design.txt' to '/home/valmyrsilva07/virtex7/skarab-virtex7-toolflow/fpgs/ethernet_one_gbe_skarab_control/ethernet_one_gbe_skarab_axi/myproj/myproj.srcs/sources_1/ip/xadc_measurement/design.txt'
CRITICAL WARNING: [IP_Flow 19-4299] Failed to copy '/home/valmyrsilva07/teste12345/mlib_devel/jasper_library/hdl_sources/skarab_infr/xadc_measurement/xadc_measurement/simulation/timing/design.txt' to '/home/valmyrsilva07/virtex7/skarab-virtex7-toolflow/fpgs/ethernet_one_gbe_skarab_control/ethernet_one_gbe_skarab_axi/myproj/myproj.srcs/sources_1/ip/xadc_measurement/xadc_measurement/simulation/timing/design.txt'
# import_files -force /home/valmyrsilva07/teste12345/mlib_devel/jasper_library/hdl_sources/skarab_infr/counter.v
# import_files -force /home/valmyrsilva07/teste12345/mlib_devel/jasper_library/hdl_sources/skarab_infr/rate_counter.v
# import_files -force /home/valmyrsilva07/teste12345/mlib_devel/jasper_library/hdl_sources/skarab_infr/strobe_gen.vhd
# import_files -force /home/valmyrsilva07/teste12345/mlib_devel/jasper_library/hdl_sources/skarab_infr/i2c_master_byte_ctrl.vhd
# import_files -force /home/valmyrsilva07/teste12345/mlib_devel/jasper_library/hdl_sources/skarab_infr/skarab_parameters.vhd
# import_files -force /home/valmyrsilva07/teste12345/mlib_devel/jasper_library/hdl_sources/skarab_infr/mezzanine_enable_delay.vhd
# import_files -force /home/valmyrsilva07/teste12345/mlib_devel/jasper_library/hdl_sources/skarab_infr/isp_spi_programmer.vhd
# import_files -force /home/valmyrsilva07/teste12345/mlib_devel/jasper_library/hdl_sources/skarab_infr/clock_frequency_measure.vhd
# import_files -force /home/valmyrsilva07/teste12345/mlib_devel/jasper_library/hdl_sources/skarab_infr/led_manager.vhd
# import_files -force /home/valmyrsilva07/teste12345/mlib_devel/jasper_library/hdl_sources/skarab_infr/i2c_master_top.vhd
# import_files -force /home/valmyrsilva07/teste12345/mlib_devel/jasper_library/hdl_sources/skarab_infr/i2c_master_bit_ctrl.vhd
# import_files -force /home/valmyrsilva07/teste12345/mlib_devel/jasper_library/hdl_sources/skarab_infr/second_gen.vhd
# import_files -force /home/valmyrsilva07/teste12345/mlib_devel/jasper_library/hdl_sources/skarab_infr/icape_controller.vhd
# import_files -force /home/valmyrsilva07/teste12345/mlib_devel/jasper_library/hdl_sources/skarab_infr/FPGA_DNA_CHECKER.vhd
# import_files -force /home/valmyrsilva07/teste12345/mlib_devel/jasper_library/hdl_sources/skarab_infr/sockit_owm.sv
# import_files -force /home/valmyrsilva07/teste12345/mlib_devel/jasper_library/hdl_sources/skarab_infr/cross_clock_fifo_36x16/cross_clock_fifo_36x16.xci
WARNING: [IP_Flow 19-3664] IP 'cross_clock_fifo_36x16' generated file not found '/home/valmyrsilva07/teste12345/mlib_devel/jasper_library/hdl_sources/skarab_infr/cross_clock_fifo_36x16/simulation/fifo_generator_vlog_beh.v'. Please regenerate to continue.
WARNING: [IP_Flow 19-3664] IP 'cross_clock_fifo_36x16' generated file not found '/home/valmyrsilva07/teste12345/mlib_devel/jasper_library/hdl_sources/skarab_infr/cross_clock_fifo_36x16/sim/cross_clock_fifo_36x16.v'. Please regenerate to continue.
WARNING: [IP_Flow 19-3664] IP 'cross_clock_fifo_36x16' generated file not found '/home/valmyrsilva07/teste12345/mlib_devel/jasper_library/hdl_sources/skarab_infr/cross_clock_fifo_36x16/doc/fifo_generator_v13_2_changelog.txt'. Please regenerate to continue.
CRITICAL WARNING: [IP_Flow 19-4299] Failed to copy '/home/valmyrsilva07/teste12345/mlib_devel/jasper_library/hdl_sources/skarab_infr/cross_clock_fifo_36x16/doc/fifo_generator_v13_2_changelog.txt' to '/home/valmyrsilva07/virtex7/skarab-virtex7-toolflow/fpgs/ethernet_one_gbe_skarab_control/ethernet_one_gbe_skarab_axi/myproj/myproj.srcs/sources_1/ip/cross_clock_fifo_36x16/doc/fifo_generator_v13_2_changelog.txt'
CRITICAL WARNING: [IP_Flow 19-4299] Failed to copy '/home/valmyrsilva07/teste12345/mlib_devel/jasper_library/hdl_sources/skarab_infr/cross_clock_fifo_36x16/simulation/fifo_generator_vlog_beh.v' to '/home/valmyrsilva07/virtex7/skarab-virtex7-toolflow/fpgs/ethernet_one_gbe_skarab_control/ethernet_one_gbe_skarab_axi/myproj/myproj.srcs/sources_1/ip/cross_clock_fifo_36x16/simulation/fifo_generator_vlog_beh.v'
CRITICAL WARNING: [IP_Flow 19-4299] Failed to copy '/home/valmyrsilva07/teste12345/mlib_devel/jasper_library/hdl_sources/skarab_infr/cross_clock_fifo_36x16/sim/cross_clock_fifo_36x16.v' to '/home/valmyrsilva07/virtex7/skarab-virtex7-toolflow/fpgs/ethernet_one_gbe_skarab_control/ethernet_one_gbe_skarab_axi/myproj/myproj.srcs/sources_1/ip/cross_clock_fifo_36x16/sim/cross_clock_fifo_36x16.v'
# import_files -force /home/valmyrsilva07/teste12345/mlib_devel/jasper_library/hdl_sources/skarab_infr/cross_clock_fifo_wb_out_73x16/cross_clock_fifo_wb_out_73x16.xci
# import_files -force /home/valmyrsilva07/teste12345/mlib_devel/jasper_library/hdl_sources/skarab_infr/common_clock_fifo_32x16/common_clock_fifo_32x16.xci
# import_files -force /home/valmyrsilva07/teste12345/mlib_devel/jasper_library/hdl_sources/forty_gbe/ska_cpu_buffer/ska_cpu_buffer.xci
# import_files -force /home/valmyrsilva07/teste12345/mlib_devel/jasper_library/hdl_sources/forty_gbe/arp_cache/arp_cache.xci
# import_files -force /home/valmyrsilva07/teste12345/mlib_devel/jasper_library/hdl_sources/forty_gbe/arp_cache/arp_cache.coe
# import_files -force /home/valmyrsilva07/teste12345/mlib_devel/jasper_library/hdl_sources/skarab_infr/isp_spi_buffer/isp_spi_buffer.xci
# import_files -force /home/valmyrsilva07/teste12345/mlib_devel/jasper_library/hdl_sources/sys_block
# import_files -force /home/valmyrsilva07/virtex7/skarab-virtex7-toolflow/fpgs/ethernet_one_gbe_skarab_control/ethernet_one_gbe_skarab_axi/sysgen/hdl_netlist/ethernet_one_gbe_skarab_axi.srcs/sources_1/imports/sysgen
# import_files -force /home/valmyrsilva07/virtex7/skarab-virtex7-toolflow/fpgs/ethernet_one_gbe_skarab_control/ethernet_one_gbe_skarab_axi/sysgen/hdl_netlist/ethernet_one_gbe_skarab_axi.srcs/sources_1/ip/ethernet_one_gbe_skarab_axi_c_counter_binary_v12_0_i1/ethernet_one_gbe_skarab_axi_c_counter_binary_v12_0_i1.xci
# import_files -force /home/valmyrsilva07/virtex7/skarab-virtex7-toolflow/fpgs/ethernet_one_gbe_skarab_control/ethernet_one_gbe_skarab_axi/sysgen/hdl_netlist/ethernet_one_gbe_skarab_axi.srcs/sources_1/ip/ethernet_one_gbe_skarab_axi_c_addsub_v12_0_i0/ethernet_one_gbe_skarab_axi_c_addsub_v12_0_i0.xci
# import_files -force /home/valmyrsilva07/virtex7/skarab-virtex7-toolflow/fpgs/ethernet_one_gbe_skarab_control/ethernet_one_gbe_skarab_axi/sysgen/hdl_netlist/ethernet_one_gbe_skarab_axi.srcs/sources_1/ip/ethernet_one_gbe_skarab_axi_c_counter_binary_v12_0_i3/ethernet_one_gbe_skarab_axi_c_counter_binary_v12_0_i3.xci
# import_files -force /home/valmyrsilva07/virtex7/skarab-virtex7-toolflow/fpgs/ethernet_one_gbe_skarab_control/ethernet_one_gbe_skarab_axi/sysgen/hdl_netlist/ethernet_one_gbe_skarab_axi.srcs/sources_1/ip/ethernet_one_gbe_skarab_axi_c_counter_binary_v12_0_i4/ethernet_one_gbe_skarab_axi_c_counter_binary_v12_0_i4.xci
# import_files -force /home/valmyrsilva07/virtex7/skarab-virtex7-toolflow/fpgs/ethernet_one_gbe_skarab_control/ethernet_one_gbe_skarab_axi/sysgen/hdl_netlist/ethernet_one_gbe_skarab_axi.srcs/sources_1/ip/ethernet_one_gbe_skarab_axi_c_counter_binary_v12_0_i2/ethernet_one_gbe_skarab_axi_c_counter_binary_v12_0_i2.xci
# import_files -force /home/valmyrsilva07/virtex7/skarab-virtex7-toolflow/fpgs/ethernet_one_gbe_skarab_control/ethernet_one_gbe_skarab_axi/sysgen/hdl_netlist/ethernet_one_gbe_skarab_axi.srcs/sources_1/ip/ethernet_one_gbe_skarab_axi_c_counter_binary_v12_0_i0/ethernet_one_gbe_skarab_axi_c_counter_binary_v12_0_i0.xci
# import_files -force /home/valmyrsilva07/virtex7/skarab-virtex7-toolflow/fpgs/ethernet_one_gbe_skarab_control/ethernet_one_gbe_skarab_axi/wbs_master_arbiter.v
# import_files -force -fileset constrs_1 /home/valmyrsilva07/virtex7/skarab-virtex7-toolflow/fpgs/ethernet_one_gbe_skarab_control/ethernet_one_gbe_skarab_axi/user_const.xdc
# set_property top top [current_fileset]
# update_compile_order -fileset sources_1
update_compile_order: Time (s): cpu = 00:00:14 ; elapsed = 00:00:10 . Memory (MB): peak = 1869.738 ; gain = 408.199 ; free physical = 13206 ; free virtual = 36192
# if {[llength [glob -nocomplain [get_property directory [current_project]]/myproj.srcs/sources_1/imports/*.coe]] > 0} {
# file copy -force {*}[glob [get_property directory [current_project]]/myproj.srcs/sources_1/imports/*.coe] [get_property directory [current_project]]/myproj.srcs/sources_1/ip/
# }
# set_property SCOPED_TO_REF cont_microblaze [get_files [get_property directory [current_project]]/myproj.srcs/sources_1/imports/cont_microblaze/EMB123701U1R1.elf]
# set_property SCOPED_TO_REF cont_microblaze [get_files [get_property directory [current_project]]/myproj.srcs/sources_1/bd/cont_microblaze/cont_microblaze.bmm]
# set_property SCOPED_TO_CELLS microblaze_0 [get_files [get_property directory [current_project]]/myproj.srcs/sources_1/imports/cont_microblaze/EMB123701U1R1.elf]
# import_files -force -fileset constrs_1 /home/valmyrsilva07/teste12345/mlib_devel/jasper_library/hdl_sources/skarab_infr/Constraints/soc_version.xdc
# set_property ip_repo_paths /home/valmyrsilva07/teste12345/mlib_devel/jasper_library/hdl_sources/skarab_infr/cont_microblaze/ipshared/peralex.com/ [current_project]
# update_compile_order -fileset sources_1
update_compile_order: Time (s): cpu = 00:00:14 ; elapsed = 00:00:10 . Memory (MB): peak = 1869.738 ; gain = 0.000 ; free physical = 13460 ; free virtual = 36416
# reset_run synth_1
# launch_runs synth_1 -jobs 32
INFO: [IP_Flow 19-1686] Generating 'Synthesis' target for IP 'ethernet_one_gbe_skarab_axi_c_counter_binary_v12_0_i4'...
INFO: [IP_Flow 19-1686] Generating 'Synthesis' target for IP 'ethernet_one_gbe_skarab_axi_c_counter_binary_v12_0_i3'...
INFO: [IP_Flow 19-1686] Generating 'Synthesis' target for IP 'ethernet_one_gbe_skarab_axi_c_counter_binary_v12_0_i2'...
INFO: [IP_Flow 19-1686] Generating 'Synthesis' target for IP 'ethernet_one_gbe_skarab_axi_c_counter_binary_v12_0_i1'...
INFO: [IP_Flow 19-1686] Generating 'Synthesis' target for IP 'ethernet_one_gbe_skarab_axi_c_counter_binary_v12_0_i0'...
INFO: [IP_Flow 19-1686] Generating 'Synthesis' target for IP 'ethernet_one_gbe_skarab_axi_c_addsub_v12_0_i0'...
INFO: [Vivado 12-4149] The synthesis checkpoint for IP '/home/valmyrsilva07/virtex7/skarab-virtex7-toolflow/fpgs/ethernet_one_gbe_skarab_control/ethernet_one_gbe_skarab_axi/myproj/myproj.srcs/sources_1/ip/cross_clock_fifo_wb_out_73x16/cross_clock_fifo_wb_out_73x16.xci' is already up-to-date
INFO: [Vivado 12-4149] The synthesis checkpoint for IP '/home/valmyrsilva07/virtex7/skarab-virtex7-toolflow/fpgs/ethernet_one_gbe_skarab_control/ethernet_one_gbe_skarab_axi/myproj/myproj.srcs/sources_1/ip/xadc_measurement/xadc_measurement.xci' is already up-to-date
INFO: [Vivado 12-4149] The synthesis checkpoint for IP '/home/valmyrsilva07/virtex7/skarab-virtex7-toolflow/fpgs/ethernet_one_gbe_skarab_control/ethernet_one_gbe_skarab_axi/myproj/myproj.srcs/sources_1/ip/isp_spi_buffer/isp_spi_buffer.xci' is already up-to-date
INFO: [Vivado 12-4149] The synthesis checkpoint for IP '/home/valmyrsilva07/virtex7/skarab-virtex7-toolflow/fpgs/ethernet_one_gbe_skarab_control/ethernet_one_gbe_skarab_axi/myproj/myproj.srcs/sources_1/ip/common_clock_fifo_32x16/common_clock_fifo_32x16.xci' is already up-to-date
INFO: [Vivado 12-4149] The synthesis checkpoint for IP '/home/valmyrsilva07/virtex7/skarab-virtex7-toolflow/fpgs/ethernet_one_gbe_skarab_control/ethernet_one_gbe_skarab_axi/myproj/myproj.srcs/sources_1/ip/gmii_to_sgmii/gmii_to_sgmii.xci' is already up-to-date
INFO: [Vivado 12-4149] The synthesis checkpoint for IP '/home/valmyrsilva07/virtex7/skarab-virtex7-toolflow/fpgs/ethernet_one_gbe_skarab_control/ethernet_one_gbe_skarab_axi/myproj/myproj.srcs/sources_1/ip/packet_byte_count_fifo/packet_byte_count_fifo.xci' is already up-to-date
INFO: [Vivado 12-4149] The synthesis checkpoint for IP '/home/valmyrsilva07/virtex7/skarab-virtex7-toolflow/fpgs/ethernet_one_gbe_skarab_control/ethernet_one_gbe_skarab_axi/myproj/myproj.srcs/sources_1/ip/gmii_to_xaui_fifo/gmii_to_xaui_fifo.xci' is already up-to-date
INFO: [Vivado 12-4149] The synthesis checkpoint for IP '/home/valmyrsilva07/virtex7/skarab-virtex7-toolflow/fpgs/ethernet_one_gbe_skarab_control/ethernet_one_gbe_skarab_axi/myproj/myproj.srcs/sources_1/ip/xaui_to_gmii_fifo/xaui_to_gmii_fifo.xci' is already up-to-date
INFO: [Vivado 12-4149] The synthesis checkpoint for IP '/home/valmyrsilva07/virtex7/skarab-virtex7-toolflow/fpgs/ethernet_one_gbe_skarab_control/ethernet_one_gbe_skarab_axi/myproj/myproj.srcs/sources_1/ip/rx_packet_fifo_bram/rx_packet_fifo_bram.xci' is already up-to-date
INFO: [Vivado 12-4149] The synthesis checkpoint for IP '/home/valmyrsilva07/virtex7/skarab-virtex7-toolflow/fpgs/ethernet_one_gbe_skarab_control/ethernet_one_gbe_skarab_axi/myproj/myproj.srcs/sources_1/ip/cpu_buffer/cpu_buffer.xci' is already up-to-date
INFO: [Vivado 12-4149] The synthesis checkpoint for IP '/home/valmyrsilva07/virtex7/skarab-virtex7-toolflow/fpgs/ethernet_one_gbe_skarab_control/ethernet_one_gbe_skarab_axi/myproj/myproj.srcs/sources_1/ip/rx_packet_ctrl_fifo/rx_packet_ctrl_fifo.xci' is already up-to-date
INFO: [Vivado 12-4149] The synthesis checkpoint for IP '/home/valmyrsilva07/virtex7/skarab-virtex7-toolflow/fpgs/ethernet_one_gbe_skarab_control/ethernet_one_gbe_skarab_axi/myproj/myproj.srcs/sources_1/ip/tx_fifo_ext/tx_fifo_ext.xci' is already up-to-date
INFO: [Vivado 12-4149] The synthesis checkpoint for IP '/home/valmyrsilva07/virtex7/skarab-virtex7-toolflow/fpgs/ethernet_one_gbe_skarab_control/ethernet_one_gbe_skarab_axi/myproj/myproj.srcs/sources_1/ip/tx_data_fifo_ext/tx_data_fifo_ext.xci' is already up-to-date
INFO: [IP_Flow 19-1686] Generating 'Synthesis' target for IP 'arp_cache'...
INFO: [Vivado 12-4149] The synthesis checkpoint for IP '/home/valmyrsilva07/virtex7/skarab-virtex7-toolflow/fpgs/ethernet_one_gbe_skarab_control/ethernet_one_gbe_skarab_axi/myproj/myproj.srcs/sources_1/ip/tx_packet_ctrl_fifo/tx_packet_ctrl_fifo.xci' is already up-to-date
INFO: [Vivado 12-4149] The synthesis checkpoint for IP '/home/valmyrsilva07/virtex7/skarab-virtex7-toolflow/fpgs/ethernet_one_gbe_skarab_control/ethernet_one_gbe_skarab_axi/myproj/myproj.srcs/sources_1/ip/tx_packet_fifo/tx_packet_fifo.xci' is already up-to-date
[Mon Aug 10 14:38:21 2026] Launched arp_cache_synth_1, ethernet_one_gbe_skarab_axi_c_counter_binary_v12_0_i1_synth_1, ethernet_one_gbe_skarab_axi_c_addsub_v12_0_i0_synth_1, ethernet_one_gbe_skarab_axi_c_counter_binary_v12_0_i3_synth_1, ethernet_one_gbe_skarab_axi_c_counter_binary_v12_0_i4_synth_1, ethernet_one_gbe_skarab_axi_c_counter_binary_v12_0_i2_synth_1, ethernet_one_gbe_skarab_axi_c_counter_binary_v12_0_i0_synth_1...
Run output will be captured here:
arp_cache_synth_1: /home/valmyrsilva07/virtex7/skarab-virtex7-toolflow/fpgs/ethernet_one_gbe_skarab_control/ethernet_one_gbe_skarab_axi/myproj/myproj.runs/arp_cache_synth_1/runme.log
ethernet_one_gbe_skarab_axi_c_counter_binary_v12_0_i1_synth_1: /home/valmyrsilva07/virtex7/skarab-virtex7-toolflow/fpgs/ethernet_one_gbe_skarab_control/ethernet_one_gbe_skarab_axi/myproj/myproj.runs/ethernet_one_gbe_skarab_axi_c_counter_binary_v12_0_i1_synth_1/runme.log
ethernet_one_gbe_skarab_axi_c_addsub_v12_0_i0_synth_1: /home/valmyrsilva07/virtex7/skarab-virtex7-toolflow/fpgs/ethernet_one_gbe_skarab_control/ethernet_one_gbe_skarab_axi/myproj/myproj.runs/ethernet_one_gbe_skarab_axi_c_addsub_v12_0_i0_synth_1/runme.log
ethernet_one_gbe_skarab_axi_c_counter_binary_v12_0_i3_synth_1: /home/valmyrsilva07/virtex7/skarab-virtex7-toolflow/fpgs/ethernet_one_gbe_skarab_control/ethernet_one_gbe_skarab_axi/myproj/myproj.runs/ethernet_one_gbe_skarab_axi_c_counter_binary_v12_0_i3_synth_1/runme.log
ethernet_one_gbe_skarab_axi_c_counter_binary_v12_0_i4_synth_1: /home/valmyrsilva07/virtex7/skarab-virtex7-toolflow/fpgs/ethernet_one_gbe_skarab_control/ethernet_one_gbe_skarab_axi/myproj/myproj.runs/ethernet_one_gbe_skarab_axi_c_counter_binary_v12_0_i4_synth_1/runme.log
ethernet_one_gbe_skarab_axi_c_counter_binary_v12_0_i2_synth_1: /home/valmyrsilva07/virtex7/skarab-virtex7-toolflow/fpgs/ethernet_one_gbe_skarab_control/ethernet_one_gbe_skarab_axi/myproj/myproj.runs/ethernet_one_gbe_skarab_axi_c_counter_binary_v12_0_i2_synth_1/runme.log
ethernet_one_gbe_skarab_axi_c_counter_binary_v12_0_i0_synth_1: /home/valmyrsilva07/virtex7/skarab-virtex7-toolflow/fpgs/ethernet_one_gbe_skarab_control/ethernet_one_gbe_skarab_axi/myproj/myproj.runs/ethernet_one_gbe_skarab_axi_c_counter_binary_v12_0_i0_synth_1/runme.log
[Mon Aug 10 14:38:21 2026] Launched synth_1...
Run output will be captured here: /home/valmyrsilva07/virtex7/skarab-virtex7-toolflow/fpgs/ethernet_one_gbe_skarab_control/ethernet_one_gbe_skarab_axi/myproj/myproj.runs/synth_1/runme.log
launch_runs: Time (s): cpu = 00:00:27 ; elapsed = 00:00:19 . Memory (MB): peak = 1935.656 ; gain = 65.918 ; free physical = 13761 ; free virtual = 36733
# wait_on_run synth_1
[Mon Aug 10 14:38:21 2026] Waiting for synth_1 to finish...

*** Running vivado
    with args -log top.vds -m64 -product Vivado -mode batch -messageDb vivado.pb -notrace -source top.tcl


****** Vivado v2019.1 (64-bit)
  **** SW Build 2552052 on Fri May 24 14:47:09 MDT 2019
  **** IP Build 2548770 on Fri May 24 18:01:18 MDT 2019
    ** Copyright 1986-2019 Xilinx, Inc. All Rights Reserved.

WARNING: [Runs 36-547] Tool Strategy 'Vivado Implementation Defaults' from file '/tools/Xilinx/Vivado/2019.1/strategies/VDI2015.psg' discarded because strategy with same name already parsed from '/tools/Xilinx/Vivado/2019.1/strategies/VDI2015.psg'
WARNING: [Runs 36-547] Tool Strategy 'Performance_Explore' from file '/tools/Xilinx/Vivado/2019.1/strategies/VDI2015.psg' discarded because strategy with same name already parsed from '/tools/Xilinx/Vivado/2019.1/strategies/VDI2015.psg'
WARNING: [Runs 36-547] Tool Strategy 'Performance_ExplorePostRoutePhysOpt' from file '/tools/Xilinx/Vivado/2019.1/strategies/VDI2015.psg' discarded because strategy with same name already parsed from '/tools/Xilinx/Vivado/2019.1/strategies/VDI2015.psg'
WARNING: [Runs 36-547] Tool Strategy 'Performance_RefinePlacement' from file '/tools/Xilinx/Vivado/2019.1/strategies/VDI2015.psg' discarded because strategy with same name already parsed from '/tools/Xilinx/Vivado/2019.1/strategies/VDI2015.psg'
WARNING: [Runs 36-547] Tool Strategy 'Performance_WLBlockPlacement' from file '/tools/Xilinx/Vivado/2019.1/strategies/VDI2015.psg' discarded because strategy with same name already parsed from '/tools/Xilinx/Vivado/2019.1/strategies/VDI2015.psg'
WARNING: [Runs 36-547] Tool Strategy 'Performance_WLBlockPlacementFanoutOpt' from file '/tools/Xilinx/Vivado/2019.1/strategies/VDI2015.psg' discarded because strategy with same name already parsed from '/tools/Xilinx/Vivado/2019.1/strategies/VDI2015.psg'
WARNING: [Runs 36-547] Tool Strategy 'Performance_NetDelay_high' from file '/tools/Xilinx/Vivado/2019.1/strategies/VDI2015.psg' discarded because strategy with same name already parsed from '/tools/Xilinx/Vivado/2019.1/strategies/VDI2015.psg'
WARNING: [Runs 36-547] Tool Strategy 'Performance_NetDelay_medium' from file '/tools/Xilinx/Vivado/2019.1/strategies/VDI2015.psg' discarded because strategy with same name already parsed from '/tools/Xilinx/Vivado/2019.1/strategies/VDI2015.psg'
WARNING: [Runs 36-547] Tool Strategy 'Performance_NetDelay_low' from file '/tools/Xilinx/Vivado/2019.1/strategies/VDI2015.psg' discarded because strategy with same name already parsed from '/tools/Xilinx/Vivado/2019.1/strategies/VDI2015.psg'
WARNING: [Runs 36-547] Tool Strategy 'Performance_ExploreSLLs' from file '/tools/Xilinx/Vivado/2019.1/strategies/VDI2015.psg' discarded because strategy with same name already parsed from '/tools/Xilinx/Vivado/2019.1/strategies/VDI2015.psg'
WARNING: [Runs 36-547] Tool Strategy 'Performance_Retiming' from file '/tools/Xilinx/Vivado/2019.1/strategies/VDI2015.psg' discarded because strategy with same name already parsed from '/tools/Xilinx/Vivado/2019.1/strategies/VDI2015.psg'
WARNING: [Runs 36-547] Tool Strategy 'Area_Explore' from file '/tools/Xilinx/Vivado/2019.1/strategies/VDI2015.psg' discarded because strategy with same name already parsed from '/tools/Xilinx/Vivado/2019.1/strategies/VDI2015.psg'
WARNING: [Runs 36-547] Tool Strategy 'Power_DefaultOpt' from file '/tools/Xilinx/Vivado/2019.1/strategies/VDI2015.psg' discarded because strategy with same name already parsed from '/tools/Xilinx/Vivado/2019.1/strategies/VDI2015.psg'
WARNING: [Runs 36-547] Tool Strategy 'Flow_RunPhysOpt' from file '/tools/Xilinx/Vivado/2019.1/strategies/VDI2015.psg' discarded because strategy with same name already parsed from '/tools/Xilinx/Vivado/2019.1/strategies/VDI2015.psg'
WARNING: [Runs 36-547] Tool Strategy 'Flow_RunPostRoutePhysOpt' from file '/tools/Xilinx/Vivado/2019.1/strategies/VDI2015.psg' discarded because strategy with same name already parsed from '/tools/Xilinx/Vivado/2019.1/strategies/VDI2015.psg'
WARNING: [Runs 36-547] Tool Strategy 'Flow_RuntimeOptimized' from file '/tools/Xilinx/Vivado/2019.1/strategies/VDI2015.psg' discarded because strategy with same name already parsed from '/tools/Xilinx/Vivado/2019.1/strategies/VDI2015.psg'
WARNING: [Runs 36-547] Tool Strategy 'Flow_Quick' from file '/tools/Xilinx/Vivado/2019.1/strategies/VDI2015.psg' discarded because strategy with same name already parsed from '/tools/Xilinx/Vivado/2019.1/strategies/VDI2015.psg'
WARNING: [Runs 36-547] Tool Strategy 'Congestion_SpreadLogic_high' from file '/tools/Xilinx/Vivado/2019.1/strategies/VDI2015.psg' discarded because strategy with same name already parsed from '/tools/Xilinx/Vivado/2019.1/strategies/VDI2015.psg'
WARNING: [Runs 36-547] Tool Strategy 'Congestion_SpreadLogic_medium' from file '/tools/Xilinx/Vivado/2019.1/strategies/VDI2015.psg' discarded because strategy with same name already parsed from '/tools/Xilinx/Vivado/2019.1/strategies/VDI2015.psg'
WARNING: [Runs 36-547] Tool Strategy 'Congestion_SpreadLogic_low' from file '/tools/Xilinx/Vivado/2019.1/strategies/VDI2015.psg' discarded because strategy with same name already parsed from '/tools/Xilinx/Vivado/2019.1/strategies/VDI2015.psg'
WARNING: [Runs 36-547] Tool Strategy 'Congestion_SpreadLogicSLLs' from file '/tools/Xilinx/Vivado/2019.1/strategies/VDI2015.psg' discarded because strategy with same name already parsed from '/tools/Xilinx/Vivado/2019.1/strategies/VDI2015.psg'
WARNING: [Runs 36-547] Tool Strategy 'Congestion_BalanceSLLs' from file '/tools/Xilinx/Vivado/2019.1/strategies/VDI2015.psg' discarded because strategy with same name already parsed from '/tools/Xilinx/Vivado/2019.1/strategies/VDI2015.psg'
WARNING: [Runs 36-547] Tool Strategy 'Congestion_BalanceSLRs' from file '/tools/Xilinx/Vivado/2019.1/strategies/VDI2015.psg' discarded because strategy with same name already parsed from '/tools/Xilinx/Vivado/2019.1/strategies/VDI2015.psg'
WARNING: [Runs 36-547] Tool Strategy 'Congestion_CompressSLRs' from file '/tools/Xilinx/Vivado/2019.1/strategies/VDI2015.psg' discarded because strategy with same name already parsed from '/tools/Xilinx/Vivado/2019.1/strategies/VDI2015.psg'
WARNING: [Runs 36-547] Tool Strategy 'Vivado Synthesis Defaults' from file '/tools/Xilinx/Vivado/2019.1/strategies/VDS2012.psg' discarded because strategy with same name already parsed from '/tools/Xilinx/Vivado/2019.1/strategies/VDS2012.psg'
WARNING: [Runs 36-547] Tool Strategy 'Vivado Implementation Defaults' from file '/tools/Xilinx/Vivado/2019.1/strategies/VDI2012.psg' discarded because strategy with same name already parsed from '/tools/Xilinx/Vivado/2019.1/strategies/VDI2012.psg'
WARNING: [Runs 36-547] Tool Strategy 'HighEffort' from file '/tools/Xilinx/Vivado/2019.1/strategies/VDI2012.psg' discarded because strategy with same name already parsed from '/tools/Xilinx/Vivado/2019.1/strategies/VDI2012.psg'
WARNING: [Runs 36-547] Tool Strategy 'HighEffortPhySynth' from file '/tools/Xilinx/Vivado/2019.1/strategies/VDI2012.psg' discarded because strategy with same name already parsed from '/tools/Xilinx/Vivado/2019.1/strategies/VDI2012.psg'
WARNING: [Runs 36-547] Tool Strategy 'LowEffort' from file '/tools/Xilinx/Vivado/2019.1/strategies/VDI2012.psg' discarded because strategy with same name already parsed from '/tools/Xilinx/Vivado/2019.1/strategies/VDI2012.psg'
WARNING: [Runs 36-547] Tool Strategy 'QuickEffort' from file '/tools/Xilinx/Vivado/2019.1/strategies/VDI2012.psg' discarded because strategy with same name already parsed from '/tools/Xilinx/Vivado/2019.1/strategies/VDI2012.psg'
WARNING: [Runs 36-547] Tool Strategy 'Vivado Synthesis Defaults' from file '/tools/Xilinx/Vivado/2019.1/strategies/VDS2014.psg' discarded because strategy with same name already parsed from '/tools/Xilinx/Vivado/2019.1/strategies/VDS2014.psg'
WARNING: [Runs 36-547] Tool Strategy 'Flow_RuntimeOptimized' from file '/tools/Xilinx/Vivado/2019.1/strategies/VDS2014.psg' discarded because strategy with same name already parsed from '/tools/Xilinx/Vivado/2019.1/strategies/VDS2014.psg'
WARNING: [Runs 36-547] Tool Strategy 'Flow_AreaOptimized_High' from file '/tools/Xilinx/Vivado/2019.1/strategies/VDS2014.psg' discarded because strategy with same name already parsed from '/tools/Xilinx/Vivado/2019.1/strategies/VDS2014.psg'
WARNING: [Runs 36-547] Tool Strategy 'Flow_PerfOptimized_High' from file '/tools/Xilinx/Vivado/2019.1/strategies/VDS2014.psg' discarded because strategy with same name already parsed from '/tools/Xilinx/Vivado/2019.1/strategies/VDS2014.psg'
WARNING: [Runs 36-547] Tool Strategy 'Vivado Synthesis Defaults' from file '/tools/Xilinx/Vivado/2019.1/strategies/VDS2018.psg' discarded because strategy with same name already parsed from '/tools/Xilinx/Vivado/2019.1/strategies/VDS2018.psg'
WARNING: [Runs 36-547] Tool Strategy 'Flow_AreaOptimized_high' from file '/tools/Xilinx/Vivado/2019.1/strategies/VDS2018.psg' discarded because strategy with same name already parsed from '/tools/Xilinx/Vivado/2019.1/strategies/VDS2018.psg'
WARNING: [Runs 36-547] Tool Strategy 'Flow_AreaOptimized_medium' from file '/tools/Xilinx/Vivado/2019.1/strategies/VDS2018.psg' discarded because strategy with same name already parsed from '/tools/Xilinx/Vivado/2019.1/strategies/VDS2018.psg'
WARNING: [Runs 36-547] Tool Strategy 'Flow_AreaMultThresholdDSP' from file '/tools/Xilinx/Vivado/2019.1/strategies/VDS2018.psg' discarded because strategy with same name already parsed from '/tools/Xilinx/Vivado/2019.1/strategies/VDS2018.psg'
WARNING: [Runs 36-547] Tool Strategy 'Flow_AlternateRoutability' from file '/tools/Xilinx/Vivado/2019.1/strategies/VDS2018.psg' discarded because strategy with same name already parsed from '/tools/Xilinx/Vivado/2019.1/strategies/VDS2018.psg'
WARNING: [Runs 36-547] Tool Strategy 'Flow_PerfOptimized_high' from file '/tools/Xilinx/Vivado/2019.1/strategies/VDS2018.psg' discarded because strategy with same name already parsed from '/tools/Xilinx/Vivado/2019.1/strategies/VDS2018.psg'
WARNING: [Runs 36-547] Tool Strategy 'Flow_PerfThresholdCarry' from file '/tools/Xilinx/Vivado/2019.1/strategies/VDS2018.psg' discarded because strategy with same name already parsed from '/tools/Xilinx/Vivado/2019.1/strategies/VDS2018.psg'
WARNING: [Runs 36-547] Tool Strategy 'Flow_RuntimeOptimized' from file '/tools/Xilinx/Vivado/2019.1/strategies/VDS2018.psg' discarded because strategy with same name already parsed from '/tools/Xilinx/Vivado/2019.1/strategies/VDS2018.psg'
WARNING: [Runs 36-547] Tool Strategy 'Vivado Synthesis Defaults' from file '/tools/Xilinx/Vivado/2019.1/strategies/VDS2017.psg' discarded because strategy with same name already parsed from '/tools/Xilinx/Vivado/2019.1/strategies/VDS2017.psg'
WARNING: [Runs 36-547] Tool Strategy 'Flow_AreaOptimized_high' from file '/tools/Xilinx/Vivado/2019.1/strategies/VDS2017.psg' discarded because strategy with same name already parsed from '/tools/Xilinx/Vivado/2019.1/strategies/VDS2017.psg'
WARNING: [Runs 36-547] Tool Strategy 'Flow_AreaOptimized_medium' from file '/tools/Xilinx/Vivado/2019.1/strategies/VDS2017.psg' discarded because strategy with same name already parsed from '/tools/Xilinx/Vivado/2019.1/strategies/VDS2017.psg'
WARNING: [Runs 36-547] Tool Strategy 'Flow_AreaMultThresholdDSP' from file '/tools/Xilinx/Vivado/2019.1/strategies/VDS2017.psg' discarded because strategy with same name already parsed from '/tools/Xilinx/Vivado/2019.1/strategies/VDS2017.psg'
WARNING: [Runs 36-547] Tool Strategy 'Flow_AlternateRoutability' from file '/tools/Xilinx/Vivado/2019.1/strategies/VDS2017.psg' discarded because strategy with same name already parsed from '/tools/Xilinx/Vivado/2019.1/strategies/VDS2017.psg'
WARNING: [Runs 36-547] Tool Strategy 'Flow_PerfOptimized_high' from file '/tools/Xilinx/Vivado/2019.1/strategies/VDS2017.psg' discarded because strategy with same name already parsed from '/tools/Xilinx/Vivado/2019.1/strategies/VDS2017.psg'
WARNING: [Runs 36-547] Tool Strategy 'Flow_PerfThresholdCarry' from file '/tools/Xilinx/Vivado/2019.1/strategies/VDS2017.psg' discarded because strategy with same name already parsed from '/tools/Xilinx/Vivado/2019.1/strategies/VDS2017.psg'
WARNING: [Runs 36-547] Tool Strategy 'Flow_RuntimeOptimized' from file '/tools/Xilinx/Vivado/2019.1/strategies/VDS2017.psg' discarded because strategy with same name already parsed from '/tools/Xilinx/Vivado/2019.1/strategies/VDS2017.psg'
WARNING: [Runs 36-547] Tool Strategy 'Vivado Synthesis Defaults' from file '/tools/Xilinx/Vivado/2019.1/strategies/VDS2013.psg' discarded because strategy with same name already parsed from '/tools/Xilinx/Vivado/2019.1/strategies/VDS2013.psg'
WARNING: [Runs 36-547] Tool Strategy 'Flow_RuntimeOptimized' from file '/tools/Xilinx/Vivado/2019.1/strategies/VDS2013.psg' discarded because strategy with same name already parsed from '/tools/Xilinx/Vivado/2019.1/strategies/VDS2013.psg'
WARNING: [Runs 36-547] Tool Strategy 'Vivado Implementation Defaults' from file '/tools/Xilinx/Vivado/2019.1/strategies/VDI2017.psg' discarded because strategy with same name already parsed from '/tools/Xilinx/Vivado/2019.1/strategies/VDI2017.psg'
WARNING: [Runs 36-547] Tool Strategy 'Performance_Explore' from file '/tools/Xilinx/Vivado/2019.1/strategies/VDI2017.psg' discarded because strategy with same name already parsed from '/tools/Xilinx/Vivado/2019.1/strategies/VDI2017.psg'
WARNING: [Runs 36-547] Tool Strategy 'Performance_ExplorePostRoutePhysOpt' from file '/tools/Xilinx/Vivado/2019.1/strategies/VDI2017.psg' discarded because strategy with same name already parsed from '/tools/Xilinx/Vivado/2019.1/strategies/VDI2017.psg'
WARNING: [Runs 36-547] Tool Strategy 'Performance_WLBlockPlacement' from file '/tools/Xilinx/Vivado/2019.1/strategies/VDI2017.psg' discarded because strategy with same name already parsed from '/tools/Xilinx/Vivado/2019.1/strategies/VDI2017.psg'
WARNING: [Runs 36-547] Tool Strategy 'Performance_WLBlockPlacementFanoutOpt' from file '/tools/Xilinx/Vivado/2019.1/strategies/VDI2017.psg' discarded because strategy with same name already parsed from '/tools/Xilinx/Vivado/2019.1/strategies/VDI2017.psg'
WARNING: [Runs 36-547] Tool Strategy 'Performance_EarlyBlockPlacement' from file '/tools/Xilinx/Vivado/2019.1/strategies/VDI2017.psg' discarded because strategy with same name already parsed from '/tools/Xilinx/Vivado/2019.1/strategies/VDI2017.psg'
WARNING: [Runs 36-547] Tool Strategy 'Performance_NetDelay_high' from file '/tools/Xilinx/Vivado/2019.1/strategies/VDI2017.psg' discarded because strategy with same name already parsed from '/tools/Xilinx/Vivado/2019.1/strategies/VDI2017.psg'
WARNING: [Runs 36-547] Tool Strategy 'Performance_NetDelay_low' from file '/tools/Xilinx/Vivado/2019.1/strategies/VDI2017.psg' discarded because strategy with same name already parsed from '/tools/Xilinx/Vivado/2019.1/strategies/VDI2017.psg'
WARNING: [Runs 36-547] Tool Strategy 'Performance_Retiming' from file '/tools/Xilinx/Vivado/2019.1/strategies/VDI2017.psg' discarded because strategy with same name already parsed from '/tools/Xilinx/Vivado/2019.1/strategies/VDI2017.psg'
WARNING: [Runs 36-547] Tool Strategy 'Performance_ExtraTimingOpt' from file '/tools/Xilinx/Vivado/2019.1/strategies/VDI2017.psg' discarded because strategy with same name already parsed from '/tools/Xilinx/Vivado/2019.1/strategies/VDI2017.psg'
WARNING: [Runs 36-547] Tool Strategy 'Performance_RefinePlacement' from file '/tools/Xilinx/Vivado/2019.1/strategies/VDI2017.psg' discarded because strategy with same name already parsed from '/tools/Xilinx/Vivado/2019.1/strategies/VDI2017.psg'
WARNING: [Runs 36-547] Tool Strategy 'Performance_SpreadSLLs' from file '/tools/Xilinx/Vivado/2019.1/strategies/VDI2017.psg' discarded because strategy with same name already parsed from '/tools/Xilinx/Vivado/2019.1/strategies/VDI2017.psg'
WARNING: [Runs 36-547] Tool Strategy 'Performance_BalanceSLLs' from file '/tools/Xilinx/Vivado/2019.1/strategies/VDI2017.psg' discarded because strategy with same name already parsed from '/tools/Xilinx/Vivado/2019.1/strategies/VDI2017.psg'
WARNING: [Runs 36-547] Tool Strategy 'Congestion_SpreadLogic_high' from file '/tools/Xilinx/Vivado/2019.1/strategies/VDI2017.psg' discarded because strategy with same name already parsed from '/tools/Xilinx/Vivado/2019.1/strategies/VDI2017.psg'
WARNING: [Runs 36-547] Tool Strategy 'Congestion_SpreadLogic_medium' from file '/tools/Xilinx/Vivado/2019.1/strategies/VDI2017.psg' discarded because strategy with same name already parsed from '/tools/Xilinx/Vivado/2019.1/strategies/VDI2017.psg'
WARNING: [Runs 36-547] Tool Strategy 'Congestion_SpreadLogic_low' from file '/tools/Xilinx/Vivado/2019.1/strategies/VDI2017.psg' discarded because strategy with same name already parsed from '/tools/Xilinx/Vivado/2019.1/strategies/VDI2017.psg'
WARNING: [Runs 36-547] Tool Strategy 'Congestion_SpreadLogic_Explore' from file '/tools/Xilinx/Vivado/2019.1/strategies/VDI2017.psg' discarded because strategy with same name already parsed from '/tools/Xilinx/Vivado/2019.1/strategies/VDI2017.psg'
WARNING: [Runs 36-547] Tool Strategy 'Congestion_SSI_SpreadLogic_high' from file '/tools/Xilinx/Vivado/2019.1/strategies/VDI2017.psg' discarded because strategy with same name already parsed from '/tools/Xilinx/Vivado/2019.1/strategies/VDI2017.psg'
WARNING: [Runs 36-547] Tool Strategy 'Congestion_SSI_SpreadLogic_low' from file '/tools/Xilinx/Vivado/2019.1/strategies/VDI2017.psg' discarded because strategy with same name already parsed from '/tools/Xilinx/Vivado/2019.1/strategies/VDI2017.psg'
WARNING: [Runs 36-547] Tool Strategy 'Congestion_SSI_SpreadLogic_Explore' from file '/tools/Xilinx/Vivado/2019.1/strategies/VDI2017.psg' discarded because strategy with same name already parsed from '/tools/Xilinx/Vivado/2019.1/strategies/VDI2017.psg'
WARNING: [Runs 36-547] Tool Strategy 'Area_Explore' from file '/tools/Xilinx/Vivado/2019.1/strategies/VDI2017.psg' discarded because strategy with same name already parsed from '/tools/Xilinx/Vivado/2019.1/strategies/VDI2017.psg'
WARNING: [Runs 36-547] Tool Strategy 'Area_ExploreSequential' from file '/tools/Xilinx/Vivado/2019.1/strategies/VDI2017.psg' discarded because strategy with same name already parsed from '/tools/Xilinx/Vivado/2019.1/strategies/VDI2017.psg'
WARNING: [Runs 36-547] Tool Strategy 'Area_ExploreWithRemap' from file '/tools/Xilinx/Vivado/2019.1/strategies/VDI2017.psg' discarded because strategy with same name already parsed from '/tools/Xilinx/Vivado/2019.1/strategies/VDI2017.psg'
WARNING: [Runs 36-547] Tool Strategy 'Power_DefaultOpt' from file '/tools/Xilinx/Vivado/2019.1/strategies/VDI2017.psg' discarded because strategy with same name already parsed from '/tools/Xilinx/Vivado/2019.1/strategies/VDI2017.psg'
WARNING: [Runs 36-547] Tool Strategy 'Power_ExploreArea' from file '/tools/Xilinx/Vivado/2019.1/strategies/VDI2017.psg' discarded because strategy with same name already parsed from '/tools/Xilinx/Vivado/2019.1/strategies/VDI2017.psg'
WARNING: [Runs 36-547] Tool Strategy 'Flow_RunPhysOpt' from file '/tools/Xilinx/Vivado/2019.1/strategies/VDI2017.psg' discarded because strategy with same name already parsed from '/tools/Xilinx/Vivado/2019.1/strategies/VDI2017.psg'
WARNING: [Runs 36-547] Tool Strategy 'Flow_RunPostRoutePhysOpt' from file '/tools/Xilinx/Vivado/2019.1/strategies/VDI2017.psg' discarded because strategy with same name already parsed from '/tools/Xilinx/Vivado/2019.1/strategies/VDI2017.psg'
WARNING: [Runs 36-547] Tool Strategy 'Flow_RuntimeOptimized' from file '/tools/Xilinx/Vivado/2019.1/strategies/VDI2017.psg' discarded because strategy with same name already parsed from '/tools/Xilinx/Vivado/2019.1/strategies/VDI2017.psg'
WARNING: [Runs 36-547] Tool Strategy 'Flow_Quick' from file '/tools/Xilinx/Vivado/2019.1/strategies/VDI2017.psg' discarded because strategy with same name already parsed from '/tools/Xilinx/Vivado/2019.1/strategies/VDI2017.psg'
WARNING: [Runs 36-547] Tool Strategy 'Vivado Implementation Defaults' from file '/tools/Xilinx/Vivado/2019.1/strategies/VDI2014.psg' discarded because strategy with same name already parsed from '/tools/Xilinx/Vivado/2019.1/strategies/VDI2014.psg'
WARNING: [Runs 36-547] Tool Strategy 'Performance_Explore' from file '/tools/Xilinx/Vivado/2019.1/strategies/VDI2014.psg' discarded because strategy with same name already parsed from '/tools/Xilinx/Vivado/2019.1/strategies/VDI2014.psg'
WARNING: [Runs 36-547] Tool Strategy 'Performance_ExplorePostRoutePhysOpt' from file '/tools/Xilinx/Vivado/2019.1/strategies/VDI2014.psg' discarded because strategy with same name already parsed from '/tools/Xilinx/Vivado/2019.1/strategies/VDI2014.psg'
WARNING: [Runs 36-547] Tool Strategy 'Performance_RefinePlacement' from file '/tools/Xilinx/Vivado/2019.1/strategies/VDI2014.psg' discarded because strategy with same name already parsed from '/tools/Xilinx/Vivado/2019.1/strategies/VDI2014.psg'
WARNING: [Runs 36-547] Tool Strategy 'Performance_WLBlockPlacement' from file '/tools/Xilinx/Vivado/2019.1/strategies/VDI2014.psg' discarded because strategy with same name already parsed from '/tools/Xilinx/Vivado/2019.1/strategies/VDI2014.psg'
WARNING: [Runs 36-547] Tool Strategy 'Performance_WLBlockPlacementFanoutOpt' from file '/tools/Xilinx/Vivado/2019.1/strategies/VDI2014.psg' discarded because strategy with same name already parsed from '/tools/Xilinx/Vivado/2019.1/strategies/VDI2014.psg'
WARNING: [Runs 36-547] Tool Strategy 'Performance_LateBlockPlacement' from file '/tools/Xilinx/Vivado/2019.1/strategies/VDI2014.psg' discarded because strategy with same name already parsed from '/tools/Xilinx/Vivado/2019.1/strategies/VDI2014.psg'
WARNING: [Runs 36-547] Tool Strategy 'Performance_NetDelay_high' from file '/tools/Xilinx/Vivado/2019.1/strategies/VDI2014.psg' discarded because strategy with same name already parsed from '/tools/Xilinx/Vivado/2019.1/strategies/VDI2014.psg'
WARNING: [Runs 36-547] Tool Strategy 'Performance_NetDelay_medium' from file '/tools/Xilinx/Vivado/2019.1/strategies/VDI2014.psg' discarded because strategy with same name already parsed from '/tools/Xilinx/Vivado/2019.1/strategies/VDI2014.psg'
WARNING: [Runs 36-547] Tool Strategy 'Performance_NetDelay_low' from file '/tools/Xilinx/Vivado/2019.1/strategies/VDI2014.psg' discarded because strategy with same name already parsed from '/tools/Xilinx/Vivado/2019.1/strategies/VDI2014.psg'
WARNING: [Runs 36-547] Tool Strategy 'Performance_ExploreSLLs' from file '/tools/Xilinx/Vivado/2019.1/strategies/VDI2014.psg' discarded because strategy with same name already parsed from '/tools/Xilinx/Vivado/2019.1/strategies/VDI2014.psg'
WARNING: [Runs 36-547] Tool Strategy 'Performance_Retiming' from file '/tools/Xilinx/Vivado/2019.1/strategies/VDI2014.psg' discarded because strategy with same name already parsed from '/tools/Xilinx/Vivado/2019.1/strategies/VDI2014.psg'
WARNING: [Runs 36-547] Tool Strategy 'Area_Explore' from file '/tools/Xilinx/Vivado/2019.1/strategies/VDI2014.psg' discarded because strategy with same name already parsed from '/tools/Xilinx/Vivado/2019.1/strategies/VDI2014.psg'
WARNING: [Runs 36-547] Tool Strategy 'Power_DefaultOpt' from file '/tools/Xilinx/Vivado/2019.1/strategies/VDI2014.psg' discarded because strategy with same name already parsed from '/tools/Xilinx/Vivado/2019.1/strategies/VDI2014.psg'
WARNING: [Runs 36-547] Tool Strategy 'Flow_RunPhysOpt' from file '/tools/Xilinx/Vivado/2019.1/strategies/VDI2014.psg' discarded because strategy with same name already parsed from '/tools/Xilinx/Vivado/2019.1/strategies/VDI2014.psg'
WARNING: [Runs 36-547] Tool Strategy 'Flow_RunPostRoutePhysOpt' from file '/tools/Xilinx/Vivado/2019.1/strategies/VDI2014.psg' discarded because strategy with same name already parsed from '/tools/Xilinx/Vivado/2019.1/strategies/VDI2014.psg'
WARNING: [Runs 36-547] Tool Strategy 'Flow_RuntimeOptimized' from file '/tools/Xilinx/Vivado/2019.1/strategies/VDI2014.psg' discarded because strategy with same name already parsed from '/tools/Xilinx/Vivado/2019.1/strategies/VDI2014.psg'
WARNING: [Runs 36-547] Tool Strategy 'Flow_Quick' from file '/tools/Xilinx/Vivado/2019.1/strategies/VDI2014.psg' discarded because strategy with same name already parsed from '/tools/Xilinx/Vivado/2019.1/strategies/VDI2014.psg'
WARNING: [Runs 36-547] Tool Strategy 'Congestion_SpreadLogic_high' from file '/tools/Xilinx/Vivado/2019.1/strategies/VDI2014.psg' discarded because strategy with same name already parsed from '/tools/Xilinx/Vivado/2019.1/strategies/VDI2014.psg'
INFO: [Common 17-14] Message 'Runs 36-547' appears 100 times and further instances of the messages will be disabled. Use the Tcl command set_msg_config to change the current settings.
WARNING: [Runs 36-546] Tool Report Strategy 'Vivado Implementation Default Reports' from file '/tools/Xilinx/Vivado/2019.1/reportstrategies/VRI2017.psg' discarded because strategy with same name already parsed from '/tools/Xilinx/Vivado/2019.1/reportstrategies/VRI2017.psg'
WARNING: [Runs 36-546] Tool Report Strategy 'UltraFast Design Methodology Reports' from file '/tools/Xilinx/Vivado/2019.1/reportstrategies/VRI2017.psg' discarded because strategy with same name already parsed from '/tools/Xilinx/Vivado/2019.1/reportstrategies/VRI2017.psg'
WARNING: [Runs 36-546] Tool Report Strategy 'Performance Explore Reports' from file '/tools/Xilinx/Vivado/2019.1/reportstrategies/VRI2017.psg' discarded because strategy with same name already parsed from '/tools/Xilinx/Vivado/2019.1/reportstrategies/VRI2017.psg'
WARNING: [Runs 36-546] Tool Report Strategy 'Timing Closure Reports' from file '/tools/Xilinx/Vivado/2019.1/reportstrategies/VRI2017.psg' discarded because strategy with same name already parsed from '/tools/Xilinx/Vivado/2019.1/reportstrategies/VRI2017.psg'
WARNING: [Runs 36-546] Tool Report Strategy 'No Reports' from file '/tools/Xilinx/Vivado/2019.1/reportstrategies/VRI2017.psg' discarded because strategy with same name already parsed from '/tools/Xilinx/Vivado/2019.1/reportstrategies/VRI2017.psg'
WARNING: [Runs 36-546] Tool Report Strategy 'Vivado Implementation Default Reports' from file '/tools/Xilinx/Vivado/2019.1/reportstrategies/VRI2018.psg' discarded because strategy with same name already parsed from '/tools/Xilinx/Vivado/2019.1/reportstrategies/VRI2018.psg'
WARNING: [Runs 36-546] Tool Report Strategy 'UltraFast Design Methodology Reports' from file '/tools/Xilinx/Vivado/2019.1/reportstrategies/VRI2018.psg' discarded because strategy with same name already parsed from '/tools/Xilinx/Vivado/2019.1/reportstrategies/VRI2018.psg'
WARNING: [Runs 36-546] Tool Report Strategy 'Performance Explore Reports' from file '/tools/Xilinx/Vivado/2019.1/reportstrategies/VRI2018.psg' discarded because strategy with same name already parsed from '/tools/Xilinx/Vivado/2019.1/reportstrategies/VRI2018.psg'
WARNING: [Runs 36-546] Tool Report Strategy 'Timing Closure Reports' from file '/tools/Xilinx/Vivado/2019.1/reportstrategies/VRI2018.psg' discarded because strategy with same name already parsed from '/tools/Xilinx/Vivado/2019.1/reportstrategies/VRI2018.psg'
WARNING: [Runs 36-546] Tool Report Strategy 'No Reports' from file '/tools/Xilinx/Vivado/2019.1/reportstrategies/VRI2018.psg' discarded because strategy with same name already parsed from '/tools/Xilinx/Vivado/2019.1/reportstrategies/VRI2018.psg'
WARNING: [Runs 36-546] Tool Report Strategy 'Vivado Synthesis Default Reports' from file '/tools/Xilinx/Vivado/2019.1/reportstrategies/VRS2018.psg' discarded because strategy with same name already parsed from '/tools/Xilinx/Vivado/2019.1/reportstrategies/VRS2018.psg'
WARNING: [Runs 36-546] Tool Report Strategy 'No Reports' from file '/tools/Xilinx/Vivado/2019.1/reportstrategies/VRS2018.psg' discarded because strategy with same name already parsed from '/tools/Xilinx/Vivado/2019.1/reportstrategies/VRS2018.psg'
WARNING: [Runs 36-546] Tool Report Strategy 'Vivado Synthesis Default Reports' from file '/tools/Xilinx/Vivado/2019.1/reportstrategies/VRS2019.psg' discarded because strategy with same name already parsed from '/tools/Xilinx/Vivado/2019.1/reportstrategies/VRS2019.psg'
WARNING: [Runs 36-546] Tool Report Strategy 'No Reports' from file '/tools/Xilinx/Vivado/2019.1/reportstrategies/VRS2019.psg' discarded because strategy with same name already parsed from '/tools/Xilinx/Vivado/2019.1/reportstrategies/VRS2019.psg'
WARNING: [Runs 36-546] Tool Report Strategy 'Vivado Implementation Default Reports' from file '/tools/Xilinx/Vivado/2019.1/reportstrategies/VRI2019.psg' discarded because strategy with same name already parsed from '/tools/Xilinx/Vivado/2019.1/reportstrategies/VRI2019.psg'
WARNING: [Runs 36-546] Tool Report Strategy 'UltraFast Design Methodology Reports' from file '/tools/Xilinx/Vivado/2019.1/reportstrategies/VRI2019.psg' discarded because strategy with same name already parsed from '/tools/Xilinx/Vivado/2019.1/reportstrategies/VRI2019.psg'
WARNING: [Runs 36-546] Tool Report Strategy 'Performance Explore Reports' from file '/tools/Xilinx/Vivado/2019.1/reportstrategies/VRI2019.psg' discarded because strategy with same name already parsed from '/tools/Xilinx/Vivado/2019.1/reportstrategies/VRI2019.psg'
WARNING: [Runs 36-546] Tool Report Strategy 'Timing Closure Reports' from file '/tools/Xilinx/Vivado/2019.1/reportstrategies/VRI2019.psg' discarded because strategy with same name already parsed from '/tools/Xilinx/Vivado/2019.1/reportstrategies/VRI2019.psg'
WARNING: [Runs 36-546] Tool Report Strategy 'No Reports' from file '/tools/Xilinx/Vivado/2019.1/reportstrategies/VRI2019.psg' discarded because strategy with same name already parsed from '/tools/Xilinx/Vivado/2019.1/reportstrategies/VRI2019.psg'
WARNING: [Runs 36-546] Tool Report Strategy 'Vivado Synthesis Default Reports' from file '/tools/Xilinx/Vivado/2019.1/reportstrategies/VRS2017.psg' discarded because strategy with same name already parsed from '/tools/Xilinx/Vivado/2019.1/reportstrategies/VRS2017.psg'
WARNING: [Runs 36-546] Tool Report Strategy 'No Reports' from file '/tools/Xilinx/Vivado/2019.1/reportstrategies/VRS2017.psg' discarded because strategy with same name already parsed from '/tools/Xilinx/Vivado/2019.1/reportstrategies/VRS2017.psg'
source top.tcl -notrace
INFO: [IP_Flow 19-234] Refreshing IP repositories
INFO: [IP_Flow 19-1700] Loaded user IP repository '/home/valmyrsilva07/teste12345/mlib_devel/jasper_library/hdl_sources/skarab_infr/cont_microblaze/ipshared/peralex.com'.
INFO: [IP_Flow 19-2313] Loaded Vivado IP repository '/tools/Xilinx/Vivado/2019.1/data/ip'.
Command: synth_design -top top -part xc7vx690tffg1927-2
Starting synth_design
INFO: [IP_Flow 19-2162] IP 'packet_byte_count_fifo' is locked:
* IP 'packet_byte_count_fifo' is configured as a user-managed IP. In this mode it is the user's responsibility to manage all IP files. * IP definition 'FIFO Generator (13.1)' for IP 'packet_byte_count_fifo' (customized with software release 2016.2) has a newer minor version in the IP Catalog. * IP definition 'FIFO Generator (13.1)' for IP 'packet_byte_count_fifo' (customized with software release 2016.2) has a different revision in the IP Catalog.
INFO: [IP_Flow 19-2162] IP 'gmii_to_xaui_fifo' is locked:
* IP 'gmii_to_xaui_fifo' is configured as a user-managed IP. In this mode it is the user's responsibility to manage all IP files. * IP definition 'FIFO Generator (13.1)' for IP 'gmii_to_xaui_fifo' (customized with software release 2016.2) has a newer minor version in the IP Catalog. * IP definition 'FIFO Generator (13.1)' for IP 'gmii_to_xaui_fifo' (customized with software release 2016.2) has a different revision in the IP Catalog.
INFO: [IP_Flow 19-2162] IP 'xaui_to_gmii_fifo' is locked:
* IP 'xaui_to_gmii_fifo' is configured as a user-managed IP. In this mode it is the user's responsibility to manage all IP files. * IP definition 'FIFO Generator (13.1)' for IP 'xaui_to_gmii_fifo' (customized with software release 2016.2) has a newer minor version in the IP Catalog. * IP definition 'FIFO Generator (13.1)' for IP 'xaui_to_gmii_fifo' (customized with software release 2016.2) has a different revision in the IP Catalog.
Attempting to get a license for feature 'Synthesis' and/or device 'xc7vx690t'
INFO: [Common 17-349] Got license for feature 'Synthesis' and/or device 'xc7vx690t'
INFO: [Device 21-403] Loading part xc7vx690tffg1927-2
INFO: Launching helper process for spawning children vivado processes
INFO: Helper process launched with PID 478102 
WARNING: [Synth 8-6901] identifier 'u_unit_serializer_out_m_tdata' is used before its declaration [/home/valmyrsilva07/virtex7/skarab-virtex7-toolflow/fpgs/ethernet_one_gbe_skarab_control/ethernet_one_gbe_skarab_axi/myproj/myproj.srcs/sources_1/imports/sysgen/control_axi_stream_gbe.v:267]
WARNING: [Synth 8-6901] identifier 's_addr_data' is used before its declaration [/home/valmyrsilva07/virtex7/skarab-virtex7-toolflow/fpgs/ethernet_one_gbe_skarab_control/ethernet_one_gbe_skarab_axi/myproj/myproj.srcs/sources_1/imports/sysgen/control_axi_stream_gbe.v:273]
WARNING: [Synth 8-6901] identifier 's_axis_state' is used before its declaration [/home/valmyrsilva07/virtex7/skarab-virtex7-toolflow/fpgs/ethernet_one_gbe_skarab_control/ethernet_one_gbe_skarab_axi/myproj/myproj.srcs/sources_1/imports/sysgen/control_axi_stream_gbe.v:276]
WARNING: [Synth 8-6901] identifier 'S_REC' is used before its declaration [/home/valmyrsilva07/virtex7/skarab-virtex7-toolflow/fpgs/ethernet_one_gbe_skarab_control/ethernet_one_gbe_skarab_axi/myproj/myproj.srcs/sources_1/imports/sysgen/control_axi_stream_gbe.v:276]
WARNING: [Synth 8-6901] identifier 'u_unit_serializer_out_m_tvalid' is used before its declaration [/home/valmyrsilva07/virtex7/skarab-virtex7-toolflow/fpgs/ethernet_one_gbe_skarab_control/ethernet_one_gbe_skarab_axi/myproj/myproj.srcs/sources_1/imports/sysgen/control_axi_stream_gbe.v:555]
WARNING: [Synth 8-6901] identifier 'u_unit_serializer_out_m_tready' is used before its declaration [/home/valmyrsilva07/virtex7/skarab-virtex7-toolflow/fpgs/ethernet_one_gbe_skarab_control/ethernet_one_gbe_skarab_axi/myproj/myproj.srcs/sources_1/imports/sysgen/control_axi_stream_gbe.v:555]
WARNING: [Synth 8-6901] identifier 'u_unit_serializer_out_m_tready' is used before its declaration [/home/valmyrsilva07/virtex7/skarab-virtex7-toolflow/fpgs/ethernet_one_gbe_skarab_control/ethernet_one_gbe_skarab_axi/myproj/myproj.srcs/sources_1/imports/sysgen/control_axi_stream_gbe.v:569]
WARNING: [Synth 8-6901] identifier 'u_unit_serializer_out_m_tvalid' is used before its declaration [/home/valmyrsilva07/virtex7/skarab-virtex7-toolflow/fpgs/ethernet_one_gbe_skarab_control/ethernet_one_gbe_skarab_axi/myproj/myproj.srcs/sources_1/imports/sysgen/control_axi_stream_gbe.v:570]
WARNING: [Synth 8-6901] identifier 'u_unit_serializer_out_m_tready' is used before its declaration [/home/valmyrsilva07/virtex7/skarab-virtex7-toolflow/fpgs/ethernet_one_gbe_skarab_control/ethernet_one_gbe_skarab_axi/myproj/myproj.srcs/sources_1/imports/sysgen/control_axi_stream_gbe.v:582]
WARNING: [Synth 8-6901] identifier 'u_unit_serializer_out_m_tvalid' is used before its declaration [/home/valmyrsilva07/virtex7/skarab-virtex7-toolflow/fpgs/ethernet_one_gbe_skarab_control/ethernet_one_gbe_skarab_axi/myproj/myproj.srcs/sources_1/imports/sysgen/control_axi_stream_gbe.v:584]
WARNING: [Synth 8-6901] identifier 'u_unit_serializer_out_m_tready' is used before its declaration [/home/valmyrsilva07/virtex7/skarab-virtex7-toolflow/fpgs/ethernet_one_gbe_skarab_control/ethernet_one_gbe_skarab_axi/myproj/myproj.srcs/sources_1/imports/sysgen/control_axi_stream_gbe.v:586]
WARNING: [Synth 8-6901] identifier 'u_unit_serializer_out_m_tready' is used before its declaration [/home/valmyrsilva07/virtex7/skarab-virtex7-toolflow/fpgs/ethernet_one_gbe_skarab_control/ethernet_one_gbe_skarab_axi/myproj/myproj.srcs/sources_1/imports/sysgen/control_axi_stream_gbe.v:592]
WARNING: [Synth 8-6901] identifier 'u_unit_serializer_out_m_tready' is used before its declaration [/home/valmyrsilva07/virtex7/skarab-virtex7-toolflow/fpgs/ethernet_one_gbe_skarab_control/ethernet_one_gbe_skarab_axi/myproj/myproj.srcs/sources_1/imports/sysgen/control_axi_stream_gbe.v:599]
WARNING: [Synth 8-6901] identifier 'USER_WIDTH' is used before its declaration [/home/valmyrsilva07/virtex7/skarab-virtex7-toolflow/fpgs/ethernet_one_gbe_skarab_control/ethernet_one_gbe_skarab_axi/myproj/myproj.srcs/sources_1/imports/wb_bram/wb_bram.v:43]
WARNING: [Synth 8-6901] identifier 'USER_WIDTH' is used before its declaration [/home/valmyrsilva07/virtex7/skarab-virtex7-toolflow/fpgs/ethernet_one_gbe_skarab_control/ethernet_one_gbe_skarab_axi/myproj/myproj.srcs/sources_1/imports/wb_bram/wb_bram.v:45]
WARNING: [Synth 8-6901] identifier 'wbm_sel_i_r3' is used before its declaration [/home/valmyrsilva07/virtex7/skarab-virtex7-toolflow/fpgs/ethernet_one_gbe_skarab_control/ethernet_one_gbe_skarab_axi/myproj/myproj.srcs/sources_1/imports/wbs_arbiter/wbs_arbiter.v:105]
---------------------------------------------------------------------------------
Starting RTL Elaboration : Time (s): cpu = 00:00:04 ; elapsed = 00:00:07 . Memory (MB): peak = 2007.918 ; gain = 160.625 ; free physical = 13156 ; free virtual = 36128
---------------------------------------------------------------------------------
WARNING: [Synth 8-1565] actual for formal port rst is neither a static name nor a globally static expression [/home/valmyrsilva07/virtex7/skarab-virtex7-toolflow/fpgs/ethernet_one_gbe_skarab_control/ethernet_one_gbe_skarab_axi/myproj/myproj.srcs/sources_1/imports/skarab_infr/skarab_infr.vhd:957]
WARNING: [Synth 8-1565] actual for formal port rst is neither a static name nor a globally static expression [/home/valmyrsilva07/virtex7/skarab-virtex7-toolflow/fpgs/ethernet_one_gbe_skarab_control/ethernet_one_gbe_skarab_axi/myproj/myproj.srcs/sources_1/imports/skarab_infr/skarab_infr.vhd:991]
WARNING: [Synth 8-1565] actual for formal port forty_gbe_link_status is neither a static name nor a globally static expression [/home/valmyrsilva07/virtex7/skarab-virtex7-toolflow/fpgs/ethernet_one_gbe_skarab_control/ethernet_one_gbe_skarab_axi/myproj/myproj.srcs/sources_1/imports/skarab_infr/skarab_infr.vhd:2142]
INFO: [Synth 8-6157] synthesizing module 'top' [/home/valmyrsilva07/virtex7/skarab-virtex7-toolflow/fpgs/ethernet_one_gbe_skarab_control/ethernet_one_gbe_skarab_axi/myproj/myproj.srcs/sources_1/imports/ethernet_one_gbe_skarab_axi/top.v:7]
	Parameter ETHERNET_ONE_GBE_SKARAB_AXI_ADDR_DATA_FIFO_WBID0 bound to: 6 - type: integer 
	Parameter ETHERNET_ONE_GBE_SKARAB_AXI_ADDR_DATA_GBE_WBID0 bound to: 7 - type: integer 
	Parameter ETHERNET_ONE_GBE_SKARAB_AXI_CLK_MHZ_WBID0 bound to: 8 - type: integer 
	Parameter ETHERNET_ONE_GBE_SKARAB_AXI_D3_SS_BRAM_WBID0 bound to: 1 - type: integer 
	Parameter ETHERNET_ONE_GBE_SKARAB_AXI_D3_SS_CTRL_WBID0 bound to: 9 - type: integer 
	Parameter ETHERNET_ONE_GBE_SKARAB_AXI_D3_SS_STATUS_WBID0 bound to: 10 - type: integer 
	Parameter ETHERNET_ONE_GBE_SKARAB_AXI_D4_SS_BRAM_WBID0 bound to: 2 - type: integer 
	Parameter ETHERNET_ONE_GBE_SKARAB_AXI_D4_SS_CTRL_WBID0 bound to: 11 - type: integer 
	Parameter ETHERNET_ONE_GBE_SKARAB_AXI_D4_SS_STATUS_WBID0 bound to: 12 - type: integer 
	Parameter ETHERNET_ONE_GBE_SKARAB_AXI_D5_SS_BRAM_WBID0 bound to: 3 - type: integer 
	Parameter ETHERNET_ONE_GBE_SKARAB_AXI_D5_SS_CTRL_WBID0 bound to: 13 - type: integer 
	Parameter ETHERNET_ONE_GBE_SKARAB_AXI_D5_SS_STATUS_WBID0 bound to: 14 - type: integer 
	Parameter ETHERNET_ONE_GBE_SKARAB_AXI_DATA_RX_VALMIR_WBID0 bound to: 15 - type: integer 
	Parameter ETHERNET_ONE_GBE_SKARAB_AXI_DEBUG_RX_DATA_MEM_FIFO_WBID0 bound to: 16 - type: integer 
	Parameter ETHERNET_ONE_GBE_SKARAB_AXI_DEBUG_RX_DATA_MEM_GBE_WBID0 bound to: 17 - type: integer 
	Parameter ETHERNET_ONE_GBE_SKARAB_AXI_DEC_FACTOR_WBID0 bound to: 18 - type: integer 
	Parameter ETHERNET_ONE_GBE_SKARAB_AXI_ERR_MARKER1_WBID0 bound to: 19 - type: integer 
	Parameter ETHERNET_ONE_GBE_SKARAB_AXI_ERR_PKT_CTR1_WBID0 bound to: 20 - type: integer 
	Parameter ETHERNET_ONE_GBE_SKARAB_AXI_ERR_PKT_CTR_STEP1_WBID0 bound to: 21 - type: integer 
	Parameter ETHERNET_ONE_GBE_SKARAB_AXI_ERR_RAMP1_WBID0 bound to: 22 - type: integer 
	Parameter ETHERNET_ONE_GBE_SKARAB_AXI_ERR_VALID_RAW1_WBID0 bound to: 23 - type: integer 
	Parameter ETHERNET_ONE_GBE_SKARAB_AXI_ERR_WALK1_WBID0 bound to: 24 - type: integer 
	Parameter ETHERNET_ONE_GBE_SKARAB_AXI_PKT_CTRS1_SS_BRAM_WBID0 bound to: 4 - type: integer 
	Parameter ETHERNET_ONE_GBE_SKARAB_AXI_PKT_CTRS1_SS_CTRL_WBID0 bound to: 25 - type: integer 
	Parameter ETHERNET_ONE_GBE_SKARAB_AXI_PKT_CTRS1_SS_STATUS_WBID0 bound to: 26 - type: integer 
	Parameter ETHERNET_ONE_GBE_SKARAB_AXI_PKT_CTRS_COMPARE1_SS_BRAM_WBID0 bound to: 5 - type: integer 
	Parameter ETHERNET_ONE_GBE_SKARAB_AXI_PKT_CTRS_COMPARE1_SS_CTRL_WBID0 bound to: 27 - type: integer 
	Parameter ETHERNET_ONE_GBE_SKARAB_AXI_PKT_CTRS_COMPARE1_SS_STATUS_WBID0 bound to: 28 - type: integer 
	Parameter ETHERNET_ONE_GBE_SKARAB_AXI_READ_GBE_OR_FIFO_WBID0 bound to: 29 - type: integer 
	Parameter ETHERNET_ONE_GBE_SKARAB_AXI_RX_BADFRAME1_WBID0 bound to: 30 - type: integer 
	Parameter ETHERNET_ONE_GBE_SKARAB_AXI_RX_CONTROL1_WBID0 bound to: 31 - type: integer 
	Parameter ETHERNET_ONE_GBE_SKARAB_AXI_RX_EOF1_WBID0 bound to: 32 - type: integer 
	Parameter ETHERNET_ONE_GBE_SKARAB_AXI_RX_OVERRUN1_WBID0 bound to: 33 - type: integer 
	Parameter ETHERNET_ONE_GBE_SKARAB_AXI_RX_VALID1_WBID0 bound to: 34 - type: integer 
	Parameter ETHERNET_ONE_GBE_SKARAB_AXI_TX_AFULL1_WBID0 bound to: 35 - type: integer 
	Parameter ETHERNET_ONE_GBE_SKARAB_AXI_TX_CONTROL_WBID0 bound to: 36 - type: integer 
	Parameter ETHERNET_ONE_GBE_SKARAB_AXI_TX_ONE_GBE_WBID0 bound to: 0 - type: integer 
	Parameter ETHERNET_ONE_GBE_SKARAB_AXI_TX_OVERFLOW1_WBID0 bound to: 37 - type: integer 
	Parameter ETHERNET_ONE_GBE_SKARAB_AXI_VAILD_RX_VALMIR1_WBID0 bound to: 38 - type: integer 
	Parameter N_SUB_ARBS bound to: 2 - type: integer 
	Parameter N_WB_SLAVES bound to: 40 - type: integer 
	Parameter SLAVE_ADDR bound to: 64'b1000000000011001110000000110100010000000000011011100000000000000 
	Parameter SLAVE_HIGH bound to: 64'b1000000000011001110000001010001110000000000110011100000001100111 
	Parameter SYS_BLOCK_INST_WBID0 bound to: 39 - type: integer 
INFO: [Synth 8-6157] synthesizing module 'wb_bram' [/home/valmyrsilva07/virtex7/skarab-virtex7-toolflow/fpgs/ethernet_one_gbe_skarab_control/ethernet_one_gbe_skarab_axi/myproj/myproj.srcs/sources_1/imports/wb_bram/wb_bram.v:23]
	Parameter LOG_USER_WIDTH bound to: 7 - type: integer 
	Parameter USER_ADDR_BITS bound to: 13 - type: integer 
	Parameter N_REGISTERS bound to: 0 - type: integer 
	Parameter USER_WIDTH bound to: 128 - type: integer 
	Parameter USER_DEPTH bound to: 8192 - type: integer 
	Parameter LOG_WB_WIDTH bound to: 5 - type: integer 
	Parameter WB_WIDTH bound to: 32 - type: integer 
	Parameter WB_ADDR_BITS bound to: 15 - type: integer 
	Parameter WB_DEPTH bound to: 32768 - type: integer 
INFO: [Synth 8-6157] synthesizing module 'tdp_ram_wrapper' [/home/valmyrsilva07/virtex7/skarab-virtex7-toolflow/fpgs/ethernet_one_gbe_skarab_control/ethernet_one_gbe_skarab_axi/myproj/myproj.srcs/sources_1/imports/wb_bram/tdp_ram_wrapper.v:27]
	Parameter WIDTHB bound to: 32 - type: integer 
	Parameter SIZEB bound to: 32768 - type: integer 
	Parameter ADDRWIDTHB bound to: 15 - type: integer 
	Parameter WIDTHA bound to: 128 - type: integer 
	Parameter SIZEA bound to: 8192 - type: integer 
	Parameter ADDRWIDTHA bound to: 13 - type: integer 
	Parameter N_REGISTERS bound to: 0 - type: integer 
	Parameter maxSIZE bound to: 32768 - type: integer 
	Parameter maxWIDTH bound to: 128 - type: integer 
	Parameter minWIDTH bound to: 32 - type: integer 
	Parameter RATIO bound to: 4 - type: integer 
	Parameter log2RATIO bound to: 2 - type: integer 
INFO: [Synth 8-6157] synthesizing module 'asym_ram_tdp' [/home/valmyrsilva07/virtex7/skarab-virtex7-toolflow/fpgs/ethernet_one_gbe_skarab_control/ethernet_one_gbe_skarab_axi/myproj/myproj.srcs/sources_1/imports/wb_bram/asym_ram_tdp.v:7]
	Parameter WIDTHB bound to: 32 - type: integer 
	Parameter SIZEB bound to: 32768 - type: integer 
	Parameter ADDRWIDTHB bound to: 15 - type: integer 
	Parameter WIDTHA bound to: 128 - type: integer 
	Parameter SIZEA bound to: 8192 - type: integer 
	Parameter ADDRWIDTHA bound to: 13 - type: integer 
	Parameter N_REGISTERS bound to: 0 - type: integer 
	Parameter maxSIZE bound to: 32768 - type: integer 
	Parameter maxWIDTH bound to: 128 - type: integer 
	Parameter minWIDTH bound to: 32 - type: integer 
	Parameter RATIO bound to: 4 - type: integer 
	Parameter log2RATIO bound to: 2 - type: integer 
WARNING: [Synth 8-6014] Unused sequential element lsbaddr_reg was removed.  [/home/valmyrsilva07/virtex7/skarab-virtex7-toolflow/fpgs/ethernet_one_gbe_skarab_control/ethernet_one_gbe_skarab_axi/myproj/myproj.srcs/sources_1/imports/wb_bram/asym_ram_tdp.v:74]
Info : Asymmetric Ram write pattern identified
INFO: [Synth 8-4563] Found possible Asymmetric RAM pattern for RAM RAM_reg
Info : Asymmetric Ram read pattern identified
INFO: [Synth 8-6155] done synthesizing module 'asym_ram_tdp' (1#1) [/home/valmyrsilva07/virtex7/skarab-virtex7-toolflow/fpgs/ethernet_one_gbe_skarab_control/ethernet_one_gbe_skarab_axi/myproj/myproj.srcs/sources_1/imports/wb_bram/asym_ram_tdp.v:7]
INFO: [Synth 8-6155] done synthesizing module 'tdp_ram_wrapper' (2#1) [/home/valmyrsilva07/virtex7/skarab-virtex7-toolflow/fpgs/ethernet_one_gbe_skarab_control/ethernet_one_gbe_skarab_axi/myproj/myproj.srcs/sources_1/imports/wb_bram/tdp_ram_wrapper.v:27]
INFO: [Synth 8-6155] done synthesizing module 'wb_bram' (3#1) [/home/valmyrsilva07/virtex7/skarab-virtex7-toolflow/fpgs/ethernet_one_gbe_skarab_control/ethernet_one_gbe_skarab_axi/myproj/myproj.srcs/sources_1/imports/wb_bram/wb_bram.v:23]
INFO: [Synth 8-6157] synthesizing module 'wb_bram__parameterized0' [/home/valmyrsilva07/virtex7/skarab-virtex7-toolflow/fpgs/ethernet_one_gbe_skarab_control/ethernet_one_gbe_skarab_axi/myproj/myproj.srcs/sources_1/imports/wb_bram/wb_bram.v:23]
	Parameter LOG_USER_WIDTH bound to: 5 - type: integer 
	Parameter USER_ADDR_BITS bound to: 16 - type: integer 
	Parameter N_REGISTERS bound to: 0 - type: integer 
	Parameter USER_WIDTH bound to: 32 - type: integer 
	Parameter USER_DEPTH bound to: 65536 - type: integer 
	Parameter LOG_WB_WIDTH bound to: 5 - type: integer 
	Parameter WB_WIDTH bound to: 32 - type: integer 
	Parameter WB_ADDR_BITS bound to: 16 - type: integer 
	Parameter WB_DEPTH bound to: 65536 - type: integer 
INFO: [Synth 8-6157] synthesizing module 'tdp_ram_wrapper__parameterized0' [/home/valmyrsilva07/virtex7/skarab-virtex7-toolflow/fpgs/ethernet_one_gbe_skarab_control/ethernet_one_gbe_skarab_axi/myproj/myproj.srcs/sources_1/imports/wb_bram/tdp_ram_wrapper.v:27]
	Parameter WIDTHB bound to: 32 - type: integer 
	Parameter SIZEB bound to: 65536 - type: integer 
	Parameter ADDRWIDTHB bound to: 16 - type: integer 
	Parameter WIDTHA bound to: 32 - type: integer 
	Parameter SIZEA bound to: 65536 - type: integer 
	Parameter ADDRWIDTHA bound to: 16 - type: integer 
	Parameter N_REGISTERS bound to: 0 - type: integer 
	Parameter maxSIZE bound to: 65536 - type: integer 
	Parameter maxWIDTH bound to: 32 - type: integer 
	Parameter minWIDTH bound to: 32 - type: integer 
	Parameter RATIO bound to: 1 - type: integer 
	Parameter log2RATIO bound to: 1 - type: integer 
INFO: [Synth 8-6157] synthesizing module 'sym_ram_tdp' [/home/valmyrsilva07/virtex7/skarab-virtex7-toolflow/fpgs/ethernet_one_gbe_skarab_control/ethernet_one_gbe_skarab_axi/myproj/myproj.srcs/sources_1/imports/wb_bram/sym_ram_tdp.v:7]
	Parameter WIDTH bound to: 32 - type: integer 
	Parameter SIZE bound to: 65536 - type: integer 
	Parameter ADDRWIDTH bound to: 16 - type: integer 
	Parameter N_REGISTERS bound to: 0 - type: integer 
INFO: [Synth 8-6155] done synthesizing module 'sym_ram_tdp' (4#1) [/home/valmyrsilva07/virtex7/skarab-virtex7-toolflow/fpgs/ethernet_one_gbe_skarab_control/ethernet_one_gbe_skarab_axi/myproj/myproj.srcs/sources_1/imports/wb_bram/sym_ram_tdp.v:7]
INFO: [Synth 8-6155] done synthesizing module 'tdp_ram_wrapper__parameterized0' (4#1) [/home/valmyrsilva07/virtex7/skarab-virtex7-toolflow/fpgs/ethernet_one_gbe_skarab_control/ethernet_one_gbe_skarab_axi/myproj/myproj.srcs/sources_1/imports/wb_bram/tdp_ram_wrapper.v:27]
INFO: [Synth 8-6155] done synthesizing module 'wb_bram__parameterized0' (4#1) [/home/valmyrsilva07/virtex7/skarab-virtex7-toolflow/fpgs/ethernet_one_gbe_skarab_control/ethernet_one_gbe_skarab_axi/myproj/myproj.srcs/sources_1/imports/wb_bram/wb_bram.v:23]
INFO: [Synth 8-6157] synthesizing module 'wb_bram__parameterized1' [/home/valmyrsilva07/virtex7/skarab-virtex7-toolflow/fpgs/ethernet_one_gbe_skarab_control/ethernet_one_gbe_skarab_axi/myproj/myproj.srcs/sources_1/imports/wb_bram/wb_bram.v:23]
	Parameter LOG_USER_WIDTH bound to: 6 - type: integer 
	Parameter USER_ADDR_BITS bound to: 13 - type: integer 
	Parameter N_REGISTERS bound to: 0 - type: integer 
	Parameter USER_WIDTH bound to: 64 - type: integer 
	Parameter USER_DEPTH bound to: 8192 - type: integer 
	Parameter LOG_WB_WIDTH bound to: 5 - type: integer 
	Parameter WB_WIDTH bound to: 32 - type: integer 
	Parameter WB_ADDR_BITS bound to: 14 - type: integer 
	Parameter WB_DEPTH bound to: 16384 - type: integer 
INFO: [Synth 8-6157] synthesizing module 'tdp_ram_wrapper__parameterized1' [/home/valmyrsilva07/virtex7/skarab-virtex7-toolflow/fpgs/ethernet_one_gbe_skarab_control/ethernet_one_gbe_skarab_axi/myproj/myproj.srcs/sources_1/imports/wb_bram/tdp_ram_wrapper.v:27]
	Parameter WIDTHB bound to: 32 - type: integer 
	Parameter SIZEB bound to: 16384 - type: integer 
	Parameter ADDRWIDTHB bound to: 14 - type: integer 
	Parameter WIDTHA bound to: 64 - type: integer 
	Parameter SIZEA bound to: 8192 - type: integer 
	Parameter ADDRWIDTHA bound to: 13 - type: integer 
	Parameter N_REGISTERS bound to: 0 - type: integer 
	Parameter maxSIZE bound to: 16384 - type: integer 
	Parameter maxWIDTH bound to: 64 - type: integer 
	Parameter minWIDTH bound to: 32 - type: integer 
	Parameter RATIO bound to: 2 - type: integer 
	Parameter log2RATIO bound to: 1 - type: integer 
INFO: [Synth 8-6157] synthesizing module 'asym_ram_tdp__parameterized0' [/home/valmyrsilva07/virtex7/skarab-virtex7-toolflow/fpgs/ethernet_one_gbe_skarab_control/ethernet_one_gbe_skarab_axi/myproj/myproj.srcs/sources_1/imports/wb_bram/asym_ram_tdp.v:7]
	Parameter WIDTHB bound to: 32 - type: integer 
	Parameter SIZEB bound to: 16384 - type: integer 
	Parameter ADDRWIDTHB bound to: 14 - type: integer 
	Parameter WIDTHA bound to: 64 - type: integer 
	Parameter SIZEA bound to: 8192 - type: integer 
	Parameter ADDRWIDTHA bound to: 13 - type: integer 
	Parameter N_REGISTERS bound to: 0 - type: integer 
	Parameter maxSIZE bound to: 16384 - type: integer 
	Parameter maxWIDTH bound to: 64 - type: integer 
	Parameter minWIDTH bound to: 32 - type: integer 
	Parameter RATIO bound to: 2 - type: integer 
	Parameter log2RATIO bound to: 1 - type: integer 
WARNING: [Synth 8-6014] Unused sequential element lsbaddr_reg was removed.  [/home/valmyrsilva07/virtex7/skarab-virtex7-toolflow/fpgs/ethernet_one_gbe_skarab_control/ethernet_one_gbe_skarab_axi/myproj/myproj.srcs/sources_1/imports/wb_bram/asym_ram_tdp.v:74]
Info : Asymmetric Ram write pattern identified
INFO: [Synth 8-4563] Found possible Asymmetric RAM pattern for RAM RAM_reg
Info : Asymmetric Ram read pattern identified
INFO: [Synth 8-6155] done synthesizing module 'asym_ram_tdp__parameterized0' (4#1) [/home/valmyrsilva07/virtex7/skarab-virtex7-toolflow/fpgs/ethernet_one_gbe_skarab_control/ethernet_one_gbe_skarab_axi/myproj/myproj.srcs/sources_1/imports/wb_bram/asym_ram_tdp.v:7]
INFO: [Synth 8-6155] done synthesizing module 'tdp_ram_wrapper__parameterized1' (4#1) [/home/valmyrsilva07/virtex7/skarab-virtex7-toolflow/fpgs/ethernet_one_gbe_skarab_control/ethernet_one_gbe_skarab_axi/myproj/myproj.srcs/sources_1/imports/wb_bram/tdp_ram_wrapper.v:27]
INFO: [Synth 8-6155] done synthesizing module 'wb_bram__parameterized1' (4#1) [/home/valmyrsilva07/virtex7/skarab-virtex7-toolflow/fpgs/ethernet_one_gbe_skarab_control/ethernet_one_gbe_skarab_axi/myproj/myproj.srcs/sources_1/imports/wb_bram/wb_bram.v:23]
INFO: [Synth 8-638] synthesizing module 'one_gbe' [/home/valmyrsilva07/virtex7/skarab-virtex7-toolflow/fpgs/ethernet_one_gbe_skarab_control/ethernet_one_gbe_skarab_axi/myproj/myproj.srcs/sources_1/imports/skarab_one_gbe/one_gbe.vhd:71]
WARNING: [Synth 8-3819] Generic 'FABRIC_ENABLE' not present in instantiated entity will be ignored [/home/valmyrsilva07/virtex7/skarab-virtex7-toolflow/fpgs/ethernet_one_gbe_skarab_control/ethernet_one_gbe_skarab_axi/myproj/myproj.srcs/sources_1/imports/ethernet_one_gbe_skarab_axi/top.v:501]
WARNING: [Synth 8-3819] Generic 'FABRIC_GATEWAY' not present in instantiated entity will be ignored [/home/valmyrsilva07/virtex7/skarab-virtex7-toolflow/fpgs/ethernet_one_gbe_skarab_control/ethernet_one_gbe_skarab_axi/myproj/myproj.srcs/sources_1/imports/ethernet_one_gbe_skarab_axi/top.v:502]
WARNING: [Synth 8-3819] Generic 'FABRIC_IP' not present in instantiated entity will be ignored [/home/valmyrsilva07/virtex7/skarab-virtex7-toolflow/fpgs/ethernet_one_gbe_skarab_control/ethernet_one_gbe_skarab_axi/myproj/myproj.srcs/sources_1/imports/ethernet_one_gbe_skarab_axi/top.v:503]
WARNING: [Synth 8-3819] Generic 'FABRIC_MAC' not present in instantiated entity will be ignored [/home/valmyrsilva07/virtex7/skarab-virtex7-toolflow/fpgs/ethernet_one_gbe_skarab_control/ethernet_one_gbe_skarab_axi/myproj/myproj.srcs/sources_1/imports/ethernet_one_gbe_skarab_axi/top.v:504]
WARNING: [Synth 8-3819] Generic 'FABRIC_MC_RECV_IP' not present in instantiated entity will be ignored [/home/valmyrsilva07/virtex7/skarab-virtex7-toolflow/fpgs/ethernet_one_gbe_skarab_control/ethernet_one_gbe_skarab_axi/myproj/myproj.srcs/sources_1/imports/ethernet_one_gbe_skarab_axi/top.v:505]
WARNING: [Synth 8-3819] Generic 'FABRIC_MC_RECV_IP_MASK' not present in instantiated entity will be ignored [/home/valmyrsilva07/virtex7/skarab-virtex7-toolflow/fpgs/ethernet_one_gbe_skarab_control/ethernet_one_gbe_skarab_axi/myproj/myproj.srcs/sources_1/imports/ethernet_one_gbe_skarab_axi/top.v:506]
WARNING: [Synth 8-3819] Generic 'FABRIC_NETMASK' not present in instantiated entity will be ignored [/home/valmyrsilva07/virtex7/skarab-virtex7-toolflow/fpgs/ethernet_one_gbe_skarab_control/ethernet_one_gbe_skarab_axi/myproj/myproj.srcs/sources_1/imports/ethernet_one_gbe_skarab_axi/top.v:507]
WARNING: [Synth 8-3819] Generic 'FABRIC_PORT' not present in instantiated entity will be ignored [/home/valmyrsilva07/virtex7/skarab-virtex7-toolflow/fpgs/ethernet_one_gbe_skarab_control/ethernet_one_gbe_skarab_axi/myproj/myproj.srcs/sources_1/imports/ethernet_one_gbe_skarab_axi/top.v:508]
INFO: [Synth 8-5534] Detected attribute (* async_reg = "TRUE" *) [/home/valmyrsilva07/virtex7/skarab-virtex7-toolflow/fpgs/ethernet_one_gbe_skarab_control/ethernet_one_gbe_skarab_axi/myproj/myproj.srcs/sources_1/imports/skarab_one_gbe/one_gbe.vhd:157]
INFO: [Synth 8-5534] Detected attribute (* async_reg = "TRUE" *) [/home/valmyrsilva07/virtex7/skarab-virtex7-toolflow/fpgs/ethernet_one_gbe_skarab_control/ethernet_one_gbe_skarab_axi/myproj/myproj.srcs/sources_1/imports/skarab_one_gbe/one_gbe.vhd:158]
INFO: [Synth 8-5534] Detected attribute (* async_reg = "TRUE" *) [/home/valmyrsilva07/virtex7/skarab-virtex7-toolflow/fpgs/ethernet_one_gbe_skarab_control/ethernet_one_gbe_skarab_axi/myproj/myproj.srcs/sources_1/imports/skarab_one_gbe/one_gbe.vhd:163]
INFO: [Synth 8-5534] Detected attribute (* async_reg = "TRUE" *) [/home/valmyrsilva07/virtex7/skarab-virtex7-toolflow/fpgs/ethernet_one_gbe_skarab_control/ethernet_one_gbe_skarab_axi/myproj/myproj.srcs/sources_1/imports/skarab_one_gbe/one_gbe.vhd:164]
	Parameter FABRIC_MAC bound to: 48'b111111111111111111111111111111111111111111111111 
	Parameter FABRIC_IP bound to: 32'b11111111111111111111111111111111 
	Parameter FABRIC_PORT bound to: 16'b1111111111111111 
	Parameter FABRIC_NETMASK bound to: 32'b11111111111111111111111100000000 
	Parameter FABRIC_GATEWAY bound to: 8'b11111111 
	Parameter FABRIC_ENABLE bound to: 1'b0 
	Parameter FABRIC_MC_RECV_IP bound to: 32'b11111111111111111111111111111111 
	Parameter FABRIC_MC_RECV_IP_MASK bound to: 32'b11111111111111111111111111111111 
	Parameter PREEMPHASIS bound to: 4'b0100 
	Parameter POSTEMPHASIS bound to: 5'b00000 
	Parameter DIFFCTRL bound to: 4'b1010 
	Parameter RXEQMIX bound to: 3'b111 
	Parameter CPU_TX_ENABLE bound to: 1 - type: integer 
	Parameter CPU_RX_ENABLE bound to: 1 - type: integer 
	Parameter RX_DIST_RAM bound to: 0 - type: integer 
	Parameter LARGE_PACKETS bound to: 1 - type: integer 
	Parameter TTL bound to: 1 - type: integer 
	Parameter PROMISC_MODE bound to: 0 - type: integer 
INFO: [Synth 8-3491] module 'kat_ten_gb_eth' declared at '/home/valmyrsilva07/virtex7/skarab-virtex7-toolflow/fpgs/ethernet_one_gbe_skarab_control/ethernet_one_gbe_skarab_axi/myproj/myproj.srcs/sources_1/imports/SKA_10GBE_MAC/kat_ten_gb_eth.v:2' bound to instance 'kat_ten_gb_eth_0' of component 'kat_ten_gb_eth' [/home/valmyrsilva07/virtex7/skarab-virtex7-toolflow/fpgs/ethernet_one_gbe_skarab_control/ethernet_one_gbe_skarab_axi/myproj/myproj.srcs/sources_1/imports/skarab_one_gbe/one_gbe.vhd:315]
INFO: [Synth 8-6157] synthesizing module 'kat_ten_gb_eth' [/home/valmyrsilva07/virtex7/skarab-virtex7-toolflow/fpgs/ethernet_one_gbe_skarab_control/ethernet_one_gbe_skarab_axi/myproj/myproj.srcs/sources_1/imports/SKA_10GBE_MAC/kat_ten_gb_eth.v:2]
	Parameter FABRIC_MAC bound to: 48'b111111111111111111111111111111111111111111111111 
	Parameter FABRIC_IP bound to: -1 - type: integer 
	Parameter FABRIC_PORT bound to: 16'b1111111111111111 
	Parameter FABRIC_NETMASK bound to: -256 - type: integer 
	Parameter FABRIC_GATEWAY bound to: 8'b11111111 
	Parameter FABRIC_ENABLE bound to: 1'b0 
	Parameter FABRIC_MC_RECV_IP bound to: -1 - type: integer 
	Parameter FABRIC_MC_RECV_IP_MASK bound to: -1 - type: integer 
	Parameter PREEMPHASIS bound to: 4'b0100 
	Parameter POSTEMPHASIS bound to: 5'b00000 
	Parameter DIFFCTRL bound to: 4'b1010 
	Parameter RXEQMIX bound to: 3'b111 
	Parameter CPU_TX_ENABLE bound to: 1 - type: integer 
	Parameter CPU_RX_ENABLE bound to: 1 - type: integer 
	Parameter RX_DIST_RAM bound to: 0 - type: integer 
	Parameter LARGE_PACKETS bound to: 1 - type: integer 
	Parameter TTL bound to: 1 - type: integer 
	Parameter PROMISC_MODE bound to: 0 - type: integer 
	Parameter LED_WIDTH bound to: 26 - type: integer 
INFO: [Synth 8-5534] Detected attribute (* ASYNC_REG = "true" *) [/home/valmyrsilva07/virtex7/skarab-virtex7-toolflow/fpgs/ethernet_one_gbe_skarab_control/ethernet_one_gbe_skarab_axi/myproj/myproj.srcs/sources_1/imports/SKA_10GBE_MAC/kat_ten_gb_eth.v:249]
INFO: [Synth 8-5534] Detected attribute (* ASYNC_REG = "true" *) [/home/valmyrsilva07/virtex7/skarab-virtex7-toolflow/fpgs/ethernet_one_gbe_skarab_control/ethernet_one_gbe_skarab_axi/myproj/myproj.srcs/sources_1/imports/SKA_10GBE_MAC/kat_ten_gb_eth.v:250]
INFO: [Synth 8-5534] Detected attribute (* ASYNC_REG = "true" *) [/home/valmyrsilva07/virtex7/skarab-virtex7-toolflow/fpgs/ethernet_one_gbe_skarab_control/ethernet_one_gbe_skarab_axi/myproj/myproj.srcs/sources_1/imports/SKA_10GBE_MAC/kat_ten_gb_eth.v:267]
INFO: [Synth 8-5534] Detected attribute (* ASYNC_REG = "true" *) [/home/valmyrsilva07/virtex7/skarab-virtex7-toolflow/fpgs/ethernet_one_gbe_skarab_control/ethernet_one_gbe_skarab_axi/myproj/myproj.srcs/sources_1/imports/SKA_10GBE_MAC/kat_ten_gb_eth.v:268]
INFO: [Synth 8-5534] Detected attribute (* ASYNC_REG = "true" *) [/home/valmyrsilva07/virtex7/skarab-virtex7-toolflow/fpgs/ethernet_one_gbe_skarab_control/ethernet_one_gbe_skarab_axi/myproj/myproj.srcs/sources_1/imports/SKA_10GBE_MAC/kat_ten_gb_eth.v:388]
INFO: [Synth 8-5534] Detected attribute (* ASYNC_REG = "true" *) [/home/valmyrsilva07/virtex7/skarab-virtex7-toolflow/fpgs/ethernet_one_gbe_skarab_control/ethernet_one_gbe_skarab_axi/myproj/myproj.srcs/sources_1/imports/SKA_10GBE_MAC/kat_ten_gb_eth.v:389]
INFO: [Synth 8-5534] Detected attribute (* ASYNC_REG = "true" *) [/home/valmyrsilva07/virtex7/skarab-virtex7-toolflow/fpgs/ethernet_one_gbe_skarab_control/ethernet_one_gbe_skarab_axi/myproj/myproj.srcs/sources_1/imports/SKA_10GBE_MAC/kat_ten_gb_eth.v:423]
INFO: [Synth 8-5534] Detected attribute (* ASYNC_REG = "true" *) [/home/valmyrsilva07/virtex7/skarab-virtex7-toolflow/fpgs/ethernet_one_gbe_skarab_control/ethernet_one_gbe_skarab_axi/myproj/myproj.srcs/sources_1/imports/SKA_10GBE_MAC/kat_ten_gb_eth.v:424]
INFO: [Synth 8-6157] synthesizing module 'ten_gig_eth_mac' [/home/valmyrsilva07/virtex7/skarab-virtex7-toolflow/fpgs/ethernet_one_gbe_skarab_control/ethernet_one_gbe_skarab_axi/myproj/myproj.srcs/sources_1/imports/SKA_10GBE_MAC/ten_gig_eth_mac.v:62]
INFO: [Synth 8-6157] synthesizing module 'mac_tx' [/home/valmyrsilva07/virtex7/skarab-virtex7-toolflow/fpgs/ethernet_one_gbe_skarab_control/ethernet_one_gbe_skarab_axi/myproj/myproj.srcs/sources_1/imports/SKA_10GBE_MAC/mac_tx.v:3]
	Parameter USE_HARD_CRC bound to: 1 - type: integer 
	Parameter TX_IDLE bound to: 3'b000 
	Parameter TX_SEND_PREAMBLE bound to: 3'b001 
	Parameter TX_SEND_DATA bound to: 3'b010 
	Parameter TX_SEND_END_ALIGNED bound to: 3'b011 
	Parameter TX_SEND_END_NON_ALIGNED bound to: 3'b100 
	Parameter TX_SEND_CORRUPTED_CRC bound to: 3'b101 
	Parameter TX_INTERFRAME bound to: 3'b110 
INFO: [Synth 8-155] case statement is not full and has no default [/home/valmyrsilva07/virtex7/skarab-virtex7-toolflow/fpgs/ethernet_one_gbe_skarab_control/ethernet_one_gbe_skarab_axi/myproj/myproj.srcs/sources_1/imports/SKA_10GBE_MAC/mac_tx.v:60]
INFO: [Synth 8-6157] synthesizing module 'mac_hard_crc_tx' [/home/valmyrsilva07/virtex7/skarab-virtex7-toolflow/fpgs/ethernet_one_gbe_skarab_control/ethernet_one_gbe_skarab_axi/myproj/myproj.srcs/sources_1/imports/SKA_10GBE_MAC/mac_hard_crc_tx.v:3]
INFO: [Synth 8-638] synthesizing module 'tx_crc64' [/home/valmyrsilva07/virtex7/skarab-virtex7-toolflow/fpgs/ethernet_one_gbe_skarab_control/ethernet_one_gbe_skarab_axi/myproj/myproj.srcs/sources_1/imports/SKA_10GBE_MAC/tx_crc64.vhd:49]
INFO: [Synth 8-256] done synthesizing module 'tx_crc64' (5#1) [/home/valmyrsilva07/virtex7/skarab-virtex7-toolflow/fpgs/ethernet_one_gbe_skarab_control/ethernet_one_gbe_skarab_axi/myproj/myproj.srcs/sources_1/imports/SKA_10GBE_MAC/tx_crc64.vhd:49]
INFO: [Synth 8-6155] done synthesizing module 'mac_hard_crc_tx' (6#1) [/home/valmyrsilva07/virtex7/skarab-virtex7-toolflow/fpgs/ethernet_one_gbe_skarab_control/ethernet_one_gbe_skarab_axi/myproj/myproj.srcs/sources_1/imports/SKA_10GBE_MAC/mac_hard_crc_tx.v:3]
INFO: [Synth 8-6155] done synthesizing module 'mac_tx' (7#1) [/home/valmyrsilva07/virtex7/skarab-virtex7-toolflow/fpgs/ethernet_one_gbe_skarab_control/ethernet_one_gbe_skarab_axi/myproj/myproj.srcs/sources_1/imports/SKA_10GBE_MAC/mac_tx.v:3]
INFO: [Synth 8-6157] synthesizing module 'mac_rx' [/home/valmyrsilva07/virtex7/skarab-virtex7-toolflow/fpgs/ethernet_one_gbe_skarab_control/ethernet_one_gbe_skarab_axi/myproj/myproj.srcs/sources_1/imports/SKA_10GBE_MAC/mac_rx.v:3]
	Parameter USE_HARD_CRC bound to: 1 - type: integer 
	Parameter BYPASS_CRC bound to: 0 - type: integer 
	Parameter RX_IDLE bound to: 1'b0 
	Parameter RX_DATA bound to: 1'b1 
INFO: [Synth 8-6157] synthesizing module 'mac_hard_crc' [/home/valmyrsilva07/virtex7/skarab-virtex7-toolflow/fpgs/ethernet_one_gbe_skarab_control/ethernet_one_gbe_skarab_axi/myproj/myproj.srcs/sources_1/imports/SKA_10GBE_MAC/mac_hard_crc.v:4]
INFO: [Synth 8-638] synthesizing module 'rx_crc64' [/home/valmyrsilva07/virtex7/skarab-virtex7-toolflow/fpgs/ethernet_one_gbe_skarab_control/ethernet_one_gbe_skarab_axi/myproj/myproj.srcs/sources_1/imports/SKA_10GBE_MAC/rx_crc64.vhd:56]
INFO: [Synth 8-256] done synthesizing module 'rx_crc64' (8#1) [/home/valmyrsilva07/virtex7/skarab-virtex7-toolflow/fpgs/ethernet_one_gbe_skarab_control/ethernet_one_gbe_skarab_axi/myproj/myproj.srcs/sources_1/imports/SKA_10GBE_MAC/rx_crc64.vhd:56]
INFO: [Synth 8-6155] done synthesizing module 'mac_hard_crc' (9#1) [/home/valmyrsilva07/virtex7/skarab-virtex7-toolflow/fpgs/ethernet_one_gbe_skarab_control/ethernet_one_gbe_skarab_axi/myproj/myproj.srcs/sources_1/imports/SKA_10GBE_MAC/mac_hard_crc.v:4]
INFO: [Synth 8-6155] done synthesizing module 'mac_rx' (10#1) [/home/valmyrsilva07/virtex7/skarab-virtex7-toolflow/fpgs/ethernet_one_gbe_skarab_control/ethernet_one_gbe_skarab_axi/myproj/myproj.srcs/sources_1/imports/SKA_10GBE_MAC/mac_rx.v:3]
INFO: [Synth 8-6155] done synthesizing module 'ten_gig_eth_mac' (11#1) [/home/valmyrsilva07/virtex7/skarab-virtex7-toolflow/fpgs/ethernet_one_gbe_skarab_control/ethernet_one_gbe_skarab_axi/myproj/myproj.srcs/sources_1/imports/SKA_10GBE_MAC/ten_gig_eth_mac.v:62]
INFO: [Synth 8-638] synthesizing module 'wishbone_ten_gb_eth_attach' [/home/valmyrsilva07/virtex7/skarab-virtex7-toolflow/fpgs/ethernet_one_gbe_skarab_control/ethernet_one_gbe_skarab_axi/myproj/myproj.srcs/sources_1/imports/WISHBONE/wishbone_ten_gb_eth_attach.vhd:98]
	Parameter FABRIC_MAC bound to: 48'b111111111111111111111111111111111111111111111111 
	Parameter FABRIC_IP bound to: -1 - type: integer 
	Parameter FABRIC_PORT bound to: 16'b1111111111111111 
	Parameter FABRIC_NETMASK bound to: -256 - type: integer 
	Parameter FABRIC_GATEWAY bound to: 8'b11111111 
	Parameter FABRIC_ENABLE bound to: 1'b0 
	Parameter MC_RECV_IP bound to: -1 - type: integer 
	Parameter MC_RECV_IP_MASK bound to: -1 - type: integer 
	Parameter PREEMPHASIS bound to: 4'b0100 
	Parameter POSTEMPHASIS bound to: 5'b00000 
	Parameter DIFFCTRL bound to: 4'b1010 
	Parameter RXEQMIX bound to: 3'b111 
INFO: [Synth 8-5534] Detected attribute (* async_reg = "TRUE" *) [/home/valmyrsilva07/virtex7/skarab-virtex7-toolflow/fpgs/ethernet_one_gbe_skarab_control/ethernet_one_gbe_skarab_axi/myproj/myproj.srcs/sources_1/imports/WISHBONE/wishbone_ten_gb_eth_attach.vhd:182]
INFO: [Synth 8-5534] Detected attribute (* async_reg = "TRUE" *) [/home/valmyrsilva07/virtex7/skarab-virtex7-toolflow/fpgs/ethernet_one_gbe_skarab_control/ethernet_one_gbe_skarab_axi/myproj/myproj.srcs/sources_1/imports/WISHBONE/wishbone_ten_gb_eth_attach.vhd:183]
WARNING: [Synth 8-6014] Unused sequential element xaui_test_select_reg_reg was removed.  [/home/valmyrsilva07/virtex7/skarab-virtex7-toolflow/fpgs/ethernet_one_gbe_skarab_control/ethernet_one_gbe_skarab_axi/myproj/myproj.srcs/sources_1/imports/WISHBONE/wishbone_ten_gb_eth_attach.vhd:499]
WARNING: [Synth 8-6014] Unused sequential element xaui_rst_local_fault_reg_reg was removed.  [/home/valmyrsilva07/virtex7/skarab-virtex7-toolflow/fpgs/ethernet_one_gbe_skarab_control/ethernet_one_gbe_skarab_axi/myproj/myproj.srcs/sources_1/imports/WISHBONE/wishbone_ten_gb_eth_attach.vhd:502]
WARNING: [Synth 8-6014] Unused sequential element xaui_rst_rx_link_status_reg_reg was removed.  [/home/valmyrsilva07/virtex7/skarab-virtex7-toolflow/fpgs/ethernet_one_gbe_skarab_control/ethernet_one_gbe_skarab_axi/myproj/myproj.srcs/sources_1/imports/WISHBONE/wishbone_ten_gb_eth_attach.vhd:505]
INFO: [Synth 8-256] done synthesizing module 'wishbone_ten_gb_eth_attach' (12#1) [/home/valmyrsilva07/virtex7/skarab-virtex7-toolflow/fpgs/ethernet_one_gbe_skarab_control/ethernet_one_gbe_skarab_axi/myproj/myproj.srcs/sources_1/imports/WISHBONE/wishbone_ten_gb_eth_attach.vhd:98]
INFO: [Synth 8-6157] synthesizing module 'tge_tx' [/home/valmyrsilva07/virtex7/skarab-virtex7-toolflow/fpgs/ethernet_one_gbe_skarab_control/ethernet_one_gbe_skarab_axi/myproj/myproj.srcs/sources_1/imports/SKA_10GBE_MAC/tge_tx.v:2]
	Parameter CPU_ENABLE bound to: 1 - type: integer 
	Parameter LARGE_PACKETS bound to: 1 - type: integer 
	Parameter TTL bound to: 1 - type: integer 
	Parameter TX_IDLE bound to: 4'b0000 
	Parameter TX_SEND_HDR_1 bound to: 4'b0001 
	Parameter TX_SEND_HDR_1_MULTICAST bound to: 4'b0010 
	Parameter TX_SEND_HDR_2 bound to: 4'b0011 
	Parameter TX_SEND_HDR_3 bound to: 4'b0100 
	Parameter TX_SEND_HDR_4 bound to: 4'b0101 
	Parameter TX_SEND_HDR_5 bound to: 4'b0110 
	Parameter TX_SEND_HDR_6 bound to: 4'b0111 
	Parameter TX_SEND_DATA bound to: 4'b1000 
	Parameter TX_SEND_LAST bound to: 4'b1001 
	Parameter TX_CPU_WAIT bound to: 4'b1010 
	Parameter TX_SEND_CPU bound to: 4'b1011 
INFO: [Synth 8-638] synthesizing module 'tx_data_fifo_ext' [/home/valmyrsilva07/virtex7/skarab-virtex7-toolflow/fpgs/ethernet_one_gbe_skarab_control/ethernet_one_gbe_skarab_axi/myproj/myproj.runs/synth_1/.Xil/Vivado-477952-valmyrsilva07-B760M-AORUS-ELITE/realtime/tx_data_fifo_ext_stub.vhdl:20]
INFO: [Synth 8-638] synthesizing module 'tx_fifo_ext' [/home/valmyrsilva07/virtex7/skarab-virtex7-toolflow/fpgs/ethernet_one_gbe_skarab_control/ethernet_one_gbe_skarab_axi/myproj/myproj.runs/synth_1/.Xil/Vivado-477952-valmyrsilva07-B760M-AORUS-ELITE/realtime/tx_fifo_ext_stub.vhdl:20]
INFO: [Synth 8-5534] Detected attribute (* ASYNC_REG = "true" *) [/home/valmyrsilva07/virtex7/skarab-virtex7-toolflow/fpgs/ethernet_one_gbe_skarab_control/ethernet_one_gbe_skarab_axi/myproj/myproj.srcs/sources_1/imports/SKA_10GBE_MAC/tge_tx.v:247]
INFO: [Synth 8-5534] Detected attribute (* ASYNC_REG = "true" *) [/home/valmyrsilva07/virtex7/skarab-virtex7-toolflow/fpgs/ethernet_one_gbe_skarab_control/ethernet_one_gbe_skarab_axi/myproj/myproj.srcs/sources_1/imports/SKA_10GBE_MAC/tge_tx.v:248]
INFO: [Synth 8-638] synthesizing module 'cpu_buffer' [/home/valmyrsilva07/virtex7/skarab-virtex7-toolflow/fpgs/ethernet_one_gbe_skarab_control/ethernet_one_gbe_skarab_axi/myproj/myproj.runs/synth_1/.Xil/Vivado-477952-valmyrsilva07-B760M-AORUS-ELITE/realtime/cpu_buffer_stub.vhdl:21]
INFO: [Synth 8-5534] Detected attribute (* ASYNC_REG = "true" *) [/home/valmyrsilva07/virtex7/skarab-virtex7-toolflow/fpgs/ethernet_one_gbe_skarab_control/ethernet_one_gbe_skarab_axi/myproj/myproj.srcs/sources_1/imports/SKA_10GBE_MAC/tge_tx.v:281]
INFO: [Synth 8-5534] Detected attribute (* ASYNC_REG = "true" *) [/home/valmyrsilva07/virtex7/skarab-virtex7-toolflow/fpgs/ethernet_one_gbe_skarab_control/ethernet_one_gbe_skarab_axi/myproj/myproj.srcs/sources_1/imports/SKA_10GBE_MAC/tge_tx.v:318]
INFO: [Synth 8-5534] Detected attribute (* ASYNC_REG = "true" *) [/home/valmyrsilva07/virtex7/skarab-virtex7-toolflow/fpgs/ethernet_one_gbe_skarab_control/ethernet_one_gbe_skarab_axi/myproj/myproj.srcs/sources_1/imports/SKA_10GBE_MAC/tge_tx.v:319]
INFO: [Synth 8-5534] Detected attribute (* ASYNC_REG = "true" *) [/home/valmyrsilva07/virtex7/skarab-virtex7-toolflow/fpgs/ethernet_one_gbe_skarab_control/ethernet_one_gbe_skarab_axi/myproj/myproj.srcs/sources_1/imports/SKA_10GBE_MAC/tge_tx.v:327]
INFO: [Synth 8-5534] Detected attribute (* ASYNC_REG = "true" *) [/home/valmyrsilva07/virtex7/skarab-virtex7-toolflow/fpgs/ethernet_one_gbe_skarab_control/ethernet_one_gbe_skarab_axi/myproj/myproj.srcs/sources_1/imports/SKA_10GBE_MAC/tge_tx.v:328]
INFO: [Synth 8-5534] Detected attribute (* ASYNC_REG = "true" *) [/home/valmyrsilva07/virtex7/skarab-virtex7-toolflow/fpgs/ethernet_one_gbe_skarab_control/ethernet_one_gbe_skarab_axi/myproj/myproj.srcs/sources_1/imports/SKA_10GBE_MAC/tge_tx.v:370]
INFO: [Synth 8-638] synthesizing module 'tx_packet_fifo' [/home/valmyrsilva07/virtex7/skarab-virtex7-toolflow/fpgs/ethernet_one_gbe_skarab_control/ethernet_one_gbe_skarab_axi/myproj/myproj.runs/synth_1/.Xil/Vivado-477952-valmyrsilva07-B760M-AORUS-ELITE/realtime/tx_packet_fifo_stub.vhdl:23]
INFO: [Synth 8-638] synthesizing module 'tx_packet_ctrl_fifo' [/home/valmyrsilva07/virtex7/skarab-virtex7-toolflow/fpgs/ethernet_one_gbe_skarab_control/ethernet_one_gbe_skarab_axi/myproj/myproj.runs/synth_1/.Xil/Vivado-477952-valmyrsilva07-B760M-AORUS-ELITE/realtime/tx_packet_ctrl_fifo_stub.vhdl:23]
INFO: [Synth 8-638] synthesizing module 'arp_cache' [/home/valmyrsilva07/virtex7/skarab-virtex7-toolflow/fpgs/ethernet_one_gbe_skarab_control/ethernet_one_gbe_skarab_axi/myproj/myproj.runs/synth_1/.Xil/Vivado-477952-valmyrsilva07-B760M-AORUS-ELITE/realtime/arp_cache_stub.vhdl:21]
INFO: [Synth 8-155] case statement is not full and has no default [/home/valmyrsilva07/virtex7/skarab-virtex7-toolflow/fpgs/ethernet_one_gbe_skarab_control/ethernet_one_gbe_skarab_axi/myproj/myproj.srcs/sources_1/imports/SKA_10GBE_MAC/tge_tx.v:439]
INFO: [Synth 8-6155] done synthesizing module 'tge_tx' (13#1) [/home/valmyrsilva07/virtex7/skarab-virtex7-toolflow/fpgs/ethernet_one_gbe_skarab_control/ethernet_one_gbe_skarab_axi/myproj/myproj.srcs/sources_1/imports/SKA_10GBE_MAC/tge_tx.v:2]
INFO: [Synth 8-6157] synthesizing module 'tge_rx' [/home/valmyrsilva07/virtex7/skarab-virtex7-toolflow/fpgs/ethernet_one_gbe_skarab_control/ethernet_one_gbe_skarab_axi/myproj/myproj.srcs/sources_1/imports/SKA_10GBE_MAC/tge_rx.v:2]
	Parameter CPU_ENABLE bound to: 1 - type: integer 
	Parameter USE_DISTRIBUTED_RAM bound to: 0 - type: integer 
	Parameter PROMISC_MODE bound to: 0 - type: integer 
	Parameter RX_IDLE bound to: 3'b000 
	Parameter RX_HDR_WORD_2 bound to: 3'b001 
	Parameter RX_HDR_WORD_3 bound to: 3'b010 
	Parameter RX_HDR_WORD_4 bound to: 3'b011 
	Parameter RX_HDR_WORD_5 bound to: 3'b100 
	Parameter RX_HDR_WORD_6 bound to: 3'b101 
	Parameter RX_DATA bound to: 3'b110 
	Parameter CPU_BUFFERING bound to: 1'b0 
	Parameter CPU_WAIT bound to: 1'b1 
	Parameter APP_RUN bound to: 2'b00 
	Parameter APP_OVER bound to: 2'b10 
	Parameter APP_WAIT bound to: 2'b11 
INFO: [Synth 8-5534] Detected attribute (* ASYNC_REG = "true" *) [/home/valmyrsilva07/virtex7/skarab-virtex7-toolflow/fpgs/ethernet_one_gbe_skarab_control/ethernet_one_gbe_skarab_axi/myproj/myproj.srcs/sources_1/imports/SKA_10GBE_MAC/tge_rx.v:295]
INFO: [Synth 8-5534] Detected attribute (* shreg_extract = "NO" *) [/home/valmyrsilva07/virtex7/skarab-virtex7-toolflow/fpgs/ethernet_one_gbe_skarab_control/ethernet_one_gbe_skarab_axi/myproj/myproj.srcs/sources_1/imports/SKA_10GBE_MAC/tge_rx.v:373]
INFO: [Synth 8-5534] Detected attribute (* ASYNC_REG = "true" *) [/home/valmyrsilva07/virtex7/skarab-virtex7-toolflow/fpgs/ethernet_one_gbe_skarab_control/ethernet_one_gbe_skarab_axi/myproj/myproj.srcs/sources_1/imports/SKA_10GBE_MAC/tge_rx.v:373]
INFO: [Synth 8-5534] Detected attribute (* shreg_extract = "NO" *) [/home/valmyrsilva07/virtex7/skarab-virtex7-toolflow/fpgs/ethernet_one_gbe_skarab_control/ethernet_one_gbe_skarab_axi/myproj/myproj.srcs/sources_1/imports/SKA_10GBE_MAC/tge_rx.v:374]
INFO: [Synth 8-5534] Detected attribute (* ASYNC_REG = "true" *) [/home/valmyrsilva07/virtex7/skarab-virtex7-toolflow/fpgs/ethernet_one_gbe_skarab_control/ethernet_one_gbe_skarab_axi/myproj/myproj.srcs/sources_1/imports/SKA_10GBE_MAC/tge_rx.v:374]
INFO: [Synth 8-5534] Detected attribute (* shreg_extract = "NO" *) [/home/valmyrsilva07/virtex7/skarab-virtex7-toolflow/fpgs/ethernet_one_gbe_skarab_control/ethernet_one_gbe_skarab_axi/myproj/myproj.srcs/sources_1/imports/SKA_10GBE_MAC/tge_rx.v:395]
INFO: [Synth 8-5534] Detected attribute (* ASYNC_REG = "true" *) [/home/valmyrsilva07/virtex7/skarab-virtex7-toolflow/fpgs/ethernet_one_gbe_skarab_control/ethernet_one_gbe_skarab_axi/myproj/myproj.srcs/sources_1/imports/SKA_10GBE_MAC/tge_rx.v:396]
INFO: [Synth 8-5534] Detected attribute (* ASYNC_REG = "true" *) [/home/valmyrsilva07/virtex7/skarab-virtex7-toolflow/fpgs/ethernet_one_gbe_skarab_control/ethernet_one_gbe_skarab_axi/myproj/myproj.srcs/sources_1/imports/SKA_10GBE_MAC/tge_rx.v:397]
INFO: [Synth 8-638] synthesizing module 'rx_packet_fifo_bram' [/home/valmyrsilva07/virtex7/skarab-virtex7-toolflow/fpgs/ethernet_one_gbe_skarab_control/ethernet_one_gbe_skarab_axi/myproj/myproj.runs/synth_1/.Xil/Vivado-477952-valmyrsilva07-B760M-AORUS-ELITE/realtime/rx_packet_fifo_bram_stub.vhdl:22]
INFO: [Synth 8-5534] Detected attribute (* shreg_extract = "NO" *) [/home/valmyrsilva07/virtex7/skarab-virtex7-toolflow/fpgs/ethernet_one_gbe_skarab_control/ethernet_one_gbe_skarab_axi/myproj/myproj.srcs/sources_1/imports/SKA_10GBE_MAC/tge_rx.v:513]
INFO: [Synth 8-5534] Detected attribute (* ASYNC_REG = "true" *) [/home/valmyrsilva07/virtex7/skarab-virtex7-toolflow/fpgs/ethernet_one_gbe_skarab_control/ethernet_one_gbe_skarab_axi/myproj/myproj.srcs/sources_1/imports/SKA_10GBE_MAC/tge_rx.v:513]
INFO: [Synth 8-5534] Detected attribute (* shreg_extract = "NO" *) [/home/valmyrsilva07/virtex7/skarab-virtex7-toolflow/fpgs/ethernet_one_gbe_skarab_control/ethernet_one_gbe_skarab_axi/myproj/myproj.srcs/sources_1/imports/SKA_10GBE_MAC/tge_rx.v:514]
INFO: [Synth 8-5534] Detected attribute (* ASYNC_REG = "true" *) [/home/valmyrsilva07/virtex7/skarab-virtex7-toolflow/fpgs/ethernet_one_gbe_skarab_control/ethernet_one_gbe_skarab_axi/myproj/myproj.srcs/sources_1/imports/SKA_10GBE_MAC/tge_rx.v:514]
INFO: [Synth 8-5534] Detected attribute (* shreg_extract = "NO" *) [/home/valmyrsilva07/virtex7/skarab-virtex7-toolflow/fpgs/ethernet_one_gbe_skarab_control/ethernet_one_gbe_skarab_axi/myproj/myproj.srcs/sources_1/imports/SKA_10GBE_MAC/tge_rx.v:550]
INFO: [Synth 8-5534] Detected attribute (* ASYNC_REG = "true" *) [/home/valmyrsilva07/virtex7/skarab-virtex7-toolflow/fpgs/ethernet_one_gbe_skarab_control/ethernet_one_gbe_skarab_axi/myproj/myproj.srcs/sources_1/imports/SKA_10GBE_MAC/tge_rx.v:550]
INFO: [Synth 8-5534] Detected attribute (* shreg_extract = "NO" *) [/home/valmyrsilva07/virtex7/skarab-virtex7-toolflow/fpgs/ethernet_one_gbe_skarab_control/ethernet_one_gbe_skarab_axi/myproj/myproj.srcs/sources_1/imports/SKA_10GBE_MAC/tge_rx.v:551]
INFO: [Synth 8-5534] Detected attribute (* ASYNC_REG = "true" *) [/home/valmyrsilva07/virtex7/skarab-virtex7-toolflow/fpgs/ethernet_one_gbe_skarab_control/ethernet_one_gbe_skarab_axi/myproj/myproj.srcs/sources_1/imports/SKA_10GBE_MAC/tge_rx.v:551]
INFO: [Synth 8-155] case statement is not full and has no default [/home/valmyrsilva07/virtex7/skarab-virtex7-toolflow/fpgs/ethernet_one_gbe_skarab_control/ethernet_one_gbe_skarab_axi/myproj/myproj.srcs/sources_1/imports/SKA_10GBE_MAC/tge_rx.v:128]
INFO: [Synth 8-251] tge_rx_cpu: got good frame, waiting for buffer to become available [/home/valmyrsilva07/virtex7/skarab-virtex7-toolflow/fpgs/ethernet_one_gbe_skarab_control/ethernet_one_gbe_skarab_axi/myproj/myproj.srcs/sources_1/imports/SKA_10GBE_MAC/tge_rx.v:347]
INFO: [Synth 8-251] tge_rx_cpu: buffer free, swapping now [/home/valmyrsilva07/virtex7/skarab-virtex7-toolflow/fpgs/ethernet_one_gbe_skarab_control/ethernet_one_gbe_skarab_axi/myproj/myproj.srcs/sources_1/imports/SKA_10GBE_MAC/tge_rx.v:356]
INFO: [Synth 8-638] synthesizing module 'rx_packet_ctrl_fifo' [/home/valmyrsilva07/virtex7/skarab-virtex7-toolflow/fpgs/ethernet_one_gbe_skarab_control/ethernet_one_gbe_skarab_axi/myproj/myproj.runs/synth_1/.Xil/Vivado-477952-valmyrsilva07-B760M-AORUS-ELITE/realtime/rx_packet_ctrl_fifo_stub.vhdl:22]
INFO: [Synth 8-155] case statement is not full and has no default [/home/valmyrsilva07/virtex7/skarab-virtex7-toolflow/fpgs/ethernet_one_gbe_skarab_control/ethernet_one_gbe_skarab_axi/myproj/myproj.srcs/sources_1/imports/SKA_10GBE_MAC/tge_rx.v:524]
INFO: [Synth 8-6155] done synthesizing module 'tge_rx' (14#1) [/home/valmyrsilva07/virtex7/skarab-virtex7-toolflow/fpgs/ethernet_one_gbe_skarab_control/ethernet_one_gbe_skarab_axi/myproj/myproj.srcs/sources_1/imports/SKA_10GBE_MAC/tge_rx.v:2]
INFO: [Synth 8-155] case statement is not full and has no default [/home/valmyrsilva07/virtex7/skarab-virtex7-toolflow/fpgs/ethernet_one_gbe_skarab_control/ethernet_one_gbe_skarab_axi/myproj/myproj.srcs/sources_1/imports/SKA_10GBE_MAC/kat_ten_gb_eth.v:397]
INFO: [Synth 8-6155] done synthesizing module 'kat_ten_gb_eth' (15#1) [/home/valmyrsilva07/virtex7/skarab-virtex7-toolflow/fpgs/ethernet_one_gbe_skarab_control/ethernet_one_gbe_skarab_axi/myproj/myproj.srcs/sources_1/imports/SKA_10GBE_MAC/kat_ten_gb_eth.v:2]
INFO: [Synth 8-3491] module 'xaui_to_gmii_translator' declared at '/home/valmyrsilva07/virtex7/skarab-virtex7-toolflow/fpgs/ethernet_one_gbe_skarab_control/ethernet_one_gbe_skarab_axi/myproj/myproj.srcs/sources_1/imports/skarab_one_gbe/xaui_to_gmii_translator.vhd:28' bound to instance 'xaui_to_gmii_translator_0' of component 'xaui_to_gmii_translator' [/home/valmyrsilva07/virtex7/skarab-virtex7-toolflow/fpgs/ethernet_one_gbe_skarab_control/ethernet_one_gbe_skarab_axi/myproj/myproj.srcs/sources_1/imports/skarab_one_gbe/one_gbe.vhd:430]
INFO: [Synth 8-638] synthesizing module 'xaui_to_gmii_translator' [/home/valmyrsilva07/virtex7/skarab-virtex7-toolflow/fpgs/ethernet_one_gbe_skarab_control/ethernet_one_gbe_skarab_axi/myproj/myproj.srcs/sources_1/imports/skarab_one_gbe/xaui_to_gmii_translator.vhd:50]
INFO: [Synth 8-3491] module 'xaui_to_gmii_fifo' declared at '/home/valmyrsilva07/virtex7/skarab-virtex7-toolflow/fpgs/ethernet_one_gbe_skarab_control/ethernet_one_gbe_skarab_axi/myproj/myproj.runs/synth_1/.Xil/Vivado-477952-valmyrsilva07-B760M-AORUS-ELITE/realtime/xaui_to_gmii_fifo_stub.vhdl:5' bound to instance 'xaui_to_gmii_fifo_0' of component 'xaui_to_gmii_fifo' [/home/valmyrsilva07/virtex7/skarab-virtex7-toolflow/fpgs/ethernet_one_gbe_skarab_control/ethernet_one_gbe_skarab_axi/myproj/myproj.srcs/sources_1/imports/skarab_one_gbe/xaui_to_gmii_translator.vhd:161]
INFO: [Synth 8-638] synthesizing module 'xaui_to_gmii_fifo' [/home/valmyrsilva07/virtex7/skarab-virtex7-toolflow/fpgs/ethernet_one_gbe_skarab_control/ethernet_one_gbe_skarab_axi/myproj/myproj.runs/synth_1/.Xil/Vivado-477952-valmyrsilva07-B760M-AORUS-ELITE/realtime/xaui_to_gmii_fifo_stub.vhdl:21]
INFO: [Synth 8-256] done synthesizing module 'xaui_to_gmii_translator' (16#1) [/home/valmyrsilva07/virtex7/skarab-virtex7-toolflow/fpgs/ethernet_one_gbe_skarab_control/ethernet_one_gbe_skarab_axi/myproj/myproj.srcs/sources_1/imports/skarab_one_gbe/xaui_to_gmii_translator.vhd:50]
INFO: [Synth 8-3491] module 'gmii_to_xaui_translator' declared at '/home/valmyrsilva07/virtex7/skarab-virtex7-toolflow/fpgs/ethernet_one_gbe_skarab_control/ethernet_one_gbe_skarab_axi/myproj/myproj.srcs/sources_1/imports/skarab_one_gbe/gmii_to_xaui_translator.vhd:28' bound to instance 'gmii_to_xaui_translator_0' of component 'gmii_to_xaui_translator' [/home/valmyrsilva07/virtex7/skarab-virtex7-toolflow/fpgs/ethernet_one_gbe_skarab_control/ethernet_one_gbe_skarab_axi/myproj/myproj.srcs/sources_1/imports/skarab_one_gbe/one_gbe.vhd:464]
INFO: [Synth 8-638] synthesizing module 'gmii_to_xaui_translator' [/home/valmyrsilva07/virtex7/skarab-virtex7-toolflow/fpgs/ethernet_one_gbe_skarab_control/ethernet_one_gbe_skarab_axi/myproj/myproj.srcs/sources_1/imports/skarab_one_gbe/gmii_to_xaui_translator.vhd:47]
INFO: [Synth 8-3491] module 'gmii_to_xaui_fifo' declared at '/home/valmyrsilva07/virtex7/skarab-virtex7-toolflow/fpgs/ethernet_one_gbe_skarab_control/ethernet_one_gbe_skarab_axi/myproj/myproj.runs/synth_1/.Xil/Vivado-477952-valmyrsilva07-B760M-AORUS-ELITE/realtime/gmii_to_xaui_fifo_stub.vhdl:5' bound to instance 'gmii_to_xaui_fifo_0' of component 'gmii_to_xaui_fifo' [/home/valmyrsilva07/virtex7/skarab-virtex7-toolflow/fpgs/ethernet_one_gbe_skarab_control/ethernet_one_gbe_skarab_axi/myproj/myproj.srcs/sources_1/imports/skarab_one_gbe/gmii_to_xaui_translator.vhd:288]
INFO: [Synth 8-638] synthesizing module 'gmii_to_xaui_fifo' [/home/valmyrsilva07/virtex7/skarab-virtex7-toolflow/fpgs/ethernet_one_gbe_skarab_control/ethernet_one_gbe_skarab_axi/myproj/myproj.runs/synth_1/.Xil/Vivado-477952-valmyrsilva07-B760M-AORUS-ELITE/realtime/gmii_to_xaui_fifo_stub.vhdl:21]
INFO: [Synth 8-3491] module 'packet_byte_count_fifo' declared at '/home/valmyrsilva07/virtex7/skarab-virtex7-toolflow/fpgs/ethernet_one_gbe_skarab_control/ethernet_one_gbe_skarab_axi/myproj/myproj.runs/synth_1/.Xil/Vivado-477952-valmyrsilva07-B760M-AORUS-ELITE/realtime/packet_byte_count_fifo_stub.vhdl:5' bound to instance 'packet_byte_count_fifo_0' of component 'packet_byte_count_fifo' [/home/valmyrsilva07/virtex7/skarab-virtex7-toolflow/fpgs/ethernet_one_gbe_skarab_control/ethernet_one_gbe_skarab_axi/myproj/myproj.srcs/sources_1/imports/skarab_one_gbe/gmii_to_xaui_translator.vhd:309]
INFO: [Synth 8-638] synthesizing module 'packet_byte_count_fifo' [/home/valmyrsilva07/virtex7/skarab-virtex7-toolflow/fpgs/ethernet_one_gbe_skarab_control/ethernet_one_gbe_skarab_axi/myproj/myproj.runs/synth_1/.Xil/Vivado-477952-valmyrsilva07-B760M-AORUS-ELITE/realtime/packet_byte_count_fifo_stub.vhdl:21]
INFO: [Synth 8-256] done synthesizing module 'gmii_to_xaui_translator' (17#1) [/home/valmyrsilva07/virtex7/skarab-virtex7-toolflow/fpgs/ethernet_one_gbe_skarab_control/ethernet_one_gbe_skarab_axi/myproj/myproj.srcs/sources_1/imports/skarab_one_gbe/gmii_to_xaui_translator.vhd:47]
WARNING: [Synth 8-5640] Port 'gtrefclk_bufg_out' is missing in component declaration [/home/valmyrsilva07/virtex7/skarab-virtex7-toolflow/fpgs/ethernet_one_gbe_skarab_control/ethernet_one_gbe_skarab_axi/myproj/myproj.srcs/sources_1/imports/skarab_one_gbe/one_gbe.vhd:272]
INFO: [Synth 8-3491] module 'gmii_to_sgmii' declared at '/home/valmyrsilva07/virtex7/skarab-virtex7-toolflow/fpgs/ethernet_one_gbe_skarab_control/ethernet_one_gbe_skarab_axi/myproj/myproj.runs/synth_1/.Xil/Vivado-477952-valmyrsilva07-B760M-AORUS-ELITE/realtime/gmii_to_sgmii_stub.vhdl:5' bound to instance 'gmii_to_sgmii_0' of component 'gmii_to_sgmii' [/home/valmyrsilva07/virtex7/skarab-virtex7-toolflow/fpgs/ethernet_one_gbe_skarab_control/ethernet_one_gbe_skarab_axi/myproj/myproj.srcs/sources_1/imports/skarab_one_gbe/one_gbe.vhd:566]
INFO: [Synth 8-638] synthesizing module 'gmii_to_sgmii' [/home/valmyrsilva07/virtex7/skarab-virtex7-toolflow/fpgs/ethernet_one_gbe_skarab_control/ethernet_one_gbe_skarab_axi/myproj/myproj.runs/synth_1/.Xil/Vivado-477952-valmyrsilva07-B760M-AORUS-ELITE/realtime/gmii_to_sgmii_stub.vhdl:48]
WARNING: [Synth 8-6014] Unused sequential element xaui_packets_sent_reg was removed.  [/home/valmyrsilva07/virtex7/skarab-virtex7-toolflow/fpgs/ethernet_one_gbe_skarab_control/ethernet_one_gbe_skarab_axi/myproj/myproj.srcs/sources_1/imports/skarab_one_gbe/one_gbe.vhd:401]
WARNING: [Synth 8-6014] Unused sequential element gmii_tx_en_z_reg was removed.  [/home/valmyrsilva07/virtex7/skarab-virtex7-toolflow/fpgs/ethernet_one_gbe_skarab_control/ethernet_one_gbe_skarab_axi/myproj/myproj.srcs/sources_1/imports/skarab_one_gbe/one_gbe.vhd:449]
WARNING: [Synth 8-6014] Unused sequential element gmii_packets_sent_reg was removed.  [/home/valmyrsilva07/virtex7/skarab-virtex7-toolflow/fpgs/ethernet_one_gbe_skarab_control/ethernet_one_gbe_skarab_axi/myproj/myproj.srcs/sources_1/imports/skarab_one_gbe/one_gbe.vhd:456]
INFO: [Synth 8-256] done synthesizing module 'one_gbe' (18#1) [/home/valmyrsilva07/virtex7/skarab-virtex7-toolflow/fpgs/ethernet_one_gbe_skarab_control/ethernet_one_gbe_skarab_axi/myproj/myproj.srcs/sources_1/imports/skarab_one_gbe/one_gbe.vhd:71]
WARNING: [Synth 8-689] width (1) of port connection 'gbe_status_vector' does not match port width (16) of module 'one_gbe' [/home/valmyrsilva07/virtex7/skarab-virtex7-toolflow/fpgs/ethernet_one_gbe_skarab_control/ethernet_one_gbe_skarab_axi/myproj/myproj.srcs/sources_1/imports/ethernet_one_gbe_skarab_axi/top.v:520]
WARNING: [Synth 8-689] width (8) of port connection 'gmii_rx_data' does not match port width (64) of module 'one_gbe' [/home/valmyrsilva07/virtex7/skarab-virtex7-toolflow/fpgs/ethernet_one_gbe_skarab_control/ethernet_one_gbe_skarab_axi/myproj/myproj.srcs/sources_1/imports/ethernet_one_gbe_skarab_axi/top.v:524]
WARNING: [Synth 8-7023] instance 'ethernet_one_gbe_skarab_axi_tx_one_gbe' of module 'one_gbe' has 46 connections declared, but only 44 given [/home/valmyrsilva07/virtex7/skarab-virtex7-toolflow/fpgs/ethernet_one_gbe_skarab_control/ethernet_one_gbe_skarab_axi/myproj/myproj.srcs/sources_1/imports/ethernet_one_gbe_skarab_axi/top.v:509]
INFO: [Synth 8-638] synthesizing module 'skarab_infr' [/home/valmyrsilva07/virtex7/skarab-virtex7-toolflow/fpgs/ethernet_one_gbe_skarab_control/ethernet_one_gbe_skarab_axi/myproj/myproj.srcs/sources_1/imports/skarab_infr/skarab_infr.vhd:247]
	Parameter MULTIPLY bound to: 24.000000 - type: float 
	Parameter DIVIDE bound to: 5.000000 - type: float 
	Parameter DIVCLK bound to: 5 - type: integer 
INFO: [Synth 8-5534] Detected attribute (* async_reg = "TRUE" *) [/home/valmyrsilva07/virtex7/skarab-virtex7-toolflow/fpgs/ethernet_one_gbe_skarab_control/ethernet_one_gbe_skarab_axi/myproj/myproj.srcs/sources_1/imports/skarab_infr/skarab_infr.vhd:513]
INFO: [Synth 8-5534] Detected attribute (* async_reg = "TRUE" *) [/home/valmyrsilva07/virtex7/skarab-virtex7-toolflow/fpgs/ethernet_one_gbe_skarab_control/ethernet_one_gbe_skarab_axi/myproj/myproj.srcs/sources_1/imports/skarab_infr/skarab_infr.vhd:514]
INFO: [Synth 8-5534] Detected attribute (* async_reg = "TRUE" *) [/home/valmyrsilva07/virtex7/skarab-virtex7-toolflow/fpgs/ethernet_one_gbe_skarab_control/ethernet_one_gbe_skarab_axi/myproj/myproj.srcs/sources_1/imports/skarab_infr/skarab_infr.vhd:523]
INFO: [Synth 8-5534] Detected attribute (* async_reg = "TRUE" *) [/home/valmyrsilva07/virtex7/skarab-virtex7-toolflow/fpgs/ethernet_one_gbe_skarab_control/ethernet_one_gbe_skarab_axi/myproj/myproj.srcs/sources_1/imports/skarab_infr/skarab_infr.vhd:524]
INFO: [Synth 8-5534] Detected attribute (* async_reg = "TRUE" *) [/home/valmyrsilva07/virtex7/skarab-virtex7-toolflow/fpgs/ethernet_one_gbe_skarab_control/ethernet_one_gbe_skarab_axi/myproj/myproj.srcs/sources_1/imports/skarab_infr/skarab_infr.vhd:528]
INFO: [Synth 8-5534] Detected attribute (* async_reg = "TRUE" *) [/home/valmyrsilva07/virtex7/skarab-virtex7-toolflow/fpgs/ethernet_one_gbe_skarab_control/ethernet_one_gbe_skarab_axi/myproj/myproj.srcs/sources_1/imports/skarab_infr/skarab_infr.vhd:529]
INFO: [Synth 8-5534] Detected attribute (* async_reg = "TRUE" *) [/home/valmyrsilva07/virtex7/skarab-virtex7-toolflow/fpgs/ethernet_one_gbe_skarab_control/ethernet_one_gbe_skarab_axi/myproj/myproj.srcs/sources_1/imports/skarab_infr/skarab_infr.vhd:533]
INFO: [Synth 8-5534] Detected attribute (* async_reg = "TRUE" *) [/home/valmyrsilva07/virtex7/skarab-virtex7-toolflow/fpgs/ethernet_one_gbe_skarab_control/ethernet_one_gbe_skarab_axi/myproj/myproj.srcs/sources_1/imports/skarab_infr/skarab_infr.vhd:534]
INFO: [Synth 8-5534] Detected attribute (* async_reg = "TRUE" *) [/home/valmyrsilva07/virtex7/skarab-virtex7-toolflow/fpgs/ethernet_one_gbe_skarab_control/ethernet_one_gbe_skarab_axi/myproj/myproj.srcs/sources_1/imports/skarab_infr/skarab_infr.vhd:644]
INFO: [Synth 8-5534] Detected attribute (* async_reg = "TRUE" *) [/home/valmyrsilva07/virtex7/skarab-virtex7-toolflow/fpgs/ethernet_one_gbe_skarab_control/ethernet_one_gbe_skarab_axi/myproj/myproj.srcs/sources_1/imports/skarab_infr/skarab_infr.vhd:645]
INFO: [Synth 8-5534] Detected attribute (* async_reg = "TRUE" *) [/home/valmyrsilva07/virtex7/skarab-virtex7-toolflow/fpgs/ethernet_one_gbe_skarab_control/ethernet_one_gbe_skarab_axi/myproj/myproj.srcs/sources_1/imports/skarab_infr/skarab_infr.vhd:646]
INFO: [Synth 8-5534] Detected attribute (* async_reg = "TRUE" *) [/home/valmyrsilva07/virtex7/skarab-virtex7-toolflow/fpgs/ethernet_one_gbe_skarab_control/ethernet_one_gbe_skarab_axi/myproj/myproj.srcs/sources_1/imports/skarab_infr/skarab_infr.vhd:651]
INFO: [Synth 8-5534] Detected attribute (* async_reg = "TRUE" *) [/home/valmyrsilva07/virtex7/skarab-virtex7-toolflow/fpgs/ethernet_one_gbe_skarab_control/ethernet_one_gbe_skarab_axi/myproj/myproj.srcs/sources_1/imports/skarab_infr/skarab_infr.vhd:652]
INFO: [Synth 8-5534] Detected attribute (* async_reg = "TRUE" *) [/home/valmyrsilva07/virtex7/skarab-virtex7-toolflow/fpgs/ethernet_one_gbe_skarab_control/ethernet_one_gbe_skarab_axi/myproj/myproj.srcs/sources_1/imports/skarab_infr/skarab_infr.vhd:653]
INFO: [Synth 8-5534] Detected attribute (* async_reg = "TRUE" *) [/home/valmyrsilva07/virtex7/skarab-virtex7-toolflow/fpgs/ethernet_one_gbe_skarab_control/ethernet_one_gbe_skarab_axi/myproj/myproj.srcs/sources_1/imports/skarab_infr/skarab_infr.vhd:662]
INFO: [Synth 8-5534] Detected attribute (* async_reg = "TRUE" *) [/home/valmyrsilva07/virtex7/skarab-virtex7-toolflow/fpgs/ethernet_one_gbe_skarab_control/ethernet_one_gbe_skarab_axi/myproj/myproj.srcs/sources_1/imports/skarab_infr/skarab_infr.vhd:663]
INFO: [Synth 8-5534] Detected attribute (* async_reg = "TRUE" *) [/home/valmyrsilva07/virtex7/skarab-virtex7-toolflow/fpgs/ethernet_one_gbe_skarab_control/ethernet_one_gbe_skarab_axi/myproj/myproj.srcs/sources_1/imports/skarab_infr/skarab_infr.vhd:664]
INFO: [Synth 8-5534] Detected attribute (* async_reg = "TRUE" *) [/home/valmyrsilva07/virtex7/skarab-virtex7-toolflow/fpgs/ethernet_one_gbe_skarab_control/ethernet_one_gbe_skarab_axi/myproj/myproj.srcs/sources_1/imports/skarab_infr/skarab_infr.vhd:669]
INFO: [Synth 8-5534] Detected attribute (* async_reg = "TRUE" *) [/home/valmyrsilva07/virtex7/skarab-virtex7-toolflow/fpgs/ethernet_one_gbe_skarab_control/ethernet_one_gbe_skarab_axi/myproj/myproj.srcs/sources_1/imports/skarab_infr/skarab_infr.vhd:670]
INFO: [Synth 8-5534] Detected attribute (* async_reg = "TRUE" *) [/home/valmyrsilva07/virtex7/skarab-virtex7-toolflow/fpgs/ethernet_one_gbe_skarab_control/ethernet_one_gbe_skarab_axi/myproj/myproj.srcs/sources_1/imports/skarab_infr/skarab_infr.vhd:671]
INFO: [Synth 8-5534] Detected attribute (* async_reg = "TRUE" *) [/home/valmyrsilva07/virtex7/skarab-virtex7-toolflow/fpgs/ethernet_one_gbe_skarab_control/ethernet_one_gbe_skarab_axi/myproj/myproj.srcs/sources_1/imports/skarab_infr/skarab_infr.vhd:676]
INFO: [Synth 8-5534] Detected attribute (* async_reg = "TRUE" *) [/home/valmyrsilva07/virtex7/skarab-virtex7-toolflow/fpgs/ethernet_one_gbe_skarab_control/ethernet_one_gbe_skarab_axi/myproj/myproj.srcs/sources_1/imports/skarab_infr/skarab_infr.vhd:677]
INFO: [Synth 8-5534] Detected attribute (* async_reg = "TRUE" *) [/home/valmyrsilva07/virtex7/skarab-virtex7-toolflow/fpgs/ethernet_one_gbe_skarab_control/ethernet_one_gbe_skarab_axi/myproj/myproj.srcs/sources_1/imports/skarab_infr/skarab_infr.vhd:678]
INFO: [Synth 8-5534] Detected attribute (* async_reg = "TRUE" *) [/home/valmyrsilva07/virtex7/skarab-virtex7-toolflow/fpgs/ethernet_one_gbe_skarab_control/ethernet_one_gbe_skarab_axi/myproj/myproj.srcs/sources_1/imports/skarab_infr/skarab_infr.vhd:683]
INFO: [Synth 8-5534] Detected attribute (* async_reg = "TRUE" *) [/home/valmyrsilva07/virtex7/skarab-virtex7-toolflow/fpgs/ethernet_one_gbe_skarab_control/ethernet_one_gbe_skarab_axi/myproj/myproj.srcs/sources_1/imports/skarab_infr/skarab_infr.vhd:684]
INFO: [Synth 8-5534] Detected attribute (* async_reg = "TRUE" *) [/home/valmyrsilva07/virtex7/skarab-virtex7-toolflow/fpgs/ethernet_one_gbe_skarab_control/ethernet_one_gbe_skarab_axi/myproj/myproj.srcs/sources_1/imports/skarab_infr/skarab_infr.vhd:685]
INFO: [Synth 8-5534] Detected attribute (* async_reg = "TRUE" *) [/home/valmyrsilva07/virtex7/skarab-virtex7-toolflow/fpgs/ethernet_one_gbe_skarab_control/ethernet_one_gbe_skarab_axi/myproj/myproj.srcs/sources_1/imports/skarab_infr/skarab_infr.vhd:821]
INFO: [Synth 8-5534] Detected attribute (* async_reg = "TRUE" *) [/home/valmyrsilva07/virtex7/skarab-virtex7-toolflow/fpgs/ethernet_one_gbe_skarab_control/ethernet_one_gbe_skarab_axi/myproj/myproj.srcs/sources_1/imports/skarab_infr/skarab_infr.vhd:822]
INFO: [Synth 8-5534] Detected attribute (* async_reg = "TRUE" *) [/home/valmyrsilva07/virtex7/skarab-virtex7-toolflow/fpgs/ethernet_one_gbe_skarab_control/ethernet_one_gbe_skarab_axi/myproj/myproj.srcs/sources_1/imports/skarab_infr/skarab_infr.vhd:827]
INFO: [Synth 8-5534] Detected attribute (* async_reg = "TRUE" *) [/home/valmyrsilva07/virtex7/skarab-virtex7-toolflow/fpgs/ethernet_one_gbe_skarab_control/ethernet_one_gbe_skarab_axi/myproj/myproj.srcs/sources_1/imports/skarab_infr/skarab_infr.vhd:828]
INFO: [Synth 8-5534] Detected attribute (* async_reg = "TRUE" *) [/home/valmyrsilva07/virtex7/skarab-virtex7-toolflow/fpgs/ethernet_one_gbe_skarab_control/ethernet_one_gbe_skarab_axi/myproj/myproj.srcs/sources_1/imports/skarab_infr/skarab_infr.vhd:831]
INFO: [Synth 8-5534] Detected attribute (* async_reg = "TRUE" *) [/home/valmyrsilva07/virtex7/skarab-virtex7-toolflow/fpgs/ethernet_one_gbe_skarab_control/ethernet_one_gbe_skarab_axi/myproj/myproj.srcs/sources_1/imports/skarab_infr/skarab_infr.vhd:832]
INFO: [Synth 8-5534] Detected attribute (* async_reg = "TRUE" *) [/home/valmyrsilva07/virtex7/skarab-virtex7-toolflow/fpgs/ethernet_one_gbe_skarab_control/ethernet_one_gbe_skarab_axi/myproj/myproj.srcs/sources_1/imports/skarab_infr/skarab_infr.vhd:835]
INFO: [Synth 8-5534] Detected attribute (* async_reg = "TRUE" *) [/home/valmyrsilva07/virtex7/skarab-virtex7-toolflow/fpgs/ethernet_one_gbe_skarab_control/ethernet_one_gbe_skarab_axi/myproj/myproj.srcs/sources_1/imports/skarab_infr/skarab_infr.vhd:836]
INFO: [Synth 8-5534] Detected attribute (* async_reg = "TRUE" *) [/home/valmyrsilva07/virtex7/skarab-virtex7-toolflow/fpgs/ethernet_one_gbe_skarab_control/ethernet_one_gbe_skarab_axi/myproj/myproj.srcs/sources_1/imports/skarab_infr/skarab_infr.vhd:841]
INFO: [Synth 8-5534] Detected attribute (* async_reg = "TRUE" *) [/home/valmyrsilva07/virtex7/skarab-virtex7-toolflow/fpgs/ethernet_one_gbe_skarab_control/ethernet_one_gbe_skarab_axi/myproj/myproj.srcs/sources_1/imports/skarab_infr/skarab_infr.vhd:842]
INFO: [Synth 8-5534] Detected attribute (* async_reg = "TRUE" *) [/home/valmyrsilva07/virtex7/skarab-virtex7-toolflow/fpgs/ethernet_one_gbe_skarab_control/ethernet_one_gbe_skarab_axi/myproj/myproj.srcs/sources_1/imports/skarab_infr/skarab_infr.vhd:845]
INFO: [Synth 8-5534] Detected attribute (* async_reg = "TRUE" *) [/home/valmyrsilva07/virtex7/skarab-virtex7-toolflow/fpgs/ethernet_one_gbe_skarab_control/ethernet_one_gbe_skarab_axi/myproj/myproj.srcs/sources_1/imports/skarab_infr/skarab_infr.vhd:846]
INFO: [Synth 8-5534] Detected attribute (* async_reg = "TRUE" *) [/home/valmyrsilva07/virtex7/skarab-virtex7-toolflow/fpgs/ethernet_one_gbe_skarab_control/ethernet_one_gbe_skarab_axi/myproj/myproj.srcs/sources_1/imports/skarab_infr/skarab_infr.vhd:849]
INFO: [Synth 8-5534] Detected attribute (* async_reg = "TRUE" *) [/home/valmyrsilva07/virtex7/skarab-virtex7-toolflow/fpgs/ethernet_one_gbe_skarab_control/ethernet_one_gbe_skarab_axi/myproj/myproj.srcs/sources_1/imports/skarab_infr/skarab_infr.vhd:850]
INFO: [Synth 8-5534] Detected attribute (* async_reg = "TRUE" *) [/home/valmyrsilva07/virtex7/skarab-virtex7-toolflow/fpgs/ethernet_one_gbe_skarab_control/ethernet_one_gbe_skarab_axi/myproj/myproj.srcs/sources_1/imports/skarab_infr/skarab_infr.vhd:853]
INFO: [Synth 8-5534] Detected attribute (* async_reg = "TRUE" *) [/home/valmyrsilva07/virtex7/skarab-virtex7-toolflow/fpgs/ethernet_one_gbe_skarab_control/ethernet_one_gbe_skarab_axi/myproj/myproj.srcs/sources_1/imports/skarab_infr/skarab_infr.vhd:854]
INFO: [Synth 8-5534] Detected attribute (* async_reg = "TRUE" *) [/home/valmyrsilva07/virtex7/skarab-virtex7-toolflow/fpgs/ethernet_one_gbe_skarab_control/ethernet_one_gbe_skarab_axi/myproj/myproj.srcs/sources_1/imports/skarab_infr/skarab_infr.vhd:859]
INFO: [Synth 8-5534] Detected attribute (* async_reg = "TRUE" *) [/home/valmyrsilva07/virtex7/skarab-virtex7-toolflow/fpgs/ethernet_one_gbe_skarab_control/ethernet_one_gbe_skarab_axi/myproj/myproj.srcs/sources_1/imports/skarab_infr/skarab_infr.vhd:860]
INFO: [Synth 8-5534] Detected attribute (* async_reg = "TRUE" *) [/home/valmyrsilva07/virtex7/skarab-virtex7-toolflow/fpgs/ethernet_one_gbe_skarab_control/ethernet_one_gbe_skarab_axi/myproj/myproj.srcs/sources_1/imports/skarab_infr/skarab_infr.vhd:863]
INFO: [Synth 8-5534] Detected attribute (* async_reg = "TRUE" *) [/home/valmyrsilva07/virtex7/skarab-virtex7-toolflow/fpgs/ethernet_one_gbe_skarab_control/ethernet_one_gbe_skarab_axi/myproj/myproj.srcs/sources_1/imports/skarab_infr/skarab_infr.vhd:864]
INFO: [Synth 8-5534] Detected attribute (* async_reg = "TRUE" *) [/home/valmyrsilva07/virtex7/skarab-virtex7-toolflow/fpgs/ethernet_one_gbe_skarab_control/ethernet_one_gbe_skarab_axi/myproj/myproj.srcs/sources_1/imports/skarab_infr/skarab_infr.vhd:867]
INFO: [Synth 8-5534] Detected attribute (* async_reg = "TRUE" *) [/home/valmyrsilva07/virtex7/skarab-virtex7-toolflow/fpgs/ethernet_one_gbe_skarab_control/ethernet_one_gbe_skarab_axi/myproj/myproj.srcs/sources_1/imports/skarab_infr/skarab_infr.vhd:868]
INFO: [Synth 8-5534] Detected attribute (* async_reg = "TRUE" *) [/home/valmyrsilva07/virtex7/skarab-virtex7-toolflow/fpgs/ethernet_one_gbe_skarab_control/ethernet_one_gbe_skarab_axi/myproj/myproj.srcs/sources_1/imports/skarab_infr/skarab_infr.vhd:871]
INFO: [Synth 8-5534] Detected attribute (* async_reg = "TRUE" *) [/home/valmyrsilva07/virtex7/skarab-virtex7-toolflow/fpgs/ethernet_one_gbe_skarab_control/ethernet_one_gbe_skarab_axi/myproj/myproj.srcs/sources_1/imports/skarab_infr/skarab_infr.vhd:872]
INFO: [Synth 8-5534] Detected attribute (* async_reg = "TRUE" *) [/home/valmyrsilva07/virtex7/skarab-virtex7-toolflow/fpgs/ethernet_one_gbe_skarab_control/ethernet_one_gbe_skarab_axi/myproj/myproj.srcs/sources_1/imports/skarab_infr/skarab_infr.vhd:875]
INFO: [Synth 8-5534] Detected attribute (* async_reg = "TRUE" *) [/home/valmyrsilva07/virtex7/skarab-virtex7-toolflow/fpgs/ethernet_one_gbe_skarab_control/ethernet_one_gbe_skarab_axi/myproj/myproj.srcs/sources_1/imports/skarab_infr/skarab_infr.vhd:876]
INFO: [Synth 8-5534] Detected attribute (* async_reg = "TRUE" *) [/home/valmyrsilva07/virtex7/skarab-virtex7-toolflow/fpgs/ethernet_one_gbe_skarab_control/ethernet_one_gbe_skarab_axi/myproj/myproj.srcs/sources_1/imports/skarab_infr/skarab_infr.vhd:879]
INFO: [Synth 8-5534] Detected attribute (* async_reg = "TRUE" *) [/home/valmyrsilva07/virtex7/skarab-virtex7-toolflow/fpgs/ethernet_one_gbe_skarab_control/ethernet_one_gbe_skarab_axi/myproj/myproj.srcs/sources_1/imports/skarab_infr/skarab_infr.vhd:880]
INFO: [Synth 8-5534] Detected attribute (* async_reg = "TRUE" *) [/home/valmyrsilva07/virtex7/skarab-virtex7-toolflow/fpgs/ethernet_one_gbe_skarab_control/ethernet_one_gbe_skarab_axi/myproj/myproj.srcs/sources_1/imports/skarab_infr/skarab_infr.vhd:884]
INFO: [Synth 8-5534] Detected attribute (* async_reg = "TRUE" *) [/home/valmyrsilva07/virtex7/skarab-virtex7-toolflow/fpgs/ethernet_one_gbe_skarab_control/ethernet_one_gbe_skarab_axi/myproj/myproj.srcs/sources_1/imports/skarab_infr/skarab_infr.vhd:885]
INFO: [Synth 8-5534] Detected attribute (* async_reg = "TRUE" *) [/home/valmyrsilva07/virtex7/skarab-virtex7-toolflow/fpgs/ethernet_one_gbe_skarab_control/ethernet_one_gbe_skarab_axi/myproj/myproj.srcs/sources_1/imports/skarab_infr/skarab_infr.vhd:888]
INFO: [Synth 8-5534] Detected attribute (* async_reg = "TRUE" *) [/home/valmyrsilva07/virtex7/skarab-virtex7-toolflow/fpgs/ethernet_one_gbe_skarab_control/ethernet_one_gbe_skarab_axi/myproj/myproj.srcs/sources_1/imports/skarab_infr/skarab_infr.vhd:889]
	Parameter CAPACITANCE bound to: DONT_CARE - type: string 
	Parameter DIFF_TERM bound to: 1 - type: bool 
	Parameter IBUF_DELAY_VALUE bound to: 0 - type: string 
	Parameter IBUF_LOW_PWR bound to: 1 - type: bool 
	Parameter IOSTANDARD bound to: DEFAULT - type: string 
INFO: [Synth 8-113] binding component instance 'refclk_0_ibufgds' to cell 'IBUFGDS' [/home/valmyrsilva07/virtex7/skarab-virtex7-toolflow/fpgs/ethernet_one_gbe_skarab_control/ethernet_one_gbe_skarab_axi/myproj/myproj.srcs/sources_1/imports/skarab_infr/skarab_infr.vhd:915]
	Parameter CAPACITANCE bound to: DONT_CARE - type: string 
	Parameter DIFF_TERM bound to: 1 - type: bool 
	Parameter IBUF_DELAY_VALUE bound to: 0 - type: string 
	Parameter IBUF_LOW_PWR bound to: 1 - type: bool 
	Parameter IOSTANDARD bound to: DEFAULT - type: string 
INFO: [Synth 8-113] binding component instance 'refclk_1_ibufgds' to cell 'IBUFGDS' [/home/valmyrsilva07/virtex7/skarab-virtex7-toolflow/fpgs/ethernet_one_gbe_skarab_control/ethernet_one_gbe_skarab_axi/myproj/myproj.srcs/sources_1/imports/skarab_infr/skarab_infr.vhd:923]
	Parameter BANDWIDTH bound to: OPTIMIZED - type: string 
	Parameter CLKFBOUT_MULT_F bound to: 6.000000 - type: float 
	Parameter CLKFBOUT_PHASE bound to: 0.000000 - type: float 
	Parameter CLKIN1_PERIOD bound to: 6.400000 - type: float 
	Parameter CLKOUT0_DIVIDE_F bound to: 6.000000 - type: float 
	Parameter CLKOUT0_DUTY_CYCLE bound to: 0.500000 - type: float 
	Parameter CLKOUT0_PHASE bound to: 0.000000 - type: float 
	Parameter CLKOUT1_DIVIDE bound to: 24 - type: integer 
	Parameter CLKOUT1_DUTY_CYCLE bound to: 0.500000 - type: float 
	Parameter CLKOUT1_PHASE bound to: 0.000000 - type: float 
	Parameter CLKOUT2_DIVIDE bound to: 1 - type: integer 
	Parameter CLKOUT2_DUTY_CYCLE bound to: 0.500000 - type: float 
	Parameter CLKOUT2_PHASE bound to: 0.000000 - type: float 
	Parameter CLKOUT3_DIVIDE bound to: 1 - type: integer 
	Parameter CLKOUT3_DUTY_CYCLE bound to: 0.500000 - type: float 
	Parameter CLKOUT3_PHASE bound to: 0.000000 - type: float 
	Parameter CLKOUT4_CASCADE bound to: 0 - type: bool 
	Parameter CLKOUT4_DIVIDE bound to: 1 - type: integer 
	Parameter CLKOUT4_DUTY_CYCLE bound to: 0.500000 - type: float 
	Parameter CLKOUT4_PHASE bound to: 0.000000 - type: float 
	Parameter CLKOUT5_DIVIDE bound to: 1 - type: integer 
	Parameter CLKOUT5_DUTY_CYCLE bound to: 0.500000 - type: float 
	Parameter CLKOUT5_PHASE bound to: 0.000000 - type: float 
	Parameter CLKOUT6_DIVIDE bound to: 1 - type: integer 
	Parameter CLKOUT6_DUTY_CYCLE bound to: 0.500000 - type: float 
	Parameter CLKOUT6_PHASE bound to: 0.000000 - type: float 
	Parameter DIVCLK_DIVIDE bound to: 1 - type: integer 
	Parameter REF_JITTER1 bound to: 0.000000 - type: float 
	Parameter STARTUP_WAIT bound to: 0 - type: bool 
INFO: [Synth 8-113] binding component instance 'SYS_CLK_MMCM_inst' to cell 'MMCME2_BASE' [/home/valmyrsilva07/virtex7/skarab-virtex7-toolflow/fpgs/ethernet_one_gbe_skarab_control/ethernet_one_gbe_skarab_axi/myproj/myproj.srcs/sources_1/imports/skarab_infr/skarab_infr.vhd:936]
INFO: [Synth 8-113] binding component instance 'sys_clk_BUFG_inst' to cell 'BUFG' [/home/valmyrsilva07/virtex7/skarab-virtex7-toolflow/fpgs/ethernet_one_gbe_skarab_control/ethernet_one_gbe_skarab_axi/myproj/myproj.srcs/sources_1/imports/skarab_infr/skarab_infr.vhd:961]
INFO: [Synth 8-113] binding component instance 'bsp_clk_BUFG_inst' to cell 'BUFG' [/home/valmyrsilva07/virtex7/skarab-virtex7-toolflow/fpgs/ethernet_one_gbe_skarab_control/ethernet_one_gbe_skarab_axi/myproj/myproj.srcs/sources_1/imports/skarab_infr/skarab_infr.vhd:967]
	Parameter BANDWIDTH bound to: OPTIMIZED - type: string 
	Parameter CLKFBOUT_MULT_F bound to: 24.000000 - type: float 
	Parameter CLKFBOUT_PHASE bound to: 0.000000 - type: float 
	Parameter CLKIN1_PERIOD bound to: 6.400000 - type: float 
	Parameter CLKOUT0_DIVIDE_F bound to: 5.000000 - type: float 
	Parameter CLKOUT0_DUTY_CYCLE bound to: 0.500000 - type: float 
	Parameter CLKOUT0_PHASE bound to: 0.000000 - type: float 
	Parameter CLKOUT1_DIVIDE bound to: 1 - type: integer 
	Parameter CLKOUT1_DUTY_CYCLE bound to: 0.500000 - type: float 
	Parameter CLKOUT1_PHASE bound to: 0.000000 - type: float 
	Parameter CLKOUT2_DIVIDE bound to: 1 - type: integer 
	Parameter CLKOUT2_DUTY_CYCLE bound to: 0.500000 - type: float 
	Parameter CLKOUT2_PHASE bound to: 0.000000 - type: float 
	Parameter CLKOUT3_DIVIDE bound to: 1 - type: integer 
	Parameter CLKOUT3_DUTY_CYCLE bound to: 0.500000 - type: float 
	Parameter CLKOUT3_PHASE bound to: 0.000000 - type: float 
	Parameter CLKOUT4_CASCADE bound to: 0 - type: bool 
	Parameter CLKOUT4_DIVIDE bound to: 1 - type: integer 
	Parameter CLKOUT4_DUTY_CYCLE bound to: 0.500000 - type: float 
	Parameter CLKOUT4_PHASE bound to: 0.000000 - type: float 
	Parameter CLKOUT5_DIVIDE bound to: 1 - type: integer 
	Parameter CLKOUT5_DUTY_CYCLE bound to: 0.500000 - type: float 
	Parameter CLKOUT5_PHASE bound to: 0.000000 - type: float 
	Parameter CLKOUT6_DIVIDE bound to: 1 - type: integer 
	Parameter CLKOUT6_DUTY_CYCLE bound to: 0.500000 - type: float 
	Parameter CLKOUT6_PHASE bound to: 0.000000 - type: float 
	Parameter DIVCLK_DIVIDE bound to: 5 - type: integer 
	Parameter REF_JITTER1 bound to: 0.000000 - type: float 
	Parameter STARTUP_WAIT bound to: 0 - type: bool 
INFO: [Synth 8-113] binding component instance 'USER_CLK_MMCM_inst' to cell 'MMCME2_BASE' [/home/valmyrsilva07/virtex7/skarab-virtex7-toolflow/fpgs/ethernet_one_gbe_skarab_control/ethernet_one_gbe_skarab_axi/myproj/myproj.srcs/sources_1/imports/skarab_infr/skarab_infr.vhd:973]
INFO: [Synth 8-113] binding component instance 'user_clk_BUFG_inst' to cell 'BUFG' [/home/valmyrsilva07/virtex7/skarab-virtex7-toolflow/fpgs/ethernet_one_gbe_skarab_control/ethernet_one_gbe_skarab_axi/myproj/myproj.srcs/sources_1/imports/skarab_infr/skarab_infr.vhd:995]
INFO: [Synth 8-113] binding component instance 'emcclk2_BUFG_inst' to cell 'BUFG' [/home/valmyrsilva07/virtex7/skarab-virtex7-toolflow/fpgs/ethernet_one_gbe_skarab_control/ethernet_one_gbe_skarab_axi/myproj/myproj.srcs/sources_1/imports/skarab_infr/skarab_infr.vhd:1004]
INFO: [Synth 8-3491] module 'mezzanine_enable_delay' declared at '/home/valmyrsilva07/virtex7/skarab-virtex7-toolflow/fpgs/ethernet_one_gbe_skarab_control/ethernet_one_gbe_skarab_axi/myproj/myproj.srcs/sources_1/imports/skarab_infr/mezzanine_enable_delay.vhd:29' bound to instance 'mezzanine_enable_delay_0' of component 'mezzanine_enable_delay' [/home/valmyrsilva07/virtex7/skarab-virtex7-toolflow/fpgs/ethernet_one_gbe_skarab_control/ethernet_one_gbe_skarab_axi/myproj/myproj.srcs/sources_1/imports/skarab_infr/skarab_infr.vhd:1464]
INFO: [Synth 8-638] synthesizing module 'mezzanine_enable_delay' [/home/valmyrsilva07/virtex7/skarab-virtex7-toolflow/fpgs/ethernet_one_gbe_skarab_control/ethernet_one_gbe_skarab_axi/myproj/myproj.srcs/sources_1/imports/skarab_infr/mezzanine_enable_delay.vhd:41]
INFO: [Synth 8-256] done synthesizing module 'mezzanine_enable_delay' (19#1) [/home/valmyrsilva07/virtex7/skarab-virtex7-toolflow/fpgs/ethernet_one_gbe_skarab_control/ethernet_one_gbe_skarab_axi/myproj/myproj.srcs/sources_1/imports/skarab_infr/mezzanine_enable_delay.vhd:41]
INFO: [Synth 8-3491] module 'mezzanine_enable_delay' declared at '/home/valmyrsilva07/virtex7/skarab-virtex7-toolflow/fpgs/ethernet_one_gbe_skarab_control/ethernet_one_gbe_skarab_axi/myproj/myproj.srcs/sources_1/imports/skarab_infr/mezzanine_enable_delay.vhd:29' bound to instance 'mezzanine_enable_delay_1' of component 'mezzanine_enable_delay' [/home/valmyrsilva07/virtex7/skarab-virtex7-toolflow/fpgs/ethernet_one_gbe_skarab_control/ethernet_one_gbe_skarab_axi/myproj/myproj.srcs/sources_1/imports/skarab_infr/skarab_infr.vhd:1472]
INFO: [Synth 8-3491] module 'mezzanine_enable_delay' declared at '/home/valmyrsilva07/virtex7/skarab-virtex7-toolflow/fpgs/ethernet_one_gbe_skarab_control/ethernet_one_gbe_skarab_axi/myproj/myproj.srcs/sources_1/imports/skarab_infr/mezzanine_enable_delay.vhd:29' bound to instance 'mezzanine_enable_delay_2' of component 'mezzanine_enable_delay' [/home/valmyrsilva07/virtex7/skarab-virtex7-toolflow/fpgs/ethernet_one_gbe_skarab_control/ethernet_one_gbe_skarab_axi/myproj/myproj.srcs/sources_1/imports/skarab_infr/skarab_infr.vhd:1480]
INFO: [Synth 8-3491] module 'mezzanine_enable_delay' declared at '/home/valmyrsilva07/virtex7/skarab-virtex7-toolflow/fpgs/ethernet_one_gbe_skarab_control/ethernet_one_gbe_skarab_axi/myproj/myproj.srcs/sources_1/imports/skarab_infr/mezzanine_enable_delay.vhd:29' bound to instance 'mezzanine_enable_delay_3' of component 'mezzanine_enable_delay' [/home/valmyrsilva07/virtex7/skarab-virtex7-toolflow/fpgs/ethernet_one_gbe_skarab_control/ethernet_one_gbe_skarab_axi/myproj/myproj.srcs/sources_1/imports/skarab_infr/skarab_infr.vhd:1488]
INFO: [Synth 8-113] binding component instance 'USR_ACCESSE2_0' to cell 'USR_ACCESSE2' [/home/valmyrsilva07/virtex7/skarab-virtex7-toolflow/fpgs/ethernet_one_gbe_skarab_control/ethernet_one_gbe_skarab_axi/myproj/myproj.srcs/sources_1/imports/skarab_infr/skarab_infr.vhd:1530]
INFO: [Synth 8-3491] module 'cont_microblaze_wrapper' declared at '/home/valmyrsilva07/virtex7/skarab-virtex7-toolflow/fpgs/ethernet_one_gbe_skarab_control/ethernet_one_gbe_skarab_axi/myproj/myproj.srcs/sources_1/imports/hdl/cont_microblaze_wrapper.vhd:14' bound to instance 'cont_microblaze_wrapper_0' of component 'cont_microblaze_wrapper' [/home/valmyrsilva07/virtex7/skarab-virtex7-toolflow/fpgs/ethernet_one_gbe_skarab_control/ethernet_one_gbe_skarab_axi/myproj/myproj.srcs/sources_1/imports/skarab_infr/skarab_infr.vhd:1584]
INFO: [Synth 8-638] synthesizing module 'cont_microblaze_wrapper' [/home/valmyrsilva07/virtex7/skarab-virtex7-toolflow/fpgs/ethernet_one_gbe_skarab_control/ethernet_one_gbe_skarab_axi/myproj/myproj.srcs/sources_1/imports/hdl/cont_microblaze_wrapper.vhd:33]
INFO: [Synth 8-3491] module 'cont_microblaze' declared at '/home/valmyrsilva07/virtex7/skarab-virtex7-toolflow/fpgs/ethernet_one_gbe_skarab_control/ethernet_one_gbe_skarab_axi/myproj/myproj.srcs/sources_1/bd/cont_microblaze/synth/cont_microblaze.vhd:2339' bound to instance 'cont_microblaze_i' of component 'cont_microblaze' [/home/valmyrsilva07/virtex7/skarab-virtex7-toolflow/fpgs/ethernet_one_gbe_skarab_control/ethernet_one_gbe_skarab_axi/myproj/myproj.srcs/sources_1/imports/hdl/cont_microblaze_wrapper.vhd:53]
INFO: [Synth 8-638] synthesizing module 'cont_microblaze' [/home/valmyrsilva07/virtex7/skarab-virtex7-toolflow/fpgs/ethernet_one_gbe_skarab_control/ethernet_one_gbe_skarab_axi/myproj/myproj.srcs/sources_1/bd/cont_microblaze/synth/cont_microblaze.vhd:2362]
INFO: [Synth 8-3491] module 'cont_microblaze_axi_slave_wishbone_classic_master_0_0' declared at '/home/valmyrsilva07/virtex7/skarab-virtex7-toolflow/fpgs/ethernet_one_gbe_skarab_control/ethernet_one_gbe_skarab_axi/myproj/myproj.srcs/sources_1/bd/cont_microblaze/ip/cont_microblaze_axi_slave_wishbone_classic_master_0_0/synth/cont_microblaze_axi_slave_wishbone_classic_master_0_0.vhd:56' bound to instance 'axi_slave_wishbone_classic_master_0' of component 'cont_microblaze_axi_slave_wishbone_classic_master_0_0' [/home/valmyrsilva07/virtex7/skarab-virtex7-toolflow/fpgs/ethernet_one_gbe_skarab_control/ethernet_one_gbe_skarab_axi/myproj/myproj.srcs/sources_1/bd/cont_microblaze/synth/cont_microblaze.vhd:2840]
INFO: [Synth 8-638] synthesizing module 'cont_microblaze_axi_slave_wishbone_classic_master_0_0' [/home/valmyrsilva07/virtex7/skarab-virtex7-toolflow/fpgs/ethernet_one_gbe_skarab_control/ethernet_one_gbe_skarab_axi/myproj/myproj.srcs/sources_1/bd/cont_microblaze/ip/cont_microblaze_axi_slave_wishbone_classic_master_0_0/synth/cont_microblaze_axi_slave_wishbone_classic_master_0_0.vhd:116]
	Parameter C_S_AXI_ID_WIDTH bound to: 1 - type: integer 
	Parameter C_S_AXI_DATA_WIDTH bound to: 32 - type: integer 
	Parameter C_S_AXI_ADDR_WIDTH bound to: 32 - type: integer 
	Parameter C_S_AXI_AWUSER_WIDTH bound to: 0 - type: integer 
	Parameter C_S_AXI_ARUSER_WIDTH bound to: 0 - type: integer 
	Parameter C_S_AXI_WUSER_WIDTH bound to: 0 - type: integer 
	Parameter C_S_AXI_RUSER_WIDTH bound to: 0 - type: integer 
	Parameter C_S_AXI_BUSER_WIDTH bound to: 0 - type: integer 
INFO: [Synth 8-3491] module 'axi_slave_wishbone_classic_master' declared at '/home/valmyrsilva07/virtex7/skarab-virtex7-toolflow/fpgs/ethernet_one_gbe_skarab_control/ethernet_one_gbe_skarab_axi/myproj/myproj.srcs/sources_1/bd/cont_microblaze/ipshared/7fb4/axi_slave_wishbone_classic_master.vhd:26' bound to instance 'U0' of component 'axi_slave_wishbone_classic_master' [/home/valmyrsilva07/virtex7/skarab-virtex7-toolflow/fpgs/ethernet_one_gbe_skarab_control/ethernet_one_gbe_skarab_axi/myproj/myproj.srcs/sources_1/bd/cont_microblaze/ip/cont_microblaze_axi_slave_wishbone_classic_master_0_0/synth/cont_microblaze_axi_slave_wishbone_classic_master_0_0.vhd:245]
INFO: [Synth 8-638] synthesizing module 'axi_slave_wishbone_classic_master' [/home/valmyrsilva07/virtex7/skarab-virtex7-toolflow/fpgs/ethernet_one_gbe_skarab_control/ethernet_one_gbe_skarab_axi/myproj/myproj.srcs/sources_1/bd/cont_microblaze/ipshared/7fb4/axi_slave_wishbone_classic_master.vhd:108]
	Parameter C_S_AXI_ID_WIDTH bound to: 1 - type: integer 
	Parameter C_S_AXI_DATA_WIDTH bound to: 32 - type: integer 
	Parameter C_S_AXI_ADDR_WIDTH bound to: 32 - type: integer 
	Parameter C_S_AXI_AWUSER_WIDTH bound to: 0 - type: integer 
	Parameter C_S_AXI_ARUSER_WIDTH bound to: 0 - type: integer 
	Parameter C_S_AXI_WUSER_WIDTH bound to: 0 - type: integer 
	Parameter C_S_AXI_RUSER_WIDTH bound to: 0 - type: integer 
	Parameter C_S_AXI_BUSER_WIDTH bound to: 0 - type: integer 
WARNING: [Synth 8-506] null port 'S_AXI_AWUSER' ignored [/home/valmyrsilva07/virtex7/skarab-virtex7-toolflow/fpgs/ethernet_one_gbe_skarab_control/ethernet_one_gbe_skarab_axi/myproj/myproj.srcs/sources_1/bd/cont_microblaze/ipshared/7fb4/axi_slave_wishbone_classic_master.vhd:72]
WARNING: [Synth 8-506] null port 'S_AXI_WUSER' ignored [/home/valmyrsilva07/virtex7/skarab-virtex7-toolflow/fpgs/ethernet_one_gbe_skarab_control/ethernet_one_gbe_skarab_axi/myproj/myproj.srcs/sources_1/bd/cont_microblaze/ipshared/7fb4/axi_slave_wishbone_classic_master.vhd:78]
WARNING: [Synth 8-506] null port 'S_AXI_BUSER' ignored [/home/valmyrsilva07/virtex7/skarab-virtex7-toolflow/fpgs/ethernet_one_gbe_skarab_control/ethernet_one_gbe_skarab_axi/myproj/myproj.srcs/sources_1/bd/cont_microblaze/ipshared/7fb4/axi_slave_wishbone_classic_master.vhd:83]
WARNING: [Synth 8-506] null port 'S_AXI_ARUSER' ignored [/home/valmyrsilva07/virtex7/skarab-virtex7-toolflow/fpgs/ethernet_one_gbe_skarab_control/ethernet_one_gbe_skarab_axi/myproj/myproj.srcs/sources_1/bd/cont_microblaze/ipshared/7fb4/axi_slave_wishbone_classic_master.vhd:96]
WARNING: [Synth 8-506] null port 'S_AXI_RUSER' ignored [/home/valmyrsilva07/virtex7/skarab-virtex7-toolflow/fpgs/ethernet_one_gbe_skarab_control/ethernet_one_gbe_skarab_axi/myproj/myproj.srcs/sources_1/bd/cont_microblaze/ipshared/7fb4/axi_slave_wishbone_classic_master.vhd:103]
INFO: [Synth 8-256] done synthesizing module 'axi_slave_wishbone_classic_master' (20#1) [/home/valmyrsilva07/virtex7/skarab-virtex7-toolflow/fpgs/ethernet_one_gbe_skarab_control/ethernet_one_gbe_skarab_axi/myproj/myproj.srcs/sources_1/bd/cont_microblaze/ipshared/7fb4/axi_slave_wishbone_classic_master.vhd:108]
WARNING: [Synth 8-3848] Net S_AXI_BUSER in module/entity cont_microblaze_axi_slave_wishbone_classic_master_0_0 does not have driver. [/home/valmyrsilva07/virtex7/skarab-virtex7-toolflow/fpgs/ethernet_one_gbe_skarab_control/ethernet_one_gbe_skarab_axi/myproj/myproj.srcs/sources_1/bd/cont_microblaze/ip/cont_microblaze_axi_slave_wishbone_classic_master_0_0/synth/cont_microblaze_axi_slave_wishbone_classic_master_0_0.vhd:163]
WARNING: [Synth 8-3848] Net S_AXI_RUSER in module/entity cont_microblaze_axi_slave_wishbone_classic_master_0_0 does not have driver. [/home/valmyrsilva07/virtex7/skarab-virtex7-toolflow/fpgs/ethernet_one_gbe_skarab_control/ethernet_one_gbe_skarab_axi/myproj/myproj.srcs/sources_1/bd/cont_microblaze/ip/cont_microblaze_axi_slave_wishbone_classic_master_0_0/synth/cont_microblaze_axi_slave_wishbone_classic_master_0_0.vhd:183]
INFO: [Synth 8-256] done synthesizing module 'cont_microblaze_axi_slave_wishbone_classic_master_0_0' (21#1) [/home/valmyrsilva07/virtex7/skarab-virtex7-toolflow/fpgs/ethernet_one_gbe_skarab_control/ethernet_one_gbe_skarab_axi/myproj/myproj.srcs/sources_1/bd/cont_microblaze/ip/cont_microblaze_axi_slave_wishbone_classic_master_0_0/synth/cont_microblaze_axi_slave_wishbone_classic_master_0_0.vhd:116]
INFO: [Synth 8-3491] module 'cont_microblaze_axi_timebase_wdt_0_0' declared at '/home/valmyrsilva07/virtex7/skarab-virtex7-toolflow/fpgs/ethernet_one_gbe_skarab_control/ethernet_one_gbe_skarab_axi/myproj/myproj.srcs/sources_1/bd/cont_microblaze/ip/cont_microblaze_axi_timebase_wdt_0_0/synth/cont_microblaze_axi_timebase_wdt_0_0.vhd:59' bound to instance 'axi_timebase_wdt_0' of component 'cont_microblaze_axi_timebase_wdt_0_0' [/home/valmyrsilva07/virtex7/skarab-virtex7-toolflow/fpgs/ethernet_one_gbe_skarab_control/ethernet_one_gbe_skarab_axi/myproj/myproj.srcs/sources_1/bd/cont_microblaze/synth/cont_microblaze.vhd:2898]
INFO: [Synth 8-638] synthesizing module 'cont_microblaze_axi_timebase_wdt_0_0' [/home/valmyrsilva07/virtex7/skarab-virtex7-toolflow/fpgs/ethernet_one_gbe_skarab_control/ethernet_one_gbe_skarab_axi/myproj/myproj.srcs/sources_1/bd/cont_microblaze/ip/cont_microblaze_axi_timebase_wdt_0_0/synth/cont_microblaze_axi_timebase_wdt_0_0.vhd:87]
	Parameter C_FAMILY bound to: virtex7 - type: string 
	Parameter C_WDT_INTERVAL bound to: 29 - type: integer 
	Parameter C_WDT_ENABLE_ONCE bound to: 1 - type: integer 
	Parameter C_S_AXI_DATA_WIDTH bound to: 32 - type: integer 
	Parameter C_S_AXI_ADDR_WIDTH bound to: 4 - type: integer 
	Parameter C_ENABLE_WINDOW_WDT bound to: 0 - type: integer 
	Parameter C_SST_COUNT_WIDTH bound to: 8 - type: integer 
	Parameter C_MAX_COUNT_WIDTH bound to: 32 - type: integer 
INFO: [Synth 8-3491] module 'axi_timebase_wdt_top' declared at '/home/valmyrsilva07/virtex7/skarab-virtex7-toolflow/fpgs/ethernet_one_gbe_skarab_control/ethernet_one_gbe_skarab_axi/myproj/myproj.srcs/sources_1/bd/cont_microblaze/ipshared/0ae3/hdl/axi_timebase_wdt_v3_0_vh_rfs.vhd:2905' bound to instance 'U0' of component 'axi_timebase_wdt_top' [/home/valmyrsilva07/virtex7/skarab-virtex7-toolflow/fpgs/ethernet_one_gbe_skarab_control/ethernet_one_gbe_skarab_axi/myproj/myproj.srcs/sources_1/bd/cont_microblaze/ip/cont_microblaze_axi_timebase_wdt_0_0/synth/cont_microblaze_axi_timebase_wdt_0_0.vhd:167]
INFO: [Synth 8-638] synthesizing module 'axi_timebase_wdt_top' [/home/valmyrsilva07/virtex7/skarab-virtex7-toolflow/fpgs/ethernet_one_gbe_skarab_control/ethernet_one_gbe_skarab_axi/myproj/myproj.srcs/sources_1/bd/cont_microblaze/ipshared/0ae3/hdl/axi_timebase_wdt_v3_0_vh_rfs.vhd:2947]
	Parameter C_FAMILY bound to: virtex7 - type: string 
	Parameter C_WDT_INTERVAL bound to: 29 - type: integer 
	Parameter C_WDT_ENABLE_ONCE bound to: 1 - type: integer 
	Parameter C_S_AXI_DATA_WIDTH bound to: 32 - type: integer 
	Parameter C_S_AXI_ADDR_WIDTH bound to: 4 - type: integer 
	Parameter C_ENABLE_WINDOW_WDT bound to: 0 - type: integer 
	Parameter C_SST_COUNT_WIDTH bound to: 8 - type: integer 
	Parameter C_MAX_COUNT_WIDTH bound to: 32 - type: integer 
INFO: [Synth 8-638] synthesizing module 'axi_timebase_wdt' [/home/valmyrsilva07/virtex7/skarab-virtex7-toolflow/fpgs/ethernet_one_gbe_skarab_control/ethernet_one_gbe_skarab_axi/myproj/myproj.srcs/sources_1/bd/cont_microblaze/ipshared/0ae3/hdl/axi_timebase_wdt_v3_0_vh_rfs.vhd:1297]
	Parameter C_FAMILY bound to: virtex7 - type: string 
	Parameter C_WDT_INTERVAL bound to: 29 - type: integer 
	Parameter C_WDT_ENABLE_ONCE bound to: 1 - type: integer 
	Parameter C_S_AXI_DATA_WIDTH bound to: 32 - type: integer 
	Parameter C_S_AXI_ADDR_WIDTH bound to: 4 - type: integer 
INFO: [Synth 8-638] synthesizing module 'timebase_wdt_core' [/home/valmyrsilva07/virtex7/skarab-virtex7-toolflow/fpgs/ethernet_one_gbe_skarab_control/ethernet_one_gbe_skarab_axi/myproj/myproj.srcs/sources_1/bd/cont_microblaze/ipshared/0ae3/hdl/axi_timebase_wdt_v3_0_vh_rfs.vhd:603]
	Parameter C_FAMILY bound to: virtex7 - type: string 
	Parameter C_WDT_INTERVAL bound to: 29 - type: integer 
	Parameter C_WDT_ENABLE_ONCE bound to: 1 - type: bool 
	Parameter C_NATIVE_DWIDTH bound to: 32 - type: integer 
INFO: [Synth 8-638] synthesizing module 'cdc_sync' [/home/valmyrsilva07/virtex7/skarab-virtex7-toolflow/fpgs/ethernet_one_gbe_skarab_control/ethernet_one_gbe_skarab_axi/myproj/myproj.srcs/sources_1/bd/cont_microblaze/ipshared/ef1e/hdl/lib_cdc_v1_0_rfs.vhd:106]
	Parameter C_CDC_TYPE bound to: 1 - type: integer 
	Parameter C_RESET_STATE bound to: 0 - type: integer 
	Parameter C_SINGLE_BIT bound to: 1 - type: integer 
	Parameter C_FLOP_INPUT bound to: 0 - type: integer 
	Parameter C_VECTOR_WIDTH bound to: 32 - type: integer 
	Parameter C_MTBF_STAGES bound to: 4 - type: integer 
	Parameter INIT bound to: 1'b0 
INFO: [Synth 8-113] binding component instance 'CROSS_PLEVEL_IN2SCNDRY_IN_cdc_to' to cell 'FDR' [/home/valmyrsilva07/virtex7/skarab-virtex7-toolflow/fpgs/ethernet_one_gbe_skarab_control/ethernet_one_gbe_skarab_axi/myproj/myproj.srcs/sources_1/bd/cont_microblaze/ipshared/ef1e/hdl/lib_cdc_v1_0_rfs.vhd:514]
	Parameter INIT bound to: 1'b0 
INFO: [Synth 8-113] binding component instance 'CROSS_PLEVEL_IN2SCNDRY_s_level_out_d2' to cell 'FDR' [/home/valmyrsilva07/virtex7/skarab-virtex7-toolflow/fpgs/ethernet_one_gbe_skarab_control/ethernet_one_gbe_skarab_axi/myproj/myproj.srcs/sources_1/bd/cont_microblaze/ipshared/ef1e/hdl/lib_cdc_v1_0_rfs.vhd:545]
	Parameter INIT bound to: 1'b0 
INFO: [Synth 8-113] binding component instance 'CROSS_PLEVEL_IN2SCNDRY_s_level_out_d3' to cell 'FDR' [/home/valmyrsilva07/virtex7/skarab-virtex7-toolflow/fpgs/ethernet_one_gbe_skarab_control/ethernet_one_gbe_skarab_axi/myproj/myproj.srcs/sources_1/bd/cont_microblaze/ipshared/ef1e/hdl/lib_cdc_v1_0_rfs.vhd:554]
	Parameter INIT bound to: 1'b0 
INFO: [Synth 8-113] binding component instance 'CROSS_PLEVEL_IN2SCNDRY_s_level_out_d4' to cell 'FDR' [/home/valmyrsilva07/virtex7/skarab-virtex7-toolflow/fpgs/ethernet_one_gbe_skarab_control/ethernet_one_gbe_skarab_axi/myproj/myproj.srcs/sources_1/bd/cont_microblaze/ipshared/ef1e/hdl/lib_cdc_v1_0_rfs.vhd:564]
	Parameter INIT bound to: 1'b0 
INFO: [Synth 8-113] binding component instance 'CROSS_PLEVEL_IN2SCNDRY_s_level_out_d5' to cell 'FDR' [/home/valmyrsilva07/virtex7/skarab-virtex7-toolflow/fpgs/ethernet_one_gbe_skarab_control/ethernet_one_gbe_skarab_axi/myproj/myproj.srcs/sources_1/bd/cont_microblaze/ipshared/ef1e/hdl/lib_cdc_v1_0_rfs.vhd:574]
	Parameter INIT bound to: 1'b0 
INFO: [Synth 8-113] binding component instance 'CROSS_PLEVEL_IN2SCNDRY_s_level_out_d6' to cell 'FDR' [/home/valmyrsilva07/virtex7/skarab-virtex7-toolflow/fpgs/ethernet_one_gbe_skarab_control/ethernet_one_gbe_skarab_axi/myproj/myproj.srcs/sources_1/bd/cont_microblaze/ipshared/ef1e/hdl/lib_cdc_v1_0_rfs.vhd:584]
INFO: [Synth 8-256] done synthesizing module 'cdc_sync' (22#1) [/home/valmyrsilva07/virtex7/skarab-virtex7-toolflow/fpgs/ethernet_one_gbe_skarab_control/ethernet_one_gbe_skarab_axi/myproj/myproj.srcs/sources_1/bd/cont_microblaze/ipshared/ef1e/hdl/lib_cdc_v1_0_rfs.vhd:106]
INFO: [Synth 8-226] default block is never used [/home/valmyrsilva07/virtex7/skarab-virtex7-toolflow/fpgs/ethernet_one_gbe_skarab_control/ethernet_one_gbe_skarab_axi/myproj/myproj.srcs/sources_1/bd/cont_microblaze/ipshared/0ae3/hdl/axi_timebase_wdt_v3_0_vh_rfs.vhd:625]
INFO: [Synth 8-256] done synthesizing module 'timebase_wdt_core' (23#1) [/home/valmyrsilva07/virtex7/skarab-virtex7-toolflow/fpgs/ethernet_one_gbe_skarab_control/ethernet_one_gbe_skarab_axi/myproj/myproj.srcs/sources_1/bd/cont_microblaze/ipshared/0ae3/hdl/axi_timebase_wdt_v3_0_vh_rfs.vhd:603]
INFO: [Synth 8-638] synthesizing module 'axi_lite_ipif' [/home/valmyrsilva07/virtex7/skarab-virtex7-toolflow/fpgs/ethernet_one_gbe_skarab_control/ethernet_one_gbe_skarab_axi/myproj/myproj.srcs/sources_1/bd/cont_microblaze/ipshared/66ea/hdl/axi_lite_ipif_v3_0_vh_rfs.vhd:2948]
	Parameter C_S_AXI_DATA_WIDTH bound to: 32 - type: integer 
	Parameter C_S_AXI_ADDR_WIDTH bound to: 4 - type: integer 
	Parameter C_S_AXI_MIN_SIZE bound to: 32'b00000000000000000000000000001111 
	Parameter C_USE_WSTRB bound to: 1 - type: integer 
	Parameter C_DPHASE_TIMEOUT bound to: 32 - type: integer 
	Parameter C_ARD_ADDR_RANGE_ARRAY bound to: 128'b00000000000000000000000000000000000000000000000000000000000000000000000000000000000000000000000000000000000000000000000000001111 
	Parameter C_ARD_NUM_CE_ARRAY bound to: 32'b00000000000000000000000000000100 
	Parameter C_FAMILY bound to: virtex7 - type: string 
INFO: [Synth 8-638] synthesizing module 'slave_attachment' [/home/valmyrsilva07/virtex7/skarab-virtex7-toolflow/fpgs/ethernet_one_gbe_skarab_control/ethernet_one_gbe_skarab_axi/myproj/myproj.srcs/sources_1/bd/cont_microblaze/ipshared/66ea/hdl/axi_lite_ipif_v3_0_vh_rfs.vhd:2341]
	Parameter C_ARD_ADDR_RANGE_ARRAY bound to: 128'b00000000000000000000000000000000000000000000000000000000000000000000000000000000000000000000000000000000000000000000000000001111 
	Parameter C_ARD_NUM_CE_ARRAY bound to: 32'b00000000000000000000000000000100 
	Parameter C_IPIF_ABUS_WIDTH bound to: 4 - type: integer 
	Parameter C_IPIF_DBUS_WIDTH bound to: 32 - type: integer 
	Parameter C_S_AXI_MIN_SIZE bound to: 15 - type: integer 
	Parameter C_USE_WSTRB bound to: 1 - type: integer 
	Parameter C_DPHASE_TIMEOUT bound to: 32 - type: integer 
	Parameter C_FAMILY bound to: virtex7 - type: string 
INFO: [Synth 8-638] synthesizing module 'address_decoder' [/home/valmyrsilva07/virtex7/skarab-virtex7-toolflow/fpgs/ethernet_one_gbe_skarab_control/ethernet_one_gbe_skarab_axi/myproj/myproj.srcs/sources_1/bd/cont_microblaze/ipshared/66ea/hdl/axi_lite_ipif_v3_0_vh_rfs.vhd:1775]
	Parameter C_BUS_AWIDTH bound to: 4 - type: integer 
	Parameter C_S_AXI_MIN_SIZE bound to: 15 - type: integer 
	Parameter C_ARD_ADDR_RANGE_ARRAY bound to: 128'b00000000000000000000000000000000000000000000000000000000000000000000000000000000000000000000000000000000000000000000000000001111 
	Parameter C_ARD_NUM_CE_ARRAY bound to: 32'b00000000000000000000000000000100 
	Parameter C_FAMILY bound to: nofamily - type: string 
INFO: [Synth 8-638] synthesizing module 'pselect_f' [/home/valmyrsilva07/virtex7/skarab-virtex7-toolflow/fpgs/ethernet_one_gbe_skarab_control/ethernet_one_gbe_skarab_axi/myproj/myproj.srcs/sources_1/bd/cont_microblaze/ipshared/66ea/hdl/axi_lite_ipif_v3_0_vh_rfs.vhd:1534]
	Parameter C_AB bound to: 2 - type: integer 
	Parameter C_AW bound to: 2 - type: integer 
	Parameter C_BAR bound to: 2'b00 
	Parameter C_FAMILY bound to: nofamily - type: string 
INFO: [Synth 8-256] done synthesizing module 'pselect_f' (24#1) [/home/valmyrsilva07/virtex7/skarab-virtex7-toolflow/fpgs/ethernet_one_gbe_skarab_control/ethernet_one_gbe_skarab_axi/myproj/myproj.srcs/sources_1/bd/cont_microblaze/ipshared/66ea/hdl/axi_lite_ipif_v3_0_vh_rfs.vhd:1534]
INFO: [Synth 8-638] synthesizing module 'pselect_f__parameterized0' [/home/valmyrsilva07/virtex7/skarab-virtex7-toolflow/fpgs/ethernet_one_gbe_skarab_control/ethernet_one_gbe_skarab_axi/myproj/myproj.srcs/sources_1/bd/cont_microblaze/ipshared/66ea/hdl/axi_lite_ipif_v3_0_vh_rfs.vhd:1534]
	Parameter C_AB bound to: 2 - type: integer 
	Parameter C_AW bound to: 2 - type: integer 
	Parameter C_BAR bound to: 2'b01 
	Parameter C_FAMILY bound to: nofamily - type: string 
INFO: [Synth 8-256] done synthesizing module 'pselect_f__parameterized0' (24#1) [/home/valmyrsilva07/virtex7/skarab-virtex7-toolflow/fpgs/ethernet_one_gbe_skarab_control/ethernet_one_gbe_skarab_axi/myproj/myproj.srcs/sources_1/bd/cont_microblaze/ipshared/66ea/hdl/axi_lite_ipif_v3_0_vh_rfs.vhd:1534]
INFO: [Synth 8-638] synthesizing module 'pselect_f__parameterized1' [/home/valmyrsilva07/virtex7/skarab-virtex7-toolflow/fpgs/ethernet_one_gbe_skarab_control/ethernet_one_gbe_skarab_axi/myproj/myproj.srcs/sources_1/bd/cont_microblaze/ipshared/66ea/hdl/axi_lite_ipif_v3_0_vh_rfs.vhd:1534]
	Parameter C_AB bound to: 2 - type: integer 
	Parameter C_AW bound to: 2 - type: integer 
	Parameter C_BAR bound to: 2'b10 
	Parameter C_FAMILY bound to: nofamily - type: string 
INFO: [Synth 8-256] done synthesizing module 'pselect_f__parameterized1' (24#1) [/home/valmyrsilva07/virtex7/skarab-virtex7-toolflow/fpgs/ethernet_one_gbe_skarab_control/ethernet_one_gbe_skarab_axi/myproj/myproj.srcs/sources_1/bd/cont_microblaze/ipshared/66ea/hdl/axi_lite_ipif_v3_0_vh_rfs.vhd:1534]
INFO: [Synth 8-638] synthesizing module 'pselect_f__parameterized2' [/home/valmyrsilva07/virtex7/skarab-virtex7-toolflow/fpgs/ethernet_one_gbe_skarab_control/ethernet_one_gbe_skarab_axi/myproj/myproj.srcs/sources_1/bd/cont_microblaze/ipshared/66ea/hdl/axi_lite_ipif_v3_0_vh_rfs.vhd:1534]
	Parameter C_AB bound to: 2 - type: integer 
	Parameter C_AW bound to: 2 - type: integer 
	Parameter C_BAR bound to: 2'b11 
	Parameter C_FAMILY bound to: nofamily - type: string 
INFO: [Synth 8-256] done synthesizing module 'pselect_f__parameterized2' (24#1) [/home/valmyrsilva07/virtex7/skarab-virtex7-toolflow/fpgs/ethernet_one_gbe_skarab_control/ethernet_one_gbe_skarab_axi/myproj/myproj.srcs/sources_1/bd/cont_microblaze/ipshared/66ea/hdl/axi_lite_ipif_v3_0_vh_rfs.vhd:1534]
INFO: [Synth 8-256] done synthesizing module 'address_decoder' (25#1) [/home/valmyrsilva07/virtex7/skarab-virtex7-toolflow/fpgs/ethernet_one_gbe_skarab_control/ethernet_one_gbe_skarab_axi/myproj/myproj.srcs/sources_1/bd/cont_microblaze/ipshared/66ea/hdl/axi_lite_ipif_v3_0_vh_rfs.vhd:1775]
INFO: [Synth 8-226] default block is never used [/home/valmyrsilva07/virtex7/skarab-virtex7-toolflow/fpgs/ethernet_one_gbe_skarab_control/ethernet_one_gbe_skarab_axi/myproj/myproj.srcs/sources_1/bd/cont_microblaze/ipshared/66ea/hdl/axi_lite_ipif_v3_0_vh_rfs.vhd:2550]
INFO: [Synth 8-256] done synthesizing module 'slave_attachment' (26#1) [/home/valmyrsilva07/virtex7/skarab-virtex7-toolflow/fpgs/ethernet_one_gbe_skarab_control/ethernet_one_gbe_skarab_axi/myproj/myproj.srcs/sources_1/bd/cont_microblaze/ipshared/66ea/hdl/axi_lite_ipif_v3_0_vh_rfs.vhd:2341]
INFO: [Synth 8-256] done synthesizing module 'axi_lite_ipif' (27#1) [/home/valmyrsilva07/virtex7/skarab-virtex7-toolflow/fpgs/ethernet_one_gbe_skarab_control/ethernet_one_gbe_skarab_axi/myproj/myproj.srcs/sources_1/bd/cont_microblaze/ipshared/66ea/hdl/axi_lite_ipif_v3_0_vh_rfs.vhd:2948]
INFO: [Synth 8-256] done synthesizing module 'axi_timebase_wdt' (28#1) [/home/valmyrsilva07/virtex7/skarab-virtex7-toolflow/fpgs/ethernet_one_gbe_skarab_control/ethernet_one_gbe_skarab_axi/myproj/myproj.srcs/sources_1/bd/cont_microblaze/ipshared/0ae3/hdl/axi_timebase_wdt_v3_0_vh_rfs.vhd:1297]
WARNING: [Synth 8-3848] Net wdt_reset_pending in module/entity axi_timebase_wdt_top does not have driver. [/home/valmyrsilva07/virtex7/skarab-virtex7-toolflow/fpgs/ethernet_one_gbe_skarab_control/ethernet_one_gbe_skarab_axi/myproj/myproj.srcs/sources_1/bd/cont_microblaze/ipshared/0ae3/hdl/axi_timebase_wdt_v3_0_vh_rfs.vhd:2942]
WARNING: [Synth 8-3848] Net wdt_state_vec in module/entity axi_timebase_wdt_top does not have driver. [/home/valmyrsilva07/virtex7/skarab-virtex7-toolflow/fpgs/ethernet_one_gbe_skarab_control/ethernet_one_gbe_skarab_axi/myproj/myproj.srcs/sources_1/bd/cont_microblaze/ipshared/0ae3/hdl/axi_timebase_wdt_v3_0_vh_rfs.vhd:2943]
INFO: [Synth 8-256] done synthesizing module 'axi_timebase_wdt_top' (29#1) [/home/valmyrsilva07/virtex7/skarab-virtex7-toolflow/fpgs/ethernet_one_gbe_skarab_control/ethernet_one_gbe_skarab_axi/myproj/myproj.srcs/sources_1/bd/cont_microblaze/ipshared/0ae3/hdl/axi_timebase_wdt_v3_0_vh_rfs.vhd:2947]
INFO: [Synth 8-256] done synthesizing module 'cont_microblaze_axi_timebase_wdt_0_0' (30#1) [/home/valmyrsilva07/virtex7/skarab-virtex7-toolflow/fpgs/ethernet_one_gbe_skarab_control/ethernet_one_gbe_skarab_axi/myproj/myproj.srcs/sources_1/bd/cont_microblaze/ip/cont_microblaze_axi_timebase_wdt_0_0/synth/cont_microblaze_axi_timebase_wdt_0_0.vhd:87]
INFO: [Synth 8-3491] module 'cont_microblaze_axi_timer_0_0' declared at '/home/valmyrsilva07/virtex7/skarab-virtex7-toolflow/fpgs/ethernet_one_gbe_skarab_control/ethernet_one_gbe_skarab_axi/myproj/myproj.srcs/sources_1/bd/cont_microblaze/ip/cont_microblaze_axi_timer_0_0/synth/cont_microblaze_axi_timer_0_0.vhd:59' bound to instance 'axi_timer_0' of component 'cont_microblaze_axi_timer_0_0' [/home/valmyrsilva07/virtex7/skarab-virtex7-toolflow/fpgs/ethernet_one_gbe_skarab_control/ethernet_one_gbe_skarab_axi/myproj/myproj.srcs/sources_1/bd/cont_microblaze/synth/cont_microblaze.vhd:2924]
INFO: [Synth 8-638] synthesizing module 'cont_microblaze_axi_timer_0_0' [/home/valmyrsilva07/virtex7/skarab-virtex7-toolflow/fpgs/ethernet_one_gbe_skarab_control/ethernet_one_gbe_skarab_axi/myproj/myproj.srcs/sources_1/bd/cont_microblaze/ip/cont_microblaze_axi_timer_0_0/synth/cont_microblaze_axi_timer_0_0.vhd:90]
	Parameter C_FAMILY bound to: virtex7 - type: string 
	Parameter C_COUNT_WIDTH bound to: 32 - type: integer 
	Parameter C_ONE_TIMER_ONLY bound to: 0 - type: integer 
	Parameter C_TRIG0_ASSERT bound to: 1'b1 
	Parameter C_TRIG1_ASSERT bound to: 1'b1 
	Parameter C_GEN0_ASSERT bound to: 1'b1 
	Parameter C_GEN1_ASSERT bound to: 1'b1 
	Parameter C_S_AXI_DATA_WIDTH bound to: 32 - type: integer 
	Parameter C_S_AXI_ADDR_WIDTH bound to: 5 - type: integer 
INFO: [Synth 8-3491] module 'axi_timer' declared at '/home/valmyrsilva07/virtex7/skarab-virtex7-toolflow/fpgs/ethernet_one_gbe_skarab_control/ethernet_one_gbe_skarab_axi/myproj/myproj.srcs/sources_1/bd/cont_microblaze/ipshared/a788/hdl/axi_timer_v2_0_vh_rfs.vhd:2084' bound to instance 'U0' of component 'axi_timer' [/home/valmyrsilva07/virtex7/skarab-virtex7-toolflow/fpgs/ethernet_one_gbe_skarab_control/ethernet_one_gbe_skarab_axi/myproj/myproj.srcs/sources_1/bd/cont_microblaze/ip/cont_microblaze_axi_timer_0_0/synth/cont_microblaze_axi_timer_0_0.vhd:168]
INFO: [Synth 8-638] synthesizing module 'axi_timer' [/home/valmyrsilva07/virtex7/skarab-virtex7-toolflow/fpgs/ethernet_one_gbe_skarab_control/ethernet_one_gbe_skarab_axi/myproj/myproj.srcs/sources_1/bd/cont_microblaze/ipshared/a788/hdl/axi_timer_v2_0_vh_rfs.vhd:2139]
	Parameter C_FAMILY bound to: virtex7 - type: string 
	Parameter C_COUNT_WIDTH bound to: 32 - type: integer 
	Parameter C_ONE_TIMER_ONLY bound to: 0 - type: integer 
	Parameter C_TRIG0_ASSERT bound to: 1'b1 
	Parameter C_TRIG1_ASSERT bound to: 1'b1 
	Parameter C_GEN0_ASSERT bound to: 1'b1 
	Parameter C_GEN1_ASSERT bound to: 1'b1 
	Parameter C_S_AXI_DATA_WIDTH bound to: 32 - type: integer 
	Parameter C_S_AXI_ADDR_WIDTH bound to: 5 - type: integer 
INFO: [Synth 8-638] synthesizing module 'tc_core' [/home/valmyrsilva07/virtex7/skarab-virtex7-toolflow/fpgs/ethernet_one_gbe_skarab_control/ethernet_one_gbe_skarab_axi/myproj/myproj.srcs/sources_1/bd/cont_microblaze/ipshared/a788/hdl/axi_timer_v2_0_vh_rfs.vhd:1700]
	Parameter C_FAMILY bound to: virtex7 - type: string 
	Parameter C_COUNT_WIDTH bound to: 32 - type: integer 
	Parameter C_ONE_TIMER_ONLY bound to: 0 - type: integer 
	Parameter C_DWIDTH bound to: 32 - type: integer 
	Parameter C_AWIDTH bound to: 5 - type: integer 
	Parameter C_TRIG0_ASSERT bound to: 1'b1 
	Parameter C_TRIG1_ASSERT bound to: 1'b1 
	Parameter C_GEN0_ASSERT bound to: 1'b1 
	Parameter C_GEN1_ASSERT bound to: 1'b1 
	Parameter C_ARD_NUM_CE_ARRAY bound to: 32'b00000000000000000000000000001000 
INFO: [Synth 8-638] synthesizing module 'mux_onehot_f' [/home/valmyrsilva07/virtex7/skarab-virtex7-toolflow/fpgs/ethernet_one_gbe_skarab_control/ethernet_one_gbe_skarab_axi/myproj/myproj.srcs/sources_1/bd/cont_microblaze/ipshared/a788/hdl/axi_timer_v2_0_vh_rfs.vhd:365]
	Parameter C_DW bound to: 32 - type: integer 
	Parameter C_NB bound to: 6 - type: integer 
	Parameter C_FAMILY bound to: virtex7 - type: string 
INFO: [Synth 8-3491] module 'MUXCY' declared at '/tools/Xilinx/Vivado/2019.1/scripts/rt/data/unisim_comp.v:42746' bound to instance 'MUXCY_I' of component 'MUXCY' [/home/valmyrsilva07/virtex7/skarab-virtex7-toolflow/fpgs/ethernet_one_gbe_skarab_control/ethernet_one_gbe_skarab_axi/myproj/myproj.srcs/sources_1/bd/cont_microblaze/ipshared/a788/hdl/axi_timer_v2_0_vh_rfs.vhd:462]
INFO: [Synth 8-6157] synthesizing module 'MUXCY' [/tools/Xilinx/Vivado/2019.1/scripts/rt/data/unisim_comp.v:42746]
INFO: [Synth 8-6155] done synthesizing module 'MUXCY' (31#1) [/tools/Xilinx/Vivado/2019.1/scripts/rt/data/unisim_comp.v:42746]
INFO: [Synth 8-3491] module 'MUXCY' declared at '/tools/Xilinx/Vivado/2019.1/scripts/rt/data/unisim_comp.v:42746' bound to instance 'MUXCY_I' of component 'MUXCY' [/home/valmyrsilva07/virtex7/skarab-virtex7-toolflow/fpgs/ethernet_one_gbe_skarab_control/ethernet_one_gbe_skarab_axi/myproj/myproj.srcs/sources_1/bd/cont_microblaze/ipshared/a788/hdl/axi_timer_v2_0_vh_rfs.vhd:462]
INFO: [Synth 8-3491] module 'MUXCY' declared at '/tools/Xilinx/Vivado/2019.1/scripts/rt/data/unisim_comp.v:42746' bound to instance 'MUXCY_I' of component 'MUXCY' [/home/valmyrsilva07/virtex7/skarab-virtex7-toolflow/fpgs/ethernet_one_gbe_skarab_control/ethernet_one_gbe_skarab_axi/myproj/myproj.srcs/sources_1/bd/cont_microblaze/ipshared/a788/hdl/axi_timer_v2_0_vh_rfs.vhd:462]
INFO: [Synth 8-3491] module 'MUXCY' declared at '/tools/Xilinx/Vivado/2019.1/scripts/rt/data/unisim_comp.v:42746' bound to instance 'MUXCY_I' of component 'MUXCY' [/home/valmyrsilva07/virtex7/skarab-virtex7-toolflow/fpgs/ethernet_one_gbe_skarab_control/ethernet_one_gbe_skarab_axi/myproj/myproj.srcs/sources_1/bd/cont_microblaze/ipshared/a788/hdl/axi_timer_v2_0_vh_rfs.vhd:462]
INFO: [Synth 8-3491] module 'MUXCY' declared at '/tools/Xilinx/Vivado/2019.1/scripts/rt/data/unisim_comp.v:42746' bound to instance 'MUXCY_I' of component 'MUXCY' [/home/valmyrsilva07/virtex7/skarab-virtex7-toolflow/fpgs/ethernet_one_gbe_skarab_control/ethernet_one_gbe_skarab_axi/myproj/myproj.srcs/sources_1/bd/cont_microblaze/ipshared/a788/hdl/axi_timer_v2_0_vh_rfs.vhd:462]
INFO: [Synth 8-3491] module 'MUXCY' declared at '/tools/Xilinx/Vivado/2019.1/scripts/rt/data/unisim_comp.v:42746' bound to instance 'MUXCY_I' of component 'MUXCY' [/home/valmyrsilva07/virtex7/skarab-virtex7-toolflow/fpgs/ethernet_one_gbe_skarab_control/ethernet_one_gbe_skarab_axi/myproj/myproj.srcs/sources_1/bd/cont_microblaze/ipshared/a788/hdl/axi_timer_v2_0_vh_rfs.vhd:462]
INFO: [Synth 8-3491] module 'MUXCY' declared at '/tools/Xilinx/Vivado/2019.1/scripts/rt/data/unisim_comp.v:42746' bound to instance 'MUXCY_I' of component 'MUXCY' [/home/valmyrsilva07/virtex7/skarab-virtex7-toolflow/fpgs/ethernet_one_gbe_skarab_control/ethernet_one_gbe_skarab_axi/myproj/myproj.srcs/sources_1/bd/cont_microblaze/ipshared/a788/hdl/axi_timer_v2_0_vh_rfs.vhd:462]
INFO: [Synth 8-3491] module 'MUXCY' declared at '/tools/Xilinx/Vivado/2019.1/scripts/rt/data/unisim_comp.v:42746' bound to instance 'MUXCY_I' of component 'MUXCY' [/home/valmyrsilva07/virtex7/skarab-virtex7-toolflow/fpgs/ethernet_one_gbe_skarab_control/ethernet_one_gbe_skarab_axi/myproj/myproj.srcs/sources_1/bd/cont_microblaze/ipshared/a788/hdl/axi_timer_v2_0_vh_rfs.vhd:462]
INFO: [Synth 8-3491] module 'MUXCY' declared at '/tools/Xilinx/Vivado/2019.1/scripts/rt/data/unisim_comp.v:42746' bound to instance 'MUXCY_I' of component 'MUXCY' [/home/valmyrsilva07/virtex7/skarab-virtex7-toolflow/fpgs/ethernet_one_gbe_skarab_control/ethernet_one_gbe_skarab_axi/myproj/myproj.srcs/sources_1/bd/cont_microblaze/ipshared/a788/hdl/axi_timer_v2_0_vh_rfs.vhd:462]
INFO: [Synth 8-3491] module 'MUXCY' declared at '/tools/Xilinx/Vivado/2019.1/scripts/rt/data/unisim_comp.v:42746' bound to instance 'MUXCY_I' of component 'MUXCY' [/home/valmyrsilva07/virtex7/skarab-virtex7-toolflow/fpgs/ethernet_one_gbe_skarab_control/ethernet_one_gbe_skarab_axi/myproj/myproj.srcs/sources_1/bd/cont_microblaze/ipshared/a788/hdl/axi_timer_v2_0_vh_rfs.vhd:462]
INFO: [Synth 8-3491] module 'MUXCY' declared at '/tools/Xilinx/Vivado/2019.1/scripts/rt/data/unisim_comp.v:42746' bound to instance 'MUXCY_I' of component 'MUXCY' [/home/valmyrsilva07/virtex7/skarab-virtex7-toolflow/fpgs/ethernet_one_gbe_skarab_control/ethernet_one_gbe_skarab_axi/myproj/myproj.srcs/sources_1/bd/cont_microblaze/ipshared/a788/hdl/axi_timer_v2_0_vh_rfs.vhd:462]
INFO: [Synth 8-3491] module 'MUXCY' declared at '/tools/Xilinx/Vivado/2019.1/scripts/rt/data/unisim_comp.v:42746' bound to instance 'MUXCY_I' of component 'MUXCY' [/home/valmyrsilva07/virtex7/skarab-virtex7-toolflow/fpgs/ethernet_one_gbe_skarab_control/ethernet_one_gbe_skarab_axi/myproj/myproj.srcs/sources_1/bd/cont_microblaze/ipshared/a788/hdl/axi_timer_v2_0_vh_rfs.vhd:462]
INFO: [Synth 8-3491] module 'MUXCY' declared at '/tools/Xilinx/Vivado/2019.1/scripts/rt/data/unisim_comp.v:42746' bound to instance 'MUXCY_I' of component 'MUXCY' [/home/valmyrsilva07/virtex7/skarab-virtex7-toolflow/fpgs/ethernet_one_gbe_skarab_control/ethernet_one_gbe_skarab_axi/myproj/myproj.srcs/sources_1/bd/cont_microblaze/ipshared/a788/hdl/axi_timer_v2_0_vh_rfs.vhd:462]
INFO: [Synth 8-3491] module 'MUXCY' declared at '/tools/Xilinx/Vivado/2019.1/scripts/rt/data/unisim_comp.v:42746' bound to instance 'MUXCY_I' of component 'MUXCY' [/home/valmyrsilva07/virtex7/skarab-virtex7-toolflow/fpgs/ethernet_one_gbe_skarab_control/ethernet_one_gbe_skarab_axi/myproj/myproj.srcs/sources_1/bd/cont_microblaze/ipshared/a788/hdl/axi_timer_v2_0_vh_rfs.vhd:462]
INFO: [Synth 8-3491] module 'MUXCY' declared at '/tools/Xilinx/Vivado/2019.1/scripts/rt/data/unisim_comp.v:42746' bound to instance 'MUXCY_I' of component 'MUXCY' [/home/valmyrsilva07/virtex7/skarab-virtex7-toolflow/fpgs/ethernet_one_gbe_skarab_control/ethernet_one_gbe_skarab_axi/myproj/myproj.srcs/sources_1/bd/cont_microblaze/ipshared/a788/hdl/axi_timer_v2_0_vh_rfs.vhd:462]
INFO: [Synth 8-3491] module 'MUXCY' declared at '/tools/Xilinx/Vivado/2019.1/scripts/rt/data/unisim_comp.v:42746' bound to instance 'MUXCY_I' of component 'MUXCY' [/home/valmyrsilva07/virtex7/skarab-virtex7-toolflow/fpgs/ethernet_one_gbe_skarab_control/ethernet_one_gbe_skarab_axi/myproj/myproj.srcs/sources_1/bd/cont_microblaze/ipshared/a788/hdl/axi_timer_v2_0_vh_rfs.vhd:462]
INFO: [Synth 8-3491] module 'MUXCY' declared at '/tools/Xilinx/Vivado/2019.1/scripts/rt/data/unisim_comp.v:42746' bound to instance 'MUXCY_I' of component 'MUXCY' [/home/valmyrsilva07/virtex7/skarab-virtex7-toolflow/fpgs/ethernet_one_gbe_skarab_control/ethernet_one_gbe_skarab_axi/myproj/myproj.srcs/sources_1/bd/cont_microblaze/ipshared/a788/hdl/axi_timer_v2_0_vh_rfs.vhd:462]
INFO: [Synth 8-3491] module 'MUXCY' declared at '/tools/Xilinx/Vivado/2019.1/scripts/rt/data/unisim_comp.v:42746' bound to instance 'MUXCY_I' of component 'MUXCY' [/home/valmyrsilva07/virtex7/skarab-virtex7-toolflow/fpgs/ethernet_one_gbe_skarab_control/ethernet_one_gbe_skarab_axi/myproj/myproj.srcs/sources_1/bd/cont_microblaze/ipshared/a788/hdl/axi_timer_v2_0_vh_rfs.vhd:462]
INFO: [Synth 8-3491] module 'MUXCY' declared at '/tools/Xilinx/Vivado/2019.1/scripts/rt/data/unisim_comp.v:42746' bound to instance 'MUXCY_I' of component 'MUXCY' [/home/valmyrsilva07/virtex7/skarab-virtex7-toolflow/fpgs/ethernet_one_gbe_skarab_control/ethernet_one_gbe_skarab_axi/myproj/myproj.srcs/sources_1/bd/cont_microblaze/ipshared/a788/hdl/axi_timer_v2_0_vh_rfs.vhd:462]
INFO: [Synth 8-3491] module 'MUXCY' declared at '/tools/Xilinx/Vivado/2019.1/scripts/rt/data/unisim_comp.v:42746' bound to instance 'MUXCY_I' of component 'MUXCY' [/home/valmyrsilva07/virtex7/skarab-virtex7-toolflow/fpgs/ethernet_one_gbe_skarab_control/ethernet_one_gbe_skarab_axi/myproj/myproj.srcs/sources_1/bd/cont_microblaze/ipshared/a788/hdl/axi_timer_v2_0_vh_rfs.vhd:462]
INFO: [Synth 8-3491] module 'MUXCY' declared at '/tools/Xilinx/Vivado/2019.1/scripts/rt/data/unisim_comp.v:42746' bound to instance 'MUXCY_I' of component 'MUXCY' [/home/valmyrsilva07/virtex7/skarab-virtex7-toolflow/fpgs/ethernet_one_gbe_skarab_control/ethernet_one_gbe_skarab_axi/myproj/myproj.srcs/sources_1/bd/cont_microblaze/ipshared/a788/hdl/axi_timer_v2_0_vh_rfs.vhd:462]
INFO: [Synth 8-3491] module 'MUXCY' declared at '/tools/Xilinx/Vivado/2019.1/scripts/rt/data/unisim_comp.v:42746' bound to instance 'MUXCY_I' of component 'MUXCY' [/home/valmyrsilva07/virtex7/skarab-virtex7-toolflow/fpgs/ethernet_one_gbe_skarab_control/ethernet_one_gbe_skarab_axi/myproj/myproj.srcs/sources_1/bd/cont_microblaze/ipshared/a788/hdl/axi_timer_v2_0_vh_rfs.vhd:462]
INFO: [Synth 8-3491] module 'MUXCY' declared at '/tools/Xilinx/Vivado/2019.1/scripts/rt/data/unisim_comp.v:42746' bound to instance 'MUXCY_I' of component 'MUXCY' [/home/valmyrsilva07/virtex7/skarab-virtex7-toolflow/fpgs/ethernet_one_gbe_skarab_control/ethernet_one_gbe_skarab_axi/myproj/myproj.srcs/sources_1/bd/cont_microblaze/ipshared/a788/hdl/axi_timer_v2_0_vh_rfs.vhd:462]
INFO: [Synth 8-3491] module 'MUXCY' declared at '/tools/Xilinx/Vivado/2019.1/scripts/rt/data/unisim_comp.v:42746' bound to instance 'MUXCY_I' of component 'MUXCY' [/home/valmyrsilva07/virtex7/skarab-virtex7-toolflow/fpgs/ethernet_one_gbe_skarab_control/ethernet_one_gbe_skarab_axi/myproj/myproj.srcs/sources_1/bd/cont_microblaze/ipshared/a788/hdl/axi_timer_v2_0_vh_rfs.vhd:462]
INFO: [Synth 8-3491] module 'MUXCY' declared at '/tools/Xilinx/Vivado/2019.1/scripts/rt/data/unisim_comp.v:42746' bound to instance 'MUXCY_I' of component 'MUXCY' [/home/valmyrsilva07/virtex7/skarab-virtex7-toolflow/fpgs/ethernet_one_gbe_skarab_control/ethernet_one_gbe_skarab_axi/myproj/myproj.srcs/sources_1/bd/cont_microblaze/ipshared/a788/hdl/axi_timer_v2_0_vh_rfs.vhd:462]
INFO: [Synth 8-3491] module 'MUXCY' declared at '/tools/Xilinx/Vivado/2019.1/scripts/rt/data/unisim_comp.v:42746' bound to instance 'MUXCY_I' of component 'MUXCY' [/home/valmyrsilva07/virtex7/skarab-virtex7-toolflow/fpgs/ethernet_one_gbe_skarab_control/ethernet_one_gbe_skarab_axi/myproj/myproj.srcs/sources_1/bd/cont_microblaze/ipshared/a788/hdl/axi_timer_v2_0_vh_rfs.vhd:462]
INFO: [Synth 8-3491] module 'MUXCY' declared at '/tools/Xilinx/Vivado/2019.1/scripts/rt/data/unisim_comp.v:42746' bound to instance 'MUXCY_I' of component 'MUXCY' [/home/valmyrsilva07/virtex7/skarab-virtex7-toolflow/fpgs/ethernet_one_gbe_skarab_control/ethernet_one_gbe_skarab_axi/myproj/myproj.srcs/sources_1/bd/cont_microblaze/ipshared/a788/hdl/axi_timer_v2_0_vh_rfs.vhd:462]
INFO: [Synth 8-3491] module 'MUXCY' declared at '/tools/Xilinx/Vivado/2019.1/scripts/rt/data/unisim_comp.v:42746' bound to instance 'MUXCY_I' of component 'MUXCY' [/home/valmyrsilva07/virtex7/skarab-virtex7-toolflow/fpgs/ethernet_one_gbe_skarab_control/ethernet_one_gbe_skarab_axi/myproj/myproj.srcs/sources_1/bd/cont_microblaze/ipshared/a788/hdl/axi_timer_v2_0_vh_rfs.vhd:462]
INFO: [Synth 8-3491] module 'MUXCY' declared at '/tools/Xilinx/Vivado/2019.1/scripts/rt/data/unisim_comp.v:42746' bound to instance 'MUXCY_I' of component 'MUXCY' [/home/valmyrsilva07/virtex7/skarab-virtex7-toolflow/fpgs/ethernet_one_gbe_skarab_control/ethernet_one_gbe_skarab_axi/myproj/myproj.srcs/sources_1/bd/cont_microblaze/ipshared/a788/hdl/axi_timer_v2_0_vh_rfs.vhd:462]
INFO: [Synth 8-3491] module 'MUXCY' declared at '/tools/Xilinx/Vivado/2019.1/scripts/rt/data/unisim_comp.v:42746' bound to instance 'MUXCY_I' of component 'MUXCY' [/home/valmyrsilva07/virtex7/skarab-virtex7-toolflow/fpgs/ethernet_one_gbe_skarab_control/ethernet_one_gbe_skarab_axi/myproj/myproj.srcs/sources_1/bd/cont_microblaze/ipshared/a788/hdl/axi_timer_v2_0_vh_rfs.vhd:462]
INFO: [Synth 8-3491] module 'MUXCY' declared at '/tools/Xilinx/Vivado/2019.1/scripts/rt/data/unisim_comp.v:42746' bound to instance 'MUXCY_I' of component 'MUXCY' [/home/valmyrsilva07/virtex7/skarab-virtex7-toolflow/fpgs/ethernet_one_gbe_skarab_control/ethernet_one_gbe_skarab_axi/myproj/myproj.srcs/sources_1/bd/cont_microblaze/ipshared/a788/hdl/axi_timer_v2_0_vh_rfs.vhd:462]
INFO: [Synth 8-3491] module 'MUXCY' declared at '/tools/Xilinx/Vivado/2019.1/scripts/rt/data/unisim_comp.v:42746' bound to instance 'MUXCY_I' of component 'MUXCY' [/home/valmyrsilva07/virtex7/skarab-virtex7-toolflow/fpgs/ethernet_one_gbe_skarab_control/ethernet_one_gbe_skarab_axi/myproj/myproj.srcs/sources_1/bd/cont_microblaze/ipshared/a788/hdl/axi_timer_v2_0_vh_rfs.vhd:462]
INFO: [Synth 8-3491] module 'MUXCY' declared at '/tools/Xilinx/Vivado/2019.1/scripts/rt/data/unisim_comp.v:42746' bound to instance 'MUXCY_I' of component 'MUXCY' [/home/valmyrsilva07/virtex7/skarab-virtex7-toolflow/fpgs/ethernet_one_gbe_skarab_control/ethernet_one_gbe_skarab_axi/myproj/myproj.srcs/sources_1/bd/cont_microblaze/ipshared/a788/hdl/axi_timer_v2_0_vh_rfs.vhd:462]
INFO: [Synth 8-3491] module 'MUXCY' declared at '/tools/Xilinx/Vivado/2019.1/scripts/rt/data/unisim_comp.v:42746' bound to instance 'MUXCY_I' of component 'MUXCY' [/home/valmyrsilva07/virtex7/skarab-virtex7-toolflow/fpgs/ethernet_one_gbe_skarab_control/ethernet_one_gbe_skarab_axi/myproj/myproj.srcs/sources_1/bd/cont_microblaze/ipshared/a788/hdl/axi_timer_v2_0_vh_rfs.vhd:462]
INFO: [Synth 8-3491] module 'MUXCY' declared at '/tools/Xilinx/Vivado/2019.1/scripts/rt/data/unisim_comp.v:42746' bound to instance 'MUXCY_I' of component 'MUXCY' [/home/valmyrsilva07/virtex7/skarab-virtex7-toolflow/fpgs/ethernet_one_gbe_skarab_control/ethernet_one_gbe_skarab_axi/myproj/myproj.srcs/sources_1/bd/cont_microblaze/ipshared/a788/hdl/axi_timer_v2_0_vh_rfs.vhd:462]
INFO: [Synth 8-3491] module 'MUXCY' declared at '/tools/Xilinx/Vivado/2019.1/scripts/rt/data/unisim_comp.v:42746' bound to instance 'MUXCY_I' of component 'MUXCY' [/home/valmyrsilva07/virtex7/skarab-virtex7-toolflow/fpgs/ethernet_one_gbe_skarab_control/ethernet_one_gbe_skarab_axi/myproj/myproj.srcs/sources_1/bd/cont_microblaze/ipshared/a788/hdl/axi_timer_v2_0_vh_rfs.vhd:462]
INFO: [Synth 8-3491] module 'MUXCY' declared at '/tools/Xilinx/Vivado/2019.1/scripts/rt/data/unisim_comp.v:42746' bound to instance 'MUXCY_I' of component 'MUXCY' [/home/valmyrsilva07/virtex7/skarab-virtex7-toolflow/fpgs/ethernet_one_gbe_skarab_control/ethernet_one_gbe_skarab_axi/myproj/myproj.srcs/sources_1/bd/cont_microblaze/ipshared/a788/hdl/axi_timer_v2_0_vh_rfs.vhd:462]
INFO: [Synth 8-3491] module 'MUXCY' declared at '/tools/Xilinx/Vivado/2019.1/scripts/rt/data/unisim_comp.v:42746' bound to instance 'MUXCY_I' of component 'MUXCY' [/home/valmyrsilva07/virtex7/skarab-virtex7-toolflow/fpgs/ethernet_one_gbe_skarab_control/ethernet_one_gbe_skarab_axi/myproj/myproj.srcs/sources_1/bd/cont_microblaze/ipshared/a788/hdl/axi_timer_v2_0_vh_rfs.vhd:462]
INFO: [Synth 8-3491] module 'MUXCY' declared at '/tools/Xilinx/Vivado/2019.1/scripts/rt/data/unisim_comp.v:42746' bound to instance 'MUXCY_I' of component 'MUXCY' [/home/valmyrsilva07/virtex7/skarab-virtex7-toolflow/fpgs/ethernet_one_gbe_skarab_control/ethernet_one_gbe_skarab_axi/myproj/myproj.srcs/sources_1/bd/cont_microblaze/ipshared/a788/hdl/axi_timer_v2_0_vh_rfs.vhd:462]
INFO: [Synth 8-3491] module 'MUXCY' declared at '/tools/Xilinx/Vivado/2019.1/scripts/rt/data/unisim_comp.v:42746' bound to instance 'MUXCY_I' of component 'MUXCY' [/home/valmyrsilva07/virtex7/skarab-virtex7-toolflow/fpgs/ethernet_one_gbe_skarab_control/ethernet_one_gbe_skarab_axi/myproj/myproj.srcs/sources_1/bd/cont_microblaze/ipshared/a788/hdl/axi_timer_v2_0_vh_rfs.vhd:462]
INFO: [Synth 8-3491] module 'MUXCY' declared at '/tools/Xilinx/Vivado/2019.1/scripts/rt/data/unisim_comp.v:42746' bound to instance 'MUXCY_I' of component 'MUXCY' [/home/valmyrsilva07/virtex7/skarab-virtex7-toolflow/fpgs/ethernet_one_gbe_skarab_control/ethernet_one_gbe_skarab_axi/myproj/myproj.srcs/sources_1/bd/cont_microblaze/ipshared/a788/hdl/axi_timer_v2_0_vh_rfs.vhd:462]
INFO: [Synth 8-3491] module 'MUXCY' declared at '/tools/Xilinx/Vivado/2019.1/scripts/rt/data/unisim_comp.v:42746' bound to instance 'MUXCY_I' of component 'MUXCY' [/home/valmyrsilva07/virtex7/skarab-virtex7-toolflow/fpgs/ethernet_one_gbe_skarab_control/ethernet_one_gbe_skarab_axi/myproj/myproj.srcs/sources_1/bd/cont_microblaze/ipshared/a788/hdl/axi_timer_v2_0_vh_rfs.vhd:462]
INFO: [Synth 8-3491] module 'MUXCY' declared at '/tools/Xilinx/Vivado/2019.1/scripts/rt/data/unisim_comp.v:42746' bound to instance 'MUXCY_I' of component 'MUXCY' [/home/valmyrsilva07/virtex7/skarab-virtex7-toolflow/fpgs/ethernet_one_gbe_skarab_control/ethernet_one_gbe_skarab_axi/myproj/myproj.srcs/sources_1/bd/cont_microblaze/ipshared/a788/hdl/axi_timer_v2_0_vh_rfs.vhd:462]
INFO: [Synth 8-3491] module 'MUXCY' declared at '/tools/Xilinx/Vivado/2019.1/scripts/rt/data/unisim_comp.v:42746' bound to instance 'MUXCY_I' of component 'MUXCY' [/home/valmyrsilva07/virtex7/skarab-virtex7-toolflow/fpgs/ethernet_one_gbe_skarab_control/ethernet_one_gbe_skarab_axi/myproj/myproj.srcs/sources_1/bd/cont_microblaze/ipshared/a788/hdl/axi_timer_v2_0_vh_rfs.vhd:462]
INFO: [Synth 8-3491] module 'MUXCY' declared at '/tools/Xilinx/Vivado/2019.1/scripts/rt/data/unisim_comp.v:42746' bound to instance 'MUXCY_I' of component 'MUXCY' [/home/valmyrsilva07/virtex7/skarab-virtex7-toolflow/fpgs/ethernet_one_gbe_skarab_control/ethernet_one_gbe_skarab_axi/myproj/myproj.srcs/sources_1/bd/cont_microblaze/ipshared/a788/hdl/axi_timer_v2_0_vh_rfs.vhd:462]
INFO: [Synth 8-3491] module 'MUXCY' declared at '/tools/Xilinx/Vivado/2019.1/scripts/rt/data/unisim_comp.v:42746' bound to instance 'MUXCY_I' of component 'MUXCY' [/home/valmyrsilva07/virtex7/skarab-virtex7-toolflow/fpgs/ethernet_one_gbe_skarab_control/ethernet_one_gbe_skarab_axi/myproj/myproj.srcs/sources_1/bd/cont_microblaze/ipshared/a788/hdl/axi_timer_v2_0_vh_rfs.vhd:462]
INFO: [Synth 8-3491] module 'MUXCY' declared at '/tools/Xilinx/Vivado/2019.1/scripts/rt/data/unisim_comp.v:42746' bound to instance 'MUXCY_I' of component 'MUXCY' [/home/valmyrsilva07/virtex7/skarab-virtex7-toolflow/fpgs/ethernet_one_gbe_skarab_control/ethernet_one_gbe_skarab_axi/myproj/myproj.srcs/sources_1/bd/cont_microblaze/ipshared/a788/hdl/axi_timer_v2_0_vh_rfs.vhd:462]
INFO: [Synth 8-3491] module 'MUXCY' declared at '/tools/Xilinx/Vivado/2019.1/scripts/rt/data/unisim_comp.v:42746' bound to instance 'MUXCY_I' of component 'MUXCY' [/home/valmyrsilva07/virtex7/skarab-virtex7-toolflow/fpgs/ethernet_one_gbe_skarab_control/ethernet_one_gbe_skarab_axi/myproj/myproj.srcs/sources_1/bd/cont_microblaze/ipshared/a788/hdl/axi_timer_v2_0_vh_rfs.vhd:462]
INFO: [Synth 8-3491] module 'MUXCY' declared at '/tools/Xilinx/Vivado/2019.1/scripts/rt/data/unisim_comp.v:42746' bound to instance 'MUXCY_I' of component 'MUXCY' [/home/valmyrsilva07/virtex7/skarab-virtex7-toolflow/fpgs/ethernet_one_gbe_skarab_control/ethernet_one_gbe_skarab_axi/myproj/myproj.srcs/sources_1/bd/cont_microblaze/ipshared/a788/hdl/axi_timer_v2_0_vh_rfs.vhd:462]
INFO: [Synth 8-3491] module 'MUXCY' declared at '/tools/Xilinx/Vivado/2019.1/scripts/rt/data/unisim_comp.v:42746' bound to instance 'MUXCY_I' of component 'MUXCY' [/home/valmyrsilva07/virtex7/skarab-virtex7-toolflow/fpgs/ethernet_one_gbe_skarab_control/ethernet_one_gbe_skarab_axi/myproj/myproj.srcs/sources_1/bd/cont_microblaze/ipshared/a788/hdl/axi_timer_v2_0_vh_rfs.vhd:462]
INFO: [Synth 8-3491] module 'MUXCY' declared at '/tools/Xilinx/Vivado/2019.1/scripts/rt/data/unisim_comp.v:42746' bound to instance 'MUXCY_I' of component 'MUXCY' [/home/valmyrsilva07/virtex7/skarab-virtex7-toolflow/fpgs/ethernet_one_gbe_skarab_control/ethernet_one_gbe_skarab_axi/myproj/myproj.srcs/sources_1/bd/cont_microblaze/ipshared/a788/hdl/axi_timer_v2_0_vh_rfs.vhd:462]
INFO: [Synth 8-3491] module 'MUXCY' declared at '/tools/Xilinx/Vivado/2019.1/scripts/rt/data/unisim_comp.v:42746' bound to instance 'MUXCY_I' of component 'MUXCY' [/home/valmyrsilva07/virtex7/skarab-virtex7-toolflow/fpgs/ethernet_one_gbe_skarab_control/ethernet_one_gbe_skarab_axi/myproj/myproj.srcs/sources_1/bd/cont_microblaze/ipshared/a788/hdl/axi_timer_v2_0_vh_rfs.vhd:462]
INFO: [Synth 8-3491] module 'MUXCY' declared at '/tools/Xilinx/Vivado/2019.1/scripts/rt/data/unisim_comp.v:42746' bound to instance 'MUXCY_I' of component 'MUXCY' [/home/valmyrsilva07/virtex7/skarab-virtex7-toolflow/fpgs/ethernet_one_gbe_skarab_control/ethernet_one_gbe_skarab_axi/myproj/myproj.srcs/sources_1/bd/cont_microblaze/ipshared/a788/hdl/axi_timer_v2_0_vh_rfs.vhd:462]
INFO: [Synth 8-3491] module 'MUXCY' declared at '/tools/Xilinx/Vivado/2019.1/scripts/rt/data/unisim_comp.v:42746' bound to instance 'MUXCY_I' of component 'MUXCY' [/home/valmyrsilva07/virtex7/skarab-virtex7-toolflow/fpgs/ethernet_one_gbe_skarab_control/ethernet_one_gbe_skarab_axi/myproj/myproj.srcs/sources_1/bd/cont_microblaze/ipshared/a788/hdl/axi_timer_v2_0_vh_rfs.vhd:462]
INFO: [Synth 8-3491] module 'MUXCY' declared at '/tools/Xilinx/Vivado/2019.1/scripts/rt/data/unisim_comp.v:42746' bound to instance 'MUXCY_I' of component 'MUXCY' [/home/valmyrsilva07/virtex7/skarab-virtex7-toolflow/fpgs/ethernet_one_gbe_skarab_control/ethernet_one_gbe_skarab_axi/myproj/myproj.srcs/sources_1/bd/cont_microblaze/ipshared/a788/hdl/axi_timer_v2_0_vh_rfs.vhd:462]
INFO: [Synth 8-3491] module 'MUXCY' declared at '/tools/Xilinx/Vivado/2019.1/scripts/rt/data/unisim_comp.v:42746' bound to instance 'MUXCY_I' of component 'MUXCY' [/home/valmyrsilva07/virtex7/skarab-virtex7-toolflow/fpgs/ethernet_one_gbe_skarab_control/ethernet_one_gbe_skarab_axi/myproj/myproj.srcs/sources_1/bd/cont_microblaze/ipshared/a788/hdl/axi_timer_v2_0_vh_rfs.vhd:462]
INFO: [Synth 8-3491] module 'MUXCY' declared at '/tools/Xilinx/Vivado/2019.1/scripts/rt/data/unisim_comp.v:42746' bound to instance 'MUXCY_I' of component 'MUXCY' [/home/valmyrsilva07/virtex7/skarab-virtex7-toolflow/fpgs/ethernet_one_gbe_skarab_control/ethernet_one_gbe_skarab_axi/myproj/myproj.srcs/sources_1/bd/cont_microblaze/ipshared/a788/hdl/axi_timer_v2_0_vh_rfs.vhd:462]
INFO: [Synth 8-3491] module 'MUXCY' declared at '/tools/Xilinx/Vivado/2019.1/scripts/rt/data/unisim_comp.v:42746' bound to instance 'MUXCY_I' of component 'MUXCY' [/home/valmyrsilva07/virtex7/skarab-virtex7-toolflow/fpgs/ethernet_one_gbe_skarab_control/ethernet_one_gbe_skarab_axi/myproj/myproj.srcs/sources_1/bd/cont_microblaze/ipshared/a788/hdl/axi_timer_v2_0_vh_rfs.vhd:462]
INFO: [Synth 8-3491] module 'MUXCY' declared at '/tools/Xilinx/Vivado/2019.1/scripts/rt/data/unisim_comp.v:42746' bound to instance 'MUXCY_I' of component 'MUXCY' [/home/valmyrsilva07/virtex7/skarab-virtex7-toolflow/fpgs/ethernet_one_gbe_skarab_control/ethernet_one_gbe_skarab_axi/myproj/myproj.srcs/sources_1/bd/cont_microblaze/ipshared/a788/hdl/axi_timer_v2_0_vh_rfs.vhd:462]
INFO: [Synth 8-3491] module 'MUXCY' declared at '/tools/Xilinx/Vivado/2019.1/scripts/rt/data/unisim_comp.v:42746' bound to instance 'MUXCY_I' of component 'MUXCY' [/home/valmyrsilva07/virtex7/skarab-virtex7-toolflow/fpgs/ethernet_one_gbe_skarab_control/ethernet_one_gbe_skarab_axi/myproj/myproj.srcs/sources_1/bd/cont_microblaze/ipshared/a788/hdl/axi_timer_v2_0_vh_rfs.vhd:462]
INFO: [Synth 8-3491] module 'MUXCY' declared at '/tools/Xilinx/Vivado/2019.1/scripts/rt/data/unisim_comp.v:42746' bound to instance 'MUXCY_I' of component 'MUXCY' [/home/valmyrsilva07/virtex7/skarab-virtex7-toolflow/fpgs/ethernet_one_gbe_skarab_control/ethernet_one_gbe_skarab_axi/myproj/myproj.srcs/sources_1/bd/cont_microblaze/ipshared/a788/hdl/axi_timer_v2_0_vh_rfs.vhd:462]
INFO: [Synth 8-3491] module 'MUXCY' declared at '/tools/Xilinx/Vivado/2019.1/scripts/rt/data/unisim_comp.v:42746' bound to instance 'MUXCY_I' of component 'MUXCY' [/home/valmyrsilva07/virtex7/skarab-virtex7-toolflow/fpgs/ethernet_one_gbe_skarab_control/ethernet_one_gbe_skarab_axi/myproj/myproj.srcs/sources_1/bd/cont_microblaze/ipshared/a788/hdl/axi_timer_v2_0_vh_rfs.vhd:462]
INFO: [Synth 8-3491] module 'MUXCY' declared at '/tools/Xilinx/Vivado/2019.1/scripts/rt/data/unisim_comp.v:42746' bound to instance 'MUXCY_I' of component 'MUXCY' [/home/valmyrsilva07/virtex7/skarab-virtex7-toolflow/fpgs/ethernet_one_gbe_skarab_control/ethernet_one_gbe_skarab_axi/myproj/myproj.srcs/sources_1/bd/cont_microblaze/ipshared/a788/hdl/axi_timer_v2_0_vh_rfs.vhd:462]
INFO: [Synth 8-3491] module 'MUXCY' declared at '/tools/Xilinx/Vivado/2019.1/scripts/rt/data/unisim_comp.v:42746' bound to instance 'MUXCY_I' of component 'MUXCY' [/home/valmyrsilva07/virtex7/skarab-virtex7-toolflow/fpgs/ethernet_one_gbe_skarab_control/ethernet_one_gbe_skarab_axi/myproj/myproj.srcs/sources_1/bd/cont_microblaze/ipshared/a788/hdl/axi_timer_v2_0_vh_rfs.vhd:462]
INFO: [Synth 8-256] done synthesizing module 'mux_onehot_f' (32#1) [/home/valmyrsilva07/virtex7/skarab-virtex7-toolflow/fpgs/ethernet_one_gbe_skarab_control/ethernet_one_gbe_skarab_axi/myproj/myproj.srcs/sources_1/bd/cont_microblaze/ipshared/a788/hdl/axi_timer_v2_0_vh_rfs.vhd:365]
INFO: [Synth 8-638] synthesizing module 'count_module' [/home/valmyrsilva07/virtex7/skarab-virtex7-toolflow/fpgs/ethernet_one_gbe_skarab_control/ethernet_one_gbe_skarab_axi/myproj/myproj.srcs/sources_1/bd/cont_microblaze/ipshared/a788/hdl/axi_timer_v2_0_vh_rfs.vhd:1434]
	Parameter C_FAMILY bound to: virtex7 - type: string 
	Parameter C_COUNT_WIDTH bound to: 32 - type: integer 
	Parameter INIT bound to: 1'b0 
	Parameter IS_C_INVERTED bound to: 1'b0 
	Parameter IS_D_INVERTED bound to: 1'b0 
	Parameter IS_R_INVERTED bound to: 1'b0 
INFO: [Synth 8-113] binding component instance 'LOAD_REG_I' to cell 'FDRE' [/home/valmyrsilva07/virtex7/skarab-virtex7-toolflow/fpgs/ethernet_one_gbe_skarab_control/ethernet_one_gbe_skarab_axi/myproj/myproj.srcs/sources_1/bd/cont_microblaze/ipshared/a788/hdl/axi_timer_v2_0_vh_rfs.vhd:1470]
	Parameter INIT bound to: 1'b0 
	Parameter IS_C_INVERTED bound to: 1'b0 
	Parameter IS_D_INVERTED bound to: 1'b0 
	Parameter IS_R_INVERTED bound to: 1'b0 
INFO: [Synth 8-113] binding component instance 'LOAD_REG_I' to cell 'FDRE' [/home/valmyrsilva07/virtex7/skarab-virtex7-toolflow/fpgs/ethernet_one_gbe_skarab_control/ethernet_one_gbe_skarab_axi/myproj/myproj.srcs/sources_1/bd/cont_microblaze/ipshared/a788/hdl/axi_timer_v2_0_vh_rfs.vhd:1470]
	Parameter INIT bound to: 1'b0 
	Parameter IS_C_INVERTED bound to: 1'b0 
	Parameter IS_D_INVERTED bound to: 1'b0 
	Parameter IS_R_INVERTED bound to: 1'b0 
INFO: [Synth 8-113] binding component instance 'LOAD_REG_I' to cell 'FDRE' [/home/valmyrsilva07/virtex7/skarab-virtex7-toolflow/fpgs/ethernet_one_gbe_skarab_control/ethernet_one_gbe_skarab_axi/myproj/myproj.srcs/sources_1/bd/cont_microblaze/ipshared/a788/hdl/axi_timer_v2_0_vh_rfs.vhd:1470]
	Parameter INIT bound to: 1'b0 
	Parameter IS_C_INVERTED bound to: 1'b0 
	Parameter IS_D_INVERTED bound to: 1'b0 
	Parameter IS_R_INVERTED bound to: 1'b0 
INFO: [Synth 8-113] binding component instance 'LOAD_REG_I' to cell 'FDRE' [/home/valmyrsilva07/virtex7/skarab-virtex7-toolflow/fpgs/ethernet_one_gbe_skarab_control/ethernet_one_gbe_skarab_axi/myproj/myproj.srcs/sources_1/bd/cont_microblaze/ipshared/a788/hdl/axi_timer_v2_0_vh_rfs.vhd:1470]
	Parameter INIT bound to: 1'b0 
	Parameter IS_C_INVERTED bound to: 1'b0 
	Parameter IS_D_INVERTED bound to: 1'b0 
	Parameter IS_R_INVERTED bound to: 1'b0 
INFO: [Synth 8-113] binding component instance 'LOAD_REG_I' to cell 'FDRE' [/home/valmyrsilva07/virtex7/skarab-virtex7-toolflow/fpgs/ethernet_one_gbe_skarab_control/ethernet_one_gbe_skarab_axi/myproj/myproj.srcs/sources_1/bd/cont_microblaze/ipshared/a788/hdl/axi_timer_v2_0_vh_rfs.vhd:1470]
	Parameter INIT bound to: 1'b0 
	Parameter IS_C_INVERTED bound to: 1'b0 
	Parameter IS_D_INVERTED bound to: 1'b0 
	Parameter IS_R_INVERTED bound to: 1'b0 
INFO: [Synth 8-113] binding component instance 'LOAD_REG_I' to cell 'FDRE' [/home/valmyrsilva07/virtex7/skarab-virtex7-toolflow/fpgs/ethernet_one_gbe_skarab_control/ethernet_one_gbe_skarab_axi/myproj/myproj.srcs/sources_1/bd/cont_microblaze/ipshared/a788/hdl/axi_timer_v2_0_vh_rfs.vhd:1470]
	Parameter INIT bound to: 1'b0 
	Parameter IS_C_INVERTED bound to: 1'b0 
	Parameter IS_D_INVERTED bound to: 1'b0 
	Parameter IS_R_INVERTED bound to: 1'b0 
INFO: [Synth 8-113] binding component instance 'LOAD_REG_I' to cell 'FDRE' [/home/valmyrsilva07/virtex7/skarab-virtex7-toolflow/fpgs/ethernet_one_gbe_skarab_control/ethernet_one_gbe_skarab_axi/myproj/myproj.srcs/sources_1/bd/cont_microblaze/ipshared/a788/hdl/axi_timer_v2_0_vh_rfs.vhd:1470]
	Parameter INIT bound to: 1'b0 
	Parameter IS_C_INVERTED bound to: 1'b0 
	Parameter IS_D_INVERTED bound to: 1'b0 
	Parameter IS_R_INVERTED bound to: 1'b0 
INFO: [Synth 8-113] binding component instance 'LOAD_REG_I' to cell 'FDRE' [/home/valmyrsilva07/virtex7/skarab-virtex7-toolflow/fpgs/ethernet_one_gbe_skarab_control/ethernet_one_gbe_skarab_axi/myproj/myproj.srcs/sources_1/bd/cont_microblaze/ipshared/a788/hdl/axi_timer_v2_0_vh_rfs.vhd:1470]
	Parameter INIT bound to: 1'b0 
	Parameter IS_C_INVERTED bound to: 1'b0 
	Parameter IS_D_INVERTED bound to: 1'b0 
	Parameter IS_R_INVERTED bound to: 1'b0 
INFO: [Synth 8-113] binding component instance 'LOAD_REG_I' to cell 'FDRE' [/home/valmyrsilva07/virtex7/skarab-virtex7-toolflow/fpgs/ethernet_one_gbe_skarab_control/ethernet_one_gbe_skarab_axi/myproj/myproj.srcs/sources_1/bd/cont_microblaze/ipshared/a788/hdl/axi_timer_v2_0_vh_rfs.vhd:1470]
	Parameter INIT bound to: 1'b0 
	Parameter IS_C_INVERTED bound to: 1'b0 
	Parameter IS_D_INVERTED bound to: 1'b0 
	Parameter IS_R_INVERTED bound to: 1'b0 
INFO: [Synth 8-113] binding component instance 'LOAD_REG_I' to cell 'FDRE' [/home/valmyrsilva07/virtex7/skarab-virtex7-toolflow/fpgs/ethernet_one_gbe_skarab_control/ethernet_one_gbe_skarab_axi/myproj/myproj.srcs/sources_1/bd/cont_microblaze/ipshared/a788/hdl/axi_timer_v2_0_vh_rfs.vhd:1470]
	Parameter INIT bound to: 1'b0 
	Parameter IS_C_INVERTED bound to: 1'b0 
	Parameter IS_D_INVERTED bound to: 1'b0 
	Parameter IS_R_INVERTED bound to: 1'b0 
INFO: [Synth 8-113] binding component instance 'LOAD_REG_I' to cell 'FDRE' [/home/valmyrsilva07/virtex7/skarab-virtex7-toolflow/fpgs/ethernet_one_gbe_skarab_control/ethernet_one_gbe_skarab_axi/myproj/myproj.srcs/sources_1/bd/cont_microblaze/ipshared/a788/hdl/axi_timer_v2_0_vh_rfs.vhd:1470]
	Parameter INIT bound to: 1'b0 
	Parameter IS_C_INVERTED bound to: 1'b0 
	Parameter IS_D_INVERTED bound to: 1'b0 
	Parameter IS_R_INVERTED bound to: 1'b0 
INFO: [Synth 8-113] binding component instance 'LOAD_REG_I' to cell 'FDRE' [/home/valmyrsilva07/virtex7/skarab-virtex7-toolflow/fpgs/ethernet_one_gbe_skarab_control/ethernet_one_gbe_skarab_axi/myproj/myproj.srcs/sources_1/bd/cont_microblaze/ipshared/a788/hdl/axi_timer_v2_0_vh_rfs.vhd:1470]
	Parameter INIT bound to: 1'b0 
	Parameter IS_C_INVERTED bound to: 1'b0 
	Parameter IS_D_INVERTED bound to: 1'b0 
	Parameter IS_R_INVERTED bound to: 1'b0 
INFO: [Synth 8-113] binding component instance 'LOAD_REG_I' to cell 'FDRE' [/home/valmyrsilva07/virtex7/skarab-virtex7-toolflow/fpgs/ethernet_one_gbe_skarab_control/ethernet_one_gbe_skarab_axi/myproj/myproj.srcs/sources_1/bd/cont_microblaze/ipshared/a788/hdl/axi_timer_v2_0_vh_rfs.vhd:1470]
	Parameter INIT bound to: 1'b0 
	Parameter IS_C_INVERTED bound to: 1'b0 
	Parameter IS_D_INVERTED bound to: 1'b0 
	Parameter IS_R_INVERTED bound to: 1'b0 
INFO: [Synth 8-113] binding component instance 'LOAD_REG_I' to cell 'FDRE' [/home/valmyrsilva07/virtex7/skarab-virtex7-toolflow/fpgs/ethernet_one_gbe_skarab_control/ethernet_one_gbe_skarab_axi/myproj/myproj.srcs/sources_1/bd/cont_microblaze/ipshared/a788/hdl/axi_timer_v2_0_vh_rfs.vhd:1470]
	Parameter INIT bound to: 1'b0 
	Parameter IS_C_INVERTED bound to: 1'b0 
	Parameter IS_D_INVERTED bound to: 1'b0 
	Parameter IS_R_INVERTED bound to: 1'b0 
INFO: [Synth 8-113] binding component instance 'LOAD_REG_I' to cell 'FDRE' [/home/valmyrsilva07/virtex7/skarab-virtex7-toolflow/fpgs/ethernet_one_gbe_skarab_control/ethernet_one_gbe_skarab_axi/myproj/myproj.srcs/sources_1/bd/cont_microblaze/ipshared/a788/hdl/axi_timer_v2_0_vh_rfs.vhd:1470]
	Parameter INIT bound to: 1'b0 
	Parameter IS_C_INVERTED bound to: 1'b0 
	Parameter IS_D_INVERTED bound to: 1'b0 
	Parameter IS_R_INVERTED bound to: 1'b0 
INFO: [Synth 8-113] binding component instance 'LOAD_REG_I' to cell 'FDRE' [/home/valmyrsilva07/virtex7/skarab-virtex7-toolflow/fpgs/ethernet_one_gbe_skarab_control/ethernet_one_gbe_skarab_axi/myproj/myproj.srcs/sources_1/bd/cont_microblaze/ipshared/a788/hdl/axi_timer_v2_0_vh_rfs.vhd:1470]
	Parameter INIT bound to: 1'b0 
	Parameter IS_C_INVERTED bound to: 1'b0 
	Parameter IS_D_INVERTED bound to: 1'b0 
	Parameter IS_R_INVERTED bound to: 1'b0 
INFO: [Synth 8-113] binding component instance 'LOAD_REG_I' to cell 'FDRE' [/home/valmyrsilva07/virtex7/skarab-virtex7-toolflow/fpgs/ethernet_one_gbe_skarab_control/ethernet_one_gbe_skarab_axi/myproj/myproj.srcs/sources_1/bd/cont_microblaze/ipshared/a788/hdl/axi_timer_v2_0_vh_rfs.vhd:1470]
	Parameter INIT bound to: 1'b0 
	Parameter IS_C_INVERTED bound to: 1'b0 
	Parameter IS_D_INVERTED bound to: 1'b0 
	Parameter IS_R_INVERTED bound to: 1'b0 
INFO: [Synth 8-113] binding component instance 'LOAD_REG_I' to cell 'FDRE' [/home/valmyrsilva07/virtex7/skarab-virtex7-toolflow/fpgs/ethernet_one_gbe_skarab_control/ethernet_one_gbe_skarab_axi/myproj/myproj.srcs/sources_1/bd/cont_microblaze/ipshared/a788/hdl/axi_timer_v2_0_vh_rfs.vhd:1470]
	Parameter INIT bound to: 1'b0 
	Parameter IS_C_INVERTED bound to: 1'b0 
	Parameter IS_D_INVERTED bound to: 1'b0 
	Parameter IS_R_INVERTED bound to: 1'b0 
INFO: [Synth 8-113] binding component instance 'LOAD_REG_I' to cell 'FDRE' [/home/valmyrsilva07/virtex7/skarab-virtex7-toolflow/fpgs/ethernet_one_gbe_skarab_control/ethernet_one_gbe_skarab_axi/myproj/myproj.srcs/sources_1/bd/cont_microblaze/ipshared/a788/hdl/axi_timer_v2_0_vh_rfs.vhd:1470]
	Parameter INIT bound to: 1'b0 
	Parameter IS_C_INVERTED bound to: 1'b0 
	Parameter IS_D_INVERTED bound to: 1'b0 
	Parameter IS_R_INVERTED bound to: 1'b0 
INFO: [Synth 8-113] binding component instance 'LOAD_REG_I' to cell 'FDRE' [/home/valmyrsilva07/virtex7/skarab-virtex7-toolflow/fpgs/ethernet_one_gbe_skarab_control/ethernet_one_gbe_skarab_axi/myproj/myproj.srcs/sources_1/bd/cont_microblaze/ipshared/a788/hdl/axi_timer_v2_0_vh_rfs.vhd:1470]
	Parameter INIT bound to: 1'b0 
	Parameter IS_C_INVERTED bound to: 1'b0 
	Parameter IS_D_INVERTED bound to: 1'b0 
	Parameter IS_R_INVERTED bound to: 1'b0 
INFO: [Synth 8-113] binding component instance 'LOAD_REG_I' to cell 'FDRE' [/home/valmyrsilva07/virtex7/skarab-virtex7-toolflow/fpgs/ethernet_one_gbe_skarab_control/ethernet_one_gbe_skarab_axi/myproj/myproj.srcs/sources_1/bd/cont_microblaze/ipshared/a788/hdl/axi_timer_v2_0_vh_rfs.vhd:1470]
	Parameter INIT bound to: 1'b0 
	Parameter IS_C_INVERTED bound to: 1'b0 
	Parameter IS_D_INVERTED bound to: 1'b0 
	Parameter IS_R_INVERTED bound to: 1'b0 
INFO: [Synth 8-113] binding component instance 'LOAD_REG_I' to cell 'FDRE' [/home/valmyrsilva07/virtex7/skarab-virtex7-toolflow/fpgs/ethernet_one_gbe_skarab_control/ethernet_one_gbe_skarab_axi/myproj/myproj.srcs/sources_1/bd/cont_microblaze/ipshared/a788/hdl/axi_timer_v2_0_vh_rfs.vhd:1470]
	Parameter INIT bound to: 1'b0 
	Parameter IS_C_INVERTED bound to: 1'b0 
	Parameter IS_D_INVERTED bound to: 1'b0 
	Parameter IS_R_INVERTED bound to: 1'b0 
INFO: [Synth 8-113] binding component instance 'LOAD_REG_I' to cell 'FDRE' [/home/valmyrsilva07/virtex7/skarab-virtex7-toolflow/fpgs/ethernet_one_gbe_skarab_control/ethernet_one_gbe_skarab_axi/myproj/myproj.srcs/sources_1/bd/cont_microblaze/ipshared/a788/hdl/axi_timer_v2_0_vh_rfs.vhd:1470]
	Parameter INIT bound to: 1'b0 
	Parameter IS_C_INVERTED bound to: 1'b0 
	Parameter IS_D_INVERTED bound to: 1'b0 
	Parameter IS_R_INVERTED bound to: 1'b0 
INFO: [Synth 8-113] binding component instance 'LOAD_REG_I' to cell 'FDRE' [/home/valmyrsilva07/virtex7/skarab-virtex7-toolflow/fpgs/ethernet_one_gbe_skarab_control/ethernet_one_gbe_skarab_axi/myproj/myproj.srcs/sources_1/bd/cont_microblaze/ipshared/a788/hdl/axi_timer_v2_0_vh_rfs.vhd:1470]
	Parameter INIT bound to: 1'b0 
	Parameter IS_C_INVERTED bound to: 1'b0 
	Parameter IS_D_INVERTED bound to: 1'b0 
	Parameter IS_R_INVERTED bound to: 1'b0 
INFO: [Synth 8-113] binding component instance 'LOAD_REG_I' to cell 'FDRE' [/home/valmyrsilva07/virtex7/skarab-virtex7-toolflow/fpgs/ethernet_one_gbe_skarab_control/ethernet_one_gbe_skarab_axi/myproj/myproj.srcs/sources_1/bd/cont_microblaze/ipshared/a788/hdl/axi_timer_v2_0_vh_rfs.vhd:1470]
	Parameter INIT bound to: 1'b0 
	Parameter IS_C_INVERTED bound to: 1'b0 
	Parameter IS_D_INVERTED bound to: 1'b0 
	Parameter IS_R_INVERTED bound to: 1'b0 
INFO: [Synth 8-113] binding component instance 'LOAD_REG_I' to cell 'FDRE' [/home/valmyrsilva07/virtex7/skarab-virtex7-toolflow/fpgs/ethernet_one_gbe_skarab_control/ethernet_one_gbe_skarab_axi/myproj/myproj.srcs/sources_1/bd/cont_microblaze/ipshared/a788/hdl/axi_timer_v2_0_vh_rfs.vhd:1470]
	Parameter INIT bound to: 1'b0 
	Parameter IS_C_INVERTED bound to: 1'b0 
	Parameter IS_D_INVERTED bound to: 1'b0 
	Parameter IS_R_INVERTED bound to: 1'b0 
INFO: [Synth 8-113] binding component instance 'LOAD_REG_I' to cell 'FDRE' [/home/valmyrsilva07/virtex7/skarab-virtex7-toolflow/fpgs/ethernet_one_gbe_skarab_control/ethernet_one_gbe_skarab_axi/myproj/myproj.srcs/sources_1/bd/cont_microblaze/ipshared/a788/hdl/axi_timer_v2_0_vh_rfs.vhd:1470]
	Parameter INIT bound to: 1'b0 
	Parameter IS_C_INVERTED bound to: 1'b0 
	Parameter IS_D_INVERTED bound to: 1'b0 
	Parameter IS_R_INVERTED bound to: 1'b0 
INFO: [Synth 8-113] binding component instance 'LOAD_REG_I' to cell 'FDRE' [/home/valmyrsilva07/virtex7/skarab-virtex7-toolflow/fpgs/ethernet_one_gbe_skarab_control/ethernet_one_gbe_skarab_axi/myproj/myproj.srcs/sources_1/bd/cont_microblaze/ipshared/a788/hdl/axi_timer_v2_0_vh_rfs.vhd:1470]
	Parameter INIT bound to: 1'b0 
	Parameter IS_C_INVERTED bound to: 1'b0 
	Parameter IS_D_INVERTED bound to: 1'b0 
	Parameter IS_R_INVERTED bound to: 1'b0 
INFO: [Synth 8-113] binding component instance 'LOAD_REG_I' to cell 'FDRE' [/home/valmyrsilva07/virtex7/skarab-virtex7-toolflow/fpgs/ethernet_one_gbe_skarab_control/ethernet_one_gbe_skarab_axi/myproj/myproj.srcs/sources_1/bd/cont_microblaze/ipshared/a788/hdl/axi_timer_v2_0_vh_rfs.vhd:1470]
	Parameter INIT bound to: 1'b0 
	Parameter IS_C_INVERTED bound to: 1'b0 
	Parameter IS_D_INVERTED bound to: 1'b0 
	Parameter IS_R_INVERTED bound to: 1'b0 
INFO: [Synth 8-113] binding component instance 'LOAD_REG_I' to cell 'FDRE' [/home/valmyrsilva07/virtex7/skarab-virtex7-toolflow/fpgs/ethernet_one_gbe_skarab_control/ethernet_one_gbe_skarab_axi/myproj/myproj.srcs/sources_1/bd/cont_microblaze/ipshared/a788/hdl/axi_timer_v2_0_vh_rfs.vhd:1470]
	Parameter INIT bound to: 1'b0 
	Parameter IS_C_INVERTED bound to: 1'b0 
	Parameter IS_D_INVERTED bound to: 1'b0 
	Parameter IS_R_INVERTED bound to: 1'b0 
INFO: [Synth 8-113] binding component instance 'LOAD_REG_I' to cell 'FDRE' [/home/valmyrsilva07/virtex7/skarab-virtex7-toolflow/fpgs/ethernet_one_gbe_skarab_control/ethernet_one_gbe_skarab_axi/myproj/myproj.srcs/sources_1/bd/cont_microblaze/ipshared/a788/hdl/axi_timer_v2_0_vh_rfs.vhd:1470]
	Parameter INIT bound to: 1'b0 
	Parameter IS_C_INVERTED bound to: 1'b0 
	Parameter IS_D_INVERTED bound to: 1'b0 
	Parameter IS_R_INVERTED bound to: 1'b0 
INFO: [Synth 8-113] binding component instance 'LOAD_REG_I' to cell 'FDRE' [/home/valmyrsilva07/virtex7/skarab-virtex7-toolflow/fpgs/ethernet_one_gbe_skarab_control/ethernet_one_gbe_skarab_axi/myproj/myproj.srcs/sources_1/bd/cont_microblaze/ipshared/a788/hdl/axi_timer_v2_0_vh_rfs.vhd:1470]
INFO: [Synth 8-638] synthesizing module 'counter_f' [/home/valmyrsilva07/virtex7/skarab-virtex7-toolflow/fpgs/ethernet_one_gbe_skarab_control/ethernet_one_gbe_skarab_axi/myproj/myproj.srcs/sources_1/bd/cont_microblaze/ipshared/a788/hdl/axi_timer_v2_0_vh_rfs.vhd:148]
	Parameter C_NUM_BITS bound to: 32 - type: integer 
	Parameter C_FAMILY bound to: virtex7 - type: string 
INFO: [Synth 8-256] done synthesizing module 'counter_f' (33#1) [/home/valmyrsilva07/virtex7/skarab-virtex7-toolflow/fpgs/ethernet_one_gbe_skarab_control/ethernet_one_gbe_skarab_axi/myproj/myproj.srcs/sources_1/bd/cont_microblaze/ipshared/a788/hdl/axi_timer_v2_0_vh_rfs.vhd:148]
INFO: [Synth 8-256] done synthesizing module 'count_module' (34#1) [/home/valmyrsilva07/virtex7/skarab-virtex7-toolflow/fpgs/ethernet_one_gbe_skarab_control/ethernet_one_gbe_skarab_axi/myproj/myproj.srcs/sources_1/bd/cont_microblaze/ipshared/a788/hdl/axi_timer_v2_0_vh_rfs.vhd:1434]
INFO: [Synth 8-638] synthesizing module 'timer_control' [/home/valmyrsilva07/virtex7/skarab-virtex7-toolflow/fpgs/ethernet_one_gbe_skarab_control/ethernet_one_gbe_skarab_axi/myproj/myproj.srcs/sources_1/bd/cont_microblaze/ipshared/a788/hdl/axi_timer_v2_0_vh_rfs.vhd:835]
	Parameter C_TRIG0_ASSERT bound to: 1'b1 
	Parameter C_TRIG1_ASSERT bound to: 1'b1 
	Parameter C_GEN0_ASSERT bound to: 1'b1 
	Parameter C_GEN1_ASSERT bound to: 1'b1 
	Parameter C_ARD_NUM_CE_ARRAY bound to: 32'b00000000000000000000000000001000 
	Parameter INIT bound to: 1'b0 
	Parameter IS_CE_INVERTED bound to: 1'b0 
	Parameter IS_C_INVERTED bound to: 1'b0 
	Parameter IS_D_INVERTED bound to: 1'b0 
	Parameter IS_R_INVERTED bound to: 1'b0 
	Parameter IS_S_INVERTED bound to: 1'b0 
INFO: [Synth 8-113] binding component instance 'TCSR0_FF_I' to cell 'FDRSE' [/home/valmyrsilva07/virtex7/skarab-virtex7-toolflow/fpgs/ethernet_one_gbe_skarab_control/ethernet_one_gbe_skarab_axi/myproj/myproj.srcs/sources_1/bd/cont_microblaze/ipshared/a788/hdl/axi_timer_v2_0_vh_rfs.vhd:917]
	Parameter INIT bound to: 1'b0 
	Parameter IS_CE_INVERTED bound to: 1'b0 
	Parameter IS_C_INVERTED bound to: 1'b0 
	Parameter IS_D_INVERTED bound to: 1'b0 
	Parameter IS_R_INVERTED bound to: 1'b0 
	Parameter IS_S_INVERTED bound to: 1'b0 
INFO: [Synth 8-113] binding component instance 'TCSR0_FF_I' to cell 'FDRSE' [/home/valmyrsilva07/virtex7/skarab-virtex7-toolflow/fpgs/ethernet_one_gbe_skarab_control/ethernet_one_gbe_skarab_axi/myproj/myproj.srcs/sources_1/bd/cont_microblaze/ipshared/a788/hdl/axi_timer_v2_0_vh_rfs.vhd:917]
	Parameter INIT bound to: 1'b0 
	Parameter IS_CE_INVERTED bound to: 1'b0 
	Parameter IS_C_INVERTED bound to: 1'b0 
	Parameter IS_D_INVERTED bound to: 1'b0 
	Parameter IS_R_INVERTED bound to: 1'b0 
	Parameter IS_S_INVERTED bound to: 1'b0 
INFO: [Synth 8-113] binding component instance 'TCSR0_FF_I' to cell 'FDRSE' [/home/valmyrsilva07/virtex7/skarab-virtex7-toolflow/fpgs/ethernet_one_gbe_skarab_control/ethernet_one_gbe_skarab_axi/myproj/myproj.srcs/sources_1/bd/cont_microblaze/ipshared/a788/hdl/axi_timer_v2_0_vh_rfs.vhd:917]
	Parameter INIT bound to: 1'b0 
	Parameter IS_CE_INVERTED bound to: 1'b0 
	Parameter IS_C_INVERTED bound to: 1'b0 
	Parameter IS_D_INVERTED bound to: 1'b0 
	Parameter IS_R_INVERTED bound to: 1'b0 
	Parameter IS_S_INVERTED bound to: 1'b0 
INFO: [Synth 8-113] binding component instance 'TCSR0_FF_I' to cell 'FDRSE' [/home/valmyrsilva07/virtex7/skarab-virtex7-toolflow/fpgs/ethernet_one_gbe_skarab_control/ethernet_one_gbe_skarab_axi/myproj/myproj.srcs/sources_1/bd/cont_microblaze/ipshared/a788/hdl/axi_timer_v2_0_vh_rfs.vhd:917]
	Parameter INIT bound to: 1'b0 
	Parameter IS_CE_INVERTED bound to: 1'b0 
	Parameter IS_C_INVERTED bound to: 1'b0 
	Parameter IS_D_INVERTED bound to: 1'b0 
	Parameter IS_R_INVERTED bound to: 1'b0 
	Parameter IS_S_INVERTED bound to: 1'b0 
INFO: [Synth 8-113] binding component instance 'TCSR0_FF_I' to cell 'FDRSE' [/home/valmyrsilva07/virtex7/skarab-virtex7-toolflow/fpgs/ethernet_one_gbe_skarab_control/ethernet_one_gbe_skarab_axi/myproj/myproj.srcs/sources_1/bd/cont_microblaze/ipshared/a788/hdl/axi_timer_v2_0_vh_rfs.vhd:917]
	Parameter INIT bound to: 1'b0 
	Parameter IS_CE_INVERTED bound to: 1'b0 
	Parameter IS_C_INVERTED bound to: 1'b0 
	Parameter IS_D_INVERTED bound to: 1'b0 
	Parameter IS_R_INVERTED bound to: 1'b0 
	Parameter IS_S_INVERTED bound to: 1'b0 
INFO: [Synth 8-113] binding component instance 'TCSR0_FF_I' to cell 'FDRSE' [/home/valmyrsilva07/virtex7/skarab-virtex7-toolflow/fpgs/ethernet_one_gbe_skarab_control/ethernet_one_gbe_skarab_axi/myproj/myproj.srcs/sources_1/bd/cont_microblaze/ipshared/a788/hdl/axi_timer_v2_0_vh_rfs.vhd:917]
	Parameter INIT bound to: 1'b0 
	Parameter IS_CE_INVERTED bound to: 1'b0 
	Parameter IS_C_INVERTED bound to: 1'b0 
	Parameter IS_D_INVERTED bound to: 1'b0 
	Parameter IS_R_INVERTED bound to: 1'b0 
	Parameter IS_S_INVERTED bound to: 1'b0 
INFO: [Synth 8-113] binding component instance 'TCSR0_FF_I' to cell 'FDRSE' [/home/valmyrsilva07/virtex7/skarab-virtex7-toolflow/fpgs/ethernet_one_gbe_skarab_control/ethernet_one_gbe_skarab_axi/myproj/myproj.srcs/sources_1/bd/cont_microblaze/ipshared/a788/hdl/axi_timer_v2_0_vh_rfs.vhd:917]
	Parameter INIT bound to: 1'b0 
	Parameter IS_CE_INVERTED bound to: 1'b0 
	Parameter IS_C_INVERTED bound to: 1'b0 
	Parameter IS_D_INVERTED bound to: 1'b0 
	Parameter IS_R_INVERTED bound to: 1'b0 
	Parameter IS_S_INVERTED bound to: 1'b0 
INFO: [Synth 8-113] binding component instance 'TCSR0_FF_I' to cell 'FDRSE' [/home/valmyrsilva07/virtex7/skarab-virtex7-toolflow/fpgs/ethernet_one_gbe_skarab_control/ethernet_one_gbe_skarab_axi/myproj/myproj.srcs/sources_1/bd/cont_microblaze/ipshared/a788/hdl/axi_timer_v2_0_vh_rfs.vhd:917]
	Parameter INIT bound to: 1'b0 
	Parameter IS_CE_INVERTED bound to: 1'b0 
	Parameter IS_C_INVERTED bound to: 1'b0 
	Parameter IS_D_INVERTED bound to: 1'b0 
	Parameter IS_R_INVERTED bound to: 1'b0 
	Parameter IS_S_INVERTED bound to: 1'b0 
INFO: [Synth 8-113] binding component instance 'TCSR0_FF_I' to cell 'FDRSE' [/home/valmyrsilva07/virtex7/skarab-virtex7-toolflow/fpgs/ethernet_one_gbe_skarab_control/ethernet_one_gbe_skarab_axi/myproj/myproj.srcs/sources_1/bd/cont_microblaze/ipshared/a788/hdl/axi_timer_v2_0_vh_rfs.vhd:917]
	Parameter INIT bound to: 1'b0 
	Parameter IS_CE_INVERTED bound to: 1'b0 
	Parameter IS_C_INVERTED bound to: 1'b0 
	Parameter IS_D_INVERTED bound to: 1'b0 
	Parameter IS_R_INVERTED bound to: 1'b0 
	Parameter IS_S_INVERTED bound to: 1'b0 
INFO: [Synth 8-113] binding component instance 'TCSR0_FF_I' to cell 'FDRSE' [/home/valmyrsilva07/virtex7/skarab-virtex7-toolflow/fpgs/ethernet_one_gbe_skarab_control/ethernet_one_gbe_skarab_axi/myproj/myproj.srcs/sources_1/bd/cont_microblaze/ipshared/a788/hdl/axi_timer_v2_0_vh_rfs.vhd:917]
	Parameter INIT bound to: 1'b0 
	Parameter IS_CE_INVERTED bound to: 1'b0 
	Parameter IS_C_INVERTED bound to: 1'b0 
	Parameter IS_D_INVERTED bound to: 1'b0 
	Parameter IS_R_INVERTED bound to: 1'b0 
	Parameter IS_S_INVERTED bound to: 1'b0 
INFO: [Synth 8-113] binding component instance 'TCSR0_FF_I' to cell 'FDRSE' [/home/valmyrsilva07/virtex7/skarab-virtex7-toolflow/fpgs/ethernet_one_gbe_skarab_control/ethernet_one_gbe_skarab_axi/myproj/myproj.srcs/sources_1/bd/cont_microblaze/ipshared/a788/hdl/axi_timer_v2_0_vh_rfs.vhd:917]
	Parameter INIT bound to: 1'b0 
	Parameter IS_CE_INVERTED bound to: 1'b0 
	Parameter IS_C_INVERTED bound to: 1'b0 
	Parameter IS_D_INVERTED bound to: 1'b0 
	Parameter IS_R_INVERTED bound to: 1'b0 
	Parameter IS_S_INVERTED bound to: 1'b0 
INFO: [Synth 8-113] binding component instance 'TCSR0_FF_I' to cell 'FDRSE' [/home/valmyrsilva07/virtex7/skarab-virtex7-toolflow/fpgs/ethernet_one_gbe_skarab_control/ethernet_one_gbe_skarab_axi/myproj/myproj.srcs/sources_1/bd/cont_microblaze/ipshared/a788/hdl/axi_timer_v2_0_vh_rfs.vhd:917]
	Parameter INIT bound to: 1'b0 
	Parameter IS_CE_INVERTED bound to: 1'b0 
	Parameter IS_C_INVERTED bound to: 1'b0 
	Parameter IS_D_INVERTED bound to: 1'b0 
	Parameter IS_R_INVERTED bound to: 1'b0 
	Parameter IS_S_INVERTED bound to: 1'b0 
INFO: [Synth 8-113] binding component instance 'TCSR1_FF_I' to cell 'FDRSE' [/home/valmyrsilva07/virtex7/skarab-virtex7-toolflow/fpgs/ethernet_one_gbe_skarab_control/ethernet_one_gbe_skarab_axi/myproj/myproj.srcs/sources_1/bd/cont_microblaze/ipshared/a788/hdl/axi_timer_v2_0_vh_rfs.vhd:998]
	Parameter INIT bound to: 1'b0 
	Parameter IS_CE_INVERTED bound to: 1'b0 
	Parameter IS_C_INVERTED bound to: 1'b0 
	Parameter IS_D_INVERTED bound to: 1'b0 
	Parameter IS_R_INVERTED bound to: 1'b0 
	Parameter IS_S_INVERTED bound to: 1'b0 
INFO: [Synth 8-113] binding component instance 'TCSR1_FF_I' to cell 'FDRSE' [/home/valmyrsilva07/virtex7/skarab-virtex7-toolflow/fpgs/ethernet_one_gbe_skarab_control/ethernet_one_gbe_skarab_axi/myproj/myproj.srcs/sources_1/bd/cont_microblaze/ipshared/a788/hdl/axi_timer_v2_0_vh_rfs.vhd:998]
	Parameter INIT bound to: 1'b0 
	Parameter IS_CE_INVERTED bound to: 1'b0 
	Parameter IS_C_INVERTED bound to: 1'b0 
	Parameter IS_D_INVERTED bound to: 1'b0 
	Parameter IS_R_INVERTED bound to: 1'b0 
	Parameter IS_S_INVERTED bound to: 1'b0 
INFO: [Synth 8-113] binding component instance 'TCSR1_FF_I' to cell 'FDRSE' [/home/valmyrsilva07/virtex7/skarab-virtex7-toolflow/fpgs/ethernet_one_gbe_skarab_control/ethernet_one_gbe_skarab_axi/myproj/myproj.srcs/sources_1/bd/cont_microblaze/ipshared/a788/hdl/axi_timer_v2_0_vh_rfs.vhd:998]
	Parameter INIT bound to: 1'b0 
	Parameter IS_CE_INVERTED bound to: 1'b0 
	Parameter IS_C_INVERTED bound to: 1'b0 
	Parameter IS_D_INVERTED bound to: 1'b0 
	Parameter IS_R_INVERTED bound to: 1'b0 
	Parameter IS_S_INVERTED bound to: 1'b0 
INFO: [Synth 8-113] binding component instance 'TCSR1_FF_I' to cell 'FDRSE' [/home/valmyrsilva07/virtex7/skarab-virtex7-toolflow/fpgs/ethernet_one_gbe_skarab_control/ethernet_one_gbe_skarab_axi/myproj/myproj.srcs/sources_1/bd/cont_microblaze/ipshared/a788/hdl/axi_timer_v2_0_vh_rfs.vhd:998]
	Parameter INIT bound to: 1'b0 
	Parameter IS_CE_INVERTED bound to: 1'b0 
	Parameter IS_C_INVERTED bound to: 1'b0 
	Parameter IS_D_INVERTED bound to: 1'b0 
	Parameter IS_R_INVERTED bound to: 1'b0 
	Parameter IS_S_INVERTED bound to: 1'b0 
INFO: [Synth 8-113] binding component instance 'TCSR1_FF_I' to cell 'FDRSE' [/home/valmyrsilva07/virtex7/skarab-virtex7-toolflow/fpgs/ethernet_one_gbe_skarab_control/ethernet_one_gbe_skarab_axi/myproj/myproj.srcs/sources_1/bd/cont_microblaze/ipshared/a788/hdl/axi_timer_v2_0_vh_rfs.vhd:998]
	Parameter INIT bound to: 1'b0 
	Parameter IS_CE_INVERTED bound to: 1'b0 
	Parameter IS_C_INVERTED bound to: 1'b0 
	Parameter IS_D_INVERTED bound to: 1'b0 
	Parameter IS_R_INVERTED bound to: 1'b0 
	Parameter IS_S_INVERTED bound to: 1'b0 
INFO: [Synth 8-113] binding component instance 'TCSR1_FF_I' to cell 'FDRSE' [/home/valmyrsilva07/virtex7/skarab-virtex7-toolflow/fpgs/ethernet_one_gbe_skarab_control/ethernet_one_gbe_skarab_axi/myproj/myproj.srcs/sources_1/bd/cont_microblaze/ipshared/a788/hdl/axi_timer_v2_0_vh_rfs.vhd:998]
	Parameter INIT bound to: 1'b0 
	Parameter IS_CE_INVERTED bound to: 1'b0 
	Parameter IS_C_INVERTED bound to: 1'b0 
	Parameter IS_D_INVERTED bound to: 1'b0 
	Parameter IS_R_INVERTED bound to: 1'b0 
	Parameter IS_S_INVERTED bound to: 1'b0 
INFO: [Synth 8-113] binding component instance 'TCSR1_FF_I' to cell 'FDRSE' [/home/valmyrsilva07/virtex7/skarab-virtex7-toolflow/fpgs/ethernet_one_gbe_skarab_control/ethernet_one_gbe_skarab_axi/myproj/myproj.srcs/sources_1/bd/cont_microblaze/ipshared/a788/hdl/axi_timer_v2_0_vh_rfs.vhd:998]
	Parameter INIT bound to: 1'b0 
	Parameter IS_CE_INVERTED bound to: 1'b0 
	Parameter IS_C_INVERTED bound to: 1'b0 
	Parameter IS_D_INVERTED bound to: 1'b0 
	Parameter IS_R_INVERTED bound to: 1'b0 
	Parameter IS_S_INVERTED bound to: 1'b0 
INFO: [Synth 8-113] binding component instance 'TCSR1_FF_I' to cell 'FDRSE' [/home/valmyrsilva07/virtex7/skarab-virtex7-toolflow/fpgs/ethernet_one_gbe_skarab_control/ethernet_one_gbe_skarab_axi/myproj/myproj.srcs/sources_1/bd/cont_microblaze/ipshared/a788/hdl/axi_timer_v2_0_vh_rfs.vhd:998]
	Parameter INIT bound to: 1'b0 
	Parameter IS_CE_INVERTED bound to: 1'b0 
	Parameter IS_C_INVERTED bound to: 1'b0 
	Parameter IS_D_INVERTED bound to: 1'b0 
	Parameter IS_R_INVERTED bound to: 1'b0 
	Parameter IS_S_INVERTED bound to: 1'b0 
INFO: [Synth 8-113] binding component instance 'TCSR1_FF_I' to cell 'FDRSE' [/home/valmyrsilva07/virtex7/skarab-virtex7-toolflow/fpgs/ethernet_one_gbe_skarab_control/ethernet_one_gbe_skarab_axi/myproj/myproj.srcs/sources_1/bd/cont_microblaze/ipshared/a788/hdl/axi_timer_v2_0_vh_rfs.vhd:998]
	Parameter INIT bound to: 1'b0 
	Parameter IS_CE_INVERTED bound to: 1'b0 
	Parameter IS_C_INVERTED bound to: 1'b0 
	Parameter IS_D_INVERTED bound to: 1'b0 
	Parameter IS_R_INVERTED bound to: 1'b0 
	Parameter IS_S_INVERTED bound to: 1'b0 
INFO: [Synth 8-113] binding component instance 'TCSR1_FF_I' to cell 'FDRSE' [/home/valmyrsilva07/virtex7/skarab-virtex7-toolflow/fpgs/ethernet_one_gbe_skarab_control/ethernet_one_gbe_skarab_axi/myproj/myproj.srcs/sources_1/bd/cont_microblaze/ipshared/a788/hdl/axi_timer_v2_0_vh_rfs.vhd:998]
	Parameter INIT bound to: 1'b0 
	Parameter IS_CE_INVERTED bound to: 1'b0 
	Parameter IS_C_INVERTED bound to: 1'b0 
	Parameter IS_D_INVERTED bound to: 1'b0 
	Parameter IS_R_INVERTED bound to: 1'b0 
	Parameter IS_S_INVERTED bound to: 1'b0 
INFO: [Synth 8-113] binding component instance 'TCSR1_FF_I' to cell 'FDRSE' [/home/valmyrsilva07/virtex7/skarab-virtex7-toolflow/fpgs/ethernet_one_gbe_skarab_control/ethernet_one_gbe_skarab_axi/myproj/myproj.srcs/sources_1/bd/cont_microblaze/ipshared/a788/hdl/axi_timer_v2_0_vh_rfs.vhd:998]
	Parameter INIT bound to: 1'b0 
	Parameter IS_CE_INVERTED bound to: 1'b0 
	Parameter IS_C_INVERTED bound to: 1'b0 
	Parameter IS_D_INVERTED bound to: 1'b0 
	Parameter IS_R_INVERTED bound to: 1'b0 
	Parameter IS_S_INVERTED bound to: 1'b0 
INFO: [Synth 8-113] binding component instance 'READ_DONE0_I' to cell 'FDRSE' [/home/valmyrsilva07/virtex7/skarab-virtex7-toolflow/fpgs/ethernet_one_gbe_skarab_control/ethernet_one_gbe_skarab_axi/myproj/myproj.srcs/sources_1/bd/cont_microblaze/ipshared/a788/hdl/axi_timer_v2_0_vh_rfs.vhd:1070]
	Parameter INIT bound to: 1'b0 
	Parameter IS_CE_INVERTED bound to: 1'b0 
	Parameter IS_C_INVERTED bound to: 1'b0 
	Parameter IS_D_INVERTED bound to: 1'b0 
	Parameter IS_R_INVERTED bound to: 1'b0 
	Parameter IS_S_INVERTED bound to: 1'b0 
INFO: [Synth 8-113] binding component instance 'READ_DONE1_I' to cell 'FDRSE' [/home/valmyrsilva07/virtex7/skarab-virtex7-toolflow/fpgs/ethernet_one_gbe_skarab_control/ethernet_one_gbe_skarab_axi/myproj/myproj.srcs/sources_1/bd/cont_microblaze/ipshared/a788/hdl/axi_timer_v2_0_vh_rfs.vhd:1080]
INFO: [Synth 8-256] done synthesizing module 'timer_control' (35#1) [/home/valmyrsilva07/virtex7/skarab-virtex7-toolflow/fpgs/ethernet_one_gbe_skarab_control/ethernet_one_gbe_skarab_axi/myproj/myproj.srcs/sources_1/bd/cont_microblaze/ipshared/a788/hdl/axi_timer_v2_0_vh_rfs.vhd:835]
	Parameter INIT bound to: 1'b0 
	Parameter IS_C_INVERTED bound to: 1'b0 
	Parameter IS_D_INVERTED bound to: 1'b0 
	Parameter IS_R_INVERTED bound to: 1'b0 
	Parameter IS_S_INVERTED bound to: 1'b0 
INFO: [Synth 8-113] binding component instance 'PWM_FF_I' to cell 'FDRS' [/home/valmyrsilva07/virtex7/skarab-virtex7-toolflow/fpgs/ethernet_one_gbe_skarab_control/ethernet_one_gbe_skarab_axi/myproj/myproj.srcs/sources_1/bd/cont_microblaze/ipshared/a788/hdl/axi_timer_v2_0_vh_rfs.vhd:1906]
INFO: [Synth 8-256] done synthesizing module 'tc_core' (36#1) [/home/valmyrsilva07/virtex7/skarab-virtex7-toolflow/fpgs/ethernet_one_gbe_skarab_control/ethernet_one_gbe_skarab_axi/myproj/myproj.srcs/sources_1/bd/cont_microblaze/ipshared/a788/hdl/axi_timer_v2_0_vh_rfs.vhd:1700]
INFO: [Synth 8-638] synthesizing module 'axi_lite_ipif__parameterized0' [/home/valmyrsilva07/virtex7/skarab-virtex7-toolflow/fpgs/ethernet_one_gbe_skarab_control/ethernet_one_gbe_skarab_axi/myproj/myproj.srcs/sources_1/bd/cont_microblaze/ipshared/66ea/hdl/axi_lite_ipif_v3_0_vh_rfs.vhd:2948]
	Parameter C_S_AXI_DATA_WIDTH bound to: 32 - type: integer 
	Parameter C_S_AXI_ADDR_WIDTH bound to: 5 - type: integer 
	Parameter C_S_AXI_MIN_SIZE bound to: 32'b00000000000000000000000000011111 
	Parameter C_USE_WSTRB bound to: 0 - type: integer 
	Parameter C_DPHASE_TIMEOUT bound to: 32 - type: integer 
	Parameter C_ARD_ADDR_RANGE_ARRAY bound to: 128'b00000000000000000000000000000000000000000000000000000000000000000000000000000000000000000000000000000000000000000000000000011111 
	Parameter C_ARD_NUM_CE_ARRAY bound to: 32'b00000000000000000000000000001000 
	Parameter C_FAMILY bound to: virtex7 - type: string 
INFO: [Synth 8-638] synthesizing module 'slave_attachment__parameterized0' [/home/valmyrsilva07/virtex7/skarab-virtex7-toolflow/fpgs/ethernet_one_gbe_skarab_control/ethernet_one_gbe_skarab_axi/myproj/myproj.srcs/sources_1/bd/cont_microblaze/ipshared/66ea/hdl/axi_lite_ipif_v3_0_vh_rfs.vhd:2341]
	Parameter C_ARD_ADDR_RANGE_ARRAY bound to: 128'b00000000000000000000000000000000000000000000000000000000000000000000000000000000000000000000000000000000000000000000000000011111 
	Parameter C_ARD_NUM_CE_ARRAY bound to: 32'b00000000000000000000000000001000 
	Parameter C_IPIF_ABUS_WIDTH bound to: 5 - type: integer 
	Parameter C_IPIF_DBUS_WIDTH bound to: 32 - type: integer 
	Parameter C_S_AXI_MIN_SIZE bound to: 31 - type: integer 
	Parameter C_USE_WSTRB bound to: 0 - type: integer 
	Parameter C_DPHASE_TIMEOUT bound to: 32 - type: integer 
	Parameter C_FAMILY bound to: virtex7 - type: string 
INFO: [Synth 8-638] synthesizing module 'address_decoder__parameterized0' [/home/valmyrsilva07/virtex7/skarab-virtex7-toolflow/fpgs/ethernet_one_gbe_skarab_control/ethernet_one_gbe_skarab_axi/myproj/myproj.srcs/sources_1/bd/cont_microblaze/ipshared/66ea/hdl/axi_lite_ipif_v3_0_vh_rfs.vhd:1775]
	Parameter C_BUS_AWIDTH bound to: 5 - type: integer 
	Parameter C_S_AXI_MIN_SIZE bound to: 31 - type: integer 
	Parameter C_ARD_ADDR_RANGE_ARRAY bound to: 128'b00000000000000000000000000000000000000000000000000000000000000000000000000000000000000000000000000000000000000000000000000011111 
	Parameter C_ARD_NUM_CE_ARRAY bound to: 32'b00000000000000000000000000001000 
	Parameter C_FAMILY bound to: nofamily - type: string 
INFO: [Synth 8-638] synthesizing module 'pselect_f__parameterized3' [/home/valmyrsilva07/virtex7/skarab-virtex7-toolflow/fpgs/ethernet_one_gbe_skarab_control/ethernet_one_gbe_skarab_axi/myproj/myproj.srcs/sources_1/bd/cont_microblaze/ipshared/66ea/hdl/axi_lite_ipif_v3_0_vh_rfs.vhd:1534]
	Parameter C_AB bound to: 3 - type: integer 
	Parameter C_AW bound to: 3 - type: integer 
	Parameter C_BAR bound to: 3'b000 
	Parameter C_FAMILY bound to: nofamily - type: string 
INFO: [Synth 8-256] done synthesizing module 'pselect_f__parameterized3' (36#1) [/home/valmyrsilva07/virtex7/skarab-virtex7-toolflow/fpgs/ethernet_one_gbe_skarab_control/ethernet_one_gbe_skarab_axi/myproj/myproj.srcs/sources_1/bd/cont_microblaze/ipshared/66ea/hdl/axi_lite_ipif_v3_0_vh_rfs.vhd:1534]
INFO: [Synth 8-638] synthesizing module 'pselect_f__parameterized4' [/home/valmyrsilva07/virtex7/skarab-virtex7-toolflow/fpgs/ethernet_one_gbe_skarab_control/ethernet_one_gbe_skarab_axi/myproj/myproj.srcs/sources_1/bd/cont_microblaze/ipshared/66ea/hdl/axi_lite_ipif_v3_0_vh_rfs.vhd:1534]
	Parameter C_AB bound to: 3 - type: integer 
	Parameter C_AW bound to: 3 - type: integer 
	Parameter C_BAR bound to: 3'b001 
	Parameter C_FAMILY bound to: nofamily - type: string 
INFO: [Synth 8-256] done synthesizing module 'pselect_f__parameterized4' (36#1) [/home/valmyrsilva07/virtex7/skarab-virtex7-toolflow/fpgs/ethernet_one_gbe_skarab_control/ethernet_one_gbe_skarab_axi/myproj/myproj.srcs/sources_1/bd/cont_microblaze/ipshared/66ea/hdl/axi_lite_ipif_v3_0_vh_rfs.vhd:1534]
INFO: [Synth 8-638] synthesizing module 'pselect_f__parameterized5' [/home/valmyrsilva07/virtex7/skarab-virtex7-toolflow/fpgs/ethernet_one_gbe_skarab_control/ethernet_one_gbe_skarab_axi/myproj/myproj.srcs/sources_1/bd/cont_microblaze/ipshared/66ea/hdl/axi_lite_ipif_v3_0_vh_rfs.vhd:1534]
	Parameter C_AB bound to: 3 - type: integer 
	Parameter C_AW bound to: 3 - type: integer 
	Parameter C_BAR bound to: 3'b010 
	Parameter C_FAMILY bound to: nofamily - type: string 
INFO: [Synth 8-256] done synthesizing module 'pselect_f__parameterized5' (36#1) [/home/valmyrsilva07/virtex7/skarab-virtex7-toolflow/fpgs/ethernet_one_gbe_skarab_control/ethernet_one_gbe_skarab_axi/myproj/myproj.srcs/sources_1/bd/cont_microblaze/ipshared/66ea/hdl/axi_lite_ipif_v3_0_vh_rfs.vhd:1534]
INFO: [Synth 8-638] synthesizing module 'pselect_f__parameterized6' [/home/valmyrsilva07/virtex7/skarab-virtex7-toolflow/fpgs/ethernet_one_gbe_skarab_control/ethernet_one_gbe_skarab_axi/myproj/myproj.srcs/sources_1/bd/cont_microblaze/ipshared/66ea/hdl/axi_lite_ipif_v3_0_vh_rfs.vhd:1534]
	Parameter C_AB bound to: 3 - type: integer 
	Parameter C_AW bound to: 3 - type: integer 
	Parameter C_BAR bound to: 3'b011 
	Parameter C_FAMILY bound to: nofamily - type: string 
INFO: [Synth 8-256] done synthesizing module 'pselect_f__parameterized6' (36#1) [/home/valmyrsilva07/virtex7/skarab-virtex7-toolflow/fpgs/ethernet_one_gbe_skarab_control/ethernet_one_gbe_skarab_axi/myproj/myproj.srcs/sources_1/bd/cont_microblaze/ipshared/66ea/hdl/axi_lite_ipif_v3_0_vh_rfs.vhd:1534]
INFO: [Synth 8-638] synthesizing module 'pselect_f__parameterized7' [/home/valmyrsilva07/virtex7/skarab-virtex7-toolflow/fpgs/ethernet_one_gbe_skarab_control/ethernet_one_gbe_skarab_axi/myproj/myproj.srcs/sources_1/bd/cont_microblaze/ipshared/66ea/hdl/axi_lite_ipif_v3_0_vh_rfs.vhd:1534]
	Parameter C_AB bound to: 3 - type: integer 
	Parameter C_AW bound to: 3 - type: integer 
	Parameter C_BAR bound to: 3'b100 
	Parameter C_FAMILY bound to: nofamily - type: string 
INFO: [Synth 8-256] done synthesizing module 'pselect_f__parameterized7' (36#1) [/home/valmyrsilva07/virtex7/skarab-virtex7-toolflow/fpgs/ethernet_one_gbe_skarab_control/ethernet_one_gbe_skarab_axi/myproj/myproj.srcs/sources_1/bd/cont_microblaze/ipshared/66ea/hdl/axi_lite_ipif_v3_0_vh_rfs.vhd:1534]
INFO: [Synth 8-638] synthesizing module 'pselect_f__parameterized8' [/home/valmyrsilva07/virtex7/skarab-virtex7-toolflow/fpgs/ethernet_one_gbe_skarab_control/ethernet_one_gbe_skarab_axi/myproj/myproj.srcs/sources_1/bd/cont_microblaze/ipshared/66ea/hdl/axi_lite_ipif_v3_0_vh_rfs.vhd:1534]
	Parameter C_AB bound to: 3 - type: integer 
	Parameter C_AW bound to: 3 - type: integer 
	Parameter C_BAR bound to: 3'b101 
	Parameter C_FAMILY bound to: nofamily - type: string 
INFO: [Synth 8-256] done synthesizing module 'pselect_f__parameterized8' (36#1) [/home/valmyrsilva07/virtex7/skarab-virtex7-toolflow/fpgs/ethernet_one_gbe_skarab_control/ethernet_one_gbe_skarab_axi/myproj/myproj.srcs/sources_1/bd/cont_microblaze/ipshared/66ea/hdl/axi_lite_ipif_v3_0_vh_rfs.vhd:1534]
INFO: [Synth 8-638] synthesizing module 'pselect_f__parameterized9' [/home/valmyrsilva07/virtex7/skarab-virtex7-toolflow/fpgs/ethernet_one_gbe_skarab_control/ethernet_one_gbe_skarab_axi/myproj/myproj.srcs/sources_1/bd/cont_microblaze/ipshared/66ea/hdl/axi_lite_ipif_v3_0_vh_rfs.vhd:1534]
	Parameter C_AB bound to: 3 - type: integer 
	Parameter C_AW bound to: 3 - type: integer 
	Parameter C_BAR bound to: 3'b110 
	Parameter C_FAMILY bound to: nofamily - type: string 
INFO: [Synth 8-256] done synthesizing module 'pselect_f__parameterized9' (36#1) [/home/valmyrsilva07/virtex7/skarab-virtex7-toolflow/fpgs/ethernet_one_gbe_skarab_control/ethernet_one_gbe_skarab_axi/myproj/myproj.srcs/sources_1/bd/cont_microblaze/ipshared/66ea/hdl/axi_lite_ipif_v3_0_vh_rfs.vhd:1534]
INFO: [Synth 8-638] synthesizing module 'pselect_f__parameterized10' [/home/valmyrsilva07/virtex7/skarab-virtex7-toolflow/fpgs/ethernet_one_gbe_skarab_control/ethernet_one_gbe_skarab_axi/myproj/myproj.srcs/sources_1/bd/cont_microblaze/ipshared/66ea/hdl/axi_lite_ipif_v3_0_vh_rfs.vhd:1534]
	Parameter C_AB bound to: 3 - type: integer 
	Parameter C_AW bound to: 3 - type: integer 
	Parameter C_BAR bound to: 3'b111 
	Parameter C_FAMILY bound to: nofamily - type: string 
INFO: [Synth 8-256] done synthesizing module 'pselect_f__parameterized10' (36#1) [/home/valmyrsilva07/virtex7/skarab-virtex7-toolflow/fpgs/ethernet_one_gbe_skarab_control/ethernet_one_gbe_skarab_axi/myproj/myproj.srcs/sources_1/bd/cont_microblaze/ipshared/66ea/hdl/axi_lite_ipif_v3_0_vh_rfs.vhd:1534]
INFO: [Synth 8-256] done synthesizing module 'address_decoder__parameterized0' (36#1) [/home/valmyrsilva07/virtex7/skarab-virtex7-toolflow/fpgs/ethernet_one_gbe_skarab_control/ethernet_one_gbe_skarab_axi/myproj/myproj.srcs/sources_1/bd/cont_microblaze/ipshared/66ea/hdl/axi_lite_ipif_v3_0_vh_rfs.vhd:1775]
INFO: [Synth 8-226] default block is never used [/home/valmyrsilva07/virtex7/skarab-virtex7-toolflow/fpgs/ethernet_one_gbe_skarab_control/ethernet_one_gbe_skarab_axi/myproj/myproj.srcs/sources_1/bd/cont_microblaze/ipshared/66ea/hdl/axi_lite_ipif_v3_0_vh_rfs.vhd:2550]
INFO: [Synth 8-256] done synthesizing module 'slave_attachment__parameterized0' (36#1) [/home/valmyrsilva07/virtex7/skarab-virtex7-toolflow/fpgs/ethernet_one_gbe_skarab_control/ethernet_one_gbe_skarab_axi/myproj/myproj.srcs/sources_1/bd/cont_microblaze/ipshared/66ea/hdl/axi_lite_ipif_v3_0_vh_rfs.vhd:2341]
INFO: [Synth 8-256] done synthesizing module 'axi_lite_ipif__parameterized0' (36#1) [/home/valmyrsilva07/virtex7/skarab-virtex7-toolflow/fpgs/ethernet_one_gbe_skarab_control/ethernet_one_gbe_skarab_axi/myproj/myproj.srcs/sources_1/bd/cont_microblaze/ipshared/66ea/hdl/axi_lite_ipif_v3_0_vh_rfs.vhd:2948]
INFO: [Synth 8-256] done synthesizing module 'axi_timer' (37#1) [/home/valmyrsilva07/virtex7/skarab-virtex7-toolflow/fpgs/ethernet_one_gbe_skarab_control/ethernet_one_gbe_skarab_axi/myproj/myproj.srcs/sources_1/bd/cont_microblaze/ipshared/a788/hdl/axi_timer_v2_0_vh_rfs.vhd:2139]
INFO: [Synth 8-256] done synthesizing module 'cont_microblaze_axi_timer_0_0' (38#1) [/home/valmyrsilva07/virtex7/skarab-virtex7-toolflow/fpgs/ethernet_one_gbe_skarab_control/ethernet_one_gbe_skarab_axi/myproj/myproj.srcs/sources_1/bd/cont_microblaze/ip/cont_microblaze_axi_timer_0_0/synth/cont_microblaze_axi_timer_0_0.vhd:90]
INFO: [Synth 8-3491] module 'cont_microblaze_axi_uartlite_0_0' declared at '/home/valmyrsilva07/virtex7/skarab-virtex7-toolflow/fpgs/ethernet_one_gbe_skarab_control/ethernet_one_gbe_skarab_axi/myproj/myproj.srcs/sources_1/bd/cont_microblaze/ip/cont_microblaze_axi_uartlite_0_0/synth/cont_microblaze_axi_uartlite_0_0.vhd:59' bound to instance 'axi_uartlite_0' of component 'cont_microblaze_axi_uartlite_0_0' [/home/valmyrsilva07/virtex7/skarab-virtex7-toolflow/fpgs/ethernet_one_gbe_skarab_control/ethernet_one_gbe_skarab_axi/myproj/myproj.srcs/sources_1/bd/cont_microblaze/synth/cont_microblaze.vhd:2953]
INFO: [Synth 8-638] synthesizing module 'cont_microblaze_axi_uartlite_0_0' [/home/valmyrsilva07/virtex7/skarab-virtex7-toolflow/fpgs/ethernet_one_gbe_skarab_control/ethernet_one_gbe_skarab_axi/myproj/myproj.srcs/sources_1/bd/cont_microblaze/ip/cont_microblaze_axi_uartlite_0_0/synth/cont_microblaze_axi_uartlite_0_0.vhd:86]
	Parameter C_FAMILY bound to: virtex7 - type: string 
	Parameter C_S_AXI_ACLK_FREQ_HZ bound to: 39062500 - type: integer 
	Parameter C_S_AXI_ADDR_WIDTH bound to: 4 - type: integer 
	Parameter C_S_AXI_DATA_WIDTH bound to: 32 - type: integer 
	Parameter C_BAUDRATE bound to: 115200 - type: integer 
	Parameter C_DATA_BITS bound to: 8 - type: integer 
	Parameter C_USE_PARITY bound to: 0 - type: integer 
	Parameter C_ODD_PARITY bound to: 0 - type: integer 
INFO: [Synth 8-3491] module 'axi_uartlite' declared at '/home/valmyrsilva07/virtex7/skarab-virtex7-toolflow/fpgs/ethernet_one_gbe_skarab_control/ethernet_one_gbe_skarab_axi/myproj/myproj.srcs/sources_1/bd/cont_microblaze/ipshared/0315/hdl/axi_uartlite_v2_0_vh_rfs.vhd:2128' bound to instance 'U0' of component 'axi_uartlite' [/home/valmyrsilva07/virtex7/skarab-virtex7-toolflow/fpgs/ethernet_one_gbe_skarab_control/ethernet_one_gbe_skarab_axi/myproj/myproj.srcs/sources_1/bd/cont_microblaze/ip/cont_microblaze_axi_uartlite_0_0/synth/cont_microblaze_axi_uartlite_0_0.vhd:162]
INFO: [Synth 8-638] synthesizing module 'axi_uartlite' [/home/valmyrsilva07/virtex7/skarab-virtex7-toolflow/fpgs/ethernet_one_gbe_skarab_control/ethernet_one_gbe_skarab_axi/myproj/myproj.srcs/sources_1/bd/cont_microblaze/ipshared/0315/hdl/axi_uartlite_v2_0_vh_rfs.vhd:2190]
	Parameter C_FAMILY bound to: virtex7 - type: string 
	Parameter C_S_AXI_ACLK_FREQ_HZ bound to: 39062500 - type: integer 
	Parameter C_S_AXI_ADDR_WIDTH bound to: 4 - type: integer 
	Parameter C_S_AXI_DATA_WIDTH bound to: 32 - type: integer 
	Parameter C_BAUDRATE bound to: 115200 - type: integer 
	Parameter C_DATA_BITS bound to: 8 - type: integer 
	Parameter C_USE_PARITY bound to: 0 - type: integer 
	Parameter C_ODD_PARITY bound to: 0 - type: integer 
INFO: [Synth 8-638] synthesizing module 'uartlite_core' [/home/valmyrsilva07/virtex7/skarab-virtex7-toolflow/fpgs/ethernet_one_gbe_skarab_control/ethernet_one_gbe_skarab_axi/myproj/myproj.srcs/sources_1/bd/cont_microblaze/ipshared/0315/hdl/axi_uartlite_v2_0_vh_rfs.vhd:1650]
	Parameter C_FAMILY bound to: virtex7 - type: string 
	Parameter C_S_AXI_ACLK_FREQ_HZ bound to: 39062500 - type: integer 
	Parameter C_BAUDRATE bound to: 115200 - type: integer 
	Parameter C_DATA_BITS bound to: 8 - type: integer 
	Parameter C_USE_PARITY bound to: 0 - type: integer 
	Parameter C_ODD_PARITY bound to: 0 - type: integer 
INFO: [Synth 8-638] synthesizing module 'baudrate' [/home/valmyrsilva07/virtex7/skarab-virtex7-toolflow/fpgs/ethernet_one_gbe_skarab_control/ethernet_one_gbe_skarab_axi/myproj/myproj.srcs/sources_1/bd/cont_microblaze/ipshared/0315/hdl/axi_uartlite_v2_0_vh_rfs.vhd:1453]
	Parameter C_RATIO bound to: 21 - type: integer 
INFO: [Synth 8-256] done synthesizing module 'baudrate' (39#1) [/home/valmyrsilva07/virtex7/skarab-virtex7-toolflow/fpgs/ethernet_one_gbe_skarab_control/ethernet_one_gbe_skarab_axi/myproj/myproj.srcs/sources_1/bd/cont_microblaze/ipshared/0315/hdl/axi_uartlite_v2_0_vh_rfs.vhd:1453]
INFO: [Synth 8-638] synthesizing module 'uartlite_rx' [/home/valmyrsilva07/virtex7/skarab-virtex7-toolflow/fpgs/ethernet_one_gbe_skarab_control/ethernet_one_gbe_skarab_axi/myproj/myproj.srcs/sources_1/bd/cont_microblaze/ipshared/0315/hdl/axi_uartlite_v2_0_vh_rfs.vhd:927]
	Parameter C_FAMILY bound to: virtex7 - type: string 
	Parameter C_DATA_BITS bound to: 8 - type: integer 
	Parameter C_USE_PARITY bound to: 0 - type: integer 
	Parameter C_ODD_PARITY bound to: 0 - type: integer 
INFO: [Synth 8-638] synthesizing module 'srl_fifo_f' [/home/valmyrsilva07/virtex7/skarab-virtex7-toolflow/fpgs/ethernet_one_gbe_skarab_control/ethernet_one_gbe_skarab_axi/myproj/myproj.srcs/sources_1/bd/cont_microblaze/ipshared/51ce/hdl/lib_srl_fifo_v1_0_rfs.vhd:1000]
	Parameter C_DWIDTH bound to: 8 - type: integer 
	Parameter C_DEPTH bound to: 16 - type: integer 
	Parameter C_FAMILY bound to: virtex7 - type: string 
INFO: [Synth 8-638] synthesizing module 'srl_fifo_rbu_f' [/home/valmyrsilva07/virtex7/skarab-virtex7-toolflow/fpgs/ethernet_one_gbe_skarab_control/ethernet_one_gbe_skarab_axi/myproj/myproj.srcs/sources_1/bd/cont_microblaze/ipshared/51ce/hdl/lib_srl_fifo_v1_0_rfs.vhd:697]
	Parameter C_DWIDTH bound to: 8 - type: integer 
	Parameter C_DEPTH bound to: 16 - type: integer 
	Parameter C_FAMILY bound to: virtex7 - type: string 
INFO: [Synth 8-638] synthesizing module 'cntr_incr_decr_addn_f' [/home/valmyrsilva07/virtex7/skarab-virtex7-toolflow/fpgs/ethernet_one_gbe_skarab_control/ethernet_one_gbe_skarab_axi/myproj/myproj.srcs/sources_1/bd/cont_microblaze/ipshared/51ce/hdl/lib_srl_fifo_v1_0_rfs.vhd:143]
	Parameter C_SIZE bound to: 5 - type: integer 
	Parameter C_FAMILY bound to: virtex7 - type: string 
INFO: [Synth 8-256] done synthesizing module 'cntr_incr_decr_addn_f' (40#1) [/home/valmyrsilva07/virtex7/skarab-virtex7-toolflow/fpgs/ethernet_one_gbe_skarab_control/ethernet_one_gbe_skarab_axi/myproj/myproj.srcs/sources_1/bd/cont_microblaze/ipshared/51ce/hdl/lib_srl_fifo_v1_0_rfs.vhd:143]
INFO: [Synth 8-638] synthesizing module 'dynshreg_f' [/home/valmyrsilva07/virtex7/skarab-virtex7-toolflow/fpgs/ethernet_one_gbe_skarab_control/ethernet_one_gbe_skarab_axi/myproj/myproj.srcs/sources_1/bd/cont_microblaze/ipshared/51ce/hdl/lib_srl_fifo_v1_0_rfs.vhd:397]
	Parameter C_DEPTH bound to: 16 - type: integer 
	Parameter C_DWIDTH bound to: 8 - type: integer 
	Parameter C_FAMILY bound to: virtex7 - type: string 
INFO: [Synth 8-256] done synthesizing module 'dynshreg_f' (41#1) [/home/valmyrsilva07/virtex7/skarab-virtex7-toolflow/fpgs/ethernet_one_gbe_skarab_control/ethernet_one_gbe_skarab_axi/myproj/myproj.srcs/sources_1/bd/cont_microblaze/ipshared/51ce/hdl/lib_srl_fifo_v1_0_rfs.vhd:397]
INFO: [Synth 8-256] done synthesizing module 'srl_fifo_rbu_f' (42#1) [/home/valmyrsilva07/virtex7/skarab-virtex7-toolflow/fpgs/ethernet_one_gbe_skarab_control/ethernet_one_gbe_skarab_axi/myproj/myproj.srcs/sources_1/bd/cont_microblaze/ipshared/51ce/hdl/lib_srl_fifo_v1_0_rfs.vhd:697]
INFO: [Synth 8-256] done synthesizing module 'srl_fifo_f' (43#1) [/home/valmyrsilva07/virtex7/skarab-virtex7-toolflow/fpgs/ethernet_one_gbe_skarab_control/ethernet_one_gbe_skarab_axi/myproj/myproj.srcs/sources_1/bd/cont_microblaze/ipshared/51ce/hdl/lib_srl_fifo_v1_0_rfs.vhd:1000]
INFO: [Synth 8-256] done synthesizing module 'uartlite_rx' (44#1) [/home/valmyrsilva07/virtex7/skarab-virtex7-toolflow/fpgs/ethernet_one_gbe_skarab_control/ethernet_one_gbe_skarab_axi/myproj/myproj.srcs/sources_1/bd/cont_microblaze/ipshared/0315/hdl/axi_uartlite_v2_0_vh_rfs.vhd:927]
INFO: [Synth 8-638] synthesizing module 'uartlite_tx' [/home/valmyrsilva07/virtex7/skarab-virtex7-toolflow/fpgs/ethernet_one_gbe_skarab_control/ethernet_one_gbe_skarab_axi/myproj/myproj.srcs/sources_1/bd/cont_microblaze/ipshared/0315/hdl/axi_uartlite_v2_0_vh_rfs.vhd:408]
	Parameter C_FAMILY bound to: virtex7 - type: string 
	Parameter C_DATA_BITS bound to: 8 - type: integer 
	Parameter C_USE_PARITY bound to: 0 - type: integer 
	Parameter C_ODD_PARITY bound to: 0 - type: integer 
INFO: [Synth 8-256] done synthesizing module 'uartlite_tx' (45#1) [/home/valmyrsilva07/virtex7/skarab-virtex7-toolflow/fpgs/ethernet_one_gbe_skarab_control/ethernet_one_gbe_skarab_axi/myproj/myproj.srcs/sources_1/bd/cont_microblaze/ipshared/0315/hdl/axi_uartlite_v2_0_vh_rfs.vhd:408]
INFO: [Synth 8-256] done synthesizing module 'uartlite_core' (46#1) [/home/valmyrsilva07/virtex7/skarab-virtex7-toolflow/fpgs/ethernet_one_gbe_skarab_control/ethernet_one_gbe_skarab_axi/myproj/myproj.srcs/sources_1/bd/cont_microblaze/ipshared/0315/hdl/axi_uartlite_v2_0_vh_rfs.vhd:1650]
INFO: [Synth 8-638] synthesizing module 'axi_lite_ipif__parameterized1' [/home/valmyrsilva07/virtex7/skarab-virtex7-toolflow/fpgs/ethernet_one_gbe_skarab_control/ethernet_one_gbe_skarab_axi/myproj/myproj.srcs/sources_1/bd/cont_microblaze/ipshared/66ea/hdl/axi_lite_ipif_v3_0_vh_rfs.vhd:2948]
	Parameter C_S_AXI_DATA_WIDTH bound to: 32 - type: integer 
	Parameter C_S_AXI_ADDR_WIDTH bound to: 4 - type: integer 
	Parameter C_S_AXI_MIN_SIZE bound to: 32'b00000000000000000000000000001111 
	Parameter C_USE_WSTRB bound to: 0 - type: integer 
	Parameter C_DPHASE_TIMEOUT bound to: 0 - type: integer 
	Parameter C_ARD_ADDR_RANGE_ARRAY bound to: 128'b00000000000000000000000000000000000000000000000000000000000000000000000000000000000000000000000000000000000000000000000000001111 
	Parameter C_ARD_NUM_CE_ARRAY bound to: 32'b00000000000000000000000000000100 
	Parameter C_FAMILY bound to: virtex7 - type: string 
INFO: [Synth 8-638] synthesizing module 'slave_attachment__parameterized1' [/home/valmyrsilva07/virtex7/skarab-virtex7-toolflow/fpgs/ethernet_one_gbe_skarab_control/ethernet_one_gbe_skarab_axi/myproj/myproj.srcs/sources_1/bd/cont_microblaze/ipshared/66ea/hdl/axi_lite_ipif_v3_0_vh_rfs.vhd:2341]
	Parameter C_ARD_ADDR_RANGE_ARRAY bound to: 128'b00000000000000000000000000000000000000000000000000000000000000000000000000000000000000000000000000000000000000000000000000001111 
	Parameter C_ARD_NUM_CE_ARRAY bound to: 32'b00000000000000000000000000000100 
	Parameter C_IPIF_ABUS_WIDTH bound to: 4 - type: integer 
	Parameter C_IPIF_DBUS_WIDTH bound to: 32 - type: integer 
	Parameter C_S_AXI_MIN_SIZE bound to: 15 - type: integer 
	Parameter C_USE_WSTRB bound to: 0 - type: integer 
	Parameter C_DPHASE_TIMEOUT bound to: 0 - type: integer 
	Parameter C_FAMILY bound to: virtex7 - type: string 
INFO: [Synth 8-226] default block is never used [/home/valmyrsilva07/virtex7/skarab-virtex7-toolflow/fpgs/ethernet_one_gbe_skarab_control/ethernet_one_gbe_skarab_axi/myproj/myproj.srcs/sources_1/bd/cont_microblaze/ipshared/66ea/hdl/axi_lite_ipif_v3_0_vh_rfs.vhd:2550]
WARNING: [Synth 8-6014] Unused sequential element is_read_reg was removed.  [/home/valmyrsilva07/virtex7/skarab-virtex7-toolflow/fpgs/ethernet_one_gbe_skarab_control/ethernet_one_gbe_skarab_axi/myproj/myproj.srcs/sources_1/bd/cont_microblaze/ipshared/66ea/hdl/axi_lite_ipif_v3_0_vh_rfs.vhd:2447]
WARNING: [Synth 8-6014] Unused sequential element is_write_reg was removed.  [/home/valmyrsilva07/virtex7/skarab-virtex7-toolflow/fpgs/ethernet_one_gbe_skarab_control/ethernet_one_gbe_skarab_axi/myproj/myproj.srcs/sources_1/bd/cont_microblaze/ipshared/66ea/hdl/axi_lite_ipif_v3_0_vh_rfs.vhd:2448]
INFO: [Synth 8-256] done synthesizing module 'slave_attachment__parameterized1' (46#1) [/home/valmyrsilva07/virtex7/skarab-virtex7-toolflow/fpgs/ethernet_one_gbe_skarab_control/ethernet_one_gbe_skarab_axi/myproj/myproj.srcs/sources_1/bd/cont_microblaze/ipshared/66ea/hdl/axi_lite_ipif_v3_0_vh_rfs.vhd:2341]
INFO: [Synth 8-256] done synthesizing module 'axi_lite_ipif__parameterized1' (46#1) [/home/valmyrsilva07/virtex7/skarab-virtex7-toolflow/fpgs/ethernet_one_gbe_skarab_control/ethernet_one_gbe_skarab_axi/myproj/myproj.srcs/sources_1/bd/cont_microblaze/ipshared/66ea/hdl/axi_lite_ipif_v3_0_vh_rfs.vhd:2948]
INFO: [Synth 8-256] done synthesizing module 'axi_uartlite' (47#1) [/home/valmyrsilva07/virtex7/skarab-virtex7-toolflow/fpgs/ethernet_one_gbe_skarab_control/ethernet_one_gbe_skarab_axi/myproj/myproj.srcs/sources_1/bd/cont_microblaze/ipshared/0315/hdl/axi_uartlite_v2_0_vh_rfs.vhd:2190]
INFO: [Synth 8-256] done synthesizing module 'cont_microblaze_axi_uartlite_0_0' (48#1) [/home/valmyrsilva07/virtex7/skarab-virtex7-toolflow/fpgs/ethernet_one_gbe_skarab_control/ethernet_one_gbe_skarab_axi/myproj/myproj.srcs/sources_1/bd/cont_microblaze/ip/cont_microblaze_axi_uartlite_0_0/synth/cont_microblaze_axi_uartlite_0_0.vhd:86]
INFO: [Synth 8-3491] module 'cont_microblaze_mdm_1_0' declared at '/home/valmyrsilva07/virtex7/skarab-virtex7-toolflow/fpgs/ethernet_one_gbe_skarab_control/ethernet_one_gbe_skarab_axi/myproj/myproj.srcs/sources_1/bd/cont_microblaze/ip/cont_microblaze_mdm_1_0/synth/cont_microblaze_mdm_1_0.vhd:59' bound to instance 'mdm_1' of component 'cont_microblaze_mdm_1_0' [/home/valmyrsilva07/virtex7/skarab-virtex7-toolflow/fpgs/ethernet_one_gbe_skarab_control/ethernet_one_gbe_skarab_axi/myproj/myproj.srcs/sources_1/bd/cont_microblaze/synth/cont_microblaze.vhd:2978]
INFO: [Synth 8-638] synthesizing module 'cont_microblaze_mdm_1_0' [/home/valmyrsilva07/virtex7/skarab-virtex7-toolflow/fpgs/ethernet_one_gbe_skarab_control/ethernet_one_gbe_skarab_axi/myproj/myproj.srcs/sources_1/bd/cont_microblaze/ip/cont_microblaze_mdm_1_0/synth/cont_microblaze_mdm_1_0.vhd:74]
	Parameter C_FAMILY bound to: virtex7 - type: string 
	Parameter C_JTAG_CHAIN bound to: 2 - type: integer 
	Parameter C_USE_BSCAN bound to: 0 - type: integer 
	Parameter C_BSCANID bound to: 76547328 - type: integer 
	Parameter C_DEBUG_INTERFACE bound to: 0 - type: integer 
	Parameter C_USE_CONFIG_RESET bound to: 0 - type: integer 
	Parameter C_AVOID_PRIMITIVES bound to: 0 - type: integer 
	Parameter C_INTERCONNECT bound to: 2 - type: integer 
	Parameter C_MB_DBG_PORTS bound to: 1 - type: integer 
	Parameter C_USE_UART bound to: 0 - type: integer 
	Parameter C_DBG_REG_ACCESS bound to: 0 - type: integer 
	Parameter C_DBG_MEM_ACCESS bound to: 0 - type: integer 
	Parameter C_USE_CROSS_TRIGGER bound to: 0 - type: integer 
	Parameter C_EXT_TRIG_RESET_VALUE bound to: 20'b11110001001000110100 
	Parameter C_TRACE_OUTPUT bound to: 0 - type: integer 
	Parameter C_TRACE_DATA_WIDTH bound to: 32 - type: integer 
	Parameter C_TRACE_CLK_FREQ_HZ bound to: 200000000 - type: integer 
	Parameter C_TRACE_CLK_OUT_PHASE bound to: 90 - type: integer 
	Parameter C_TRACE_ASYNC_RESET bound to: 0 - type: integer 
	Parameter C_TRACE_PROTOCOL bound to: 1 - type: integer 
	Parameter C_TRACE_ID bound to: 110 - type: integer 
	Parameter C_S_AXI_ADDR_WIDTH bound to: 4 - type: integer 
	Parameter C_S_AXI_DATA_WIDTH bound to: 32 - type: integer 
	Parameter C_S_AXI_ACLK_FREQ_HZ bound to: 100000000 - type: integer 
	Parameter C_M_AXI_ADDR_WIDTH bound to: 32 - type: integer 
	Parameter C_M_AXI_DATA_WIDTH bound to: 32 - type: integer 
	Parameter C_M_AXI_THREAD_ID_WIDTH bound to: 1 - type: integer 
	Parameter C_ADDR_SIZE bound to: 32 - type: integer 
	Parameter C_DATA_SIZE bound to: 32 - type: integer 
	Parameter C_M_AXIS_DATA_WIDTH bound to: 32 - type: integer 
	Parameter C_M_AXIS_ID_WIDTH bound to: 7 - type: integer 
INFO: [Synth 8-3491] module 'MDM' declared at '/home/valmyrsilva07/virtex7/skarab-virtex7-toolflow/fpgs/ethernet_one_gbe_skarab_control/ethernet_one_gbe_skarab_axi/myproj/myproj.srcs/sources_1/bd/cont_microblaze/ipshared/550e/hdl/mdm_v3_2_vh_rfs.vhd:12316' bound to instance 'U0' of component 'MDM' [/home/valmyrsilva07/virtex7/skarab-virtex7-toolflow/fpgs/ethernet_one_gbe_skarab_control/ethernet_one_gbe_skarab_axi/myproj/myproj.srcs/sources_1/bd/cont_microblaze/ip/cont_microblaze_mdm_1_0/synth/cont_microblaze_mdm_1_0.vhd:1653]
INFO: [Synth 8-638] synthesizing module 'MDM' [/home/valmyrsilva07/virtex7/skarab-virtex7-toolflow/fpgs/ethernet_one_gbe_skarab_control/ethernet_one_gbe_skarab_axi/myproj/myproj.srcs/sources_1/bd/cont_microblaze/ipshared/550e/hdl/mdm_v3_2_vh_rfs.vhd:13969]
	Parameter C_FAMILY bound to: virtex7 - type: string 
	Parameter C_JTAG_CHAIN bound to: 2 - type: integer 
	Parameter C_USE_BSCAN bound to: 0 - type: integer 
	Parameter C_BSCANID bound to: 76547328 - type: integer 
	Parameter C_USE_CONFIG_RESET bound to: 0 - type: integer 
	Parameter C_AVOID_PRIMITIVES bound to: 0 - type: integer 
	Parameter C_INTERCONNECT bound to: 2 - type: integer 
	Parameter C_DEBUG_INTERFACE bound to: 0 - type: integer 
	Parameter C_MB_DBG_PORTS bound to: 1 - type: integer 
	Parameter C_DBG_REG_ACCESS bound to: 0 - type: integer 
	Parameter C_DBG_MEM_ACCESS bound to: 0 - type: integer 
	Parameter C_USE_UART bound to: 0 - type: integer 
	Parameter C_USE_CROSS_TRIGGER bound to: 0 - type: integer 
	Parameter C_EXT_TRIG_RESET_VALUE bound to: 20'b11110001001000110100 
	Parameter C_TRACE_OUTPUT bound to: 0 - type: integer 
	Parameter C_TRACE_DATA_WIDTH bound to: 32 - type: integer 
	Parameter C_TRACE_ASYNC_RESET bound to: 0 - type: integer 
	Parameter C_TRACE_CLK_FREQ_HZ bound to: 200000000 - type: integer 
	Parameter C_TRACE_CLK_OUT_PHASE bound to: 90 - type: integer 
	Parameter C_TRACE_PROTOCOL bound to: 1 - type: integer 
	Parameter C_TRACE_ID bound to: 110 - type: integer 
	Parameter C_S_AXI_ACLK_FREQ_HZ bound to: 100000000 - type: integer 
	Parameter C_S_AXI_ADDR_WIDTH bound to: 4 - type: integer 
	Parameter C_S_AXI_DATA_WIDTH bound to: 32 - type: integer 
	Parameter C_M_AXI_ADDR_WIDTH bound to: 32 - type: integer 
	Parameter C_M_AXI_DATA_WIDTH bound to: 32 - type: integer 
	Parameter C_M_AXI_THREAD_ID_WIDTH bound to: 1 - type: integer 
	Parameter C_ADDR_SIZE bound to: 32 - type: integer 
	Parameter C_DATA_SIZE bound to: 32 - type: integer 
	Parameter C_M_AXIS_DATA_WIDTH bound to: 32 - type: integer 
	Parameter C_M_AXIS_ID_WIDTH bound to: 7 - type: integer 
INFO: [Synth 8-5534] Detected attribute (* buffer_type = "none" *) [/home/valmyrsilva07/virtex7/skarab-virtex7-toolflow/fpgs/ethernet_one_gbe_skarab_control/ethernet_one_gbe_skarab_axi/myproj/myproj.srcs/sources_1/bd/cont_microblaze/ipshared/550e/hdl/mdm_v3_2_vh_rfs.vhd:15475]
	Parameter C_TARGET bound to: 1'b0 
	Parameter DISABLE_JTAG bound to: FALSE - type: string 
	Parameter JTAG_CHAIN bound to: 2 - type: integer 
INFO: [Synth 8-3491] module 'MB_BSCANE2' declared at '/home/valmyrsilva07/virtex7/skarab-virtex7-toolflow/fpgs/ethernet_one_gbe_skarab_control/ethernet_one_gbe_skarab_axi/myproj/myproj.srcs/sources_1/bd/cont_microblaze/ipshared/550e/hdl/mdm_v3_2_vh_rfs.vhd:253' bound to instance 'BSCAN_I' of component 'MB_BSCANE2' [/home/valmyrsilva07/virtex7/skarab-virtex7-toolflow/fpgs/ethernet_one_gbe_skarab_control/ethernet_one_gbe_skarab_axi/myproj/myproj.srcs/sources_1/bd/cont_microblaze/ipshared/550e/hdl/mdm_v3_2_vh_rfs.vhd:15542]
INFO: [Synth 8-638] synthesizing module 'MB_BSCANE2' [/home/valmyrsilva07/virtex7/skarab-virtex7-toolflow/fpgs/ethernet_one_gbe_skarab_control/ethernet_one_gbe_skarab_axi/myproj/myproj.srcs/sources_1/bd/cont_microblaze/ipshared/550e/hdl/mdm_v3_2_vh_rfs.vhd:277]
	Parameter C_TARGET bound to: 1'b0 
	Parameter DISABLE_JTAG bound to: FALSE - type: string 
	Parameter JTAG_CHAIN bound to: 2 - type: integer 
	Parameter DISABLE_JTAG bound to: FALSE - type: string 
	Parameter JTAG_CHAIN bound to: 2 - type: integer 
INFO: [Synth 8-113] binding component instance 'BSCANE2_I' to cell 'BSCANE2' [/home/valmyrsilva07/virtex7/skarab-virtex7-toolflow/fpgs/ethernet_one_gbe_skarab_control/ethernet_one_gbe_skarab_axi/myproj/myproj.srcs/sources_1/bd/cont_microblaze/ipshared/550e/hdl/mdm_v3_2_vh_rfs.vhd:287]
INFO: [Synth 8-256] done synthesizing module 'MB_BSCANE2' (49#1) [/home/valmyrsilva07/virtex7/skarab-virtex7-toolflow/fpgs/ethernet_one_gbe_skarab_control/ethernet_one_gbe_skarab_axi/myproj/myproj.srcs/sources_1/bd/cont_microblaze/ipshared/550e/hdl/mdm_v3_2_vh_rfs.vhd:277]
	Parameter C_TARGET bound to: 1'b0 
INFO: [Synth 8-3491] module 'MB_BUFG' declared at '/home/valmyrsilva07/virtex7/skarab-virtex7-toolflow/fpgs/ethernet_one_gbe_skarab_control/ethernet_one_gbe_skarab_axi/myproj/myproj.srcs/sources_1/bd/cont_microblaze/ipshared/550e/hdl/mdm_v3_2_vh_rfs.vhd:315' bound to instance 'BUFG_DRCK' of component 'MB_BUFG' [/home/valmyrsilva07/virtex7/skarab-virtex7-toolflow/fpgs/ethernet_one_gbe_skarab_control/ethernet_one_gbe_skarab_axi/myproj/myproj.srcs/sources_1/bd/cont_microblaze/ipshared/550e/hdl/mdm_v3_2_vh_rfs.vhd:15764]
INFO: [Synth 8-638] synthesizing module 'MB_BUFG' [/home/valmyrsilva07/virtex7/skarab-virtex7-toolflow/fpgs/ethernet_one_gbe_skarab_control/ethernet_one_gbe_skarab_axi/myproj/myproj.srcs/sources_1/bd/cont_microblaze/ipshared/550e/hdl/mdm_v3_2_vh_rfs.vhd:328]
	Parameter C_TARGET bound to: 1'b0 
INFO: [Synth 8-113] binding component instance 'Native' to cell 'BUFG' [/home/valmyrsilva07/virtex7/skarab-virtex7-toolflow/fpgs/ethernet_one_gbe_skarab_control/ethernet_one_gbe_skarab_axi/myproj/myproj.srcs/sources_1/bd/cont_microblaze/ipshared/550e/hdl/mdm_v3_2_vh_rfs.vhd:338]
INFO: [Synth 8-256] done synthesizing module 'MB_BUFG' (50#1) [/home/valmyrsilva07/virtex7/skarab-virtex7-toolflow/fpgs/ethernet_one_gbe_skarab_control/ethernet_one_gbe_skarab_axi/myproj/myproj.srcs/sources_1/bd/cont_microblaze/ipshared/550e/hdl/mdm_v3_2_vh_rfs.vhd:328]
	Parameter C_TARGET bound to: 1'b0 
	Parameter C_JTAG_CHAIN bound to: 2 - type: integer 
	Parameter C_USE_BSCAN bound to: 0 - type: integer 
	Parameter C_USE_CONFIG_RESET bound to: 0 - type: integer 
	Parameter C_USE_SRL16 bound to: yes - type: string 
	Parameter C_DEBUG_INTERFACE bound to: 0 - type: integer 
	Parameter C_MB_DBG_PORTS bound to: 1 - type: integer 
	Parameter C_EN_WIDTH bound to: 1 - type: integer 
	Parameter C_DBG_REG_ACCESS bound to: 0 - type: integer 
	Parameter C_REG_NUM_CE bound to: 4 - type: integer 
	Parameter C_REG_DATA_WIDTH bound to: 8 - type: integer 
	Parameter C_DBG_MEM_ACCESS bound to: 0 - type: integer 
	Parameter C_S_AXI_ADDR_WIDTH bound to: 4 - type: integer 
	Parameter C_S_AXI_ACLK_FREQ_HZ bound to: 100000000 - type: integer 
	Parameter C_M_AXI_ADDR_WIDTH bound to: 32 - type: integer 
	Parameter C_M_AXI_DATA_WIDTH bound to: 32 - type: integer 
	Parameter C_USE_CROSS_TRIGGER bound to: 0 - type: integer 
	Parameter C_EXT_TRIG_RESET_VALUE bound to: 20'b11110001001000110100 
	Parameter C_USE_UART bound to: 0 - type: integer 
	Parameter C_UART_WIDTH bound to: 8 - type: integer 
	Parameter C_TRACE_OUTPUT bound to: 0 - type: integer 
	Parameter C_TRACE_DATA_WIDTH bound to: 32 - type: integer 
	Parameter C_TRACE_ASYNC_RESET bound to: 0 - type: integer 
	Parameter C_TRACE_CLK_FREQ_HZ bound to: 200000000 - type: integer 
	Parameter C_TRACE_CLK_OUT_PHASE bound to: 90 - type: integer 
	Parameter C_TRACE_PROTOCOL bound to: 1 - type: integer 
	Parameter C_TRACE_ID bound to: 110 - type: integer 
	Parameter C_M_AXIS_DATA_WIDTH bound to: 32 - type: integer 
	Parameter C_M_AXIS_ID_WIDTH bound to: 7 - type: integer 
INFO: [Synth 8-3491] module 'MDM_Core' declared at '/home/valmyrsilva07/virtex7/skarab-virtex7-toolflow/fpgs/ethernet_one_gbe_skarab_control/ethernet_one_gbe_skarab_axi/myproj/myproj.srcs/sources_1/bd/cont_microblaze/ipshared/550e/hdl/mdm_v3_2_vh_rfs.vhd:5478' bound to instance 'MDM_Core_I1' of component 'MDM_Core' [/home/valmyrsilva07/virtex7/skarab-virtex7-toolflow/fpgs/ethernet_one_gbe_skarab_control/ethernet_one_gbe_skarab_axi/myproj/myproj.srcs/sources_1/bd/cont_microblaze/ipshared/550e/hdl/mdm_v3_2_vh_rfs.vhd:15844]
INFO: [Synth 8-638] synthesizing module 'MDM_Core' [/home/valmyrsilva07/virtex7/skarab-virtex7-toolflow/fpgs/ethernet_one_gbe_skarab_control/ethernet_one_gbe_skarab_axi/myproj/myproj.srcs/sources_1/bd/cont_microblaze/ipshared/550e/hdl/mdm_v3_2_vh_rfs.vhd:6715]
	Parameter C_TARGET bound to: 1'b0 
	Parameter C_JTAG_CHAIN bound to: 2 - type: integer 
	Parameter C_USE_BSCAN bound to: 0 - type: integer 
	Parameter C_USE_CONFIG_RESET bound to: 0 - type: integer 
	Parameter C_USE_SRL16 bound to: yes - type: string 
	Parameter C_DEBUG_INTERFACE bound to: 0 - type: integer 
	Parameter C_MB_DBG_PORTS bound to: 1 - type: integer 
	Parameter C_EN_WIDTH bound to: 1 - type: integer 
	Parameter C_DBG_REG_ACCESS bound to: 0 - type: integer 
	Parameter C_REG_NUM_CE bound to: 4 - type: integer 
	Parameter C_REG_DATA_WIDTH bound to: 8 - type: integer 
	Parameter C_DBG_MEM_ACCESS bound to: 0 - type: integer 
	Parameter C_S_AXI_ADDR_WIDTH bound to: 4 - type: integer 
	Parameter C_S_AXI_ACLK_FREQ_HZ bound to: 100000000 - type: integer 
	Parameter C_M_AXI_ADDR_WIDTH bound to: 32 - type: integer 
	Parameter C_M_AXI_DATA_WIDTH bound to: 32 - type: integer 
	Parameter C_USE_CROSS_TRIGGER bound to: 0 - type: integer 
	Parameter C_EXT_TRIG_RESET_VALUE bound to: 20'b11110001001000110100 
	Parameter C_USE_UART bound to: 0 - type: integer 
	Parameter C_UART_WIDTH bound to: 8 - type: integer 
	Parameter C_TRACE_OUTPUT bound to: 0 - type: integer 
	Parameter C_TRACE_DATA_WIDTH bound to: 32 - type: integer 
	Parameter C_TRACE_ASYNC_RESET bound to: 0 - type: integer 
	Parameter C_TRACE_CLK_FREQ_HZ bound to: 200000000 - type: integer 
	Parameter C_TRACE_CLK_OUT_PHASE bound to: 90 - type: integer 
	Parameter C_TRACE_PROTOCOL bound to: 1 - type: integer 
	Parameter C_TRACE_ID bound to: 110 - type: integer 
	Parameter C_M_AXIS_DATA_WIDTH bound to: 32 - type: integer 
	Parameter C_M_AXIS_ID_WIDTH bound to: 7 - type: integer 
	Parameter C_TARGET bound to: 1'b0 
	Parameter C_USE_BSCAN bound to: 0 - type: integer 
	Parameter C_MB_DBG_PORTS bound to: 1 - type: integer 
	Parameter C_USE_CONFIG_RESET bound to: 0 - type: integer 
	Parameter C_USE_SRL16 bound to: yes - type: string 
	Parameter C_DEBUG_INTERFACE bound to: 0 - type: integer 
	Parameter C_DBG_REG_ACCESS bound to: 0 - type: integer 
	Parameter C_DBG_MEM_ACCESS bound to: 0 - type: integer 
	Parameter C_M_AXI_ADDR_WIDTH bound to: 32 - type: integer 
	Parameter C_M_AXI_DATA_WIDTH bound to: 32 - type: integer 
	Parameter C_USE_CROSS_TRIGGER bound to: 0 - type: integer 
	Parameter C_EXT_TRIG_RESET_VALUE bound to: 20'b11110001001000110100 
	Parameter C_USE_UART bound to: 0 - type: integer 
	Parameter C_UART_WIDTH bound to: 8 - type: integer 
	Parameter C_TRACE_OUTPUT bound to: 0 - type: integer 
	Parameter C_TRACE_PROTOCOL bound to: 1 - type: integer 
	Parameter C_EN_WIDTH bound to: 1 - type: integer 
INFO: [Synth 8-3491] module 'JTAG_CONTROL' declared at '/home/valmyrsilva07/virtex7/skarab-virtex7-toolflow/fpgs/ethernet_one_gbe_skarab_control/ethernet_one_gbe_skarab_axi/myproj/myproj.srcs/sources_1/bd/cont_microblaze/ipshared/550e/hdl/mdm_v3_2_vh_rfs.vhd:2847' bound to instance 'JTAG_CONTROL_I' of component 'JTAG_CONTROL' [/home/valmyrsilva07/virtex7/skarab-virtex7-toolflow/fpgs/ethernet_one_gbe_skarab_control/ethernet_one_gbe_skarab_axi/myproj/myproj.srcs/sources_1/bd/cont_microblaze/ipshared/550e/hdl/mdm_v3_2_vh_rfs.vhd:10066]
INFO: [Synth 8-638] synthesizing module 'JTAG_CONTROL' [/home/valmyrsilva07/virtex7/skarab-virtex7-toolflow/fpgs/ethernet_one_gbe_skarab_control/ethernet_one_gbe_skarab_axi/myproj/myproj.srcs/sources_1/bd/cont_microblaze/ipshared/550e/hdl/mdm_v3_2_vh_rfs.vhd:3119]
	Parameter C_TARGET bound to: 1'b0 
	Parameter C_USE_BSCAN bound to: 0 - type: integer 
	Parameter C_MB_DBG_PORTS bound to: 1 - type: integer 
	Parameter C_USE_CONFIG_RESET bound to: 0 - type: integer 
	Parameter C_USE_SRL16 bound to: yes - type: string 
	Parameter C_DEBUG_INTERFACE bound to: 0 - type: integer 
	Parameter C_DBG_REG_ACCESS bound to: 0 - type: integer 
	Parameter C_DBG_MEM_ACCESS bound to: 0 - type: integer 
	Parameter C_M_AXI_ADDR_WIDTH bound to: 32 - type: integer 
	Parameter C_M_AXI_DATA_WIDTH bound to: 32 - type: integer 
	Parameter C_USE_CROSS_TRIGGER bound to: 0 - type: integer 
	Parameter C_EXT_TRIG_RESET_VALUE bound to: 20'b11110001001000110100 
	Parameter C_USE_UART bound to: 0 - type: integer 
	Parameter C_UART_WIDTH bound to: 8 - type: integer 
	Parameter C_TRACE_OUTPUT bound to: 0 - type: integer 
	Parameter C_TRACE_PROTOCOL bound to: 1 - type: integer 
	Parameter C_EN_WIDTH bound to: 1 - type: integer 
	Parameter C_TARGET bound to: 1'b0 
	Parameter INIT bound to: 1'b0 
INFO: [Synth 8-3491] module 'MB_FDC_1' declared at '/home/valmyrsilva07/virtex7/skarab-virtex7-toolflow/fpgs/ethernet_one_gbe_skarab_control/ethernet_one_gbe_skarab_axi/myproj/myproj.srcs/sources_1/bd/cont_microblaze/ipshared/550e/hdl/mdm_v3_2_vh_rfs.vhd:614' bound to instance 'FDC_I' of component 'MB_FDC_1' [/home/valmyrsilva07/virtex7/skarab-virtex7-toolflow/fpgs/ethernet_one_gbe_skarab_control/ethernet_one_gbe_skarab_axi/myproj/myproj.srcs/sources_1/bd/cont_microblaze/ipshared/550e/hdl/mdm_v3_2_vh_rfs.vhd:3475]
INFO: [Synth 8-638] synthesizing module 'MB_FDC_1' [/home/valmyrsilva07/virtex7/skarab-virtex7-toolflow/fpgs/ethernet_one_gbe_skarab_control/ethernet_one_gbe_skarab_axi/myproj/myproj.srcs/sources_1/bd/cont_microblaze/ipshared/550e/hdl/mdm_v3_2_vh_rfs.vhd:630]
	Parameter C_TARGET bound to: 1'b0 
	Parameter INIT bound to: 1'b0 
	Parameter INIT bound to: 1'b0 
INFO: [Synth 8-113] binding component instance 'Native' to cell 'FDC_1' [/home/valmyrsilva07/virtex7/skarab-virtex7-toolflow/fpgs/ethernet_one_gbe_skarab_control/ethernet_one_gbe_skarab_axi/myproj/myproj.srcs/sources_1/bd/cont_microblaze/ipshared/550e/hdl/mdm_v3_2_vh_rfs.vhd:651]
INFO: [Synth 8-256] done synthesizing module 'MB_FDC_1' (51#1) [/home/valmyrsilva07/virtex7/skarab-virtex7-toolflow/fpgs/ethernet_one_gbe_skarab_control/ethernet_one_gbe_skarab_axi/myproj/myproj.srcs/sources_1/bd/cont_microblaze/ipshared/550e/hdl/mdm_v3_2_vh_rfs.vhd:630]
	Parameter C_TARGET bound to: 1'b0 
	Parameter INIT bound to: 1'b0 
INFO: [Synth 8-3491] module 'MB_FDRE_1' declared at '/home/valmyrsilva07/virtex7/skarab-virtex7-toolflow/fpgs/ethernet_one_gbe_skarab_control/ethernet_one_gbe_skarab_axi/myproj/myproj.srcs/sources_1/bd/cont_microblaze/ipshared/550e/hdl/mdm_v3_2_vh_rfs.vhd:673' bound to instance 'SYNC_FDRE' of component 'MB_FDRE_1' [/home/valmyrsilva07/virtex7/skarab-virtex7-toolflow/fpgs/ethernet_one_gbe_skarab_control/ethernet_one_gbe_skarab_axi/myproj/myproj.srcs/sources_1/bd/cont_microblaze/ipshared/550e/hdl/mdm_v3_2_vh_rfs.vhd:3485]
INFO: [Synth 8-638] synthesizing module 'MB_FDRE_1' [/home/valmyrsilva07/virtex7/skarab-virtex7-toolflow/fpgs/ethernet_one_gbe_skarab_control/ethernet_one_gbe_skarab_axi/myproj/myproj.srcs/sources_1/bd/cont_microblaze/ipshared/550e/hdl/mdm_v3_2_vh_rfs.vhd:690]
	Parameter C_TARGET bound to: 1'b0 
	Parameter INIT bound to: 1'b0 
	Parameter INIT bound to: 1'b0 
INFO: [Synth 8-113] binding component instance 'Native' to cell 'FDRE_1' [/home/valmyrsilva07/virtex7/skarab-virtex7-toolflow/fpgs/ethernet_one_gbe_skarab_control/ethernet_one_gbe_skarab_axi/myproj/myproj.srcs/sources_1/bd/cont_microblaze/ipshared/550e/hdl/mdm_v3_2_vh_rfs.vhd:713]
INFO: [Synth 8-256] done synthesizing module 'MB_FDRE_1' (52#1) [/home/valmyrsilva07/virtex7/skarab-virtex7-toolflow/fpgs/ethernet_one_gbe_skarab_control/ethernet_one_gbe_skarab_axi/myproj/myproj.srcs/sources_1/bd/cont_microblaze/ipshared/550e/hdl/mdm_v3_2_vh_rfs.vhd:690]
	Parameter C_TARGET bound to: 1'b0 
	Parameter C_STATIC bound to: 1 - type: bool 
	Parameter C_USE_SRL16 bound to: yes - type: string 
	Parameter INIT bound to: 16'b0000000101100111 
INFO: [Synth 8-3491] module 'MB_SRL16E' declared at '/home/valmyrsilva07/virtex7/skarab-virtex7-toolflow/fpgs/ethernet_one_gbe_skarab_control/ethernet_one_gbe_skarab_axi/myproj/myproj.srcs/sources_1/bd/cont_microblaze/ipshared/550e/hdl/mdm_v3_2_vh_rfs.vhd:736' bound to instance 'SRL16E_1' of component 'MB_SRL16E' [/home/valmyrsilva07/virtex7/skarab-virtex7-toolflow/fpgs/ethernet_one_gbe_skarab_control/ethernet_one_gbe_skarab_axi/myproj/myproj.srcs/sources_1/bd/cont_microblaze/ipshared/550e/hdl/mdm_v3_2_vh_rfs.vhd:3674]
INFO: [Synth 8-638] synthesizing module 'mdm_v3_2_16_MB_SRL16E' [/home/valmyrsilva07/virtex7/skarab-virtex7-toolflow/fpgs/ethernet_one_gbe_skarab_control/ethernet_one_gbe_skarab_axi/myproj/myproj.srcs/sources_1/bd/cont_microblaze/ipshared/550e/hdl/mdm_v3_2_vh_rfs.vhd:759]
	Parameter C_TARGET bound to: 1'b0 
	Parameter C_STATIC bound to: 1 - type: bool 
	Parameter C_USE_SRL16 bound to: yes - type: string 
	Parameter INIT bound to: 16'b0000000101100111 
	Parameter INIT bound to: 16'b0000000101100111 
	Parameter IS_CLK_INVERTED bound to: 1'b0 
INFO: [Synth 8-113] binding component instance 'MB_SRL16E_I1' to cell 'SRL16E' [/home/valmyrsilva07/virtex7/skarab-virtex7-toolflow/fpgs/ethernet_one_gbe_skarab_control/ethernet_one_gbe_skarab_axi/myproj/myproj.srcs/sources_1/bd/cont_microblaze/ipshared/550e/hdl/mdm_v3_2_vh_rfs.vhd:763]
INFO: [Synth 8-256] done synthesizing module 'mdm_v3_2_16_MB_SRL16E' (53#1) [/home/valmyrsilva07/virtex7/skarab-virtex7-toolflow/fpgs/ethernet_one_gbe_skarab_control/ethernet_one_gbe_skarab_axi/myproj/myproj.srcs/sources_1/bd/cont_microblaze/ipshared/550e/hdl/mdm_v3_2_vh_rfs.vhd:759]
	Parameter C_TARGET bound to: 1'b0 
	Parameter C_STATIC bound to: 1 - type: bool 
	Parameter C_USE_SRL16 bound to: yes - type: string 
	Parameter INIT bound to: 16'b0100001010000111 
INFO: [Synth 8-3491] module 'MB_SRL16E' declared at '/home/valmyrsilva07/virtex7/skarab-virtex7-toolflow/fpgs/ethernet_one_gbe_skarab_control/ethernet_one_gbe_skarab_axi/myproj/myproj.srcs/sources_1/bd/cont_microblaze/ipshared/550e/hdl/mdm_v3_2_vh_rfs.vhd:736' bound to instance 'SRL16E_2' of component 'MB_SRL16E' [/home/valmyrsilva07/virtex7/skarab-virtex7-toolflow/fpgs/ethernet_one_gbe_skarab_control/ethernet_one_gbe_skarab_axi/myproj/myproj.srcs/sources_1/bd/cont_microblaze/ipshared/550e/hdl/mdm_v3_2_vh_rfs.vhd:3691]
INFO: [Synth 8-638] synthesizing module 'mdm_v3_2_16_MB_SRL16E__parameterized0' [/home/valmyrsilva07/virtex7/skarab-virtex7-toolflow/fpgs/ethernet_one_gbe_skarab_control/ethernet_one_gbe_skarab_axi/myproj/myproj.srcs/sources_1/bd/cont_microblaze/ipshared/550e/hdl/mdm_v3_2_vh_rfs.vhd:759]
	Parameter C_TARGET bound to: 1'b0 
	Parameter C_STATIC bound to: 1 - type: bool 
	Parameter C_USE_SRL16 bound to: yes - type: string 
	Parameter INIT bound to: 16'b0100001010000111 
	Parameter INIT bound to: 16'b0100001010000111 
	Parameter IS_CLK_INVERTED bound to: 1'b0 
INFO: [Synth 8-113] binding component instance 'MB_SRL16E_I1' to cell 'SRL16E' [/home/valmyrsilva07/virtex7/skarab-virtex7-toolflow/fpgs/ethernet_one_gbe_skarab_control/ethernet_one_gbe_skarab_axi/myproj/myproj.srcs/sources_1/bd/cont_microblaze/ipshared/550e/hdl/mdm_v3_2_vh_rfs.vhd:763]
INFO: [Synth 8-256] done synthesizing module 'mdm_v3_2_16_MB_SRL16E__parameterized0' (53#1) [/home/valmyrsilva07/virtex7/skarab-virtex7-toolflow/fpgs/ethernet_one_gbe_skarab_control/ethernet_one_gbe_skarab_axi/myproj/myproj.srcs/sources_1/bd/cont_microblaze/ipshared/550e/hdl/mdm_v3_2_vh_rfs.vhd:759]
	Parameter C_TARGET bound to: 1'b0 
	Parameter C_STATIC bound to: 1 - type: bool 
	Parameter C_USE_SRL16 bound to: yes - type: string 
	Parameter INIT bound to: 16'b0100010001000011 
INFO: [Synth 8-3491] module 'MB_SRL16E' declared at '/home/valmyrsilva07/virtex7/skarab-virtex7-toolflow/fpgs/ethernet_one_gbe_skarab_control/ethernet_one_gbe_skarab_axi/myproj/myproj.srcs/sources_1/bd/cont_microblaze/ipshared/550e/hdl/mdm_v3_2_vh_rfs.vhd:736' bound to instance 'SRL16E_ID_1' of component 'MB_SRL16E' [/home/valmyrsilva07/virtex7/skarab-virtex7-toolflow/fpgs/ethernet_one_gbe_skarab_control/ethernet_one_gbe_skarab_axi/myproj/myproj.srcs/sources_1/bd/cont_microblaze/ipshared/550e/hdl/mdm_v3_2_vh_rfs.vhd:3760]
INFO: [Synth 8-638] synthesizing module 'mdm_v3_2_16_MB_SRL16E__parameterized1' [/home/valmyrsilva07/virtex7/skarab-virtex7-toolflow/fpgs/ethernet_one_gbe_skarab_control/ethernet_one_gbe_skarab_axi/myproj/myproj.srcs/sources_1/bd/cont_microblaze/ipshared/550e/hdl/mdm_v3_2_vh_rfs.vhd:759]
	Parameter C_TARGET bound to: 1'b0 
	Parameter C_STATIC bound to: 1 - type: bool 
	Parameter C_USE_SRL16 bound to: yes - type: string 
	Parameter INIT bound to: 16'b0100010001000011 
	Parameter INIT bound to: 16'b0100010001000011 
	Parameter IS_CLK_INVERTED bound to: 1'b0 
INFO: [Synth 8-113] binding component instance 'MB_SRL16E_I1' to cell 'SRL16E' [/home/valmyrsilva07/virtex7/skarab-virtex7-toolflow/fpgs/ethernet_one_gbe_skarab_control/ethernet_one_gbe_skarab_axi/myproj/myproj.srcs/sources_1/bd/cont_microblaze/ipshared/550e/hdl/mdm_v3_2_vh_rfs.vhd:763]
INFO: [Synth 8-256] done synthesizing module 'mdm_v3_2_16_MB_SRL16E__parameterized1' (53#1) [/home/valmyrsilva07/virtex7/skarab-virtex7-toolflow/fpgs/ethernet_one_gbe_skarab_control/ethernet_one_gbe_skarab_axi/myproj/myproj.srcs/sources_1/bd/cont_microblaze/ipshared/550e/hdl/mdm_v3_2_vh_rfs.vhd:759]
	Parameter C_TARGET bound to: 1'b0 
	Parameter C_STATIC bound to: 1 - type: bool 
	Parameter C_USE_SRL16 bound to: yes - type: string 
	Parameter INIT bound to: 16'b0101100001001101 
INFO: [Synth 8-3491] module 'MB_SRL16E' declared at '/home/valmyrsilva07/virtex7/skarab-virtex7-toolflow/fpgs/ethernet_one_gbe_skarab_control/ethernet_one_gbe_skarab_axi/myproj/myproj.srcs/sources_1/bd/cont_microblaze/ipshared/550e/hdl/mdm_v3_2_vh_rfs.vhd:736' bound to instance 'SRL16E_ID_2' of component 'MB_SRL16E' [/home/valmyrsilva07/virtex7/skarab-virtex7-toolflow/fpgs/ethernet_one_gbe_skarab_control/ethernet_one_gbe_skarab_axi/myproj/myproj.srcs/sources_1/bd/cont_microblaze/ipshared/550e/hdl/mdm_v3_2_vh_rfs.vhd:3777]
INFO: [Synth 8-638] synthesizing module 'mdm_v3_2_16_MB_SRL16E__parameterized2' [/home/valmyrsilva07/virtex7/skarab-virtex7-toolflow/fpgs/ethernet_one_gbe_skarab_control/ethernet_one_gbe_skarab_axi/myproj/myproj.srcs/sources_1/bd/cont_microblaze/ipshared/550e/hdl/mdm_v3_2_vh_rfs.vhd:759]
	Parameter C_TARGET bound to: 1'b0 
	Parameter C_STATIC bound to: 1 - type: bool 
	Parameter C_USE_SRL16 bound to: yes - type: string 
	Parameter INIT bound to: 16'b0101100001001101 
	Parameter INIT bound to: 16'b0101100001001101 
	Parameter IS_CLK_INVERTED bound to: 1'b0 
INFO: [Synth 8-113] binding component instance 'MB_SRL16E_I1' to cell 'SRL16E' [/home/valmyrsilva07/virtex7/skarab-virtex7-toolflow/fpgs/ethernet_one_gbe_skarab_control/ethernet_one_gbe_skarab_axi/myproj/myproj.srcs/sources_1/bd/cont_microblaze/ipshared/550e/hdl/mdm_v3_2_vh_rfs.vhd:763]
INFO: [Synth 8-256] done synthesizing module 'mdm_v3_2_16_MB_SRL16E__parameterized2' (53#1) [/home/valmyrsilva07/virtex7/skarab-virtex7-toolflow/fpgs/ethernet_one_gbe_skarab_control/ethernet_one_gbe_skarab_axi/myproj/myproj.srcs/sources_1/bd/cont_microblaze/ipshared/550e/hdl/mdm_v3_2_vh_rfs.vhd:759]
INFO: [Synth 8-5534] Detected attribute (* async_reg = "TRUE" *) [/home/valmyrsilva07/virtex7/skarab-virtex7-toolflow/fpgs/ethernet_one_gbe_skarab_control/ethernet_one_gbe_skarab_axi/myproj/myproj.srcs/sources_1/bd/cont_microblaze/ipshared/550e/hdl/mdm_v3_2_vh_rfs.vhd:3936]
WARNING: [Synth 8-6014] Unused sequential element set_Ext_BRK_reg was removed.  [/home/valmyrsilva07/virtex7/skarab-virtex7-toolflow/fpgs/ethernet_one_gbe_skarab_control/ethernet_one_gbe_skarab_axi/myproj/myproj.srcs/sources_1/bd/cont_microblaze/ipshared/550e/hdl/mdm_v3_2_vh_rfs.vhd:3864]
INFO: [Synth 8-256] done synthesizing module 'JTAG_CONTROL' (54#1) [/home/valmyrsilva07/virtex7/skarab-virtex7-toolflow/fpgs/ethernet_one_gbe_skarab_control/ethernet_one_gbe_skarab_axi/myproj/myproj.srcs/sources_1/bd/cont_microblaze/ipshared/550e/hdl/mdm_v3_2_vh_rfs.vhd:3119]
INFO: [Synth 8-256] done synthesizing module 'MDM_Core' (55#1) [/home/valmyrsilva07/virtex7/skarab-virtex7-toolflow/fpgs/ethernet_one_gbe_skarab_control/ethernet_one_gbe_skarab_axi/myproj/myproj.srcs/sources_1/bd/cont_microblaze/ipshared/550e/hdl/mdm_v3_2_vh_rfs.vhd:6715]
INFO: [Synth 8-256] done synthesizing module 'MDM' (56#1) [/home/valmyrsilva07/virtex7/skarab-virtex7-toolflow/fpgs/ethernet_one_gbe_skarab_control/ethernet_one_gbe_skarab_axi/myproj/myproj.srcs/sources_1/bd/cont_microblaze/ipshared/550e/hdl/mdm_v3_2_vh_rfs.vhd:13969]
INFO: [Synth 8-256] done synthesizing module 'cont_microblaze_mdm_1_0' (57#1) [/home/valmyrsilva07/virtex7/skarab-virtex7-toolflow/fpgs/ethernet_one_gbe_skarab_control/ethernet_one_gbe_skarab_axi/myproj/myproj.srcs/sources_1/bd/cont_microblaze/ip/cont_microblaze_mdm_1_0/synth/cont_microblaze_mdm_1_0.vhd:74]
INFO: [Synth 8-3491] module 'cont_microblaze_microblaze_0_0' declared at '/home/valmyrsilva07/virtex7/skarab-virtex7-toolflow/fpgs/ethernet_one_gbe_skarab_control/ethernet_one_gbe_skarab_axi/myproj/myproj.srcs/sources_1/bd/cont_microblaze/ip/cont_microblaze_microblaze_0_0/synth/cont_microblaze_microblaze_0_0.vhd:59' bound to instance 'microblaze_0' of component 'cont_microblaze_microblaze_0_0' [/home/valmyrsilva07/virtex7/skarab-virtex7-toolflow/fpgs/ethernet_one_gbe_skarab_control/ethernet_one_gbe_skarab_axi/myproj/myproj.srcs/sources_1/bd/cont_microblaze/synth/cont_microblaze.vhd:2991]
INFO: [Synth 8-638] synthesizing module 'cont_microblaze_microblaze_0_0' [/home/valmyrsilva07/virtex7/skarab-virtex7-toolflow/fpgs/ethernet_one_gbe_skarab_control/ethernet_one_gbe_skarab_axi/myproj/myproj.srcs/sources_1/bd/cont_microblaze/ip/cont_microblaze_microblaze_0_0/synth/cont_microblaze_microblaze_0_0.vhd:116]
	Parameter C_SCO bound to: 0 - type: integer 
	Parameter C_FREQ bound to: 39062500 - type: integer 
	Parameter C_USE_CONFIG_RESET bound to: 0 - type: integer 
	Parameter C_NUM_SYNC_FF_CLK bound to: 2 - type: integer 
	Parameter C_NUM_SYNC_FF_CLK_IRQ bound to: 1 - type: integer 
	Parameter C_NUM_SYNC_FF_CLK_DEBUG bound to: 2 - type: integer 
	Parameter C_NUM_SYNC_FF_DBG_CLK bound to: 1 - type: integer 
	Parameter C_NUM_SYNC_FF_DBG_TRACE_CLK bound to: 2 - type: integer 
	Parameter C_FAULT_TOLERANT bound to: 1 - type: integer 
	Parameter C_ECC_USE_CE_EXCEPTION bound to: 0 - type: integer 
	Parameter C_LOCKSTEP_SLAVE bound to: 0 - type: integer 
	Parameter C_LOCKSTEP_MASTER bound to: 0 - type: integer 
	Parameter C_ENDIANNESS bound to: 1 - type: integer 
	Parameter C_FAMILY bound to: virtex7 - type: string 
	Parameter C_DATA_SIZE bound to: 32 - type: integer 
	Parameter C_LMB_DATA_SIZE bound to: 32 - type: integer 
	Parameter C_INSTR_SIZE bound to: 32 - type: integer 
	Parameter C_IADDR_SIZE bound to: 32 - type: integer 
	Parameter C_PIADDR_SIZE bound to: 32 - type: integer 
	Parameter C_DADDR_SIZE bound to: 32 - type: integer 
	Parameter C_INSTANCE bound to: cont_microblaze_microblaze_0_0 - type: string 
	Parameter C_AVOID_PRIMITIVES bound to: 0 - type: integer 
	Parameter C_AREA_OPTIMIZED bound to: 0 - type: integer 
	Parameter C_OPTIMIZATION bound to: 0 - type: integer 
	Parameter C_INTERCONNECT bound to: 2 - type: integer 
	Parameter C_BASE_VECTORS bound to: 64'b0000000000000000000000000000000000000000000000000000000000000000 
	Parameter C_M_AXI_DP_THREAD_ID_WIDTH bound to: 1 - type: integer 
	Parameter C_M_AXI_DP_DATA_WIDTH bound to: 32 - type: integer 
	Parameter C_M_AXI_DP_ADDR_WIDTH bound to: 32 - type: integer 
	Parameter C_M_AXI_DP_EXCLUSIVE_ACCESS bound to: 0 - type: integer 
	Parameter C_M_AXI_D_BUS_EXCEPTION bound to: 1 - type: integer 
	Parameter C_M_AXI_IP_THREAD_ID_WIDTH bound to: 1 - type: integer 
	Parameter C_M_AXI_IP_DATA_WIDTH bound to: 32 - type: integer 
	Parameter C_M_AXI_IP_ADDR_WIDTH bound to: 32 - type: integer 
	Parameter C_M_AXI_I_BUS_EXCEPTION bound to: 1 - type: integer 
	Parameter C_D_LMB bound to: 1 - type: integer 
	Parameter C_D_AXI bound to: 1 - type: integer 
	Parameter C_I_LMB bound to: 1 - type: integer 
	Parameter C_I_AXI bound to: 0 - type: integer 
	Parameter C_USE_MSR_INSTR bound to: 0 - type: integer 
	Parameter C_USE_PCMP_INSTR bound to: 0 - type: integer 
	Parameter C_USE_BARREL bound to: 0 - type: integer 
	Parameter C_USE_DIV bound to: 1 - type: integer 
	Parameter C_USE_HW_MUL bound to: 0 - type: integer 
	Parameter C_USE_FPU bound to: 0 - type: integer 
	Parameter C_USE_REORDER_INSTR bound to: 1 - type: integer 
	Parameter C_UNALIGNED_EXCEPTIONS bound to: 1 - type: integer 
	Parameter C_ILL_OPCODE_EXCEPTION bound to: 1 - type: integer 
	Parameter C_DIV_ZERO_EXCEPTION bound to: 1 - type: integer 
	Parameter C_FPU_EXCEPTION bound to: 0 - type: integer 
	Parameter C_FSL_LINKS bound to: 0 - type: integer 
	Parameter C_USE_EXTENDED_FSL_INSTR bound to: 0 - type: integer 
	Parameter C_FSL_EXCEPTION bound to: 0 - type: integer 
	Parameter C_USE_STACK_PROTECTION bound to: 1 - type: integer 
	Parameter C_IMPRECISE_EXCEPTIONS bound to: 0 - type: integer 
	Parameter C_USE_INTERRUPT bound to: 2 - type: integer 
	Parameter C_USE_EXT_BRK bound to: 0 - type: integer 
	Parameter C_USE_EXT_NM_BRK bound to: 0 - type: integer 
	Parameter C_USE_NON_SECURE bound to: 0 - type: integer 
	Parameter C_USE_MMU bound to: 0 - type: integer 
	Parameter C_MMU_DTLB_SIZE bound to: 4 - type: integer 
	Parameter C_MMU_ITLB_SIZE bound to: 2 - type: integer 
	Parameter C_MMU_TLB_ACCESS bound to: 3 - type: integer 
	Parameter C_MMU_ZONES bound to: 16 - type: integer 
	Parameter C_MMU_PRIVILEGED_INSTR bound to: 0 - type: integer 
	Parameter C_USE_BRANCH_TARGET_CACHE bound to: 0 - type: integer 
	Parameter C_BRANCH_TARGET_CACHE_SIZE bound to: 0 - type: integer 
	Parameter C_PC_WIDTH bound to: 32 - type: integer 
	Parameter C_PVR bound to: 0 - type: integer 
	Parameter C_PVR_USER1 bound to: 8'b00000000 
	Parameter C_PVR_USER2 bound to: 32'b00000000000000000000000000000000 
	Parameter C_DYNAMIC_BUS_SIZING bound to: 0 - type: integer 
	Parameter C_RESET_MSR bound to: 32'b00000000000000000000000000000000 
	Parameter C_OPCODE_0x0_ILLEGAL bound to: 0 - type: integer 
	Parameter C_DEBUG_ENABLED bound to: 1 - type: integer 
	Parameter C_DEBUG_INTERFACE bound to: 0 - type: integer 
	Parameter C_NUMBER_OF_PC_BRK bound to: 1 - type: integer 
	Parameter C_NUMBER_OF_RD_ADDR_BRK bound to: 0 - type: integer 
	Parameter C_NUMBER_OF_WR_ADDR_BRK bound to: 0 - type: integer 
	Parameter C_DEBUG_EVENT_COUNTERS bound to: 5 - type: integer 
	Parameter C_DEBUG_LATENCY_COUNTERS bound to: 1 - type: integer 
	Parameter C_DEBUG_COUNTER_WIDTH bound to: 32 - type: integer 
	Parameter C_DEBUG_TRACE_SIZE bound to: 8192 - type: integer 
	Parameter C_DEBUG_EXTERNAL_TRACE bound to: 0 - type: integer 
	Parameter C_DEBUG_TRACE_ASYNC_RESET bound to: 0 - type: integer 
	Parameter C_DEBUG_PROFILE_SIZE bound to: 0 - type: integer 
	Parameter C_INTERRUPT_IS_EDGE bound to: 0 - type: integer 
	Parameter C_EDGE_IS_POSITIVE bound to: 1 - type: integer 
	Parameter C_ASYNC_INTERRUPT bound to: 1 - type: integer 
	Parameter C_ASYNC_WAKEUP bound to: 3 - type: integer 
	Parameter C_M0_AXIS_DATA_WIDTH bound to: 32 - type: integer 
	Parameter C_S0_AXIS_DATA_WIDTH bound to: 32 - type: integer 
	Parameter C_M1_AXIS_DATA_WIDTH bound to: 32 - type: integer 
	Parameter C_S1_AXIS_DATA_WIDTH bound to: 32 - type: integer 
	Parameter C_M2_AXIS_DATA_WIDTH bound to: 32 - type: integer 
	Parameter C_S2_AXIS_DATA_WIDTH bound to: 32 - type: integer 
	Parameter C_M3_AXIS_DATA_WIDTH bound to: 32 - type: integer 
	Parameter C_S3_AXIS_DATA_WIDTH bound to: 32 - type: integer 
	Parameter C_M4_AXIS_DATA_WIDTH bound to: 32 - type: integer 
	Parameter C_S4_AXIS_DATA_WIDTH bound to: 32 - type: integer 
	Parameter C_M5_AXIS_DATA_WIDTH bound to: 32 - type: integer 
	Parameter C_S5_AXIS_DATA_WIDTH bound to: 32 - type: integer 
	Parameter C_M6_AXIS_DATA_WIDTH bound to: 32 - type: integer 
	Parameter C_S6_AXIS_DATA_WIDTH bound to: 32 - type: integer 
	Parameter C_M7_AXIS_DATA_WIDTH bound to: 32 - type: integer 
	Parameter C_S7_AXIS_DATA_WIDTH bound to: 32 - type: integer 
	Parameter C_M8_AXIS_DATA_WIDTH bound to: 32 - type: integer 
	Parameter C_S8_AXIS_DATA_WIDTH bound to: 32 - type: integer 
	Parameter C_M9_AXIS_DATA_WIDTH bound to: 32 - type: integer 
	Parameter C_S9_AXIS_DATA_WIDTH bound to: 32 - type: integer 
	Parameter C_M10_AXIS_DATA_WIDTH bound to: 32 - type: integer 
	Parameter C_S10_AXIS_DATA_WIDTH bound to: 32 - type: integer 
	Parameter C_M11_AXIS_DATA_WIDTH bound to: 32 - type: integer 
	Parameter C_S11_AXIS_DATA_WIDTH bound to: 32 - type: integer 
	Parameter C_M12_AXIS_DATA_WIDTH bound to: 32 - type: integer 
	Parameter C_S12_AXIS_DATA_WIDTH bound to: 32 - type: integer 
	Parameter C_M13_AXIS_DATA_WIDTH bound to: 32 - type: integer 
	Parameter C_S13_AXIS_DATA_WIDTH bound to: 32 - type: integer 
	Parameter C_M14_AXIS_DATA_WIDTH bound to: 32 - type: integer 
	Parameter C_S14_AXIS_DATA_WIDTH bound to: 32 - type: integer 
	Parameter C_M15_AXIS_DATA_WIDTH bound to: 32 - type: integer 
	Parameter C_S15_AXIS_DATA_WIDTH bound to: 32 - type: integer 
	Parameter C_ICACHE_BASEADDR bound to: 64'b0000000000000000000000000000000000000000000000000000000000000000 
	Parameter C_ICACHE_HIGHADDR bound to: 64'b0000000000000000000000000000000000111111111111111111111111111111 
	Parameter C_USE_ICACHE bound to: 0 - type: integer 
	Parameter C_ALLOW_ICACHE_WR bound to: 1 - type: integer 
	Parameter C_ADDR_TAG_BITS bound to: 17 - type: integer 
	Parameter C_CACHE_BYTE_SIZE bound to: 8192 - type: integer 
	Parameter C_ICACHE_LINE_LEN bound to: 4 - type: integer 
	Parameter C_ICACHE_ALWAYS_USED bound to: 0 - type: integer 
	Parameter C_ICACHE_STREAMS bound to: 0 - type: integer 
	Parameter C_ICACHE_VICTIMS bound to: 0 - type: integer 
	Parameter C_ICACHE_FORCE_TAG_LUTRAM bound to: 0 - type: integer 
	Parameter C_ICACHE_DATA_WIDTH bound to: 0 - type: integer 
	Parameter C_M_AXI_IC_THREAD_ID_WIDTH bound to: 1 - type: integer 
	Parameter C_M_AXI_IC_DATA_WIDTH bound to: 32 - type: integer 
	Parameter C_M_AXI_IC_ADDR_WIDTH bound to: 32 - type: integer 
	Parameter C_M_AXI_IC_USER_VALUE bound to: 31 - type: integer 
	Parameter C_M_AXI_IC_AWUSER_WIDTH bound to: 5 - type: integer 
	Parameter C_M_AXI_IC_ARUSER_WIDTH bound to: 5 - type: integer 
	Parameter C_M_AXI_IC_WUSER_WIDTH bound to: 1 - type: integer 
	Parameter C_M_AXI_IC_RUSER_WIDTH bound to: 1 - type: integer 
	Parameter C_M_AXI_IC_BUSER_WIDTH bound to: 1 - type: integer 
	Parameter C_DCACHE_BASEADDR bound to: 64'b0000000000000000000000000000000000000000000000000000000000000000 
	Parameter C_DCACHE_HIGHADDR bound to: 64'b0000000000000000000000000000000000111111111111111111111111111111 
	Parameter C_USE_DCACHE bound to: 0 - type: integer 
	Parameter C_ALLOW_DCACHE_WR bound to: 1 - type: integer 
	Parameter C_DCACHE_ADDR_TAG bound to: 17 - type: integer 
	Parameter C_DCACHE_BYTE_SIZE bound to: 8192 - type: integer 
	Parameter C_DCACHE_LINE_LEN bound to: 4 - type: integer 
	Parameter C_DCACHE_ALWAYS_USED bound to: 0 - type: integer 
	Parameter C_DCACHE_USE_WRITEBACK bound to: 0 - type: integer 
	Parameter C_DCACHE_VICTIMS bound to: 0 - type: integer 
	Parameter C_DCACHE_FORCE_TAG_LUTRAM bound to: 0 - type: integer 
	Parameter C_DCACHE_DATA_WIDTH bound to: 0 - type: integer 
	Parameter C_M_AXI_DC_THREAD_ID_WIDTH bound to: 1 - type: integer 
	Parameter C_M_AXI_DC_DATA_WIDTH bound to: 32 - type: integer 
	Parameter C_M_AXI_DC_ADDR_WIDTH bound to: 32 - type: integer 
	Parameter C_M_AXI_DC_EXCLUSIVE_ACCESS bound to: 0 - type: integer 
	Parameter C_M_AXI_DC_USER_VALUE bound to: 31 - type: integer 
	Parameter C_M_AXI_DC_AWUSER_WIDTH bound to: 5 - type: integer 
	Parameter C_M_AXI_DC_ARUSER_WIDTH bound to: 5 - type: integer 
	Parameter C_M_AXI_DC_WUSER_WIDTH bound to: 1 - type: integer 
	Parameter C_M_AXI_DC_RUSER_WIDTH bound to: 1 - type: integer 
	Parameter C_M_AXI_DC_BUSER_WIDTH bound to: 1 - type: integer 
INFO: [Synth 8-3491] module 'MicroBlaze' declared at '/home/valmyrsilva07/virtex7/skarab-virtex7-toolflow/fpgs/ethernet_one_gbe_skarab_control/ethernet_one_gbe_skarab_axi/myproj/myproj.srcs/sources_1/bd/cont_microblaze/ipshared/f8c3/hdl/microblaze_v11_0_vh_rfs.vhd:162743' bound to instance 'U0' of component 'MicroBlaze' [/home/valmyrsilva07/virtex7/skarab-virtex7-toolflow/fpgs/ethernet_one_gbe_skarab_control/ethernet_one_gbe_skarab_axi/myproj/myproj.srcs/sources_1/bd/cont_microblaze/ip/cont_microblaze_microblaze_0_0/synth/cont_microblaze_microblaze_0_0.vhd:807]
INFO: [Synth 8-256] done synthesizing module 'cont_microblaze_microblaze_0_0' (111#1) [/home/valmyrsilva07/virtex7/skarab-virtex7-toolflow/fpgs/ethernet_one_gbe_skarab_control/ethernet_one_gbe_skarab_axi/myproj/myproj.srcs/sources_1/bd/cont_microblaze/ip/cont_microblaze_microblaze_0_0/synth/cont_microblaze_microblaze_0_0.vhd:116]
INFO: [Synth 8-3491] module 'cont_microblaze_microblaze_0_axi_intc_0' declared at '/home/valmyrsilva07/virtex7/skarab-virtex7-toolflow/fpgs/ethernet_one_gbe_skarab_control/ethernet_one_gbe_skarab_axi/myproj/myproj.srcs/sources_1/bd/cont_microblaze/ip/cont_microblaze_microblaze_0_axi_intc_0/synth/cont_microblaze_microblaze_0_axi_intc_0.vhd:59' bound to instance 'microblaze_0_axi_intc' of component 'cont_microblaze_microblaze_0_axi_intc_0' [/home/valmyrsilva07/virtex7/skarab-virtex7-toolflow/fpgs/ethernet_one_gbe_skarab_control/ethernet_one_gbe_skarab_axi/myproj/myproj.srcs/sources_1/bd/cont_microblaze/synth/cont_microblaze.vhd:3077]
INFO: [Common 17-14] Message 'Synth 8-3491' appears 100 times and further instances of the messages will be disabled. Use the Tcl command set_msg_config to change the current settings.
INFO: [Synth 8-638] synthesizing module 'cont_microblaze_microblaze_0_axi_intc_0' [/home/valmyrsilva07/virtex7/skarab-virtex7-toolflow/fpgs/ethernet_one_gbe_skarab_control/ethernet_one_gbe_skarab_axi/myproj/myproj.srcs/sources_1/bd/cont_microblaze/ip/cont_microblaze_microblaze_0_axi_intc_0/synth/cont_microblaze_microblaze_0_axi_intc_0.vhd:89]
	Parameter C_FAMILY bound to: virtex7 - type: string 
	Parameter C_INSTANCE bound to: cont_microblaze_microblaze_0_axi_intc_0 - type: string 
	Parameter C_S_AXI_ADDR_WIDTH bound to: 9 - type: integer 
	Parameter C_S_AXI_DATA_WIDTH bound to: 32 - type: integer 
	Parameter C_NUM_INTR_INPUTS bound to: 2 - type: integer 
	Parameter C_NUM_SW_INTR bound to: 0 - type: integer 
	Parameter C_KIND_OF_INTR bound to: 32'b11111111111111111111111111111101 
	Parameter C_KIND_OF_EDGE bound to: 32'b11111111111111111111111111111111 
	Parameter C_KIND_OF_LVL bound to: 32'b11111111111111111111111111111111 
	Parameter C_ASYNC_INTR bound to: 32'b11111111111111111111111111111100 
	Parameter C_NUM_SYNC_FF bound to: 2 - type: integer 
	Parameter C_ADDR_WIDTH bound to: 32 - type: integer 
	Parameter C_IVAR_RESET_VALUE bound to: 64'b0000000000000000000000000000000000000000000000000000000000010000 
	Parameter C_ENABLE_ASYNC bound to: 0 - type: integer 
	Parameter C_HAS_IPR bound to: 1 - type: integer 
	Parameter C_HAS_SIE bound to: 1 - type: integer 
	Parameter C_HAS_CIE bound to: 1 - type: integer 
	Parameter C_HAS_IVR bound to: 1 - type: integer 
	Parameter C_HAS_ILR bound to: 0 - type: integer 
	Parameter C_IRQ_IS_LEVEL bound to: 1 - type: integer 
	Parameter C_IRQ_ACTIVE bound to: 1'b1 
	Parameter C_DISABLE_SYNCHRONIZERS bound to: 1 - type: integer 
	Parameter C_MB_CLK_NOT_CONNECTED bound to: 1 - type: integer 
	Parameter C_HAS_FAST bound to: 1 - type: integer 
	Parameter C_EN_CASCADE_MODE bound to: 0 - type: integer 
	Parameter C_CASCADE_MASTER bound to: 0 - type: integer 
INFO: [Synth 8-638] synthesizing module 'axi_intc' [/home/valmyrsilva07/virtex7/skarab-virtex7-toolflow/fpgs/ethernet_one_gbe_skarab_control/ethernet_one_gbe_skarab_axi/myproj/myproj.srcs/sources_1/bd/cont_microblaze/ipshared/c0fe/hdl/axi_intc_v4_1_vh_rfs.vhd:3553]
	Parameter C_FAMILY bound to: virtex7 - type: string 
	Parameter C_INSTANCE bound to: cont_microblaze_microblaze_0_axi_intc_0 - type: string 
	Parameter C_S_AXI_ADDR_WIDTH bound to: 9 - type: integer 
	Parameter C_S_AXI_DATA_WIDTH bound to: 32 - type: integer 
	Parameter C_NUM_INTR_INPUTS bound to: 2 - type: integer 
	Parameter C_NUM_SW_INTR bound to: 0 - type: integer 
	Parameter C_KIND_OF_INTR bound to: -3 - type: integer 
	Parameter C_KIND_OF_EDGE bound to: -1 - type: integer 
	Parameter C_KIND_OF_LVL bound to: -1 - type: integer 
	Parameter C_ASYNC_INTR bound to: -4 - type: integer 
	Parameter C_NUM_SYNC_FF bound to: 2 - type: integer 
	Parameter C_IVAR_RESET_VALUE bound to: 64'b0000000000000000000000000000000000000000000000000000000000010000 
	Parameter C_ADDR_WIDTH bound to: 32 - type: integer 
	Parameter C_HAS_IPR bound to: 1 - type: integer 
	Parameter C_HAS_SIE bound to: 1 - type: integer 
	Parameter C_HAS_CIE bound to: 1 - type: integer 
	Parameter C_HAS_IVR bound to: 1 - type: integer 
	Parameter C_HAS_ILR bound to: 0 - type: integer 
	Parameter C_IRQ_IS_LEVEL bound to: 1 - type: integer 
	Parameter C_IRQ_ACTIVE bound to: 1'b1 
	Parameter C_DISABLE_SYNCHRONIZERS bound to: 1 - type: integer 
	Parameter C_MB_CLK_NOT_CONNECTED bound to: 1 - type: integer 
	Parameter C_HAS_FAST bound to: 1 - type: integer 
	Parameter C_ENABLE_ASYNC bound to: 0 - type: integer 
	Parameter C_EN_CASCADE_MODE bound to: 0 - type: integer 
	Parameter C_CASCADE_MASTER bound to: 0 - type: integer 
INFO: [Synth 8-638] synthesizing module 'intc_core' [/home/valmyrsilva07/virtex7/skarab-virtex7-toolflow/fpgs/ethernet_one_gbe_skarab_control/ethernet_one_gbe_skarab_axi/myproj/myproj.srcs/sources_1/bd/cont_microblaze/ipshared/c0fe/hdl/axi_intc_v4_1_vh_rfs.vhd:794]
	Parameter C_FAMILY bound to: virtex7 - type: string 
	Parameter C_DWIDTH bound to: 32 - type: integer 
	Parameter C_NUM_INTR_INPUTS bound to: 2 - type: integer 
	Parameter C_NUM_SW_INTR bound to: 0 - type: integer 
	Parameter C_KIND_OF_INTR bound to: -3 - type: integer 
	Parameter C_KIND_OF_EDGE bound to: -1 - type: integer 
	Parameter C_KIND_OF_LVL bound to: -1 - type: integer 
	Parameter C_ASYNC_INTR bound to: -4 - type: integer 
	Parameter C_NUM_SYNC_FF bound to: 2 - type: integer 
	Parameter C_HAS_IPR bound to: 1 - type: integer 
	Parameter C_HAS_SIE bound to: 1 - type: integer 
	Parameter C_HAS_CIE bound to: 1 - type: integer 
	Parameter C_HAS_IVR bound to: 1 - type: integer 
	Parameter C_HAS_ILR bound to: 0 - type: integer 
	Parameter C_IRQ_IS_LEVEL bound to: 1 - type: integer 
	Parameter C_IRQ_ACTIVE bound to: 1'b1 
	Parameter C_DISABLE_SYNCHRONIZERS bound to: 1 - type: integer 
	Parameter C_MB_CLK_NOT_CONNECTED bound to: 1 - type: integer 
	Parameter C_HAS_FAST bound to: 1 - type: integer 
	Parameter C_IVAR_RESET_VALUE bound to: 64'b0000000000000000000000000000000000000000000000000000000000010000 
	Parameter C_IVAR_WE_WIDTH bound to: 1 - type: integer 
	Parameter C_ADDR_WIDTH bound to: 32 - type: integer 
	Parameter C_EN_CASCADE_MODE bound to: 0 - type: integer 
	Parameter C_CASCADE_MASTER bound to: 0 - type: integer 
INFO: [Synth 8-5534] Detected attribute (* buffer_type = "none" *) [/home/valmyrsilva07/virtex7/skarab-virtex7-toolflow/fpgs/ethernet_one_gbe_skarab_control/ethernet_one_gbe_skarab_axi/myproj/myproj.srcs/sources_1/bd/cont_microblaze/ipshared/c0fe/hdl/axi_intc_v4_1_vh_rfs.vhd:767]
INFO: [Synth 8-638] synthesizing module 'shared_ram_ivar' [/home/valmyrsilva07/virtex7/skarab-virtex7-toolflow/fpgs/ethernet_one_gbe_skarab_control/ethernet_one_gbe_skarab_axi/myproj/myproj.srcs/sources_1/bd/cont_microblaze/ipshared/c0fe/hdl/axi_intc_v4_1_vh_rfs.vhd:320]
	Parameter C_WIDTH bound to: 32 - type: integer 
	Parameter C_DPRAM_DEPTH bound to: 16 - type: integer 
	Parameter C_ADDR_LINES bound to: 4 - type: integer 
	Parameter C_WE_WIDTH bound to: 1 - type: integer 
	Parameter C_RESET_VALUE bound to: 64'b0000000000000000000000000000000000000000000000000000000000010000 
INFO: [Synth 8-5534] Detected attribute (* ram_style = "distributed" *) [/home/valmyrsilva07/virtex7/skarab-virtex7-toolflow/fpgs/ethernet_one_gbe_skarab_control/ethernet_one_gbe_skarab_axi/myproj/myproj.srcs/sources_1/bd/cont_microblaze/ipshared/c0fe/hdl/axi_intc_v4_1_vh_rfs.vhd:342]
INFO: [Common 17-14] Message 'Synth 8-5534' appears 100 times and further instances of the messages will be disabled. Use the Tcl command set_msg_config to change the current settings.
INFO: [Synth 8-256] done synthesizing module 'shared_ram_ivar' (112#1) [/home/valmyrsilva07/virtex7/skarab-virtex7-toolflow/fpgs/ethernet_one_gbe_skarab_control/ethernet_one_gbe_skarab_axi/myproj/myproj.srcs/sources_1/bd/cont_microblaze/ipshared/c0fe/hdl/axi_intc_v4_1_vh_rfs.vhd:320]
WARNING: [Synth 8-6014] Unused sequential element ACK_EN_SYNC_ON_AXI_CLK_GEN.NO_CASCADE_MASTER.second_ack_sync_d3_reg was removed.  [/home/valmyrsilva07/virtex7/skarab-virtex7-toolflow/fpgs/ethernet_one_gbe_skarab_control/ethernet_one_gbe_skarab_axi/myproj/myproj.srcs/sources_1/bd/cont_microblaze/ipshared/c0fe/hdl/axi_intc_v4_1_vh_rfs.vhd:1330]
INFO: [Synth 8-256] done synthesizing module 'intc_core' (113#1) [/home/valmyrsilva07/virtex7/skarab-virtex7-toolflow/fpgs/ethernet_one_gbe_skarab_control/ethernet_one_gbe_skarab_axi/myproj/myproj.srcs/sources_1/bd/cont_microblaze/ipshared/c0fe/hdl/axi_intc_v4_1_vh_rfs.vhd:794]
INFO: [Synth 8-638] synthesizing module 'axi_lite_ipif__parameterized2' [/home/valmyrsilva07/virtex7/skarab-virtex7-toolflow/fpgs/ethernet_one_gbe_skarab_control/ethernet_one_gbe_skarab_axi/myproj/myproj.srcs/sources_1/bd/cont_microblaze/ipshared/66ea/hdl/axi_lite_ipif_v3_0_vh_rfs.vhd:2948]
	Parameter C_S_AXI_DATA_WIDTH bound to: 32 - type: integer 
	Parameter C_S_AXI_ADDR_WIDTH bound to: 9 - type: integer 
	Parameter C_S_AXI_MIN_SIZE bound to: 32'b00000000000000000000000111111111 
	Parameter C_USE_WSTRB bound to: 1 - type: integer 
	Parameter C_DPHASE_TIMEOUT bound to: 8 - type: integer 
	Parameter C_ARD_ADDR_RANGE_ARRAY bound to: 384'b000000000000000000000000000000000000000000000000000000000000000000000000000000000000000000000000000000000000000000000000001111110000000000000000000000000000000000000000000000000000000100000000000000000000000000000000000000000000000000000000000000010111111100000000000000000000000000000000000000000000000000000010000000000000000000000000000000000000000000000000000000000000001011111111 
	Parameter C_ARD_NUM_CE_ARRAY bound to: 96'b000000000000000000000000000100000000000000000000000000000000000100000000000000000000000000000010 
	Parameter C_FAMILY bound to: virtex7 - type: string 
INFO: [Synth 8-638] synthesizing module 'slave_attachment__parameterized2' [/home/valmyrsilva07/virtex7/skarab-virtex7-toolflow/fpgs/ethernet_one_gbe_skarab_control/ethernet_one_gbe_skarab_axi/myproj/myproj.srcs/sources_1/bd/cont_microblaze/ipshared/66ea/hdl/axi_lite_ipif_v3_0_vh_rfs.vhd:2341]
	Parameter C_ARD_ADDR_RANGE_ARRAY bound to: 384'b000000000000000000000000000000000000000000000000000000000000000000000000000000000000000000000000000000000000000000000000001111110000000000000000000000000000000000000000000000000000000100000000000000000000000000000000000000000000000000000000000000010111111100000000000000000000000000000000000000000000000000000010000000000000000000000000000000000000000000000000000000000000001011111111 
	Parameter C_ARD_NUM_CE_ARRAY bound to: 96'b000000000000000000000000000100000000000000000000000000000000000100000000000000000000000000000010 
	Parameter C_IPIF_ABUS_WIDTH bound to: 9 - type: integer 
	Parameter C_IPIF_DBUS_WIDTH bound to: 32 - type: integer 
	Parameter C_S_AXI_MIN_SIZE bound to: 511 - type: integer 
	Parameter C_USE_WSTRB bound to: 1 - type: integer 
	Parameter C_DPHASE_TIMEOUT bound to: 8 - type: integer 
	Parameter C_FAMILY bound to: virtex7 - type: string 
INFO: [Synth 8-638] synthesizing module 'address_decoder__parameterized1' [/home/valmyrsilva07/virtex7/skarab-virtex7-toolflow/fpgs/ethernet_one_gbe_skarab_control/ethernet_one_gbe_skarab_axi/myproj/myproj.srcs/sources_1/bd/cont_microblaze/ipshared/66ea/hdl/axi_lite_ipif_v3_0_vh_rfs.vhd:1775]
	Parameter C_BUS_AWIDTH bound to: 9 - type: integer 
	Parameter C_S_AXI_MIN_SIZE bound to: 511 - type: integer 
	Parameter C_ARD_ADDR_RANGE_ARRAY bound to: 384'b000000000000000000000000000000000000000000000000000000000000000000000000000000000000000000000000000000000000000000000000001111110000000000000000000000000000000000000000000000000000000100000000000000000000000000000000000000000000000000000000000000010111111100000000000000000000000000000000000000000000000000000010000000000000000000000000000000000000000000000000000000000000001011111111 
	Parameter C_ARD_NUM_CE_ARRAY bound to: 96'b000000000000000000000000000100000000000000000000000000000000000100000000000000000000000000000010 
	Parameter C_FAMILY bound to: nofamily - type: string 
INFO: [Synth 8-638] synthesizing module 'pselect_f__parameterized11' [/home/valmyrsilva07/virtex7/skarab-virtex7-toolflow/fpgs/ethernet_one_gbe_skarab_control/ethernet_one_gbe_skarab_axi/myproj/myproj.srcs/sources_1/bd/cont_microblaze/ipshared/66ea/hdl/axi_lite_ipif_v3_0_vh_rfs.vhd:1534]
	Parameter C_AB bound to: 3 - type: integer 
	Parameter C_AW bound to: 9 - type: integer 
	Parameter C_BAR bound to: 9'b000000000 
	Parameter C_FAMILY bound to: nofamily - type: string 
INFO: [Synth 8-256] done synthesizing module 'pselect_f__parameterized11' (113#1) [/home/valmyrsilva07/virtex7/skarab-virtex7-toolflow/fpgs/ethernet_one_gbe_skarab_control/ethernet_one_gbe_skarab_axi/myproj/myproj.srcs/sources_1/bd/cont_microblaze/ipshared/66ea/hdl/axi_lite_ipif_v3_0_vh_rfs.vhd:1534]
INFO: [Synth 8-638] synthesizing module 'pselect_f__parameterized12' [/home/valmyrsilva07/virtex7/skarab-virtex7-toolflow/fpgs/ethernet_one_gbe_skarab_control/ethernet_one_gbe_skarab_axi/myproj/myproj.srcs/sources_1/bd/cont_microblaze/ipshared/66ea/hdl/axi_lite_ipif_v3_0_vh_rfs.vhd:1534]
	Parameter C_AB bound to: 4 - type: integer 
	Parameter C_AW bound to: 4 - type: integer 
	Parameter C_BAR bound to: 4'b0000 
	Parameter C_FAMILY bound to: nofamily - type: string 
INFO: [Synth 8-256] done synthesizing module 'pselect_f__parameterized12' (113#1) [/home/valmyrsilva07/virtex7/skarab-virtex7-toolflow/fpgs/ethernet_one_gbe_skarab_control/ethernet_one_gbe_skarab_axi/myproj/myproj.srcs/sources_1/bd/cont_microblaze/ipshared/66ea/hdl/axi_lite_ipif_v3_0_vh_rfs.vhd:1534]
INFO: [Synth 8-638] synthesizing module 'pselect_f__parameterized13' [/home/valmyrsilva07/virtex7/skarab-virtex7-toolflow/fpgs/ethernet_one_gbe_skarab_control/ethernet_one_gbe_skarab_axi/myproj/myproj.srcs/sources_1/bd/cont_microblaze/ipshared/66ea/hdl/axi_lite_ipif_v3_0_vh_rfs.vhd:1534]
	Parameter C_AB bound to: 4 - type: integer 
	Parameter C_AW bound to: 4 - type: integer 
	Parameter C_BAR bound to: 4'b0001 
	Parameter C_FAMILY bound to: nofamily - type: string 
INFO: [Synth 8-256] done synthesizing module 'pselect_f__parameterized13' (113#1) [/home/valmyrsilva07/virtex7/skarab-virtex7-toolflow/fpgs/ethernet_one_gbe_skarab_control/ethernet_one_gbe_skarab_axi/myproj/myproj.srcs/sources_1/bd/cont_microblaze/ipshared/66ea/hdl/axi_lite_ipif_v3_0_vh_rfs.vhd:1534]
INFO: [Synth 8-638] synthesizing module 'pselect_f__parameterized14' [/home/valmyrsilva07/virtex7/skarab-virtex7-toolflow/fpgs/ethernet_one_gbe_skarab_control/ethernet_one_gbe_skarab_axi/myproj/myproj.srcs/sources_1/bd/cont_microblaze/ipshared/66ea/hdl/axi_lite_ipif_v3_0_vh_rfs.vhd:1534]
	Parameter C_AB bound to: 4 - type: integer 
	Parameter C_AW bound to: 4 - type: integer 
	Parameter C_BAR bound to: 4'b0010 
	Parameter C_FAMILY bound to: nofamily - type: string 
INFO: [Synth 8-256] done synthesizing module 'pselect_f__parameterized14' (113#1) [/home/valmyrsilva07/virtex7/skarab-virtex7-toolflow/fpgs/ethernet_one_gbe_skarab_control/ethernet_one_gbe_skarab_axi/myproj/myproj.srcs/sources_1/bd/cont_microblaze/ipshared/66ea/hdl/axi_lite_ipif_v3_0_vh_rfs.vhd:1534]
INFO: [Synth 8-638] synthesizing module 'pselect_f__parameterized15' [/home/valmyrsilva07/virtex7/skarab-virtex7-toolflow/fpgs/ethernet_one_gbe_skarab_control/ethernet_one_gbe_skarab_axi/myproj/myproj.srcs/sources_1/bd/cont_microblaze/ipshared/66ea/hdl/axi_lite_ipif_v3_0_vh_rfs.vhd:1534]
	Parameter C_AB bound to: 4 - type: integer 
	Parameter C_AW bound to: 4 - type: integer 
	Parameter C_BAR bound to: 4'b0011 
	Parameter C_FAMILY bound to: nofamily - type: string 
INFO: [Synth 8-256] done synthesizing module 'pselect_f__parameterized15' (113#1) [/home/valmyrsilva07/virtex7/skarab-virtex7-toolflow/fpgs/ethernet_one_gbe_skarab_control/ethernet_one_gbe_skarab_axi/myproj/myproj.srcs/sources_1/bd/cont_microblaze/ipshared/66ea/hdl/axi_lite_ipif_v3_0_vh_rfs.vhd:1534]
INFO: [Synth 8-638] synthesizing module 'pselect_f__parameterized16' [/home/valmyrsilva07/virtex7/skarab-virtex7-toolflow/fpgs/ethernet_one_gbe_skarab_control/ethernet_one_gbe_skarab_axi/myproj/myproj.srcs/sources_1/bd/cont_microblaze/ipshared/66ea/hdl/axi_lite_ipif_v3_0_vh_rfs.vhd:1534]
	Parameter C_AB bound to: 4 - type: integer 
	Parameter C_AW bound to: 4 - type: integer 
	Parameter C_BAR bound to: 4'b0100 
	Parameter C_FAMILY bound to: nofamily - type: string 
INFO: [Synth 8-256] done synthesizing module 'pselect_f__parameterized16' (113#1) [/home/valmyrsilva07/virtex7/skarab-virtex7-toolflow/fpgs/ethernet_one_gbe_skarab_control/ethernet_one_gbe_skarab_axi/myproj/myproj.srcs/sources_1/bd/cont_microblaze/ipshared/66ea/hdl/axi_lite_ipif_v3_0_vh_rfs.vhd:1534]
INFO: [Synth 8-638] synthesizing module 'pselect_f__parameterized17' [/home/valmyrsilva07/virtex7/skarab-virtex7-toolflow/fpgs/ethernet_one_gbe_skarab_control/ethernet_one_gbe_skarab_axi/myproj/myproj.srcs/sources_1/bd/cont_microblaze/ipshared/66ea/hdl/axi_lite_ipif_v3_0_vh_rfs.vhd:1534]
	Parameter C_AB bound to: 4 - type: integer 
	Parameter C_AW bound to: 4 - type: integer 
	Parameter C_BAR bound to: 4'b0101 
	Parameter C_FAMILY bound to: nofamily - type: string 
INFO: [Synth 8-256] done synthesizing module 'pselect_f__parameterized17' (113#1) [/home/valmyrsilva07/virtex7/skarab-virtex7-toolflow/fpgs/ethernet_one_gbe_skarab_control/ethernet_one_gbe_skarab_axi/myproj/myproj.srcs/sources_1/bd/cont_microblaze/ipshared/66ea/hdl/axi_lite_ipif_v3_0_vh_rfs.vhd:1534]
INFO: [Synth 8-638] synthesizing module 'pselect_f__parameterized18' [/home/valmyrsilva07/virtex7/skarab-virtex7-toolflow/fpgs/ethernet_one_gbe_skarab_control/ethernet_one_gbe_skarab_axi/myproj/myproj.srcs/sources_1/bd/cont_microblaze/ipshared/66ea/hdl/axi_lite_ipif_v3_0_vh_rfs.vhd:1534]
	Parameter C_AB bound to: 4 - type: integer 
	Parameter C_AW bound to: 4 - type: integer 
	Parameter C_BAR bound to: 4'b0110 
	Parameter C_FAMILY bound to: nofamily - type: string 
INFO: [Synth 8-256] done synthesizing module 'pselect_f__parameterized18' (113#1) [/home/valmyrsilva07/virtex7/skarab-virtex7-toolflow/fpgs/ethernet_one_gbe_skarab_control/ethernet_one_gbe_skarab_axi/myproj/myproj.srcs/sources_1/bd/cont_microblaze/ipshared/66ea/hdl/axi_lite_ipif_v3_0_vh_rfs.vhd:1534]
INFO: [Synth 8-638] synthesizing module 'pselect_f__parameterized19' [/home/valmyrsilva07/virtex7/skarab-virtex7-toolflow/fpgs/ethernet_one_gbe_skarab_control/ethernet_one_gbe_skarab_axi/myproj/myproj.srcs/sources_1/bd/cont_microblaze/ipshared/66ea/hdl/axi_lite_ipif_v3_0_vh_rfs.vhd:1534]
	Parameter C_AB bound to: 4 - type: integer 
	Parameter C_AW bound to: 4 - type: integer 
	Parameter C_BAR bound to: 4'b0111 
	Parameter C_FAMILY bound to: nofamily - type: string 
INFO: [Synth 8-256] done synthesizing module 'pselect_f__parameterized19' (113#1) [/home/valmyrsilva07/virtex7/skarab-virtex7-toolflow/fpgs/ethernet_one_gbe_skarab_control/ethernet_one_gbe_skarab_axi/myproj/myproj.srcs/sources_1/bd/cont_microblaze/ipshared/66ea/hdl/axi_lite_ipif_v3_0_vh_rfs.vhd:1534]
INFO: [Synth 8-638] synthesizing module 'pselect_f__parameterized20' [/home/valmyrsilva07/virtex7/skarab-virtex7-toolflow/fpgs/ethernet_one_gbe_skarab_control/ethernet_one_gbe_skarab_axi/myproj/myproj.srcs/sources_1/bd/cont_microblaze/ipshared/66ea/hdl/axi_lite_ipif_v3_0_vh_rfs.vhd:1534]
	Parameter C_AB bound to: 4 - type: integer 
	Parameter C_AW bound to: 4 - type: integer 
	Parameter C_BAR bound to: 4'b1000 
	Parameter C_FAMILY bound to: nofamily - type: string 
INFO: [Synth 8-256] done synthesizing module 'pselect_f__parameterized20' (113#1) [/home/valmyrsilva07/virtex7/skarab-virtex7-toolflow/fpgs/ethernet_one_gbe_skarab_control/ethernet_one_gbe_skarab_axi/myproj/myproj.srcs/sources_1/bd/cont_microblaze/ipshared/66ea/hdl/axi_lite_ipif_v3_0_vh_rfs.vhd:1534]
INFO: [Synth 8-638] synthesizing module 'pselect_f__parameterized21' [/home/valmyrsilva07/virtex7/skarab-virtex7-toolflow/fpgs/ethernet_one_gbe_skarab_control/ethernet_one_gbe_skarab_axi/myproj/myproj.srcs/sources_1/bd/cont_microblaze/ipshared/66ea/hdl/axi_lite_ipif_v3_0_vh_rfs.vhd:1534]
	Parameter C_AB bound to: 4 - type: integer 
	Parameter C_AW bound to: 4 - type: integer 
	Parameter C_BAR bound to: 4'b1001 
	Parameter C_FAMILY bound to: nofamily - type: string 
INFO: [Synth 8-256] done synthesizing module 'pselect_f__parameterized21' (113#1) [/home/valmyrsilva07/virtex7/skarab-virtex7-toolflow/fpgs/ethernet_one_gbe_skarab_control/ethernet_one_gbe_skarab_axi/myproj/myproj.srcs/sources_1/bd/cont_microblaze/ipshared/66ea/hdl/axi_lite_ipif_v3_0_vh_rfs.vhd:1534]
INFO: [Synth 8-638] synthesizing module 'pselect_f__parameterized22' [/home/valmyrsilva07/virtex7/skarab-virtex7-toolflow/fpgs/ethernet_one_gbe_skarab_control/ethernet_one_gbe_skarab_axi/myproj/myproj.srcs/sources_1/bd/cont_microblaze/ipshared/66ea/hdl/axi_lite_ipif_v3_0_vh_rfs.vhd:1534]
	Parameter C_AB bound to: 4 - type: integer 
	Parameter C_AW bound to: 4 - type: integer 
	Parameter C_BAR bound to: 4'b1010 
	Parameter C_FAMILY bound to: nofamily - type: string 
INFO: [Synth 8-256] done synthesizing module 'pselect_f__parameterized22' (113#1) [/home/valmyrsilva07/virtex7/skarab-virtex7-toolflow/fpgs/ethernet_one_gbe_skarab_control/ethernet_one_gbe_skarab_axi/myproj/myproj.srcs/sources_1/bd/cont_microblaze/ipshared/66ea/hdl/axi_lite_ipif_v3_0_vh_rfs.vhd:1534]
INFO: [Synth 8-638] synthesizing module 'pselect_f__parameterized23' [/home/valmyrsilva07/virtex7/skarab-virtex7-toolflow/fpgs/ethernet_one_gbe_skarab_control/ethernet_one_gbe_skarab_axi/myproj/myproj.srcs/sources_1/bd/cont_microblaze/ipshared/66ea/hdl/axi_lite_ipif_v3_0_vh_rfs.vhd:1534]
	Parameter C_AB bound to: 4 - type: integer 
	Parameter C_AW bound to: 4 - type: integer 
	Parameter C_BAR bound to: 4'b1011 
	Parameter C_FAMILY bound to: nofamily - type: string 
INFO: [Synth 8-256] done synthesizing module 'pselect_f__parameterized23' (113#1) [/home/valmyrsilva07/virtex7/skarab-virtex7-toolflow/fpgs/ethernet_one_gbe_skarab_control/ethernet_one_gbe_skarab_axi/myproj/myproj.srcs/sources_1/bd/cont_microblaze/ipshared/66ea/hdl/axi_lite_ipif_v3_0_vh_rfs.vhd:1534]
INFO: [Synth 8-638] synthesizing module 'pselect_f__parameterized24' [/home/valmyrsilva07/virtex7/skarab-virtex7-toolflow/fpgs/ethernet_one_gbe_skarab_control/ethernet_one_gbe_skarab_axi/myproj/myproj.srcs/sources_1/bd/cont_microblaze/ipshared/66ea/hdl/axi_lite_ipif_v3_0_vh_rfs.vhd:1534]
	Parameter C_AB bound to: 4 - type: integer 
	Parameter C_AW bound to: 4 - type: integer 
	Parameter C_BAR bound to: 4'b1100 
	Parameter C_FAMILY bound to: nofamily - type: string 
INFO: [Synth 8-256] done synthesizing module 'pselect_f__parameterized24' (113#1) [/home/valmyrsilva07/virtex7/skarab-virtex7-toolflow/fpgs/ethernet_one_gbe_skarab_control/ethernet_one_gbe_skarab_axi/myproj/myproj.srcs/sources_1/bd/cont_microblaze/ipshared/66ea/hdl/axi_lite_ipif_v3_0_vh_rfs.vhd:1534]
INFO: [Synth 8-638] synthesizing module 'pselect_f__parameterized25' [/home/valmyrsilva07/virtex7/skarab-virtex7-toolflow/fpgs/ethernet_one_gbe_skarab_control/ethernet_one_gbe_skarab_axi/myproj/myproj.srcs/sources_1/bd/cont_microblaze/ipshared/66ea/hdl/axi_lite_ipif_v3_0_vh_rfs.vhd:1534]
	Parameter C_AB bound to: 4 - type: integer 
	Parameter C_AW bound to: 4 - type: integer 
	Parameter C_BAR bound to: 4'b1101 
	Parameter C_FAMILY bound to: nofamily - type: string 
INFO: [Synth 8-256] done synthesizing module 'pselect_f__parameterized25' (113#1) [/home/valmyrsilva07/virtex7/skarab-virtex7-toolflow/fpgs/ethernet_one_gbe_skarab_control/ethernet_one_gbe_skarab_axi/myproj/myproj.srcs/sources_1/bd/cont_microblaze/ipshared/66ea/hdl/axi_lite_ipif_v3_0_vh_rfs.vhd:1534]
INFO: [Synth 8-638] synthesizing module 'pselect_f__parameterized26' [/home/valmyrsilva07/virtex7/skarab-virtex7-toolflow/fpgs/ethernet_one_gbe_skarab_control/ethernet_one_gbe_skarab_axi/myproj/myproj.srcs/sources_1/bd/cont_microblaze/ipshared/66ea/hdl/axi_lite_ipif_v3_0_vh_rfs.vhd:1534]
	Parameter C_AB bound to: 4 - type: integer 
	Parameter C_AW bound to: 4 - type: integer 
	Parameter C_BAR bound to: 4'b1110 
	Parameter C_FAMILY bound to: nofamily - type: string 
INFO: [Synth 8-256] done synthesizing module 'pselect_f__parameterized26' (113#1) [/home/valmyrsilva07/virtex7/skarab-virtex7-toolflow/fpgs/ethernet_one_gbe_skarab_control/ethernet_one_gbe_skarab_axi/myproj/myproj.srcs/sources_1/bd/cont_microblaze/ipshared/66ea/hdl/axi_lite_ipif_v3_0_vh_rfs.vhd:1534]
INFO: [Synth 8-638] synthesizing module 'pselect_f__parameterized27' [/home/valmyrsilva07/virtex7/skarab-virtex7-toolflow/fpgs/ethernet_one_gbe_skarab_control/ethernet_one_gbe_skarab_axi/myproj/myproj.srcs/sources_1/bd/cont_microblaze/ipshared/66ea/hdl/axi_lite_ipif_v3_0_vh_rfs.vhd:1534]
	Parameter C_AB bound to: 4 - type: integer 
	Parameter C_AW bound to: 4 - type: integer 
	Parameter C_BAR bound to: 4'b1111 
	Parameter C_FAMILY bound to: nofamily - type: string 
INFO: [Synth 8-256] done synthesizing module 'pselect_f__parameterized27' (113#1) [/home/valmyrsilva07/virtex7/skarab-virtex7-toolflow/fpgs/ethernet_one_gbe_skarab_control/ethernet_one_gbe_skarab_axi/myproj/myproj.srcs/sources_1/bd/cont_microblaze/ipshared/66ea/hdl/axi_lite_ipif_v3_0_vh_rfs.vhd:1534]
INFO: [Synth 8-638] synthesizing module 'pselect_f__parameterized28' [/home/valmyrsilva07/virtex7/skarab-virtex7-toolflow/fpgs/ethernet_one_gbe_skarab_control/ethernet_one_gbe_skarab_axi/myproj/myproj.srcs/sources_1/bd/cont_microblaze/ipshared/66ea/hdl/axi_lite_ipif_v3_0_vh_rfs.vhd:1534]
	Parameter C_AB bound to: 2 - type: integer 
	Parameter C_AW bound to: 9 - type: integer 
	Parameter C_BAR bound to: 9'b100000000 
	Parameter C_FAMILY bound to: nofamily - type: string 
INFO: [Synth 8-256] done synthesizing module 'pselect_f__parameterized28' (113#1) [/home/valmyrsilva07/virtex7/skarab-virtex7-toolflow/fpgs/ethernet_one_gbe_skarab_control/ethernet_one_gbe_skarab_axi/myproj/myproj.srcs/sources_1/bd/cont_microblaze/ipshared/66ea/hdl/axi_lite_ipif_v3_0_vh_rfs.vhd:1534]
INFO: [Synth 8-638] synthesizing module 'pselect_f__parameterized29' [/home/valmyrsilva07/virtex7/skarab-virtex7-toolflow/fpgs/ethernet_one_gbe_skarab_control/ethernet_one_gbe_skarab_axi/myproj/myproj.srcs/sources_1/bd/cont_microblaze/ipshared/66ea/hdl/axi_lite_ipif_v3_0_vh_rfs.vhd:1534]
	Parameter C_AB bound to: 1 - type: integer 
	Parameter C_AW bound to: 9 - type: integer 
	Parameter C_BAR bound to: 9'b000000000 
	Parameter C_FAMILY bound to: nofamily - type: string 
INFO: [Synth 8-256] done synthesizing module 'pselect_f__parameterized29' (113#1) [/home/valmyrsilva07/virtex7/skarab-virtex7-toolflow/fpgs/ethernet_one_gbe_skarab_control/ethernet_one_gbe_skarab_axi/myproj/myproj.srcs/sources_1/bd/cont_microblaze/ipshared/66ea/hdl/axi_lite_ipif_v3_0_vh_rfs.vhd:1534]
INFO: [Synth 8-638] synthesizing module 'pselect_f__parameterized30' [/home/valmyrsilva07/virtex7/skarab-virtex7-toolflow/fpgs/ethernet_one_gbe_skarab_control/ethernet_one_gbe_skarab_axi/myproj/myproj.srcs/sources_1/bd/cont_microblaze/ipshared/66ea/hdl/axi_lite_ipif_v3_0_vh_rfs.vhd:1534]
	Parameter C_AB bound to: 1 - type: integer 
	Parameter C_AW bound to: 1 - type: integer 
	Parameter C_BAR bound to: 1'b0 
	Parameter C_FAMILY bound to: nofamily - type: string 
INFO: [Synth 8-256] done synthesizing module 'pselect_f__parameterized30' (113#1) [/home/valmyrsilva07/virtex7/skarab-virtex7-toolflow/fpgs/ethernet_one_gbe_skarab_control/ethernet_one_gbe_skarab_axi/myproj/myproj.srcs/sources_1/bd/cont_microblaze/ipshared/66ea/hdl/axi_lite_ipif_v3_0_vh_rfs.vhd:1534]
INFO: [Synth 8-638] synthesizing module 'pselect_f__parameterized31' [/home/valmyrsilva07/virtex7/skarab-virtex7-toolflow/fpgs/ethernet_one_gbe_skarab_control/ethernet_one_gbe_skarab_axi/myproj/myproj.srcs/sources_1/bd/cont_microblaze/ipshared/66ea/hdl/axi_lite_ipif_v3_0_vh_rfs.vhd:1534]
	Parameter C_AB bound to: 1 - type: integer 
	Parameter C_AW bound to: 1 - type: integer 
	Parameter C_BAR bound to: 1'b1 
	Parameter C_FAMILY bound to: nofamily - type: string 
INFO: [Synth 8-256] done synthesizing module 'pselect_f__parameterized31' (113#1) [/home/valmyrsilva07/virtex7/skarab-virtex7-toolflow/fpgs/ethernet_one_gbe_skarab_control/ethernet_one_gbe_skarab_axi/myproj/myproj.srcs/sources_1/bd/cont_microblaze/ipshared/66ea/hdl/axi_lite_ipif_v3_0_vh_rfs.vhd:1534]
INFO: [Synth 8-256] done synthesizing module 'address_decoder__parameterized1' (113#1) [/home/valmyrsilva07/virtex7/skarab-virtex7-toolflow/fpgs/ethernet_one_gbe_skarab_control/ethernet_one_gbe_skarab_axi/myproj/myproj.srcs/sources_1/bd/cont_microblaze/ipshared/66ea/hdl/axi_lite_ipif_v3_0_vh_rfs.vhd:1775]
INFO: [Synth 8-226] default block is never used [/home/valmyrsilva07/virtex7/skarab-virtex7-toolflow/fpgs/ethernet_one_gbe_skarab_control/ethernet_one_gbe_skarab_axi/myproj/myproj.srcs/sources_1/bd/cont_microblaze/ipshared/66ea/hdl/axi_lite_ipif_v3_0_vh_rfs.vhd:2550]
INFO: [Synth 8-256] done synthesizing module 'slave_attachment__parameterized2' (113#1) [/home/valmyrsilva07/virtex7/skarab-virtex7-toolflow/fpgs/ethernet_one_gbe_skarab_control/ethernet_one_gbe_skarab_axi/myproj/myproj.srcs/sources_1/bd/cont_microblaze/ipshared/66ea/hdl/axi_lite_ipif_v3_0_vh_rfs.vhd:2341]
INFO: [Synth 8-256] done synthesizing module 'axi_lite_ipif__parameterized2' (113#1) [/home/valmyrsilva07/virtex7/skarab-virtex7-toolflow/fpgs/ethernet_one_gbe_skarab_control/ethernet_one_gbe_skarab_axi/myproj/myproj.srcs/sources_1/bd/cont_microblaze/ipshared/66ea/hdl/axi_lite_ipif_v3_0_vh_rfs.vhd:2948]
INFO: [Synth 8-256] done synthesizing module 'axi_intc' (114#1) [/home/valmyrsilva07/virtex7/skarab-virtex7-toolflow/fpgs/ethernet_one_gbe_skarab_control/ethernet_one_gbe_skarab_axi/myproj/myproj.srcs/sources_1/bd/cont_microblaze/ipshared/c0fe/hdl/axi_intc_v4_1_vh_rfs.vhd:3553]
INFO: [Synth 8-256] done synthesizing module 'cont_microblaze_microblaze_0_axi_intc_0' (115#1) [/home/valmyrsilva07/virtex7/skarab-virtex7-toolflow/fpgs/ethernet_one_gbe_skarab_control/ethernet_one_gbe_skarab_axi/myproj/myproj.srcs/sources_1/bd/cont_microblaze/ip/cont_microblaze_microblaze_0_axi_intc_0/synth/cont_microblaze_microblaze_0_axi_intc_0.vhd:89]
INFO: [Synth 8-638] synthesizing module 'cont_microblaze_microblaze_0_axi_periph_0' [/home/valmyrsilva07/virtex7/skarab-virtex7-toolflow/fpgs/ethernet_one_gbe_skarab_control/ethernet_one_gbe_skarab_axi/myproj/myproj.srcs/sources_1/bd/cont_microblaze/synth/cont_microblaze.vhd:1523]
INFO: [Synth 8-638] synthesizing module 'm00_couplers_imp_1URBBE8' [/home/valmyrsilva07/virtex7/skarab-virtex7-toolflow/fpgs/ethernet_one_gbe_skarab_control/ethernet_one_gbe_skarab_axi/myproj/myproj.srcs/sources_1/bd/cont_microblaze/synth/cont_microblaze.vhd:57]
INFO: [Synth 8-256] done synthesizing module 'm00_couplers_imp_1URBBE8' (116#1) [/home/valmyrsilva07/virtex7/skarab-virtex7-toolflow/fpgs/ethernet_one_gbe_skarab_control/ethernet_one_gbe_skarab_axi/myproj/myproj.srcs/sources_1/bd/cont_microblaze/synth/cont_microblaze.vhd:57]
INFO: [Synth 8-638] synthesizing module 'm01_couplers_imp_NLQFEM' [/home/valmyrsilva07/virtex7/skarab-virtex7-toolflow/fpgs/ethernet_one_gbe_skarab_control/ethernet_one_gbe_skarab_axi/myproj/myproj.srcs/sources_1/bd/cont_microblaze/synth/cont_microblaze.vhd:158]
INFO: [Synth 8-256] done synthesizing module 'm01_couplers_imp_NLQFEM' (117#1) [/home/valmyrsilva07/virtex7/skarab-virtex7-toolflow/fpgs/ethernet_one_gbe_skarab_control/ethernet_one_gbe_skarab_axi/myproj/myproj.srcs/sources_1/bd/cont_microblaze/synth/cont_microblaze.vhd:158]
INFO: [Synth 8-638] synthesizing module 'm02_couplers_imp_QWRNE5' [/home/valmyrsilva07/virtex7/skarab-virtex7-toolflow/fpgs/ethernet_one_gbe_skarab_control/ethernet_one_gbe_skarab_axi/myproj/myproj.srcs/sources_1/bd/cont_microblaze/synth/cont_microblaze.vhd:259]
INFO: [Synth 8-256] done synthesizing module 'm02_couplers_imp_QWRNE5' (118#1) [/home/valmyrsilva07/virtex7/skarab-virtex7-toolflow/fpgs/ethernet_one_gbe_skarab_control/ethernet_one_gbe_skarab_axi/myproj/myproj.srcs/sources_1/bd/cont_microblaze/synth/cont_microblaze.vhd:259]
INFO: [Synth 8-638] synthesizing module 'm03_couplers_imp_1ISGFMR' [/home/valmyrsilva07/virtex7/skarab-virtex7-toolflow/fpgs/ethernet_one_gbe_skarab_control/ethernet_one_gbe_skarab_axi/myproj/myproj.srcs/sources_1/bd/cont_microblaze/synth/cont_microblaze.vhd:380]
INFO: [Synth 8-6157] synthesizing module 'cont_microblaze_auto_pc_0' [/home/valmyrsilva07/virtex7/skarab-virtex7-toolflow/fpgs/ethernet_one_gbe_skarab_control/ethernet_one_gbe_skarab_axi/myproj/myproj.srcs/sources_1/bd/cont_microblaze/ip/cont_microblaze_auto_pc_0/synth/cont_microblaze_auto_pc_0.v:58]
INFO: [Synth 8-6157] synthesizing module 'axi_protocol_converter_v2_1_19_axi_protocol_converter' [/home/valmyrsilva07/virtex7/skarab-virtex7-toolflow/fpgs/ethernet_one_gbe_skarab_control/ethernet_one_gbe_skarab_axi/myproj/myproj.srcs/sources_1/bd/cont_microblaze/ipshared/c83a/hdl/axi_protocol_converter_v2_1_vl_rfs.v:4808]
	Parameter C_FAMILY bound to: virtex7 - type: string 
	Parameter C_M_AXI_PROTOCOL bound to: 0 - type: integer 
	Parameter C_S_AXI_PROTOCOL bound to: 2 - type: integer 
	Parameter C_IGNORE_ID bound to: 1 - type: integer 
	Parameter C_AXI_ID_WIDTH bound to: 1 - type: integer 
	Parameter C_AXI_ADDR_WIDTH bound to: 32 - type: integer 
	Parameter C_AXI_DATA_WIDTH bound to: 32 - type: integer 
	Parameter C_AXI_SUPPORTS_WRITE bound to: 1 - type: integer 
	Parameter C_AXI_SUPPORTS_READ bound to: 1 - type: integer 
	Parameter C_AXI_SUPPORTS_USER_SIGNALS bound to: 0 - type: integer 
	Parameter C_AXI_AWUSER_WIDTH bound to: 1 - type: integer 
	Parameter C_AXI_ARUSER_WIDTH bound to: 1 - type: integer 
	Parameter C_AXI_WUSER_WIDTH bound to: 1 - type: integer 
	Parameter C_AXI_RUSER_WIDTH bound to: 1 - type: integer 
	Parameter C_AXI_BUSER_WIDTH bound to: 1 - type: integer 
	Parameter C_TRANSLATION_MODE bound to: 2 - type: integer 
	Parameter P_AXI4 bound to: 0 - type: integer 
	Parameter P_AXI3 bound to: 1 - type: integer 
	Parameter P_AXILITE bound to: 2 - type: integer 
	Parameter P_AXILITE_SIZE bound to: 3'b010 
	Parameter P_INCR bound to: 2'b01 
	Parameter P_DECERR bound to: 2'b11 
	Parameter P_SLVERR bound to: 2'b10 
	Parameter P_PROTECTION bound to: 1 - type: integer 
	Parameter P_CONVERSION bound to: 2 - type: integer 
INFO: [Synth 8-6155] done synthesizing module 'axi_protocol_converter_v2_1_19_axi_protocol_converter' (119#1) [/home/valmyrsilva07/virtex7/skarab-virtex7-toolflow/fpgs/ethernet_one_gbe_skarab_control/ethernet_one_gbe_skarab_axi/myproj/myproj.srcs/sources_1/bd/cont_microblaze/ipshared/c83a/hdl/axi_protocol_converter_v2_1_vl_rfs.v:4808]
INFO: [Synth 8-6155] done synthesizing module 'cont_microblaze_auto_pc_0' (120#1) [/home/valmyrsilva07/virtex7/skarab-virtex7-toolflow/fpgs/ethernet_one_gbe_skarab_control/ethernet_one_gbe_skarab_axi/myproj/myproj.srcs/sources_1/bd/cont_microblaze/ip/cont_microblaze_auto_pc_0/synth/cont_microblaze_auto_pc_0.v:58]
INFO: [Synth 8-256] done synthesizing module 'm03_couplers_imp_1ISGFMR' (121#1) [/home/valmyrsilva07/virtex7/skarab-virtex7-toolflow/fpgs/ethernet_one_gbe_skarab_control/ethernet_one_gbe_skarab_axi/myproj/myproj.srcs/sources_1/bd/cont_microblaze/synth/cont_microblaze.vhd:380]
INFO: [Synth 8-638] synthesizing module 'm04_couplers_imp_33EGSR' [/home/valmyrsilva07/virtex7/skarab-virtex7-toolflow/fpgs/ethernet_one_gbe_skarab_control/ethernet_one_gbe_skarab_axi/myproj/myproj.srcs/sources_1/bd/cont_microblaze/synth/cont_microblaze.vhd:661]
INFO: [Synth 8-256] done synthesizing module 'm04_couplers_imp_33EGSR' (122#1) [/home/valmyrsilva07/virtex7/skarab-virtex7-toolflow/fpgs/ethernet_one_gbe_skarab_control/ethernet_one_gbe_skarab_axi/myproj/myproj.srcs/sources_1/bd/cont_microblaze/synth/cont_microblaze.vhd:661]
INFO: [Synth 8-638] synthesizing module 's00_couplers_imp_1LRQM3S' [/home/valmyrsilva07/virtex7/skarab-virtex7-toolflow/fpgs/ethernet_one_gbe_skarab_control/ethernet_one_gbe_skarab_axi/myproj/myproj.srcs/sources_1/bd/cont_microblaze/synth/cont_microblaze.vhd:1318]
INFO: [Synth 8-256] done synthesizing module 's00_couplers_imp_1LRQM3S' (123#1) [/home/valmyrsilva07/virtex7/skarab-virtex7-toolflow/fpgs/ethernet_one_gbe_skarab_control/ethernet_one_gbe_skarab_axi/myproj/myproj.srcs/sources_1/bd/cont_microblaze/synth/cont_microblaze.vhd:1318]
INFO: [Synth 8-6157] synthesizing module 'cont_microblaze_xbar_0' [/home/valmyrsilva07/virtex7/skarab-virtex7-toolflow/fpgs/ethernet_one_gbe_skarab_control/ethernet_one_gbe_skarab_axi/myproj/myproj.srcs/sources_1/bd/cont_microblaze/ip/cont_microblaze_xbar_0/synth/cont_microblaze_xbar_0.v:59]
INFO: [Synth 8-6157] synthesizing module 'axi_crossbar_v2_1_20_axi_crossbar' [/home/valmyrsilva07/virtex7/skarab-virtex7-toolflow/fpgs/ethernet_one_gbe_skarab_control/ethernet_one_gbe_skarab_axi/myproj/myproj.srcs/sources_1/bd/cont_microblaze/ipshared/ace7/hdl/axi_crossbar_v2_1_vl_rfs.v:4884]
	Parameter C_FAMILY bound to: virtex7 - type: string 
	Parameter C_NUM_SLAVE_SLOTS bound to: 1 - type: integer 
	Parameter C_NUM_MASTER_SLOTS bound to: 5 - type: integer 
	Parameter C_AXI_ID_WIDTH bound to: 1 - type: integer 
	Parameter C_AXI_ADDR_WIDTH bound to: 32 - type: integer 
	Parameter C_AXI_DATA_WIDTH bound to: 32 - type: integer 
	Parameter C_AXI_PROTOCOL bound to: 2 - type: integer 
	Parameter C_NUM_ADDR_RANGES bound to: 1 - type: integer 
	Parameter C_M_AXI_BASE_ADDR bound to: 320'b00000000000000000000000000000000010000011100000000000000000000000000000000000000000000000000000010000000000000000000000000000000000000000000000000000000000000000100000110100000000000000000000000000000000000000000000000000000010000000110000000000000000000000000000000000000000000000000000001000001001000000000000000000000 
	Parameter C_M_AXI_ADDR_WIDTH bound to: 160'b0000000000000000000000000001000000000000000000000000000000011111000000000000000000000000000100000000000000000000000000000001000000000000000000000000000000010000 
	Parameter C_S_AXI_BASE_ID bound to: 0 - type: integer 
	Parameter C_S_AXI_THREAD_ID_WIDTH bound to: 0 - type: integer 
	Parameter C_AXI_SUPPORTS_USER_SIGNALS bound to: 0 - type: integer 
	Parameter C_AXI_AWUSER_WIDTH bound to: 1 - type: integer 
	Parameter C_AXI_ARUSER_WIDTH bound to: 1 - type: integer 
	Parameter C_AXI_WUSER_WIDTH bound to: 1 - type: integer 
	Parameter C_AXI_RUSER_WIDTH bound to: 1 - type: integer 
	Parameter C_AXI_BUSER_WIDTH bound to: 1 - type: integer 
	Parameter C_M_AXI_WRITE_CONNECTIVITY bound to: 160'b0000000000000000000000000000000100000000000000000000000000000001000000000000000000000000000000010000000000000000000000000000000100000000000000000000000000000001 
	Parameter C_M_AXI_READ_CONNECTIVITY bound to: 160'b0000000000000000000000000000000100000000000000000000000000000001000000000000000000000000000000010000000000000000000000000000000100000000000000000000000000000001 
	Parameter C_R_REGISTER bound to: 1 - type: integer 
	Parameter C_S_AXI_SINGLE_THREAD bound to: 1 - type: integer 
	Parameter C_S_AXI_WRITE_ACCEPTANCE bound to: 1 - type: integer 
	Parameter C_S_AXI_READ_ACCEPTANCE bound to: 1 - type: integer 
	Parameter C_M_AXI_WRITE_ISSUING bound to: 160'b0000000000000000000000000000000100000000000000000000000000000001000000000000000000000000000000010000000000000000000000000000000100000000000000000000000000000001 
	Parameter C_M_AXI_READ_ISSUING bound to: 160'b0000000000000000000000000000000100000000000000000000000000000001000000000000000000000000000000010000000000000000000000000000000100000000000000000000000000000001 
	Parameter C_S_AXI_ARB_PRIORITY bound to: 0 - type: integer 
	Parameter C_M_AXI_SECURE bound to: 160'b0000000000000000000000000000000000000000000000000000000000000000000000000000000000000000000000000000000000000000000000000000000000000000000000000000000000000000 
	Parameter C_CONNECTIVITY_MODE bound to: 0 - type: integer 
	Parameter P_ONES bound to: 65'b11111111111111111111111111111111111111111111111111111111111111111 
	Parameter P_S_AXI_BASE_ID bound to: 64'b0000000000000000000000000000000000000000000000000000000000000000 
	Parameter P_S_AXI_HIGH_ID bound to: 64'b0000000000000000000000000000000000000000000000000000000000000000 
	Parameter P_AXI4 bound to: 0 - type: integer 
	Parameter P_AXI3 bound to: 1 - type: integer 
	Parameter P_AXILITE bound to: 2 - type: integer 
	Parameter P_AXILITE_SIZE bound to: 3'b010 
	Parameter P_INCR bound to: 2'b01 
	Parameter P_M_AXI_SUPPORTS_WRITE bound to: 5'b11111 
	Parameter P_M_AXI_SUPPORTS_READ bound to: 5'b11111 
	Parameter P_S_AXI_SUPPORTS_WRITE bound to: 1'b1 
	Parameter P_S_AXI_SUPPORTS_READ bound to: 1'b1 
	Parameter C_DEBUG bound to: 1 - type: integer 
	Parameter P_RANGE_CHECK bound to: 1 - type: integer 
	Parameter P_ADDR_DECODE bound to: 1 - type: integer 
	Parameter P_M_AXI_ERR_MODE bound to: 160'b0000000000000000000000000000000000000000000000000000000000000000000000000000000000000000000000000000000000000000000000000000000000000000000000000000000000000000 
	Parameter P_LEN bound to: 8 - type: integer 
	Parameter P_LOCK bound to: 1 - type: integer 
	Parameter P_FAMILY bound to: virtex7 - type: string 
INFO: [Synth 8-6157] synthesizing module 'axi_crossbar_v2_1_20_crossbar_sasd' [/home/valmyrsilva07/virtex7/skarab-virtex7-toolflow/fpgs/ethernet_one_gbe_skarab_control/ethernet_one_gbe_skarab_axi/myproj/myproj.srcs/sources_1/bd/cont_microblaze/ipshared/ace7/hdl/axi_crossbar_v2_1_vl_rfs.v:1240]
	Parameter C_FAMILY bound to: virtex7 - type: string 
	Parameter C_NUM_SLAVE_SLOTS bound to: 1 - type: integer 
	Parameter C_NUM_MASTER_SLOTS bound to: 5 - type: integer 
	Parameter C_NUM_ADDR_RANGES bound to: 1 - type: integer 
	Parameter C_AXI_ID_WIDTH bound to: 1 - type: integer 
	Parameter C_AXI_ADDR_WIDTH bound to: 32 - type: integer 
	Parameter C_AXI_DATA_WIDTH bound to: 32 - type: integer 
	Parameter C_AXI_PROTOCOL bound to: 2 - type: integer 
	Parameter C_M_AXI_BASE_ADDR bound to: 320'b00000000000000000000000000000000010000011100000000000000000000000000000000000000000000000000000010000000000000000000000000000000000000000000000000000000000000000100000110100000000000000000000000000000000000000000000000000000010000000110000000000000000000000000000000000000000000000000000001000001001000000000000000000000 
	Parameter C_M_AXI_HIGH_ADDR bound to: 320'b00000000000000000000000000000000010000011100000011111111111111110000000000000000000000000000000011111111111111111111111111111111000000000000000000000000000000000100000110100000111111111111111100000000000000000000000000000000010000000110000011111111111111110000000000000000000000000000000001000001001000001111111111111111 
	Parameter C_S_AXI_BASE_ID bound to: 64'b0000000000000000000000000000000000000000000000000000000000000000 
	Parameter C_S_AXI_HIGH_ID bound to: 64'b0000000000000000000000000000000000000000000000000000000000000000 
	Parameter C_AXI_SUPPORTS_USER_SIGNALS bound to: 0 - type: integer 
	Parameter C_AXI_AWUSER_WIDTH bound to: 1 - type: integer 
	Parameter C_AXI_ARUSER_WIDTH bound to: 1 - type: integer 
	Parameter C_AXI_WUSER_WIDTH bound to: 1 - type: integer 
	Parameter C_AXI_RUSER_WIDTH bound to: 1 - type: integer 
	Parameter C_AXI_BUSER_WIDTH bound to: 1 - type: integer 
	Parameter C_S_AXI_SUPPORTS_WRITE bound to: 1'b1 
	Parameter C_S_AXI_SUPPORTS_READ bound to: 1'b1 
	Parameter C_M_AXI_SUPPORTS_WRITE bound to: 5'b11111 
	Parameter C_M_AXI_SUPPORTS_READ bound to: 5'b11111 
	Parameter C_S_AXI_ARB_PRIORITY bound to: 0 - type: integer 
	Parameter C_M_AXI_SECURE bound to: 160'b0000000000000000000000000000000000000000000000000000000000000000000000000000000000000000000000000000000000000000000000000000000000000000000000000000000000000000 
	Parameter C_M_AXI_ERR_MODE bound to: 160'b0000000000000000000000000000000000000000000000000000000000000000000000000000000000000000000000000000000000000000000000000000000000000000000000000000000000000000 
	Parameter C_R_REGISTER bound to: 1 - type: integer 
	Parameter C_RANGE_CHECK bound to: 1 - type: integer 
	Parameter C_ADDR_DECODE bound to: 1 - type: integer 
	Parameter C_DEBUG bound to: 1 - type: integer 
	Parameter P_AXI4 bound to: 0 - type: integer 
	Parameter P_AXI3 bound to: 1 - type: integer 
	Parameter P_AXILITE bound to: 2 - type: integer 
	Parameter P_NUM_MASTER_SLOTS_DE bound to: 6 - type: integer 
	Parameter P_NUM_MASTER_SLOTS_LOG bound to: 3 - type: integer 
	Parameter P_NUM_MASTER_SLOTS_DE_LOG bound to: 3 - type: integer 
	Parameter P_NUM_SLAVE_SLOTS_LOG bound to: 1 - type: integer 
	Parameter P_AXI_AUSER_WIDTH bound to: 1 - type: integer 
	Parameter P_AXI_WID_WIDTH bound to: 1 - type: integer 
	Parameter P_AMESG_WIDTH bound to: 64 - type: integer 
	Parameter P_BMESG_WIDTH bound to: 3 - type: integer 
	Parameter P_RMESG_WIDTH bound to: 36 - type: integer 
	Parameter P_WMESG_WIDTH bound to: 39 - type: integer 
	Parameter P_AXILITE_ERRMODE bound to: 1 - type: integer 
	Parameter P_NONSECURE_BIT bound to: 1 - type: integer 
	Parameter P_M_SECURE_MASK bound to: 5'b00000 
	Parameter P_M_AXILITE_MASK bound to: 5'b00000 
	Parameter P_FIXED bound to: 2'b00 
	Parameter P_BYPASS bound to: 0 - type: integer 
	Parameter P_LIGHTWT bound to: 7 - type: integer 
	Parameter P_FULLY_REG bound to: 1 - type: integer 
	Parameter P_R_REG_CONFIG bound to: 1 - type: integer 
	Parameter P_DECERR bound to: 2'b11 
INFO: [Synth 8-6157] synthesizing module 'axi_crossbar_v2_1_20_addr_decoder' [/home/valmyrsilva07/virtex7/skarab-virtex7-toolflow/fpgs/ethernet_one_gbe_skarab_control/ethernet_one_gbe_skarab_axi/myproj/myproj.srcs/sources_1/bd/cont_microblaze/ipshared/ace7/hdl/axi_crossbar_v2_1_vl_rfs.v:794]
	Parameter C_FAMILY bound to: virtex7 - type: string 
	Parameter C_NUM_TARGETS bound to: 5 - type: integer 
	Parameter C_NUM_TARGETS_LOG bound to: 3 - type: integer 
	Parameter C_NUM_RANGES bound to: 1 - type: integer 
	Parameter C_ADDR_WIDTH bound to: 32 - type: integer 
	Parameter C_TARGET_ENC bound to: 1 - type: integer 
	Parameter C_TARGET_HOT bound to: 1 - type: integer 
	Parameter C_REGION_ENC bound to: 1 - type: integer 
	Parameter C_BASE_ADDR bound to: 320'b00000000000000000000000000000000010000011100000000000000000000000000000000000000000000000000000010000000000000000000000000000000000000000000000000000000000000000100000110100000000000000000000000000000000000000000000000000000010000000110000000000000000000000000000000000000000000000000000001000001001000000000000000000000 
	Parameter C_HIGH_ADDR bound to: 320'b00000000000000000000000000000000010000011100000011111111111111110000000000000000000000000000000011111111111111111111111111111111000000000000000000000000000000000100000110100000111111111111111100000000000000000000000000000000010000000110000011111111111111110000000000000000000000000000000001000001001000001111111111111111 
	Parameter C_TARGET_QUAL bound to: 6'b011111 
	Parameter C_RESOLUTION bound to: 2 - type: integer 
	Parameter C_COMPARATOR_THRESHOLD bound to: 6 - type: integer 
INFO: [Synth 8-6157] synthesizing module 'generic_baseblocks_v2_1_0_comparator_static' [/home/valmyrsilva07/virtex7/skarab-virtex7-toolflow/fpgs/ethernet_one_gbe_skarab_control/ethernet_one_gbe_skarab_axi/myproj/myproj.srcs/sources_1/bd/cont_microblaze/ipshared/b752/hdl/generic_baseblocks_v2_1_vl_rfs.v:2133]
	Parameter C_FAMILY bound to: rtl - type: string 
	Parameter C_VALUE bound to: 30'b010000010010000000000000000000 
	Parameter C_DATA_WIDTH bound to: 30 - type: integer 
	Parameter C_BITS_PER_LUT bound to: 6 - type: integer 
	Parameter C_NUM_LUT bound to: 5 - type: integer 
	Parameter C_FIX_DATA_WIDTH bound to: 30 - type: integer 
INFO: [Synth 8-6157] synthesizing module 'generic_baseblocks_v2_1_0_carry_and' [/home/valmyrsilva07/virtex7/skarab-virtex7-toolflow/fpgs/ethernet_one_gbe_skarab_control/ethernet_one_gbe_skarab_axi/myproj/myproj.srcs/sources_1/bd/cont_microblaze/ipshared/b752/hdl/generic_baseblocks_v2_1_vl_rfs.v:62]
	Parameter C_FAMILY bound to: rtl - type: string 
INFO: [Synth 8-6155] done synthesizing module 'generic_baseblocks_v2_1_0_carry_and' (124#1) [/home/valmyrsilva07/virtex7/skarab-virtex7-toolflow/fpgs/ethernet_one_gbe_skarab_control/ethernet_one_gbe_skarab_axi/myproj/myproj.srcs/sources_1/bd/cont_microblaze/ipshared/b752/hdl/generic_baseblocks_v2_1_vl_rfs.v:62]
INFO: [Synth 8-6155] done synthesizing module 'generic_baseblocks_v2_1_0_comparator_static' (125#1) [/home/valmyrsilva07/virtex7/skarab-virtex7-toolflow/fpgs/ethernet_one_gbe_skarab_control/ethernet_one_gbe_skarab_axi/myproj/myproj.srcs/sources_1/bd/cont_microblaze/ipshared/b752/hdl/generic_baseblocks_v2_1_vl_rfs.v:2133]
INFO: [Synth 8-6157] synthesizing module 'generic_baseblocks_v2_1_0_comparator_static__parameterized0' [/home/valmyrsilva07/virtex7/skarab-virtex7-toolflow/fpgs/ethernet_one_gbe_skarab_control/ethernet_one_gbe_skarab_axi/myproj/myproj.srcs/sources_1/bd/cont_microblaze/ipshared/b752/hdl/generic_baseblocks_v2_1_vl_rfs.v:2133]
	Parameter C_FAMILY bound to: rtl - type: string 
	Parameter C_VALUE bound to: 30'b010000000110000000000000000000 
	Parameter C_DATA_WIDTH bound to: 30 - type: integer 
	Parameter C_BITS_PER_LUT bound to: 6 - type: integer 
	Parameter C_NUM_LUT bound to: 5 - type: integer 
	Parameter C_FIX_DATA_WIDTH bound to: 30 - type: integer 
INFO: [Synth 8-6155] done synthesizing module 'generic_baseblocks_v2_1_0_comparator_static__parameterized0' (125#1) [/home/valmyrsilva07/virtex7/skarab-virtex7-toolflow/fpgs/ethernet_one_gbe_skarab_control/ethernet_one_gbe_skarab_axi/myproj/myproj.srcs/sources_1/bd/cont_microblaze/ipshared/b752/hdl/generic_baseblocks_v2_1_vl_rfs.v:2133]
INFO: [Synth 8-6157] synthesizing module 'generic_baseblocks_v2_1_0_comparator_static__parameterized1' [/home/valmyrsilva07/virtex7/skarab-virtex7-toolflow/fpgs/ethernet_one_gbe_skarab_control/ethernet_one_gbe_skarab_axi/myproj/myproj.srcs/sources_1/bd/cont_microblaze/ipshared/b752/hdl/generic_baseblocks_v2_1_vl_rfs.v:2133]
	Parameter C_FAMILY bound to: rtl - type: string 
	Parameter C_VALUE bound to: 30'b010000011010000000000000000000 
	Parameter C_DATA_WIDTH bound to: 30 - type: integer 
	Parameter C_BITS_PER_LUT bound to: 6 - type: integer 
	Parameter C_NUM_LUT bound to: 5 - type: integer 
	Parameter C_FIX_DATA_WIDTH bound to: 30 - type: integer 
INFO: [Synth 8-6155] done synthesizing module 'generic_baseblocks_v2_1_0_comparator_static__parameterized1' (125#1) [/home/valmyrsilva07/virtex7/skarab-virtex7-toolflow/fpgs/ethernet_one_gbe_skarab_control/ethernet_one_gbe_skarab_axi/myproj/myproj.srcs/sources_1/bd/cont_microblaze/ipshared/b752/hdl/generic_baseblocks_v2_1_vl_rfs.v:2133]
INFO: [Synth 8-6157] synthesizing module 'generic_baseblocks_v2_1_0_comparator_static__parameterized2' [/home/valmyrsilva07/virtex7/skarab-virtex7-toolflow/fpgs/ethernet_one_gbe_skarab_control/ethernet_one_gbe_skarab_axi/myproj/myproj.srcs/sources_1/bd/cont_microblaze/ipshared/b752/hdl/generic_baseblocks_v2_1_vl_rfs.v:2133]
	Parameter C_FAMILY bound to: rtl - type: string 
	Parameter C_VALUE bound to: 30'b100000000000000000000000000000 
	Parameter C_DATA_WIDTH bound to: 30 - type: integer 
	Parameter C_BITS_PER_LUT bound to: 6 - type: integer 
	Parameter C_NUM_LUT bound to: 5 - type: integer 
	Parameter C_FIX_DATA_WIDTH bound to: 30 - type: integer 
INFO: [Synth 8-6155] done synthesizing module 'generic_baseblocks_v2_1_0_comparator_static__parameterized2' (125#1) [/home/valmyrsilva07/virtex7/skarab-virtex7-toolflow/fpgs/ethernet_one_gbe_skarab_control/ethernet_one_gbe_skarab_axi/myproj/myproj.srcs/sources_1/bd/cont_microblaze/ipshared/b752/hdl/generic_baseblocks_v2_1_vl_rfs.v:2133]
INFO: [Synth 8-6157] synthesizing module 'generic_baseblocks_v2_1_0_comparator_static__parameterized3' [/home/valmyrsilva07/virtex7/skarab-virtex7-toolflow/fpgs/ethernet_one_gbe_skarab_control/ethernet_one_gbe_skarab_axi/myproj/myproj.srcs/sources_1/bd/cont_microblaze/ipshared/b752/hdl/generic_baseblocks_v2_1_vl_rfs.v:2133]
	Parameter C_FAMILY bound to: rtl - type: string 
	Parameter C_VALUE bound to: 30'b010000011100000000000000000000 
	Parameter C_DATA_WIDTH bound to: 30 - type: integer 
	Parameter C_BITS_PER_LUT bound to: 6 - type: integer 
	Parameter C_NUM_LUT bound to: 5 - type: integer 
	Parameter C_FIX_DATA_WIDTH bound to: 30 - type: integer 
INFO: [Synth 8-6155] done synthesizing module 'generic_baseblocks_v2_1_0_comparator_static__parameterized3' (125#1) [/home/valmyrsilva07/virtex7/skarab-virtex7-toolflow/fpgs/ethernet_one_gbe_skarab_control/ethernet_one_gbe_skarab_axi/myproj/myproj.srcs/sources_1/bd/cont_microblaze/ipshared/b752/hdl/generic_baseblocks_v2_1_vl_rfs.v:2133]
INFO: [Synth 8-6155] done synthesizing module 'axi_crossbar_v2_1_20_addr_decoder' (126#1) [/home/valmyrsilva07/virtex7/skarab-virtex7-toolflow/fpgs/ethernet_one_gbe_skarab_control/ethernet_one_gbe_skarab_axi/myproj/myproj.srcs/sources_1/bd/cont_microblaze/ipshared/ace7/hdl/axi_crossbar_v2_1_vl_rfs.v:794]
INFO: [Synth 8-6157] synthesizing module 'axi_crossbar_v2_1_20_decerr_slave' [/home/valmyrsilva07/virtex7/skarab-virtex7-toolflow/fpgs/ethernet_one_gbe_skarab_control/ethernet_one_gbe_skarab_axi/myproj/myproj.srcs/sources_1/bd/cont_microblaze/ipshared/ace7/hdl/axi_crossbar_v2_1_vl_rfs.v:3501]
	Parameter C_AXI_ID_WIDTH bound to: 1 - type: integer 
	Parameter C_AXI_DATA_WIDTH bound to: 32 - type: integer 
	Parameter C_AXI_BUSER_WIDTH bound to: 1 - type: integer 
	Parameter C_AXI_RUSER_WIDTH bound to: 1 - type: integer 
	Parameter C_AXI_PROTOCOL bound to: 2 - type: integer 
	Parameter C_RESP bound to: 3 - type: integer 
	Parameter P_WRITE_IDLE bound to: 2'b00 
	Parameter P_WRITE_DATA bound to: 2'b01 
	Parameter P_WRITE_RESP bound to: 2'b10 
	Parameter P_READ_IDLE bound to: 1'b0 
	Parameter P_READ_DATA bound to: 1'b1 
	Parameter P_AXI4 bound to: 0 - type: integer 
	Parameter P_AXI3 bound to: 1 - type: integer 
	Parameter P_AXILITE bound to: 2 - type: integer 
INFO: [Synth 8-6155] done synthesizing module 'axi_crossbar_v2_1_20_decerr_slave' (127#1) [/home/valmyrsilva07/virtex7/skarab-virtex7-toolflow/fpgs/ethernet_one_gbe_skarab_control/ethernet_one_gbe_skarab_axi/myproj/myproj.srcs/sources_1/bd/cont_microblaze/ipshared/ace7/hdl/axi_crossbar_v2_1_vl_rfs.v:3501]
INFO: [Synth 8-6157] synthesizing module 'axi_crossbar_v2_1_20_addr_arbiter_sasd' [/home/valmyrsilva07/virtex7/skarab-virtex7-toolflow/fpgs/ethernet_one_gbe_skarab_control/ethernet_one_gbe_skarab_axi/myproj/myproj.srcs/sources_1/bd/cont_microblaze/ipshared/ace7/hdl/axi_crossbar_v2_1_vl_rfs.v:65]
	Parameter C_FAMILY bound to: virtex7 - type: string 
	Parameter C_NUM_S bound to: 1 - type: integer 
	Parameter C_NUM_S_LOG bound to: 1 - type: integer 
	Parameter C_AMESG_WIDTH bound to: 64 - type: integer 
	Parameter C_GRANT_ENC bound to: 1 - type: integer 
	Parameter C_ARB_PRIORITY bound to: 0 - type: integer 
	Parameter P_PRIO_MASK bound to: 1'b0 
INFO: [Synth 8-6155] done synthesizing module 'axi_crossbar_v2_1_20_addr_arbiter_sasd' (128#1) [/home/valmyrsilva07/virtex7/skarab-virtex7-toolflow/fpgs/ethernet_one_gbe_skarab_control/ethernet_one_gbe_skarab_axi/myproj/myproj.srcs/sources_1/bd/cont_microblaze/ipshared/ace7/hdl/axi_crossbar_v2_1_vl_rfs.v:65]
INFO: [Synth 8-6157] synthesizing module 'axi_crossbar_v2_1_20_splitter' [/home/valmyrsilva07/virtex7/skarab-virtex7-toolflow/fpgs/ethernet_one_gbe_skarab_control/ethernet_one_gbe_skarab_axi/myproj/myproj.srcs/sources_1/bd/cont_microblaze/ipshared/ace7/hdl/axi_crossbar_v2_1_vl_rfs.v:4461]
	Parameter C_NUM_M bound to: 3 - type: integer 
INFO: [Synth 8-6155] done synthesizing module 'axi_crossbar_v2_1_20_splitter' (129#1) [/home/valmyrsilva07/virtex7/skarab-virtex7-toolflow/fpgs/ethernet_one_gbe_skarab_control/ethernet_one_gbe_skarab_axi/myproj/myproj.srcs/sources_1/bd/cont_microblaze/ipshared/ace7/hdl/axi_crossbar_v2_1_vl_rfs.v:4461]
INFO: [Synth 8-6157] synthesizing module 'axi_crossbar_v2_1_20_splitter__parameterized0' [/home/valmyrsilva07/virtex7/skarab-virtex7-toolflow/fpgs/ethernet_one_gbe_skarab_control/ethernet_one_gbe_skarab_axi/myproj/myproj.srcs/sources_1/bd/cont_microblaze/ipshared/ace7/hdl/axi_crossbar_v2_1_vl_rfs.v:4461]
	Parameter C_NUM_M bound to: 2 - type: integer 
INFO: [Synth 8-6155] done synthesizing module 'axi_crossbar_v2_1_20_splitter__parameterized0' (129#1) [/home/valmyrsilva07/virtex7/skarab-virtex7-toolflow/fpgs/ethernet_one_gbe_skarab_control/ethernet_one_gbe_skarab_axi/myproj/myproj.srcs/sources_1/bd/cont_microblaze/ipshared/ace7/hdl/axi_crossbar_v2_1_vl_rfs.v:4461]
INFO: [Synth 8-6157] synthesizing module 'generic_baseblocks_v2_1_0_mux_enc' [/home/valmyrsilva07/virtex7/skarab-virtex7-toolflow/fpgs/ethernet_one_gbe_skarab_control/ethernet_one_gbe_skarab_axi/myproj/myproj.srcs/sources_1/bd/cont_microblaze/ipshared/b752/hdl/generic_baseblocks_v2_1_vl_rfs.v:2452]
	Parameter C_FAMILY bound to: rtl - type: string 
	Parameter C_RATIO bound to: 6 - type: integer 
	Parameter C_SEL_WIDTH bound to: 3 - type: integer 
	Parameter C_DATA_WIDTH bound to: 1 - type: integer 
INFO: [Synth 8-6155] done synthesizing module 'generic_baseblocks_v2_1_0_mux_enc' (130#1) [/home/valmyrsilva07/virtex7/skarab-virtex7-toolflow/fpgs/ethernet_one_gbe_skarab_control/ethernet_one_gbe_skarab_axi/myproj/myproj.srcs/sources_1/bd/cont_microblaze/ipshared/b752/hdl/generic_baseblocks_v2_1_vl_rfs.v:2452]
INFO: [Synth 8-6157] synthesizing module 'generic_baseblocks_v2_1_0_mux_enc__parameterized0' [/home/valmyrsilva07/virtex7/skarab-virtex7-toolflow/fpgs/ethernet_one_gbe_skarab_control/ethernet_one_gbe_skarab_axi/myproj/myproj.srcs/sources_1/bd/cont_microblaze/ipshared/b752/hdl/generic_baseblocks_v2_1_vl_rfs.v:2452]
	Parameter C_FAMILY bound to: rtl - type: string 
	Parameter C_RATIO bound to: 1 - type: integer 
	Parameter C_SEL_WIDTH bound to: 1 - type: integer 
	Parameter C_DATA_WIDTH bound to: 1 - type: integer 
INFO: [Synth 8-6155] done synthesizing module 'generic_baseblocks_v2_1_0_mux_enc__parameterized0' (130#1) [/home/valmyrsilva07/virtex7/skarab-virtex7-toolflow/fpgs/ethernet_one_gbe_skarab_control/ethernet_one_gbe_skarab_axi/myproj/myproj.srcs/sources_1/bd/cont_microblaze/ipshared/b752/hdl/generic_baseblocks_v2_1_vl_rfs.v:2452]
INFO: [Synth 8-6157] synthesizing module 'generic_baseblocks_v2_1_0_mux_enc__parameterized1' [/home/valmyrsilva07/virtex7/skarab-virtex7-toolflow/fpgs/ethernet_one_gbe_skarab_control/ethernet_one_gbe_skarab_axi/myproj/myproj.srcs/sources_1/bd/cont_microblaze/ipshared/b752/hdl/generic_baseblocks_v2_1_vl_rfs.v:2452]
	Parameter C_FAMILY bound to: rtl - type: string 
	Parameter C_RATIO bound to: 6 - type: integer 
	Parameter C_SEL_WIDTH bound to: 3 - type: integer 
	Parameter C_DATA_WIDTH bound to: 36 - type: integer 
INFO: [Synth 8-6155] done synthesizing module 'generic_baseblocks_v2_1_0_mux_enc__parameterized1' (130#1) [/home/valmyrsilva07/virtex7/skarab-virtex7-toolflow/fpgs/ethernet_one_gbe_skarab_control/ethernet_one_gbe_skarab_axi/myproj/myproj.srcs/sources_1/bd/cont_microblaze/ipshared/b752/hdl/generic_baseblocks_v2_1_vl_rfs.v:2452]
INFO: [Synth 8-6157] synthesizing module 'axi_register_slice_v2_1_19_axic_register_slice' [/home/valmyrsilva07/virtex7/skarab-virtex7-toolflow/fpgs/ethernet_one_gbe_skarab_control/ethernet_one_gbe_skarab_axi/myproj/myproj.srcs/sources_1/bd/cont_microblaze/ipshared/4d88/hdl/axi_register_slice_v2_1_vl_rfs.v:488]
	Parameter C_FAMILY bound to: virtex7 - type: string 
	Parameter C_DATA_WIDTH bound to: 36 - type: integer 
	Parameter C_REG_CONFIG bound to: 1 - type: integer 
INFO: [Synth 8-6155] done synthesizing module 'axi_register_slice_v2_1_19_axic_register_slice' (131#1) [/home/valmyrsilva07/virtex7/skarab-virtex7-toolflow/fpgs/ethernet_one_gbe_skarab_control/ethernet_one_gbe_skarab_axi/myproj/myproj.srcs/sources_1/bd/cont_microblaze/ipshared/4d88/hdl/axi_register_slice_v2_1_vl_rfs.v:488]
INFO: [Synth 8-6157] synthesizing module 'generic_baseblocks_v2_1_0_mux_enc__parameterized2' [/home/valmyrsilva07/virtex7/skarab-virtex7-toolflow/fpgs/ethernet_one_gbe_skarab_control/ethernet_one_gbe_skarab_axi/myproj/myproj.srcs/sources_1/bd/cont_microblaze/ipshared/b752/hdl/generic_baseblocks_v2_1_vl_rfs.v:2452]
	Parameter C_FAMILY bound to: rtl - type: string 
	Parameter C_RATIO bound to: 6 - type: integer 
	Parameter C_SEL_WIDTH bound to: 3 - type: integer 
	Parameter C_DATA_WIDTH bound to: 3 - type: integer 
INFO: [Synth 8-6155] done synthesizing module 'generic_baseblocks_v2_1_0_mux_enc__parameterized2' (131#1) [/home/valmyrsilva07/virtex7/skarab-virtex7-toolflow/fpgs/ethernet_one_gbe_skarab_control/ethernet_one_gbe_skarab_axi/myproj/myproj.srcs/sources_1/bd/cont_microblaze/ipshared/b752/hdl/generic_baseblocks_v2_1_vl_rfs.v:2452]
WARNING: [Synth 8-6014] Unused sequential element gen_debug_trans_seq.debug_aw_trans_seq_i_reg was removed.  [/home/valmyrsilva07/virtex7/skarab-virtex7-toolflow/fpgs/ethernet_one_gbe_skarab_control/ethernet_one_gbe_skarab_axi/myproj/myproj.srcs/sources_1/bd/cont_microblaze/ipshared/ace7/hdl/axi_crossbar_v2_1_vl_rfs.v:2056]
WARNING: [Synth 8-6014] Unused sequential element gen_debug_trans_seq.debug_ar_trans_seq_i_reg was removed.  [/home/valmyrsilva07/virtex7/skarab-virtex7-toolflow/fpgs/ethernet_one_gbe_skarab_control/ethernet_one_gbe_skarab_axi/myproj/myproj.srcs/sources_1/bd/cont_microblaze/ipshared/ace7/hdl/axi_crossbar_v2_1_vl_rfs.v:2067]
WARNING: [Synth 8-6014] Unused sequential element gen_debug_trans_seq.debug_w_beat_cnt_i_reg was removed.  [/home/valmyrsilva07/virtex7/skarab-virtex7-toolflow/fpgs/ethernet_one_gbe_skarab_control/ethernet_one_gbe_skarab_axi/myproj/myproj.srcs/sources_1/bd/cont_microblaze/ipshared/ace7/hdl/axi_crossbar_v2_1_vl_rfs.v:2078]
WARNING: [Synth 8-6014] Unused sequential element gen_debug_trans_seq.debug_r_beat_cnt_i_reg was removed.  [/home/valmyrsilva07/virtex7/skarab-virtex7-toolflow/fpgs/ethernet_one_gbe_skarab_control/ethernet_one_gbe_skarab_axi/myproj/myproj.srcs/sources_1/bd/cont_microblaze/ipshared/ace7/hdl/axi_crossbar_v2_1_vl_rfs.v:2091]
INFO: [Synth 8-6155] done synthesizing module 'axi_crossbar_v2_1_20_crossbar_sasd' (132#1) [/home/valmyrsilva07/virtex7/skarab-virtex7-toolflow/fpgs/ethernet_one_gbe_skarab_control/ethernet_one_gbe_skarab_axi/myproj/myproj.srcs/sources_1/bd/cont_microblaze/ipshared/ace7/hdl/axi_crossbar_v2_1_vl_rfs.v:1240]
INFO: [Synth 8-6155] done synthesizing module 'axi_crossbar_v2_1_20_axi_crossbar' (133#1) [/home/valmyrsilva07/virtex7/skarab-virtex7-toolflow/fpgs/ethernet_one_gbe_skarab_control/ethernet_one_gbe_skarab_axi/myproj/myproj.srcs/sources_1/bd/cont_microblaze/ipshared/ace7/hdl/axi_crossbar_v2_1_vl_rfs.v:4884]
INFO: [Synth 8-6155] done synthesizing module 'cont_microblaze_xbar_0' (134#1) [/home/valmyrsilva07/virtex7/skarab-virtex7-toolflow/fpgs/ethernet_one_gbe_skarab_control/ethernet_one_gbe_skarab_axi/myproj/myproj.srcs/sources_1/bd/cont_microblaze/ip/cont_microblaze_xbar_0/synth/cont_microblaze_xbar_0.v:59]
INFO: [Synth 8-256] done synthesizing module 'cont_microblaze_microblaze_0_axi_periph_0' (135#1) [/home/valmyrsilva07/virtex7/skarab-virtex7-toolflow/fpgs/ethernet_one_gbe_skarab_control/ethernet_one_gbe_skarab_axi/myproj/myproj.srcs/sources_1/bd/cont_microblaze/synth/cont_microblaze.vhd:1523]
INFO: [Synth 8-638] synthesizing module 'microblaze_0_local_memory_imp_18JXXNV' [/home/valmyrsilva07/virtex7/skarab-virtex7-toolflow/fpgs/ethernet_one_gbe_skarab_control/ethernet_one_gbe_skarab_axi/myproj/myproj.srcs/sources_1/bd/cont_microblaze/synth/cont_microblaze.vhd:745]
INFO: [Synth 8-638] synthesizing module 'cont_microblaze_dlmb_bram_if_cntlr_0' [/home/valmyrsilva07/virtex7/skarab-virtex7-toolflow/fpgs/ethernet_one_gbe_skarab_control/ethernet_one_gbe_skarab_axi/myproj/myproj.srcs/sources_1/bd/cont_microblaze/ip/cont_microblaze_dlmb_bram_if_cntlr_0/synth/cont_microblaze_dlmb_bram_if_cntlr_0.vhd:84]
	Parameter C_FAMILY bound to: virtex7 - type: string 
	Parameter C_HIGHADDR bound to: 64'b0000000000000000000000000000000000000000000000111111111111111111 
	Parameter C_BASEADDR bound to: 64'b0000000000000000000000000000000000000000000000000000000000000000 
	Parameter C_NUM_LMB bound to: 1 - type: integer 
	Parameter C_MASK bound to: 64'b0000000000000000000000000000000011000000000000000000000000000000 
	Parameter C_MASK1 bound to: 64'b0000000000000000000000000000000000000000100000000000000000000000 
	Parameter C_MASK2 bound to: 64'b0000000000000000000000000000000000000000100000000000000000000000 
	Parameter C_MASK3 bound to: 64'b0000000000000000000000000000000000000000100000000000000000000000 
	Parameter C_LMB_AWIDTH bound to: 32 - type: integer 
	Parameter C_LMB_DWIDTH bound to: 32 - type: integer 
	Parameter C_ECC bound to: 0 - type: integer 
	Parameter C_INTERCONNECT bound to: 0 - type: integer 
	Parameter C_FAULT_INJECT bound to: 0 - type: integer 
	Parameter C_CE_FAILING_REGISTERS bound to: 0 - type: integer 
	Parameter C_UE_FAILING_REGISTERS bound to: 0 - type: integer 
	Parameter C_ECC_STATUS_REGISTERS bound to: 0 - type: integer 
	Parameter C_ECC_ONOFF_REGISTER bound to: 0 - type: integer 
	Parameter C_ECC_ONOFF_RESET_VALUE bound to: 1 - type: integer 
	Parameter C_CE_COUNTER_WIDTH bound to: 0 - type: integer 
	Parameter C_WRITE_ACCESS bound to: 2 - type: integer 
	Parameter C_BRAM_AWIDTH bound to: 32 - type: integer 
	Parameter C_S_AXI_CTRL_ADDR_WIDTH bound to: 32 - type: integer 
	Parameter C_S_AXI_CTRL_DATA_WIDTH bound to: 32 - type: integer 
INFO: [Synth 8-638] synthesizing module 'lmb_bram_if_cntlr' [/home/valmyrsilva07/virtex7/skarab-virtex7-toolflow/fpgs/ethernet_one_gbe_skarab_control/ethernet_one_gbe_skarab_axi/myproj/myproj.srcs/sources_1/bd/cont_microblaze/ipshared/6335/hdl/lmb_bram_if_cntlr_v4_0_vh_rfs.vhd:3243]
	Parameter C_FAMILY bound to: virtex7 - type: string 
	Parameter C_HIGHADDR bound to: 64'b0000000000000000000000000000000000000000000000111111111111111111 
	Parameter C_BASEADDR bound to: 64'b0000000000000000000000000000000000000000000000000000000000000000 
	Parameter C_MASK bound to: 64'b0000000000000000000000000000000011000000000000000000000000000000 
	Parameter C_MASK1 bound to: 64'b0000000000000000000000000000000000000000100000000000000000000000 
	Parameter C_MASK2 bound to: 64'b0000000000000000000000000000000000000000100000000000000000000000 
	Parameter C_MASK3 bound to: 64'b0000000000000000000000000000000000000000100000000000000000000000 
	Parameter C_LMB_AWIDTH bound to: 32 - type: integer 
	Parameter C_LMB_DWIDTH bound to: 32 - type: integer 
	Parameter C_ECC bound to: 0 - type: integer 
	Parameter C_INTERCONNECT bound to: 0 - type: integer 
	Parameter C_FAULT_INJECT bound to: 0 - type: integer 
	Parameter C_CE_FAILING_REGISTERS bound to: 0 - type: integer 
	Parameter C_UE_FAILING_REGISTERS bound to: 0 - type: integer 
	Parameter C_ECC_STATUS_REGISTERS bound to: 0 - type: integer 
	Parameter C_ECC_ONOFF_REGISTER bound to: 0 - type: integer 
	Parameter C_ECC_ONOFF_RESET_VALUE bound to: 1 - type: integer 
	Parameter C_CE_COUNTER_WIDTH bound to: 0 - type: integer 
	Parameter C_WRITE_ACCESS bound to: 2 - type: integer 
	Parameter C_NUM_LMB bound to: 1 - type: integer 
	Parameter C_BRAM_AWIDTH bound to: 32 - type: integer 
	Parameter C_S_AXI_CTRL_BASEADDR bound to: 32'b11111111111111111111111111111111 
	Parameter C_S_AXI_CTRL_HIGHADDR bound to: 32'b00000000000000000000000000000000 
	Parameter C_S_AXI_CTRL_ADDR_WIDTH bound to: 32 - type: integer 
	Parameter C_S_AXI_CTRL_DATA_WIDTH bound to: 32 - type: integer 
	Parameter C_TARGET bound to: 0 - type: integer 
	Parameter C_BASEADDR bound to: 64'b0000000000000000000000000000000000000000000000000000000000000000 
	Parameter C_MASK bound to: 64'b0000000000000000000000000000000011000000000000000000000000000000 
	Parameter C_MASK1 bound to: 64'b0000000000000000000000000000000000000000100000000000000000000000 
	Parameter C_MASK2 bound to: 64'b0000000000000000000000000000000000000000100000000000000000000000 
	Parameter C_MASK3 bound to: 64'b0000000000000000000000000000000000000000100000000000000000000000 
	Parameter C_LMB_AWIDTH bound to: 32 - type: integer 
	Parameter C_LMB_DWIDTH bound to: 32 - type: integer 
	Parameter C_ECC bound to: 0 - type: integer 
	Parameter C_NUM_LMB bound to: 1 - type: integer 
INFO: [Synth 8-638] synthesizing module 'lmb_mux' [/home/valmyrsilva07/virtex7/skarab-virtex7-toolflow/fpgs/ethernet_one_gbe_skarab_control/ethernet_one_gbe_skarab_axi/myproj/myproj.srcs/sources_1/bd/cont_microblaze/ipshared/6335/hdl/lmb_bram_if_cntlr_v4_0_vh_rfs.vhd:2613]
	Parameter C_TARGET bound to: 0 - type: integer 
	Parameter C_BASEADDR bound to: 64'b0000000000000000000000000000000000000000000000000000000000000000 
	Parameter C_MASK bound to: 64'b0000000000000000000000000000000011000000000000000000000000000000 
	Parameter C_MASK1 bound to: 64'b0000000000000000000000000000000000000000100000000000000000000000 
	Parameter C_MASK2 bound to: 64'b0000000000000000000000000000000000000000100000000000000000000000 
	Parameter C_MASK3 bound to: 64'b0000000000000000000000000000000000000000100000000000000000000000 
	Parameter C_LMB_AWIDTH bound to: 32 - type: integer 
	Parameter C_LMB_DWIDTH bound to: 32 - type: integer 
	Parameter C_ECC bound to: 0 - type: integer 
	Parameter C_NUM_LMB bound to: 1 - type: integer 
	Parameter C_AW bound to: 32 - type: integer 
	Parameter C_BAR bound to: 64'b0000000000000000000000000000000000000000000000000000000000000000 
	Parameter C_MASK bound to: 64'b0000000000000000000000000000000011000000000000000000000000000000 
INFO: [Synth 8-638] synthesizing module 'pselect_mask' [/home/valmyrsilva07/virtex7/skarab-virtex7-toolflow/fpgs/ethernet_one_gbe_skarab_control/ethernet_one_gbe_skarab_axi/myproj/myproj.srcs/sources_1/bd/cont_microblaze/ipshared/6335/hdl/lmb_bram_if_cntlr_v4_0_vh_rfs.vhd:2125]
	Parameter C_AW bound to: 32 - type: integer 
	Parameter C_BAR bound to: 64'b0000000000000000000000000000000000000000000000000000000000000000 
	Parameter C_MASK bound to: 64'b0000000000000000000000000000000011000000000000000000000000000000 
INFO: [Synth 8-256] done synthesizing module 'pselect_mask' (136#1) [/home/valmyrsilva07/virtex7/skarab-virtex7-toolflow/fpgs/ethernet_one_gbe_skarab_control/ethernet_one_gbe_skarab_axi/myproj/myproj.srcs/sources_1/bd/cont_microblaze/ipshared/6335/hdl/lmb_bram_if_cntlr_v4_0_vh_rfs.vhd:2125]
INFO: [Synth 8-256] done synthesizing module 'lmb_mux' (137#1) [/home/valmyrsilva07/virtex7/skarab-virtex7-toolflow/fpgs/ethernet_one_gbe_skarab_control/ethernet_one_gbe_skarab_axi/myproj/myproj.srcs/sources_1/bd/cont_microblaze/ipshared/6335/hdl/lmb_bram_if_cntlr_v4_0_vh_rfs.vhd:2613]
INFO: [Synth 8-256] done synthesizing module 'lmb_bram_if_cntlr' (138#1) [/home/valmyrsilva07/virtex7/skarab-virtex7-toolflow/fpgs/ethernet_one_gbe_skarab_control/ethernet_one_gbe_skarab_axi/myproj/myproj.srcs/sources_1/bd/cont_microblaze/ipshared/6335/hdl/lmb_bram_if_cntlr_v4_0_vh_rfs.vhd:3243]
INFO: [Synth 8-256] done synthesizing module 'cont_microblaze_dlmb_bram_if_cntlr_0' (139#1) [/home/valmyrsilva07/virtex7/skarab-virtex7-toolflow/fpgs/ethernet_one_gbe_skarab_control/ethernet_one_gbe_skarab_axi/myproj/myproj.srcs/sources_1/bd/cont_microblaze/ip/cont_microblaze_dlmb_bram_if_cntlr_0/synth/cont_microblaze_dlmb_bram_if_cntlr_0.vhd:84]
INFO: [Synth 8-638] synthesizing module 'cont_microblaze_dlmb_v10_0' [/home/valmyrsilva07/virtex7/skarab-virtex7-toolflow/fpgs/ethernet_one_gbe_skarab_control/ethernet_one_gbe_skarab_axi/myproj/myproj.srcs/sources_1/bd/cont_microblaze/ip/cont_microblaze_dlmb_v10_0/synth/cont_microblaze_dlmb_v10_0.vhd:89]
	Parameter C_LMB_NUM_SLAVES bound to: 1 - type: integer 
	Parameter C_LMB_DWIDTH bound to: 32 - type: integer 
	Parameter C_LMB_AWIDTH bound to: 32 - type: integer 
	Parameter C_EXT_RESET_HIGH bound to: 1 - type: integer 
INFO: [Synth 8-638] synthesizing module 'lmb_v10' [/home/valmyrsilva07/virtex7/skarab-virtex7-toolflow/fpgs/ethernet_one_gbe_skarab_control/ethernet_one_gbe_skarab_axi/myproj/myproj.srcs/sources_1/bd/cont_microblaze/ipshared/78eb/hdl/lmb_v10_v3_0_vh_rfs.vhd:140]
	Parameter C_LMB_NUM_SLAVES bound to: 1 - type: integer 
	Parameter C_LMB_DWIDTH bound to: 32 - type: integer 
	Parameter C_LMB_AWIDTH bound to: 32 - type: integer 
	Parameter C_EXT_RESET_HIGH bound to: 1 - type: integer 
INFO: [Synth 8-6157] synthesizing module 'FDS' [/tools/Xilinx/Vivado/2019.1/scripts/rt/data/unisim_comp.v:13787]
	Parameter INIT bound to: 1'b1 
INFO: [Synth 8-6155] done synthesizing module 'FDS' (140#1) [/tools/Xilinx/Vivado/2019.1/scripts/rt/data/unisim_comp.v:13787]
INFO: [Synth 8-256] done synthesizing module 'lmb_v10' (141#1) [/home/valmyrsilva07/virtex7/skarab-virtex7-toolflow/fpgs/ethernet_one_gbe_skarab_control/ethernet_one_gbe_skarab_axi/myproj/myproj.srcs/sources_1/bd/cont_microblaze/ipshared/78eb/hdl/lmb_v10_v3_0_vh_rfs.vhd:140]
INFO: [Synth 8-256] done synthesizing module 'cont_microblaze_dlmb_v10_0' (142#1) [/home/valmyrsilva07/virtex7/skarab-virtex7-toolflow/fpgs/ethernet_one_gbe_skarab_control/ethernet_one_gbe_skarab_axi/myproj/myproj.srcs/sources_1/bd/cont_microblaze/ip/cont_microblaze_dlmb_v10_0/synth/cont_microblaze_dlmb_v10_0.vhd:89]
INFO: [Synth 8-638] synthesizing module 'cont_microblaze_ilmb_bram_if_cntlr_0' [/home/valmyrsilva07/virtex7/skarab-virtex7-toolflow/fpgs/ethernet_one_gbe_skarab_control/ethernet_one_gbe_skarab_axi/myproj/myproj.srcs/sources_1/bd/cont_microblaze/ip/cont_microblaze_ilmb_bram_if_cntlr_0/synth/cont_microblaze_ilmb_bram_if_cntlr_0.vhd:84]
	Parameter C_FAMILY bound to: virtex7 - type: string 
	Parameter C_HIGHADDR bound to: 64'b0000000000000000000000000000000000000000000000111111111111111111 
	Parameter C_BASEADDR bound to: 64'b0000000000000000000000000000000000000000000000000000000000000000 
	Parameter C_NUM_LMB bound to: 1 - type: integer 
	Parameter C_MASK bound to: 64'b0000000000000000000000000000000000000000000000000000000000000000 
	Parameter C_MASK1 bound to: 64'b0000000000000000000000000000000000000000100000000000000000000000 
	Parameter C_MASK2 bound to: 64'b0000000000000000000000000000000000000000100000000000000000000000 
	Parameter C_MASK3 bound to: 64'b0000000000000000000000000000000000000000100000000000000000000000 
	Parameter C_LMB_AWIDTH bound to: 32 - type: integer 
	Parameter C_LMB_DWIDTH bound to: 32 - type: integer 
	Parameter C_ECC bound to: 0 - type: integer 
	Parameter C_INTERCONNECT bound to: 0 - type: integer 
	Parameter C_FAULT_INJECT bound to: 0 - type: integer 
	Parameter C_CE_FAILING_REGISTERS bound to: 0 - type: integer 
	Parameter C_UE_FAILING_REGISTERS bound to: 0 - type: integer 
	Parameter C_ECC_STATUS_REGISTERS bound to: 0 - type: integer 
	Parameter C_ECC_ONOFF_REGISTER bound to: 0 - type: integer 
	Parameter C_ECC_ONOFF_RESET_VALUE bound to: 1 - type: integer 
	Parameter C_CE_COUNTER_WIDTH bound to: 0 - type: integer 
	Parameter C_WRITE_ACCESS bound to: 2 - type: integer 
	Parameter C_BRAM_AWIDTH bound to: 32 - type: integer 
	Parameter C_S_AXI_CTRL_ADDR_WIDTH bound to: 32 - type: integer 
	Parameter C_S_AXI_CTRL_DATA_WIDTH bound to: 32 - type: integer 
INFO: [Synth 8-638] synthesizing module 'lmb_bram_if_cntlr__parameterized1' [/home/valmyrsilva07/virtex7/skarab-virtex7-toolflow/fpgs/ethernet_one_gbe_skarab_control/ethernet_one_gbe_skarab_axi/myproj/myproj.srcs/sources_1/bd/cont_microblaze/ipshared/6335/hdl/lmb_bram_if_cntlr_v4_0_vh_rfs.vhd:3243]
	Parameter C_FAMILY bound to: virtex7 - type: string 
	Parameter C_HIGHADDR bound to: 64'b0000000000000000000000000000000000000000000000111111111111111111 
	Parameter C_BASEADDR bound to: 64'b0000000000000000000000000000000000000000000000000000000000000000 
	Parameter C_MASK bound to: 64'b0000000000000000000000000000000000000000000000000000000000000000 
	Parameter C_MASK1 bound to: 64'b0000000000000000000000000000000000000000100000000000000000000000 
	Parameter C_MASK2 bound to: 64'b0000000000000000000000000000000000000000100000000000000000000000 
	Parameter C_MASK3 bound to: 64'b0000000000000000000000000000000000000000100000000000000000000000 
	Parameter C_LMB_AWIDTH bound to: 32 - type: integer 
	Parameter C_LMB_DWIDTH bound to: 32 - type: integer 
	Parameter C_ECC bound to: 0 - type: integer 
	Parameter C_INTERCONNECT bound to: 0 - type: integer 
	Parameter C_FAULT_INJECT bound to: 0 - type: integer 
	Parameter C_CE_FAILING_REGISTERS bound to: 0 - type: integer 
	Parameter C_UE_FAILING_REGISTERS bound to: 0 - type: integer 
	Parameter C_ECC_STATUS_REGISTERS bound to: 0 - type: integer 
	Parameter C_ECC_ONOFF_REGISTER bound to: 0 - type: integer 
	Parameter C_ECC_ONOFF_RESET_VALUE bound to: 1 - type: integer 
	Parameter C_CE_COUNTER_WIDTH bound to: 0 - type: integer 
	Parameter C_WRITE_ACCESS bound to: 2 - type: integer 
	Parameter C_NUM_LMB bound to: 1 - type: integer 
	Parameter C_BRAM_AWIDTH bound to: 32 - type: integer 
	Parameter C_S_AXI_CTRL_BASEADDR bound to: 32'b11111111111111111111111111111111 
	Parameter C_S_AXI_CTRL_HIGHADDR bound to: 32'b00000000000000000000000000000000 
	Parameter C_S_AXI_CTRL_ADDR_WIDTH bound to: 32 - type: integer 
	Parameter C_S_AXI_CTRL_DATA_WIDTH bound to: 32 - type: integer 
	Parameter C_TARGET bound to: 0 - type: integer 
	Parameter C_BASEADDR bound to: 64'b0000000000000000000000000000000000000000000000000000000000000000 
	Parameter C_MASK bound to: 64'b0000000000000000000000000000000000000000000000000000000000000000 
	Parameter C_MASK1 bound to: 64'b0000000000000000000000000000000000000000100000000000000000000000 
	Parameter C_MASK2 bound to: 64'b0000000000000000000000000000000000000000100000000000000000000000 
	Parameter C_MASK3 bound to: 64'b0000000000000000000000000000000000000000100000000000000000000000 
	Parameter C_LMB_AWIDTH bound to: 32 - type: integer 
	Parameter C_LMB_DWIDTH bound to: 32 - type: integer 
	Parameter C_ECC bound to: 0 - type: integer 
	Parameter C_NUM_LMB bound to: 1 - type: integer 
INFO: [Synth 8-638] synthesizing module 'lmb_mux__parameterized1' [/home/valmyrsilva07/virtex7/skarab-virtex7-toolflow/fpgs/ethernet_one_gbe_skarab_control/ethernet_one_gbe_skarab_axi/myproj/myproj.srcs/sources_1/bd/cont_microblaze/ipshared/6335/hdl/lmb_bram_if_cntlr_v4_0_vh_rfs.vhd:2613]
	Parameter C_TARGET bound to: 0 - type: integer 
	Parameter C_BASEADDR bound to: 64'b0000000000000000000000000000000000000000000000000000000000000000 
	Parameter C_MASK bound to: 64'b0000000000000000000000000000000000000000000000000000000000000000 
	Parameter C_MASK1 bound to: 64'b0000000000000000000000000000000000000000100000000000000000000000 
	Parameter C_MASK2 bound to: 64'b0000000000000000000000000000000000000000100000000000000000000000 
	Parameter C_MASK3 bound to: 64'b0000000000000000000000000000000000000000100000000000000000000000 
	Parameter C_LMB_AWIDTH bound to: 32 - type: integer 
	Parameter C_LMB_DWIDTH bound to: 32 - type: integer 
	Parameter C_ECC bound to: 0 - type: integer 
	Parameter C_NUM_LMB bound to: 1 - type: integer 
	Parameter C_AW bound to: 32 - type: integer 
	Parameter C_BAR bound to: 64'b0000000000000000000000000000000000000000000000000000000000000000 
	Parameter C_MASK bound to: 64'b0000000000000000000000000000000000000000000000000000000000000000 
INFO: [Synth 8-638] synthesizing module 'pselect_mask__parameterized1' [/home/valmyrsilva07/virtex7/skarab-virtex7-toolflow/fpgs/ethernet_one_gbe_skarab_control/ethernet_one_gbe_skarab_axi/myproj/myproj.srcs/sources_1/bd/cont_microblaze/ipshared/6335/hdl/lmb_bram_if_cntlr_v4_0_vh_rfs.vhd:2125]
	Parameter C_AW bound to: 32 - type: integer 
	Parameter C_BAR bound to: 64'b0000000000000000000000000000000000000000000000000000000000000000 
	Parameter C_MASK bound to: 64'b0000000000000000000000000000000000000000000000000000000000000000 
INFO: [Synth 8-256] done synthesizing module 'pselect_mask__parameterized1' (142#1) [/home/valmyrsilva07/virtex7/skarab-virtex7-toolflow/fpgs/ethernet_one_gbe_skarab_control/ethernet_one_gbe_skarab_axi/myproj/myproj.srcs/sources_1/bd/cont_microblaze/ipshared/6335/hdl/lmb_bram_if_cntlr_v4_0_vh_rfs.vhd:2125]
INFO: [Synth 8-256] done synthesizing module 'lmb_mux__parameterized1' (142#1) [/home/valmyrsilva07/virtex7/skarab-virtex7-toolflow/fpgs/ethernet_one_gbe_skarab_control/ethernet_one_gbe_skarab_axi/myproj/myproj.srcs/sources_1/bd/cont_microblaze/ipshared/6335/hdl/lmb_bram_if_cntlr_v4_0_vh_rfs.vhd:2613]
INFO: [Synth 8-256] done synthesizing module 'lmb_bram_if_cntlr__parameterized1' (142#1) [/home/valmyrsilva07/virtex7/skarab-virtex7-toolflow/fpgs/ethernet_one_gbe_skarab_control/ethernet_one_gbe_skarab_axi/myproj/myproj.srcs/sources_1/bd/cont_microblaze/ipshared/6335/hdl/lmb_bram_if_cntlr_v4_0_vh_rfs.vhd:3243]
INFO: [Synth 8-256] done synthesizing module 'cont_microblaze_ilmb_bram_if_cntlr_0' (143#1) [/home/valmyrsilva07/virtex7/skarab-virtex7-toolflow/fpgs/ethernet_one_gbe_skarab_control/ethernet_one_gbe_skarab_axi/myproj/myproj.srcs/sources_1/bd/cont_microblaze/ip/cont_microblaze_ilmb_bram_if_cntlr_0/synth/cont_microblaze_ilmb_bram_if_cntlr_0.vhd:84]
INFO: [Synth 8-638] synthesizing module 'cont_microblaze_ilmb_v10_0' [/home/valmyrsilva07/virtex7/skarab-virtex7-toolflow/fpgs/ethernet_one_gbe_skarab_control/ethernet_one_gbe_skarab_axi/myproj/myproj.srcs/sources_1/bd/cont_microblaze/ip/cont_microblaze_ilmb_v10_0/synth/cont_microblaze_ilmb_v10_0.vhd:89]
	Parameter C_LMB_NUM_SLAVES bound to: 1 - type: integer 
	Parameter C_LMB_DWIDTH bound to: 32 - type: integer 
	Parameter C_LMB_AWIDTH bound to: 32 - type: integer 
	Parameter C_EXT_RESET_HIGH bound to: 1 - type: integer 
INFO: [Synth 8-256] done synthesizing module 'cont_microblaze_ilmb_v10_0' (144#1) [/home/valmyrsilva07/virtex7/skarab-virtex7-toolflow/fpgs/ethernet_one_gbe_skarab_control/ethernet_one_gbe_skarab_axi/myproj/myproj.srcs/sources_1/bd/cont_microblaze/ip/cont_microblaze_ilmb_v10_0/synth/cont_microblaze_ilmb_v10_0.vhd:89]
INFO: [Synth 8-638] synthesizing module 'cont_microblaze_lmb_bram_0' [/home/valmyrsilva07/virtex7/skarab-virtex7-toolflow/fpgs/ethernet_one_gbe_skarab_control/ethernet_one_gbe_skarab_axi/myproj/myproj.srcs/sources_1/bd/cont_microblaze/ip/cont_microblaze_lmb_bram_0/synth/cont_microblaze_lmb_bram_0.vhd:78]
	Parameter C_FAMILY bound to: virtex7 - type: string 
	Parameter C_XDEVICEFAMILY bound to: virtex7 - type: string 
	Parameter C_ELABORATION_DIR bound to: ./ - type: string 
	Parameter C_INTERFACE_TYPE bound to: 0 - type: integer 
	Parameter C_AXI_TYPE bound to: 1 - type: integer 
	Parameter C_AXI_SLAVE_TYPE bound to: 0 - type: integer 
	Parameter C_USE_BRAM_BLOCK bound to: 1 - type: integer 
	Parameter C_ENABLE_32BIT_ADDRESS bound to: 1 - type: integer 
	Parameter C_CTRL_ECC_ALGO bound to: NONE - type: string 
	Parameter C_HAS_AXI_ID bound to: 0 - type: integer 
	Parameter C_AXI_ID_WIDTH bound to: 4 - type: integer 
	Parameter C_MEM_TYPE bound to: 2 - type: integer 
	Parameter C_BYTE_SIZE bound to: 8 - type: integer 
	Parameter C_ALGORITHM bound to: 1 - type: integer 
	Parameter C_PRIM_TYPE bound to: 1 - type: integer 
	Parameter C_LOAD_INIT_FILE bound to: 0 - type: integer 
	Parameter C_INIT_FILE_NAME bound to: no_coe_file_loaded - type: string 
	Parameter C_INIT_FILE bound to: cont_microblaze_lmb_bram_0.mem - type: string 
	Parameter C_USE_DEFAULT_DATA bound to: 0 - type: integer 
	Parameter C_DEFAULT_DATA bound to: 0 - type: string 
	Parameter C_HAS_RSTA bound to: 1 - type: integer 
	Parameter C_RST_PRIORITY_A bound to: CE - type: string 
	Parameter C_RSTRAM_A bound to: 0 - type: integer 
	Parameter C_INITA_VAL bound to: 0 - type: string 
	Parameter C_HAS_ENA bound to: 1 - type: integer 
	Parameter C_HAS_REGCEA bound to: 0 - type: integer 
	Parameter C_USE_BYTE_WEA bound to: 1 - type: integer 
	Parameter C_WEA_WIDTH bound to: 4 - type: integer 
	Parameter C_WRITE_MODE_A bound to: WRITE_FIRST - type: string 
	Parameter C_WRITE_WIDTH_A bound to: 32 - type: integer 
	Parameter C_READ_WIDTH_A bound to: 32 - type: integer 
	Parameter C_WRITE_DEPTH_A bound to: 65536 - type: integer 
	Parameter C_READ_DEPTH_A bound to: 65536 - type: integer 
	Parameter C_ADDRA_WIDTH bound to: 32 - type: integer 
	Parameter C_HAS_RSTB bound to: 1 - type: integer 
	Parameter C_RST_PRIORITY_B bound to: CE - type: string 
	Parameter C_RSTRAM_B bound to: 0 - type: integer 
	Parameter C_INITB_VAL bound to: 0 - type: string 
	Parameter C_HAS_ENB bound to: 1 - type: integer 
	Parameter C_HAS_REGCEB bound to: 0 - type: integer 
	Parameter C_USE_BYTE_WEB bound to: 1 - type: integer 
	Parameter C_WEB_WIDTH bound to: 4 - type: integer 
	Parameter C_WRITE_MODE_B bound to: WRITE_FIRST - type: string 
	Parameter C_WRITE_WIDTH_B bound to: 32 - type: integer 
	Parameter C_READ_WIDTH_B bound to: 32 - type: integer 
	Parameter C_WRITE_DEPTH_B bound to: 65536 - type: integer 
	Parameter C_READ_DEPTH_B bound to: 65536 - type: integer 
	Parameter C_ADDRB_WIDTH bound to: 32 - type: integer 
	Parameter C_HAS_MEM_OUTPUT_REGS_A bound to: 0 - type: integer 
	Parameter C_HAS_MEM_OUTPUT_REGS_B bound to: 0 - type: integer 
	Parameter C_HAS_MUX_OUTPUT_REGS_A bound to: 0 - type: integer 
	Parameter C_HAS_MUX_OUTPUT_REGS_B bound to: 0 - type: integer 
	Parameter C_MUX_PIPELINE_STAGES bound to: 0 - type: integer 
	Parameter C_HAS_SOFTECC_INPUT_REGS_A bound to: 0 - type: integer 
	Parameter C_HAS_SOFTECC_OUTPUT_REGS_B bound to: 0 - type: integer 
	Parameter C_USE_SOFTECC bound to: 0 - type: integer 
	Parameter C_USE_ECC bound to: 0 - type: integer 
	Parameter C_EN_ECC_PIPE bound to: 0 - type: integer 
	Parameter C_READ_LATENCY_A bound to: 1 - type: integer 
	Parameter C_READ_LATENCY_B bound to: 1 - type: integer 
	Parameter C_HAS_INJECTERR bound to: 0 - type: integer 
	Parameter C_SIM_COLLISION_CHECK bound to: ALL - type: string 
	Parameter C_COMMON_CLK bound to: 0 - type: integer 
	Parameter C_DISABLE_WARN_BHV_COLL bound to: 0 - type: integer 
	Parameter C_EN_SLEEP_PIN bound to: 0 - type: integer 
	Parameter C_USE_URAM bound to: 0 - type: integer 
	Parameter C_EN_RDADDRA_CHG bound to: 0 - type: integer 
	Parameter C_EN_RDADDRB_CHG bound to: 0 - type: integer 
	Parameter C_EN_DEEPSLEEP_PIN bound to: 0 - type: integer 
	Parameter C_EN_SHUTDOWN_PIN bound to: 0 - type: integer 
	Parameter C_EN_SAFETY_CKT bound to: 0 - type: integer 
	Parameter C_DISABLE_WARN_BHV_RANGE bound to: 0 - type: integer 
	Parameter C_COUNT_36K_BRAM bound to: 64 - type: string 
	Parameter C_COUNT_18K_BRAM bound to: 0 - type: string 
	Parameter C_EST_POWER_SUMMARY bound to: Estimated Power for IP     :     20.388004 mW - type: string 
INFO: [Synth 8-256] done synthesizing module 'cont_microblaze_lmb_bram_0' (155#1) [/home/valmyrsilva07/virtex7/skarab-virtex7-toolflow/fpgs/ethernet_one_gbe_skarab_control/ethernet_one_gbe_skarab_axi/myproj/myproj.srcs/sources_1/bd/cont_microblaze/ip/cont_microblaze_lmb_bram_0/synth/cont_microblaze_lmb_bram_0.vhd:78]
INFO: [Synth 8-256] done synthesizing module 'microblaze_0_local_memory_imp_18JXXNV' (156#1) [/home/valmyrsilva07/virtex7/skarab-virtex7-toolflow/fpgs/ethernet_one_gbe_skarab_control/ethernet_one_gbe_skarab_axi/myproj/myproj.srcs/sources_1/bd/cont_microblaze/synth/cont_microblaze.vhd:745]
INFO: [Synth 8-638] synthesizing module 'cont_microblaze_rst_Clk_100M_0' [/home/valmyrsilva07/virtex7/skarab-virtex7-toolflow/fpgs/ethernet_one_gbe_skarab_control/ethernet_one_gbe_skarab_axi/myproj/myproj.srcs/sources_1/bd/cont_microblaze/ip/cont_microblaze_rst_Clk_100M_0/synth/cont_microblaze_rst_Clk_100M_0.vhd:74]
	Parameter C_FAMILY bound to: virtex7 - type: string 
	Parameter C_EXT_RST_WIDTH bound to: 4 - type: integer 
	Parameter C_AUX_RST_WIDTH bound to: 1 - type: integer 
	Parameter C_EXT_RESET_HIGH bound to: 1'b1 
	Parameter C_AUX_RESET_HIGH bound to: 1'b1 
	Parameter C_NUM_BUS_RST bound to: 1 - type: integer 
	Parameter C_NUM_PERP_RST bound to: 1 - type: integer 
	Parameter C_NUM_INTERCONNECT_ARESETN bound to: 1 - type: integer 
	Parameter C_NUM_PERP_ARESETN bound to: 1 - type: integer 
INFO: [Synth 8-638] synthesizing module 'proc_sys_reset' [/home/valmyrsilva07/virtex7/skarab-virtex7-toolflow/fpgs/ethernet_one_gbe_skarab_control/ethernet_one_gbe_skarab_axi/myproj/myproj.srcs/sources_1/bd/cont_microblaze/ipshared/8842/hdl/proc_sys_reset_v5_0_vh_rfs.vhd:1323]
	Parameter C_FAMILY bound to: virtex7 - type: string 
	Parameter C_EXT_RST_WIDTH bound to: 4 - type: integer 
	Parameter C_AUX_RST_WIDTH bound to: 1 - type: integer 
	Parameter C_EXT_RESET_HIGH bound to: 1'b1 
	Parameter C_AUX_RESET_HIGH bound to: 1'b1 
	Parameter C_NUM_BUS_RST bound to: 1 - type: integer 
	Parameter C_NUM_PERP_RST bound to: 1 - type: integer 
	Parameter C_NUM_INTERCONNECT_ARESETN bound to: 1 - type: integer 
	Parameter C_NUM_PERP_ARESETN bound to: 1 - type: integer 
	Parameter INIT bound to: 1'b1 
	Parameter IS_C_INVERTED bound to: 1'b0 
	Parameter IS_D_INVERTED bound to: 1'b0 
	Parameter IS_R_INVERTED bound to: 1'b0 
INFO: [Synth 8-113] binding component instance 'FDRE_inst' to cell 'FDRE' [/home/valmyrsilva07/virtex7/skarab-virtex7-toolflow/fpgs/ethernet_one_gbe_skarab_control/ethernet_one_gbe_skarab_axi/myproj/myproj.srcs/sources_1/bd/cont_microblaze/ipshared/8842/hdl/proc_sys_reset_v5_0_vh_rfs.vhd:1392]
	Parameter INIT bound to: 1'b1 
	Parameter IS_C_INVERTED bound to: 1'b0 
	Parameter IS_D_INVERTED bound to: 1'b0 
	Parameter IS_R_INVERTED bound to: 1'b0 
INFO: [Synth 8-113] binding component instance 'FDRE_BSR' to cell 'FDRE' [/home/valmyrsilva07/virtex7/skarab-virtex7-toolflow/fpgs/ethernet_one_gbe_skarab_control/ethernet_one_gbe_skarab_axi/myproj/myproj.srcs/sources_1/bd/cont_microblaze/ipshared/8842/hdl/proc_sys_reset_v5_0_vh_rfs.vhd:1408]
	Parameter INIT bound to: 1'b0 
	Parameter IS_C_INVERTED bound to: 1'b0 
	Parameter IS_D_INVERTED bound to: 1'b0 
	Parameter IS_R_INVERTED bound to: 1'b0 
INFO: [Synth 8-113] binding component instance 'FDRE_BSR_N' to cell 'FDRE' [/home/valmyrsilva07/virtex7/skarab-virtex7-toolflow/fpgs/ethernet_one_gbe_skarab_control/ethernet_one_gbe_skarab_axi/myproj/myproj.srcs/sources_1/bd/cont_microblaze/ipshared/8842/hdl/proc_sys_reset_v5_0_vh_rfs.vhd:1434]
	Parameter INIT bound to: 1'b1 
	Parameter IS_C_INVERTED bound to: 1'b0 
	Parameter IS_D_INVERTED bound to: 1'b0 
	Parameter IS_R_INVERTED bound to: 1'b0 
INFO: [Synth 8-113] binding component instance 'FDRE_PER' to cell 'FDRE' [/home/valmyrsilva07/virtex7/skarab-virtex7-toolflow/fpgs/ethernet_one_gbe_skarab_control/ethernet_one_gbe_skarab_axi/myproj/myproj.srcs/sources_1/bd/cont_microblaze/ipshared/8842/hdl/proc_sys_reset_v5_0_vh_rfs.vhd:1457]
	Parameter INIT bound to: 1'b0 
	Parameter IS_C_INVERTED bound to: 1'b0 
	Parameter IS_D_INVERTED bound to: 1'b0 
	Parameter IS_R_INVERTED bound to: 1'b0 
INFO: [Synth 8-113] binding component instance 'FDRE_PER_N' to cell 'FDRE' [/home/valmyrsilva07/virtex7/skarab-virtex7-toolflow/fpgs/ethernet_one_gbe_skarab_control/ethernet_one_gbe_skarab_axi/myproj/myproj.srcs/sources_1/bd/cont_microblaze/ipshared/8842/hdl/proc_sys_reset_v5_0_vh_rfs.vhd:1481]
INFO: [Synth 8-638] synthesizing module 'lpf' [/home/valmyrsilva07/virtex7/skarab-virtex7-toolflow/fpgs/ethernet_one_gbe_skarab_control/ethernet_one_gbe_skarab_axi/myproj/myproj.srcs/sources_1/bd/cont_microblaze/ipshared/8842/hdl/proc_sys_reset_v5_0_vh_rfs.vhd:816]
	Parameter C_EXT_RST_WIDTH bound to: 4 - type: integer 
	Parameter C_AUX_RST_WIDTH bound to: 1 - type: integer 
	Parameter C_EXT_RESET_HIGH bound to: 1'b1 
	Parameter C_AUX_RESET_HIGH bound to: 1'b1 
INFO: [Synth 8-6157] synthesizing module 'SRL16' [/tools/Xilinx/Vivado/2019.1/scripts/rt/data/unisim_comp.v:77684]
	Parameter INIT bound to: 16'b0000000000000000 
INFO: [Synth 8-6155] done synthesizing module 'SRL16' (157#1) [/tools/Xilinx/Vivado/2019.1/scripts/rt/data/unisim_comp.v:77684]
INFO: [Synth 8-638] synthesizing module 'cdc_sync__parameterized0' [/home/valmyrsilva07/virtex7/skarab-virtex7-toolflow/fpgs/ethernet_one_gbe_skarab_control/ethernet_one_gbe_skarab_axi/myproj/myproj.srcs/sources_1/bd/cont_microblaze/ipshared/ef1e/hdl/lib_cdc_v1_0_rfs.vhd:106]
	Parameter C_CDC_TYPE bound to: 1 - type: integer 
	Parameter C_RESET_STATE bound to: 0 - type: integer 
	Parameter C_SINGLE_BIT bound to: 1 - type: integer 
	Parameter C_FLOP_INPUT bound to: 0 - type: integer 
	Parameter C_VECTOR_WIDTH bound to: 2 - type: integer 
	Parameter C_MTBF_STAGES bound to: 4 - type: integer 
	Parameter INIT bound to: 1'b0 
INFO: [Synth 8-113] binding component instance 'CROSS_PLEVEL_IN2SCNDRY_IN_cdc_to' to cell 'FDR' [/home/valmyrsilva07/virtex7/skarab-virtex7-toolflow/fpgs/ethernet_one_gbe_skarab_control/ethernet_one_gbe_skarab_axi/myproj/myproj.srcs/sources_1/bd/cont_microblaze/ipshared/ef1e/hdl/lib_cdc_v1_0_rfs.vhd:514]
	Parameter INIT bound to: 1'b0 
INFO: [Synth 8-113] binding component instance 'CROSS_PLEVEL_IN2SCNDRY_s_level_out_d2' to cell 'FDR' [/home/valmyrsilva07/virtex7/skarab-virtex7-toolflow/fpgs/ethernet_one_gbe_skarab_control/ethernet_one_gbe_skarab_axi/myproj/myproj.srcs/sources_1/bd/cont_microblaze/ipshared/ef1e/hdl/lib_cdc_v1_0_rfs.vhd:545]
	Parameter INIT bound to: 1'b0 
INFO: [Synth 8-113] binding component instance 'CROSS_PLEVEL_IN2SCNDRY_s_level_out_d3' to cell 'FDR' [/home/valmyrsilva07/virtex7/skarab-virtex7-toolflow/fpgs/ethernet_one_gbe_skarab_control/ethernet_one_gbe_skarab_axi/myproj/myproj.srcs/sources_1/bd/cont_microblaze/ipshared/ef1e/hdl/lib_cdc_v1_0_rfs.vhd:554]
	Parameter INIT bound to: 1'b0 
INFO: [Synth 8-113] binding component instance 'CROSS_PLEVEL_IN2SCNDRY_s_level_out_d4' to cell 'FDR' [/home/valmyrsilva07/virtex7/skarab-virtex7-toolflow/fpgs/ethernet_one_gbe_skarab_control/ethernet_one_gbe_skarab_axi/myproj/myproj.srcs/sources_1/bd/cont_microblaze/ipshared/ef1e/hdl/lib_cdc_v1_0_rfs.vhd:564]
	Parameter INIT bound to: 1'b0 
INFO: [Synth 8-113] binding component instance 'CROSS_PLEVEL_IN2SCNDRY_s_level_out_d5' to cell 'FDR' [/home/valmyrsilva07/virtex7/skarab-virtex7-toolflow/fpgs/ethernet_one_gbe_skarab_control/ethernet_one_gbe_skarab_axi/myproj/myproj.srcs/sources_1/bd/cont_microblaze/ipshared/ef1e/hdl/lib_cdc_v1_0_rfs.vhd:574]
	Parameter INIT bound to: 1'b0 
INFO: [Synth 8-113] binding component instance 'CROSS_PLEVEL_IN2SCNDRY_s_level_out_d6' to cell 'FDR' [/home/valmyrsilva07/virtex7/skarab-virtex7-toolflow/fpgs/ethernet_one_gbe_skarab_control/ethernet_one_gbe_skarab_axi/myproj/myproj.srcs/sources_1/bd/cont_microblaze/ipshared/ef1e/hdl/lib_cdc_v1_0_rfs.vhd:584]
INFO: [Synth 8-256] done synthesizing module 'cdc_sync__parameterized0' (157#1) [/home/valmyrsilva07/virtex7/skarab-virtex7-toolflow/fpgs/ethernet_one_gbe_skarab_control/ethernet_one_gbe_skarab_axi/myproj/myproj.srcs/sources_1/bd/cont_microblaze/ipshared/ef1e/hdl/lib_cdc_v1_0_rfs.vhd:106]
INFO: [Synth 8-256] done synthesizing module 'lpf' (158#1) [/home/valmyrsilva07/virtex7/skarab-virtex7-toolflow/fpgs/ethernet_one_gbe_skarab_control/ethernet_one_gbe_skarab_axi/myproj/myproj.srcs/sources_1/bd/cont_microblaze/ipshared/8842/hdl/proc_sys_reset_v5_0_vh_rfs.vhd:816]
INFO: [Synth 8-638] synthesizing module 'sequence_psr' [/home/valmyrsilva07/virtex7/skarab-virtex7-toolflow/fpgs/ethernet_one_gbe_skarab_control/ethernet_one_gbe_skarab_axi/myproj/myproj.srcs/sources_1/bd/cont_microblaze/ipshared/8842/hdl/proc_sys_reset_v5_0_vh_rfs.vhd:301]
INFO: [Synth 8-638] synthesizing module 'upcnt_n' [/home/valmyrsilva07/virtex7/skarab-virtex7-toolflow/fpgs/ethernet_one_gbe_skarab_control/ethernet_one_gbe_skarab_axi/myproj/myproj.srcs/sources_1/bd/cont_microblaze/ipshared/8842/hdl/proc_sys_reset_v5_0_vh_rfs.vhd:125]
	Parameter C_SIZE bound to: 6 - type: integer 
INFO: [Synth 8-256] done synthesizing module 'upcnt_n' (159#1) [/home/valmyrsilva07/virtex7/skarab-virtex7-toolflow/fpgs/ethernet_one_gbe_skarab_control/ethernet_one_gbe_skarab_axi/myproj/myproj.srcs/sources_1/bd/cont_microblaze/ipshared/8842/hdl/proc_sys_reset_v5_0_vh_rfs.vhd:125]
INFO: [Synth 8-256] done synthesizing module 'sequence_psr' (160#1) [/home/valmyrsilva07/virtex7/skarab-virtex7-toolflow/fpgs/ethernet_one_gbe_skarab_control/ethernet_one_gbe_skarab_axi/myproj/myproj.srcs/sources_1/bd/cont_microblaze/ipshared/8842/hdl/proc_sys_reset_v5_0_vh_rfs.vhd:301]
INFO: [Synth 8-256] done synthesizing module 'proc_sys_reset' (161#1) [/home/valmyrsilva07/virtex7/skarab-virtex7-toolflow/fpgs/ethernet_one_gbe_skarab_control/ethernet_one_gbe_skarab_axi/myproj/myproj.srcs/sources_1/bd/cont_microblaze/ipshared/8842/hdl/proc_sys_reset_v5_0_vh_rfs.vhd:1323]
INFO: [Synth 8-256] done synthesizing module 'cont_microblaze_rst_Clk_100M_0' (162#1) [/home/valmyrsilva07/virtex7/skarab-virtex7-toolflow/fpgs/ethernet_one_gbe_skarab_control/ethernet_one_gbe_skarab_axi/myproj/myproj.srcs/sources_1/bd/cont_microblaze/ip/cont_microblaze_rst_Clk_100M_0/synth/cont_microblaze_rst_Clk_100M_0.vhd:74]
INFO: [Synth 8-6157] synthesizing module 'cont_microblaze_xlconcat_0_0' [/home/valmyrsilva07/virtex7/skarab-virtex7-toolflow/fpgs/ethernet_one_gbe_skarab_control/ethernet_one_gbe_skarab_axi/myproj/myproj.srcs/sources_1/bd/cont_microblaze/ip/cont_microblaze_xlconcat_0_0/synth/cont_microblaze_xlconcat_0_0.v:58]
INFO: [Synth 8-6157] synthesizing module 'xlconcat_v2_1_3_xlconcat' [/home/valmyrsilva07/virtex7/skarab-virtex7-toolflow/fpgs/ethernet_one_gbe_skarab_control/ethernet_one_gbe_skarab_axi/myproj/myproj.srcs/sources_1/bd/cont_microblaze/ipshared/442e/hdl/xlconcat_v2_1_vl_rfs.v:14]
	Parameter IN0_WIDTH bound to: 1 - type: integer 
	Parameter IN1_WIDTH bound to: 1 - type: integer 
	Parameter IN2_WIDTH bound to: 1 - type: integer 
	Parameter IN3_WIDTH bound to: 1 - type: integer 
	Parameter IN4_WIDTH bound to: 1 - type: integer 
	Parameter IN5_WIDTH bound to: 1 - type: integer 
	Parameter IN6_WIDTH bound to: 1 - type: integer 
	Parameter IN7_WIDTH bound to: 1 - type: integer 
	Parameter IN8_WIDTH bound to: 1 - type: integer 
	Parameter IN9_WIDTH bound to: 1 - type: integer 
	Parameter IN10_WIDTH bound to: 1 - type: integer 
	Parameter IN11_WIDTH bound to: 1 - type: integer 
	Parameter IN12_WIDTH bound to: 1 - type: integer 
	Parameter IN13_WIDTH bound to: 1 - type: integer 
	Parameter IN14_WIDTH bound to: 1 - type: integer 
	Parameter IN15_WIDTH bound to: 1 - type: integer 
	Parameter IN16_WIDTH bound to: 1 - type: integer 
	Parameter IN17_WIDTH bound to: 1 - type: integer 
	Parameter IN18_WIDTH bound to: 1 - type: integer 
	Parameter IN19_WIDTH bound to: 1 - type: integer 
	Parameter IN20_WIDTH bound to: 1 - type: integer 
	Parameter IN21_WIDTH bound to: 1 - type: integer 
	Parameter IN22_WIDTH bound to: 1 - type: integer 
	Parameter IN23_WIDTH bound to: 1 - type: integer 
	Parameter IN24_WIDTH bound to: 1 - type: integer 
	Parameter IN25_WIDTH bound to: 1 - type: integer 
	Parameter IN26_WIDTH bound to: 1 - type: integer 
	Parameter IN27_WIDTH bound to: 1 - type: integer 
	Parameter IN28_WIDTH bound to: 1 - type: integer 
	Parameter IN29_WIDTH bound to: 1 - type: integer 
	Parameter IN30_WIDTH bound to: 1 - type: integer 
	Parameter IN31_WIDTH bound to: 1 - type: integer 
	Parameter dout_width bound to: 2 - type: integer 
	Parameter NUM_PORTS bound to: 2 - type: integer 
INFO: [Synth 8-6155] done synthesizing module 'xlconcat_v2_1_3_xlconcat' (163#1) [/home/valmyrsilva07/virtex7/skarab-virtex7-toolflow/fpgs/ethernet_one_gbe_skarab_control/ethernet_one_gbe_skarab_axi/myproj/myproj.srcs/sources_1/bd/cont_microblaze/ipshared/442e/hdl/xlconcat_v2_1_vl_rfs.v:14]
INFO: [Synth 8-6155] done synthesizing module 'cont_microblaze_xlconcat_0_0' (164#1) [/home/valmyrsilva07/virtex7/skarab-virtex7-toolflow/fpgs/ethernet_one_gbe_skarab_control/ethernet_one_gbe_skarab_axi/myproj/myproj.srcs/sources_1/bd/cont_microblaze/ip/cont_microblaze_xlconcat_0_0/synth/cont_microblaze_xlconcat_0_0.v:58]
INFO: [Synth 8-256] done synthesizing module 'cont_microblaze' (165#1) [/home/valmyrsilva07/virtex7/skarab-virtex7-toolflow/fpgs/ethernet_one_gbe_skarab_control/ethernet_one_gbe_skarab_axi/myproj/myproj.srcs/sources_1/bd/cont_microblaze/synth/cont_microblaze.vhd:2362]
INFO: [Synth 8-256] done synthesizing module 'cont_microblaze_wrapper' (166#1) [/home/valmyrsilva07/virtex7/skarab-virtex7-toolflow/fpgs/ethernet_one_gbe_skarab_control/ethernet_one_gbe_skarab_axi/myproj/myproj.srcs/sources_1/imports/hdl/cont_microblaze_wrapper.vhd:33]
INFO: [Synth 8-638] synthesizing module 'wishbone_interconnect' [/home/valmyrsilva07/virtex7/skarab-virtex7-toolflow/fpgs/ethernet_one_gbe_skarab_control/ethernet_one_gbe_skarab_axi/myproj/myproj.srcs/sources_1/imports/WISHBONE/wishbone_interconnect.vhd:58]
INFO: [Synth 8-256] done synthesizing module 'wishbone_interconnect' (167#1) [/home/valmyrsilva07/virtex7/skarab-virtex7-toolflow/fpgs/ethernet_one_gbe_skarab_control/ethernet_one_gbe_skarab_axi/myproj/myproj.srcs/sources_1/imports/WISHBONE/wishbone_interconnect.vhd:58]
INFO: [Synth 8-638] synthesizing module 'wishbone_register' [/home/valmyrsilva07/virtex7/skarab-virtex7-toolflow/fpgs/ethernet_one_gbe_skarab_control/ethernet_one_gbe_skarab_axi/myproj/myproj.srcs/sources_1/imports/WISHBONE/wishbone_register.vhd:50]
INFO: [Synth 8-256] done synthesizing module 'wishbone_register' (168#1) [/home/valmyrsilva07/virtex7/skarab-virtex7-toolflow/fpgs/ethernet_one_gbe_skarab_control/ethernet_one_gbe_skarab_axi/myproj/myproj.srcs/sources_1/imports/WISHBONE/wishbone_register.vhd:50]
INFO: [Synth 8-638] synthesizing module 'wishbone_flash_sdram_interface' [/home/valmyrsilva07/virtex7/skarab-virtex7-toolflow/fpgs/ethernet_one_gbe_skarab_control/ethernet_one_gbe_skarab_axi/myproj/myproj.srcs/sources_1/imports/WISHBONE/wishbone_flash_sdram_interface.vhd:90]
INFO: [Synth 8-638] synthesizing module 'common_clock_fifo_32x16' [/home/valmyrsilva07/virtex7/skarab-virtex7-toolflow/fpgs/ethernet_one_gbe_skarab_control/ethernet_one_gbe_skarab_axi/myproj/myproj.runs/synth_1/.Xil/Vivado-477952-valmyrsilva07-B760M-AORUS-ELITE/realtime/common_clock_fifo_32x16_stub.vhdl:20]
INFO: [Synth 8-638] synthesizing module 'isp_spi_programmer' [/home/valmyrsilva07/virtex7/skarab-virtex7-toolflow/fpgs/ethernet_one_gbe_skarab_control/ethernet_one_gbe_skarab_axi/myproj/myproj.srcs/sources_1/imports/skarab_infr/isp_spi_programmer.vhd:54]
INFO: [Synth 8-638] synthesizing module 'strobe_gen' [/home/valmyrsilva07/virtex7/skarab-virtex7-toolflow/fpgs/ethernet_one_gbe_skarab_control/ethernet_one_gbe_skarab_axi/myproj/myproj.srcs/sources_1/imports/skarab_infr/strobe_gen.vhd:36]
INFO: [Synth 8-256] done synthesizing module 'strobe_gen' (169#1) [/home/valmyrsilva07/virtex7/skarab-virtex7-toolflow/fpgs/ethernet_one_gbe_skarab_control/ethernet_one_gbe_skarab_axi/myproj/myproj.srcs/sources_1/imports/skarab_infr/strobe_gen.vhd:36]
INFO: [Synth 8-638] synthesizing module 'isp_spi_buffer' [/home/valmyrsilva07/virtex7/skarab-virtex7-toolflow/fpgs/ethernet_one_gbe_skarab_control/ethernet_one_gbe_skarab_axi/myproj/myproj.runs/synth_1/.Xil/Vivado-477952-valmyrsilva07-B760M-AORUS-ELITE/realtime/isp_spi_buffer_stub.vhdl:19]
INFO: [Synth 8-256] done synthesizing module 'isp_spi_programmer' (170#1) [/home/valmyrsilva07/virtex7/skarab-virtex7-toolflow/fpgs/ethernet_one_gbe_skarab_control/ethernet_one_gbe_skarab_axi/myproj/myproj.srcs/sources_1/imports/skarab_infr/isp_spi_programmer.vhd:54]
	Parameter BUFR_CLK_DIV_G bound to: 4 - type: string 
INFO: [Synth 8-638] synthesizing module 'icape_controller' [/home/valmyrsilva07/virtex7/skarab-virtex7-toolflow/fpgs/ethernet_one_gbe_skarab_control/ethernet_one_gbe_skarab_axi/myproj/myproj.srcs/sources_1/imports/skarab_infr/icape_controller.vhd:49]
	Parameter BUFR_CLK_DIV_G bound to: 4 - type: string 
	Parameter BUFR_DIVIDE bound to: 4 - type: string 
	Parameter SIM_DEVICE bound to: 7SERIES - type: string 
INFO: [Synth 8-113] binding component instance 'BUFR_ICAPE2' to cell 'BUFR' [/home/valmyrsilva07/virtex7/skarab-virtex7-toolflow/fpgs/ethernet_one_gbe_skarab_control/ethernet_one_gbe_skarab_axi/myproj/myproj.srcs/sources_1/imports/skarab_infr/icape_controller.vhd:123]
	Parameter DEVICE_ID bound to: 28'b0011011001010001000010010011 
	Parameter ICAP_WIDTH bound to: X32 - type: string 
	Parameter SIM_CFG_FILE_NAME bound to: NONE - type: string 
INFO: [Synth 8-113] binding component instance 'ICAPE2_0' to cell 'ICAPE2' [/home/valmyrsilva07/virtex7/skarab-virtex7-toolflow/fpgs/ethernet_one_gbe_skarab_control/ethernet_one_gbe_skarab_axi/myproj/myproj.srcs/sources_1/imports/skarab_infr/icape_controller.vhd:266]
INFO: [Synth 8-256] done synthesizing module 'icape_controller' (171#1) [/home/valmyrsilva07/virtex7/skarab-virtex7-toolflow/fpgs/ethernet_one_gbe_skarab_control/ethernet_one_gbe_skarab_axi/myproj/myproj.srcs/sources_1/imports/skarab_infr/icape_controller.vhd:49]
WARNING: [Synth 8-6014] Unused sequential element sdram_program_header_reg was removed.  [/home/valmyrsilva07/virtex7/skarab-virtex7-toolflow/fpgs/ethernet_one_gbe_skarab_control/ethernet_one_gbe_skarab_axi/myproj/myproj.srcs/sources_1/imports/WISHBONE/wishbone_flash_sdram_interface.vhd:645]
INFO: [Synth 8-256] done synthesizing module 'wishbone_flash_sdram_interface' (172#1) [/home/valmyrsilva07/virtex7/skarab-virtex7-toolflow/fpgs/ethernet_one_gbe_skarab_control/ethernet_one_gbe_skarab_axi/myproj/myproj.srcs/sources_1/imports/WISHBONE/wishbone_flash_sdram_interface.vhd:90]
	Parameter NUM_ONE_WIRE_INTERFACES bound to: 5 - type: integer 
INFO: [Synth 8-638] synthesizing module 'wishbone_one_wire' [/home/valmyrsilva07/virtex7/skarab-virtex7-toolflow/fpgs/ethernet_one_gbe_skarab_control/ethernet_one_gbe_skarab_axi/myproj/myproj.srcs/sources_1/imports/WISHBONE/wishbone_one_wire.vhd:55]
	Parameter NUM_ONE_WIRE_INTERFACES bound to: 5 - type: integer 
	Parameter OVD_E bound to: 1 - type: integer 
	Parameter CDR_E bound to: 0 - type: integer 
	Parameter BAW bound to: 1 - type: integer 
	Parameter BDW bound to: 32 - type: integer 
	Parameter OWN bound to: 5 - type: integer 
	Parameter BTP_N bound to: 6.0 - type: string 
	Parameter BTP_O bound to: 0.5 - type: string 
	Parameter CDR_N bound to: 263 - type: integer 
	Parameter CDR_O bound to: 19 - type: integer 
INFO: [Synth 8-6157] synthesizing module 'sockit_owm' [/home/valmyrsilva07/virtex7/skarab-virtex7-toolflow/fpgs/ethernet_one_gbe_skarab_control/ethernet_one_gbe_skarab_axi/myproj/myproj.srcs/sources_1/imports/skarab_infr/sockit_owm.sv:50]
	Parameter OVD_E bound to: 1 - type: integer 
	Parameter CDR_E bound to: 0 - type: integer 
	Parameter BDW bound to: 32 - type: integer 
	Parameter OWN bound to: 5 - type: integer 
	Parameter BAW bound to: 1 - type: integer 
	Parameter BTP_N bound to: 6.0 - type: string 
	Parameter BTP_O bound to: 0.5 - type: string 
	Parameter T_RSTH_N bound to: 80 - type: integer 
	Parameter T_RSTL_N bound to: 80 - type: integer 
	Parameter T_RSTP_N bound to: 10 - type: integer 
	Parameter T_DAT0_N bound to: 10 - type: integer 
	Parameter T_DAT1_N bound to: 1 - type: integer 
	Parameter T_BITS_N bound to: 2 - type: integer 
	Parameter T_RCVR_N bound to: 1 - type: integer 
	Parameter T_IDLE_N bound to: 160 - type: integer 
	Parameter T_RSTH_O bound to: 96 - type: integer 
	Parameter T_RSTL_O bound to: 96 - type: integer 
	Parameter T_RSTP_O bound to: 15 - type: integer 
	Parameter T_DAT0_O bound to: 12 - type: integer 
	Parameter T_DAT1_O bound to: 2 - type: integer 
	Parameter T_BITS_O bound to: 3 - type: integer 
	Parameter T_RCVR_O bound to: 4 - type: integer 
	Parameter T_IDLE_O bound to: 192 - type: integer 
	Parameter CDR_N bound to: 263 - type: integer 
	Parameter CDR_O bound to: 19 - type: integer 
	Parameter PDW bound to: 24 - type: integer 
	Parameter CDW bound to: 9 - type: integer 
	Parameter SDW bound to: 3 - type: integer 
	Parameter TDW bound to: 8 - type: integer 
INFO: [Synth 8-6155] done synthesizing module 'sockit_owm' (173#1) [/home/valmyrsilva07/virtex7/skarab-virtex7-toolflow/fpgs/ethernet_one_gbe_skarab_control/ethernet_one_gbe_skarab_axi/myproj/myproj.srcs/sources_1/imports/skarab_infr/sockit_owm.sv:50]
INFO: [Synth 8-256] done synthesizing module 'wishbone_one_wire' (174#1) [/home/valmyrsilva07/virtex7/skarab-virtex7-toolflow/fpgs/ethernet_one_gbe_skarab_control/ethernet_one_gbe_skarab_axi/myproj/myproj.srcs/sources_1/imports/WISHBONE/wishbone_one_wire.vhd:55]
INFO: [Synth 8-638] synthesizing module 'wishbone_i2c' [/home/valmyrsilva07/virtex7/skarab-virtex7-toolflow/fpgs/ethernet_one_gbe_skarab_control/ethernet_one_gbe_skarab_axi/myproj/myproj.srcs/sources_1/imports/WISHBONE/wishbone_i2c.vhd:56]
	Parameter ARST_LVL bound to: 1'b1 
INFO: [Synth 8-638] synthesizing module 'i2c_master_top' [/home/valmyrsilva07/virtex7/skarab-virtex7-toolflow/fpgs/ethernet_one_gbe_skarab_control/ethernet_one_gbe_skarab_axi/myproj/myproj.srcs/sources_1/imports/skarab_infr/i2c_master_top.vhd:102]
	Parameter ARST_LVL bound to: 1'b1 
INFO: [Synth 8-226] default block is never used [/home/valmyrsilva07/virtex7/skarab-virtex7-toolflow/fpgs/ethernet_one_gbe_skarab_control/ethernet_one_gbe_skarab_axi/myproj/myproj.srcs/sources_1/imports/skarab_infr/i2c_master_top.vhd:190]
INFO: [Synth 8-638] synthesizing module 'i2c_master_byte_ctrl' [/home/valmyrsilva07/virtex7/skarab-virtex7-toolflow/fpgs/ethernet_one_gbe_skarab_control/ethernet_one_gbe_skarab_axi/myproj/myproj.srcs/sources_1/imports/skarab_infr/i2c_master_byte_ctrl.vhd:113]
INFO: [Synth 8-638] synthesizing module 'i2c_master_bit_ctrl' [/home/valmyrsilva07/virtex7/skarab-virtex7-toolflow/fpgs/ethernet_one_gbe_skarab_control/ethernet_one_gbe_skarab_axi/myproj/myproj.srcs/sources_1/imports/skarab_infr/i2c_master_bit_ctrl.vhd:174]
INFO: [Synth 8-256] done synthesizing module 'i2c_master_bit_ctrl' (175#1) [/home/valmyrsilva07/virtex7/skarab-virtex7-toolflow/fpgs/ethernet_one_gbe_skarab_control/ethernet_one_gbe_skarab_axi/myproj/myproj.srcs/sources_1/imports/skarab_infr/i2c_master_bit_ctrl.vhd:174]
INFO: [Synth 8-256] done synthesizing module 'i2c_master_byte_ctrl' (176#1) [/home/valmyrsilva07/virtex7/skarab-virtex7-toolflow/fpgs/ethernet_one_gbe_skarab_control/ethernet_one_gbe_skarab_axi/myproj/myproj.srcs/sources_1/imports/skarab_infr/i2c_master_byte_ctrl.vhd:113]
INFO: [Synth 8-256] done synthesizing module 'i2c_master_top' (177#1) [/home/valmyrsilva07/virtex7/skarab-virtex7-toolflow/fpgs/ethernet_one_gbe_skarab_control/ethernet_one_gbe_skarab_axi/myproj/myproj.srcs/sources_1/imports/skarab_infr/i2c_master_top.vhd:102]
INFO: [Synth 8-256] done synthesizing module 'wishbone_i2c' (178#1) [/home/valmyrsilva07/virtex7/skarab-virtex7-toolflow/fpgs/ethernet_one_gbe_skarab_control/ethernet_one_gbe_skarab_axi/myproj/myproj.srcs/sources_1/imports/WISHBONE/wishbone_i2c.vhd:56]
INFO: [Synth 8-638] synthesizing module 'second_gen' [/home/valmyrsilva07/virtex7/skarab-virtex7-toolflow/fpgs/ethernet_one_gbe_skarab_control/ethernet_one_gbe_skarab_axi/myproj/myproj.srcs/sources_1/imports/skarab_infr/second_gen.vhd:40]
INFO: [Synth 8-256] done synthesizing module 'second_gen' (179#1) [/home/valmyrsilva07/virtex7/skarab-virtex7-toolflow/fpgs/ethernet_one_gbe_skarab_control/ethernet_one_gbe_skarab_axi/myproj/myproj.srcs/sources_1/imports/skarab_infr/second_gen.vhd:40]
INFO: [Synth 8-638] synthesizing module 'FPGA_DNA_CHECKER' [/home/valmyrsilva07/virtex7/skarab-virtex7-toolflow/fpgs/ethernet_one_gbe_skarab_control/ethernet_one_gbe_skarab_axi/myproj/myproj.srcs/sources_1/imports/skarab_infr/FPGA_DNA_CHECKER.vhd:46]
	Parameter SIM_DNA_VALUE bound to: 57'b001110000000111010010010110100100000000100010101000010001 
INFO: [Synth 8-113] binding component instance 'DNA_PORT_inst' to cell 'DNA_PORT' [/home/valmyrsilva07/virtex7/skarab-virtex7-toolflow/fpgs/ethernet_one_gbe_skarab_control/ethernet_one_gbe_skarab_axi/myproj/myproj.srcs/sources_1/imports/skarab_infr/FPGA_DNA_CHECKER.vhd:72]
INFO: [Synth 8-256] done synthesizing module 'FPGA_DNA_CHECKER' (180#1) [/home/valmyrsilva07/virtex7/skarab-virtex7-toolflow/fpgs/ethernet_one_gbe_skarab_control/ethernet_one_gbe_skarab_axi/myproj/myproj.srcs/sources_1/imports/skarab_infr/FPGA_DNA_CHECKER.vhd:46]
INFO: [Synth 8-638] synthesizing module 'xadc_measurement' [/home/valmyrsilva07/virtex7/skarab-virtex7-toolflow/fpgs/ethernet_one_gbe_skarab_control/ethernet_one_gbe_skarab_axi/myproj/myproj.runs/synth_1/.Xil/Vivado-477952-valmyrsilva07-B760M-AORUS-ELITE/realtime/xadc_measurement_stub.vhdl:28]
INFO: [Synth 8-638] synthesizing module 'cross_clock_fifo_wb_out_73x16' [/home/valmyrsilva07/virtex7/skarab-virtex7-toolflow/fpgs/ethernet_one_gbe_skarab_control/ethernet_one_gbe_skarab_axi/myproj/myproj.runs/synth_1/.Xil/Vivado-477952-valmyrsilva07-B760M-AORUS-ELITE/realtime/cross_clock_fifo_wb_out_73x16_stub.vhdl:20]
INFO: [Synth 8-638] synthesizing module 'led_manager' [/home/valmyrsilva07/virtex7/skarab-virtex7-toolflow/fpgs/ethernet_one_gbe_skarab_control/ethernet_one_gbe_skarab_axi/myproj/myproj.srcs/sources_1/imports/skarab_infr/led_manager.vhd:75]
WARNING: [Synth 8-614] signal 'eth_led_indicators' is read in the process but is not in the sensitivity list [/home/valmyrsilva07/virtex7/skarab-virtex7-toolflow/fpgs/ethernet_one_gbe_skarab_control/ethernet_one_gbe_skarab_axi/myproj/myproj.srcs/sources_1/imports/skarab_infr/led_manager.vhd:137]
WARNING: [Synth 8-614] signal 'image_led_indicators' is read in the process but is not in the sensitivity list [/home/valmyrsilva07/virtex7/skarab-virtex7-toolflow/fpgs/ethernet_one_gbe_skarab_control/ethernet_one_gbe_skarab_axi/myproj/myproj.srcs/sources_1/imports/skarab_infr/led_manager.vhd:170]
WARNING: [Synth 8-614] signal 'ublaze_running' is read in the process but is not in the sensitivity list [/home/valmyrsilva07/virtex7/skarab-virtex7-toolflow/fpgs/ethernet_one_gbe_skarab_control/ethernet_one_gbe_skarab_axi/myproj/myproj.srcs/sources_1/imports/skarab_infr/led_manager.vhd:272]
WARNING: [Synth 8-6014] Unused sequential element ublaze_counter_reg was removed.  [/home/valmyrsilva07/virtex7/skarab-virtex7-toolflow/fpgs/ethernet_one_gbe_skarab_control/ethernet_one_gbe_skarab_axi/myproj/myproj.srcs/sources_1/imports/skarab_infr/led_manager.vhd:275]
INFO: [Synth 8-256] done synthesizing module 'led_manager' (181#1) [/home/valmyrsilva07/virtex7/skarab-virtex7-toolflow/fpgs/ethernet_one_gbe_skarab_control/ethernet_one_gbe_skarab_axi/myproj/myproj.srcs/sources_1/imports/skarab_infr/led_manager.vhd:75]
WARNING: [Synth 8-3848] Net sync_gmii_fpga_rst_o in module/entity skarab_infr does not have driver. [/home/valmyrsilva07/virtex7/skarab-virtex7-toolflow/fpgs/ethernet_one_gbe_skarab_control/ethernet_one_gbe_skarab_axi/myproj/myproj.srcs/sources_1/imports/skarab_infr/skarab_infr.vhd:53]
WARNING: [Synth 8-3848] Net brd_user_read_regs[18] in module/entity skarab_infr does not have driver. [/home/valmyrsilva07/virtex7/skarab-virtex7-toolflow/fpgs/ethernet_one_gbe_skarab_control/ethernet_one_gbe_skarab_axi/myproj/myproj.srcs/sources_1/imports/skarab_infr/skarab_infr.vhd:553]
WARNING: [Synth 8-3848] Net brd_user_read_regs[19] in module/entity skarab_infr does not have driver. [/home/valmyrsilva07/virtex7/skarab-virtex7-toolflow/fpgs/ethernet_one_gbe_skarab_control/ethernet_one_gbe_skarab_axi/myproj/myproj.srcs/sources_1/imports/skarab_infr/skarab_infr.vhd:553]
WARNING: [Synth 8-3848] Net brd_user_read_regs[20] in module/entity skarab_infr does not have driver. [/home/valmyrsilva07/virtex7/skarab-virtex7-toolflow/fpgs/ethernet_one_gbe_skarab_control/ethernet_one_gbe_skarab_axi/myproj/myproj.srcs/sources_1/imports/skarab_infr/skarab_infr.vhd:553]
WARNING: [Synth 8-3848] Net brd_user_read_regs[21] in module/entity skarab_infr does not have driver. [/home/valmyrsilva07/virtex7/skarab-virtex7-toolflow/fpgs/ethernet_one_gbe_skarab_control/ethernet_one_gbe_skarab_axi/myproj/myproj.srcs/sources_1/imports/skarab_infr/skarab_infr.vhd:553]
WARNING: [Synth 8-3848] Net brd_user_read_regs[22] in module/entity skarab_infr does not have driver. [/home/valmyrsilva07/virtex7/skarab-virtex7-toolflow/fpgs/ethernet_one_gbe_skarab_control/ethernet_one_gbe_skarab_axi/myproj/myproj.srcs/sources_1/imports/skarab_infr/skarab_infr.vhd:553]
WARNING: [Synth 8-3848] Net brd_user_read_regs[23] in module/entity skarab_infr does not have driver. [/home/valmyrsilva07/virtex7/skarab-virtex7-toolflow/fpgs/ethernet_one_gbe_skarab_control/ethernet_one_gbe_skarab_axi/myproj/myproj.srcs/sources_1/imports/skarab_infr/skarab_infr.vhd:553]
WARNING: [Synth 8-3848] Net brd_user_read_regs[24] in module/entity skarab_infr does not have driver. [/home/valmyrsilva07/virtex7/skarab-virtex7-toolflow/fpgs/ethernet_one_gbe_skarab_control/ethernet_one_gbe_skarab_axi/myproj/myproj.srcs/sources_1/imports/skarab_infr/skarab_infr.vhd:553]
WARNING: [Synth 8-3848] Net brd_user_read_regs[25] in module/entity skarab_infr does not have driver. [/home/valmyrsilva07/virtex7/skarab-virtex7-toolflow/fpgs/ethernet_one_gbe_skarab_control/ethernet_one_gbe_skarab_axi/myproj/myproj.srcs/sources_1/imports/skarab_infr/skarab_infr.vhd:553]
WARNING: [Synth 8-3848] Net brd_user_read_regs[26] in module/entity skarab_infr does not have driver. [/home/valmyrsilva07/virtex7/skarab-virtex7-toolflow/fpgs/ethernet_one_gbe_skarab_control/ethernet_one_gbe_skarab_axi/myproj/myproj.srcs/sources_1/imports/skarab_infr/skarab_infr.vhd:553]
WARNING: [Synth 8-3848] Net brd_user_read_regs[27] in module/entity skarab_infr does not have driver. [/home/valmyrsilva07/virtex7/skarab-virtex7-toolflow/fpgs/ethernet_one_gbe_skarab_control/ethernet_one_gbe_skarab_axi/myproj/myproj.srcs/sources_1/imports/skarab_infr/skarab_infr.vhd:553]
WARNING: [Synth 8-3848] Net brd_user_read_regs[28] in module/entity skarab_infr does not have driver. [/home/valmyrsilva07/virtex7/skarab-virtex7-toolflow/fpgs/ethernet_one_gbe_skarab_control/ethernet_one_gbe_skarab_axi/myproj/myproj.srcs/sources_1/imports/skarab_infr/skarab_infr.vhd:553]
WARNING: [Synth 8-3848] Net brd_user_read_regs[29] in module/entity skarab_infr does not have driver. [/home/valmyrsilva07/virtex7/skarab-virtex7-toolflow/fpgs/ethernet_one_gbe_skarab_control/ethernet_one_gbe_skarab_axi/myproj/myproj.srcs/sources_1/imports/skarab_infr/skarab_infr.vhd:553]
WARNING: [Synth 8-3848] Net brd_user_read_regs[30] in module/entity skarab_infr does not have driver. [/home/valmyrsilva07/virtex7/skarab-virtex7-toolflow/fpgs/ethernet_one_gbe_skarab_control/ethernet_one_gbe_skarab_axi/myproj/myproj.srcs/sources_1/imports/skarab_infr/skarab_infr.vhd:553]
WARNING: [Synth 8-3848] Net brd_user_read_regs[31] in module/entity skarab_infr does not have driver. [/home/valmyrsilva07/virtex7/skarab-virtex7-toolflow/fpgs/ethernet_one_gbe_skarab_control/ethernet_one_gbe_skarab_axi/myproj/myproj.srcs/sources_1/imports/skarab_infr/skarab_infr.vhd:553]
WARNING: [Synth 8-3848] Net WB_SLV_DAT_O[1] in module/entity skarab_infr does not have driver. [/home/valmyrsilva07/virtex7/skarab-virtex7-toolflow/fpgs/ethernet_one_gbe_skarab_control/ethernet_one_gbe_skarab_axi/myproj/myproj.srcs/sources_1/imports/skarab_infr/skarab_infr.vhd:568]
WARNING: [Synth 8-3848] Net WB_SLV_DAT_O[9] in module/entity skarab_infr does not have driver. [/home/valmyrsilva07/virtex7/skarab-virtex7-toolflow/fpgs/ethernet_one_gbe_skarab_control/ethernet_one_gbe_skarab_axi/myproj/myproj.srcs/sources_1/imports/skarab_infr/skarab_infr.vhd:568]
WARNING: [Synth 8-3848] Net WB_SLV_DAT_O[10] in module/entity skarab_infr does not have driver. [/home/valmyrsilva07/virtex7/skarab-virtex7-toolflow/fpgs/ethernet_one_gbe_skarab_control/ethernet_one_gbe_skarab_axi/myproj/myproj.srcs/sources_1/imports/skarab_infr/skarab_infr.vhd:568]
WARNING: [Synth 8-3848] Net WB_SLV_DAT_O[11] in module/entity skarab_infr does not have driver. [/home/valmyrsilva07/virtex7/skarab-virtex7-toolflow/fpgs/ethernet_one_gbe_skarab_control/ethernet_one_gbe_skarab_axi/myproj/myproj.srcs/sources_1/imports/skarab_infr/skarab_infr.vhd:568]
WARNING: [Synth 8-3848] Net WB_SLV_DAT_O[12] in module/entity skarab_infr does not have driver. [/home/valmyrsilva07/virtex7/skarab-virtex7-toolflow/fpgs/ethernet_one_gbe_skarab_control/ethernet_one_gbe_skarab_axi/myproj/myproj.srcs/sources_1/imports/skarab_infr/skarab_infr.vhd:568]
WARNING: [Synth 8-3848] Net WB_SLV_DAT_O[13] in module/entity skarab_infr does not have driver. [/home/valmyrsilva07/virtex7/skarab-virtex7-toolflow/fpgs/ethernet_one_gbe_skarab_control/ethernet_one_gbe_skarab_axi/myproj/myproj.srcs/sources_1/imports/skarab_infr/skarab_infr.vhd:568]
INFO: [Synth 8-256] done synthesizing module 'skarab_infr' (182#1) [/home/valmyrsilva07/virtex7/skarab-virtex7-toolflow/fpgs/ethernet_one_gbe_skarab_control/ethernet_one_gbe_skarab_axi/myproj/myproj.srcs/sources_1/imports/skarab_infr/skarab_infr.vhd:247]
WARNING: [Synth 8-7023] instance 'skarab_infr' of module 'skarab_infr' has 166 connections declared, but only 165 given [/home/valmyrsilva07/virtex7/skarab-virtex7-toolflow/fpgs/ethernet_one_gbe_skarab_control/ethernet_one_gbe_skarab_axi/myproj/myproj.srcs/sources_1/imports/ethernet_one_gbe_skarab_axi/top.v:561]
INFO: [Synth 8-6157] synthesizing module 'wb_register_ppc2simulink' [/home/valmyrsilva07/virtex7/skarab-virtex7-toolflow/fpgs/ethernet_one_gbe_skarab_control/ethernet_one_gbe_skarab_axi/myproj/myproj.srcs/sources_1/imports/wb_register_ppc2simulink/wb_register_ppc2simulink.v:1]
	Parameter INIT_VAL bound to: 0 - type: integer 
INFO: [Synth 8-6155] done synthesizing module 'wb_register_ppc2simulink' (183#1) [/home/valmyrsilva07/virtex7/skarab-virtex7-toolflow/fpgs/ethernet_one_gbe_skarab_control/ethernet_one_gbe_skarab_axi/myproj/myproj.srcs/sources_1/imports/wb_register_ppc2simulink/wb_register_ppc2simulink.v:1]
INFO: [Synth 8-6157] synthesizing module 'wb_register_simulink2ppc' [/home/valmyrsilva07/virtex7/skarab-virtex7-toolflow/fpgs/ethernet_one_gbe_skarab_control/ethernet_one_gbe_skarab_axi/myproj/myproj.srcs/sources_1/imports/wb_register_simulink2ppc/wb_register_simulink2ppc.v:1]
INFO: [Synth 8-6155] done synthesizing module 'wb_register_simulink2ppc' (184#1) [/home/valmyrsilva07/virtex7/skarab-virtex7-toolflow/fpgs/ethernet_one_gbe_skarab_control/ethernet_one_gbe_skarab_axi/myproj/myproj.srcs/sources_1/imports/wb_register_simulink2ppc/wb_register_simulink2ppc.v:1]
INFO: [Synth 8-638] synthesizing module 'ethernet_one_gbe_skarab_axi' [/home/valmyrsilva07/virtex7/skarab-virtex7-toolflow/fpgs/ethernet_one_gbe_skarab_control/ethernet_one_gbe_skarab_axi/myproj/myproj.srcs/sources_1/imports/sysgen/ethernet_one_gbe_skarab_axi.vhd:14251]
INFO: [Synth 8-638] synthesizing module 'ethernet_one_gbe_skarab_axi_default_clock_driver' [/home/valmyrsilva07/virtex7/skarab-virtex7-toolflow/fpgs/ethernet_one_gbe_skarab_control/ethernet_one_gbe_skarab_axi/myproj/myproj.srcs/sources_1/imports/sysgen/ethernet_one_gbe_skarab_axi.vhd:14154]
INFO: [Synth 8-638] synthesizing module 'xlclockdriver' [/home/valmyrsilva07/virtex7/skarab-virtex7-toolflow/fpgs/ethernet_one_gbe_skarab_control/ethernet_one_gbe_skarab_axi/myproj/myproj.srcs/sources_1/imports/sysgen/xlclockdriver_rd.vhd:59]
	Parameter period bound to: 1 - type: integer 
	Parameter log_2_period bound to: 1 - type: integer 
	Parameter pipeline_regs bound to: 5 - type: integer 
	Parameter use_bufg bound to: 0 - type: integer 
	Parameter width bound to: 1 - type: integer 
	Parameter init_index bound to: 0 - type: integer 
	Parameter init_value bound to: 4'b0000 
	Parameter latency bound to: 1 - type: integer 
INFO: [Synth 8-638] synthesizing module 'xil_defaultlib_synth_reg_w_init' [/home/valmyrsilva07/virtex7/skarab-virtex7-toolflow/fpgs/ethernet_one_gbe_skarab_control/ethernet_one_gbe_skarab_axi/myproj/myproj.srcs/sources_1/imports/sysgen/synth_reg_w_init.vhd:47]
	Parameter width bound to: 1 - type: integer 
	Parameter init_index bound to: 0 - type: integer 
	Parameter init_value bound to: 4'b0000 
	Parameter latency bound to: 1 - type: integer 
	Parameter width bound to: 1 - type: integer 
	Parameter init_index bound to: 0 - type: integer 
	Parameter init_value bound to: 4'b0000 
INFO: [Synth 8-638] synthesizing module 'xil_defaultlib_single_reg_w_init' [/home/valmyrsilva07/virtex7/skarab-virtex7-toolflow/fpgs/ethernet_one_gbe_skarab_control/ethernet_one_gbe_skarab_axi/myproj/myproj.srcs/sources_1/imports/sysgen/single_reg_w_init.vhd:37]
	Parameter width bound to: 1 - type: integer 
	Parameter init_index bound to: 0 - type: integer 
	Parameter init_value bound to: 4'b0000 
INFO: [Synth 8-113] binding component instance 'fdre_comp' to cell 'FDRE' [/home/valmyrsilva07/virtex7/skarab-virtex7-toolflow/fpgs/ethernet_one_gbe_skarab_control/ethernet_one_gbe_skarab_axi/myproj/myproj.srcs/sources_1/imports/sysgen/single_reg_w_init.vhd:86]
INFO: [Synth 8-256] done synthesizing module 'xil_defaultlib_single_reg_w_init' (185#1) [/home/valmyrsilva07/virtex7/skarab-virtex7-toolflow/fpgs/ethernet_one_gbe_skarab_control/ethernet_one_gbe_skarab_axi/myproj/myproj.srcs/sources_1/imports/sysgen/single_reg_w_init.vhd:37]
INFO: [Synth 8-256] done synthesizing module 'xil_defaultlib_synth_reg_w_init' (186#1) [/home/valmyrsilva07/virtex7/skarab-virtex7-toolflow/fpgs/ethernet_one_gbe_skarab_control/ethernet_one_gbe_skarab_axi/myproj/myproj.srcs/sources_1/imports/sysgen/synth_reg_w_init.vhd:47]
WARNING: [Synth 8-6014] Unused sequential element clk_num_reg was removed.  [/home/valmyrsilva07/virtex7/skarab-virtex7-toolflow/fpgs/ethernet_one_gbe_skarab_control/ethernet_one_gbe_skarab_axi/myproj/myproj.srcs/sources_1/imports/sysgen/xlclockdriver_rd.vhd:212]
INFO: [Synth 8-256] done synthesizing module 'xlclockdriver' (187#1) [/home/valmyrsilva07/virtex7/skarab-virtex7-toolflow/fpgs/ethernet_one_gbe_skarab_control/ethernet_one_gbe_skarab_axi/myproj/myproj.srcs/sources_1/imports/sysgen/xlclockdriver_rd.vhd:59]
INFO: [Synth 8-256] done synthesizing module 'ethernet_one_gbe_skarab_axi_default_clock_driver' (188#1) [/home/valmyrsilva07/virtex7/skarab-virtex7-toolflow/fpgs/ethernet_one_gbe_skarab_control/ethernet_one_gbe_skarab_axi/myproj/myproj.srcs/sources_1/imports/sysgen/ethernet_one_gbe_skarab_axi.vhd:14154]
INFO: [Synth 8-638] synthesizing module 'ethernet_one_gbe_skarab_axi_struct' [/home/valmyrsilva07/virtex7/skarab-virtex7-toolflow/fpgs/ethernet_one_gbe_skarab_control/ethernet_one_gbe_skarab_axi/myproj/myproj.srcs/sources_1/imports/sysgen/ethernet_one_gbe_skarab_axi.vhd:12132]
INFO: [Synth 8-638] synthesizing module 'ethernet_one_gbe_skarab_axi_addr_data_fifo' [/home/valmyrsilva07/virtex7/skarab-virtex7-toolflow/fpgs/ethernet_one_gbe_skarab_control/ethernet_one_gbe_skarab_axi/myproj/myproj.srcs/sources_1/imports/sysgen/ethernet_one_gbe_skarab_axi.vhd:12]
INFO: [Synth 8-638] synthesizing module 'sysgen_delay_193bd861ae' [/home/valmyrsilva07/virtex7/skarab-virtex7-toolflow/fpgs/ethernet_one_gbe_skarab_control/ethernet_one_gbe_skarab_axi/myproj/myproj.srcs/sources_1/imports/sysgen/ethernet_one_gbe_skarab_axi_entity_declarations.vhd:1127]
INFO: [Synth 8-256] done synthesizing module 'sysgen_delay_193bd861ae' (189#1) [/home/valmyrsilva07/virtex7/skarab-virtex7-toolflow/fpgs/ethernet_one_gbe_skarab_control/ethernet_one_gbe_skarab_axi/myproj/myproj.srcs/sources_1/imports/sysgen/ethernet_one_gbe_skarab_axi_entity_declarations.vhd:1127]
INFO: [Synth 8-638] synthesizing module 'sysgen_reinterpret_424e85e61b' [/home/valmyrsilva07/virtex7/skarab-virtex7-toolflow/fpgs/ethernet_one_gbe_skarab_control/ethernet_one_gbe_skarab_axi/myproj/myproj.srcs/sources_1/imports/sysgen/ethernet_one_gbe_skarab_axi_entity_declarations.vhd:1149]
INFO: [Synth 8-256] done synthesizing module 'sysgen_reinterpret_424e85e61b' (190#1) [/home/valmyrsilva07/virtex7/skarab-virtex7-toolflow/fpgs/ethernet_one_gbe_skarab_control/ethernet_one_gbe_skarab_axi/myproj/myproj.srcs/sources_1/imports/sysgen/ethernet_one_gbe_skarab_axi_entity_declarations.vhd:1149]
INFO: [Synth 8-638] synthesizing module 'ethernet_one_gbe_skarab_axi_xlslice' [/home/valmyrsilva07/virtex7/skarab-virtex7-toolflow/fpgs/ethernet_one_gbe_skarab_control/ethernet_one_gbe_skarab_axi/myproj/myproj.srcs/sources_1/imports/sysgen/ethernet_one_gbe_skarab_axi_entity_declarations.vhd:973]
	Parameter new_msb bound to: 31 - type: integer 
	Parameter new_lsb bound to: 0 - type: integer 
	Parameter x_width bound to: 32 - type: integer 
	Parameter y_width bound to: 32 - type: integer 
INFO: [Synth 8-256] done synthesizing module 'ethernet_one_gbe_skarab_axi_xlslice' (191#1) [/home/valmyrsilva07/virtex7/skarab-virtex7-toolflow/fpgs/ethernet_one_gbe_skarab_control/ethernet_one_gbe_skarab_axi/myproj/myproj.srcs/sources_1/imports/sysgen/ethernet_one_gbe_skarab_axi_entity_declarations.vhd:973]
INFO: [Synth 8-256] done synthesizing module 'ethernet_one_gbe_skarab_axi_addr_data_fifo' (192#1) [/home/valmyrsilva07/virtex7/skarab-virtex7-toolflow/fpgs/ethernet_one_gbe_skarab_control/ethernet_one_gbe_skarab_axi/myproj/myproj.srcs/sources_1/imports/sysgen/ethernet_one_gbe_skarab_axi.vhd:12]
INFO: [Synth 8-638] synthesizing module 'ethernet_one_gbe_skarab_axi_addr_data_gbe' [/home/valmyrsilva07/virtex7/skarab-virtex7-toolflow/fpgs/ethernet_one_gbe_skarab_control/ethernet_one_gbe_skarab_axi/myproj/myproj.srcs/sources_1/imports/sysgen/ethernet_one_gbe_skarab_axi.vhd:59]
INFO: [Synth 8-256] done synthesizing module 'ethernet_one_gbe_skarab_axi_addr_data_gbe' (193#1) [/home/valmyrsilva07/virtex7/skarab-virtex7-toolflow/fpgs/ethernet_one_gbe_skarab_control/ethernet_one_gbe_skarab_axi/myproj/myproj.srcs/sources_1/imports/sysgen/ethernet_one_gbe_skarab_axi.vhd:59]
INFO: [Synth 8-638] synthesizing module 'ethernet_one_gbe_skarab_axi_clk_mhz' [/home/valmyrsilva07/virtex7/skarab-virtex7-toolflow/fpgs/ethernet_one_gbe_skarab_control/ethernet_one_gbe_skarab_axi/myproj/myproj.srcs/sources_1/imports/sysgen/ethernet_one_gbe_skarab_axi.vhd:108]
INFO: [Synth 8-638] synthesizing module 'xlpassthrough' [/home/valmyrsilva07/virtex7/skarab-virtex7-toolflow/fpgs/ethernet_one_gbe_skarab_control/ethernet_one_gbe_skarab_axi/myproj/myproj.srcs/sources_1/imports/sysgen/ethernet_one_gbe_skarab_axi_entity_declarations.vhd:178]
	Parameter din_width bound to: 32 - type: integer 
	Parameter dout_width bound to: 32 - type: integer 
INFO: [Synth 8-256] done synthesizing module 'xlpassthrough' (194#1) [/home/valmyrsilva07/virtex7/skarab-virtex7-toolflow/fpgs/ethernet_one_gbe_skarab_control/ethernet_one_gbe_skarab_axi/myproj/myproj.srcs/sources_1/imports/sysgen/ethernet_one_gbe_skarab_axi_entity_declarations.vhd:178]
INFO: [Synth 8-638] synthesizing module 'ethernet_one_gbe_skarab_axi_xlconvert' [/home/valmyrsilva07/virtex7/skarab-virtex7-toolflow/fpgs/ethernet_one_gbe_skarab_control/ethernet_one_gbe_skarab_axi/myproj/myproj.srcs/sources_1/imports/sysgen/ethernet_one_gbe_skarab_axi_entity_declarations.vhd:522]
	Parameter din_width bound to: 32 - type: integer 
	Parameter din_bin_pt bound to: 0 - type: integer 
	Parameter din_arith bound to: 1 - type: integer 
	Parameter dout_width bound to: 32 - type: integer 
	Parameter dout_bin_pt bound to: 0 - type: integer 
	Parameter dout_arith bound to: 1 - type: integer 
	Parameter en_width bound to: 1 - type: integer 
	Parameter en_bin_pt bound to: 0 - type: integer 
	Parameter en_arith bound to: 1 - type: integer 
	Parameter bool_conversion bound to: 0 - type: integer 
	Parameter latency bound to: 1 - type: integer 
	Parameter quantization bound to: 1 - type: integer 
	Parameter overflow bound to: 1 - type: integer 
	Parameter din_width bound to: 32 - type: integer 
	Parameter din_bin_pt bound to: 0 - type: integer 
	Parameter din_arith bound to: 1 - type: integer 
	Parameter dout_width bound to: 32 - type: integer 
	Parameter dout_bin_pt bound to: 0 - type: integer 
	Parameter dout_arith bound to: 1 - type: integer 
	Parameter quantization bound to: 1 - type: integer 
	Parameter overflow bound to: 1 - type: integer 
INFO: [Synth 8-638] synthesizing module 'convert_func_call_ethernet_one_gbe_skarab_axi_xlconvert' [/home/valmyrsilva07/virtex7/skarab-virtex7-toolflow/fpgs/ethernet_one_gbe_skarab_control/ethernet_one_gbe_skarab_axi/myproj/myproj.srcs/sources_1/imports/sysgen/ethernet_one_gbe_skarab_axi_entity_declarations.vhd:481]
	Parameter din_width bound to: 32 - type: integer 
	Parameter din_bin_pt bound to: 0 - type: integer 
	Parameter din_arith bound to: 1 - type: integer 
	Parameter dout_width bound to: 32 - type: integer 
	Parameter dout_bin_pt bound to: 0 - type: integer 
	Parameter dout_arith bound to: 1 - type: integer 
	Parameter quantization bound to: 1 - type: integer 
	Parameter overflow bound to: 1 - type: integer 
INFO: [Synth 8-256] done synthesizing module 'convert_func_call_ethernet_one_gbe_skarab_axi_xlconvert' (195#1) [/home/valmyrsilva07/virtex7/skarab-virtex7-toolflow/fpgs/ethernet_one_gbe_skarab_control/ethernet_one_gbe_skarab_axi/myproj/myproj.srcs/sources_1/imports/sysgen/ethernet_one_gbe_skarab_axi_entity_declarations.vhd:481]
	Parameter width bound to: 32 - type: integer 
	Parameter latency bound to: 1 - type: integer 
INFO: [Synth 8-638] synthesizing module 'synth_reg' [/home/valmyrsilva07/virtex7/skarab-virtex7-toolflow/fpgs/ethernet_one_gbe_skarab_control/ethernet_one_gbe_skarab_axi/myproj/myproj.srcs/sources_1/imports/sysgen/synth_reg.vhd:30]
	Parameter width bound to: 32 - type: integer 
	Parameter latency bound to: 1 - type: integer 
	Parameter width bound to: 32 - type: integer 
	Parameter latency bound to: 1 - type: integer 
INFO: [Synth 8-638] synthesizing module 'srlc33e' [/home/valmyrsilva07/virtex7/skarab-virtex7-toolflow/fpgs/ethernet_one_gbe_skarab_control/ethernet_one_gbe_skarab_axi/myproj/myproj.srcs/sources_1/imports/sysgen/srl33e.vhd:31]
	Parameter width bound to: 32 - type: integer 
	Parameter latency bound to: 1 - type: integer 
INFO: [Synth 8-113] binding component instance 'u2' to cell 'FDE' [/home/valmyrsilva07/virtex7/skarab-virtex7-toolflow/fpgs/ethernet_one_gbe_skarab_control/ethernet_one_gbe_skarab_axi/myproj/myproj.srcs/sources_1/imports/sysgen/srl33e.vhd:75]
INFO: [Synth 8-113] binding component instance 'u2' to cell 'FDE' [/home/valmyrsilva07/virtex7/skarab-virtex7-toolflow/fpgs/ethernet_one_gbe_skarab_control/ethernet_one_gbe_skarab_axi/myproj/myproj.srcs/sources_1/imports/sysgen/srl33e.vhd:75]
INFO: [Synth 8-113] binding component instance 'u2' to cell 'FDE' [/home/valmyrsilva07/virtex7/skarab-virtex7-toolflow/fpgs/ethernet_one_gbe_skarab_control/ethernet_one_gbe_skarab_axi/myproj/myproj.srcs/sources_1/imports/sysgen/srl33e.vhd:75]
INFO: [Synth 8-113] binding component instance 'u2' to cell 'FDE' [/home/valmyrsilva07/virtex7/skarab-virtex7-toolflow/fpgs/ethernet_one_gbe_skarab_control/ethernet_one_gbe_skarab_axi/myproj/myproj.srcs/sources_1/imports/sysgen/srl33e.vhd:75]
INFO: [Common 17-14] Message 'Synth 8-113' appears 100 times and further instances of the messages will be disabled. Use the Tcl command set_msg_config to change the current settings.
INFO: [Synth 8-256] done synthesizing module 'srlc33e' (196#1) [/home/valmyrsilva07/virtex7/skarab-virtex7-toolflow/fpgs/ethernet_one_gbe_skarab_control/ethernet_one_gbe_skarab_axi/myproj/myproj.srcs/sources_1/imports/sysgen/srl33e.vhd:31]
INFO: [Synth 8-256] done synthesizing module 'synth_reg' (197#1) [/home/valmyrsilva07/virtex7/skarab-virtex7-toolflow/fpgs/ethernet_one_gbe_skarab_control/ethernet_one_gbe_skarab_axi/myproj/myproj.srcs/sources_1/imports/sysgen/synth_reg.vhd:30]
INFO: [Synth 8-256] done synthesizing module 'ethernet_one_gbe_skarab_axi_xlconvert' (198#1) [/home/valmyrsilva07/virtex7/skarab-virtex7-toolflow/fpgs/ethernet_one_gbe_skarab_control/ethernet_one_gbe_skarab_axi/myproj/myproj.srcs/sources_1/imports/sysgen/ethernet_one_gbe_skarab_axi_entity_declarations.vhd:522]
INFO: [Synth 8-256] done synthesizing module 'ethernet_one_gbe_skarab_axi_clk_mhz' (199#1) [/home/valmyrsilva07/virtex7/skarab-virtex7-toolflow/fpgs/ethernet_one_gbe_skarab_control/ethernet_one_gbe_skarab_axi/myproj/myproj.srcs/sources_1/imports/sysgen/ethernet_one_gbe_skarab_axi.vhd:108]
INFO: [Synth 8-638] synthesizing module 'ethernet_one_gbe_skarab_axi_convert_rx_valid1' [/home/valmyrsilva07/virtex7/skarab-virtex7-toolflow/fpgs/ethernet_one_gbe_skarab_control/ethernet_one_gbe_skarab_axi/myproj/myproj.srcs/sources_1/imports/sysgen/ethernet_one_gbe_skarab_axi.vhd:244]
INFO: [Synth 8-638] synthesizing module 'ethernet_one_gbe_skarab_axi_bussify' [/home/valmyrsilva07/virtex7/skarab-virtex7-toolflow/fpgs/ethernet_one_gbe_skarab_control/ethernet_one_gbe_skarab_axi/myproj/myproj.srcs/sources_1/imports/sysgen/ethernet_one_gbe_skarab_axi.vhd:179]
INFO: [Synth 8-638] synthesizing module 'sysgen_concat_bfd6b37e28' [/home/valmyrsilva07/virtex7/skarab-virtex7-toolflow/fpgs/ethernet_one_gbe_skarab_control/ethernet_one_gbe_skarab_axi/myproj/myproj.srcs/sources_1/imports/sysgen/ethernet_one_gbe_skarab_axi_entity_declarations.vhd:1174]
INFO: [Synth 8-256] done synthesizing module 'sysgen_concat_bfd6b37e28' (200#1) [/home/valmyrsilva07/virtex7/skarab-virtex7-toolflow/fpgs/ethernet_one_gbe_skarab_control/ethernet_one_gbe_skarab_axi/myproj/myproj.srcs/sources_1/imports/sysgen/ethernet_one_gbe_skarab_axi_entity_declarations.vhd:1174]
INFO: [Synth 8-638] synthesizing module 'sysgen_reinterpret_b12472a9cd' [/home/valmyrsilva07/virtex7/skarab-virtex7-toolflow/fpgs/ethernet_one_gbe_skarab_control/ethernet_one_gbe_skarab_axi/myproj/myproj.srcs/sources_1/imports/sysgen/ethernet_one_gbe_skarab_axi_entity_declarations.vhd:1204]
INFO: [Synth 8-256] done synthesizing module 'sysgen_reinterpret_b12472a9cd' (201#1) [/home/valmyrsilva07/virtex7/skarab-virtex7-toolflow/fpgs/ethernet_one_gbe_skarab_control/ethernet_one_gbe_skarab_axi/myproj/myproj.srcs/sources_1/imports/sysgen/ethernet_one_gbe_skarab_axi_entity_declarations.vhd:1204]
INFO: [Synth 8-256] done synthesizing module 'ethernet_one_gbe_skarab_axi_bussify' (202#1) [/home/valmyrsilva07/virtex7/skarab-virtex7-toolflow/fpgs/ethernet_one_gbe_skarab_control/ethernet_one_gbe_skarab_axi/myproj/myproj.srcs/sources_1/imports/sysgen/ethernet_one_gbe_skarab_axi.vhd:179]
INFO: [Synth 8-256] done synthesizing module 'ethernet_one_gbe_skarab_axi_convert_rx_valid1' (203#1) [/home/valmyrsilva07/virtex7/skarab-virtex7-toolflow/fpgs/ethernet_one_gbe_skarab_control/ethernet_one_gbe_skarab_axi/myproj/myproj.srcs/sources_1/imports/sysgen/ethernet_one_gbe_skarab_axi.vhd:244]
INFO: [Synth 8-638] synthesizing module 'ethernet_one_gbe_skarab_axi_d3' [/home/valmyrsilva07/virtex7/skarab-virtex7-toolflow/fpgs/ethernet_one_gbe_skarab_control/ethernet_one_gbe_skarab_axi/myproj/myproj.srcs/sources_1/imports/sysgen/ethernet_one_gbe_skarab_axi.vhd:2241]
INFO: [Synth 8-638] synthesizing module 'ethernet_one_gbe_skarab_axi_buscreate_x2' [/home/valmyrsilva07/virtex7/skarab-virtex7-toolflow/fpgs/ethernet_one_gbe_skarab_control/ethernet_one_gbe_skarab_axi/myproj/myproj.srcs/sources_1/imports/sysgen/ethernet_one_gbe_skarab_axi.vhd:269]
INFO: [Synth 8-638] synthesizing module 'sysgen_concat_01eff00ae3' [/home/valmyrsilva07/virtex7/skarab-virtex7-toolflow/fpgs/ethernet_one_gbe_skarab_control/ethernet_one_gbe_skarab_axi/myproj/myproj.srcs/sources_1/imports/sysgen/ethernet_one_gbe_skarab_axi_entity_declarations.vhd:1230]
INFO: [Synth 8-256] done synthesizing module 'sysgen_concat_01eff00ae3' (204#1) [/home/valmyrsilva07/virtex7/skarab-virtex7-toolflow/fpgs/ethernet_one_gbe_skarab_control/ethernet_one_gbe_skarab_axi/myproj/myproj.srcs/sources_1/imports/sysgen/ethernet_one_gbe_skarab_axi_entity_declarations.vhd:1230]
INFO: [Synth 8-638] synthesizing module 'sysgen_reinterpret_f4a1fc627e' [/home/valmyrsilva07/virtex7/skarab-virtex7-toolflow/fpgs/ethernet_one_gbe_skarab_control/ethernet_one_gbe_skarab_axi/myproj/myproj.srcs/sources_1/imports/sysgen/ethernet_one_gbe_skarab_axi_entity_declarations.vhd:1258]
INFO: [Synth 8-256] done synthesizing module 'sysgen_reinterpret_f4a1fc627e' (205#1) [/home/valmyrsilva07/virtex7/skarab-virtex7-toolflow/fpgs/ethernet_one_gbe_skarab_control/ethernet_one_gbe_skarab_axi/myproj/myproj.srcs/sources_1/imports/sysgen/ethernet_one_gbe_skarab_axi_entity_declarations.vhd:1258]
INFO: [Synth 8-256] done synthesizing module 'ethernet_one_gbe_skarab_axi_buscreate_x2' (206#1) [/home/valmyrsilva07/virtex7/skarab-virtex7-toolflow/fpgs/ethernet_one_gbe_skarab_control/ethernet_one_gbe_skarab_axi/myproj/myproj.srcs/sources_1/imports/sysgen/ethernet_one_gbe_skarab_axi.vhd:269]
INFO: [Synth 8-638] synthesizing module 'ethernet_one_gbe_skarab_axi_ss_x2' [/home/valmyrsilva07/virtex7/skarab-virtex7-toolflow/fpgs/ethernet_one_gbe_skarab_control/ethernet_one_gbe_skarab_axi/myproj/myproj.srcs/sources_1/imports/sysgen/ethernet_one_gbe_skarab_axi.vhd:2008]
INFO: [Synth 8-638] synthesizing module 'ethernet_one_gbe_skarab_axi_add_gen_x1' [/home/valmyrsilva07/virtex7/skarab-virtex7-toolflow/fpgs/ethernet_one_gbe_skarab_control/ethernet_one_gbe_skarab_axi/myproj/myproj.srcs/sources_1/imports/sysgen/ethernet_one_gbe_skarab_axi.vhd:395]
INFO: [Synth 8-638] synthesizing module 'ethernet_one_gbe_skarab_axi_edge_detect_x4' [/home/valmyrsilva07/virtex7/skarab-virtex7-toolflow/fpgs/ethernet_one_gbe_skarab_control/ethernet_one_gbe_skarab_axi/myproj/myproj.srcs/sources_1/imports/sysgen/ethernet_one_gbe_skarab_axi.vhd:330]
INFO: [Synth 8-638] synthesizing module 'ethernet_one_gbe_skarab_axi_xldelay' [/home/valmyrsilva07/virtex7/skarab-virtex7-toolflow/fpgs/ethernet_one_gbe_skarab_control/ethernet_one_gbe_skarab_axi/myproj/myproj.srcs/sources_1/imports/sysgen/ethernet_one_gbe_skarab_axi_entity_declarations.vhd:634]
	Parameter width bound to: 1 - type: integer 
	Parameter latency bound to: 1 - type: integer 
	Parameter reg_retiming bound to: 0 - type: integer 
	Parameter reset bound to: 0 - type: integer 
	Parameter width bound to: 1 - type: integer 
	Parameter latency bound to: 1 - type: integer 
INFO: [Synth 8-638] synthesizing module 'synth_reg__parameterized1' [/home/valmyrsilva07/virtex7/skarab-virtex7-toolflow/fpgs/ethernet_one_gbe_skarab_control/ethernet_one_gbe_skarab_axi/myproj/myproj.srcs/sources_1/imports/sysgen/synth_reg.vhd:30]
	Parameter width bound to: 1 - type: integer 
	Parameter latency bound to: 1 - type: integer 
	Parameter width bound to: 1 - type: integer 
	Parameter latency bound to: 1 - type: integer 
INFO: [Synth 8-638] synthesizing module 'srlc33e__parameterized1' [/home/valmyrsilva07/virtex7/skarab-virtex7-toolflow/fpgs/ethernet_one_gbe_skarab_control/ethernet_one_gbe_skarab_axi/myproj/myproj.srcs/sources_1/imports/sysgen/srl33e.vhd:31]
	Parameter width bound to: 1 - type: integer 
	Parameter latency bound to: 1 - type: integer 
INFO: [Synth 8-256] done synthesizing module 'srlc33e__parameterized1' (206#1) [/home/valmyrsilva07/virtex7/skarab-virtex7-toolflow/fpgs/ethernet_one_gbe_skarab_control/ethernet_one_gbe_skarab_axi/myproj/myproj.srcs/sources_1/imports/sysgen/srl33e.vhd:31]
INFO: [Synth 8-256] done synthesizing module 'synth_reg__parameterized1' (206#1) [/home/valmyrsilva07/virtex7/skarab-virtex7-toolflow/fpgs/ethernet_one_gbe_skarab_control/ethernet_one_gbe_skarab_axi/myproj/myproj.srcs/sources_1/imports/sysgen/synth_reg.vhd:30]
INFO: [Synth 8-256] done synthesizing module 'ethernet_one_gbe_skarab_axi_xldelay' (207#1) [/home/valmyrsilva07/virtex7/skarab-virtex7-toolflow/fpgs/ethernet_one_gbe_skarab_control/ethernet_one_gbe_skarab_axi/myproj/myproj.srcs/sources_1/imports/sysgen/ethernet_one_gbe_skarab_axi_entity_declarations.vhd:634]
INFO: [Synth 8-638] synthesizing module 'sysgen_inverter_0db20fdf77' [/home/valmyrsilva07/virtex7/skarab-virtex7-toolflow/fpgs/ethernet_one_gbe_skarab_control/ethernet_one_gbe_skarab_axi/myproj/myproj.srcs/sources_1/imports/sysgen/ethernet_one_gbe_skarab_axi_entity_declarations.vhd:701]
INFO: [Synth 8-256] done synthesizing module 'sysgen_inverter_0db20fdf77' (208#1) [/home/valmyrsilva07/virtex7/skarab-virtex7-toolflow/fpgs/ethernet_one_gbe_skarab_control/ethernet_one_gbe_skarab_axi/myproj/myproj.srcs/sources_1/imports/sysgen/ethernet_one_gbe_skarab_axi_entity_declarations.vhd:701]
INFO: [Synth 8-638] synthesizing module 'sysgen_logical_9ff5c3cd9d' [/home/valmyrsilva07/virtex7/skarab-virtex7-toolflow/fpgs/ethernet_one_gbe_skarab_control/ethernet_one_gbe_skarab_axi/myproj/myproj.srcs/sources_1/imports/sysgen/ethernet_one_gbe_skarab_axi_entity_declarations.vhd:1666]
INFO: [Synth 8-256] done synthesizing module 'sysgen_logical_9ff5c3cd9d' (209#1) [/home/valmyrsilva07/virtex7/skarab-virtex7-toolflow/fpgs/ethernet_one_gbe_skarab_control/ethernet_one_gbe_skarab_axi/myproj/myproj.srcs/sources_1/imports/sysgen/ethernet_one_gbe_skarab_axi_entity_declarations.vhd:1666]
INFO: [Synth 8-256] done synthesizing module 'ethernet_one_gbe_skarab_axi_edge_detect_x4' (210#1) [/home/valmyrsilva07/virtex7/skarab-virtex7-toolflow/fpgs/ethernet_one_gbe_skarab_control/ethernet_one_gbe_skarab_axi/myproj/myproj.srcs/sources_1/imports/sysgen/ethernet_one_gbe_skarab_axi.vhd:330]
INFO: [Synth 8-638] synthesizing module 'sysgen_concat_a4cfcb3cab' [/home/valmyrsilva07/virtex7/skarab-virtex7-toolflow/fpgs/ethernet_one_gbe_skarab_control/ethernet_one_gbe_skarab_axi/myproj/myproj.srcs/sources_1/imports/sysgen/ethernet_one_gbe_skarab_axi_entity_declarations.vhd:1473]
INFO: [Synth 8-256] done synthesizing module 'sysgen_concat_a4cfcb3cab' (211#1) [/home/valmyrsilva07/virtex7/skarab-virtex7-toolflow/fpgs/ethernet_one_gbe_skarab_control/ethernet_one_gbe_skarab_axi/myproj/myproj.srcs/sources_1/imports/sysgen/ethernet_one_gbe_skarab_axi_entity_declarations.vhd:1473]
INFO: [Synth 8-638] synthesizing module 'ethernet_one_gbe_skarab_axi_xlconvert__parameterized0' [/home/valmyrsilva07/virtex7/skarab-virtex7-toolflow/fpgs/ethernet_one_gbe_skarab_control/ethernet_one_gbe_skarab_axi/myproj/myproj.srcs/sources_1/imports/sysgen/ethernet_one_gbe_skarab_axi_entity_declarations.vhd:522]
	Parameter din_width bound to: 1 - type: integer 
	Parameter din_bin_pt bound to: 0 - type: integer 
	Parameter din_arith bound to: 1 - type: integer 
	Parameter dout_width bound to: 14 - type: integer 
	Parameter dout_bin_pt bound to: 0 - type: integer 
	Parameter dout_arith bound to: 1 - type: integer 
	Parameter en_width bound to: 1 - type: integer 
	Parameter en_bin_pt bound to: 0 - type: integer 
	Parameter en_arith bound to: 1 - type: integer 
	Parameter bool_conversion bound to: 0 - type: integer 
	Parameter latency bound to: 0 - type: integer 
	Parameter quantization bound to: 1 - type: integer 
	Parameter overflow bound to: 1 - type: integer 
	Parameter din_width bound to: 1 - type: integer 
	Parameter din_bin_pt bound to: 0 - type: integer 
	Parameter din_arith bound to: 1 - type: integer 
	Parameter dout_width bound to: 14 - type: integer 
	Parameter dout_bin_pt bound to: 0 - type: integer 
	Parameter dout_arith bound to: 1 - type: integer 
	Parameter quantization bound to: 1 - type: integer 
	Parameter overflow bound to: 1 - type: integer 
INFO: [Synth 8-638] synthesizing module 'convert_func_call_ethernet_one_gbe_skarab_axi_xlconvert__parameterized1' [/home/valmyrsilva07/virtex7/skarab-virtex7-toolflow/fpgs/ethernet_one_gbe_skarab_control/ethernet_one_gbe_skarab_axi/myproj/myproj.srcs/sources_1/imports/sysgen/ethernet_one_gbe_skarab_axi_entity_declarations.vhd:481]
	Parameter din_width bound to: 1 - type: integer 
	Parameter din_bin_pt bound to: 0 - type: integer 
	Parameter din_arith bound to: 1 - type: integer 
	Parameter dout_width bound to: 14 - type: integer 
	Parameter dout_bin_pt bound to: 0 - type: integer 
	Parameter dout_arith bound to: 1 - type: integer 
	Parameter quantization bound to: 1 - type: integer 
	Parameter overflow bound to: 1 - type: integer 
INFO: [Synth 8-256] done synthesizing module 'convert_func_call_ethernet_one_gbe_skarab_axi_xlconvert__parameterized1' (211#1) [/home/valmyrsilva07/virtex7/skarab-virtex7-toolflow/fpgs/ethernet_one_gbe_skarab_control/ethernet_one_gbe_skarab_axi/myproj/myproj.srcs/sources_1/imports/sysgen/ethernet_one_gbe_skarab_axi_entity_declarations.vhd:481]
INFO: [Synth 8-256] done synthesizing module 'ethernet_one_gbe_skarab_axi_xlconvert__parameterized0' (211#1) [/home/valmyrsilva07/virtex7/skarab-virtex7-toolflow/fpgs/ethernet_one_gbe_skarab_control/ethernet_one_gbe_skarab_axi/myproj/myproj.srcs/sources_1/imports/sysgen/ethernet_one_gbe_skarab_axi_entity_declarations.vhd:522]
INFO: [Synth 8-638] synthesizing module 'sysgen_delay_d619764495' [/home/valmyrsilva07/virtex7/skarab-virtex7-toolflow/fpgs/ethernet_one_gbe_skarab_control/ethernet_one_gbe_skarab_axi/myproj/myproj.srcs/sources_1/imports/sysgen/ethernet_one_gbe_skarab_axi_entity_declarations.vhd:1430]
INFO: [Synth 8-256] done synthesizing module 'sysgen_delay_d619764495' (212#1) [/home/valmyrsilva07/virtex7/skarab-virtex7-toolflow/fpgs/ethernet_one_gbe_skarab_control/ethernet_one_gbe_skarab_axi/myproj/myproj.srcs/sources_1/imports/sysgen/ethernet_one_gbe_skarab_axi_entity_declarations.vhd:1430]
INFO: [Synth 8-638] synthesizing module 'ethernet_one_gbe_skarab_axi_xldelay__parameterized0' [/home/valmyrsilva07/virtex7/skarab-virtex7-toolflow/fpgs/ethernet_one_gbe_skarab_control/ethernet_one_gbe_skarab_axi/myproj/myproj.srcs/sources_1/imports/sysgen/ethernet_one_gbe_skarab_axi_entity_declarations.vhd:634]
	Parameter width bound to: 17 - type: integer 
	Parameter latency bound to: 1 - type: integer 
	Parameter reg_retiming bound to: 0 - type: integer 
	Parameter reset bound to: 0 - type: integer 
	Parameter width bound to: 17 - type: integer 
	Parameter latency bound to: 1 - type: integer 
INFO: [Synth 8-638] synthesizing module 'synth_reg__parameterized3' [/home/valmyrsilva07/virtex7/skarab-virtex7-toolflow/fpgs/ethernet_one_gbe_skarab_control/ethernet_one_gbe_skarab_axi/myproj/myproj.srcs/sources_1/imports/sysgen/synth_reg.vhd:30]
	Parameter width bound to: 17 - type: integer 
	Parameter latency bound to: 1 - type: integer 
	Parameter width bound to: 17 - type: integer 
	Parameter latency bound to: 1 - type: integer 
INFO: [Synth 8-638] synthesizing module 'srlc33e__parameterized3' [/home/valmyrsilva07/virtex7/skarab-virtex7-toolflow/fpgs/ethernet_one_gbe_skarab_control/ethernet_one_gbe_skarab_axi/myproj/myproj.srcs/sources_1/imports/sysgen/srl33e.vhd:31]
	Parameter width bound to: 17 - type: integer 
	Parameter latency bound to: 1 - type: integer 
INFO: [Synth 8-256] done synthesizing module 'srlc33e__parameterized3' (212#1) [/home/valmyrsilva07/virtex7/skarab-virtex7-toolflow/fpgs/ethernet_one_gbe_skarab_control/ethernet_one_gbe_skarab_axi/myproj/myproj.srcs/sources_1/imports/sysgen/srl33e.vhd:31]
INFO: [Synth 8-256] done synthesizing module 'synth_reg__parameterized3' (212#1) [/home/valmyrsilva07/virtex7/skarab-virtex7-toolflow/fpgs/ethernet_one_gbe_skarab_control/ethernet_one_gbe_skarab_axi/myproj/myproj.srcs/sources_1/imports/sysgen/synth_reg.vhd:30]
INFO: [Synth 8-256] done synthesizing module 'ethernet_one_gbe_skarab_axi_xldelay__parameterized0' (212#1) [/home/valmyrsilva07/virtex7/skarab-virtex7-toolflow/fpgs/ethernet_one_gbe_skarab_control/ethernet_one_gbe_skarab_axi/myproj/myproj.srcs/sources_1/imports/sysgen/ethernet_one_gbe_skarab_axi_entity_declarations.vhd:634]
INFO: [Synth 8-638] synthesizing module 'sysgen_delay_f81c9109ce' [/home/valmyrsilva07/virtex7/skarab-virtex7-toolflow/fpgs/ethernet_one_gbe_skarab_control/ethernet_one_gbe_skarab_axi/myproj/myproj.srcs/sources_1/imports/sysgen/ethernet_one_gbe_skarab_axi_entity_declarations.vhd:1367]
INFO: [Synth 8-256] done synthesizing module 'sysgen_delay_f81c9109ce' (213#1) [/home/valmyrsilva07/virtex7/skarab-virtex7-toolflow/fpgs/ethernet_one_gbe_skarab_control/ethernet_one_gbe_skarab_axi/myproj/myproj.srcs/sources_1/imports/sysgen/ethernet_one_gbe_skarab_axi_entity_declarations.vhd:1367]
INFO: [Synth 8-638] synthesizing module 'sysgen_inverter_7debdcb2b5' [/home/valmyrsilva07/virtex7/skarab-virtex7-toolflow/fpgs/ethernet_one_gbe_skarab_control/ethernet_one_gbe_skarab_axi/myproj/myproj.srcs/sources_1/imports/sysgen/ethernet_one_gbe_skarab_axi_entity_declarations.vhd:1501]
INFO: [Synth 8-256] done synthesizing module 'sysgen_inverter_7debdcb2b5' (214#1) [/home/valmyrsilva07/virtex7/skarab-virtex7-toolflow/fpgs/ethernet_one_gbe_skarab_control/ethernet_one_gbe_skarab_axi/myproj/myproj.srcs/sources_1/imports/sysgen/ethernet_one_gbe_skarab_axi_entity_declarations.vhd:1501]
INFO: [Synth 8-638] synthesizing module 'sysgen_logical_8d268f63df' [/home/valmyrsilva07/virtex7/skarab-virtex7-toolflow/fpgs/ethernet_one_gbe_skarab_control/ethernet_one_gbe_skarab_axi/myproj/myproj.srcs/sources_1/imports/sysgen/ethernet_one_gbe_skarab_axi_entity_declarations.vhd:1545]
INFO: [Synth 8-256] done synthesizing module 'sysgen_logical_8d268f63df' (215#1) [/home/valmyrsilva07/virtex7/skarab-virtex7-toolflow/fpgs/ethernet_one_gbe_skarab_control/ethernet_one_gbe_skarab_axi/myproj/myproj.srcs/sources_1/imports/sysgen/ethernet_one_gbe_skarab_axi_entity_declarations.vhd:1545]
INFO: [Synth 8-638] synthesizing module 'sysgen_logical_34a0e9009f' [/home/valmyrsilva07/virtex7/skarab-virtex7-toolflow/fpgs/ethernet_one_gbe_skarab_control/ethernet_one_gbe_skarab_axi/myproj/myproj.srcs/sources_1/imports/sysgen/ethernet_one_gbe_skarab_axi_entity_declarations.vhd:1341]
INFO: [Synth 8-256] done synthesizing module 'sysgen_logical_34a0e9009f' (216#1) [/home/valmyrsilva07/virtex7/skarab-virtex7-toolflow/fpgs/ethernet_one_gbe_skarab_control/ethernet_one_gbe_skarab_axi/myproj/myproj.srcs/sources_1/imports/sysgen/ethernet_one_gbe_skarab_axi_entity_declarations.vhd:1341]
INFO: [Synth 8-638] synthesizing module 'sysgen_logical_a843df51a6' [/home/valmyrsilva07/virtex7/skarab-virtex7-toolflow/fpgs/ethernet_one_gbe_skarab_control/ethernet_one_gbe_skarab_axi/myproj/myproj.srcs/sources_1/imports/sysgen/ethernet_one_gbe_skarab_axi_entity_declarations.vhd:1592]
INFO: [Synth 8-256] done synthesizing module 'sysgen_logical_a843df51a6' (217#1) [/home/valmyrsilva07/virtex7/skarab-virtex7-toolflow/fpgs/ethernet_one_gbe_skarab_control/ethernet_one_gbe_skarab_axi/myproj/myproj.srcs/sources_1/imports/sysgen/ethernet_one_gbe_skarab_axi_entity_declarations.vhd:1592]
INFO: [Synth 8-638] synthesizing module 'ethernet_one_gbe_skarab_axi_xlregister' [/home/valmyrsilva07/virtex7/skarab-virtex7-toolflow/fpgs/ethernet_one_gbe_skarab_control/ethernet_one_gbe_skarab_axi/myproj/myproj.srcs/sources_1/imports/sysgen/ethernet_one_gbe_skarab_axi_entity_declarations.vhd:794]
	Parameter d_width bound to: 1 - type: integer 
	Parameter init_value bound to: 1'b1 
	Parameter width bound to: 1 - type: integer 
	Parameter init_index bound to: 2 - type: integer 
	Parameter init_value bound to: 1'b1 
	Parameter latency bound to: 1 - type: integer 
INFO: [Synth 8-638] synthesizing module 'xil_defaultlib_synth_reg_w_init__parameterized0' [/home/valmyrsilva07/virtex7/skarab-virtex7-toolflow/fpgs/ethernet_one_gbe_skarab_control/ethernet_one_gbe_skarab_axi/myproj/myproj.srcs/sources_1/imports/sysgen/synth_reg_w_init.vhd:47]
	Parameter width bound to: 1 - type: integer 
	Parameter init_index bound to: 2 - type: integer 
	Parameter init_value bound to: 1'b1 
	Parameter latency bound to: 1 - type: integer 
	Parameter width bound to: 1 - type: integer 
	Parameter init_index bound to: 2 - type: integer 
	Parameter init_value bound to: 1'b1 
INFO: [Synth 8-638] synthesizing module 'xil_defaultlib_single_reg_w_init__parameterized0' [/home/valmyrsilva07/virtex7/skarab-virtex7-toolflow/fpgs/ethernet_one_gbe_skarab_control/ethernet_one_gbe_skarab_axi/myproj/myproj.srcs/sources_1/imports/sysgen/single_reg_w_init.vhd:37]
	Parameter width bound to: 1 - type: integer 
	Parameter init_index bound to: 2 - type: integer 
	Parameter init_value bound to: 1'b1 
INFO: [Synth 8-256] done synthesizing module 'xil_defaultlib_single_reg_w_init__parameterized0' (217#1) [/home/valmyrsilva07/virtex7/skarab-virtex7-toolflow/fpgs/ethernet_one_gbe_skarab_control/ethernet_one_gbe_skarab_axi/myproj/myproj.srcs/sources_1/imports/sysgen/single_reg_w_init.vhd:37]
INFO: [Synth 8-256] done synthesizing module 'xil_defaultlib_synth_reg_w_init__parameterized0' (217#1) [/home/valmyrsilva07/virtex7/skarab-virtex7-toolflow/fpgs/ethernet_one_gbe_skarab_control/ethernet_one_gbe_skarab_axi/myproj/myproj.srcs/sources_1/imports/sysgen/synth_reg_w_init.vhd:47]
INFO: [Synth 8-256] done synthesizing module 'ethernet_one_gbe_skarab_axi_xlregister' (218#1) [/home/valmyrsilva07/virtex7/skarab-virtex7-toolflow/fpgs/ethernet_one_gbe_skarab_control/ethernet_one_gbe_skarab_axi/myproj/myproj.srcs/sources_1/imports/sysgen/ethernet_one_gbe_skarab_axi_entity_declarations.vhd:794]
INFO: [Synth 8-638] synthesizing module 'sysgen_shift_c01a1864d7' [/home/valmyrsilva07/virtex7/skarab-virtex7-toolflow/fpgs/ethernet_one_gbe_skarab_control/ethernet_one_gbe_skarab_axi/myproj/myproj.srcs/sources_1/imports/sysgen/ethernet_one_gbe_skarab_axi_entity_declarations.vhd:1620]
INFO: [Synth 8-256] done synthesizing module 'sysgen_shift_c01a1864d7' (219#1) [/home/valmyrsilva07/virtex7/skarab-virtex7-toolflow/fpgs/ethernet_one_gbe_skarab_control/ethernet_one_gbe_skarab_axi/myproj/myproj.srcs/sources_1/imports/sysgen/ethernet_one_gbe_skarab_axi_entity_declarations.vhd:1620]
INFO: [Synth 8-638] synthesizing module 'ethernet_one_gbe_skarab_axi_xlcounter_free' [/home/valmyrsilva07/virtex7/skarab-virtex7-toolflow/fpgs/ethernet_one_gbe_skarab_control/ethernet_one_gbe_skarab_axi/myproj/myproj.srcs/sources_1/imports/sysgen/ethernet_one_gbe_skarab_axi_entity_declarations.vhd:3485]
	Parameter core_name0 bound to: ethernet_one_gbe_skarab_axi_c_counter_binary_v12_0_i1 - type: string 
	Parameter op_width bound to: 18 - type: integer 
	Parameter op_arith bound to: 1 - type: integer 
INFO: [Synth 8-638] synthesizing module 'ethernet_one_gbe_skarab_axi_c_counter_binary_v12_0_i1' [/home/valmyrsilva07/virtex7/skarab-virtex7-toolflow/fpgs/ethernet_one_gbe_skarab_control/ethernet_one_gbe_skarab_axi/myproj/myproj.runs/synth_1/.Xil/Vivado-477952-valmyrsilva07-B760M-AORUS-ELITE/realtime/ethernet_one_gbe_skarab_axi_c_counter_binary_v12_0_i1_stub.vhdl:15]
INFO: [Synth 8-256] done synthesizing module 'ethernet_one_gbe_skarab_axi_xlcounter_free' (220#1) [/home/valmyrsilva07/virtex7/skarab-virtex7-toolflow/fpgs/ethernet_one_gbe_skarab_control/ethernet_one_gbe_skarab_axi/myproj/myproj.srcs/sources_1/imports/sysgen/ethernet_one_gbe_skarab_axi_entity_declarations.vhd:3485]
INFO: [Synth 8-638] synthesizing module 'ethernet_one_gbe_skarab_axi_xlslice__parameterized0' [/home/valmyrsilva07/virtex7/skarab-virtex7-toolflow/fpgs/ethernet_one_gbe_skarab_control/ethernet_one_gbe_skarab_axi/myproj/myproj.srcs/sources_1/imports/sysgen/ethernet_one_gbe_skarab_axi_entity_declarations.vhd:973]
	Parameter new_msb bound to: 16 - type: integer 
	Parameter new_lsb bound to: 0 - type: integer 
	Parameter x_width bound to: 18 - type: integer 
	Parameter y_width bound to: 17 - type: integer 
INFO: [Synth 8-256] done synthesizing module 'ethernet_one_gbe_skarab_axi_xlslice__parameterized0' (220#1) [/home/valmyrsilva07/virtex7/skarab-virtex7-toolflow/fpgs/ethernet_one_gbe_skarab_control/ethernet_one_gbe_skarab_axi/myproj/myproj.srcs/sources_1/imports/sysgen/ethernet_one_gbe_skarab_axi_entity_declarations.vhd:973]
INFO: [Synth 8-638] synthesizing module 'ethernet_one_gbe_skarab_axi_xlslice__parameterized1' [/home/valmyrsilva07/virtex7/skarab-virtex7-toolflow/fpgs/ethernet_one_gbe_skarab_control/ethernet_one_gbe_skarab_axi/myproj/myproj.srcs/sources_1/imports/sysgen/ethernet_one_gbe_skarab_axi_entity_declarations.vhd:973]
	Parameter new_msb bound to: 16 - type: integer 
	Parameter new_lsb bound to: 4 - type: integer 
	Parameter x_width bound to: 18 - type: integer 
	Parameter y_width bound to: 13 - type: integer 
INFO: [Synth 8-256] done synthesizing module 'ethernet_one_gbe_skarab_axi_xlslice__parameterized1' (220#1) [/home/valmyrsilva07/virtex7/skarab-virtex7-toolflow/fpgs/ethernet_one_gbe_skarab_control/ethernet_one_gbe_skarab_axi/myproj/myproj.srcs/sources_1/imports/sysgen/ethernet_one_gbe_skarab_axi_entity_declarations.vhd:973]
INFO: [Synth 8-638] synthesizing module 'ethernet_one_gbe_skarab_axi_xlslice__parameterized2' [/home/valmyrsilva07/virtex7/skarab-virtex7-toolflow/fpgs/ethernet_one_gbe_skarab_control/ethernet_one_gbe_skarab_axi/myproj/myproj.srcs/sources_1/imports/sysgen/ethernet_one_gbe_skarab_axi_entity_declarations.vhd:973]
	Parameter new_msb bound to: 17 - type: integer 
	Parameter new_lsb bound to: 17 - type: integer 
	Parameter x_width bound to: 18 - type: integer 
	Parameter y_width bound to: 1 - type: integer 
INFO: [Synth 8-256] done synthesizing module 'ethernet_one_gbe_skarab_axi_xlslice__parameterized2' (220#1) [/home/valmyrsilva07/virtex7/skarab-virtex7-toolflow/fpgs/ethernet_one_gbe_skarab_control/ethernet_one_gbe_skarab_axi/myproj/myproj.srcs/sources_1/imports/sysgen/ethernet_one_gbe_skarab_axi_entity_declarations.vhd:973]
INFO: [Synth 8-256] done synthesizing module 'ethernet_one_gbe_skarab_axi_add_gen_x1' (221#1) [/home/valmyrsilva07/virtex7/skarab-virtex7-toolflow/fpgs/ethernet_one_gbe_skarab_control/ethernet_one_gbe_skarab_axi/myproj/myproj.srcs/sources_1/imports/sysgen/ethernet_one_gbe_skarab_axi.vhd:395]
INFO: [Synth 8-638] synthesizing module 'ethernet_one_gbe_skarab_axi_basic_ctrl_x1' [/home/valmyrsilva07/virtex7/skarab-virtex7-toolflow/fpgs/ethernet_one_gbe_skarab_control/ethernet_one_gbe_skarab_axi/myproj/myproj.srcs/sources_1/imports/sysgen/ethernet_one_gbe_skarab_axi.vhd:1019]
INFO: [Synth 8-638] synthesizing module 'ethernet_one_gbe_skarab_axi_dram_munge_x1' [/home/valmyrsilva07/virtex7/skarab-virtex7-toolflow/fpgs/ethernet_one_gbe_skarab_control/ethernet_one_gbe_skarab_axi/myproj/myproj.srcs/sources_1/imports/sysgen/ethernet_one_gbe_skarab_axi.vhd:648]
INFO: [Synth 8-638] synthesizing module 'sysgen_concat_05f2814105' [/home/valmyrsilva07/virtex7/skarab-virtex7-toolflow/fpgs/ethernet_one_gbe_skarab_control/ethernet_one_gbe_skarab_axi/myproj/myproj.srcs/sources_1/imports/sysgen/ethernet_one_gbe_skarab_axi_entity_declarations.vhd:1738]
INFO: [Synth 8-256] done synthesizing module 'sysgen_concat_05f2814105' (222#1) [/home/valmyrsilva07/virtex7/skarab-virtex7-toolflow/fpgs/ethernet_one_gbe_skarab_control/ethernet_one_gbe_skarab_axi/myproj/myproj.srcs/sources_1/imports/sysgen/ethernet_one_gbe_skarab_axi_entity_declarations.vhd:1738]
INFO: [Synth 8-638] synthesizing module 'sysgen_constant_54fe90d095' [/home/valmyrsilva07/virtex7/skarab-virtex7-toolflow/fpgs/ethernet_one_gbe_skarab_control/ethernet_one_gbe_skarab_axi/myproj/myproj.srcs/sources_1/imports/sysgen/ethernet_one_gbe_skarab_axi_entity_declarations.vhd:1767]
INFO: [Synth 8-256] done synthesizing module 'sysgen_constant_54fe90d095' (223#1) [/home/valmyrsilva07/virtex7/skarab-virtex7-toolflow/fpgs/ethernet_one_gbe_skarab_control/ethernet_one_gbe_skarab_axi/myproj/myproj.srcs/sources_1/imports/sysgen/ethernet_one_gbe_skarab_axi_entity_declarations.vhd:1767]
INFO: [Synth 8-638] synthesizing module 'sysgen_mux_dfe4108ae7' [/home/valmyrsilva07/virtex7/skarab-virtex7-toolflow/fpgs/ethernet_one_gbe_skarab_control/ethernet_one_gbe_skarab_axi/myproj/myproj.srcs/sources_1/imports/sysgen/ethernet_one_gbe_skarab_axi_entity_declarations.vhd:1789]
INFO: [Synth 8-256] done synthesizing module 'sysgen_mux_dfe4108ae7' (224#1) [/home/valmyrsilva07/virtex7/skarab-virtex7-toolflow/fpgs/ethernet_one_gbe_skarab_control/ethernet_one_gbe_skarab_axi/myproj/myproj.srcs/sources_1/imports/sysgen/ethernet_one_gbe_skarab_axi_entity_declarations.vhd:1789]
INFO: [Synth 8-638] synthesizing module 'ethernet_one_gbe_skarab_axi_xlregister__parameterized0' [/home/valmyrsilva07/virtex7/skarab-virtex7-toolflow/fpgs/ethernet_one_gbe_skarab_control/ethernet_one_gbe_skarab_axi/myproj/myproj.srcs/sources_1/imports/sysgen/ethernet_one_gbe_skarab_axi_entity_declarations.vhd:794]
	Parameter d_width bound to: 128 - type: integer 
	Parameter init_value bound to: 128'b00000000000000000000000000000000000000000000000000000000000000000000000000000000000000000000000000000000000000000000000000000000 
	Parameter width bound to: 128 - type: integer 
	Parameter init_index bound to: 2 - type: integer 
	Parameter init_value bound to: 128'b00000000000000000000000000000000000000000000000000000000000000000000000000000000000000000000000000000000000000000000000000000000 
	Parameter latency bound to: 1 - type: integer 
INFO: [Synth 8-638] synthesizing module 'xil_defaultlib_synth_reg_w_init__parameterized1' [/home/valmyrsilva07/virtex7/skarab-virtex7-toolflow/fpgs/ethernet_one_gbe_skarab_control/ethernet_one_gbe_skarab_axi/myproj/myproj.srcs/sources_1/imports/sysgen/synth_reg_w_init.vhd:47]
	Parameter width bound to: 128 - type: integer 
	Parameter init_index bound to: 2 - type: integer 
	Parameter init_value bound to: 128'b00000000000000000000000000000000000000000000000000000000000000000000000000000000000000000000000000000000000000000000000000000000 
	Parameter latency bound to: 1 - type: integer 
	Parameter width bound to: 128 - type: integer 
	Parameter init_index bound to: 2 - type: integer 
	Parameter init_value bound to: 128'b00000000000000000000000000000000000000000000000000000000000000000000000000000000000000000000000000000000000000000000000000000000 
INFO: [Synth 8-638] synthesizing module 'xil_defaultlib_single_reg_w_init__parameterized1' [/home/valmyrsilva07/virtex7/skarab-virtex7-toolflow/fpgs/ethernet_one_gbe_skarab_control/ethernet_one_gbe_skarab_axi/myproj/myproj.srcs/sources_1/imports/sysgen/single_reg_w_init.vhd:37]
	Parameter width bound to: 128 - type: integer 
	Parameter init_index bound to: 2 - type: integer 
	Parameter init_value bound to: 128'b00000000000000000000000000000000000000000000000000000000000000000000000000000000000000000000000000000000000000000000000000000000 
INFO: [Synth 8-256] done synthesizing module 'xil_defaultlib_single_reg_w_init__parameterized1' (224#1) [/home/valmyrsilva07/virtex7/skarab-virtex7-toolflow/fpgs/ethernet_one_gbe_skarab_control/ethernet_one_gbe_skarab_axi/myproj/myproj.srcs/sources_1/imports/sysgen/single_reg_w_init.vhd:37]
INFO: [Synth 8-256] done synthesizing module 'xil_defaultlib_synth_reg_w_init__parameterized1' (224#1) [/home/valmyrsilva07/virtex7/skarab-virtex7-toolflow/fpgs/ethernet_one_gbe_skarab_control/ethernet_one_gbe_skarab_axi/myproj/myproj.srcs/sources_1/imports/sysgen/synth_reg_w_init.vhd:47]
INFO: [Synth 8-256] done synthesizing module 'ethernet_one_gbe_skarab_axi_xlregister__parameterized0' (224#1) [/home/valmyrsilva07/virtex7/skarab-virtex7-toolflow/fpgs/ethernet_one_gbe_skarab_control/ethernet_one_gbe_skarab_axi/myproj/myproj.srcs/sources_1/imports/sysgen/ethernet_one_gbe_skarab_axi_entity_declarations.vhd:794]
INFO: [Synth 8-638] synthesizing module 'sysgen_relational_a41c51cb14' [/home/valmyrsilva07/virtex7/skarab-virtex7-toolflow/fpgs/ethernet_one_gbe_skarab_control/ethernet_one_gbe_skarab_axi/myproj/myproj.srcs/sources_1/imports/sysgen/ethernet_one_gbe_skarab_axi_entity_declarations.vhd:1846]
INFO: [Synth 8-256] done synthesizing module 'sysgen_relational_a41c51cb14' (225#1) [/home/valmyrsilva07/virtex7/skarab-virtex7-toolflow/fpgs/ethernet_one_gbe_skarab_control/ethernet_one_gbe_skarab_axi/myproj/myproj.srcs/sources_1/imports/sysgen/ethernet_one_gbe_skarab_axi_entity_declarations.vhd:1846]
INFO: [Synth 8-638] synthesizing module 'sysgen_constant_2f1a13e04f' [/home/valmyrsilva07/virtex7/skarab-virtex7-toolflow/fpgs/ethernet_one_gbe_skarab_control/ethernet_one_gbe_skarab_axi/myproj/myproj.srcs/sources_1/imports/sysgen/ethernet_one_gbe_skarab_axi_entity_declarations.vhd:1871]
INFO: [Synth 8-256] done synthesizing module 'sysgen_constant_2f1a13e04f' (226#1) [/home/valmyrsilva07/virtex7/skarab-virtex7-toolflow/fpgs/ethernet_one_gbe_skarab_control/ethernet_one_gbe_skarab_axi/myproj/myproj.srcs/sources_1/imports/sysgen/ethernet_one_gbe_skarab_axi_entity_declarations.vhd:1871]
INFO: [Synth 8-638] synthesizing module 'sysgen_constant_f848e457d3' [/home/valmyrsilva07/virtex7/skarab-virtex7-toolflow/fpgs/ethernet_one_gbe_skarab_control/ethernet_one_gbe_skarab_axi/myproj/myproj.srcs/sources_1/imports/sysgen/ethernet_one_gbe_skarab_axi_entity_declarations.vhd:1890]
INFO: [Synth 8-256] done synthesizing module 'sysgen_constant_f848e457d3' (227#1) [/home/valmyrsilva07/virtex7/skarab-virtex7-toolflow/fpgs/ethernet_one_gbe_skarab_control/ethernet_one_gbe_skarab_axi/myproj/myproj.srcs/sources_1/imports/sysgen/ethernet_one_gbe_skarab_axi_entity_declarations.vhd:1890]
INFO: [Synth 8-638] synthesizing module 'sysgen_constant_34f8ba21a0' [/home/valmyrsilva07/virtex7/skarab-virtex7-toolflow/fpgs/ethernet_one_gbe_skarab_control/ethernet_one_gbe_skarab_axi/myproj/myproj.srcs/sources_1/imports/sysgen/ethernet_one_gbe_skarab_axi_entity_declarations.vhd:1909]
INFO: [Synth 8-256] done synthesizing module 'sysgen_constant_34f8ba21a0' (228#1) [/home/valmyrsilva07/virtex7/skarab-virtex7-toolflow/fpgs/ethernet_one_gbe_skarab_control/ethernet_one_gbe_skarab_axi/myproj/myproj.srcs/sources_1/imports/sysgen/ethernet_one_gbe_skarab_axi_entity_declarations.vhd:1909]
INFO: [Synth 8-638] synthesizing module 'sysgen_constant_58b0807038' [/home/valmyrsilva07/virtex7/skarab-virtex7-toolflow/fpgs/ethernet_one_gbe_skarab_control/ethernet_one_gbe_skarab_axi/myproj/myproj.srcs/sources_1/imports/sysgen/ethernet_one_gbe_skarab_axi_entity_declarations.vhd:1928]
INFO: [Synth 8-256] done synthesizing module 'sysgen_constant_58b0807038' (229#1) [/home/valmyrsilva07/virtex7/skarab-virtex7-toolflow/fpgs/ethernet_one_gbe_skarab_control/ethernet_one_gbe_skarab_axi/myproj/myproj.srcs/sources_1/imports/sysgen/ethernet_one_gbe_skarab_axi_entity_declarations.vhd:1928]
INFO: [Synth 8-638] synthesizing module 'sysgen_mux_9bfc299f32' [/home/valmyrsilva07/virtex7/skarab-virtex7-toolflow/fpgs/ethernet_one_gbe_skarab_control/ethernet_one_gbe_skarab_axi/myproj/myproj.srcs/sources_1/imports/sysgen/ethernet_one_gbe_skarab_axi_entity_declarations.vhd:1950]
WARNING: [Synth 8-3936] Found unconnected internal register 'unregy_join_6_1_reg' and it is trimmed from '272' to '128' bits. [/home/valmyrsilva07/virtex7/skarab-virtex7-toolflow/fpgs/ethernet_one_gbe_skarab_control/ethernet_one_gbe_skarab_axi/myproj/myproj.srcs/sources_1/imports/sysgen/ethernet_one_gbe_skarab_axi_entity_declarations.vhd:1968]
INFO: [Synth 8-256] done synthesizing module 'sysgen_mux_9bfc299f32' (230#1) [/home/valmyrsilva07/virtex7/skarab-virtex7-toolflow/fpgs/ethernet_one_gbe_skarab_control/ethernet_one_gbe_skarab_axi/myproj/myproj.srcs/sources_1/imports/sysgen/ethernet_one_gbe_skarab_axi_entity_declarations.vhd:1950]
INFO: [Synth 8-638] synthesizing module 'sysgen_counter_e8ee87bc16' [/home/valmyrsilva07/virtex7/skarab-virtex7-toolflow/fpgs/ethernet_one_gbe_skarab_control/ethernet_one_gbe_skarab_axi/myproj/myproj.srcs/sources_1/imports/sysgen/ethernet_one_gbe_skarab_axi_entity_declarations.vhd:1992]
INFO: [Synth 8-256] done synthesizing module 'sysgen_counter_e8ee87bc16' (231#1) [/home/valmyrsilva07/virtex7/skarab-virtex7-toolflow/fpgs/ethernet_one_gbe_skarab_control/ethernet_one_gbe_skarab_axi/myproj/myproj.srcs/sources_1/imports/sysgen/ethernet_one_gbe_skarab_axi_entity_declarations.vhd:1992]
INFO: [Synth 8-638] synthesizing module 'sysgen_constant_80cf5386cc' [/home/valmyrsilva07/virtex7/skarab-virtex7-toolflow/fpgs/ethernet_one_gbe_skarab_control/ethernet_one_gbe_skarab_axi/myproj/myproj.srcs/sources_1/imports/sysgen/ethernet_one_gbe_skarab_axi_entity_declarations.vhd:1320]
INFO: [Synth 8-256] done synthesizing module 'sysgen_constant_80cf5386cc' (232#1) [/home/valmyrsilva07/virtex7/skarab-virtex7-toolflow/fpgs/ethernet_one_gbe_skarab_control/ethernet_one_gbe_skarab_axi/myproj/myproj.srcs/sources_1/imports/sysgen/ethernet_one_gbe_skarab_axi_entity_declarations.vhd:1320]
INFO: [Synth 8-638] synthesizing module 'ethernet_one_gbe_skarab_axi_xlcounter_free__parameterized0' [/home/valmyrsilva07/virtex7/skarab-virtex7-toolflow/fpgs/ethernet_one_gbe_skarab_control/ethernet_one_gbe_skarab_axi/myproj/myproj.srcs/sources_1/imports/sysgen/ethernet_one_gbe_skarab_axi_entity_declarations.vhd:3485]
	Parameter core_name0 bound to: ethernet_one_gbe_skarab_axi_c_counter_binary_v12_0_i2 - type: string 
	Parameter op_width bound to: 2 - type: integer 
	Parameter op_arith bound to: 1 - type: integer 
INFO: [Synth 8-638] synthesizing module 'ethernet_one_gbe_skarab_axi_c_counter_binary_v12_0_i2' [/home/valmyrsilva07/virtex7/skarab-virtex7-toolflow/fpgs/ethernet_one_gbe_skarab_control/ethernet_one_gbe_skarab_axi/myproj/myproj.runs/synth_1/.Xil/Vivado-477952-valmyrsilva07-B760M-AORUS-ELITE/realtime/ethernet_one_gbe_skarab_axi_c_counter_binary_v12_0_i2_stub.vhdl:15]
INFO: [Synth 8-256] done synthesizing module 'ethernet_one_gbe_skarab_axi_xlcounter_free__parameterized0' (232#1) [/home/valmyrsilva07/virtex7/skarab-virtex7-toolflow/fpgs/ethernet_one_gbe_skarab_control/ethernet_one_gbe_skarab_axi/myproj/myproj.srcs/sources_1/imports/sysgen/ethernet_one_gbe_skarab_axi_entity_declarations.vhd:3485]
INFO: [Synth 8-638] synthesizing module 'sysgen_mux_3530c29668' [/home/valmyrsilva07/virtex7/skarab-virtex7-toolflow/fpgs/ethernet_one_gbe_skarab_control/ethernet_one_gbe_skarab_axi/myproj/myproj.srcs/sources_1/imports/sysgen/ethernet_one_gbe_skarab_axi_entity_declarations.vhd:1696]
INFO: [Synth 8-256] done synthesizing module 'sysgen_mux_3530c29668' (233#1) [/home/valmyrsilva07/virtex7/skarab-virtex7-toolflow/fpgs/ethernet_one_gbe_skarab_control/ethernet_one_gbe_skarab_axi/myproj/myproj.srcs/sources_1/imports/sysgen/ethernet_one_gbe_skarab_axi_entity_declarations.vhd:1696]
INFO: [Synth 8-256] done synthesizing module 'ethernet_one_gbe_skarab_axi_dram_munge_x1' (234#1) [/home/valmyrsilva07/virtex7/skarab-virtex7-toolflow/fpgs/ethernet_one_gbe_skarab_control/ethernet_one_gbe_skarab_axi/myproj/myproj.srcs/sources_1/imports/sysgen/ethernet_one_gbe_skarab_axi.vhd:648]
INFO: [Synth 8-638] synthesizing module 'ethernet_one_gbe_skarab_axi_edge_detect_x3' [/home/valmyrsilva07/virtex7/skarab-virtex7-toolflow/fpgs/ethernet_one_gbe_skarab_control/ethernet_one_gbe_skarab_axi/myproj/myproj.srcs/sources_1/imports/sysgen/ethernet_one_gbe_skarab_axi.vhd:954]
INFO: [Synth 8-638] synthesizing module 'sysgen_logical_9c7eebb6e6' [/home/valmyrsilva07/virtex7/skarab-virtex7-toolflow/fpgs/ethernet_one_gbe_skarab_control/ethernet_one_gbe_skarab_axi/myproj/myproj.srcs/sources_1/imports/sysgen/ethernet_one_gbe_skarab_axi_entity_declarations.vhd:2062]
INFO: [Synth 8-256] done synthesizing module 'sysgen_logical_9c7eebb6e6' (235#1) [/home/valmyrsilva07/virtex7/skarab-virtex7-toolflow/fpgs/ethernet_one_gbe_skarab_control/ethernet_one_gbe_skarab_axi/myproj/myproj.srcs/sources_1/imports/sysgen/ethernet_one_gbe_skarab_axi_entity_declarations.vhd:2062]
INFO: [Synth 8-256] done synthesizing module 'ethernet_one_gbe_skarab_axi_edge_detect_x3' (236#1) [/home/valmyrsilva07/virtex7/skarab-virtex7-toolflow/fpgs/ethernet_one_gbe_skarab_control/ethernet_one_gbe_skarab_axi/myproj/myproj.srcs/sources_1/imports/sysgen/ethernet_one_gbe_skarab_axi.vhd:954]
INFO: [Synth 8-638] synthesizing module 'sysgen_constant_3f92cf6704' [/home/valmyrsilva07/virtex7/skarab-virtex7-toolflow/fpgs/ethernet_one_gbe_skarab_control/ethernet_one_gbe_skarab_axi/myproj/myproj.srcs/sources_1/imports/sysgen/ethernet_one_gbe_skarab_axi_entity_declarations.vhd:352]
INFO: [Synth 8-256] done synthesizing module 'sysgen_constant_3f92cf6704' (237#1) [/home/valmyrsilva07/virtex7/skarab-virtex7-toolflow/fpgs/ethernet_one_gbe_skarab_control/ethernet_one_gbe_skarab_axi/myproj/myproj.srcs/sources_1/imports/sysgen/ethernet_one_gbe_skarab_axi_entity_declarations.vhd:352]
INFO: [Synth 8-638] synthesizing module 'sysgen_logical_5913fd9d25' [/home/valmyrsilva07/virtex7/skarab-virtex7-toolflow/fpgs/ethernet_one_gbe_skarab_control/ethernet_one_gbe_skarab_axi/myproj/myproj.srcs/sources_1/imports/sysgen/ethernet_one_gbe_skarab_axi_entity_declarations.vhd:744]
INFO: [Synth 8-256] done synthesizing module 'sysgen_logical_5913fd9d25' (238#1) [/home/valmyrsilva07/virtex7/skarab-virtex7-toolflow/fpgs/ethernet_one_gbe_skarab_control/ethernet_one_gbe_skarab_axi/myproj/myproj.srcs/sources_1/imports/sysgen/ethernet_one_gbe_skarab_axi_entity_declarations.vhd:744]
INFO: [Synth 8-638] synthesizing module 'ethernet_one_gbe_skarab_axi_xlregister__parameterized1' [/home/valmyrsilva07/virtex7/skarab-virtex7-toolflow/fpgs/ethernet_one_gbe_skarab_control/ethernet_one_gbe_skarab_axi/myproj/myproj.srcs/sources_1/imports/sysgen/ethernet_one_gbe_skarab_axi_entity_declarations.vhd:794]
	Parameter d_width bound to: 1 - type: integer 
	Parameter init_value bound to: 1'b0 
	Parameter width bound to: 1 - type: integer 
	Parameter init_index bound to: 2 - type: integer 
	Parameter init_value bound to: 1'b0 
	Parameter latency bound to: 1 - type: integer 
INFO: [Synth 8-638] synthesizing module 'xil_defaultlib_synth_reg_w_init__parameterized2' [/home/valmyrsilva07/virtex7/skarab-virtex7-toolflow/fpgs/ethernet_one_gbe_skarab_control/ethernet_one_gbe_skarab_axi/myproj/myproj.srcs/sources_1/imports/sysgen/synth_reg_w_init.vhd:47]
	Parameter width bound to: 1 - type: integer 
	Parameter init_index bound to: 2 - type: integer 
	Parameter init_value bound to: 1'b0 
	Parameter latency bound to: 1 - type: integer 
	Parameter width bound to: 1 - type: integer 
	Parameter init_index bound to: 2 - type: integer 
	Parameter init_value bound to: 1'b0 
INFO: [Synth 8-638] synthesizing module 'xil_defaultlib_single_reg_w_init__parameterized2' [/home/valmyrsilva07/virtex7/skarab-virtex7-toolflow/fpgs/ethernet_one_gbe_skarab_control/ethernet_one_gbe_skarab_axi/myproj/myproj.srcs/sources_1/imports/sysgen/single_reg_w_init.vhd:37]
	Parameter width bound to: 1 - type: integer 
	Parameter init_index bound to: 2 - type: integer 
	Parameter init_value bound to: 1'b0 
INFO: [Synth 8-256] done synthesizing module 'xil_defaultlib_single_reg_w_init__parameterized2' (238#1) [/home/valmyrsilva07/virtex7/skarab-virtex7-toolflow/fpgs/ethernet_one_gbe_skarab_control/ethernet_one_gbe_skarab_axi/myproj/myproj.srcs/sources_1/imports/sysgen/single_reg_w_init.vhd:37]
INFO: [Synth 8-256] done synthesizing module 'xil_defaultlib_synth_reg_w_init__parameterized2' (238#1) [/home/valmyrsilva07/virtex7/skarab-virtex7-toolflow/fpgs/ethernet_one_gbe_skarab_control/ethernet_one_gbe_skarab_axi/myproj/myproj.srcs/sources_1/imports/sysgen/synth_reg_w_init.vhd:47]
INFO: [Synth 8-256] done synthesizing module 'ethernet_one_gbe_skarab_axi_xlregister__parameterized1' (238#1) [/home/valmyrsilva07/virtex7/skarab-virtex7-toolflow/fpgs/ethernet_one_gbe_skarab_control/ethernet_one_gbe_skarab_axi/myproj/myproj.srcs/sources_1/imports/sysgen/ethernet_one_gbe_skarab_axi_entity_declarations.vhd:794]
INFO: [Synth 8-638] synthesizing module 'ethernet_one_gbe_skarab_axi_xlslice__parameterized3' [/home/valmyrsilva07/virtex7/skarab-virtex7-toolflow/fpgs/ethernet_one_gbe_skarab_control/ethernet_one_gbe_skarab_axi/myproj/myproj.srcs/sources_1/imports/sysgen/ethernet_one_gbe_skarab_axi_entity_declarations.vhd:973]
	Parameter new_msb bound to: 0 - type: integer 
	Parameter new_lsb bound to: 0 - type: integer 
	Parameter x_width bound to: 32 - type: integer 
	Parameter y_width bound to: 1 - type: integer 
INFO: [Synth 8-256] done synthesizing module 'ethernet_one_gbe_skarab_axi_xlslice__parameterized3' (238#1) [/home/valmyrsilva07/virtex7/skarab-virtex7-toolflow/fpgs/ethernet_one_gbe_skarab_control/ethernet_one_gbe_skarab_axi/myproj/myproj.srcs/sources_1/imports/sysgen/ethernet_one_gbe_skarab_axi_entity_declarations.vhd:973]
INFO: [Synth 8-638] synthesizing module 'ethernet_one_gbe_skarab_axi_xlslice__parameterized4' [/home/valmyrsilva07/virtex7/skarab-virtex7-toolflow/fpgs/ethernet_one_gbe_skarab_control/ethernet_one_gbe_skarab_axi/myproj/myproj.srcs/sources_1/imports/sysgen/ethernet_one_gbe_skarab_axi_entity_declarations.vhd:973]
	Parameter new_msb bound to: 1 - type: integer 
	Parameter new_lsb bound to: 1 - type: integer 
	Parameter x_width bound to: 32 - type: integer 
	Parameter y_width bound to: 1 - type: integer 
INFO: [Synth 8-256] done synthesizing module 'ethernet_one_gbe_skarab_axi_xlslice__parameterized4' (238#1) [/home/valmyrsilva07/virtex7/skarab-virtex7-toolflow/fpgs/ethernet_one_gbe_skarab_control/ethernet_one_gbe_skarab_axi/myproj/myproj.srcs/sources_1/imports/sysgen/ethernet_one_gbe_skarab_axi_entity_declarations.vhd:973]
INFO: [Synth 8-638] synthesizing module 'ethernet_one_gbe_skarab_axi_xlslice__parameterized5' [/home/valmyrsilva07/virtex7/skarab-virtex7-toolflow/fpgs/ethernet_one_gbe_skarab_control/ethernet_one_gbe_skarab_axi/myproj/myproj.srcs/sources_1/imports/sysgen/ethernet_one_gbe_skarab_axi_entity_declarations.vhd:973]
	Parameter new_msb bound to: 2 - type: integer 
	Parameter new_lsb bound to: 2 - type: integer 
	Parameter x_width bound to: 32 - type: integer 
	Parameter y_width bound to: 1 - type: integer 
INFO: [Synth 8-256] done synthesizing module 'ethernet_one_gbe_skarab_axi_xlslice__parameterized5' (238#1) [/home/valmyrsilva07/virtex7/skarab-virtex7-toolflow/fpgs/ethernet_one_gbe_skarab_control/ethernet_one_gbe_skarab_axi/myproj/myproj.srcs/sources_1/imports/sysgen/ethernet_one_gbe_skarab_axi_entity_declarations.vhd:973]
INFO: [Synth 8-256] done synthesizing module 'ethernet_one_gbe_skarab_axi_basic_ctrl_x1' (239#1) [/home/valmyrsilva07/virtex7/skarab-virtex7-toolflow/fpgs/ethernet_one_gbe_skarab_control/ethernet_one_gbe_skarab_axi/myproj/myproj.srcs/sources_1/imports/sysgen/ethernet_one_gbe_skarab_axi.vhd:1019]
INFO: [Synth 8-638] synthesizing module 'ethernet_one_gbe_skarab_axi_bram_x1' [/home/valmyrsilva07/virtex7/skarab-virtex7-toolflow/fpgs/ethernet_one_gbe_skarab_control/ethernet_one_gbe_skarab_axi/myproj/myproj.srcs/sources_1/imports/sysgen/ethernet_one_gbe_skarab_axi.vhd:1607]
INFO: [Synth 8-638] synthesizing module 'ethernet_one_gbe_skarab_axi_calc_add_x1' [/home/valmyrsilva07/virtex7/skarab-virtex7-toolflow/fpgs/ethernet_one_gbe_skarab_control/ethernet_one_gbe_skarab_axi/myproj/myproj.srcs/sources_1/imports/sysgen/ethernet_one_gbe_skarab_axi.vhd:1250]
INFO: [Synth 8-638] synthesizing module 'sysgen_addsub_b4029927be' [/home/valmyrsilva07/virtex7/skarab-virtex7-toolflow/fpgs/ethernet_one_gbe_skarab_control/ethernet_one_gbe_skarab_axi/myproj/myproj.srcs/sources_1/imports/sysgen/ethernet_one_gbe_skarab_axi_entity_declarations.vhd:2091]
INFO: [Synth 8-638] synthesizing module 'xil_defaultlib_synth_reg_w_init__parameterized3' [/home/valmyrsilva07/virtex7/skarab-virtex7-toolflow/fpgs/ethernet_one_gbe_skarab_control/ethernet_one_gbe_skarab_axi/myproj/myproj.srcs/sources_1/imports/sysgen/synth_reg_w_init.vhd:47]
	Parameter width bound to: 3 - type: integer 
	Parameter init_index bound to: 2 - type: integer 
	Parameter init_value bound to: 3'b010 
	Parameter latency bound to: 1 - type: integer 
	Parameter width bound to: 3 - type: integer 
	Parameter init_index bound to: 2 - type: integer 
	Parameter init_value bound to: 3'b010 
INFO: [Synth 8-638] synthesizing module 'xil_defaultlib_single_reg_w_init__parameterized3' [/home/valmyrsilva07/virtex7/skarab-virtex7-toolflow/fpgs/ethernet_one_gbe_skarab_control/ethernet_one_gbe_skarab_axi/myproj/myproj.srcs/sources_1/imports/sysgen/single_reg_w_init.vhd:37]
	Parameter width bound to: 3 - type: integer 
	Parameter init_index bound to: 2 - type: integer 
	Parameter init_value bound to: 3'b010 
INFO: [Synth 8-256] done synthesizing module 'xil_defaultlib_single_reg_w_init__parameterized3' (239#1) [/home/valmyrsilva07/virtex7/skarab-virtex7-toolflow/fpgs/ethernet_one_gbe_skarab_control/ethernet_one_gbe_skarab_axi/myproj/myproj.srcs/sources_1/imports/sysgen/single_reg_w_init.vhd:37]
INFO: [Synth 8-256] done synthesizing module 'xil_defaultlib_synth_reg_w_init__parameterized3' (239#1) [/home/valmyrsilva07/virtex7/skarab-virtex7-toolflow/fpgs/ethernet_one_gbe_skarab_control/ethernet_one_gbe_skarab_axi/myproj/myproj.srcs/sources_1/imports/sysgen/synth_reg_w_init.vhd:47]
WARNING: [Synth 8-6014] Unused sequential element op_mem_91_20_reg[0] was removed.  [/home/valmyrsilva07/virtex7/skarab-virtex7-toolflow/fpgs/ethernet_one_gbe_skarab_control/ethernet_one_gbe_skarab_axi/myproj/myproj.srcs/sources_1/imports/sysgen/ethernet_one_gbe_skarab_axi_entity_declarations.vhd:2118]
WARNING: [Synth 8-6014] Unused sequential element cout_mem_92_22_reg[0] was removed.  [/home/valmyrsilva07/virtex7/skarab-virtex7-toolflow/fpgs/ethernet_one_gbe_skarab_control/ethernet_one_gbe_skarab_axi/myproj/myproj.srcs/sources_1/imports/sysgen/ethernet_one_gbe_skarab_axi_entity_declarations.vhd:2129]
INFO: [Synth 8-256] done synthesizing module 'sysgen_addsub_b4029927be' (240#1) [/home/valmyrsilva07/virtex7/skarab-virtex7-toolflow/fpgs/ethernet_one_gbe_skarab_control/ethernet_one_gbe_skarab_axi/myproj/myproj.srcs/sources_1/imports/sysgen/ethernet_one_gbe_skarab_axi_entity_declarations.vhd:2091]
INFO: [Synth 8-638] synthesizing module 'sysgen_concat_e392c6cc3f' [/home/valmyrsilva07/virtex7/skarab-virtex7-toolflow/fpgs/ethernet_one_gbe_skarab_control/ethernet_one_gbe_skarab_axi/myproj/myproj.srcs/sources_1/imports/sysgen/ethernet_one_gbe_skarab_axi_entity_declarations.vhd:2179]
INFO: [Synth 8-256] done synthesizing module 'sysgen_concat_e392c6cc3f' (241#1) [/home/valmyrsilva07/virtex7/skarab-virtex7-toolflow/fpgs/ethernet_one_gbe_skarab_control/ethernet_one_gbe_skarab_axi/myproj/myproj.srcs/sources_1/imports/sysgen/ethernet_one_gbe_skarab_axi_entity_declarations.vhd:2179]
INFO: [Synth 8-638] synthesizing module 'ethernet_one_gbe_skarab_axi_xlconvert__parameterized1' [/home/valmyrsilva07/virtex7/skarab-virtex7-toolflow/fpgs/ethernet_one_gbe_skarab_control/ethernet_one_gbe_skarab_axi/myproj/myproj.srcs/sources_1/imports/sysgen/ethernet_one_gbe_skarab_axi_entity_declarations.vhd:522]
	Parameter din_width bound to: 13 - type: integer 
	Parameter din_bin_pt bound to: 0 - type: integer 
	Parameter din_arith bound to: 1 - type: integer 
	Parameter dout_width bound to: 13 - type: integer 
	Parameter dout_bin_pt bound to: 0 - type: integer 
	Parameter dout_arith bound to: 1 - type: integer 
	Parameter en_width bound to: 1 - type: integer 
	Parameter en_bin_pt bound to: 0 - type: integer 
	Parameter en_arith bound to: 1 - type: integer 
	Parameter bool_conversion bound to: 0 - type: integer 
	Parameter latency bound to: 0 - type: integer 
	Parameter quantization bound to: 1 - type: integer 
	Parameter overflow bound to: 1 - type: integer 
	Parameter din_width bound to: 13 - type: integer 
	Parameter din_bin_pt bound to: 0 - type: integer 
	Parameter din_arith bound to: 1 - type: integer 
	Parameter dout_width bound to: 13 - type: integer 
	Parameter dout_bin_pt bound to: 0 - type: integer 
	Parameter dout_arith bound to: 1 - type: integer 
	Parameter quantization bound to: 1 - type: integer 
	Parameter overflow bound to: 1 - type: integer 
INFO: [Synth 8-638] synthesizing module 'convert_func_call_ethernet_one_gbe_skarab_axi_xlconvert__parameterized3' [/home/valmyrsilva07/virtex7/skarab-virtex7-toolflow/fpgs/ethernet_one_gbe_skarab_control/ethernet_one_gbe_skarab_axi/myproj/myproj.srcs/sources_1/imports/sysgen/ethernet_one_gbe_skarab_axi_entity_declarations.vhd:481]
	Parameter din_width bound to: 13 - type: integer 
	Parameter din_bin_pt bound to: 0 - type: integer 
	Parameter din_arith bound to: 1 - type: integer 
	Parameter dout_width bound to: 13 - type: integer 
	Parameter dout_bin_pt bound to: 0 - type: integer 
	Parameter dout_arith bound to: 1 - type: integer 
	Parameter quantization bound to: 1 - type: integer 
	Parameter overflow bound to: 1 - type: integer 
INFO: [Synth 8-256] done synthesizing module 'convert_func_call_ethernet_one_gbe_skarab_axi_xlconvert__parameterized3' (241#1) [/home/valmyrsilva07/virtex7/skarab-virtex7-toolflow/fpgs/ethernet_one_gbe_skarab_control/ethernet_one_gbe_skarab_axi/myproj/myproj.srcs/sources_1/imports/sysgen/ethernet_one_gbe_skarab_axi_entity_declarations.vhd:481]
INFO: [Synth 8-256] done synthesizing module 'ethernet_one_gbe_skarab_axi_xlconvert__parameterized1' (241#1) [/home/valmyrsilva07/virtex7/skarab-virtex7-toolflow/fpgs/ethernet_one_gbe_skarab_control/ethernet_one_gbe_skarab_axi/myproj/myproj.srcs/sources_1/imports/sysgen/ethernet_one_gbe_skarab_axi_entity_declarations.vhd:522]
INFO: [Synth 8-638] synthesizing module 'ethernet_one_gbe_skarab_axi_xlslice__parameterized6' [/home/valmyrsilva07/virtex7/skarab-virtex7-toolflow/fpgs/ethernet_one_gbe_skarab_control/ethernet_one_gbe_skarab_axi/myproj/myproj.srcs/sources_1/imports/sysgen/ethernet_one_gbe_skarab_axi_entity_declarations.vhd:973]
	Parameter new_msb bound to: 0 - type: integer 
	Parameter new_lsb bound to: 0 - type: integer 
	Parameter x_width bound to: 13 - type: integer 
	Parameter y_width bound to: 1 - type: integer 
INFO: [Synth 8-256] done synthesizing module 'ethernet_one_gbe_skarab_axi_xlslice__parameterized6' (241#1) [/home/valmyrsilva07/virtex7/skarab-virtex7-toolflow/fpgs/ethernet_one_gbe_skarab_control/ethernet_one_gbe_skarab_axi/myproj/myproj.srcs/sources_1/imports/sysgen/ethernet_one_gbe_skarab_axi_entity_declarations.vhd:973]
INFO: [Synth 8-638] synthesizing module 'ethernet_one_gbe_skarab_axi_xlslice__parameterized7' [/home/valmyrsilva07/virtex7/skarab-virtex7-toolflow/fpgs/ethernet_one_gbe_skarab_control/ethernet_one_gbe_skarab_axi/myproj/myproj.srcs/sources_1/imports/sysgen/ethernet_one_gbe_skarab_axi_entity_declarations.vhd:973]
	Parameter new_msb bound to: 12 - type: integer 
	Parameter new_lsb bound to: 1 - type: integer 
	Parameter x_width bound to: 13 - type: integer 
	Parameter y_width bound to: 12 - type: integer 
INFO: [Synth 8-256] done synthesizing module 'ethernet_one_gbe_skarab_axi_xlslice__parameterized7' (241#1) [/home/valmyrsilva07/virtex7/skarab-virtex7-toolflow/fpgs/ethernet_one_gbe_skarab_control/ethernet_one_gbe_skarab_axi/myproj/myproj.srcs/sources_1/imports/sysgen/ethernet_one_gbe_skarab_axi_entity_declarations.vhd:973]
INFO: [Synth 8-638] synthesizing module 'sysgen_mux_0a6cbd23b1' [/home/valmyrsilva07/virtex7/skarab-virtex7-toolflow/fpgs/ethernet_one_gbe_skarab_control/ethernet_one_gbe_skarab_axi/myproj/myproj.srcs/sources_1/imports/sysgen/ethernet_one_gbe_skarab_axi_entity_declarations.vhd:2207]
INFO: [Synth 8-256] done synthesizing module 'sysgen_mux_0a6cbd23b1' (242#1) [/home/valmyrsilva07/virtex7/skarab-virtex7-toolflow/fpgs/ethernet_one_gbe_skarab_control/ethernet_one_gbe_skarab_axi/myproj/myproj.srcs/sources_1/imports/sysgen/ethernet_one_gbe_skarab_axi_entity_declarations.vhd:2207]
INFO: [Synth 8-256] done synthesizing module 'ethernet_one_gbe_skarab_axi_calc_add_x1' (243#1) [/home/valmyrsilva07/virtex7/skarab-virtex7-toolflow/fpgs/ethernet_one_gbe_skarab_control/ethernet_one_gbe_skarab_axi/myproj/myproj.srcs/sources_1/imports/sysgen/ethernet_one_gbe_skarab_axi.vhd:1250]
INFO: [Synth 8-638] synthesizing module 'ethernet_one_gbe_skarab_axi_munge_in_x1' [/home/valmyrsilva07/virtex7/skarab-virtex7-toolflow/fpgs/ethernet_one_gbe_skarab_control/ethernet_one_gbe_skarab_axi/myproj/myproj.srcs/sources_1/imports/sysgen/ethernet_one_gbe_skarab_axi.vhd:1545]
INFO: [Synth 8-638] synthesizing module 'ethernet_one_gbe_skarab_axi_join_x0' [/home/valmyrsilva07/virtex7/skarab-virtex7-toolflow/fpgs/ethernet_one_gbe_skarab_control/ethernet_one_gbe_skarab_axi/myproj/myproj.srcs/sources_1/imports/sysgen/ethernet_one_gbe_skarab_axi.vhd:1367]
INFO: [Synth 8-638] synthesizing module 'sysgen_concat_17c78e28bb' [/home/valmyrsilva07/virtex7/skarab-virtex7-toolflow/fpgs/ethernet_one_gbe_skarab_control/ethernet_one_gbe_skarab_axi/myproj/myproj.srcs/sources_1/imports/sysgen/ethernet_one_gbe_skarab_axi_entity_declarations.vhd:2247]
INFO: [Synth 8-256] done synthesizing module 'sysgen_concat_17c78e28bb' (244#1) [/home/valmyrsilva07/virtex7/skarab-virtex7-toolflow/fpgs/ethernet_one_gbe_skarab_control/ethernet_one_gbe_skarab_axi/myproj/myproj.srcs/sources_1/imports/sysgen/ethernet_one_gbe_skarab_axi_entity_declarations.vhd:2247]
INFO: [Synth 8-256] done synthesizing module 'ethernet_one_gbe_skarab_axi_join_x0' (245#1) [/home/valmyrsilva07/virtex7/skarab-virtex7-toolflow/fpgs/ethernet_one_gbe_skarab_control/ethernet_one_gbe_skarab_axi/myproj/myproj.srcs/sources_1/imports/sysgen/ethernet_one_gbe_skarab_axi.vhd:1367]
INFO: [Synth 8-638] synthesizing module 'ethernet_one_gbe_skarab_axi_split_x0' [/home/valmyrsilva07/virtex7/skarab-virtex7-toolflow/fpgs/ethernet_one_gbe_skarab_control/ethernet_one_gbe_skarab_axi/myproj/myproj.srcs/sources_1/imports/sysgen/ethernet_one_gbe_skarab_axi.vhd:1441]
INFO: [Synth 8-638] synthesizing module 'ethernet_one_gbe_skarab_axi_xlslice__parameterized8' [/home/valmyrsilva07/virtex7/skarab-virtex7-toolflow/fpgs/ethernet_one_gbe_skarab_control/ethernet_one_gbe_skarab_axi/myproj/myproj.srcs/sources_1/imports/sysgen/ethernet_one_gbe_skarab_axi_entity_declarations.vhd:973]
	Parameter new_msb bound to: 31 - type: integer 
	Parameter new_lsb bound to: 0 - type: integer 
	Parameter x_width bound to: 128 - type: integer 
	Parameter y_width bound to: 32 - type: integer 
INFO: [Synth 8-256] done synthesizing module 'ethernet_one_gbe_skarab_axi_xlslice__parameterized8' (245#1) [/home/valmyrsilva07/virtex7/skarab-virtex7-toolflow/fpgs/ethernet_one_gbe_skarab_control/ethernet_one_gbe_skarab_axi/myproj/myproj.srcs/sources_1/imports/sysgen/ethernet_one_gbe_skarab_axi_entity_declarations.vhd:973]
INFO: [Synth 8-638] synthesizing module 'ethernet_one_gbe_skarab_axi_xlslice__parameterized9' [/home/valmyrsilva07/virtex7/skarab-virtex7-toolflow/fpgs/ethernet_one_gbe_skarab_control/ethernet_one_gbe_skarab_axi/myproj/myproj.srcs/sources_1/imports/sysgen/ethernet_one_gbe_skarab_axi_entity_declarations.vhd:973]
	Parameter new_msb bound to: 63 - type: integer 
	Parameter new_lsb bound to: 32 - type: integer 
	Parameter x_width bound to: 128 - type: integer 
	Parameter y_width bound to: 32 - type: integer 
INFO: [Synth 8-256] done synthesizing module 'ethernet_one_gbe_skarab_axi_xlslice__parameterized9' (245#1) [/home/valmyrsilva07/virtex7/skarab-virtex7-toolflow/fpgs/ethernet_one_gbe_skarab_control/ethernet_one_gbe_skarab_axi/myproj/myproj.srcs/sources_1/imports/sysgen/ethernet_one_gbe_skarab_axi_entity_declarations.vhd:973]
INFO: [Synth 8-638] synthesizing module 'ethernet_one_gbe_skarab_axi_xlslice__parameterized10' [/home/valmyrsilva07/virtex7/skarab-virtex7-toolflow/fpgs/ethernet_one_gbe_skarab_control/ethernet_one_gbe_skarab_axi/myproj/myproj.srcs/sources_1/imports/sysgen/ethernet_one_gbe_skarab_axi_entity_declarations.vhd:973]
	Parameter new_msb bound to: 95 - type: integer 
	Parameter new_lsb bound to: 64 - type: integer 
	Parameter x_width bound to: 128 - type: integer 
	Parameter y_width bound to: 32 - type: integer 
INFO: [Synth 8-256] done synthesizing module 'ethernet_one_gbe_skarab_axi_xlslice__parameterized10' (245#1) [/home/valmyrsilva07/virtex7/skarab-virtex7-toolflow/fpgs/ethernet_one_gbe_skarab_control/ethernet_one_gbe_skarab_axi/myproj/myproj.srcs/sources_1/imports/sysgen/ethernet_one_gbe_skarab_axi_entity_declarations.vhd:973]
INFO: [Synth 8-638] synthesizing module 'ethernet_one_gbe_skarab_axi_xlslice__parameterized11' [/home/valmyrsilva07/virtex7/skarab-virtex7-toolflow/fpgs/ethernet_one_gbe_skarab_control/ethernet_one_gbe_skarab_axi/myproj/myproj.srcs/sources_1/imports/sysgen/ethernet_one_gbe_skarab_axi_entity_declarations.vhd:973]
	Parameter new_msb bound to: 127 - type: integer 
	Parameter new_lsb bound to: 96 - type: integer 
	Parameter x_width bound to: 128 - type: integer 
	Parameter y_width bound to: 32 - type: integer 
INFO: [Synth 8-256] done synthesizing module 'ethernet_one_gbe_skarab_axi_xlslice__parameterized11' (245#1) [/home/valmyrsilva07/virtex7/skarab-virtex7-toolflow/fpgs/ethernet_one_gbe_skarab_control/ethernet_one_gbe_skarab_axi/myproj/myproj.srcs/sources_1/imports/sysgen/ethernet_one_gbe_skarab_axi_entity_declarations.vhd:973]
INFO: [Synth 8-256] done synthesizing module 'ethernet_one_gbe_skarab_axi_split_x0' (246#1) [/home/valmyrsilva07/virtex7/skarab-virtex7-toolflow/fpgs/ethernet_one_gbe_skarab_control/ethernet_one_gbe_skarab_axi/myproj/myproj.srcs/sources_1/imports/sysgen/ethernet_one_gbe_skarab_axi.vhd:1441]
INFO: [Synth 8-638] synthesizing module 'sysgen_reinterpret_83efbc7ee0' [/home/valmyrsilva07/virtex7/skarab-virtex7-toolflow/fpgs/ethernet_one_gbe_skarab_control/ethernet_one_gbe_skarab_axi/myproj/myproj.srcs/sources_1/imports/sysgen/ethernet_one_gbe_skarab_axi_entity_declarations.vhd:1408]
INFO: [Synth 8-256] done synthesizing module 'sysgen_reinterpret_83efbc7ee0' (247#1) [/home/valmyrsilva07/virtex7/skarab-virtex7-toolflow/fpgs/ethernet_one_gbe_skarab_control/ethernet_one_gbe_skarab_axi/myproj/myproj.srcs/sources_1/imports/sysgen/ethernet_one_gbe_skarab_axi_entity_declarations.vhd:1408]
INFO: [Synth 8-256] done synthesizing module 'ethernet_one_gbe_skarab_axi_munge_in_x1' (248#1) [/home/valmyrsilva07/virtex7/skarab-virtex7-toolflow/fpgs/ethernet_one_gbe_skarab_control/ethernet_one_gbe_skarab_axi/myproj/myproj.srcs/sources_1/imports/sysgen/ethernet_one_gbe_skarab_axi.vhd:1545]
INFO: [Synth 8-638] synthesizing module 'ethernet_one_gbe_skarab_axi_xlconvert__parameterized2' [/home/valmyrsilva07/virtex7/skarab-virtex7-toolflow/fpgs/ethernet_one_gbe_skarab_control/ethernet_one_gbe_skarab_axi/myproj/myproj.srcs/sources_1/imports/sysgen/ethernet_one_gbe_skarab_axi_entity_declarations.vhd:522]
	Parameter din_width bound to: 128 - type: integer 
	Parameter din_bin_pt bound to: 0 - type: integer 
	Parameter din_arith bound to: 1 - type: integer 
	Parameter dout_width bound to: 128 - type: integer 
	Parameter dout_bin_pt bound to: 0 - type: integer 
	Parameter dout_arith bound to: 1 - type: integer 
	Parameter en_width bound to: 1 - type: integer 
	Parameter en_bin_pt bound to: 0 - type: integer 
	Parameter en_arith bound to: 1 - type: integer 
	Parameter bool_conversion bound to: 0 - type: integer 
	Parameter latency bound to: 0 - type: integer 
	Parameter quantization bound to: 1 - type: integer 
	Parameter overflow bound to: 1 - type: integer 
	Parameter din_width bound to: 128 - type: integer 
	Parameter din_bin_pt bound to: 0 - type: integer 
	Parameter din_arith bound to: 1 - type: integer 
	Parameter dout_width bound to: 128 - type: integer 
	Parameter dout_bin_pt bound to: 0 - type: integer 
	Parameter dout_arith bound to: 1 - type: integer 
	Parameter quantization bound to: 1 - type: integer 
	Parameter overflow bound to: 1 - type: integer 
INFO: [Synth 8-638] synthesizing module 'convert_func_call_ethernet_one_gbe_skarab_axi_xlconvert__parameterized5' [/home/valmyrsilva07/virtex7/skarab-virtex7-toolflow/fpgs/ethernet_one_gbe_skarab_control/ethernet_one_gbe_skarab_axi/myproj/myproj.srcs/sources_1/imports/sysgen/ethernet_one_gbe_skarab_axi_entity_declarations.vhd:481]
	Parameter din_width bound to: 128 - type: integer 
	Parameter din_bin_pt bound to: 0 - type: integer 
	Parameter din_arith bound to: 1 - type: integer 
	Parameter dout_width bound to: 128 - type: integer 
	Parameter dout_bin_pt bound to: 0 - type: integer 
	Parameter dout_arith bound to: 1 - type: integer 
	Parameter quantization bound to: 1 - type: integer 
	Parameter overflow bound to: 1 - type: integer 
INFO: [Synth 8-256] done synthesizing module 'convert_func_call_ethernet_one_gbe_skarab_axi_xlconvert__parameterized5' (248#1) [/home/valmyrsilva07/virtex7/skarab-virtex7-toolflow/fpgs/ethernet_one_gbe_skarab_control/ethernet_one_gbe_skarab_axi/myproj/myproj.srcs/sources_1/imports/sysgen/ethernet_one_gbe_skarab_axi_entity_declarations.vhd:481]
INFO: [Synth 8-256] done synthesizing module 'ethernet_one_gbe_skarab_axi_xlconvert__parameterized2' (248#1) [/home/valmyrsilva07/virtex7/skarab-virtex7-toolflow/fpgs/ethernet_one_gbe_skarab_control/ethernet_one_gbe_skarab_axi/myproj/myproj.srcs/sources_1/imports/sysgen/ethernet_one_gbe_skarab_axi_entity_declarations.vhd:522]
INFO: [Synth 8-638] synthesizing module 'ethernet_one_gbe_skarab_axi_xlconvert__parameterized3' [/home/valmyrsilva07/virtex7/skarab-virtex7-toolflow/fpgs/ethernet_one_gbe_skarab_control/ethernet_one_gbe_skarab_axi/myproj/myproj.srcs/sources_1/imports/sysgen/ethernet_one_gbe_skarab_axi_entity_declarations.vhd:522]
	Parameter din_width bound to: 1 - type: integer 
	Parameter din_bin_pt bound to: 0 - type: integer 
	Parameter din_arith bound to: 1 - type: integer 
	Parameter dout_width bound to: 1 - type: integer 
	Parameter dout_bin_pt bound to: 0 - type: integer 
	Parameter dout_arith bound to: 1 - type: integer 
	Parameter en_width bound to: 1 - type: integer 
	Parameter en_bin_pt bound to: 0 - type: integer 
	Parameter en_arith bound to: 1 - type: integer 
	Parameter bool_conversion bound to: 0 - type: integer 
	Parameter latency bound to: 0 - type: integer 
	Parameter quantization bound to: 1 - type: integer 
	Parameter overflow bound to: 1 - type: integer 
	Parameter din_width bound to: 1 - type: integer 
	Parameter din_bin_pt bound to: 0 - type: integer 
	Parameter din_arith bound to: 1 - type: integer 
	Parameter dout_width bound to: 1 - type: integer 
	Parameter dout_bin_pt bound to: 0 - type: integer 
	Parameter dout_arith bound to: 1 - type: integer 
	Parameter quantization bound to: 1 - type: integer 
	Parameter overflow bound to: 1 - type: integer 
INFO: [Synth 8-638] synthesizing module 'convert_func_call_ethernet_one_gbe_skarab_axi_xlconvert__parameterized7' [/home/valmyrsilva07/virtex7/skarab-virtex7-toolflow/fpgs/ethernet_one_gbe_skarab_control/ethernet_one_gbe_skarab_axi/myproj/myproj.srcs/sources_1/imports/sysgen/ethernet_one_gbe_skarab_axi_entity_declarations.vhd:481]
	Parameter din_width bound to: 1 - type: integer 
	Parameter din_bin_pt bound to: 0 - type: integer 
	Parameter din_arith bound to: 1 - type: integer 
	Parameter dout_width bound to: 1 - type: integer 
	Parameter dout_bin_pt bound to: 0 - type: integer 
	Parameter dout_arith bound to: 1 - type: integer 
	Parameter quantization bound to: 1 - type: integer 
	Parameter overflow bound to: 1 - type: integer 
INFO: [Synth 8-256] done synthesizing module 'convert_func_call_ethernet_one_gbe_skarab_axi_xlconvert__parameterized7' (248#1) [/home/valmyrsilva07/virtex7/skarab-virtex7-toolflow/fpgs/ethernet_one_gbe_skarab_control/ethernet_one_gbe_skarab_axi/myproj/myproj.srcs/sources_1/imports/sysgen/ethernet_one_gbe_skarab_axi_entity_declarations.vhd:481]
INFO: [Synth 8-256] done synthesizing module 'ethernet_one_gbe_skarab_axi_xlconvert__parameterized3' (248#1) [/home/valmyrsilva07/virtex7/skarab-virtex7-toolflow/fpgs/ethernet_one_gbe_skarab_control/ethernet_one_gbe_skarab_axi/myproj/myproj.srcs/sources_1/imports/sysgen/ethernet_one_gbe_skarab_axi_entity_declarations.vhd:522]
INFO: [Synth 8-256] done synthesizing module 'ethernet_one_gbe_skarab_axi_bram_x1' (249#1) [/home/valmyrsilva07/virtex7/skarab-virtex7-toolflow/fpgs/ethernet_one_gbe_skarab_control/ethernet_one_gbe_skarab_axi/myproj/myproj.srcs/sources_1/imports/sysgen/ethernet_one_gbe_skarab_axi.vhd:1607]
INFO: [Synth 8-638] synthesizing module 'ethernet_one_gbe_skarab_axi_ctrl_x2' [/home/valmyrsilva07/virtex7/skarab-virtex7-toolflow/fpgs/ethernet_one_gbe_skarab_control/ethernet_one_gbe_skarab_axi/myproj/myproj.srcs/sources_1/imports/sysgen/ethernet_one_gbe_skarab_axi.vhd:1714]
INFO: [Synth 8-256] done synthesizing module 'ethernet_one_gbe_skarab_axi_ctrl_x2' (250#1) [/home/valmyrsilva07/virtex7/skarab-virtex7-toolflow/fpgs/ethernet_one_gbe_skarab_control/ethernet_one_gbe_skarab_axi/myproj/myproj.srcs/sources_1/imports/sysgen/ethernet_one_gbe_skarab_axi.vhd:1714]
INFO: [Synth 8-638] synthesizing module 'ethernet_one_gbe_skarab_axi_ctrl_combine_x2' [/home/valmyrsilva07/virtex7/skarab-virtex7-toolflow/fpgs/ethernet_one_gbe_skarab_control/ethernet_one_gbe_skarab_axi/myproj/myproj.srcs/sources_1/imports/sysgen/ethernet_one_gbe_skarab_axi.vhd:1764]
INFO: [Synth 8-638] synthesizing module 'sysgen_concat_ccbb1d083c' [/home/valmyrsilva07/virtex7/skarab-virtex7-toolflow/fpgs/ethernet_one_gbe_skarab_control/ethernet_one_gbe_skarab_axi/myproj/myproj.srcs/sources_1/imports/sysgen/ethernet_one_gbe_skarab_axi_entity_declarations.vhd:2280]
INFO: [Synth 8-256] done synthesizing module 'sysgen_concat_ccbb1d083c' (251#1) [/home/valmyrsilva07/virtex7/skarab-virtex7-toolflow/fpgs/ethernet_one_gbe_skarab_control/ethernet_one_gbe_skarab_axi/myproj/myproj.srcs/sources_1/imports/sysgen/ethernet_one_gbe_skarab_axi_entity_declarations.vhd:2280]
INFO: [Synth 8-638] synthesizing module 'sysgen_reinterpret_a5bfb17292' [/home/valmyrsilva07/virtex7/skarab-virtex7-toolflow/fpgs/ethernet_one_gbe_skarab_control/ethernet_one_gbe_skarab_axi/myproj/myproj.srcs/sources_1/imports/sysgen/ethernet_one_gbe_skarab_axi_entity_declarations.vhd:2310]
INFO: [Synth 8-256] done synthesizing module 'sysgen_reinterpret_a5bfb17292' (252#1) [/home/valmyrsilva07/virtex7/skarab-virtex7-toolflow/fpgs/ethernet_one_gbe_skarab_control/ethernet_one_gbe_skarab_axi/myproj/myproj.srcs/sources_1/imports/sysgen/ethernet_one_gbe_skarab_axi_entity_declarations.vhd:2310]
INFO: [Synth 8-638] synthesizing module 'sysgen_reinterpret_35368efb74' [/home/valmyrsilva07/virtex7/skarab-virtex7-toolflow/fpgs/ethernet_one_gbe_skarab_control/ethernet_one_gbe_skarab_axi/myproj/myproj.srcs/sources_1/imports/sysgen/ethernet_one_gbe_skarab_axi_entity_declarations.vhd:2332]
INFO: [Synth 8-256] done synthesizing module 'sysgen_reinterpret_35368efb74' (253#1) [/home/valmyrsilva07/virtex7/skarab-virtex7-toolflow/fpgs/ethernet_one_gbe_skarab_control/ethernet_one_gbe_skarab_axi/myproj/myproj.srcs/sources_1/imports/sysgen/ethernet_one_gbe_skarab_axi_entity_declarations.vhd:2332]
INFO: [Synth 8-256] done synthesizing module 'ethernet_one_gbe_skarab_axi_ctrl_combine_x2' (254#1) [/home/valmyrsilva07/virtex7/skarab-virtex7-toolflow/fpgs/ethernet_one_gbe_skarab_control/ethernet_one_gbe_skarab_axi/myproj/myproj.srcs/sources_1/imports/sysgen/ethernet_one_gbe_skarab_axi.vhd:1764]
INFO: [Synth 8-638] synthesizing module 'ethernet_one_gbe_skarab_axi_ctrl_split_x2' [/home/valmyrsilva07/virtex7/skarab-virtex7-toolflow/fpgs/ethernet_one_gbe_skarab_control/ethernet_one_gbe_skarab_axi/myproj/myproj.srcs/sources_1/imports/sysgen/ethernet_one_gbe_skarab_axi.vhd:1838]
INFO: [Synth 8-638] synthesizing module 'ethernet_one_gbe_skarab_axi_xlslice__parameterized12' [/home/valmyrsilva07/virtex7/skarab-virtex7-toolflow/fpgs/ethernet_one_gbe_skarab_control/ethernet_one_gbe_skarab_axi/myproj/myproj.srcs/sources_1/imports/sysgen/ethernet_one_gbe_skarab_axi_entity_declarations.vhd:973]
	Parameter new_msb bound to: 2 - type: integer 
	Parameter new_lsb bound to: 1 - type: integer 
	Parameter x_width bound to: 32 - type: integer 
	Parameter y_width bound to: 2 - type: integer 
INFO: [Synth 8-256] done synthesizing module 'ethernet_one_gbe_skarab_axi_xlslice__parameterized12' (254#1) [/home/valmyrsilva07/virtex7/skarab-virtex7-toolflow/fpgs/ethernet_one_gbe_skarab_control/ethernet_one_gbe_skarab_axi/myproj/myproj.srcs/sources_1/imports/sysgen/ethernet_one_gbe_skarab_axi_entity_declarations.vhd:973]
INFO: [Synth 8-638] synthesizing module 'ethernet_one_gbe_skarab_axi_xlslice__parameterized13' [/home/valmyrsilva07/virtex7/skarab-virtex7-toolflow/fpgs/ethernet_one_gbe_skarab_control/ethernet_one_gbe_skarab_axi/myproj/myproj.srcs/sources_1/imports/sysgen/ethernet_one_gbe_skarab_axi_entity_declarations.vhd:973]
	Parameter new_msb bound to: 3 - type: integer 
	Parameter new_lsb bound to: 3 - type: integer 
	Parameter x_width bound to: 32 - type: integer 
	Parameter y_width bound to: 1 - type: integer 
INFO: [Synth 8-256] done synthesizing module 'ethernet_one_gbe_skarab_axi_xlslice__parameterized13' (254#1) [/home/valmyrsilva07/virtex7/skarab-virtex7-toolflow/fpgs/ethernet_one_gbe_skarab_control/ethernet_one_gbe_skarab_axi/myproj/myproj.srcs/sources_1/imports/sysgen/ethernet_one_gbe_skarab_axi_entity_declarations.vhd:973]
INFO: [Synth 8-638] synthesizing module 'ethernet_one_gbe_skarab_axi_xlslice__parameterized14' [/home/valmyrsilva07/virtex7/skarab-virtex7-toolflow/fpgs/ethernet_one_gbe_skarab_control/ethernet_one_gbe_skarab_axi/myproj/myproj.srcs/sources_1/imports/sysgen/ethernet_one_gbe_skarab_axi_entity_declarations.vhd:973]
	Parameter new_msb bound to: 31 - type: integer 
	Parameter new_lsb bound to: 4 - type: integer 
	Parameter x_width bound to: 32 - type: integer 
	Parameter y_width bound to: 28 - type: integer 
INFO: [Synth 8-256] done synthesizing module 'ethernet_one_gbe_skarab_axi_xlslice__parameterized14' (254#1) [/home/valmyrsilva07/virtex7/skarab-virtex7-toolflow/fpgs/ethernet_one_gbe_skarab_control/ethernet_one_gbe_skarab_axi/myproj/myproj.srcs/sources_1/imports/sysgen/ethernet_one_gbe_skarab_axi_entity_declarations.vhd:973]
INFO: [Synth 8-256] done synthesizing module 'ethernet_one_gbe_skarab_axi_ctrl_split_x2' (255#1) [/home/valmyrsilva07/virtex7/skarab-virtex7-toolflow/fpgs/ethernet_one_gbe_skarab_control/ethernet_one_gbe_skarab_axi/myproj/myproj.srcs/sources_1/imports/sysgen/ethernet_one_gbe_skarab_axi.vhd:1838]
INFO: [Synth 8-638] synthesizing module 'ethernet_one_gbe_skarab_axi_status_x2' [/home/valmyrsilva07/virtex7/skarab-virtex7-toolflow/fpgs/ethernet_one_gbe_skarab_control/ethernet_one_gbe_skarab_axi/myproj/myproj.srcs/sources_1/imports/sysgen/ethernet_one_gbe_skarab_axi.vhd:1926]
INFO: [Synth 8-256] done synthesizing module 'ethernet_one_gbe_skarab_axi_status_x2' (256#1) [/home/valmyrsilva07/virtex7/skarab-virtex7-toolflow/fpgs/ethernet_one_gbe_skarab_control/ethernet_one_gbe_skarab_axi/myproj/myproj.srcs/sources_1/imports/sysgen/ethernet_one_gbe_skarab_axi.vhd:1926]
INFO: [Synth 8-638] synthesizing module 'sysgen_delay_fe258c1100' [/home/valmyrsilva07/virtex7/skarab-virtex7-toolflow/fpgs/ethernet_one_gbe_skarab_control/ethernet_one_gbe_skarab_axi/myproj/myproj.srcs/sources_1/imports/sysgen/ethernet_one_gbe_skarab_axi_entity_declarations.vhd:1280]
INFO: [Synth 8-256] done synthesizing module 'sysgen_delay_fe258c1100' (257#1) [/home/valmyrsilva07/virtex7/skarab-virtex7-toolflow/fpgs/ethernet_one_gbe_skarab_control/ethernet_one_gbe_skarab_axi/myproj/myproj.srcs/sources_1/imports/sysgen/ethernet_one_gbe_skarab_axi_entity_declarations.vhd:1280]
INFO: [Synth 8-256] done synthesizing module 'ethernet_one_gbe_skarab_axi_ss_x2' (258#1) [/home/valmyrsilva07/virtex7/skarab-virtex7-toolflow/fpgs/ethernet_one_gbe_skarab_control/ethernet_one_gbe_skarab_axi/myproj/myproj.srcs/sources_1/imports/sysgen/ethernet_one_gbe_skarab_axi.vhd:2008]
INFO: [Synth 8-638] synthesizing module 'xlpassthrough__parameterized0' [/home/valmyrsilva07/virtex7/skarab-virtex7-toolflow/fpgs/ethernet_one_gbe_skarab_control/ethernet_one_gbe_skarab_axi/myproj/myproj.srcs/sources_1/imports/sysgen/ethernet_one_gbe_skarab_axi_entity_declarations.vhd:178]
	Parameter din_width bound to: 64 - type: integer 
	Parameter dout_width bound to: 64 - type: integer 
INFO: [Synth 8-256] done synthesizing module 'xlpassthrough__parameterized0' (258#1) [/home/valmyrsilva07/virtex7/skarab-virtex7-toolflow/fpgs/ethernet_one_gbe_skarab_control/ethernet_one_gbe_skarab_axi/myproj/myproj.srcs/sources_1/imports/sysgen/ethernet_one_gbe_skarab_axi_entity_declarations.vhd:178]
INFO: [Synth 8-256] done synthesizing module 'ethernet_one_gbe_skarab_axi_d3' (259#1) [/home/valmyrsilva07/virtex7/skarab-virtex7-toolflow/fpgs/ethernet_one_gbe_skarab_control/ethernet_one_gbe_skarab_axi/myproj/myproj.srcs/sources_1/imports/sysgen/ethernet_one_gbe_skarab_axi.vhd:2241]
INFO: [Synth 8-638] synthesizing module 'ethernet_one_gbe_skarab_axi_d4' [/home/valmyrsilva07/virtex7/skarab-virtex7-toolflow/fpgs/ethernet_one_gbe_skarab_control/ethernet_one_gbe_skarab_axi/myproj/myproj.srcs/sources_1/imports/sysgen/ethernet_one_gbe_skarab_axi.vhd:4327]
INFO: [Synth 8-638] synthesizing module 'ethernet_one_gbe_skarab_axi_buscreate_x1' [/home/valmyrsilva07/virtex7/skarab-virtex7-toolflow/fpgs/ethernet_one_gbe_skarab_control/ethernet_one_gbe_skarab_axi/myproj/myproj.srcs/sources_1/imports/sysgen/ethernet_one_gbe_skarab_axi.vhd:2342]
INFO: [Synth 8-638] synthesizing module 'sysgen_concat_5e1ba1a170' [/home/valmyrsilva07/virtex7/skarab-virtex7-toolflow/fpgs/ethernet_one_gbe_skarab_control/ethernet_one_gbe_skarab_axi/myproj/myproj.srcs/sources_1/imports/sysgen/ethernet_one_gbe_skarab_axi_entity_declarations.vhd:2357]
INFO: [Synth 8-256] done synthesizing module 'sysgen_concat_5e1ba1a170' (260#1) [/home/valmyrsilva07/virtex7/skarab-virtex7-toolflow/fpgs/ethernet_one_gbe_skarab_control/ethernet_one_gbe_skarab_axi/myproj/myproj.srcs/sources_1/imports/sysgen/ethernet_one_gbe_skarab_axi_entity_declarations.vhd:2357]
INFO: [Synth 8-638] synthesizing module 'sysgen_reinterpret_f792f7b832' [/home/valmyrsilva07/virtex7/skarab-virtex7-toolflow/fpgs/ethernet_one_gbe_skarab_control/ethernet_one_gbe_skarab_axi/myproj/myproj.srcs/sources_1/imports/sysgen/ethernet_one_gbe_skarab_axi_entity_declarations.vhd:2387]
INFO: [Synth 8-256] done synthesizing module 'sysgen_reinterpret_f792f7b832' (261#1) [/home/valmyrsilva07/virtex7/skarab-virtex7-toolflow/fpgs/ethernet_one_gbe_skarab_control/ethernet_one_gbe_skarab_axi/myproj/myproj.srcs/sources_1/imports/sysgen/ethernet_one_gbe_skarab_axi_entity_declarations.vhd:2387]
INFO: [Synth 8-638] synthesizing module 'sysgen_reinterpret_c73794c81f' [/home/valmyrsilva07/virtex7/skarab-virtex7-toolflow/fpgs/ethernet_one_gbe_skarab_control/ethernet_one_gbe_skarab_axi/myproj/myproj.srcs/sources_1/imports/sysgen/ethernet_one_gbe_skarab_axi_entity_declarations.vhd:2409]
INFO: [Synth 8-256] done synthesizing module 'sysgen_reinterpret_c73794c81f' (262#1) [/home/valmyrsilva07/virtex7/skarab-virtex7-toolflow/fpgs/ethernet_one_gbe_skarab_control/ethernet_one_gbe_skarab_axi/myproj/myproj.srcs/sources_1/imports/sysgen/ethernet_one_gbe_skarab_axi_entity_declarations.vhd:2409]
INFO: [Synth 8-256] done synthesizing module 'ethernet_one_gbe_skarab_axi_buscreate_x1' (263#1) [/home/valmyrsilva07/virtex7/skarab-virtex7-toolflow/fpgs/ethernet_one_gbe_skarab_control/ethernet_one_gbe_skarab_axi/myproj/myproj.srcs/sources_1/imports/sysgen/ethernet_one_gbe_skarab_axi.vhd:2342]
INFO: [Synth 8-638] synthesizing module 'ethernet_one_gbe_skarab_axi_ss_x1' [/home/valmyrsilva07/virtex7/skarab-virtex7-toolflow/fpgs/ethernet_one_gbe_skarab_control/ethernet_one_gbe_skarab_axi/myproj/myproj.srcs/sources_1/imports/sysgen/ethernet_one_gbe_skarab_axi.vhd:4093]
INFO: [Synth 8-638] synthesizing module 'ethernet_one_gbe_skarab_axi_add_gen_x3' [/home/valmyrsilva07/virtex7/skarab-virtex7-toolflow/fpgs/ethernet_one_gbe_skarab_control/ethernet_one_gbe_skarab_axi/myproj/myproj.srcs/sources_1/imports/sysgen/ethernet_one_gbe_skarab_axi.vhd:2480]
INFO: [Synth 8-638] synthesizing module 'ethernet_one_gbe_skarab_axi_edge_detect_x6' [/home/valmyrsilva07/virtex7/skarab-virtex7-toolflow/fpgs/ethernet_one_gbe_skarab_control/ethernet_one_gbe_skarab_axi/myproj/myproj.srcs/sources_1/imports/sysgen/ethernet_one_gbe_skarab_axi.vhd:2415]
INFO: [Synth 8-256] done synthesizing module 'ethernet_one_gbe_skarab_axi_edge_detect_x6' (264#1) [/home/valmyrsilva07/virtex7/skarab-virtex7-toolflow/fpgs/ethernet_one_gbe_skarab_control/ethernet_one_gbe_skarab_axi/myproj/myproj.srcs/sources_1/imports/sysgen/ethernet_one_gbe_skarab_axi.vhd:2415]
INFO: [Synth 8-256] done synthesizing module 'ethernet_one_gbe_skarab_axi_add_gen_x3' (265#1) [/home/valmyrsilva07/virtex7/skarab-virtex7-toolflow/fpgs/ethernet_one_gbe_skarab_control/ethernet_one_gbe_skarab_axi/myproj/myproj.srcs/sources_1/imports/sysgen/ethernet_one_gbe_skarab_axi.vhd:2480]
INFO: [Synth 8-638] synthesizing module 'ethernet_one_gbe_skarab_axi_basic_ctrl_x3' [/home/valmyrsilva07/virtex7/skarab-virtex7-toolflow/fpgs/ethernet_one_gbe_skarab_control/ethernet_one_gbe_skarab_axi/myproj/myproj.srcs/sources_1/imports/sysgen/ethernet_one_gbe_skarab_axi.vhd:3104]
INFO: [Synth 8-638] synthesizing module 'ethernet_one_gbe_skarab_axi_dram_munge_x3' [/home/valmyrsilva07/virtex7/skarab-virtex7-toolflow/fpgs/ethernet_one_gbe_skarab_control/ethernet_one_gbe_skarab_axi/myproj/myproj.srcs/sources_1/imports/sysgen/ethernet_one_gbe_skarab_axi.vhd:2733]
INFO: [Synth 8-256] done synthesizing module 'ethernet_one_gbe_skarab_axi_dram_munge_x3' (266#1) [/home/valmyrsilva07/virtex7/skarab-virtex7-toolflow/fpgs/ethernet_one_gbe_skarab_control/ethernet_one_gbe_skarab_axi/myproj/myproj.srcs/sources_1/imports/sysgen/ethernet_one_gbe_skarab_axi.vhd:2733]
INFO: [Synth 8-638] synthesizing module 'ethernet_one_gbe_skarab_axi_edge_detect_x8' [/home/valmyrsilva07/virtex7/skarab-virtex7-toolflow/fpgs/ethernet_one_gbe_skarab_control/ethernet_one_gbe_skarab_axi/myproj/myproj.srcs/sources_1/imports/sysgen/ethernet_one_gbe_skarab_axi.vhd:3039]
INFO: [Synth 8-256] done synthesizing module 'ethernet_one_gbe_skarab_axi_edge_detect_x8' (267#1) [/home/valmyrsilva07/virtex7/skarab-virtex7-toolflow/fpgs/ethernet_one_gbe_skarab_control/ethernet_one_gbe_skarab_axi/myproj/myproj.srcs/sources_1/imports/sysgen/ethernet_one_gbe_skarab_axi.vhd:3039]
INFO: [Synth 8-256] done synthesizing module 'ethernet_one_gbe_skarab_axi_basic_ctrl_x3' (268#1) [/home/valmyrsilva07/virtex7/skarab-virtex7-toolflow/fpgs/ethernet_one_gbe_skarab_control/ethernet_one_gbe_skarab_axi/myproj/myproj.srcs/sources_1/imports/sysgen/ethernet_one_gbe_skarab_axi.vhd:3104]
INFO: [Synth 8-638] synthesizing module 'ethernet_one_gbe_skarab_axi_bram_x3' [/home/valmyrsilva07/virtex7/skarab-virtex7-toolflow/fpgs/ethernet_one_gbe_skarab_control/ethernet_one_gbe_skarab_axi/myproj/myproj.srcs/sources_1/imports/sysgen/ethernet_one_gbe_skarab_axi.vhd:3692]
INFO: [Synth 8-638] synthesizing module 'ethernet_one_gbe_skarab_axi_calc_add_x3' [/home/valmyrsilva07/virtex7/skarab-virtex7-toolflow/fpgs/ethernet_one_gbe_skarab_control/ethernet_one_gbe_skarab_axi/myproj/myproj.srcs/sources_1/imports/sysgen/ethernet_one_gbe_skarab_axi.vhd:3335]
INFO: [Synth 8-256] done synthesizing module 'ethernet_one_gbe_skarab_axi_calc_add_x3' (269#1) [/home/valmyrsilva07/virtex7/skarab-virtex7-toolflow/fpgs/ethernet_one_gbe_skarab_control/ethernet_one_gbe_skarab_axi/myproj/myproj.srcs/sources_1/imports/sysgen/ethernet_one_gbe_skarab_axi.vhd:3335]
INFO: [Synth 8-638] synthesizing module 'ethernet_one_gbe_skarab_axi_munge_in_x3' [/home/valmyrsilva07/virtex7/skarab-virtex7-toolflow/fpgs/ethernet_one_gbe_skarab_control/ethernet_one_gbe_skarab_axi/myproj/myproj.srcs/sources_1/imports/sysgen/ethernet_one_gbe_skarab_axi.vhd:3630]
INFO: [Synth 8-638] synthesizing module 'ethernet_one_gbe_skarab_axi_join_x2' [/home/valmyrsilva07/virtex7/skarab-virtex7-toolflow/fpgs/ethernet_one_gbe_skarab_control/ethernet_one_gbe_skarab_axi/myproj/myproj.srcs/sources_1/imports/sysgen/ethernet_one_gbe_skarab_axi.vhd:3452]
INFO: [Synth 8-256] done synthesizing module 'ethernet_one_gbe_skarab_axi_join_x2' (270#1) [/home/valmyrsilva07/virtex7/skarab-virtex7-toolflow/fpgs/ethernet_one_gbe_skarab_control/ethernet_one_gbe_skarab_axi/myproj/myproj.srcs/sources_1/imports/sysgen/ethernet_one_gbe_skarab_axi.vhd:3452]
INFO: [Synth 8-638] synthesizing module 'ethernet_one_gbe_skarab_axi_split_x2' [/home/valmyrsilva07/virtex7/skarab-virtex7-toolflow/fpgs/ethernet_one_gbe_skarab_control/ethernet_one_gbe_skarab_axi/myproj/myproj.srcs/sources_1/imports/sysgen/ethernet_one_gbe_skarab_axi.vhd:3526]
INFO: [Synth 8-256] done synthesizing module 'ethernet_one_gbe_skarab_axi_split_x2' (271#1) [/home/valmyrsilva07/virtex7/skarab-virtex7-toolflow/fpgs/ethernet_one_gbe_skarab_control/ethernet_one_gbe_skarab_axi/myproj/myproj.srcs/sources_1/imports/sysgen/ethernet_one_gbe_skarab_axi.vhd:3526]
INFO: [Synth 8-256] done synthesizing module 'ethernet_one_gbe_skarab_axi_munge_in_x3' (272#1) [/home/valmyrsilva07/virtex7/skarab-virtex7-toolflow/fpgs/ethernet_one_gbe_skarab_control/ethernet_one_gbe_skarab_axi/myproj/myproj.srcs/sources_1/imports/sysgen/ethernet_one_gbe_skarab_axi.vhd:3630]
INFO: [Synth 8-256] done synthesizing module 'ethernet_one_gbe_skarab_axi_bram_x3' (273#1) [/home/valmyrsilva07/virtex7/skarab-virtex7-toolflow/fpgs/ethernet_one_gbe_skarab_control/ethernet_one_gbe_skarab_axi/myproj/myproj.srcs/sources_1/imports/sysgen/ethernet_one_gbe_skarab_axi.vhd:3692]
INFO: [Synth 8-638] synthesizing module 'ethernet_one_gbe_skarab_axi_ctrl_x3' [/home/valmyrsilva07/virtex7/skarab-virtex7-toolflow/fpgs/ethernet_one_gbe_skarab_control/ethernet_one_gbe_skarab_axi/myproj/myproj.srcs/sources_1/imports/sysgen/ethernet_one_gbe_skarab_axi.vhd:3799]
INFO: [Synth 8-256] done synthesizing module 'ethernet_one_gbe_skarab_axi_ctrl_x3' (274#1) [/home/valmyrsilva07/virtex7/skarab-virtex7-toolflow/fpgs/ethernet_one_gbe_skarab_control/ethernet_one_gbe_skarab_axi/myproj/myproj.srcs/sources_1/imports/sysgen/ethernet_one_gbe_skarab_axi.vhd:3799]
INFO: [Synth 8-638] synthesizing module 'ethernet_one_gbe_skarab_axi_ctrl_combine_x3' [/home/valmyrsilva07/virtex7/skarab-virtex7-toolflow/fpgs/ethernet_one_gbe_skarab_control/ethernet_one_gbe_skarab_axi/myproj/myproj.srcs/sources_1/imports/sysgen/ethernet_one_gbe_skarab_axi.vhd:3849]
INFO: [Synth 8-256] done synthesizing module 'ethernet_one_gbe_skarab_axi_ctrl_combine_x3' (275#1) [/home/valmyrsilva07/virtex7/skarab-virtex7-toolflow/fpgs/ethernet_one_gbe_skarab_control/ethernet_one_gbe_skarab_axi/myproj/myproj.srcs/sources_1/imports/sysgen/ethernet_one_gbe_skarab_axi.vhd:3849]
INFO: [Synth 8-638] synthesizing module 'ethernet_one_gbe_skarab_axi_ctrl_split_x3' [/home/valmyrsilva07/virtex7/skarab-virtex7-toolflow/fpgs/ethernet_one_gbe_skarab_control/ethernet_one_gbe_skarab_axi/myproj/myproj.srcs/sources_1/imports/sysgen/ethernet_one_gbe_skarab_axi.vhd:3923]
INFO: [Synth 8-256] done synthesizing module 'ethernet_one_gbe_skarab_axi_ctrl_split_x3' (276#1) [/home/valmyrsilva07/virtex7/skarab-virtex7-toolflow/fpgs/ethernet_one_gbe_skarab_control/ethernet_one_gbe_skarab_axi/myproj/myproj.srcs/sources_1/imports/sysgen/ethernet_one_gbe_skarab_axi.vhd:3923]
INFO: [Synth 8-638] synthesizing module 'ethernet_one_gbe_skarab_axi_status_x3' [/home/valmyrsilva07/virtex7/skarab-virtex7-toolflow/fpgs/ethernet_one_gbe_skarab_control/ethernet_one_gbe_skarab_axi/myproj/myproj.srcs/sources_1/imports/sysgen/ethernet_one_gbe_skarab_axi.vhd:4011]
INFO: [Synth 8-256] done synthesizing module 'ethernet_one_gbe_skarab_axi_status_x3' (277#1) [/home/valmyrsilva07/virtex7/skarab-virtex7-toolflow/fpgs/ethernet_one_gbe_skarab_control/ethernet_one_gbe_skarab_axi/myproj/myproj.srcs/sources_1/imports/sysgen/ethernet_one_gbe_skarab_axi.vhd:4011]
INFO: [Synth 8-256] done synthesizing module 'ethernet_one_gbe_skarab_axi_ss_x1' (278#1) [/home/valmyrsilva07/virtex7/skarab-virtex7-toolflow/fpgs/ethernet_one_gbe_skarab_control/ethernet_one_gbe_skarab_axi/myproj/myproj.srcs/sources_1/imports/sysgen/ethernet_one_gbe_skarab_axi.vhd:4093]
INFO: [Synth 8-638] synthesizing module 'xlpassthrough__parameterized1' [/home/valmyrsilva07/virtex7/skarab-virtex7-toolflow/fpgs/ethernet_one_gbe_skarab_control/ethernet_one_gbe_skarab_axi/myproj/myproj.srcs/sources_1/imports/sysgen/ethernet_one_gbe_skarab_axi_entity_declarations.vhd:178]
	Parameter din_width bound to: 16 - type: integer 
	Parameter dout_width bound to: 16 - type: integer 
INFO: [Synth 8-256] done synthesizing module 'xlpassthrough__parameterized1' (278#1) [/home/valmyrsilva07/virtex7/skarab-virtex7-toolflow/fpgs/ethernet_one_gbe_skarab_control/ethernet_one_gbe_skarab_axi/myproj/myproj.srcs/sources_1/imports/sysgen/ethernet_one_gbe_skarab_axi_entity_declarations.vhd:178]
INFO: [Synth 8-638] synthesizing module 'xlpassthrough__parameterized2' [/home/valmyrsilva07/virtex7/skarab-virtex7-toolflow/fpgs/ethernet_one_gbe_skarab_control/ethernet_one_gbe_skarab_axi/myproj/myproj.srcs/sources_1/imports/sysgen/ethernet_one_gbe_skarab_axi_entity_declarations.vhd:178]
	Parameter din_width bound to: 48 - type: integer 
	Parameter dout_width bound to: 48 - type: integer 
INFO: [Synth 8-256] done synthesizing module 'xlpassthrough__parameterized2' (278#1) [/home/valmyrsilva07/virtex7/skarab-virtex7-toolflow/fpgs/ethernet_one_gbe_skarab_control/ethernet_one_gbe_skarab_axi/myproj/myproj.srcs/sources_1/imports/sysgen/ethernet_one_gbe_skarab_axi_entity_declarations.vhd:178]
INFO: [Synth 8-256] done synthesizing module 'ethernet_one_gbe_skarab_axi_d4' (279#1) [/home/valmyrsilva07/virtex7/skarab-virtex7-toolflow/fpgs/ethernet_one_gbe_skarab_control/ethernet_one_gbe_skarab_axi/myproj/myproj.srcs/sources_1/imports/sysgen/ethernet_one_gbe_skarab_axi.vhd:4327]
INFO: [Synth 8-638] synthesizing module 'ethernet_one_gbe_skarab_axi_d5' [/home/valmyrsilva07/virtex7/skarab-virtex7-toolflow/fpgs/ethernet_one_gbe_skarab_control/ethernet_one_gbe_skarab_axi/myproj/myproj.srcs/sources_1/imports/sysgen/ethernet_one_gbe_skarab_axi.vhd:6482]
INFO: [Synth 8-638] synthesizing module 'ethernet_one_gbe_skarab_axi_buscreate_x3' [/home/valmyrsilva07/virtex7/skarab-virtex7-toolflow/fpgs/ethernet_one_gbe_skarab_control/ethernet_one_gbe_skarab_axi/myproj/myproj.srcs/sources_1/imports/sysgen/ethernet_one_gbe_skarab_axi.vhd:4445]
INFO: [Synth 8-638] synthesizing module 'sysgen_concat_d7b1a35d66' [/home/valmyrsilva07/virtex7/skarab-virtex7-toolflow/fpgs/ethernet_one_gbe_skarab_control/ethernet_one_gbe_skarab_axi/myproj/myproj.srcs/sources_1/imports/sysgen/ethernet_one_gbe_skarab_axi_entity_declarations.vhd:2438]
INFO: [Synth 8-256] done synthesizing module 'sysgen_concat_d7b1a35d66' (280#1) [/home/valmyrsilva07/virtex7/skarab-virtex7-toolflow/fpgs/ethernet_one_gbe_skarab_control/ethernet_one_gbe_skarab_axi/myproj/myproj.srcs/sources_1/imports/sysgen/ethernet_one_gbe_skarab_axi_entity_declarations.vhd:2438]
INFO: [Synth 8-638] synthesizing module 'sysgen_reinterpret_1eb3b4ab44' [/home/valmyrsilva07/virtex7/skarab-virtex7-toolflow/fpgs/ethernet_one_gbe_skarab_control/ethernet_one_gbe_skarab_axi/myproj/myproj.srcs/sources_1/imports/sysgen/ethernet_one_gbe_skarab_axi_entity_declarations.vhd:2476]
INFO: [Synth 8-256] done synthesizing module 'sysgen_reinterpret_1eb3b4ab44' (281#1) [/home/valmyrsilva07/virtex7/skarab-virtex7-toolflow/fpgs/ethernet_one_gbe_skarab_control/ethernet_one_gbe_skarab_axi/myproj/myproj.srcs/sources_1/imports/sysgen/ethernet_one_gbe_skarab_axi_entity_declarations.vhd:2476]
INFO: [Synth 8-256] done synthesizing module 'ethernet_one_gbe_skarab_axi_buscreate_x3' (282#1) [/home/valmyrsilva07/virtex7/skarab-virtex7-toolflow/fpgs/ethernet_one_gbe_skarab_control/ethernet_one_gbe_skarab_axi/myproj/myproj.srcs/sources_1/imports/sysgen/ethernet_one_gbe_skarab_axi.vhd:4445]
INFO: [Synth 8-638] synthesizing module 'ethernet_one_gbe_skarab_axi_ss_x3' [/home/valmyrsilva07/virtex7/skarab-virtex7-toolflow/fpgs/ethernet_one_gbe_skarab_control/ethernet_one_gbe_skarab_axi/myproj/myproj.srcs/sources_1/imports/sysgen/ethernet_one_gbe_skarab_axi.vhd:6244]
INFO: [Synth 8-638] synthesizing module 'ethernet_one_gbe_skarab_axi_add_gen_x2' [/home/valmyrsilva07/virtex7/skarab-virtex7-toolflow/fpgs/ethernet_one_gbe_skarab_control/ethernet_one_gbe_skarab_axi/myproj/myproj.srcs/sources_1/imports/sysgen/ethernet_one_gbe_skarab_axi.vhd:4631]
INFO: [Synth 8-638] synthesizing module 'ethernet_one_gbe_skarab_axi_edge_detect_x5' [/home/valmyrsilva07/virtex7/skarab-virtex7-toolflow/fpgs/ethernet_one_gbe_skarab_control/ethernet_one_gbe_skarab_axi/myproj/myproj.srcs/sources_1/imports/sysgen/ethernet_one_gbe_skarab_axi.vhd:4566]
INFO: [Synth 8-256] done synthesizing module 'ethernet_one_gbe_skarab_axi_edge_detect_x5' (283#1) [/home/valmyrsilva07/virtex7/skarab-virtex7-toolflow/fpgs/ethernet_one_gbe_skarab_control/ethernet_one_gbe_skarab_axi/myproj/myproj.srcs/sources_1/imports/sysgen/ethernet_one_gbe_skarab_axi.vhd:4566]
INFO: [Synth 8-256] done synthesizing module 'ethernet_one_gbe_skarab_axi_add_gen_x2' (284#1) [/home/valmyrsilva07/virtex7/skarab-virtex7-toolflow/fpgs/ethernet_one_gbe_skarab_control/ethernet_one_gbe_skarab_axi/myproj/myproj.srcs/sources_1/imports/sysgen/ethernet_one_gbe_skarab_axi.vhd:4631]
INFO: [Synth 8-638] synthesizing module 'ethernet_one_gbe_skarab_axi_basic_ctrl_x2' [/home/valmyrsilva07/virtex7/skarab-virtex7-toolflow/fpgs/ethernet_one_gbe_skarab_control/ethernet_one_gbe_skarab_axi/myproj/myproj.srcs/sources_1/imports/sysgen/ethernet_one_gbe_skarab_axi.vhd:5255]
INFO: [Synth 8-638] synthesizing module 'ethernet_one_gbe_skarab_axi_dram_munge_x2' [/home/valmyrsilva07/virtex7/skarab-virtex7-toolflow/fpgs/ethernet_one_gbe_skarab_control/ethernet_one_gbe_skarab_axi/myproj/myproj.srcs/sources_1/imports/sysgen/ethernet_one_gbe_skarab_axi.vhd:4884]
INFO: [Synth 8-256] done synthesizing module 'ethernet_one_gbe_skarab_axi_dram_munge_x2' (285#1) [/home/valmyrsilva07/virtex7/skarab-virtex7-toolflow/fpgs/ethernet_one_gbe_skarab_control/ethernet_one_gbe_skarab_axi/myproj/myproj.srcs/sources_1/imports/sysgen/ethernet_one_gbe_skarab_axi.vhd:4884]
INFO: [Synth 8-638] synthesizing module 'ethernet_one_gbe_skarab_axi_edge_detect_x7' [/home/valmyrsilva07/virtex7/skarab-virtex7-toolflow/fpgs/ethernet_one_gbe_skarab_control/ethernet_one_gbe_skarab_axi/myproj/myproj.srcs/sources_1/imports/sysgen/ethernet_one_gbe_skarab_axi.vhd:5190]
INFO: [Synth 8-256] done synthesizing module 'ethernet_one_gbe_skarab_axi_edge_detect_x7' (286#1) [/home/valmyrsilva07/virtex7/skarab-virtex7-toolflow/fpgs/ethernet_one_gbe_skarab_control/ethernet_one_gbe_skarab_axi/myproj/myproj.srcs/sources_1/imports/sysgen/ethernet_one_gbe_skarab_axi.vhd:5190]
INFO: [Synth 8-256] done synthesizing module 'ethernet_one_gbe_skarab_axi_basic_ctrl_x2' (287#1) [/home/valmyrsilva07/virtex7/skarab-virtex7-toolflow/fpgs/ethernet_one_gbe_skarab_control/ethernet_one_gbe_skarab_axi/myproj/myproj.srcs/sources_1/imports/sysgen/ethernet_one_gbe_skarab_axi.vhd:5255]
INFO: [Synth 8-638] synthesizing module 'ethernet_one_gbe_skarab_axi_bram_x2' [/home/valmyrsilva07/virtex7/skarab-virtex7-toolflow/fpgs/ethernet_one_gbe_skarab_control/ethernet_one_gbe_skarab_axi/myproj/myproj.srcs/sources_1/imports/sysgen/ethernet_one_gbe_skarab_axi.vhd:5843]
INFO: [Synth 8-638] synthesizing module 'ethernet_one_gbe_skarab_axi_calc_add_x2' [/home/valmyrsilva07/virtex7/skarab-virtex7-toolflow/fpgs/ethernet_one_gbe_skarab_control/ethernet_one_gbe_skarab_axi/myproj/myproj.srcs/sources_1/imports/sysgen/ethernet_one_gbe_skarab_axi.vhd:5486]
INFO: [Synth 8-256] done synthesizing module 'ethernet_one_gbe_skarab_axi_calc_add_x2' (288#1) [/home/valmyrsilva07/virtex7/skarab-virtex7-toolflow/fpgs/ethernet_one_gbe_skarab_control/ethernet_one_gbe_skarab_axi/myproj/myproj.srcs/sources_1/imports/sysgen/ethernet_one_gbe_skarab_axi.vhd:5486]
INFO: [Synth 8-638] synthesizing module 'ethernet_one_gbe_skarab_axi_munge_in_x2' [/home/valmyrsilva07/virtex7/skarab-virtex7-toolflow/fpgs/ethernet_one_gbe_skarab_control/ethernet_one_gbe_skarab_axi/myproj/myproj.srcs/sources_1/imports/sysgen/ethernet_one_gbe_skarab_axi.vhd:5781]
INFO: [Synth 8-638] synthesizing module 'ethernet_one_gbe_skarab_axi_join_x1' [/home/valmyrsilva07/virtex7/skarab-virtex7-toolflow/fpgs/ethernet_one_gbe_skarab_control/ethernet_one_gbe_skarab_axi/myproj/myproj.srcs/sources_1/imports/sysgen/ethernet_one_gbe_skarab_axi.vhd:5603]
INFO: [Synth 8-256] done synthesizing module 'ethernet_one_gbe_skarab_axi_join_x1' (289#1) [/home/valmyrsilva07/virtex7/skarab-virtex7-toolflow/fpgs/ethernet_one_gbe_skarab_control/ethernet_one_gbe_skarab_axi/myproj/myproj.srcs/sources_1/imports/sysgen/ethernet_one_gbe_skarab_axi.vhd:5603]
INFO: [Synth 8-638] synthesizing module 'ethernet_one_gbe_skarab_axi_split_x1' [/home/valmyrsilva07/virtex7/skarab-virtex7-toolflow/fpgs/ethernet_one_gbe_skarab_control/ethernet_one_gbe_skarab_axi/myproj/myproj.srcs/sources_1/imports/sysgen/ethernet_one_gbe_skarab_axi.vhd:5677]
INFO: [Synth 8-256] done synthesizing module 'ethernet_one_gbe_skarab_axi_split_x1' (290#1) [/home/valmyrsilva07/virtex7/skarab-virtex7-toolflow/fpgs/ethernet_one_gbe_skarab_control/ethernet_one_gbe_skarab_axi/myproj/myproj.srcs/sources_1/imports/sysgen/ethernet_one_gbe_skarab_axi.vhd:5677]
INFO: [Synth 8-256] done synthesizing module 'ethernet_one_gbe_skarab_axi_munge_in_x2' (291#1) [/home/valmyrsilva07/virtex7/skarab-virtex7-toolflow/fpgs/ethernet_one_gbe_skarab_control/ethernet_one_gbe_skarab_axi/myproj/myproj.srcs/sources_1/imports/sysgen/ethernet_one_gbe_skarab_axi.vhd:5781]
INFO: [Synth 8-256] done synthesizing module 'ethernet_one_gbe_skarab_axi_bram_x2' (292#1) [/home/valmyrsilva07/virtex7/skarab-virtex7-toolflow/fpgs/ethernet_one_gbe_skarab_control/ethernet_one_gbe_skarab_axi/myproj/myproj.srcs/sources_1/imports/sysgen/ethernet_one_gbe_skarab_axi.vhd:5843]
INFO: [Synth 8-638] synthesizing module 'ethernet_one_gbe_skarab_axi_ctrl_x0' [/home/valmyrsilva07/virtex7/skarab-virtex7-toolflow/fpgs/ethernet_one_gbe_skarab_control/ethernet_one_gbe_skarab_axi/myproj/myproj.srcs/sources_1/imports/sysgen/ethernet_one_gbe_skarab_axi.vhd:5950]
INFO: [Synth 8-256] done synthesizing module 'ethernet_one_gbe_skarab_axi_ctrl_x0' (293#1) [/home/valmyrsilva07/virtex7/skarab-virtex7-toolflow/fpgs/ethernet_one_gbe_skarab_control/ethernet_one_gbe_skarab_axi/myproj/myproj.srcs/sources_1/imports/sysgen/ethernet_one_gbe_skarab_axi.vhd:5950]
INFO: [Synth 8-638] synthesizing module 'ethernet_one_gbe_skarab_axi_ctrl_combine_x0' [/home/valmyrsilva07/virtex7/skarab-virtex7-toolflow/fpgs/ethernet_one_gbe_skarab_control/ethernet_one_gbe_skarab_axi/myproj/myproj.srcs/sources_1/imports/sysgen/ethernet_one_gbe_skarab_axi.vhd:6000]
INFO: [Synth 8-256] done synthesizing module 'ethernet_one_gbe_skarab_axi_ctrl_combine_x0' (294#1) [/home/valmyrsilva07/virtex7/skarab-virtex7-toolflow/fpgs/ethernet_one_gbe_skarab_control/ethernet_one_gbe_skarab_axi/myproj/myproj.srcs/sources_1/imports/sysgen/ethernet_one_gbe_skarab_axi.vhd:6000]
INFO: [Synth 8-638] synthesizing module 'ethernet_one_gbe_skarab_axi_ctrl_split_x0' [/home/valmyrsilva07/virtex7/skarab-virtex7-toolflow/fpgs/ethernet_one_gbe_skarab_control/ethernet_one_gbe_skarab_axi/myproj/myproj.srcs/sources_1/imports/sysgen/ethernet_one_gbe_skarab_axi.vhd:6074]
INFO: [Synth 8-256] done synthesizing module 'ethernet_one_gbe_skarab_axi_ctrl_split_x0' (295#1) [/home/valmyrsilva07/virtex7/skarab-virtex7-toolflow/fpgs/ethernet_one_gbe_skarab_control/ethernet_one_gbe_skarab_axi/myproj/myproj.srcs/sources_1/imports/sysgen/ethernet_one_gbe_skarab_axi.vhd:6074]
INFO: [Synth 8-638] synthesizing module 'ethernet_one_gbe_skarab_axi_status_x0' [/home/valmyrsilva07/virtex7/skarab-virtex7-toolflow/fpgs/ethernet_one_gbe_skarab_control/ethernet_one_gbe_skarab_axi/myproj/myproj.srcs/sources_1/imports/sysgen/ethernet_one_gbe_skarab_axi.vhd:6162]
INFO: [Synth 8-256] done synthesizing module 'ethernet_one_gbe_skarab_axi_status_x0' (296#1) [/home/valmyrsilva07/virtex7/skarab-virtex7-toolflow/fpgs/ethernet_one_gbe_skarab_control/ethernet_one_gbe_skarab_axi/myproj/myproj.srcs/sources_1/imports/sysgen/ethernet_one_gbe_skarab_axi.vhd:6162]
INFO: [Synth 8-638] synthesizing module 'ethernet_one_gbe_skarab_axi_xlconvert__parameterized4' [/home/valmyrsilva07/virtex7/skarab-virtex7-toolflow/fpgs/ethernet_one_gbe_skarab_control/ethernet_one_gbe_skarab_axi/myproj/myproj.srcs/sources_1/imports/sysgen/ethernet_one_gbe_skarab_axi_entity_declarations.vhd:522]
	Parameter din_width bound to: 103 - type: integer 
	Parameter din_bin_pt bound to: 0 - type: integer 
	Parameter din_arith bound to: 1 - type: integer 
	Parameter dout_width bound to: 128 - type: integer 
	Parameter dout_bin_pt bound to: 0 - type: integer 
	Parameter dout_arith bound to: 1 - type: integer 
	Parameter en_width bound to: 1 - type: integer 
	Parameter en_bin_pt bound to: 0 - type: integer 
	Parameter en_arith bound to: 1 - type: integer 
	Parameter bool_conversion bound to: 0 - type: integer 
	Parameter latency bound to: 0 - type: integer 
	Parameter quantization bound to: 1 - type: integer 
	Parameter overflow bound to: 1 - type: integer 
	Parameter din_width bound to: 103 - type: integer 
	Parameter din_bin_pt bound to: 0 - type: integer 
	Parameter din_arith bound to: 1 - type: integer 
	Parameter dout_width bound to: 128 - type: integer 
	Parameter dout_bin_pt bound to: 0 - type: integer 
	Parameter dout_arith bound to: 1 - type: integer 
	Parameter quantization bound to: 1 - type: integer 
	Parameter overflow bound to: 1 - type: integer 
INFO: [Synth 8-638] synthesizing module 'convert_func_call_ethernet_one_gbe_skarab_axi_xlconvert__parameterized9' [/home/valmyrsilva07/virtex7/skarab-virtex7-toolflow/fpgs/ethernet_one_gbe_skarab_control/ethernet_one_gbe_skarab_axi/myproj/myproj.srcs/sources_1/imports/sysgen/ethernet_one_gbe_skarab_axi_entity_declarations.vhd:481]
	Parameter din_width bound to: 103 - type: integer 
	Parameter din_bin_pt bound to: 0 - type: integer 
	Parameter din_arith bound to: 1 - type: integer 
	Parameter dout_width bound to: 128 - type: integer 
	Parameter dout_bin_pt bound to: 0 - type: integer 
	Parameter dout_arith bound to: 1 - type: integer 
	Parameter quantization bound to: 1 - type: integer 
	Parameter overflow bound to: 1 - type: integer 
INFO: [Synth 8-256] done synthesizing module 'convert_func_call_ethernet_one_gbe_skarab_axi_xlconvert__parameterized9' (296#1) [/home/valmyrsilva07/virtex7/skarab-virtex7-toolflow/fpgs/ethernet_one_gbe_skarab_control/ethernet_one_gbe_skarab_axi/myproj/myproj.srcs/sources_1/imports/sysgen/ethernet_one_gbe_skarab_axi_entity_declarations.vhd:481]
INFO: [Synth 8-256] done synthesizing module 'ethernet_one_gbe_skarab_axi_xlconvert__parameterized4' (296#1) [/home/valmyrsilva07/virtex7/skarab-virtex7-toolflow/fpgs/ethernet_one_gbe_skarab_control/ethernet_one_gbe_skarab_axi/myproj/myproj.srcs/sources_1/imports/sysgen/ethernet_one_gbe_skarab_axi_entity_declarations.vhd:522]
INFO: [Synth 8-638] synthesizing module 'sysgen_reinterpret_1b3f49e6f4' [/home/valmyrsilva07/virtex7/skarab-virtex7-toolflow/fpgs/ethernet_one_gbe_skarab_control/ethernet_one_gbe_skarab_axi/myproj/myproj.srcs/sources_1/imports/sysgen/ethernet_one_gbe_skarab_axi_entity_declarations.vhd:2498]
INFO: [Synth 8-256] done synthesizing module 'sysgen_reinterpret_1b3f49e6f4' (297#1) [/home/valmyrsilva07/virtex7/skarab-virtex7-toolflow/fpgs/ethernet_one_gbe_skarab_control/ethernet_one_gbe_skarab_axi/myproj/myproj.srcs/sources_1/imports/sysgen/ethernet_one_gbe_skarab_axi_entity_declarations.vhd:2498]
INFO: [Synth 8-256] done synthesizing module 'ethernet_one_gbe_skarab_axi_ss_x3' (298#1) [/home/valmyrsilva07/virtex7/skarab-virtex7-toolflow/fpgs/ethernet_one_gbe_skarab_control/ethernet_one_gbe_skarab_axi/myproj/myproj.srcs/sources_1/imports/sysgen/ethernet_one_gbe_skarab_axi.vhd:6244]
INFO: [Synth 8-638] synthesizing module 'xlpassthrough__parameterized3' [/home/valmyrsilva07/virtex7/skarab-virtex7-toolflow/fpgs/ethernet_one_gbe_skarab_control/ethernet_one_gbe_skarab_axi/myproj/myproj.srcs/sources_1/imports/sysgen/ethernet_one_gbe_skarab_axi_entity_declarations.vhd:178]
	Parameter din_width bound to: 1 - type: integer 
	Parameter dout_width bound to: 1 - type: integer 
INFO: [Synth 8-256] done synthesizing module 'xlpassthrough__parameterized3' (298#1) [/home/valmyrsilva07/virtex7/skarab-virtex7-toolflow/fpgs/ethernet_one_gbe_skarab_control/ethernet_one_gbe_skarab_axi/myproj/myproj.srcs/sources_1/imports/sysgen/ethernet_one_gbe_skarab_axi_entity_declarations.vhd:178]
INFO: [Synth 8-638] synthesizing module 'xlpassthrough__parameterized4' [/home/valmyrsilva07/virtex7/skarab-virtex7-toolflow/fpgs/ethernet_one_gbe_skarab_control/ethernet_one_gbe_skarab_axi/myproj/myproj.srcs/sources_1/imports/sysgen/ethernet_one_gbe_skarab_axi_entity_declarations.vhd:178]
	Parameter din_width bound to: 4 - type: integer 
	Parameter dout_width bound to: 4 - type: integer 
INFO: [Synth 8-256] done synthesizing module 'xlpassthrough__parameterized4' (298#1) [/home/valmyrsilva07/virtex7/skarab-virtex7-toolflow/fpgs/ethernet_one_gbe_skarab_control/ethernet_one_gbe_skarab_axi/myproj/myproj.srcs/sources_1/imports/sysgen/ethernet_one_gbe_skarab_axi_entity_declarations.vhd:178]
INFO: [Synth 8-256] done synthesizing module 'ethernet_one_gbe_skarab_axi_d5' (299#1) [/home/valmyrsilva07/virtex7/skarab-virtex7-toolflow/fpgs/ethernet_one_gbe_skarab_control/ethernet_one_gbe_skarab_axi/myproj/myproj.srcs/sources_1/imports/sysgen/ethernet_one_gbe_skarab_axi.vhd:6482]
INFO: [Synth 8-638] synthesizing module 'ethernet_one_gbe_skarab_axi_data_rx_valmir' [/home/valmyrsilva07/virtex7/skarab-virtex7-toolflow/fpgs/ethernet_one_gbe_skarab_control/ethernet_one_gbe_skarab_axi/myproj/myproj.srcs/sources_1/imports/sysgen/ethernet_one_gbe_skarab_axi.vhd:6647]
INFO: [Synth 8-638] synthesizing module 'sysgen_delay_970e6ba460' [/home/valmyrsilva07/virtex7/skarab-virtex7-toolflow/fpgs/ethernet_one_gbe_skarab_control/ethernet_one_gbe_skarab_axi/myproj/myproj.srcs/sources_1/imports/sysgen/ethernet_one_gbe_skarab_axi_entity_declarations.vhd:2520]
INFO: [Synth 8-256] done synthesizing module 'sysgen_delay_970e6ba460' (300#1) [/home/valmyrsilva07/virtex7/skarab-virtex7-toolflow/fpgs/ethernet_one_gbe_skarab_control/ethernet_one_gbe_skarab_axi/myproj/myproj.srcs/sources_1/imports/sysgen/ethernet_one_gbe_skarab_axi_entity_declarations.vhd:2520]
INFO: [Synth 8-638] synthesizing module 'ethernet_one_gbe_skarab_axi_xlconvert__parameterized5' [/home/valmyrsilva07/virtex7/skarab-virtex7-toolflow/fpgs/ethernet_one_gbe_skarab_control/ethernet_one_gbe_skarab_axi/myproj/myproj.srcs/sources_1/imports/sysgen/ethernet_one_gbe_skarab_axi_entity_declarations.vhd:522]
	Parameter din_width bound to: 8 - type: integer 
	Parameter din_bin_pt bound to: 0 - type: integer 
	Parameter din_arith bound to: 1 - type: integer 
	Parameter dout_width bound to: 32 - type: integer 
	Parameter dout_bin_pt bound to: 0 - type: integer 
	Parameter dout_arith bound to: 1 - type: integer 
	Parameter en_width bound to: 1 - type: integer 
	Parameter en_bin_pt bound to: 0 - type: integer 
	Parameter en_arith bound to: 1 - type: integer 
	Parameter bool_conversion bound to: 0 - type: integer 
	Parameter latency bound to: 1 - type: integer 
	Parameter quantization bound to: 1 - type: integer 
	Parameter overflow bound to: 1 - type: integer 
	Parameter din_width bound to: 8 - type: integer 
	Parameter din_bin_pt bound to: 0 - type: integer 
	Parameter din_arith bound to: 1 - type: integer 
	Parameter dout_width bound to: 32 - type: integer 
	Parameter dout_bin_pt bound to: 0 - type: integer 
	Parameter dout_arith bound to: 1 - type: integer 
	Parameter quantization bound to: 1 - type: integer 
	Parameter overflow bound to: 1 - type: integer 
INFO: [Synth 8-638] synthesizing module 'convert_func_call_ethernet_one_gbe_skarab_axi_xlconvert__parameterized11' [/home/valmyrsilva07/virtex7/skarab-virtex7-toolflow/fpgs/ethernet_one_gbe_skarab_control/ethernet_one_gbe_skarab_axi/myproj/myproj.srcs/sources_1/imports/sysgen/ethernet_one_gbe_skarab_axi_entity_declarations.vhd:481]
	Parameter din_width bound to: 8 - type: integer 
	Parameter din_bin_pt bound to: 0 - type: integer 
	Parameter din_arith bound to: 1 - type: integer 
	Parameter dout_width bound to: 32 - type: integer 
	Parameter dout_bin_pt bound to: 0 - type: integer 
	Parameter dout_arith bound to: 1 - type: integer 
	Parameter quantization bound to: 1 - type: integer 
	Parameter overflow bound to: 1 - type: integer 
INFO: [Synth 8-256] done synthesizing module 'convert_func_call_ethernet_one_gbe_skarab_axi_xlconvert__parameterized11' (300#1) [/home/valmyrsilva07/virtex7/skarab-virtex7-toolflow/fpgs/ethernet_one_gbe_skarab_control/ethernet_one_gbe_skarab_axi/myproj/myproj.srcs/sources_1/imports/sysgen/ethernet_one_gbe_skarab_axi_entity_declarations.vhd:481]
	Parameter width bound to: 32 - type: integer 
	Parameter latency bound to: 1 - type: integer 
INFO: [Synth 8-256] done synthesizing module 'ethernet_one_gbe_skarab_axi_xlconvert__parameterized5' (300#1) [/home/valmyrsilva07/virtex7/skarab-virtex7-toolflow/fpgs/ethernet_one_gbe_skarab_control/ethernet_one_gbe_skarab_axi/myproj/myproj.srcs/sources_1/imports/sysgen/ethernet_one_gbe_skarab_axi_entity_declarations.vhd:522]
INFO: [Synth 8-638] synthesizing module 'xlpassthrough__parameterized5' [/home/valmyrsilva07/virtex7/skarab-virtex7-toolflow/fpgs/ethernet_one_gbe_skarab_control/ethernet_one_gbe_skarab_axi/myproj/myproj.srcs/sources_1/imports/sysgen/ethernet_one_gbe_skarab_axi_entity_declarations.vhd:178]
	Parameter din_width bound to: 8 - type: integer 
	Parameter dout_width bound to: 8 - type: integer 
INFO: [Synth 8-256] done synthesizing module 'xlpassthrough__parameterized5' (300#1) [/home/valmyrsilva07/virtex7/skarab-virtex7-toolflow/fpgs/ethernet_one_gbe_skarab_control/ethernet_one_gbe_skarab_axi/myproj/myproj.srcs/sources_1/imports/sysgen/ethernet_one_gbe_skarab_axi_entity_declarations.vhd:178]
INFO: [Synth 8-638] synthesizing module 'sysgen_reinterpret_f11784c7fa' [/home/valmyrsilva07/virtex7/skarab-virtex7-toolflow/fpgs/ethernet_one_gbe_skarab_control/ethernet_one_gbe_skarab_axi/myproj/myproj.srcs/sources_1/imports/sysgen/ethernet_one_gbe_skarab_axi_entity_declarations.vhd:2542]
INFO: [Synth 8-256] done synthesizing module 'sysgen_reinterpret_f11784c7fa' (301#1) [/home/valmyrsilva07/virtex7/skarab-virtex7-toolflow/fpgs/ethernet_one_gbe_skarab_control/ethernet_one_gbe_skarab_axi/myproj/myproj.srcs/sources_1/imports/sysgen/ethernet_one_gbe_skarab_axi_entity_declarations.vhd:2542]
INFO: [Synth 8-256] done synthesizing module 'ethernet_one_gbe_skarab_axi_data_rx_valmir' (302#1) [/home/valmyrsilva07/virtex7/skarab-virtex7-toolflow/fpgs/ethernet_one_gbe_skarab_control/ethernet_one_gbe_skarab_axi/myproj/myproj.srcs/sources_1/imports/sysgen/ethernet_one_gbe_skarab_axi.vhd:6647]
INFO: [Synth 8-638] synthesizing module 'ethernet_one_gbe_skarab_axi_debug_rx_data_mem_fifo' [/home/valmyrsilva07/virtex7/skarab-virtex7-toolflow/fpgs/ethernet_one_gbe_skarab_control/ethernet_one_gbe_skarab_axi/myproj/myproj.srcs/sources_1/imports/sysgen/ethernet_one_gbe_skarab_axi.vhd:6720]
INFO: [Synth 8-256] done synthesizing module 'ethernet_one_gbe_skarab_axi_debug_rx_data_mem_fifo' (303#1) [/home/valmyrsilva07/virtex7/skarab-virtex7-toolflow/fpgs/ethernet_one_gbe_skarab_control/ethernet_one_gbe_skarab_axi/myproj/myproj.srcs/sources_1/imports/sysgen/ethernet_one_gbe_skarab_axi.vhd:6720]
INFO: [Synth 8-638] synthesizing module 'ethernet_one_gbe_skarab_axi_debug_rx_data_mem_gbe' [/home/valmyrsilva07/virtex7/skarab-virtex7-toolflow/fpgs/ethernet_one_gbe_skarab_control/ethernet_one_gbe_skarab_axi/myproj/myproj.srcs/sources_1/imports/sysgen/ethernet_one_gbe_skarab_axi.vhd:6793]
INFO: [Synth 8-256] done synthesizing module 'ethernet_one_gbe_skarab_axi_debug_rx_data_mem_gbe' (304#1) [/home/valmyrsilva07/virtex7/skarab-virtex7-toolflow/fpgs/ethernet_one_gbe_skarab_control/ethernet_one_gbe_skarab_axi/myproj/myproj.srcs/sources_1/imports/sysgen/ethernet_one_gbe_skarab_axi.vhd:6793]
INFO: [Synth 8-638] synthesizing module 'ethernet_one_gbe_skarab_axi_dec_factor' [/home/valmyrsilva07/virtex7/skarab-virtex7-toolflow/fpgs/ethernet_one_gbe_skarab_control/ethernet_one_gbe_skarab_axi/myproj/myproj.srcs/sources_1/imports/sysgen/ethernet_one_gbe_skarab_axi.vhd:6864]
INFO: [Synth 8-256] done synthesizing module 'ethernet_one_gbe_skarab_axi_dec_factor' (305#1) [/home/valmyrsilva07/virtex7/skarab-virtex7-toolflow/fpgs/ethernet_one_gbe_skarab_control/ethernet_one_gbe_skarab_axi/myproj/myproj.srcs/sources_1/imports/sysgen/ethernet_one_gbe_skarab_axi.vhd:6864]
INFO: [Synth 8-638] synthesizing module 'ethernet_one_gbe_skarab_axi_err_marker1' [/home/valmyrsilva07/virtex7/skarab-virtex7-toolflow/fpgs/ethernet_one_gbe_skarab_control/ethernet_one_gbe_skarab_axi/myproj/myproj.srcs/sources_1/imports/sysgen/ethernet_one_gbe_skarab_axi.vhd:6913]
INFO: [Synth 8-256] done synthesizing module 'ethernet_one_gbe_skarab_axi_err_marker1' (306#1) [/home/valmyrsilva07/virtex7/skarab-virtex7-toolflow/fpgs/ethernet_one_gbe_skarab_control/ethernet_one_gbe_skarab_axi/myproj/myproj.srcs/sources_1/imports/sysgen/ethernet_one_gbe_skarab_axi.vhd:6913]
INFO: [Synth 8-638] synthesizing module 'ethernet_one_gbe_skarab_axi_err_pkt_ctr1' [/home/valmyrsilva07/virtex7/skarab-virtex7-toolflow/fpgs/ethernet_one_gbe_skarab_control/ethernet_one_gbe_skarab_axi/myproj/myproj.srcs/sources_1/imports/sysgen/ethernet_one_gbe_skarab_axi.vhd:6986]
INFO: [Synth 8-256] done synthesizing module 'ethernet_one_gbe_skarab_axi_err_pkt_ctr1' (307#1) [/home/valmyrsilva07/virtex7/skarab-virtex7-toolflow/fpgs/ethernet_one_gbe_skarab_control/ethernet_one_gbe_skarab_axi/myproj/myproj.srcs/sources_1/imports/sysgen/ethernet_one_gbe_skarab_axi.vhd:6986]
INFO: [Synth 8-638] synthesizing module 'ethernet_one_gbe_skarab_axi_err_pkt_ctr_step1' [/home/valmyrsilva07/virtex7/skarab-virtex7-toolflow/fpgs/ethernet_one_gbe_skarab_control/ethernet_one_gbe_skarab_axi/myproj/myproj.srcs/sources_1/imports/sysgen/ethernet_one_gbe_skarab_axi.vhd:7059]
INFO: [Synth 8-256] done synthesizing module 'ethernet_one_gbe_skarab_axi_err_pkt_ctr_step1' (308#1) [/home/valmyrsilva07/virtex7/skarab-virtex7-toolflow/fpgs/ethernet_one_gbe_skarab_control/ethernet_one_gbe_skarab_axi/myproj/myproj.srcs/sources_1/imports/sysgen/ethernet_one_gbe_skarab_axi.vhd:7059]
INFO: [Synth 8-638] synthesizing module 'ethernet_one_gbe_skarab_axi_err_ramp1' [/home/valmyrsilva07/virtex7/skarab-virtex7-toolflow/fpgs/ethernet_one_gbe_skarab_control/ethernet_one_gbe_skarab_axi/myproj/myproj.srcs/sources_1/imports/sysgen/ethernet_one_gbe_skarab_axi.vhd:7132]
INFO: [Synth 8-256] done synthesizing module 'ethernet_one_gbe_skarab_axi_err_ramp1' (309#1) [/home/valmyrsilva07/virtex7/skarab-virtex7-toolflow/fpgs/ethernet_one_gbe_skarab_control/ethernet_one_gbe_skarab_axi/myproj/myproj.srcs/sources_1/imports/sysgen/ethernet_one_gbe_skarab_axi.vhd:7132]
INFO: [Synth 8-638] synthesizing module 'ethernet_one_gbe_skarab_axi_err_valid_raw1' [/home/valmyrsilva07/virtex7/skarab-virtex7-toolflow/fpgs/ethernet_one_gbe_skarab_control/ethernet_one_gbe_skarab_axi/myproj/myproj.srcs/sources_1/imports/sysgen/ethernet_one_gbe_skarab_axi.vhd:7205]
INFO: [Synth 8-256] done synthesizing module 'ethernet_one_gbe_skarab_axi_err_valid_raw1' (310#1) [/home/valmyrsilva07/virtex7/skarab-virtex7-toolflow/fpgs/ethernet_one_gbe_skarab_control/ethernet_one_gbe_skarab_axi/myproj/myproj.srcs/sources_1/imports/sysgen/ethernet_one_gbe_skarab_axi.vhd:7205]
INFO: [Synth 8-638] synthesizing module 'ethernet_one_gbe_skarab_axi_err_walk1' [/home/valmyrsilva07/virtex7/skarab-virtex7-toolflow/fpgs/ethernet_one_gbe_skarab_control/ethernet_one_gbe_skarab_axi/myproj/myproj.srcs/sources_1/imports/sysgen/ethernet_one_gbe_skarab_axi.vhd:7278]
INFO: [Synth 8-256] done synthesizing module 'ethernet_one_gbe_skarab_axi_err_walk1' (311#1) [/home/valmyrsilva07/virtex7/skarab-virtex7-toolflow/fpgs/ethernet_one_gbe_skarab_control/ethernet_one_gbe_skarab_axi/myproj/myproj.srcs/sources_1/imports/sysgen/ethernet_one_gbe_skarab_axi.vhd:7278]
INFO: [Synth 8-638] synthesizing module 'ethernet_one_gbe_skarab_axi_pkt_ctrs1' [/home/valmyrsilva07/virtex7/skarab-virtex7-toolflow/fpgs/ethernet_one_gbe_skarab_control/ethernet_one_gbe_skarab_axi/myproj/myproj.srcs/sources_1/imports/sysgen/ethernet_one_gbe_skarab_axi.vhd:9067]
INFO: [Synth 8-638] synthesizing module 'ethernet_one_gbe_skarab_axi_buscreate' [/home/valmyrsilva07/virtex7/skarab-virtex7-toolflow/fpgs/ethernet_one_gbe_skarab_control/ethernet_one_gbe_skarab_axi/myproj/myproj.srcs/sources_1/imports/sysgen/ethernet_one_gbe_skarab_axi.vhd:7349]
INFO: [Synth 8-256] done synthesizing module 'ethernet_one_gbe_skarab_axi_buscreate' (312#1) [/home/valmyrsilva07/virtex7/skarab-virtex7-toolflow/fpgs/ethernet_one_gbe_skarab_control/ethernet_one_gbe_skarab_axi/myproj/myproj.srcs/sources_1/imports/sysgen/ethernet_one_gbe_skarab_axi.vhd:7349]
INFO: [Synth 8-638] synthesizing module 'ethernet_one_gbe_skarab_axi_ss' [/home/valmyrsilva07/virtex7/skarab-virtex7-toolflow/fpgs/ethernet_one_gbe_skarab_control/ethernet_one_gbe_skarab_axi/myproj/myproj.srcs/sources_1/imports/sysgen/ethernet_one_gbe_skarab_axi.vhd:8840]
INFO: [Synth 8-638] synthesizing module 'ethernet_one_gbe_skarab_axi_add_gen' [/home/valmyrsilva07/virtex7/skarab-virtex7-toolflow/fpgs/ethernet_one_gbe_skarab_control/ethernet_one_gbe_skarab_axi/myproj/myproj.srcs/sources_1/imports/sysgen/ethernet_one_gbe_skarab_axi.vhd:7442]
INFO: [Synth 8-638] synthesizing module 'ethernet_one_gbe_skarab_axi_edge_detect' [/home/valmyrsilva07/virtex7/skarab-virtex7-toolflow/fpgs/ethernet_one_gbe_skarab_control/ethernet_one_gbe_skarab_axi/myproj/myproj.srcs/sources_1/imports/sysgen/ethernet_one_gbe_skarab_axi.vhd:7377]
INFO: [Synth 8-256] done synthesizing module 'ethernet_one_gbe_skarab_axi_edge_detect' (313#1) [/home/valmyrsilva07/virtex7/skarab-virtex7-toolflow/fpgs/ethernet_one_gbe_skarab_control/ethernet_one_gbe_skarab_axi/myproj/myproj.srcs/sources_1/imports/sysgen/ethernet_one_gbe_skarab_axi.vhd:7377]
INFO: [Synth 8-638] synthesizing module 'sysgen_concat_1aee1c3451' [/home/valmyrsilva07/virtex7/skarab-virtex7-toolflow/fpgs/ethernet_one_gbe_skarab_control/ethernet_one_gbe_skarab_axi/myproj/myproj.srcs/sources_1/imports/sysgen/ethernet_one_gbe_skarab_axi_entity_declarations.vhd:2648]
INFO: [Synth 8-256] done synthesizing module 'sysgen_concat_1aee1c3451' (314#1) [/home/valmyrsilva07/virtex7/skarab-virtex7-toolflow/fpgs/ethernet_one_gbe_skarab_control/ethernet_one_gbe_skarab_axi/myproj/myproj.srcs/sources_1/imports/sysgen/ethernet_one_gbe_skarab_axi_entity_declarations.vhd:2648]
INFO: [Synth 8-638] synthesizing module 'ethernet_one_gbe_skarab_axi_xlconvert__parameterized6' [/home/valmyrsilva07/virtex7/skarab-virtex7-toolflow/fpgs/ethernet_one_gbe_skarab_control/ethernet_one_gbe_skarab_axi/myproj/myproj.srcs/sources_1/imports/sysgen/ethernet_one_gbe_skarab_axi_entity_declarations.vhd:522]
	Parameter din_width bound to: 1 - type: integer 
	Parameter din_bin_pt bound to: 0 - type: integer 
	Parameter din_arith bound to: 1 - type: integer 
	Parameter dout_width bound to: 13 - type: integer 
	Parameter dout_bin_pt bound to: 0 - type: integer 
	Parameter dout_arith bound to: 1 - type: integer 
	Parameter en_width bound to: 1 - type: integer 
	Parameter en_bin_pt bound to: 0 - type: integer 
	Parameter en_arith bound to: 1 - type: integer 
	Parameter bool_conversion bound to: 0 - type: integer 
	Parameter latency bound to: 0 - type: integer 
	Parameter quantization bound to: 1 - type: integer 
	Parameter overflow bound to: 1 - type: integer 
	Parameter din_width bound to: 1 - type: integer 
	Parameter din_bin_pt bound to: 0 - type: integer 
	Parameter din_arith bound to: 1 - type: integer 
	Parameter dout_width bound to: 13 - type: integer 
	Parameter dout_bin_pt bound to: 0 - type: integer 
	Parameter dout_arith bound to: 1 - type: integer 
	Parameter quantization bound to: 1 - type: integer 
	Parameter overflow bound to: 1 - type: integer 
INFO: [Synth 8-638] synthesizing module 'convert_func_call_ethernet_one_gbe_skarab_axi_xlconvert__parameterized13' [/home/valmyrsilva07/virtex7/skarab-virtex7-toolflow/fpgs/ethernet_one_gbe_skarab_control/ethernet_one_gbe_skarab_axi/myproj/myproj.srcs/sources_1/imports/sysgen/ethernet_one_gbe_skarab_axi_entity_declarations.vhd:481]
	Parameter din_width bound to: 1 - type: integer 
	Parameter din_bin_pt bound to: 0 - type: integer 
	Parameter din_arith bound to: 1 - type: integer 
	Parameter dout_width bound to: 13 - type: integer 
	Parameter dout_bin_pt bound to: 0 - type: integer 
	Parameter dout_arith bound to: 1 - type: integer 
	Parameter quantization bound to: 1 - type: integer 
	Parameter overflow bound to: 1 - type: integer 
INFO: [Synth 8-256] done synthesizing module 'convert_func_call_ethernet_one_gbe_skarab_axi_xlconvert__parameterized13' (314#1) [/home/valmyrsilva07/virtex7/skarab-virtex7-toolflow/fpgs/ethernet_one_gbe_skarab_control/ethernet_one_gbe_skarab_axi/myproj/myproj.srcs/sources_1/imports/sysgen/ethernet_one_gbe_skarab_axi_entity_declarations.vhd:481]
INFO: [Synth 8-256] done synthesizing module 'ethernet_one_gbe_skarab_axi_xlconvert__parameterized6' (314#1) [/home/valmyrsilva07/virtex7/skarab-virtex7-toolflow/fpgs/ethernet_one_gbe_skarab_control/ethernet_one_gbe_skarab_axi/myproj/myproj.srcs/sources_1/imports/sysgen/ethernet_one_gbe_skarab_axi_entity_declarations.vhd:522]
INFO: [Synth 8-638] synthesizing module 'ethernet_one_gbe_skarab_axi_xldelay__parameterized1' [/home/valmyrsilva07/virtex7/skarab-virtex7-toolflow/fpgs/ethernet_one_gbe_skarab_control/ethernet_one_gbe_skarab_axi/myproj/myproj.srcs/sources_1/imports/sysgen/ethernet_one_gbe_skarab_axi_entity_declarations.vhd:634]
	Parameter width bound to: 18 - type: integer 
	Parameter latency bound to: 1 - type: integer 
	Parameter reg_retiming bound to: 0 - type: integer 
	Parameter reset bound to: 0 - type: integer 
	Parameter width bound to: 18 - type: integer 
	Parameter latency bound to: 1 - type: integer 
INFO: [Synth 8-638] synthesizing module 'synth_reg__parameterized6' [/home/valmyrsilva07/virtex7/skarab-virtex7-toolflow/fpgs/ethernet_one_gbe_skarab_control/ethernet_one_gbe_skarab_axi/myproj/myproj.srcs/sources_1/imports/sysgen/synth_reg.vhd:30]
	Parameter width bound to: 18 - type: integer 
	Parameter latency bound to: 1 - type: integer 
	Parameter width bound to: 18 - type: integer 
	Parameter latency bound to: 1 - type: integer 
INFO: [Synth 8-638] synthesizing module 'srlc33e__parameterized5' [/home/valmyrsilva07/virtex7/skarab-virtex7-toolflow/fpgs/ethernet_one_gbe_skarab_control/ethernet_one_gbe_skarab_axi/myproj/myproj.srcs/sources_1/imports/sysgen/srl33e.vhd:31]
	Parameter width bound to: 18 - type: integer 
	Parameter latency bound to: 1 - type: integer 
INFO: [Synth 8-256] done synthesizing module 'srlc33e__parameterized5' (314#1) [/home/valmyrsilva07/virtex7/skarab-virtex7-toolflow/fpgs/ethernet_one_gbe_skarab_control/ethernet_one_gbe_skarab_axi/myproj/myproj.srcs/sources_1/imports/sysgen/srl33e.vhd:31]
INFO: [Synth 8-256] done synthesizing module 'synth_reg__parameterized6' (314#1) [/home/valmyrsilva07/virtex7/skarab-virtex7-toolflow/fpgs/ethernet_one_gbe_skarab_control/ethernet_one_gbe_skarab_axi/myproj/myproj.srcs/sources_1/imports/sysgen/synth_reg.vhd:30]
INFO: [Synth 8-256] done synthesizing module 'ethernet_one_gbe_skarab_axi_xldelay__parameterized1' (314#1) [/home/valmyrsilva07/virtex7/skarab-virtex7-toolflow/fpgs/ethernet_one_gbe_skarab_control/ethernet_one_gbe_skarab_axi/myproj/myproj.srcs/sources_1/imports/sysgen/ethernet_one_gbe_skarab_axi_entity_declarations.vhd:634]
INFO: [Synth 8-638] synthesizing module 'sysgen_delay_7975794d48' [/home/valmyrsilva07/virtex7/skarab-virtex7-toolflow/fpgs/ethernet_one_gbe_skarab_control/ethernet_one_gbe_skarab_axi/myproj/myproj.srcs/sources_1/imports/sysgen/ethernet_one_gbe_skarab_axi_entity_declarations.vhd:2605]
INFO: [Synth 8-256] done synthesizing module 'sysgen_delay_7975794d48' (315#1) [/home/valmyrsilva07/virtex7/skarab-virtex7-toolflow/fpgs/ethernet_one_gbe_skarab_control/ethernet_one_gbe_skarab_axi/myproj/myproj.srcs/sources_1/imports/sysgen/ethernet_one_gbe_skarab_axi_entity_declarations.vhd:2605]
INFO: [Synth 8-638] synthesizing module 'sysgen_shift_0e6d754fc0' [/home/valmyrsilva07/virtex7/skarab-virtex7-toolflow/fpgs/ethernet_one_gbe_skarab_control/ethernet_one_gbe_skarab_axi/myproj/myproj.srcs/sources_1/imports/sysgen/ethernet_one_gbe_skarab_axi_entity_declarations.vhd:2676]
INFO: [Synth 8-256] done synthesizing module 'sysgen_shift_0e6d754fc0' (316#1) [/home/valmyrsilva07/virtex7/skarab-virtex7-toolflow/fpgs/ethernet_one_gbe_skarab_control/ethernet_one_gbe_skarab_axi/myproj/myproj.srcs/sources_1/imports/sysgen/ethernet_one_gbe_skarab_axi_entity_declarations.vhd:2676]
INFO: [Synth 8-638] synthesizing module 'ethernet_one_gbe_skarab_axi_xlcounter_free__parameterized1' [/home/valmyrsilva07/virtex7/skarab-virtex7-toolflow/fpgs/ethernet_one_gbe_skarab_control/ethernet_one_gbe_skarab_axi/myproj/myproj.srcs/sources_1/imports/sysgen/ethernet_one_gbe_skarab_axi_entity_declarations.vhd:3485]
	Parameter core_name0 bound to: ethernet_one_gbe_skarab_axi_c_counter_binary_v12_0_i3 - type: string 
	Parameter op_width bound to: 19 - type: integer 
	Parameter op_arith bound to: 1 - type: integer 
INFO: [Synth 8-638] synthesizing module 'ethernet_one_gbe_skarab_axi_c_counter_binary_v12_0_i3' [/home/valmyrsilva07/virtex7/skarab-virtex7-toolflow/fpgs/ethernet_one_gbe_skarab_control/ethernet_one_gbe_skarab_axi/myproj/myproj.runs/synth_1/.Xil/Vivado-477952-valmyrsilva07-B760M-AORUS-ELITE/realtime/ethernet_one_gbe_skarab_axi_c_counter_binary_v12_0_i3_stub.vhdl:15]
INFO: [Synth 8-256] done synthesizing module 'ethernet_one_gbe_skarab_axi_xlcounter_free__parameterized1' (316#1) [/home/valmyrsilva07/virtex7/skarab-virtex7-toolflow/fpgs/ethernet_one_gbe_skarab_control/ethernet_one_gbe_skarab_axi/myproj/myproj.srcs/sources_1/imports/sysgen/ethernet_one_gbe_skarab_axi_entity_declarations.vhd:3485]
INFO: [Synth 8-638] synthesizing module 'ethernet_one_gbe_skarab_axi_xlslice__parameterized15' [/home/valmyrsilva07/virtex7/skarab-virtex7-toolflow/fpgs/ethernet_one_gbe_skarab_control/ethernet_one_gbe_skarab_axi/myproj/myproj.srcs/sources_1/imports/sysgen/ethernet_one_gbe_skarab_axi_entity_declarations.vhd:973]
	Parameter new_msb bound to: 17 - type: integer 
	Parameter new_lsb bound to: 0 - type: integer 
	Parameter x_width bound to: 19 - type: integer 
	Parameter y_width bound to: 18 - type: integer 
INFO: [Synth 8-256] done synthesizing module 'ethernet_one_gbe_skarab_axi_xlslice__parameterized15' (316#1) [/home/valmyrsilva07/virtex7/skarab-virtex7-toolflow/fpgs/ethernet_one_gbe_skarab_control/ethernet_one_gbe_skarab_axi/myproj/myproj.srcs/sources_1/imports/sysgen/ethernet_one_gbe_skarab_axi_entity_declarations.vhd:973]
INFO: [Synth 8-638] synthesizing module 'ethernet_one_gbe_skarab_axi_xlslice__parameterized16' [/home/valmyrsilva07/virtex7/skarab-virtex7-toolflow/fpgs/ethernet_one_gbe_skarab_control/ethernet_one_gbe_skarab_axi/myproj/myproj.srcs/sources_1/imports/sysgen/ethernet_one_gbe_skarab_axi_entity_declarations.vhd:973]
	Parameter new_msb bound to: 17 - type: integer 
	Parameter new_lsb bound to: 2 - type: integer 
	Parameter x_width bound to: 19 - type: integer 
	Parameter y_width bound to: 16 - type: integer 
INFO: [Synth 8-256] done synthesizing module 'ethernet_one_gbe_skarab_axi_xlslice__parameterized16' (316#1) [/home/valmyrsilva07/virtex7/skarab-virtex7-toolflow/fpgs/ethernet_one_gbe_skarab_control/ethernet_one_gbe_skarab_axi/myproj/myproj.srcs/sources_1/imports/sysgen/ethernet_one_gbe_skarab_axi_entity_declarations.vhd:973]
INFO: [Synth 8-638] synthesizing module 'ethernet_one_gbe_skarab_axi_xlslice__parameterized17' [/home/valmyrsilva07/virtex7/skarab-virtex7-toolflow/fpgs/ethernet_one_gbe_skarab_control/ethernet_one_gbe_skarab_axi/myproj/myproj.srcs/sources_1/imports/sysgen/ethernet_one_gbe_skarab_axi_entity_declarations.vhd:973]
	Parameter new_msb bound to: 18 - type: integer 
	Parameter new_lsb bound to: 18 - type: integer 
	Parameter x_width bound to: 19 - type: integer 
	Parameter y_width bound to: 1 - type: integer 
INFO: [Synth 8-256] done synthesizing module 'ethernet_one_gbe_skarab_axi_xlslice__parameterized17' (316#1) [/home/valmyrsilva07/virtex7/skarab-virtex7-toolflow/fpgs/ethernet_one_gbe_skarab_control/ethernet_one_gbe_skarab_axi/myproj/myproj.srcs/sources_1/imports/sysgen/ethernet_one_gbe_skarab_axi_entity_declarations.vhd:973]
INFO: [Synth 8-256] done synthesizing module 'ethernet_one_gbe_skarab_axi_add_gen' (317#1) [/home/valmyrsilva07/virtex7/skarab-virtex7-toolflow/fpgs/ethernet_one_gbe_skarab_control/ethernet_one_gbe_skarab_axi/myproj/myproj.srcs/sources_1/imports/sysgen/ethernet_one_gbe_skarab_axi.vhd:7442]
INFO: [Synth 8-638] synthesizing module 'ethernet_one_gbe_skarab_axi_basic_ctrl' [/home/valmyrsilva07/virtex7/skarab-virtex7-toolflow/fpgs/ethernet_one_gbe_skarab_control/ethernet_one_gbe_skarab_axi/myproj/myproj.srcs/sources_1/imports/sysgen/ethernet_one_gbe_skarab_axi.vhd:8065]
INFO: [Synth 8-638] synthesizing module 'ethernet_one_gbe_skarab_axi_dram_munge' [/home/valmyrsilva07/virtex7/skarab-virtex7-toolflow/fpgs/ethernet_one_gbe_skarab_control/ethernet_one_gbe_skarab_axi/myproj/myproj.srcs/sources_1/imports/sysgen/ethernet_one_gbe_skarab_axi.vhd:7695]
INFO: [Synth 8-638] synthesizing module 'sysgen_concat_1a28188c38' [/home/valmyrsilva07/virtex7/skarab-virtex7-toolflow/fpgs/ethernet_one_gbe_skarab_control/ethernet_one_gbe_skarab_axi/myproj/myproj.srcs/sources_1/imports/sysgen/ethernet_one_gbe_skarab_axi_entity_declarations.vhd:2724]
INFO: [Synth 8-256] done synthesizing module 'sysgen_concat_1a28188c38' (318#1) [/home/valmyrsilva07/virtex7/skarab-virtex7-toolflow/fpgs/ethernet_one_gbe_skarab_control/ethernet_one_gbe_skarab_axi/myproj/myproj.srcs/sources_1/imports/sysgen/ethernet_one_gbe_skarab_axi_entity_declarations.vhd:2724]
INFO: [Synth 8-638] synthesizing module 'sysgen_mux_e08f99bda7' [/home/valmyrsilva07/virtex7/skarab-virtex7-toolflow/fpgs/ethernet_one_gbe_skarab_control/ethernet_one_gbe_skarab_axi/myproj/myproj.srcs/sources_1/imports/sysgen/ethernet_one_gbe_skarab_axi_entity_declarations.vhd:2756]
INFO: [Synth 8-256] done synthesizing module 'sysgen_mux_e08f99bda7' (319#1) [/home/valmyrsilva07/virtex7/skarab-virtex7-toolflow/fpgs/ethernet_one_gbe_skarab_control/ethernet_one_gbe_skarab_axi/myproj/myproj.srcs/sources_1/imports/sysgen/ethernet_one_gbe_skarab_axi_entity_declarations.vhd:2756]
INFO: [Synth 8-638] synthesizing module 'ethernet_one_gbe_skarab_axi_xlregister__parameterized2' [/home/valmyrsilva07/virtex7/skarab-virtex7-toolflow/fpgs/ethernet_one_gbe_skarab_control/ethernet_one_gbe_skarab_axi/myproj/myproj.srcs/sources_1/imports/sysgen/ethernet_one_gbe_skarab_axi_entity_declarations.vhd:794]
	Parameter d_width bound to: 32 - type: integer 
	Parameter init_value bound to: 32'b00000000000000000000000000000000 
	Parameter width bound to: 32 - type: integer 
	Parameter init_index bound to: 2 - type: integer 
	Parameter init_value bound to: 0 - type: integer 
	Parameter latency bound to: 1 - type: integer 
INFO: [Synth 8-638] synthesizing module 'xil_defaultlib_synth_reg_w_init__parameterized4' [/home/valmyrsilva07/virtex7/skarab-virtex7-toolflow/fpgs/ethernet_one_gbe_skarab_control/ethernet_one_gbe_skarab_axi/myproj/myproj.srcs/sources_1/imports/sysgen/synth_reg_w_init.vhd:47]
	Parameter width bound to: 32 - type: integer 
	Parameter init_index bound to: 2 - type: integer 
	Parameter init_value bound to: 0 - type: integer 
	Parameter latency bound to: 1 - type: integer 
	Parameter width bound to: 32 - type: integer 
	Parameter init_index bound to: 2 - type: integer 
	Parameter init_value bound to: 0 - type: integer 
INFO: [Synth 8-638] synthesizing module 'xil_defaultlib_single_reg_w_init__parameterized4' [/home/valmyrsilva07/virtex7/skarab-virtex7-toolflow/fpgs/ethernet_one_gbe_skarab_control/ethernet_one_gbe_skarab_axi/myproj/myproj.srcs/sources_1/imports/sysgen/single_reg_w_init.vhd:37]
	Parameter width bound to: 32 - type: integer 
	Parameter init_index bound to: 2 - type: integer 
	Parameter init_value bound to: 0 - type: integer 
INFO: [Synth 8-256] done synthesizing module 'xil_defaultlib_single_reg_w_init__parameterized4' (319#1) [/home/valmyrsilva07/virtex7/skarab-virtex7-toolflow/fpgs/ethernet_one_gbe_skarab_control/ethernet_one_gbe_skarab_axi/myproj/myproj.srcs/sources_1/imports/sysgen/single_reg_w_init.vhd:37]
INFO: [Synth 8-256] done synthesizing module 'xil_defaultlib_synth_reg_w_init__parameterized4' (319#1) [/home/valmyrsilva07/virtex7/skarab-virtex7-toolflow/fpgs/ethernet_one_gbe_skarab_control/ethernet_one_gbe_skarab_axi/myproj/myproj.srcs/sources_1/imports/sysgen/synth_reg_w_init.vhd:47]
INFO: [Synth 8-256] done synthesizing module 'ethernet_one_gbe_skarab_axi_xlregister__parameterized2' (319#1) [/home/valmyrsilva07/virtex7/skarab-virtex7-toolflow/fpgs/ethernet_one_gbe_skarab_control/ethernet_one_gbe_skarab_axi/myproj/myproj.srcs/sources_1/imports/sysgen/ethernet_one_gbe_skarab_axi_entity_declarations.vhd:794]
INFO: [Synth 8-638] synthesizing module 'sysgen_mux_0e66c37654' [/home/valmyrsilva07/virtex7/skarab-virtex7-toolflow/fpgs/ethernet_one_gbe_skarab_control/ethernet_one_gbe_skarab_axi/myproj/myproj.srcs/sources_1/imports/sysgen/ethernet_one_gbe_skarab_axi_entity_declarations.vhd:2814]
WARNING: [Synth 8-3936] Found unconnected internal register 'unregy_join_6_1_reg' and it is trimmed from '80' to '32' bits. [/home/valmyrsilva07/virtex7/skarab-virtex7-toolflow/fpgs/ethernet_one_gbe_skarab_control/ethernet_one_gbe_skarab_axi/myproj/myproj.srcs/sources_1/imports/sysgen/ethernet_one_gbe_skarab_axi_entity_declarations.vhd:2832]
INFO: [Synth 8-256] done synthesizing module 'sysgen_mux_0e66c37654' (320#1) [/home/valmyrsilva07/virtex7/skarab-virtex7-toolflow/fpgs/ethernet_one_gbe_skarab_control/ethernet_one_gbe_skarab_axi/myproj/myproj.srcs/sources_1/imports/sysgen/ethernet_one_gbe_skarab_axi_entity_declarations.vhd:2814]
INFO: [Synth 8-256] done synthesizing module 'ethernet_one_gbe_skarab_axi_dram_munge' (321#1) [/home/valmyrsilva07/virtex7/skarab-virtex7-toolflow/fpgs/ethernet_one_gbe_skarab_control/ethernet_one_gbe_skarab_axi/myproj/myproj.srcs/sources_1/imports/sysgen/ethernet_one_gbe_skarab_axi.vhd:7695]
INFO: [Synth 8-638] synthesizing module 'ethernet_one_gbe_skarab_axi_edge_detect_x0' [/home/valmyrsilva07/virtex7/skarab-virtex7-toolflow/fpgs/ethernet_one_gbe_skarab_control/ethernet_one_gbe_skarab_axi/myproj/myproj.srcs/sources_1/imports/sysgen/ethernet_one_gbe_skarab_axi.vhd:8001]
INFO: [Synth 8-256] done synthesizing module 'ethernet_one_gbe_skarab_axi_edge_detect_x0' (322#1) [/home/valmyrsilva07/virtex7/skarab-virtex7-toolflow/fpgs/ethernet_one_gbe_skarab_control/ethernet_one_gbe_skarab_axi/myproj/myproj.srcs/sources_1/imports/sysgen/ethernet_one_gbe_skarab_axi.vhd:8001]
INFO: [Synth 8-256] done synthesizing module 'ethernet_one_gbe_skarab_axi_basic_ctrl' (323#1) [/home/valmyrsilva07/virtex7/skarab-virtex7-toolflow/fpgs/ethernet_one_gbe_skarab_control/ethernet_one_gbe_skarab_axi/myproj/myproj.srcs/sources_1/imports/sysgen/ethernet_one_gbe_skarab_axi.vhd:8065]
INFO: [Synth 8-638] synthesizing module 'ethernet_one_gbe_skarab_axi_bram' [/home/valmyrsilva07/virtex7/skarab-virtex7-toolflow/fpgs/ethernet_one_gbe_skarab_control/ethernet_one_gbe_skarab_axi/myproj/myproj.srcs/sources_1/imports/sysgen/ethernet_one_gbe_skarab_axi.vhd:8440]
INFO: [Synth 8-638] synthesizing module 'ethernet_one_gbe_skarab_axi_calc_add' [/home/valmyrsilva07/virtex7/skarab-virtex7-toolflow/fpgs/ethernet_one_gbe_skarab_control/ethernet_one_gbe_skarab_axi/myproj/myproj.srcs/sources_1/imports/sysgen/ethernet_one_gbe_skarab_axi.vhd:8294]
INFO: [Synth 8-638] synthesizing module 'sysgen_concat_35bbc0f17f' [/home/valmyrsilva07/virtex7/skarab-virtex7-toolflow/fpgs/ethernet_one_gbe_skarab_control/ethernet_one_gbe_skarab_axi/myproj/myproj.srcs/sources_1/imports/sysgen/ethernet_one_gbe_skarab_axi_entity_declarations.vhd:2856]
INFO: [Synth 8-256] done synthesizing module 'sysgen_concat_35bbc0f17f' (324#1) [/home/valmyrsilva07/virtex7/skarab-virtex7-toolflow/fpgs/ethernet_one_gbe_skarab_control/ethernet_one_gbe_skarab_axi/myproj/myproj.srcs/sources_1/imports/sysgen/ethernet_one_gbe_skarab_axi_entity_declarations.vhd:2856]
INFO: [Synth 8-638] synthesizing module 'ethernet_one_gbe_skarab_axi_xlconvert__parameterized7' [/home/valmyrsilva07/virtex7/skarab-virtex7-toolflow/fpgs/ethernet_one_gbe_skarab_control/ethernet_one_gbe_skarab_axi/myproj/myproj.srcs/sources_1/imports/sysgen/ethernet_one_gbe_skarab_axi_entity_declarations.vhd:522]
	Parameter din_width bound to: 16 - type: integer 
	Parameter din_bin_pt bound to: 0 - type: integer 
	Parameter din_arith bound to: 1 - type: integer 
	Parameter dout_width bound to: 16 - type: integer 
	Parameter dout_bin_pt bound to: 0 - type: integer 
	Parameter dout_arith bound to: 1 - type: integer 
	Parameter en_width bound to: 1 - type: integer 
	Parameter en_bin_pt bound to: 0 - type: integer 
	Parameter en_arith bound to: 1 - type: integer 
	Parameter bool_conversion bound to: 0 - type: integer 
	Parameter latency bound to: 0 - type: integer 
	Parameter quantization bound to: 1 - type: integer 
	Parameter overflow bound to: 1 - type: integer 
	Parameter din_width bound to: 16 - type: integer 
	Parameter din_bin_pt bound to: 0 - type: integer 
	Parameter din_arith bound to: 1 - type: integer 
	Parameter dout_width bound to: 16 - type: integer 
	Parameter dout_bin_pt bound to: 0 - type: integer 
	Parameter dout_arith bound to: 1 - type: integer 
	Parameter quantization bound to: 1 - type: integer 
	Parameter overflow bound to: 1 - type: integer 
INFO: [Synth 8-638] synthesizing module 'convert_func_call_ethernet_one_gbe_skarab_axi_xlconvert__parameterized15' [/home/valmyrsilva07/virtex7/skarab-virtex7-toolflow/fpgs/ethernet_one_gbe_skarab_control/ethernet_one_gbe_skarab_axi/myproj/myproj.srcs/sources_1/imports/sysgen/ethernet_one_gbe_skarab_axi_entity_declarations.vhd:481]
	Parameter din_width bound to: 16 - type: integer 
	Parameter din_bin_pt bound to: 0 - type: integer 
	Parameter din_arith bound to: 1 - type: integer 
	Parameter dout_width bound to: 16 - type: integer 
	Parameter dout_bin_pt bound to: 0 - type: integer 
	Parameter dout_arith bound to: 1 - type: integer 
	Parameter quantization bound to: 1 - type: integer 
	Parameter overflow bound to: 1 - type: integer 
INFO: [Synth 8-256] done synthesizing module 'convert_func_call_ethernet_one_gbe_skarab_axi_xlconvert__parameterized15' (324#1) [/home/valmyrsilva07/virtex7/skarab-virtex7-toolflow/fpgs/ethernet_one_gbe_skarab_control/ethernet_one_gbe_skarab_axi/myproj/myproj.srcs/sources_1/imports/sysgen/ethernet_one_gbe_skarab_axi_entity_declarations.vhd:481]
INFO: [Synth 8-256] done synthesizing module 'ethernet_one_gbe_skarab_axi_xlconvert__parameterized7' (324#1) [/home/valmyrsilva07/virtex7/skarab-virtex7-toolflow/fpgs/ethernet_one_gbe_skarab_control/ethernet_one_gbe_skarab_axi/myproj/myproj.srcs/sources_1/imports/sysgen/ethernet_one_gbe_skarab_axi_entity_declarations.vhd:522]
INFO: [Synth 8-638] synthesizing module 'ethernet_one_gbe_skarab_axi_xlslice__parameterized18' [/home/valmyrsilva07/virtex7/skarab-virtex7-toolflow/fpgs/ethernet_one_gbe_skarab_control/ethernet_one_gbe_skarab_axi/myproj/myproj.srcs/sources_1/imports/sysgen/ethernet_one_gbe_skarab_axi_entity_declarations.vhd:973]
	Parameter new_msb bound to: 0 - type: integer 
	Parameter new_lsb bound to: 0 - type: integer 
	Parameter x_width bound to: 16 - type: integer 
	Parameter y_width bound to: 1 - type: integer 
INFO: [Synth 8-256] done synthesizing module 'ethernet_one_gbe_skarab_axi_xlslice__parameterized18' (324#1) [/home/valmyrsilva07/virtex7/skarab-virtex7-toolflow/fpgs/ethernet_one_gbe_skarab_control/ethernet_one_gbe_skarab_axi/myproj/myproj.srcs/sources_1/imports/sysgen/ethernet_one_gbe_skarab_axi_entity_declarations.vhd:973]
INFO: [Synth 8-638] synthesizing module 'ethernet_one_gbe_skarab_axi_xlslice__parameterized19' [/home/valmyrsilva07/virtex7/skarab-virtex7-toolflow/fpgs/ethernet_one_gbe_skarab_control/ethernet_one_gbe_skarab_axi/myproj/myproj.srcs/sources_1/imports/sysgen/ethernet_one_gbe_skarab_axi_entity_declarations.vhd:973]
	Parameter new_msb bound to: 15 - type: integer 
	Parameter new_lsb bound to: 1 - type: integer 
	Parameter x_width bound to: 16 - type: integer 
	Parameter y_width bound to: 15 - type: integer 
INFO: [Synth 8-256] done synthesizing module 'ethernet_one_gbe_skarab_axi_xlslice__parameterized19' (324#1) [/home/valmyrsilva07/virtex7/skarab-virtex7-toolflow/fpgs/ethernet_one_gbe_skarab_control/ethernet_one_gbe_skarab_axi/myproj/myproj.srcs/sources_1/imports/sysgen/ethernet_one_gbe_skarab_axi_entity_declarations.vhd:973]
INFO: [Synth 8-638] synthesizing module 'sysgen_mux_4d7f08b503' [/home/valmyrsilva07/virtex7/skarab-virtex7-toolflow/fpgs/ethernet_one_gbe_skarab_control/ethernet_one_gbe_skarab_axi/myproj/myproj.srcs/sources_1/imports/sysgen/ethernet_one_gbe_skarab_axi_entity_declarations.vhd:2884]
INFO: [Synth 8-256] done synthesizing module 'sysgen_mux_4d7f08b503' (325#1) [/home/valmyrsilva07/virtex7/skarab-virtex7-toolflow/fpgs/ethernet_one_gbe_skarab_control/ethernet_one_gbe_skarab_axi/myproj/myproj.srcs/sources_1/imports/sysgen/ethernet_one_gbe_skarab_axi_entity_declarations.vhd:2884]
INFO: [Synth 8-256] done synthesizing module 'ethernet_one_gbe_skarab_axi_calc_add' (326#1) [/home/valmyrsilva07/virtex7/skarab-virtex7-toolflow/fpgs/ethernet_one_gbe_skarab_control/ethernet_one_gbe_skarab_axi/myproj/myproj.srcs/sources_1/imports/sysgen/ethernet_one_gbe_skarab_axi.vhd:8294]
INFO: [Synth 8-638] synthesizing module 'ethernet_one_gbe_skarab_axi_munge_in' [/home/valmyrsilva07/virtex7/skarab-virtex7-toolflow/fpgs/ethernet_one_gbe_skarab_control/ethernet_one_gbe_skarab_axi/myproj/myproj.srcs/sources_1/imports/sysgen/ethernet_one_gbe_skarab_axi.vhd:8408]
INFO: [Synth 8-256] done synthesizing module 'ethernet_one_gbe_skarab_axi_munge_in' (327#1) [/home/valmyrsilva07/virtex7/skarab-virtex7-toolflow/fpgs/ethernet_one_gbe_skarab_control/ethernet_one_gbe_skarab_axi/myproj/myproj.srcs/sources_1/imports/sysgen/ethernet_one_gbe_skarab_axi.vhd:8408]
INFO: [Synth 8-638] synthesizing module 'ethernet_one_gbe_skarab_axi_xlconvert__parameterized8' [/home/valmyrsilva07/virtex7/skarab-virtex7-toolflow/fpgs/ethernet_one_gbe_skarab_control/ethernet_one_gbe_skarab_axi/myproj/myproj.srcs/sources_1/imports/sysgen/ethernet_one_gbe_skarab_axi_entity_declarations.vhd:522]
	Parameter din_width bound to: 32 - type: integer 
	Parameter din_bin_pt bound to: 0 - type: integer 
	Parameter din_arith bound to: 1 - type: integer 
	Parameter dout_width bound to: 32 - type: integer 
	Parameter dout_bin_pt bound to: 0 - type: integer 
	Parameter dout_arith bound to: 1 - type: integer 
	Parameter en_width bound to: 1 - type: integer 
	Parameter en_bin_pt bound to: 0 - type: integer 
	Parameter en_arith bound to: 1 - type: integer 
	Parameter bool_conversion bound to: 0 - type: integer 
	Parameter latency bound to: 0 - type: integer 
	Parameter quantization bound to: 1 - type: integer 
	Parameter overflow bound to: 1 - type: integer 
	Parameter din_width bound to: 32 - type: integer 
	Parameter din_bin_pt bound to: 0 - type: integer 
	Parameter din_arith bound to: 1 - type: integer 
	Parameter dout_width bound to: 32 - type: integer 
	Parameter dout_bin_pt bound to: 0 - type: integer 
	Parameter dout_arith bound to: 1 - type: integer 
	Parameter quantization bound to: 1 - type: integer 
	Parameter overflow bound to: 1 - type: integer 
INFO: [Synth 8-256] done synthesizing module 'ethernet_one_gbe_skarab_axi_xlconvert__parameterized8' (327#1) [/home/valmyrsilva07/virtex7/skarab-virtex7-toolflow/fpgs/ethernet_one_gbe_skarab_control/ethernet_one_gbe_skarab_axi/myproj/myproj.srcs/sources_1/imports/sysgen/ethernet_one_gbe_skarab_axi_entity_declarations.vhd:522]
INFO: [Synth 8-256] done synthesizing module 'ethernet_one_gbe_skarab_axi_bram' (328#1) [/home/valmyrsilva07/virtex7/skarab-virtex7-toolflow/fpgs/ethernet_one_gbe_skarab_control/ethernet_one_gbe_skarab_axi/myproj/myproj.srcs/sources_1/imports/sysgen/ethernet_one_gbe_skarab_axi.vhd:8440]
INFO: [Synth 8-638] synthesizing module 'ethernet_one_gbe_skarab_axi_ctrl' [/home/valmyrsilva07/virtex7/skarab-virtex7-toolflow/fpgs/ethernet_one_gbe_skarab_control/ethernet_one_gbe_skarab_axi/myproj/myproj.srcs/sources_1/imports/sysgen/ethernet_one_gbe_skarab_axi.vhd:8547]
INFO: [Synth 8-256] done synthesizing module 'ethernet_one_gbe_skarab_axi_ctrl' (329#1) [/home/valmyrsilva07/virtex7/skarab-virtex7-toolflow/fpgs/ethernet_one_gbe_skarab_control/ethernet_one_gbe_skarab_axi/myproj/myproj.srcs/sources_1/imports/sysgen/ethernet_one_gbe_skarab_axi.vhd:8547]
INFO: [Synth 8-638] synthesizing module 'ethernet_one_gbe_skarab_axi_ctrl_combine' [/home/valmyrsilva07/virtex7/skarab-virtex7-toolflow/fpgs/ethernet_one_gbe_skarab_control/ethernet_one_gbe_skarab_axi/myproj/myproj.srcs/sources_1/imports/sysgen/ethernet_one_gbe_skarab_axi.vhd:8597]
INFO: [Synth 8-256] done synthesizing module 'ethernet_one_gbe_skarab_axi_ctrl_combine' (330#1) [/home/valmyrsilva07/virtex7/skarab-virtex7-toolflow/fpgs/ethernet_one_gbe_skarab_control/ethernet_one_gbe_skarab_axi/myproj/myproj.srcs/sources_1/imports/sysgen/ethernet_one_gbe_skarab_axi.vhd:8597]
INFO: [Synth 8-638] synthesizing module 'ethernet_one_gbe_skarab_axi_ctrl_split' [/home/valmyrsilva07/virtex7/skarab-virtex7-toolflow/fpgs/ethernet_one_gbe_skarab_control/ethernet_one_gbe_skarab_axi/myproj/myproj.srcs/sources_1/imports/sysgen/ethernet_one_gbe_skarab_axi.vhd:8671]
INFO: [Synth 8-256] done synthesizing module 'ethernet_one_gbe_skarab_axi_ctrl_split' (331#1) [/home/valmyrsilva07/virtex7/skarab-virtex7-toolflow/fpgs/ethernet_one_gbe_skarab_control/ethernet_one_gbe_skarab_axi/myproj/myproj.srcs/sources_1/imports/sysgen/ethernet_one_gbe_skarab_axi.vhd:8671]
INFO: [Synth 8-638] synthesizing module 'ethernet_one_gbe_skarab_axi_status' [/home/valmyrsilva07/virtex7/skarab-virtex7-toolflow/fpgs/ethernet_one_gbe_skarab_control/ethernet_one_gbe_skarab_axi/myproj/myproj.srcs/sources_1/imports/sysgen/ethernet_one_gbe_skarab_axi.vhd:8759]
INFO: [Synth 8-256] done synthesizing module 'ethernet_one_gbe_skarab_axi_status' (332#1) [/home/valmyrsilva07/virtex7/skarab-virtex7-toolflow/fpgs/ethernet_one_gbe_skarab_control/ethernet_one_gbe_skarab_axi/myproj/myproj.srcs/sources_1/imports/sysgen/ethernet_one_gbe_skarab_axi.vhd:8759]
INFO: [Synth 8-638] synthesizing module 'sysgen_delay_fe161d4c6b' [/home/valmyrsilva07/virtex7/skarab-virtex7-toolflow/fpgs/ethernet_one_gbe_skarab_control/ethernet_one_gbe_skarab_axi/myproj/myproj.srcs/sources_1/imports/sysgen/ethernet_one_gbe_skarab_axi_entity_declarations.vhd:2564]
INFO: [Synth 8-256] done synthesizing module 'sysgen_delay_fe161d4c6b' (333#1) [/home/valmyrsilva07/virtex7/skarab-virtex7-toolflow/fpgs/ethernet_one_gbe_skarab_control/ethernet_one_gbe_skarab_axi/myproj/myproj.srcs/sources_1/imports/sysgen/ethernet_one_gbe_skarab_axi_entity_declarations.vhd:2564]
INFO: [Synth 8-256] done synthesizing module 'ethernet_one_gbe_skarab_axi_ss' (334#1) [/home/valmyrsilva07/virtex7/skarab-virtex7-toolflow/fpgs/ethernet_one_gbe_skarab_control/ethernet_one_gbe_skarab_axi/myproj/myproj.srcs/sources_1/imports/sysgen/ethernet_one_gbe_skarab_axi.vhd:8840]
INFO: [Synth 8-256] done synthesizing module 'ethernet_one_gbe_skarab_axi_pkt_ctrs1' (335#1) [/home/valmyrsilva07/virtex7/skarab-virtex7-toolflow/fpgs/ethernet_one_gbe_skarab_control/ethernet_one_gbe_skarab_axi/myproj/myproj.srcs/sources_1/imports/sysgen/ethernet_one_gbe_skarab_axi.vhd:9067]
INFO: [Synth 8-638] synthesizing module 'ethernet_one_gbe_skarab_axi_pkt_ctrs_compare1' [/home/valmyrsilva07/virtex7/skarab-virtex7-toolflow/fpgs/ethernet_one_gbe_skarab_control/ethernet_one_gbe_skarab_axi/myproj/myproj.srcs/sources_1/imports/sysgen/ethernet_one_gbe_skarab_axi.vhd:11018]
INFO: [Synth 8-638] synthesizing module 'ethernet_one_gbe_skarab_axi_buscreate_x0' [/home/valmyrsilva07/virtex7/skarab-virtex7-toolflow/fpgs/ethernet_one_gbe_skarab_control/ethernet_one_gbe_skarab_axi/myproj/myproj.srcs/sources_1/imports/sysgen/ethernet_one_gbe_skarab_axi.vhd:9137]
INFO: [Synth 8-638] synthesizing module 'sysgen_concat_366c8d7cd4' [/home/valmyrsilva07/virtex7/skarab-virtex7-toolflow/fpgs/ethernet_one_gbe_skarab_control/ethernet_one_gbe_skarab_axi/myproj/myproj.srcs/sources_1/imports/sysgen/ethernet_one_gbe_skarab_axi_entity_declarations.vhd:2922]
INFO: [Synth 8-256] done synthesizing module 'sysgen_concat_366c8d7cd4' (336#1) [/home/valmyrsilva07/virtex7/skarab-virtex7-toolflow/fpgs/ethernet_one_gbe_skarab_control/ethernet_one_gbe_skarab_axi/myproj/myproj.srcs/sources_1/imports/sysgen/ethernet_one_gbe_skarab_axi_entity_declarations.vhd:2922]
INFO: [Synth 8-256] done synthesizing module 'ethernet_one_gbe_skarab_axi_buscreate_x0' (337#1) [/home/valmyrsilva07/virtex7/skarab-virtex7-toolflow/fpgs/ethernet_one_gbe_skarab_control/ethernet_one_gbe_skarab_axi/myproj/myproj.srcs/sources_1/imports/sysgen/ethernet_one_gbe_skarab_axi.vhd:9137]
INFO: [Synth 8-638] synthesizing module 'ethernet_one_gbe_skarab_axi_ss_x0' [/home/valmyrsilva07/virtex7/skarab-virtex7-toolflow/fpgs/ethernet_one_gbe_skarab_control/ethernet_one_gbe_skarab_axi/myproj/myproj.srcs/sources_1/imports/sysgen/ethernet_one_gbe_skarab_axi.vhd:10786]
INFO: [Synth 8-638] synthesizing module 'ethernet_one_gbe_skarab_axi_add_gen_x0' [/home/valmyrsilva07/virtex7/skarab-virtex7-toolflow/fpgs/ethernet_one_gbe_skarab_control/ethernet_one_gbe_skarab_axi/myproj/myproj.srcs/sources_1/imports/sysgen/ethernet_one_gbe_skarab_axi.vhd:9251]
INFO: [Synth 8-638] synthesizing module 'ethernet_one_gbe_skarab_axi_edge_detect_x1' [/home/valmyrsilva07/virtex7/skarab-virtex7-toolflow/fpgs/ethernet_one_gbe_skarab_control/ethernet_one_gbe_skarab_axi/myproj/myproj.srcs/sources_1/imports/sysgen/ethernet_one_gbe_skarab_axi.vhd:9186]
INFO: [Synth 8-256] done synthesizing module 'ethernet_one_gbe_skarab_axi_edge_detect_x1' (338#1) [/home/valmyrsilva07/virtex7/skarab-virtex7-toolflow/fpgs/ethernet_one_gbe_skarab_control/ethernet_one_gbe_skarab_axi/myproj/myproj.srcs/sources_1/imports/sysgen/ethernet_one_gbe_skarab_axi.vhd:9186]
INFO: [Synth 8-638] synthesizing module 'sysgen_concat_64e7dab0c2' [/home/valmyrsilva07/virtex7/skarab-virtex7-toolflow/fpgs/ethernet_one_gbe_skarab_control/ethernet_one_gbe_skarab_axi/myproj/myproj.srcs/sources_1/imports/sysgen/ethernet_one_gbe_skarab_axi_entity_declarations.vhd:2991]
INFO: [Synth 8-256] done synthesizing module 'sysgen_concat_64e7dab0c2' (339#1) [/home/valmyrsilva07/virtex7/skarab-virtex7-toolflow/fpgs/ethernet_one_gbe_skarab_control/ethernet_one_gbe_skarab_axi/myproj/myproj.srcs/sources_1/imports/sysgen/ethernet_one_gbe_skarab_axi_entity_declarations.vhd:2991]
INFO: [Synth 8-638] synthesizing module 'ethernet_one_gbe_skarab_axi_xlconvert__parameterized9' [/home/valmyrsilva07/virtex7/skarab-virtex7-toolflow/fpgs/ethernet_one_gbe_skarab_control/ethernet_one_gbe_skarab_axi/myproj/myproj.srcs/sources_1/imports/sysgen/ethernet_one_gbe_skarab_axi_entity_declarations.vhd:522]
	Parameter din_width bound to: 1 - type: integer 
	Parameter din_bin_pt bound to: 0 - type: integer 
	Parameter din_arith bound to: 1 - type: integer 
	Parameter dout_width bound to: 15 - type: integer 
	Parameter dout_bin_pt bound to: 0 - type: integer 
	Parameter dout_arith bound to: 1 - type: integer 
	Parameter en_width bound to: 1 - type: integer 
	Parameter en_bin_pt bound to: 0 - type: integer 
	Parameter en_arith bound to: 1 - type: integer 
	Parameter bool_conversion bound to: 0 - type: integer 
	Parameter latency bound to: 0 - type: integer 
	Parameter quantization bound to: 1 - type: integer 
	Parameter overflow bound to: 1 - type: integer 
	Parameter din_width bound to: 1 - type: integer 
	Parameter din_bin_pt bound to: 0 - type: integer 
	Parameter din_arith bound to: 1 - type: integer 
	Parameter dout_width bound to: 15 - type: integer 
	Parameter dout_bin_pt bound to: 0 - type: integer 
	Parameter dout_arith bound to: 1 - type: integer 
	Parameter quantization bound to: 1 - type: integer 
	Parameter overflow bound to: 1 - type: integer 
INFO: [Synth 8-638] synthesizing module 'convert_func_call_ethernet_one_gbe_skarab_axi_xlconvert__parameterized18' [/home/valmyrsilva07/virtex7/skarab-virtex7-toolflow/fpgs/ethernet_one_gbe_skarab_control/ethernet_one_gbe_skarab_axi/myproj/myproj.srcs/sources_1/imports/sysgen/ethernet_one_gbe_skarab_axi_entity_declarations.vhd:481]
	Parameter din_width bound to: 1 - type: integer 
	Parameter din_bin_pt bound to: 0 - type: integer 
	Parameter din_arith bound to: 1 - type: integer 
	Parameter dout_width bound to: 15 - type: integer 
	Parameter dout_bin_pt bound to: 0 - type: integer 
	Parameter dout_arith bound to: 1 - type: integer 
	Parameter quantization bound to: 1 - type: integer 
	Parameter overflow bound to: 1 - type: integer 
INFO: [Synth 8-256] done synthesizing module 'convert_func_call_ethernet_one_gbe_skarab_axi_xlconvert__parameterized18' (339#1) [/home/valmyrsilva07/virtex7/skarab-virtex7-toolflow/fpgs/ethernet_one_gbe_skarab_control/ethernet_one_gbe_skarab_axi/myproj/myproj.srcs/sources_1/imports/sysgen/ethernet_one_gbe_skarab_axi_entity_declarations.vhd:481]
INFO: [Synth 8-256] done synthesizing module 'ethernet_one_gbe_skarab_axi_xlconvert__parameterized9' (339#1) [/home/valmyrsilva07/virtex7/skarab-virtex7-toolflow/fpgs/ethernet_one_gbe_skarab_control/ethernet_one_gbe_skarab_axi/myproj/myproj.srcs/sources_1/imports/sysgen/ethernet_one_gbe_skarab_axi_entity_declarations.vhd:522]
INFO: [Synth 8-638] synthesizing module 'ethernet_one_gbe_skarab_axi_xldelay__parameterized2' [/home/valmyrsilva07/virtex7/skarab-virtex7-toolflow/fpgs/ethernet_one_gbe_skarab_control/ethernet_one_gbe_skarab_axi/myproj/myproj.srcs/sources_1/imports/sysgen/ethernet_one_gbe_skarab_axi_entity_declarations.vhd:634]
	Parameter width bound to: 16 - type: integer 
	Parameter latency bound to: 1 - type: integer 
	Parameter reg_retiming bound to: 0 - type: integer 
	Parameter reset bound to: 0 - type: integer 
	Parameter width bound to: 16 - type: integer 
	Parameter latency bound to: 1 - type: integer 
INFO: [Synth 8-638] synthesizing module 'synth_reg__parameterized8' [/home/valmyrsilva07/virtex7/skarab-virtex7-toolflow/fpgs/ethernet_one_gbe_skarab_control/ethernet_one_gbe_skarab_axi/myproj/myproj.srcs/sources_1/imports/sysgen/synth_reg.vhd:30]
	Parameter width bound to: 16 - type: integer 
	Parameter latency bound to: 1 - type: integer 
	Parameter width bound to: 16 - type: integer 
	Parameter latency bound to: 1 - type: integer 
INFO: [Synth 8-638] synthesizing module 'srlc33e__parameterized7' [/home/valmyrsilva07/virtex7/skarab-virtex7-toolflow/fpgs/ethernet_one_gbe_skarab_control/ethernet_one_gbe_skarab_axi/myproj/myproj.srcs/sources_1/imports/sysgen/srl33e.vhd:31]
	Parameter width bound to: 16 - type: integer 
	Parameter latency bound to: 1 - type: integer 
INFO: [Synth 8-256] done synthesizing module 'srlc33e__parameterized7' (339#1) [/home/valmyrsilva07/virtex7/skarab-virtex7-toolflow/fpgs/ethernet_one_gbe_skarab_control/ethernet_one_gbe_skarab_axi/myproj/myproj.srcs/sources_1/imports/sysgen/srl33e.vhd:31]
INFO: [Synth 8-256] done synthesizing module 'synth_reg__parameterized8' (339#1) [/home/valmyrsilva07/virtex7/skarab-virtex7-toolflow/fpgs/ethernet_one_gbe_skarab_control/ethernet_one_gbe_skarab_axi/myproj/myproj.srcs/sources_1/imports/sysgen/synth_reg.vhd:30]
INFO: [Synth 8-256] done synthesizing module 'ethernet_one_gbe_skarab_axi_xldelay__parameterized2' (339#1) [/home/valmyrsilva07/virtex7/skarab-virtex7-toolflow/fpgs/ethernet_one_gbe_skarab_control/ethernet_one_gbe_skarab_axi/myproj/myproj.srcs/sources_1/imports/sysgen/ethernet_one_gbe_skarab_axi_entity_declarations.vhd:634]
INFO: [Synth 8-638] synthesizing module 'sysgen_delay_823f1fccb9' [/home/valmyrsilva07/virtex7/skarab-virtex7-toolflow/fpgs/ethernet_one_gbe_skarab_control/ethernet_one_gbe_skarab_axi/myproj/myproj.srcs/sources_1/imports/sysgen/ethernet_one_gbe_skarab_axi_entity_declarations.vhd:2948]
INFO: [Synth 8-256] done synthesizing module 'sysgen_delay_823f1fccb9' (340#1) [/home/valmyrsilva07/virtex7/skarab-virtex7-toolflow/fpgs/ethernet_one_gbe_skarab_control/ethernet_one_gbe_skarab_axi/myproj/myproj.srcs/sources_1/imports/sysgen/ethernet_one_gbe_skarab_axi_entity_declarations.vhd:2948]
INFO: [Synth 8-638] synthesizing module 'sysgen_shift_e358cb7699' [/home/valmyrsilva07/virtex7/skarab-virtex7-toolflow/fpgs/ethernet_one_gbe_skarab_control/ethernet_one_gbe_skarab_axi/myproj/myproj.srcs/sources_1/imports/sysgen/ethernet_one_gbe_skarab_axi_entity_declarations.vhd:3019]
INFO: [Synth 8-256] done synthesizing module 'sysgen_shift_e358cb7699' (341#1) [/home/valmyrsilva07/virtex7/skarab-virtex7-toolflow/fpgs/ethernet_one_gbe_skarab_control/ethernet_one_gbe_skarab_axi/myproj/myproj.srcs/sources_1/imports/sysgen/ethernet_one_gbe_skarab_axi_entity_declarations.vhd:3019]
INFO: [Synth 8-638] synthesizing module 'ethernet_one_gbe_skarab_axi_xlcounter_free__parameterized2' [/home/valmyrsilva07/virtex7/skarab-virtex7-toolflow/fpgs/ethernet_one_gbe_skarab_control/ethernet_one_gbe_skarab_axi/myproj/myproj.srcs/sources_1/imports/sysgen/ethernet_one_gbe_skarab_axi_entity_declarations.vhd:3485]
	Parameter core_name0 bound to: ethernet_one_gbe_skarab_axi_c_counter_binary_v12_0_i4 - type: string 
	Parameter op_width bound to: 17 - type: integer 
	Parameter op_arith bound to: 1 - type: integer 
INFO: [Synth 8-638] synthesizing module 'ethernet_one_gbe_skarab_axi_c_counter_binary_v12_0_i4' [/home/valmyrsilva07/virtex7/skarab-virtex7-toolflow/fpgs/ethernet_one_gbe_skarab_control/ethernet_one_gbe_skarab_axi/myproj/myproj.runs/synth_1/.Xil/Vivado-477952-valmyrsilva07-B760M-AORUS-ELITE/realtime/ethernet_one_gbe_skarab_axi_c_counter_binary_v12_0_i4_stub.vhdl:15]
INFO: [Synth 8-256] done synthesizing module 'ethernet_one_gbe_skarab_axi_xlcounter_free__parameterized2' (341#1) [/home/valmyrsilva07/virtex7/skarab-virtex7-toolflow/fpgs/ethernet_one_gbe_skarab_control/ethernet_one_gbe_skarab_axi/myproj/myproj.srcs/sources_1/imports/sysgen/ethernet_one_gbe_skarab_axi_entity_declarations.vhd:3485]
INFO: [Synth 8-638] synthesizing module 'ethernet_one_gbe_skarab_axi_xlslice__parameterized20' [/home/valmyrsilva07/virtex7/skarab-virtex7-toolflow/fpgs/ethernet_one_gbe_skarab_control/ethernet_one_gbe_skarab_axi/myproj/myproj.srcs/sources_1/imports/sysgen/ethernet_one_gbe_skarab_axi_entity_declarations.vhd:973]
	Parameter new_msb bound to: 15 - type: integer 
	Parameter new_lsb bound to: 0 - type: integer 
	Parameter x_width bound to: 17 - type: integer 
	Parameter y_width bound to: 16 - type: integer 
INFO: [Synth 8-256] done synthesizing module 'ethernet_one_gbe_skarab_axi_xlslice__parameterized20' (341#1) [/home/valmyrsilva07/virtex7/skarab-virtex7-toolflow/fpgs/ethernet_one_gbe_skarab_control/ethernet_one_gbe_skarab_axi/myproj/myproj.srcs/sources_1/imports/sysgen/ethernet_one_gbe_skarab_axi_entity_declarations.vhd:973]
INFO: [Synth 8-638] synthesizing module 'ethernet_one_gbe_skarab_axi_xlslice__parameterized21' [/home/valmyrsilva07/virtex7/skarab-virtex7-toolflow/fpgs/ethernet_one_gbe_skarab_control/ethernet_one_gbe_skarab_axi/myproj/myproj.srcs/sources_1/imports/sysgen/ethernet_one_gbe_skarab_axi_entity_declarations.vhd:973]
	Parameter new_msb bound to: 15 - type: integer 
	Parameter new_lsb bound to: 3 - type: integer 
	Parameter x_width bound to: 17 - type: integer 
	Parameter y_width bound to: 13 - type: integer 
INFO: [Synth 8-256] done synthesizing module 'ethernet_one_gbe_skarab_axi_xlslice__parameterized21' (341#1) [/home/valmyrsilva07/virtex7/skarab-virtex7-toolflow/fpgs/ethernet_one_gbe_skarab_control/ethernet_one_gbe_skarab_axi/myproj/myproj.srcs/sources_1/imports/sysgen/ethernet_one_gbe_skarab_axi_entity_declarations.vhd:973]
INFO: [Synth 8-638] synthesizing module 'ethernet_one_gbe_skarab_axi_xlslice__parameterized22' [/home/valmyrsilva07/virtex7/skarab-virtex7-toolflow/fpgs/ethernet_one_gbe_skarab_control/ethernet_one_gbe_skarab_axi/myproj/myproj.srcs/sources_1/imports/sysgen/ethernet_one_gbe_skarab_axi_entity_declarations.vhd:973]
	Parameter new_msb bound to: 16 - type: integer 
	Parameter new_lsb bound to: 16 - type: integer 
	Parameter x_width bound to: 17 - type: integer 
	Parameter y_width bound to: 1 - type: integer 
INFO: [Synth 8-256] done synthesizing module 'ethernet_one_gbe_skarab_axi_xlslice__parameterized22' (341#1) [/home/valmyrsilva07/virtex7/skarab-virtex7-toolflow/fpgs/ethernet_one_gbe_skarab_control/ethernet_one_gbe_skarab_axi/myproj/myproj.srcs/sources_1/imports/sysgen/ethernet_one_gbe_skarab_axi_entity_declarations.vhd:973]
INFO: [Synth 8-256] done synthesizing module 'ethernet_one_gbe_skarab_axi_add_gen_x0' (342#1) [/home/valmyrsilva07/virtex7/skarab-virtex7-toolflow/fpgs/ethernet_one_gbe_skarab_control/ethernet_one_gbe_skarab_axi/myproj/myproj.srcs/sources_1/imports/sysgen/ethernet_one_gbe_skarab_axi.vhd:9251]
INFO: [Synth 8-638] synthesizing module 'ethernet_one_gbe_skarab_axi_basic_ctrl_x0' [/home/valmyrsilva07/virtex7/skarab-virtex7-toolflow/fpgs/ethernet_one_gbe_skarab_control/ethernet_one_gbe_skarab_axi/myproj/myproj.srcs/sources_1/imports/sysgen/ethernet_one_gbe_skarab_axi.vhd:9875]
INFO: [Synth 8-638] synthesizing module 'ethernet_one_gbe_skarab_axi_dram_munge_x0' [/home/valmyrsilva07/virtex7/skarab-virtex7-toolflow/fpgs/ethernet_one_gbe_skarab_control/ethernet_one_gbe_skarab_axi/myproj/myproj.srcs/sources_1/imports/sysgen/ethernet_one_gbe_skarab_axi.vhd:9504]
INFO: [Synth 8-638] synthesizing module 'sysgen_concat_e61aee4a90' [/home/valmyrsilva07/virtex7/skarab-virtex7-toolflow/fpgs/ethernet_one_gbe_skarab_control/ethernet_one_gbe_skarab_axi/myproj/myproj.srcs/sources_1/imports/sysgen/ethernet_one_gbe_skarab_axi_entity_declarations.vhd:3067]
INFO: [Synth 8-256] done synthesizing module 'sysgen_concat_e61aee4a90' (343#1) [/home/valmyrsilva07/virtex7/skarab-virtex7-toolflow/fpgs/ethernet_one_gbe_skarab_control/ethernet_one_gbe_skarab_axi/myproj/myproj.srcs/sources_1/imports/sysgen/ethernet_one_gbe_skarab_axi_entity_declarations.vhd:3067]
INFO: [Synth 8-638] synthesizing module 'sysgen_mux_38209c58a7' [/home/valmyrsilva07/virtex7/skarab-virtex7-toolflow/fpgs/ethernet_one_gbe_skarab_control/ethernet_one_gbe_skarab_axi/myproj/myproj.srcs/sources_1/imports/sysgen/ethernet_one_gbe_skarab_axi_entity_declarations.vhd:3099]
INFO: [Synth 8-256] done synthesizing module 'sysgen_mux_38209c58a7' (344#1) [/home/valmyrsilva07/virtex7/skarab-virtex7-toolflow/fpgs/ethernet_one_gbe_skarab_control/ethernet_one_gbe_skarab_axi/myproj/myproj.srcs/sources_1/imports/sysgen/ethernet_one_gbe_skarab_axi_entity_declarations.vhd:3099]
INFO: [Synth 8-638] synthesizing module 'ethernet_one_gbe_skarab_axi_xlregister__parameterized3' [/home/valmyrsilva07/virtex7/skarab-virtex7-toolflow/fpgs/ethernet_one_gbe_skarab_control/ethernet_one_gbe_skarab_axi/myproj/myproj.srcs/sources_1/imports/sysgen/ethernet_one_gbe_skarab_axi_entity_declarations.vhd:794]
	Parameter d_width bound to: 64 - type: integer 
	Parameter init_value bound to: 64'b0000000000000000000000000000000000000000000000000000000000000000 
	Parameter width bound to: 64 - type: integer 
	Parameter init_index bound to: 2 - type: integer 
	Parameter init_value bound to: 64'b0000000000000000000000000000000000000000000000000000000000000000 
	Parameter latency bound to: 1 - type: integer 
INFO: [Synth 8-638] synthesizing module 'xil_defaultlib_synth_reg_w_init__parameterized5' [/home/valmyrsilva07/virtex7/skarab-virtex7-toolflow/fpgs/ethernet_one_gbe_skarab_control/ethernet_one_gbe_skarab_axi/myproj/myproj.srcs/sources_1/imports/sysgen/synth_reg_w_init.vhd:47]
	Parameter width bound to: 64 - type: integer 
	Parameter init_index bound to: 2 - type: integer 
	Parameter init_value bound to: 64'b0000000000000000000000000000000000000000000000000000000000000000 
	Parameter latency bound to: 1 - type: integer 
	Parameter width bound to: 64 - type: integer 
	Parameter init_index bound to: 2 - type: integer 
	Parameter init_value bound to: 64'b0000000000000000000000000000000000000000000000000000000000000000 
INFO: [Synth 8-638] synthesizing module 'xil_defaultlib_single_reg_w_init__parameterized5' [/home/valmyrsilva07/virtex7/skarab-virtex7-toolflow/fpgs/ethernet_one_gbe_skarab_control/ethernet_one_gbe_skarab_axi/myproj/myproj.srcs/sources_1/imports/sysgen/single_reg_w_init.vhd:37]
	Parameter width bound to: 64 - type: integer 
	Parameter init_index bound to: 2 - type: integer 
	Parameter init_value bound to: 64'b0000000000000000000000000000000000000000000000000000000000000000 
INFO: [Synth 8-256] done synthesizing module 'xil_defaultlib_single_reg_w_init__parameterized5' (344#1) [/home/valmyrsilva07/virtex7/skarab-virtex7-toolflow/fpgs/ethernet_one_gbe_skarab_control/ethernet_one_gbe_skarab_axi/myproj/myproj.srcs/sources_1/imports/sysgen/single_reg_w_init.vhd:37]
INFO: [Synth 8-256] done synthesizing module 'xil_defaultlib_synth_reg_w_init__parameterized5' (344#1) [/home/valmyrsilva07/virtex7/skarab-virtex7-toolflow/fpgs/ethernet_one_gbe_skarab_control/ethernet_one_gbe_skarab_axi/myproj/myproj.srcs/sources_1/imports/sysgen/synth_reg_w_init.vhd:47]
INFO: [Synth 8-256] done synthesizing module 'ethernet_one_gbe_skarab_axi_xlregister__parameterized3' (344#1) [/home/valmyrsilva07/virtex7/skarab-virtex7-toolflow/fpgs/ethernet_one_gbe_skarab_control/ethernet_one_gbe_skarab_axi/myproj/myproj.srcs/sources_1/imports/sysgen/ethernet_one_gbe_skarab_axi_entity_declarations.vhd:794]
INFO: [Synth 8-638] synthesizing module 'sysgen_mux_fb473db621' [/home/valmyrsilva07/virtex7/skarab-virtex7-toolflow/fpgs/ethernet_one_gbe_skarab_control/ethernet_one_gbe_skarab_axi/myproj/myproj.srcs/sources_1/imports/sysgen/ethernet_one_gbe_skarab_axi_entity_declarations.vhd:3157]
WARNING: [Synth 8-3936] Found unconnected internal register 'unregy_join_6_1_reg' and it is trimmed from '144' to '64' bits. [/home/valmyrsilva07/virtex7/skarab-virtex7-toolflow/fpgs/ethernet_one_gbe_skarab_control/ethernet_one_gbe_skarab_axi/myproj/myproj.srcs/sources_1/imports/sysgen/ethernet_one_gbe_skarab_axi_entity_declarations.vhd:3175]
INFO: [Synth 8-256] done synthesizing module 'sysgen_mux_fb473db621' (345#1) [/home/valmyrsilva07/virtex7/skarab-virtex7-toolflow/fpgs/ethernet_one_gbe_skarab_control/ethernet_one_gbe_skarab_axi/myproj/myproj.srcs/sources_1/imports/sysgen/ethernet_one_gbe_skarab_axi_entity_declarations.vhd:3157]
INFO: [Synth 8-256] done synthesizing module 'ethernet_one_gbe_skarab_axi_dram_munge_x0' (346#1) [/home/valmyrsilva07/virtex7/skarab-virtex7-toolflow/fpgs/ethernet_one_gbe_skarab_control/ethernet_one_gbe_skarab_axi/myproj/myproj.srcs/sources_1/imports/sysgen/ethernet_one_gbe_skarab_axi.vhd:9504]
INFO: [Synth 8-638] synthesizing module 'ethernet_one_gbe_skarab_axi_edge_detect_x2' [/home/valmyrsilva07/virtex7/skarab-virtex7-toolflow/fpgs/ethernet_one_gbe_skarab_control/ethernet_one_gbe_skarab_axi/myproj/myproj.srcs/sources_1/imports/sysgen/ethernet_one_gbe_skarab_axi.vhd:9810]
INFO: [Synth 8-256] done synthesizing module 'ethernet_one_gbe_skarab_axi_edge_detect_x2' (347#1) [/home/valmyrsilva07/virtex7/skarab-virtex7-toolflow/fpgs/ethernet_one_gbe_skarab_control/ethernet_one_gbe_skarab_axi/myproj/myproj.srcs/sources_1/imports/sysgen/ethernet_one_gbe_skarab_axi.vhd:9810]
INFO: [Synth 8-256] done synthesizing module 'ethernet_one_gbe_skarab_axi_basic_ctrl_x0' (348#1) [/home/valmyrsilva07/virtex7/skarab-virtex7-toolflow/fpgs/ethernet_one_gbe_skarab_control/ethernet_one_gbe_skarab_axi/myproj/myproj.srcs/sources_1/imports/sysgen/ethernet_one_gbe_skarab_axi.vhd:9875]
INFO: [Synth 8-638] synthesizing module 'ethernet_one_gbe_skarab_axi_bram_x0' [/home/valmyrsilva07/virtex7/skarab-virtex7-toolflow/fpgs/ethernet_one_gbe_skarab_control/ethernet_one_gbe_skarab_axi/myproj/myproj.srcs/sources_1/imports/sysgen/ethernet_one_gbe_skarab_axi.vhd:10385]
INFO: [Synth 8-638] synthesizing module 'ethernet_one_gbe_skarab_axi_calc_add_x0' [/home/valmyrsilva07/virtex7/skarab-virtex7-toolflow/fpgs/ethernet_one_gbe_skarab_control/ethernet_one_gbe_skarab_axi/myproj/myproj.srcs/sources_1/imports/sysgen/ethernet_one_gbe_skarab_axi.vhd:10106]
INFO: [Synth 8-256] done synthesizing module 'ethernet_one_gbe_skarab_axi_calc_add_x0' (349#1) [/home/valmyrsilva07/virtex7/skarab-virtex7-toolflow/fpgs/ethernet_one_gbe_skarab_control/ethernet_one_gbe_skarab_axi/myproj/myproj.srcs/sources_1/imports/sysgen/ethernet_one_gbe_skarab_axi.vhd:10106]
INFO: [Synth 8-638] synthesizing module 'ethernet_one_gbe_skarab_axi_munge_in_x0' [/home/valmyrsilva07/virtex7/skarab-virtex7-toolflow/fpgs/ethernet_one_gbe_skarab_control/ethernet_one_gbe_skarab_axi/myproj/myproj.srcs/sources_1/imports/sysgen/ethernet_one_gbe_skarab_axi.vhd:10329]
INFO: [Synth 8-638] synthesizing module 'ethernet_one_gbe_skarab_axi_join' [/home/valmyrsilva07/virtex7/skarab-virtex7-toolflow/fpgs/ethernet_one_gbe_skarab_control/ethernet_one_gbe_skarab_axi/myproj/myproj.srcs/sources_1/imports/sysgen/ethernet_one_gbe_skarab_axi.vhd:10221]
INFO: [Synth 8-256] done synthesizing module 'ethernet_one_gbe_skarab_axi_join' (350#1) [/home/valmyrsilva07/virtex7/skarab-virtex7-toolflow/fpgs/ethernet_one_gbe_skarab_control/ethernet_one_gbe_skarab_axi/myproj/myproj.srcs/sources_1/imports/sysgen/ethernet_one_gbe_skarab_axi.vhd:10221]
INFO: [Synth 8-638] synthesizing module 'ethernet_one_gbe_skarab_axi_split' [/home/valmyrsilva07/virtex7/skarab-virtex7-toolflow/fpgs/ethernet_one_gbe_skarab_control/ethernet_one_gbe_skarab_axi/myproj/myproj.srcs/sources_1/imports/sysgen/ethernet_one_gbe_skarab_axi.vhd:10269]
INFO: [Synth 8-638] synthesizing module 'ethernet_one_gbe_skarab_axi_xlslice__parameterized23' [/home/valmyrsilva07/virtex7/skarab-virtex7-toolflow/fpgs/ethernet_one_gbe_skarab_control/ethernet_one_gbe_skarab_axi/myproj/myproj.srcs/sources_1/imports/sysgen/ethernet_one_gbe_skarab_axi_entity_declarations.vhd:973]
	Parameter new_msb bound to: 31 - type: integer 
	Parameter new_lsb bound to: 0 - type: integer 
	Parameter x_width bound to: 64 - type: integer 
	Parameter y_width bound to: 32 - type: integer 
INFO: [Synth 8-256] done synthesizing module 'ethernet_one_gbe_skarab_axi_xlslice__parameterized23' (350#1) [/home/valmyrsilva07/virtex7/skarab-virtex7-toolflow/fpgs/ethernet_one_gbe_skarab_control/ethernet_one_gbe_skarab_axi/myproj/myproj.srcs/sources_1/imports/sysgen/ethernet_one_gbe_skarab_axi_entity_declarations.vhd:973]
INFO: [Synth 8-638] synthesizing module 'ethernet_one_gbe_skarab_axi_xlslice__parameterized24' [/home/valmyrsilva07/virtex7/skarab-virtex7-toolflow/fpgs/ethernet_one_gbe_skarab_control/ethernet_one_gbe_skarab_axi/myproj/myproj.srcs/sources_1/imports/sysgen/ethernet_one_gbe_skarab_axi_entity_declarations.vhd:973]
	Parameter new_msb bound to: 63 - type: integer 
	Parameter new_lsb bound to: 32 - type: integer 
	Parameter x_width bound to: 64 - type: integer 
	Parameter y_width bound to: 32 - type: integer 
INFO: [Synth 8-256] done synthesizing module 'ethernet_one_gbe_skarab_axi_xlslice__parameterized24' (350#1) [/home/valmyrsilva07/virtex7/skarab-virtex7-toolflow/fpgs/ethernet_one_gbe_skarab_control/ethernet_one_gbe_skarab_axi/myproj/myproj.srcs/sources_1/imports/sysgen/ethernet_one_gbe_skarab_axi_entity_declarations.vhd:973]
INFO: [Synth 8-256] done synthesizing module 'ethernet_one_gbe_skarab_axi_split' (351#1) [/home/valmyrsilva07/virtex7/skarab-virtex7-toolflow/fpgs/ethernet_one_gbe_skarab_control/ethernet_one_gbe_skarab_axi/myproj/myproj.srcs/sources_1/imports/sysgen/ethernet_one_gbe_skarab_axi.vhd:10269]
INFO: [Synth 8-256] done synthesizing module 'ethernet_one_gbe_skarab_axi_munge_in_x0' (352#1) [/home/valmyrsilva07/virtex7/skarab-virtex7-toolflow/fpgs/ethernet_one_gbe_skarab_control/ethernet_one_gbe_skarab_axi/myproj/myproj.srcs/sources_1/imports/sysgen/ethernet_one_gbe_skarab_axi.vhd:10329]
INFO: [Synth 8-638] synthesizing module 'ethernet_one_gbe_skarab_axi_xlconvert__parameterized10' [/home/valmyrsilva07/virtex7/skarab-virtex7-toolflow/fpgs/ethernet_one_gbe_skarab_control/ethernet_one_gbe_skarab_axi/myproj/myproj.srcs/sources_1/imports/sysgen/ethernet_one_gbe_skarab_axi_entity_declarations.vhd:522]
	Parameter din_width bound to: 64 - type: integer 
	Parameter din_bin_pt bound to: 0 - type: integer 
	Parameter din_arith bound to: 1 - type: integer 
	Parameter dout_width bound to: 64 - type: integer 
	Parameter dout_bin_pt bound to: 0 - type: integer 
	Parameter dout_arith bound to: 1 - type: integer 
	Parameter en_width bound to: 1 - type: integer 
	Parameter en_bin_pt bound to: 0 - type: integer 
	Parameter en_arith bound to: 1 - type: integer 
	Parameter bool_conversion bound to: 0 - type: integer 
	Parameter latency bound to: 0 - type: integer 
	Parameter quantization bound to: 1 - type: integer 
	Parameter overflow bound to: 1 - type: integer 
	Parameter din_width bound to: 64 - type: integer 
	Parameter din_bin_pt bound to: 0 - type: integer 
	Parameter din_arith bound to: 1 - type: integer 
	Parameter dout_width bound to: 64 - type: integer 
	Parameter dout_bin_pt bound to: 0 - type: integer 
	Parameter dout_arith bound to: 1 - type: integer 
	Parameter quantization bound to: 1 - type: integer 
	Parameter overflow bound to: 1 - type: integer 
INFO: [Synth 8-638] synthesizing module 'convert_func_call_ethernet_one_gbe_skarab_axi_xlconvert__parameterized20' [/home/valmyrsilva07/virtex7/skarab-virtex7-toolflow/fpgs/ethernet_one_gbe_skarab_control/ethernet_one_gbe_skarab_axi/myproj/myproj.srcs/sources_1/imports/sysgen/ethernet_one_gbe_skarab_axi_entity_declarations.vhd:481]
	Parameter din_width bound to: 64 - type: integer 
	Parameter din_bin_pt bound to: 0 - type: integer 
	Parameter din_arith bound to: 1 - type: integer 
	Parameter dout_width bound to: 64 - type: integer 
	Parameter dout_bin_pt bound to: 0 - type: integer 
	Parameter dout_arith bound to: 1 - type: integer 
	Parameter quantization bound to: 1 - type: integer 
	Parameter overflow bound to: 1 - type: integer 
INFO: [Synth 8-256] done synthesizing module 'convert_func_call_ethernet_one_gbe_skarab_axi_xlconvert__parameterized20' (352#1) [/home/valmyrsilva07/virtex7/skarab-virtex7-toolflow/fpgs/ethernet_one_gbe_skarab_control/ethernet_one_gbe_skarab_axi/myproj/myproj.srcs/sources_1/imports/sysgen/ethernet_one_gbe_skarab_axi_entity_declarations.vhd:481]
INFO: [Synth 8-256] done synthesizing module 'ethernet_one_gbe_skarab_axi_xlconvert__parameterized10' (352#1) [/home/valmyrsilva07/virtex7/skarab-virtex7-toolflow/fpgs/ethernet_one_gbe_skarab_control/ethernet_one_gbe_skarab_axi/myproj/myproj.srcs/sources_1/imports/sysgen/ethernet_one_gbe_skarab_axi_entity_declarations.vhd:522]
INFO: [Synth 8-256] done synthesizing module 'ethernet_one_gbe_skarab_axi_bram_x0' (353#1) [/home/valmyrsilva07/virtex7/skarab-virtex7-toolflow/fpgs/ethernet_one_gbe_skarab_control/ethernet_one_gbe_skarab_axi/myproj/myproj.srcs/sources_1/imports/sysgen/ethernet_one_gbe_skarab_axi.vhd:10385]
INFO: [Synth 8-638] synthesizing module 'ethernet_one_gbe_skarab_axi_ctrl_x1' [/home/valmyrsilva07/virtex7/skarab-virtex7-toolflow/fpgs/ethernet_one_gbe_skarab_control/ethernet_one_gbe_skarab_axi/myproj/myproj.srcs/sources_1/imports/sysgen/ethernet_one_gbe_skarab_axi.vhd:10492]
INFO: [Synth 8-256] done synthesizing module 'ethernet_one_gbe_skarab_axi_ctrl_x1' (354#1) [/home/valmyrsilva07/virtex7/skarab-virtex7-toolflow/fpgs/ethernet_one_gbe_skarab_control/ethernet_one_gbe_skarab_axi/myproj/myproj.srcs/sources_1/imports/sysgen/ethernet_one_gbe_skarab_axi.vhd:10492]
INFO: [Synth 8-638] synthesizing module 'ethernet_one_gbe_skarab_axi_ctrl_combine_x1' [/home/valmyrsilva07/virtex7/skarab-virtex7-toolflow/fpgs/ethernet_one_gbe_skarab_control/ethernet_one_gbe_skarab_axi/myproj/myproj.srcs/sources_1/imports/sysgen/ethernet_one_gbe_skarab_axi.vhd:10542]
INFO: [Synth 8-256] done synthesizing module 'ethernet_one_gbe_skarab_axi_ctrl_combine_x1' (355#1) [/home/valmyrsilva07/virtex7/skarab-virtex7-toolflow/fpgs/ethernet_one_gbe_skarab_control/ethernet_one_gbe_skarab_axi/myproj/myproj.srcs/sources_1/imports/sysgen/ethernet_one_gbe_skarab_axi.vhd:10542]
INFO: [Synth 8-638] synthesizing module 'ethernet_one_gbe_skarab_axi_ctrl_split_x1' [/home/valmyrsilva07/virtex7/skarab-virtex7-toolflow/fpgs/ethernet_one_gbe_skarab_control/ethernet_one_gbe_skarab_axi/myproj/myproj.srcs/sources_1/imports/sysgen/ethernet_one_gbe_skarab_axi.vhd:10616]
INFO: [Synth 8-256] done synthesizing module 'ethernet_one_gbe_skarab_axi_ctrl_split_x1' (356#1) [/home/valmyrsilva07/virtex7/skarab-virtex7-toolflow/fpgs/ethernet_one_gbe_skarab_control/ethernet_one_gbe_skarab_axi/myproj/myproj.srcs/sources_1/imports/sysgen/ethernet_one_gbe_skarab_axi.vhd:10616]
INFO: [Synth 8-638] synthesizing module 'ethernet_one_gbe_skarab_axi_status_x1' [/home/valmyrsilva07/virtex7/skarab-virtex7-toolflow/fpgs/ethernet_one_gbe_skarab_control/ethernet_one_gbe_skarab_axi/myproj/myproj.srcs/sources_1/imports/sysgen/ethernet_one_gbe_skarab_axi.vhd:10704]
INFO: [Synth 8-256] done synthesizing module 'ethernet_one_gbe_skarab_axi_status_x1' (357#1) [/home/valmyrsilva07/virtex7/skarab-virtex7-toolflow/fpgs/ethernet_one_gbe_skarab_control/ethernet_one_gbe_skarab_axi/myproj/myproj.srcs/sources_1/imports/sysgen/ethernet_one_gbe_skarab_axi.vhd:10704]
INFO: [Synth 8-256] done synthesizing module 'ethernet_one_gbe_skarab_axi_ss_x0' (358#1) [/home/valmyrsilva07/virtex7/skarab-virtex7-toolflow/fpgs/ethernet_one_gbe_skarab_control/ethernet_one_gbe_skarab_axi/myproj/myproj.srcs/sources_1/imports/sysgen/ethernet_one_gbe_skarab_axi.vhd:10786]
INFO: [Synth 8-256] done synthesizing module 'ethernet_one_gbe_skarab_axi_pkt_ctrs_compare1' (359#1) [/home/valmyrsilva07/virtex7/skarab-virtex7-toolflow/fpgs/ethernet_one_gbe_skarab_control/ethernet_one_gbe_skarab_axi/myproj/myproj.srcs/sources_1/imports/sysgen/ethernet_one_gbe_skarab_axi.vhd:11018]
INFO: [Synth 8-638] synthesizing module 'ethernet_one_gbe_skarab_axi_read_gbe_or_fifo' [/home/valmyrsilva07/virtex7/skarab-virtex7-toolflow/fpgs/ethernet_one_gbe_skarab_control/ethernet_one_gbe_skarab_axi/myproj/myproj.srcs/sources_1/imports/sysgen/ethernet_one_gbe_skarab_axi.vhd:11103]
INFO: [Synth 8-256] done synthesizing module 'ethernet_one_gbe_skarab_axi_read_gbe_or_fifo' (360#1) [/home/valmyrsilva07/virtex7/skarab-virtex7-toolflow/fpgs/ethernet_one_gbe_skarab_control/ethernet_one_gbe_skarab_axi/myproj/myproj.srcs/sources_1/imports/sysgen/ethernet_one_gbe_skarab_axi.vhd:11103]
INFO: [Synth 8-638] synthesizing module 'ethernet_one_gbe_skarab_axi_rx_badframe1' [/home/valmyrsilva07/virtex7/skarab-virtex7-toolflow/fpgs/ethernet_one_gbe_skarab_control/ethernet_one_gbe_skarab_axi/myproj/myproj.srcs/sources_1/imports/sysgen/ethernet_one_gbe_skarab_axi.vhd:11152]
INFO: [Synth 8-256] done synthesizing module 'ethernet_one_gbe_skarab_axi_rx_badframe1' (361#1) [/home/valmyrsilva07/virtex7/skarab-virtex7-toolflow/fpgs/ethernet_one_gbe_skarab_control/ethernet_one_gbe_skarab_axi/myproj/myproj.srcs/sources_1/imports/sysgen/ethernet_one_gbe_skarab_axi.vhd:11152]
INFO: [Synth 8-638] synthesizing module 'ethernet_one_gbe_skarab_axi_rx_control1' [/home/valmyrsilva07/virtex7/skarab-virtex7-toolflow/fpgs/ethernet_one_gbe_skarab_control/ethernet_one_gbe_skarab_axi/myproj/myproj.srcs/sources_1/imports/sysgen/ethernet_one_gbe_skarab_axi.vhd:11224]
INFO: [Synth 8-256] done synthesizing module 'ethernet_one_gbe_skarab_axi_rx_control1' (362#1) [/home/valmyrsilva07/virtex7/skarab-virtex7-toolflow/fpgs/ethernet_one_gbe_skarab_control/ethernet_one_gbe_skarab_axi/myproj/myproj.srcs/sources_1/imports/sysgen/ethernet_one_gbe_skarab_axi.vhd:11224]
INFO: [Synth 8-638] synthesizing module 'ethernet_one_gbe_skarab_axi_rx_eof1' [/home/valmyrsilva07/virtex7/skarab-virtex7-toolflow/fpgs/ethernet_one_gbe_skarab_control/ethernet_one_gbe_skarab_axi/myproj/myproj.srcs/sources_1/imports/sysgen/ethernet_one_gbe_skarab_axi.vhd:11277]
INFO: [Synth 8-256] done synthesizing module 'ethernet_one_gbe_skarab_axi_rx_eof1' (363#1) [/home/valmyrsilva07/virtex7/skarab-virtex7-toolflow/fpgs/ethernet_one_gbe_skarab_control/ethernet_one_gbe_skarab_axi/myproj/myproj.srcs/sources_1/imports/sysgen/ethernet_one_gbe_skarab_axi.vhd:11277]
INFO: [Synth 8-638] synthesizing module 'ethernet_one_gbe_skarab_axi_rx_overrun1' [/home/valmyrsilva07/virtex7/skarab-virtex7-toolflow/fpgs/ethernet_one_gbe_skarab_control/ethernet_one_gbe_skarab_axi/myproj/myproj.srcs/sources_1/imports/sysgen/ethernet_one_gbe_skarab_axi.vhd:11350]
INFO: [Synth 8-256] done synthesizing module 'ethernet_one_gbe_skarab_axi_rx_overrun1' (364#1) [/home/valmyrsilva07/virtex7/skarab-virtex7-toolflow/fpgs/ethernet_one_gbe_skarab_control/ethernet_one_gbe_skarab_axi/myproj/myproj.srcs/sources_1/imports/sysgen/ethernet_one_gbe_skarab_axi.vhd:11350]
INFO: [Synth 8-638] synthesizing module 'ethernet_one_gbe_skarab_axi_rx_valid1' [/home/valmyrsilva07/virtex7/skarab-virtex7-toolflow/fpgs/ethernet_one_gbe_skarab_control/ethernet_one_gbe_skarab_axi/myproj/myproj.srcs/sources_1/imports/sysgen/ethernet_one_gbe_skarab_axi.vhd:11423]
INFO: [Synth 8-256] done synthesizing module 'ethernet_one_gbe_skarab_axi_rx_valid1' (365#1) [/home/valmyrsilva07/virtex7/skarab-virtex7-toolflow/fpgs/ethernet_one_gbe_skarab_control/ethernet_one_gbe_skarab_axi/myproj/myproj.srcs/sources_1/imports/sysgen/ethernet_one_gbe_skarab_axi.vhd:11423]
INFO: [Synth 8-638] synthesizing module 'ethernet_one_gbe_skarab_axi_tx_afull1' [/home/valmyrsilva07/virtex7/skarab-virtex7-toolflow/fpgs/ethernet_one_gbe_skarab_control/ethernet_one_gbe_skarab_axi/myproj/myproj.srcs/sources_1/imports/sysgen/ethernet_one_gbe_skarab_axi.vhd:11496]
INFO: [Synth 8-256] done synthesizing module 'ethernet_one_gbe_skarab_axi_tx_afull1' (366#1) [/home/valmyrsilva07/virtex7/skarab-virtex7-toolflow/fpgs/ethernet_one_gbe_skarab_control/ethernet_one_gbe_skarab_axi/myproj/myproj.srcs/sources_1/imports/sysgen/ethernet_one_gbe_skarab_axi.vhd:11496]
INFO: [Synth 8-638] synthesizing module 'ethernet_one_gbe_skarab_axi_tx_control' [/home/valmyrsilva07/virtex7/skarab-virtex7-toolflow/fpgs/ethernet_one_gbe_skarab_control/ethernet_one_gbe_skarab_axi/myproj/myproj.srcs/sources_1/imports/sysgen/ethernet_one_gbe_skarab_axi.vhd:11570]
INFO: [Synth 8-638] synthesizing module 'ethernet_one_gbe_skarab_axi_xlslice__parameterized25' [/home/valmyrsilva07/virtex7/skarab-virtex7-toolflow/fpgs/ethernet_one_gbe_skarab_control/ethernet_one_gbe_skarab_axi/myproj/myproj.srcs/sources_1/imports/sysgen/ethernet_one_gbe_skarab_axi_entity_declarations.vhd:973]
	Parameter new_msb bound to: 20 - type: integer 
	Parameter new_lsb bound to: 20 - type: integer 
	Parameter x_width bound to: 32 - type: integer 
	Parameter y_width bound to: 1 - type: integer 
INFO: [Synth 8-256] done synthesizing module 'ethernet_one_gbe_skarab_axi_xlslice__parameterized25' (366#1) [/home/valmyrsilva07/virtex7/skarab-virtex7-toolflow/fpgs/ethernet_one_gbe_skarab_control/ethernet_one_gbe_skarab_axi/myproj/myproj.srcs/sources_1/imports/sysgen/ethernet_one_gbe_skarab_axi_entity_declarations.vhd:973]
INFO: [Synth 8-638] synthesizing module 'ethernet_one_gbe_skarab_axi_xlslice__parameterized26' [/home/valmyrsilva07/virtex7/skarab-virtex7-toolflow/fpgs/ethernet_one_gbe_skarab_control/ethernet_one_gbe_skarab_axi/myproj/myproj.srcs/sources_1/imports/sysgen/ethernet_one_gbe_skarab_axi_entity_declarations.vhd:973]
	Parameter new_msb bound to: 19 - type: integer 
	Parameter new_lsb bound to: 19 - type: integer 
	Parameter x_width bound to: 32 - type: integer 
	Parameter y_width bound to: 1 - type: integer 
INFO: [Synth 8-256] done synthesizing module 'ethernet_one_gbe_skarab_axi_xlslice__parameterized26' (366#1) [/home/valmyrsilva07/virtex7/skarab-virtex7-toolflow/fpgs/ethernet_one_gbe_skarab_control/ethernet_one_gbe_skarab_axi/myproj/myproj.srcs/sources_1/imports/sysgen/ethernet_one_gbe_skarab_axi_entity_declarations.vhd:973]
INFO: [Synth 8-638] synthesizing module 'ethernet_one_gbe_skarab_axi_xlslice__parameterized27' [/home/valmyrsilva07/virtex7/skarab-virtex7-toolflow/fpgs/ethernet_one_gbe_skarab_control/ethernet_one_gbe_skarab_axi/myproj/myproj.srcs/sources_1/imports/sysgen/ethernet_one_gbe_skarab_axi_entity_declarations.vhd:973]
	Parameter new_msb bound to: 18 - type: integer 
	Parameter new_lsb bound to: 18 - type: integer 
	Parameter x_width bound to: 32 - type: integer 
	Parameter y_width bound to: 1 - type: integer 
INFO: [Synth 8-256] done synthesizing module 'ethernet_one_gbe_skarab_axi_xlslice__parameterized27' (366#1) [/home/valmyrsilva07/virtex7/skarab-virtex7-toolflow/fpgs/ethernet_one_gbe_skarab_control/ethernet_one_gbe_skarab_axi/myproj/myproj.srcs/sources_1/imports/sysgen/ethernet_one_gbe_skarab_axi_entity_declarations.vhd:973]
INFO: [Synth 8-638] synthesizing module 'ethernet_one_gbe_skarab_axi_xlslice__parameterized28' [/home/valmyrsilva07/virtex7/skarab-virtex7-toolflow/fpgs/ethernet_one_gbe_skarab_control/ethernet_one_gbe_skarab_axi/myproj/myproj.srcs/sources_1/imports/sysgen/ethernet_one_gbe_skarab_axi_entity_declarations.vhd:973]
	Parameter new_msb bound to: 16 - type: integer 
	Parameter new_lsb bound to: 1 - type: integer 
	Parameter x_width bound to: 32 - type: integer 
	Parameter y_width bound to: 16 - type: integer 
INFO: [Synth 8-256] done synthesizing module 'ethernet_one_gbe_skarab_axi_xlslice__parameterized28' (366#1) [/home/valmyrsilva07/virtex7/skarab-virtex7-toolflow/fpgs/ethernet_one_gbe_skarab_control/ethernet_one_gbe_skarab_axi/myproj/myproj.srcs/sources_1/imports/sysgen/ethernet_one_gbe_skarab_axi_entity_declarations.vhd:973]
INFO: [Synth 8-256] done synthesizing module 'ethernet_one_gbe_skarab_axi_tx_control' (367#1) [/home/valmyrsilva07/virtex7/skarab-virtex7-toolflow/fpgs/ethernet_one_gbe_skarab_control/ethernet_one_gbe_skarab_axi/myproj/myproj.srcs/sources_1/imports/sysgen/ethernet_one_gbe_skarab_axi.vhd:11570]
INFO: [Synth 8-638] synthesizing module 'ethernet_one_gbe_skarab_axi_tx_one_gbe' [/home/valmyrsilva07/virtex7/skarab-virtex7-toolflow/fpgs/ethernet_one_gbe_skarab_control/ethernet_one_gbe_skarab_axi/myproj/myproj.srcs/sources_1/imports/sysgen/ethernet_one_gbe_skarab_axi.vhd:11680]
INFO: [Synth 8-638] synthesizing module 'ethernet_one_gbe_skarab_axi_xlconvert__parameterized11' [/home/valmyrsilva07/virtex7/skarab-virtex7-toolflow/fpgs/ethernet_one_gbe_skarab_control/ethernet_one_gbe_skarab_axi/myproj/myproj.srcs/sources_1/imports/sysgen/ethernet_one_gbe_skarab_axi_entity_declarations.vhd:522]
	Parameter din_width bound to: 1 - type: integer 
	Parameter din_bin_pt bound to: 0 - type: integer 
	Parameter din_arith bound to: 1 - type: integer 
	Parameter dout_width bound to: 1 - type: integer 
	Parameter dout_bin_pt bound to: 0 - type: integer 
	Parameter dout_arith bound to: 1 - type: integer 
	Parameter en_width bound to: 1 - type: integer 
	Parameter en_bin_pt bound to: 0 - type: integer 
	Parameter en_arith bound to: 1 - type: integer 
	Parameter bool_conversion bound to: 1 - type: integer 
	Parameter latency bound to: 0 - type: integer 
	Parameter quantization bound to: 1 - type: integer 
	Parameter overflow bound to: 1 - type: integer 
INFO: [Synth 8-256] done synthesizing module 'ethernet_one_gbe_skarab_axi_xlconvert__parameterized11' (367#1) [/home/valmyrsilva07/virtex7/skarab-virtex7-toolflow/fpgs/ethernet_one_gbe_skarab_control/ethernet_one_gbe_skarab_axi/myproj/myproj.srcs/sources_1/imports/sysgen/ethernet_one_gbe_skarab_axi_entity_declarations.vhd:522]
INFO: [Synth 8-638] synthesizing module 'ethernet_one_gbe_skarab_axi_xlconvert__parameterized12' [/home/valmyrsilva07/virtex7/skarab-virtex7-toolflow/fpgs/ethernet_one_gbe_skarab_control/ethernet_one_gbe_skarab_axi/myproj/myproj.srcs/sources_1/imports/sysgen/ethernet_one_gbe_skarab_axi_entity_declarations.vhd:522]
	Parameter din_width bound to: 8 - type: integer 
	Parameter din_bin_pt bound to: 0 - type: integer 
	Parameter din_arith bound to: 1 - type: integer 
	Parameter dout_width bound to: 8 - type: integer 
	Parameter dout_bin_pt bound to: 0 - type: integer 
	Parameter dout_arith bound to: 1 - type: integer 
	Parameter en_width bound to: 1 - type: integer 
	Parameter en_bin_pt bound to: 0 - type: integer 
	Parameter en_arith bound to: 1 - type: integer 
	Parameter bool_conversion bound to: 0 - type: integer 
	Parameter latency bound to: 0 - type: integer 
	Parameter quantization bound to: 1 - type: integer 
	Parameter overflow bound to: 1 - type: integer 
	Parameter din_width bound to: 8 - type: integer 
	Parameter din_bin_pt bound to: 0 - type: integer 
	Parameter din_arith bound to: 1 - type: integer 
	Parameter dout_width bound to: 8 - type: integer 
	Parameter dout_bin_pt bound to: 0 - type: integer 
	Parameter dout_arith bound to: 1 - type: integer 
	Parameter quantization bound to: 1 - type: integer 
	Parameter overflow bound to: 1 - type: integer 
INFO: [Synth 8-638] synthesizing module 'convert_func_call_ethernet_one_gbe_skarab_axi_xlconvert__parameterized22' [/home/valmyrsilva07/virtex7/skarab-virtex7-toolflow/fpgs/ethernet_one_gbe_skarab_control/ethernet_one_gbe_skarab_axi/myproj/myproj.srcs/sources_1/imports/sysgen/ethernet_one_gbe_skarab_axi_entity_declarations.vhd:481]
	Parameter din_width bound to: 8 - type: integer 
	Parameter din_bin_pt bound to: 0 - type: integer 
	Parameter din_arith bound to: 1 - type: integer 
	Parameter dout_width bound to: 8 - type: integer 
	Parameter dout_bin_pt bound to: 0 - type: integer 
	Parameter dout_arith bound to: 1 - type: integer 
	Parameter quantization bound to: 1 - type: integer 
	Parameter overflow bound to: 1 - type: integer 
INFO: [Synth 8-256] done synthesizing module 'convert_func_call_ethernet_one_gbe_skarab_axi_xlconvert__parameterized22' (367#1) [/home/valmyrsilva07/virtex7/skarab-virtex7-toolflow/fpgs/ethernet_one_gbe_skarab_control/ethernet_one_gbe_skarab_axi/myproj/myproj.srcs/sources_1/imports/sysgen/ethernet_one_gbe_skarab_axi_entity_declarations.vhd:481]
INFO: [Synth 8-256] done synthesizing module 'ethernet_one_gbe_skarab_axi_xlconvert__parameterized12' (367#1) [/home/valmyrsilva07/virtex7/skarab-virtex7-toolflow/fpgs/ethernet_one_gbe_skarab_control/ethernet_one_gbe_skarab_axi/myproj/myproj.srcs/sources_1/imports/sysgen/ethernet_one_gbe_skarab_axi_entity_declarations.vhd:522]
INFO: [Synth 8-256] done synthesizing module 'ethernet_one_gbe_skarab_axi_tx_one_gbe' (368#1) [/home/valmyrsilva07/virtex7/skarab-virtex7-toolflow/fpgs/ethernet_one_gbe_skarab_control/ethernet_one_gbe_skarab_axi/myproj/myproj.srcs/sources_1/imports/sysgen/ethernet_one_gbe_skarab_axi.vhd:11680]
INFO: [Synth 8-638] synthesizing module 'ethernet_one_gbe_skarab_axi_tx_overflow1' [/home/valmyrsilva07/virtex7/skarab-virtex7-toolflow/fpgs/ethernet_one_gbe_skarab_control/ethernet_one_gbe_skarab_axi/myproj/myproj.srcs/sources_1/imports/sysgen/ethernet_one_gbe_skarab_axi.vhd:11916]
INFO: [Synth 8-256] done synthesizing module 'ethernet_one_gbe_skarab_axi_tx_overflow1' (369#1) [/home/valmyrsilva07/virtex7/skarab-virtex7-toolflow/fpgs/ethernet_one_gbe_skarab_control/ethernet_one_gbe_skarab_axi/myproj/myproj.srcs/sources_1/imports/sysgen/ethernet_one_gbe_skarab_axi.vhd:11916]
INFO: [Synth 8-638] synthesizing module 'ethernet_one_gbe_skarab_axi_vaild_rx_valmir1' [/home/valmyrsilva07/virtex7/skarab-virtex7-toolflow/fpgs/ethernet_one_gbe_skarab_control/ethernet_one_gbe_skarab_axi/myproj/myproj.srcs/sources_1/imports/sysgen/ethernet_one_gbe_skarab_axi.vhd:11989]
INFO: [Synth 8-638] synthesizing module 'sysgen_delay_f6f192e277' [/home/valmyrsilva07/virtex7/skarab-virtex7-toolflow/fpgs/ethernet_one_gbe_skarab_control/ethernet_one_gbe_skarab_axi/myproj/myproj.srcs/sources_1/imports/sysgen/ethernet_one_gbe_skarab_axi_entity_declarations.vhd:3198]
INFO: [Synth 8-256] done synthesizing module 'sysgen_delay_f6f192e277' (370#1) [/home/valmyrsilva07/virtex7/skarab-virtex7-toolflow/fpgs/ethernet_one_gbe_skarab_control/ethernet_one_gbe_skarab_axi/myproj/myproj.srcs/sources_1/imports/sysgen/ethernet_one_gbe_skarab_axi_entity_declarations.vhd:3198]
INFO: [Synth 8-638] synthesizing module 'ethernet_one_gbe_skarab_axi_xlconvert__parameterized13' [/home/valmyrsilva07/virtex7/skarab-virtex7-toolflow/fpgs/ethernet_one_gbe_skarab_control/ethernet_one_gbe_skarab_axi/myproj/myproj.srcs/sources_1/imports/sysgen/ethernet_one_gbe_skarab_axi_entity_declarations.vhd:522]
	Parameter din_width bound to: 1 - type: integer 
	Parameter din_bin_pt bound to: 0 - type: integer 
	Parameter din_arith bound to: 1 - type: integer 
	Parameter dout_width bound to: 32 - type: integer 
	Parameter dout_bin_pt bound to: 0 - type: integer 
	Parameter dout_arith bound to: 1 - type: integer 
	Parameter en_width bound to: 1 - type: integer 
	Parameter en_bin_pt bound to: 0 - type: integer 
	Parameter en_arith bound to: 1 - type: integer 
	Parameter bool_conversion bound to: 0 - type: integer 
	Parameter latency bound to: 1 - type: integer 
	Parameter quantization bound to: 1 - type: integer 
	Parameter overflow bound to: 1 - type: integer 
	Parameter din_width bound to: 1 - type: integer 
	Parameter din_bin_pt bound to: 0 - type: integer 
	Parameter din_arith bound to: 1 - type: integer 
	Parameter dout_width bound to: 32 - type: integer 
	Parameter dout_bin_pt bound to: 0 - type: integer 
	Parameter dout_arith bound to: 1 - type: integer 
	Parameter quantization bound to: 1 - type: integer 
	Parameter overflow bound to: 1 - type: integer 
INFO: [Synth 8-638] synthesizing module 'convert_func_call_ethernet_one_gbe_skarab_axi_xlconvert__parameterized24' [/home/valmyrsilva07/virtex7/skarab-virtex7-toolflow/fpgs/ethernet_one_gbe_skarab_control/ethernet_one_gbe_skarab_axi/myproj/myproj.srcs/sources_1/imports/sysgen/ethernet_one_gbe_skarab_axi_entity_declarations.vhd:481]
	Parameter din_width bound to: 1 - type: integer 
	Parameter din_bin_pt bound to: 0 - type: integer 
	Parameter din_arith bound to: 1 - type: integer 
	Parameter dout_width bound to: 32 - type: integer 
	Parameter dout_bin_pt bound to: 0 - type: integer 
	Parameter dout_arith bound to: 1 - type: integer 
	Parameter quantization bound to: 1 - type: integer 
	Parameter overflow bound to: 1 - type: integer 
INFO: [Synth 8-256] done synthesizing module 'convert_func_call_ethernet_one_gbe_skarab_axi_xlconvert__parameterized24' (370#1) [/home/valmyrsilva07/virtex7/skarab-virtex7-toolflow/fpgs/ethernet_one_gbe_skarab_control/ethernet_one_gbe_skarab_axi/myproj/myproj.srcs/sources_1/imports/sysgen/ethernet_one_gbe_skarab_axi_entity_declarations.vhd:481]
	Parameter width bound to: 32 - type: integer 
	Parameter latency bound to: 1 - type: integer 
INFO: [Synth 8-256] done synthesizing module 'ethernet_one_gbe_skarab_axi_xlconvert__parameterized13' (370#1) [/home/valmyrsilva07/virtex7/skarab-virtex7-toolflow/fpgs/ethernet_one_gbe_skarab_control/ethernet_one_gbe_skarab_axi/myproj/myproj.srcs/sources_1/imports/sysgen/ethernet_one_gbe_skarab_axi_entity_declarations.vhd:522]
INFO: [Synth 8-256] done synthesizing module 'ethernet_one_gbe_skarab_axi_vaild_rx_valmir1' (371#1) [/home/valmyrsilva07/virtex7/skarab-virtex7-toolflow/fpgs/ethernet_one_gbe_skarab_control/ethernet_one_gbe_skarab_axi/myproj/myproj.srcs/sources_1/imports/sysgen/ethernet_one_gbe_skarab_axi.vhd:11989]
INFO: [Synth 8-638] synthesizing module 'ethernet_one_gbe_skarab_axi_xlaxis' [/home/valmyrsilva07/virtex7/skarab-virtex7-toolflow/fpgs/ethernet_one_gbe_skarab_control/ethernet_one_gbe_skarab_axi/myproj/myproj.srcs/sources_1/imports/sysgen/ethernet_one_gbe_skarab_axi_entity_declarations.vhd:85]
	Parameter tdata_width bound to: 8 - type: integer 
	Parameter tdata_width_net bound to: 8 - type: integer 
	Parameter tdest_width bound to: 4 - type: integer 
	Parameter tid_width bound to: 8 - type: integer 
	Parameter tuser_width bound to: 4 - type: integer 
	Parameter has_aresetn bound to: 0 - type: integer 
	Parameter mem_type bound to: distributed - type: string 
	Parameter depth_bits bound to: 18 - type: integer 
	Parameter depth bound to: 131072 - type: integer 
	Parameter CLOCKING_MODE bound to: common_clock - type: string 
	Parameter FIFO_MEMORY_TYPE bound to: distributed - type: string 
	Parameter PACKET_FIFO bound to: false - type: string 
	Parameter FIFO_DEPTH bound to: 131072 - type: integer 
	Parameter TDATA_WIDTH bound to: 8 - type: integer 
	Parameter TID_WIDTH bound to: 8 - type: integer 
	Parameter TDEST_WIDTH bound to: 4 - type: integer 
	Parameter TUSER_WIDTH bound to: 4 - type: integer 
	Parameter ECC_MODE bound to: no_ecc - type: string 
	Parameter RELATED_CLOCKS bound to: 0 - type: integer 
	Parameter USE_ADV_FEATURES bound to: 1707 - type: string 
	Parameter WR_DATA_COUNT_WIDTH bound to: 18 - type: integer 
	Parameter RD_DATA_COUNT_WIDTH bound to: 1 - type: integer 
	Parameter PROG_FULL_THRESH bound to: 10 - type: integer 
	Parameter PROG_EMPTY_THRESH bound to: 10 - type: integer 
	Parameter SIM_ASSERT_CHK bound to: 0 - type: integer 
	Parameter CDC_SYNC_STAGES bound to: 2 - type: integer 
INFO: [Synth 8-6157] synthesizing module 'xpm_fifo_axis' [/tools/Xilinx/Vivado/2019.1/data/ip/xpm/xpm_fifo/hdl/xpm_fifo.sv:2219]
	Parameter CLOCKING_MODE bound to: common_clock - type: string 
	Parameter FIFO_MEMORY_TYPE bound to: distributed - type: string 
	Parameter PACKET_FIFO bound to: false - type: string 
	Parameter FIFO_DEPTH bound to: 131072 - type: integer 
	Parameter TDATA_WIDTH bound to: 8 - type: integer 
	Parameter TID_WIDTH bound to: 8 - type: integer 
	Parameter TDEST_WIDTH bound to: 4 - type: integer 
	Parameter TUSER_WIDTH bound to: 4 - type: integer 
	Parameter SIM_ASSERT_CHK bound to: 0 - type: integer 
	Parameter ECC_MODE bound to: no_ecc - type: string 
	Parameter RELATED_CLOCKS bound to: 0 - type: integer 
	Parameter USE_ADV_FEATURES bound to: 1707 - type: string 
	Parameter WR_DATA_COUNT_WIDTH bound to: 18 - type: integer 
	Parameter RD_DATA_COUNT_WIDTH bound to: 1 - type: integer 
	Parameter PROG_FULL_THRESH bound to: 10 - type: integer 
	Parameter PROG_EMPTY_THRESH bound to: 10 - type: integer 
	Parameter CDC_SYNC_STAGES bound to: 2 - type: integer 
	Parameter EN_ADV_FEATURE_AXIS bound to: 16'b0001011100000111 
	Parameter EN_ALMOST_FULL_INT bound to: 1'b0 
	Parameter EN_ALMOST_EMPTY_INT bound to: 1'b0 
	Parameter EN_DATA_VALID_INT bound to: 1'b1 
	Parameter EN_ADV_FEATURE_AXIS_INT bound to: 16'b0001011100000111 
	Parameter USE_ADV_FEATURES_INT bound to: 825700407 - type: integer 
	Parameter PKT_SIZE_LT8 bound to: 1'b0 
	Parameter LOG_DEPTH_AXIS bound to: 17 - type: integer 
	Parameter TDATA_OFFSET bound to: 8 - type: integer 
	Parameter TSTRB_OFFSET bound to: 9 - type: integer 
	Parameter TKEEP_OFFSET bound to: 10 - type: integer 
	Parameter TID_OFFSET bound to: 18 - type: integer 
	Parameter TDEST_OFFSET bound to: 22 - type: integer 
	Parameter TUSER_OFFSET bound to: 26 - type: integer 
	Parameter AXIS_DATA_WIDTH bound to: 27 - type: integer 
	Parameter P_COMMON_CLOCK bound to: 1 - type: integer 
	Parameter P_FIFO_MEMORY_TYPE bound to: 1 - type: integer 
	Parameter P_ECC_MODE bound to: 0 - type: integer 
	Parameter P_PKT_MODE bound to: 0 - type: integer 
	Parameter AXIS_FINAL_DATA_WIDTH bound to: 27 - type: integer 
	Parameter TUSER_MAX_WIDTH bound to: 4073 - type: integer 
INFO: [Synth 8-6157] synthesizing module 'xpm_cdc_sync_rst' [/tools/Xilinx/Vivado/2019.1/data/ip/xpm/xpm_cdc/hdl/xpm_cdc.sv:1059]
	Parameter DEST_SYNC_FF bound to: 4 - type: integer 
	Parameter INIT bound to: 32'sb00000000000000000000000000000000 
	Parameter INIT_SYNC_FF bound to: 1 - type: integer 
	Parameter SIM_ASSERT_CHK bound to: 0 - type: integer 
	Parameter VERSION bound to: 0 - type: integer 
	Parameter DEF_VAL bound to: 1'b0 
INFO: [Synth 8-6155] done synthesizing module 'xpm_cdc_sync_rst' (372#1) [/tools/Xilinx/Vivado/2019.1/data/ip/xpm/xpm_cdc/hdl/xpm_cdc.sv:1059]
INFO: [Synth 8-6157] synthesizing module 'xpm_fifo_base' [/tools/Xilinx/Vivado/2019.1/data/ip/xpm/xpm_fifo/hdl/xpm_fifo.sv:56]
	Parameter COMMON_CLOCK bound to: 1 - type: integer 
	Parameter RELATED_CLOCKS bound to: 0 - type: integer 
	Parameter FIFO_MEMORY_TYPE bound to: 1 - type: integer 
	Parameter ECC_MODE bound to: 0 - type: integer 
	Parameter SIM_ASSERT_CHK bound to: 0 - type: integer 
	Parameter FIFO_WRITE_DEPTH bound to: 131072 - type: integer 
	Parameter WRITE_DATA_WIDTH bound to: 27 - type: integer 
	Parameter WR_DATA_COUNT_WIDTH bound to: 18 - type: integer 
	Parameter PROG_FULL_THRESH bound to: 10 - type: integer 
	Parameter USE_ADV_FEATURES bound to: 825700407 - type: integer 
	Parameter READ_MODE bound to: 1 - type: integer 
	Parameter FIFO_READ_LATENCY bound to: 0 - type: integer 
	Parameter READ_DATA_WIDTH bound to: 27 - type: integer 
	Parameter RD_DATA_COUNT_WIDTH bound to: 1 - type: integer 
	Parameter PROG_EMPTY_THRESH bound to: 10 - type: integer 
	Parameter DOUT_RESET_VALUE bound to: (null) - type: string 
	Parameter CDC_DEST_SYNC_FF bound to: 2 - type: integer 
	Parameter FULL_RESET_VALUE bound to: 1 - type: integer 
	Parameter REMOVE_WR_RD_PROT_LOGIC bound to: 0 - type: integer 
	Parameter WAKEUP_TIME bound to: 0 - type: integer 
	Parameter VERSION bound to: 0 - type: integer 
	Parameter invalid bound to: 0 - type: integer 
	Parameter stage1_valid bound to: 2 - type: integer 
	Parameter stage2_valid bound to: 1 - type: integer 
	Parameter both_stages_valid bound to: 3 - type: integer 
	Parameter FIFO_MEM_TYPE bound to: 1 - type: integer 
	Parameter RD_MODE bound to: 1 - type: integer 
	Parameter ENABLE_ECC bound to: 0 - type: integer 
	Parameter FIFO_READ_DEPTH bound to: 131072 - type: integer 
	Parameter FIFO_SIZE bound to: 3538944 - type: integer 
	Parameter WR_WIDTH_LOG bound to: 5 - type: integer 
	Parameter WR_DEPTH_LOG bound to: 17 - type: integer 
	Parameter WR_PNTR_WIDTH bound to: 17 - type: integer 
	Parameter RD_PNTR_WIDTH bound to: 17 - type: integer 
	Parameter FULL_RST_VAL bound to: 1'b1 
	Parameter WR_RD_RATIO bound to: 0 - type: integer 
	Parameter PF_THRESH_ADJ bound to: 8 - type: integer 
	Parameter PE_THRESH_ADJ bound to: 8 - type: integer 
	Parameter PF_THRESH_MIN bound to: 5 - type: integer 
	Parameter PF_THRESH_MAX bound to: 131067 - type: integer 
	Parameter PE_THRESH_MIN bound to: 5 - type: integer 
	Parameter PE_THRESH_MAX bound to: 131067 - type: integer 
	Parameter WR_DC_WIDTH_EXT bound to: 18 - type: integer 
	Parameter RD_DC_WIDTH_EXT bound to: 18 - type: integer 
	Parameter RD_LATENCY bound to: 2 - type: integer 
	Parameter WIDTH_RATIO bound to: 1 - type: integer 
	Parameter EN_ADV_FEATURE bound to: 16'b0001011100000111 
	Parameter EN_OF bound to: 1'b1 
	Parameter EN_PF bound to: 1'b1 
	Parameter EN_WDC bound to: 1'b1 
	Parameter EN_AF bound to: 1'b0 
	Parameter EN_WACK bound to: 1'b0 
	Parameter FG_EQ_ASYM_DOUT bound to: 1'b0 
	Parameter EN_UF bound to: 1'b1 
	Parameter EN_PE bound to: 1'b1 
	Parameter EN_RDC bound to: 1'b1 
	Parameter EN_AE bound to: 1'b0 
	Parameter EN_DVLD bound to: 1'b1 
INFO: [Synth 8-6157] synthesizing module 'xpm_memory_base' [/tools/Xilinx/Vivado/2019.1/data/ip/xpm/xpm_memory/hdl/xpm_memory.sv:57]
	Parameter MEMORY_TYPE bound to: 1 - type: integer 
	Parameter MEMORY_SIZE bound to: 3538944 - type: integer 
	Parameter MEMORY_PRIMITIVE bound to: 1 - type: integer 
	Parameter CLOCKING_MODE bound to: 0 - type: integer 
	Parameter ECC_MODE bound to: 0 - type: integer 
	Parameter MEMORY_INIT_FILE bound to: none - type: string 
	Parameter MEMORY_INIT_PARAM bound to: (null) - type: string 
	Parameter USE_MEM_INIT bound to: 0 - type: integer 
	Parameter MEMORY_OPTIMIZATION bound to: true - type: string 
	Parameter WAKEUP_TIME bound to: 0 - type: integer 
	Parameter AUTO_SLEEP_TIME bound to: 0 - type: integer 
	Parameter MESSAGE_CONTROL bound to: 0 - type: integer 
	Parameter VERSION bound to: 0 - type: integer 
	Parameter USE_EMBEDDED_CONSTRAINT bound to: 0 - type: integer 
	Parameter CASCADE_HEIGHT bound to: 0 - type: integer 
	Parameter SIM_ASSERT_CHK bound to: 0 - type: integer 
	Parameter WRITE_DATA_WIDTH_A bound to: 27 - type: integer 
	Parameter READ_DATA_WIDTH_A bound to: 27 - type: integer 
	Parameter BYTE_WRITE_WIDTH_A bound to: 27 - type: integer 
	Parameter ADDR_WIDTH_A bound to: 17 - type: integer 
	Parameter READ_RESET_VALUE_A bound to: 0 - type: string 
	Parameter READ_LATENCY_A bound to: 2 - type: integer 
	Parameter WRITE_MODE_A bound to: 2 - type: integer 
	Parameter RST_MODE_A bound to: SYNC - type: string 
	Parameter WRITE_DATA_WIDTH_B bound to: 27 - type: integer 
	Parameter READ_DATA_WIDTH_B bound to: 27 - type: integer 
	Parameter BYTE_WRITE_WIDTH_B bound to: 27 - type: integer 
	Parameter ADDR_WIDTH_B bound to: 17 - type: integer 
	Parameter READ_RESET_VALUE_B bound to: (null) - type: string 
	Parameter READ_LATENCY_B bound to: 2 - type: integer 
	Parameter WRITE_MODE_B bound to: 1 - type: integer 
	Parameter RST_MODE_B bound to: SYNC - type: string 
	Parameter P_MEMORY_PRIMITIVE bound to: distributed - type: string 
	Parameter P_MIN_WIDTH_DATA_A bound to: 27 - type: integer 
	Parameter P_MIN_WIDTH_DATA_B bound to: 27 - type: integer 
	Parameter P_MIN_WIDTH_DATA bound to: 27 - type: integer 
	Parameter P_MIN_WIDTH_DATA_ECC bound to: 27 - type: integer 
	Parameter P_MAX_DEPTH_DATA bound to: 131072 - type: integer 
	Parameter P_ECC_MODE bound to: no_ecc - type: string 
	Parameter P_MEMORY_OPT bound to: yes - type: string 
	Parameter P_WIDTH_COL_WRITE_A bound to: 27 - type: integer 
	Parameter P_WIDTH_COL_WRITE_B bound to: 27 - type: integer 
	Parameter P_NUM_COLS_WRITE_A bound to: 1 - type: integer 
	Parameter P_NUM_COLS_WRITE_B bound to: 1 - type: integer 
	Parameter P_NUM_ROWS_WRITE_A bound to: 1 - type: integer 
	Parameter P_NUM_ROWS_WRITE_B bound to: 1 - type: integer 
	Parameter P_NUM_ROWS_READ_A bound to: 1 - type: integer 
	Parameter P_NUM_ROWS_READ_B bound to: 1 - type: integer 
	Parameter P_WIDTH_ADDR_WRITE_A bound to: 17 - type: integer 
	Parameter P_WIDTH_ADDR_WRITE_B bound to: 17 - type: integer 
	Parameter P_WIDTH_ADDR_READ_A bound to: 17 - type: integer 
	Parameter P_WIDTH_ADDR_READ_B bound to: 17 - type: integer 
	Parameter P_WIDTH_ADDR_LSB_WRITE_A bound to: 0 - type: integer 
	Parameter P_WIDTH_ADDR_LSB_WRITE_B bound to: 0 - type: integer 
	Parameter P_WIDTH_ADDR_LSB_READ_A bound to: 0 - type: integer 
	Parameter P_WIDTH_ADDR_LSB_READ_B bound to: 0 - type: integer 
	Parameter P_ENABLE_BYTE_WRITE_A bound to: 0 - type: integer 
	Parameter P_ENABLE_BYTE_WRITE_B bound to: 0 - type: integer 
	Parameter P_SDP_WRITE_MODE bound to: yes - type: string 
	Parameter rsta_loop_iter bound to: 28 - type: integer 
	Parameter rstb_loop_iter bound to: 28 - type: integer 
	Parameter NUM_CHAR_LOC bound to: 0 - type: integer 
	Parameter MAX_NUM_CHAR bound to: 0 - type: integer 
	Parameter P_MIN_WIDTH_DATA_SHFT bound to: 27 - type: integer 
	Parameter P_MIN_WIDTH_DATA_LDW bound to: 4 - type: integer 
WARNING: [Synth 8-6896] loop limit (65536) exceeded inside initial block, initial block items will be ignored [/tools/Xilinx/Vivado/2019.1/data/ip/xpm/xpm_memory/hdl/xpm_memory.sv:1086]
WARNING: [Synth 8-6014] Unused sequential element gen_rd_b.gen_doutb_pipe.enb_pipe_reg[0] was removed.  [/tools/Xilinx/Vivado/2019.1/data/ip/xpm/xpm_memory/hdl/xpm_memory.sv:2882]
INFO: [Synth 8-5772] Detected attribute (* ram_ecc = "no_ecc" *) on RAM gen_wr_a.gen_word_narrow.mem_reg 
INFO: [Synth 8-6155] done synthesizing module 'xpm_memory_base' (373#1) [/tools/Xilinx/Vivado/2019.1/data/ip/xpm/xpm_memory/hdl/xpm_memory.sv:57]
INFO: [Synth 8-6157] synthesizing module 'xpm_fifo_reg_bit' [/tools/Xilinx/Vivado/2019.1/data/ip/xpm/xpm_fifo/hdl/xpm_fifo.sv:1788]
	Parameter RST_VALUE bound to: 0 - type: integer 
INFO: [Synth 8-6155] done synthesizing module 'xpm_fifo_reg_bit' (374#1) [/tools/Xilinx/Vivado/2019.1/data/ip/xpm/xpm_fifo/hdl/xpm_fifo.sv:1788]
INFO: [Synth 8-226] default block is never used [/tools/Xilinx/Vivado/2019.1/data/ip/xpm/xpm_fifo/hdl/xpm_fifo.sv:1187]
INFO: [Synth 8-226] default block is never used [/tools/Xilinx/Vivado/2019.1/data/ip/xpm/xpm_fifo/hdl/xpm_fifo.sv:1233]
INFO: [Synth 8-226] default block is never used [/tools/Xilinx/Vivado/2019.1/data/ip/xpm/xpm_fifo/hdl/xpm_fifo.sv:1244]
INFO: [Synth 8-6157] synthesizing module 'xpm_counter_updn' [/tools/Xilinx/Vivado/2019.1/data/ip/xpm/xpm_fifo/hdl/xpm_fifo.sv:1740]
	Parameter COUNTER_WIDTH bound to: 2 - type: integer 
	Parameter RESET_VALUE bound to: 0 - type: integer 
INFO: [Synth 8-6155] done synthesizing module 'xpm_counter_updn' (375#1) [/tools/Xilinx/Vivado/2019.1/data/ip/xpm/xpm_fifo/hdl/xpm_fifo.sv:1740]
INFO: [Synth 8-6157] synthesizing module 'xpm_fifo_rst' [/tools/Xilinx/Vivado/2019.1/data/ip/xpm/xpm_fifo/hdl/xpm_fifo.sv:1504]
	Parameter COMMON_CLOCK bound to: 1 - type: integer 
	Parameter CDC_DEST_SYNC_FF bound to: 2 - type: integer 
	Parameter SIM_ASSERT_CHK bound to: 0 - type: integer 
INFO: [Synth 8-6155] done synthesizing module 'xpm_fifo_rst' (376#1) [/tools/Xilinx/Vivado/2019.1/data/ip/xpm/xpm_fifo/hdl/xpm_fifo.sv:1504]
INFO: [Synth 8-6157] synthesizing module 'xpm_counter_updn__parameterized0' [/tools/Xilinx/Vivado/2019.1/data/ip/xpm/xpm_fifo/hdl/xpm_fifo.sv:1740]
	Parameter COUNTER_WIDTH bound to: 18 - type: integer 
	Parameter RESET_VALUE bound to: 0 - type: integer 
INFO: [Synth 8-6155] done synthesizing module 'xpm_counter_updn__parameterized0' (376#1) [/tools/Xilinx/Vivado/2019.1/data/ip/xpm/xpm_fifo/hdl/xpm_fifo.sv:1740]
INFO: [Synth 8-6157] synthesizing module 'xpm_counter_updn__parameterized1' [/tools/Xilinx/Vivado/2019.1/data/ip/xpm/xpm_fifo/hdl/xpm_fifo.sv:1740]
	Parameter COUNTER_WIDTH bound to: 17 - type: integer 
	Parameter RESET_VALUE bound to: 1 - type: integer 
INFO: [Synth 8-6155] done synthesizing module 'xpm_counter_updn__parameterized1' (376#1) [/tools/Xilinx/Vivado/2019.1/data/ip/xpm/xpm_fifo/hdl/xpm_fifo.sv:1740]
INFO: [Synth 8-6157] synthesizing module 'xpm_counter_updn__parameterized2' [/tools/Xilinx/Vivado/2019.1/data/ip/xpm/xpm_fifo/hdl/xpm_fifo.sv:1740]
	Parameter COUNTER_WIDTH bound to: 17 - type: integer 
	Parameter RESET_VALUE bound to: 2 - type: integer 
INFO: [Synth 8-6155] done synthesizing module 'xpm_counter_updn__parameterized2' (376#1) [/tools/Xilinx/Vivado/2019.1/data/ip/xpm/xpm_fifo/hdl/xpm_fifo.sv:1740]
WARNING: [Synth 8-6014] Unused sequential element gdvld.data_valid_std_reg was removed.  [/tools/Xilinx/Vivado/2019.1/data/ip/xpm/xpm_fifo/hdl/xpm_fifo.sv:523]
INFO: [Synth 8-5772] Detected attribute (* rw_addr_collision = "yes" *) on RAM gen_wr_a.gen_word_narrow.mem_reg 
INFO: [Synth 8-4471] merging register 'gen_fwft.empty_fwft_fb_reg' into 'gen_fwft.empty_fwft_i_reg' [/tools/Xilinx/Vivado/2019.1/data/ip/xpm/xpm_fifo/hdl/xpm_fifo.sv:1292]
WARNING: [Synth 8-6014] Unused sequential element gen_fwft.empty_fwft_fb_reg was removed.  [/tools/Xilinx/Vivado/2019.1/data/ip/xpm/xpm_fifo/hdl/xpm_fifo.sv:1292]
INFO: [Synth 8-6155] done synthesizing module 'xpm_fifo_base' (377#1) [/tools/Xilinx/Vivado/2019.1/data/ip/xpm/xpm_fifo/hdl/xpm_fifo.sv:56]
INFO: [Synth 8-5772] Detected attribute (* rw_addr_collision = "yes" *) on RAM gen_wr_a.gen_word_narrow.mem_reg 
INFO: [Synth 8-6155] done synthesizing module 'xpm_fifo_axis' (378#1) [/tools/Xilinx/Vivado/2019.1/data/ip/xpm/xpm_fifo/hdl/xpm_fifo.sv:2219]
INFO: [Synth 8-5772] Detected attribute (* rw_addr_collision = "yes" *) on RAM gen_wr_a.gen_word_narrow.mem_reg 
WARNING: [Synth 8-3848] Net prog_empty_axis in module/entity ethernet_one_gbe_skarab_axi_xlaxis does not have driver. [/home/valmyrsilva07/virtex7/skarab-virtex7-toolflow/fpgs/ethernet_one_gbe_skarab_control/ethernet_one_gbe_skarab_axi/myproj/myproj.srcs/sources_1/imports/sysgen/ethernet_one_gbe_skarab_axi_entity_declarations.vhd:78]
WARNING: [Synth 8-3848] Net prog_full_axis in module/entity ethernet_one_gbe_skarab_axi_xlaxis does not have driver. [/home/valmyrsilva07/virtex7/skarab-virtex7-toolflow/fpgs/ethernet_one_gbe_skarab_control/ethernet_one_gbe_skarab_axi/myproj/myproj.srcs/sources_1/imports/sysgen/ethernet_one_gbe_skarab_axi_entity_declarations.vhd:79]
INFO: [Synth 8-256] done synthesizing module 'ethernet_one_gbe_skarab_axi_xlaxis' (379#1) [/home/valmyrsilva07/virtex7/skarab-virtex7-toolflow/fpgs/ethernet_one_gbe_skarab_control/ethernet_one_gbe_skarab_axi/myproj/myproj.srcs/sources_1/imports/sysgen/ethernet_one_gbe_skarab_axi_entity_declarations.vhd:85]
INFO: [Synth 8-638] synthesizing module 'ethernet_one_gbe_skarab_axi_xladdsub' [/home/valmyrsilva07/virtex7/skarab-virtex7-toolflow/fpgs/ethernet_one_gbe_skarab_control/ethernet_one_gbe_skarab_axi/myproj/myproj.srcs/sources_1/imports/sysgen/ethernet_one_gbe_skarab_axi_entity_declarations.vhd:3298]
	Parameter core_name0 bound to: ethernet_one_gbe_skarab_axi_c_addsub_v12_0_i0 - type: string 
	Parameter a_width bound to: 1 - type: integer 
	Parameter a_bin_pt bound to: 0 - type: integer 
	Parameter a_arith bound to: 1 - type: integer 
	Parameter c_in_width bound to: 16 - type: integer 
	Parameter c_in_bin_pt bound to: 4 - type: integer 
	Parameter c_in_arith bound to: 1 - type: integer 
	Parameter c_out_width bound to: 16 - type: integer 
	Parameter c_out_bin_pt bound to: 4 - type: integer 
	Parameter c_out_arith bound to: 1 - type: integer 
	Parameter b_width bound to: 32 - type: integer 
	Parameter b_bin_pt bound to: 0 - type: integer 
	Parameter b_arith bound to: 1 - type: integer 
	Parameter s_width bound to: 33 - type: integer 
	Parameter s_bin_pt bound to: 0 - type: integer 
	Parameter s_arith bound to: 1 - type: integer 
	Parameter rst_width bound to: 1 - type: integer 
	Parameter rst_bin_pt bound to: 0 - type: integer 
	Parameter rst_arith bound to: 1 - type: integer 
	Parameter en_width bound to: 1 - type: integer 
	Parameter en_bin_pt bound to: 0 - type: integer 
	Parameter en_arith bound to: 1 - type: integer 
	Parameter full_s_width bound to: 33 - type: integer 
	Parameter full_s_arith bound to: 1 - type: integer 
	Parameter mode bound to: 1 - type: integer 
	Parameter extra_registers bound to: 0 - type: integer 
	Parameter latency bound to: 0 - type: integer 
	Parameter quantization bound to: 1 - type: integer 
	Parameter overflow bound to: 1 - type: integer 
	Parameter c_latency bound to: 0 - type: integer 
	Parameter c_output_width bound to: 33 - type: integer 
	Parameter c_has_c_in bound to: 0 - type: integer 
	Parameter c_has_c_out bound to: 0 - type: integer 
INFO: [Synth 8-638] synthesizing module 'ethernet_one_gbe_skarab_axi_c_addsub_v12_0_i0' [/home/valmyrsilva07/virtex7/skarab-virtex7-toolflow/fpgs/ethernet_one_gbe_skarab_control/ethernet_one_gbe_skarab_axi/myproj/myproj.runs/synth_1/.Xil/Vivado-477952-valmyrsilva07-B760M-AORUS-ELITE/realtime/ethernet_one_gbe_skarab_axi_c_addsub_v12_0_i0_stub.vhdl:14]
INFO: [Synth 8-256] done synthesizing module 'ethernet_one_gbe_skarab_axi_xladdsub' (380#1) [/home/valmyrsilva07/virtex7/skarab-virtex7-toolflow/fpgs/ethernet_one_gbe_skarab_control/ethernet_one_gbe_skarab_axi/myproj/myproj.srcs/sources_1/imports/sysgen/ethernet_one_gbe_skarab_axi_entity_declarations.vhd:3298]
INFO: [Synth 8-638] synthesizing module 'sysgen_concat_e7087c06c2' [/home/valmyrsilva07/virtex7/skarab-virtex7-toolflow/fpgs/ethernet_one_gbe_skarab_control/ethernet_one_gbe_skarab_axi/myproj/myproj.srcs/sources_1/imports/sysgen/ethernet_one_gbe_skarab_axi_entity_declarations.vhd:201]
INFO: [Synth 8-256] done synthesizing module 'sysgen_concat_e7087c06c2' (381#1) [/home/valmyrsilva07/virtex7/skarab-virtex7-toolflow/fpgs/ethernet_one_gbe_skarab_control/ethernet_one_gbe_skarab_axi/myproj/myproj.srcs/sources_1/imports/sysgen/ethernet_one_gbe_skarab_axi_entity_declarations.vhd:201]
INFO: [Synth 8-638] synthesizing module 'sysgen_constant_6dd5e7f3b9' [/home/valmyrsilva07/virtex7/skarab-virtex7-toolflow/fpgs/ethernet_one_gbe_skarab_control/ethernet_one_gbe_skarab_axi/myproj/myproj.srcs/sources_1/imports/sysgen/ethernet_one_gbe_skarab_axi_entity_declarations.vhd:257]
INFO: [Synth 8-256] done synthesizing module 'sysgen_constant_6dd5e7f3b9' (382#1) [/home/valmyrsilva07/virtex7/skarab-virtex7-toolflow/fpgs/ethernet_one_gbe_skarab_control/ethernet_one_gbe_skarab_axi/myproj/myproj.srcs/sources_1/imports/sysgen/ethernet_one_gbe_skarab_axi_entity_declarations.vhd:257]
INFO: [Synth 8-638] synthesizing module 'sysgen_constant_fdaf031e14' [/home/valmyrsilva07/virtex7/skarab-virtex7-toolflow/fpgs/ethernet_one_gbe_skarab_control/ethernet_one_gbe_skarab_axi/myproj/myproj.srcs/sources_1/imports/sysgen/ethernet_one_gbe_skarab_axi_entity_declarations.vhd:276]
INFO: [Synth 8-256] done synthesizing module 'sysgen_constant_fdaf031e14' (383#1) [/home/valmyrsilva07/virtex7/skarab-virtex7-toolflow/fpgs/ethernet_one_gbe_skarab_control/ethernet_one_gbe_skarab_axi/myproj/myproj.srcs/sources_1/imports/sysgen/ethernet_one_gbe_skarab_axi_entity_declarations.vhd:276]
INFO: [Synth 8-638] synthesizing module 'sysgen_constant_c3eb288c9e' [/home/valmyrsilva07/virtex7/skarab-virtex7-toolflow/fpgs/ethernet_one_gbe_skarab_control/ethernet_one_gbe_skarab_axi/myproj/myproj.srcs/sources_1/imports/sysgen/ethernet_one_gbe_skarab_axi_entity_declarations.vhd:295]
INFO: [Synth 8-256] done synthesizing module 'sysgen_constant_c3eb288c9e' (384#1) [/home/valmyrsilva07/virtex7/skarab-virtex7-toolflow/fpgs/ethernet_one_gbe_skarab_control/ethernet_one_gbe_skarab_axi/myproj/myproj.srcs/sources_1/imports/sysgen/ethernet_one_gbe_skarab_axi_entity_declarations.vhd:295]
INFO: [Synth 8-638] synthesizing module 'sysgen_constant_6596088f9d' [/home/valmyrsilva07/virtex7/skarab-virtex7-toolflow/fpgs/ethernet_one_gbe_skarab_control/ethernet_one_gbe_skarab_axi/myproj/myproj.srcs/sources_1/imports/sysgen/ethernet_one_gbe_skarab_axi_entity_declarations.vhd:314]
INFO: [Synth 8-256] done synthesizing module 'sysgen_constant_6596088f9d' (385#1) [/home/valmyrsilva07/virtex7/skarab-virtex7-toolflow/fpgs/ethernet_one_gbe_skarab_control/ethernet_one_gbe_skarab_axi/myproj/myproj.srcs/sources_1/imports/sysgen/ethernet_one_gbe_skarab_axi_entity_declarations.vhd:314]
INFO: [Synth 8-638] synthesizing module 'sysgen_constant_92fd7ff08e' [/home/valmyrsilva07/virtex7/skarab-virtex7-toolflow/fpgs/ethernet_one_gbe_skarab_control/ethernet_one_gbe_skarab_axi/myproj/myproj.srcs/sources_1/imports/sysgen/ethernet_one_gbe_skarab_axi_entity_declarations.vhd:333]
INFO: [Synth 8-256] done synthesizing module 'sysgen_constant_92fd7ff08e' (386#1) [/home/valmyrsilva07/virtex7/skarab-virtex7-toolflow/fpgs/ethernet_one_gbe_skarab_control/ethernet_one_gbe_skarab_axi/myproj/myproj.srcs/sources_1/imports/sysgen/ethernet_one_gbe_skarab_axi_entity_declarations.vhd:333]
INFO: [Synth 8-638] synthesizing module 'sysgen_constant_775f687140' [/home/valmyrsilva07/virtex7/skarab-virtex7-toolflow/fpgs/ethernet_one_gbe_skarab_control/ethernet_one_gbe_skarab_axi/myproj/myproj.srcs/sources_1/imports/sysgen/ethernet_one_gbe_skarab_axi_entity_declarations.vhd:390]
INFO: [Synth 8-256] done synthesizing module 'sysgen_constant_775f687140' (387#1) [/home/valmyrsilva07/virtex7/skarab-virtex7-toolflow/fpgs/ethernet_one_gbe_skarab_control/ethernet_one_gbe_skarab_axi/myproj/myproj.srcs/sources_1/imports/sysgen/ethernet_one_gbe_skarab_axi_entity_declarations.vhd:390]
INFO: [Synth 8-638] synthesizing module 'sysgen_constant_f663dc5135' [/home/valmyrsilva07/virtex7/skarab-virtex7-toolflow/fpgs/ethernet_one_gbe_skarab_control/ethernet_one_gbe_skarab_axi/myproj/myproj.srcs/sources_1/imports/sysgen/ethernet_one_gbe_skarab_axi_entity_declarations.vhd:409]
INFO: [Synth 8-256] done synthesizing module 'sysgen_constant_f663dc5135' (388#1) [/home/valmyrsilva07/virtex7/skarab-virtex7-toolflow/fpgs/ethernet_one_gbe_skarab_control/ethernet_one_gbe_skarab_axi/myproj/myproj.srcs/sources_1/imports/sysgen/ethernet_one_gbe_skarab_axi_entity_declarations.vhd:409]
INFO: [Synth 8-638] synthesizing module 'sysgen_constant_74d2da54e9' [/home/valmyrsilva07/virtex7/skarab-virtex7-toolflow/fpgs/ethernet_one_gbe_skarab_control/ethernet_one_gbe_skarab_axi/myproj/myproj.srcs/sources_1/imports/sysgen/ethernet_one_gbe_skarab_axi_entity_declarations.vhd:428]
INFO: [Synth 8-256] done synthesizing module 'sysgen_constant_74d2da54e9' (389#1) [/home/valmyrsilva07/virtex7/skarab-virtex7-toolflow/fpgs/ethernet_one_gbe_skarab_control/ethernet_one_gbe_skarab_axi/myproj/myproj.srcs/sources_1/imports/sysgen/ethernet_one_gbe_skarab_axi_entity_declarations.vhd:428]
INFO: [Synth 8-638] synthesizing module 'ethernet_one_gbe_skarab_axi_xlconvert__parameterized14' [/home/valmyrsilva07/virtex7/skarab-virtex7-toolflow/fpgs/ethernet_one_gbe_skarab_control/ethernet_one_gbe_skarab_axi/myproj/myproj.srcs/sources_1/imports/sysgen/ethernet_one_gbe_skarab_axi_entity_declarations.vhd:522]
	Parameter din_width bound to: 8 - type: integer 
	Parameter din_bin_pt bound to: 0 - type: integer 
	Parameter din_arith bound to: 1 - type: integer 
	Parameter dout_width bound to: 32 - type: integer 
	Parameter dout_bin_pt bound to: 0 - type: integer 
	Parameter dout_arith bound to: 1 - type: integer 
	Parameter en_width bound to: 1 - type: integer 
	Parameter en_bin_pt bound to: 0 - type: integer 
	Parameter en_arith bound to: 1 - type: integer 
	Parameter bool_conversion bound to: 0 - type: integer 
	Parameter latency bound to: 0 - type: integer 
	Parameter quantization bound to: 1 - type: integer 
	Parameter overflow bound to: 1 - type: integer 
	Parameter din_width bound to: 8 - type: integer 
	Parameter din_bin_pt bound to: 0 - type: integer 
	Parameter din_arith bound to: 1 - type: integer 
	Parameter dout_width bound to: 32 - type: integer 
	Parameter dout_bin_pt bound to: 0 - type: integer 
	Parameter dout_arith bound to: 1 - type: integer 
	Parameter quantization bound to: 1 - type: integer 
	Parameter overflow bound to: 1 - type: integer 
INFO: [Synth 8-256] done synthesizing module 'ethernet_one_gbe_skarab_axi_xlconvert__parameterized14' (389#1) [/home/valmyrsilva07/virtex7/skarab-virtex7-toolflow/fpgs/ethernet_one_gbe_skarab_control/ethernet_one_gbe_skarab_axi/myproj/myproj.srcs/sources_1/imports/sysgen/ethernet_one_gbe_skarab_axi_entity_declarations.vhd:522]
INFO: [Synth 8-638] synthesizing module 'ethernet_one_gbe_skarab_axi_xldelay__parameterized3' [/home/valmyrsilva07/virtex7/skarab-virtex7-toolflow/fpgs/ethernet_one_gbe_skarab_control/ethernet_one_gbe_skarab_axi/myproj/myproj.srcs/sources_1/imports/sysgen/ethernet_one_gbe_skarab_axi_entity_declarations.vhd:634]
	Parameter width bound to: 32 - type: integer 
	Parameter latency bound to: 1 - type: integer 
	Parameter reg_retiming bound to: 0 - type: integer 
	Parameter reset bound to: 0 - type: integer 
	Parameter width bound to: 32 - type: integer 
	Parameter latency bound to: 1 - type: integer 
INFO: [Synth 8-256] done synthesizing module 'ethernet_one_gbe_skarab_axi_xldelay__parameterized3' (389#1) [/home/valmyrsilva07/virtex7/skarab-virtex7-toolflow/fpgs/ethernet_one_gbe_skarab_control/ethernet_one_gbe_skarab_axi/myproj/myproj.srcs/sources_1/imports/sysgen/ethernet_one_gbe_skarab_axi_entity_declarations.vhd:634]
INFO: [Synth 8-638] synthesizing module 'ethernet_one_gbe_skarab_axi_xldelay__parameterized4' [/home/valmyrsilva07/virtex7/skarab-virtex7-toolflow/fpgs/ethernet_one_gbe_skarab_control/ethernet_one_gbe_skarab_axi/myproj/myproj.srcs/sources_1/imports/sysgen/ethernet_one_gbe_skarab_axi_entity_declarations.vhd:634]
	Parameter width bound to: 32 - type: integer 
	Parameter latency bound to: 3 - type: integer 
	Parameter reg_retiming bound to: 0 - type: integer 
	Parameter reset bound to: 0 - type: integer 
	Parameter width bound to: 32 - type: integer 
	Parameter latency bound to: 3 - type: integer 
INFO: [Synth 8-638] synthesizing module 'synth_reg__parameterized10' [/home/valmyrsilva07/virtex7/skarab-virtex7-toolflow/fpgs/ethernet_one_gbe_skarab_control/ethernet_one_gbe_skarab_axi/myproj/myproj.srcs/sources_1/imports/sysgen/synth_reg.vhd:30]
	Parameter width bound to: 32 - type: integer 
	Parameter latency bound to: 3 - type: integer 
	Parameter width bound to: 32 - type: integer 
	Parameter latency bound to: 3 - type: integer 
INFO: [Synth 8-638] synthesizing module 'srlc33e__parameterized9' [/home/valmyrsilva07/virtex7/skarab-virtex7-toolflow/fpgs/ethernet_one_gbe_skarab_control/ethernet_one_gbe_skarab_axi/myproj/myproj.srcs/sources_1/imports/sysgen/srl33e.vhd:31]
	Parameter width bound to: 32 - type: integer 
	Parameter latency bound to: 3 - type: integer 
INFO: [Synth 8-256] done synthesizing module 'srlc33e__parameterized9' (389#1) [/home/valmyrsilva07/virtex7/skarab-virtex7-toolflow/fpgs/ethernet_one_gbe_skarab_control/ethernet_one_gbe_skarab_axi/myproj/myproj.srcs/sources_1/imports/sysgen/srl33e.vhd:31]
INFO: [Synth 8-256] done synthesizing module 'synth_reg__parameterized10' (389#1) [/home/valmyrsilva07/virtex7/skarab-virtex7-toolflow/fpgs/ethernet_one_gbe_skarab_control/ethernet_one_gbe_skarab_axi/myproj/myproj.srcs/sources_1/imports/sysgen/synth_reg.vhd:30]
INFO: [Synth 8-256] done synthesizing module 'ethernet_one_gbe_skarab_axi_xldelay__parameterized4' (389#1) [/home/valmyrsilva07/virtex7/skarab-virtex7-toolflow/fpgs/ethernet_one_gbe_skarab_control/ethernet_one_gbe_skarab_axi/myproj/myproj.srcs/sources_1/imports/sysgen/ethernet_one_gbe_skarab_axi_entity_declarations.vhd:634]
INFO: [Synth 8-638] synthesizing module 'ethernet_one_gbe_skarab_axi_xldelay__parameterized5' [/home/valmyrsilva07/virtex7/skarab-virtex7-toolflow/fpgs/ethernet_one_gbe_skarab_control/ethernet_one_gbe_skarab_axi/myproj/myproj.srcs/sources_1/imports/sysgen/ethernet_one_gbe_skarab_axi_entity_declarations.vhd:634]
	Parameter width bound to: 1 - type: integer 
	Parameter latency bound to: 3 - type: integer 
	Parameter reg_retiming bound to: 0 - type: integer 
	Parameter reset bound to: 0 - type: integer 
	Parameter width bound to: 1 - type: integer 
	Parameter latency bound to: 3 - type: integer 
INFO: [Synth 8-638] synthesizing module 'synth_reg__parameterized12' [/home/valmyrsilva07/virtex7/skarab-virtex7-toolflow/fpgs/ethernet_one_gbe_skarab_control/ethernet_one_gbe_skarab_axi/myproj/myproj.srcs/sources_1/imports/sysgen/synth_reg.vhd:30]
	Parameter width bound to: 1 - type: integer 
	Parameter latency bound to: 3 - type: integer 
	Parameter width bound to: 1 - type: integer 
	Parameter latency bound to: 3 - type: integer 
INFO: [Synth 8-638] synthesizing module 'srlc33e__parameterized11' [/home/valmyrsilva07/virtex7/skarab-virtex7-toolflow/fpgs/ethernet_one_gbe_skarab_control/ethernet_one_gbe_skarab_axi/myproj/myproj.srcs/sources_1/imports/sysgen/srl33e.vhd:31]
	Parameter width bound to: 1 - type: integer 
	Parameter latency bound to: 3 - type: integer 
INFO: [Synth 8-256] done synthesizing module 'srlc33e__parameterized11' (389#1) [/home/valmyrsilva07/virtex7/skarab-virtex7-toolflow/fpgs/ethernet_one_gbe_skarab_control/ethernet_one_gbe_skarab_axi/myproj/myproj.srcs/sources_1/imports/sysgen/srl33e.vhd:31]
INFO: [Synth 8-256] done synthesizing module 'synth_reg__parameterized12' (389#1) [/home/valmyrsilva07/virtex7/skarab-virtex7-toolflow/fpgs/ethernet_one_gbe_skarab_control/ethernet_one_gbe_skarab_axi/myproj/myproj.srcs/sources_1/imports/sysgen/synth_reg.vhd:30]
INFO: [Synth 8-256] done synthesizing module 'ethernet_one_gbe_skarab_axi_xldelay__parameterized5' (389#1) [/home/valmyrsilva07/virtex7/skarab-virtex7-toolflow/fpgs/ethernet_one_gbe_skarab_control/ethernet_one_gbe_skarab_axi/myproj/myproj.srcs/sources_1/imports/sysgen/ethernet_one_gbe_skarab_axi_entity_declarations.vhd:634]
INFO: [Synth 8-638] synthesizing module 'ethernet_one_gbe_skarab_axi_xldelay__parameterized6' [/home/valmyrsilva07/virtex7/skarab-virtex7-toolflow/fpgs/ethernet_one_gbe_skarab_control/ethernet_one_gbe_skarab_axi/myproj/myproj.srcs/sources_1/imports/sysgen/ethernet_one_gbe_skarab_axi_entity_declarations.vhd:634]
	Parameter width bound to: 8 - type: integer 
	Parameter latency bound to: 1 - type: integer 
	Parameter reg_retiming bound to: 0 - type: integer 
	Parameter reset bound to: 0 - type: integer 
	Parameter width bound to: 8 - type: integer 
	Parameter latency bound to: 1 - type: integer 
INFO: [Synth 8-638] synthesizing module 'synth_reg__parameterized14' [/home/valmyrsilva07/virtex7/skarab-virtex7-toolflow/fpgs/ethernet_one_gbe_skarab_control/ethernet_one_gbe_skarab_axi/myproj/myproj.srcs/sources_1/imports/sysgen/synth_reg.vhd:30]
	Parameter width bound to: 8 - type: integer 
	Parameter latency bound to: 1 - type: integer 
	Parameter width bound to: 8 - type: integer 
	Parameter latency bound to: 1 - type: integer 
INFO: [Synth 8-638] synthesizing module 'srlc33e__parameterized13' [/home/valmyrsilva07/virtex7/skarab-virtex7-toolflow/fpgs/ethernet_one_gbe_skarab_control/ethernet_one_gbe_skarab_axi/myproj/myproj.srcs/sources_1/imports/sysgen/srl33e.vhd:31]
	Parameter width bound to: 8 - type: integer 
	Parameter latency bound to: 1 - type: integer 
INFO: [Synth 8-256] done synthesizing module 'srlc33e__parameterized13' (389#1) [/home/valmyrsilva07/virtex7/skarab-virtex7-toolflow/fpgs/ethernet_one_gbe_skarab_control/ethernet_one_gbe_skarab_axi/myproj/myproj.srcs/sources_1/imports/sysgen/srl33e.vhd:31]
INFO: [Synth 8-256] done synthesizing module 'synth_reg__parameterized14' (389#1) [/home/valmyrsilva07/virtex7/skarab-virtex7-toolflow/fpgs/ethernet_one_gbe_skarab_control/ethernet_one_gbe_skarab_axi/myproj/myproj.srcs/sources_1/imports/sysgen/synth_reg.vhd:30]
INFO: [Synth 8-256] done synthesizing module 'ethernet_one_gbe_skarab_axi_xldelay__parameterized6' (389#1) [/home/valmyrsilva07/virtex7/skarab-virtex7-toolflow/fpgs/ethernet_one_gbe_skarab_control/ethernet_one_gbe_skarab_axi/myproj/myproj.srcs/sources_1/imports/sysgen/ethernet_one_gbe_skarab_axi_entity_declarations.vhd:634]
INFO: [Synth 8-638] synthesizing module 'sysgen_relational_b8ff59243e' [/home/valmyrsilva07/virtex7/skarab-virtex7-toolflow/fpgs/ethernet_one_gbe_skarab_control/ethernet_one_gbe_skarab_axi/myproj/myproj.srcs/sources_1/imports/sysgen/ethernet_one_gbe_skarab_axi_entity_declarations.vhd:849]
INFO: [Synth 8-256] done synthesizing module 'sysgen_relational_b8ff59243e' (390#1) [/home/valmyrsilva07/virtex7/skarab-virtex7-toolflow/fpgs/ethernet_one_gbe_skarab_control/ethernet_one_gbe_skarab_axi/myproj/myproj.srcs/sources_1/imports/sysgen/ethernet_one_gbe_skarab_axi_entity_declarations.vhd:849]
INFO: [Synth 8-638] synthesizing module 'sysgen_relational_0d49f4e0b2' [/home/valmyrsilva07/virtex7/skarab-virtex7-toolflow/fpgs/ethernet_one_gbe_skarab_control/ethernet_one_gbe_skarab_axi/myproj/myproj.srcs/sources_1/imports/sysgen/ethernet_one_gbe_skarab_axi_entity_declarations.vhd:876]
INFO: [Synth 8-256] done synthesizing module 'sysgen_relational_0d49f4e0b2' (391#1) [/home/valmyrsilva07/virtex7/skarab-virtex7-toolflow/fpgs/ethernet_one_gbe_skarab_control/ethernet_one_gbe_skarab_axi/myproj/myproj.srcs/sources_1/imports/sysgen/ethernet_one_gbe_skarab_axi_entity_declarations.vhd:876]
INFO: [Synth 8-638] synthesizing module 'sysgen_relational_4a2ea1f4e2' [/home/valmyrsilva07/virtex7/skarab-virtex7-toolflow/fpgs/ethernet_one_gbe_skarab_control/ethernet_one_gbe_skarab_axi/myproj/myproj.srcs/sources_1/imports/sysgen/ethernet_one_gbe_skarab_axi_entity_declarations.vhd:903]
INFO: [Synth 8-256] done synthesizing module 'sysgen_relational_4a2ea1f4e2' (392#1) [/home/valmyrsilva07/virtex7/skarab-virtex7-toolflow/fpgs/ethernet_one_gbe_skarab_control/ethernet_one_gbe_skarab_axi/myproj/myproj.srcs/sources_1/imports/sysgen/ethernet_one_gbe_skarab_axi_entity_declarations.vhd:903]
INFO: [Synth 8-638] synthesizing module 'sysgen_relational_ff1b1caad0' [/home/valmyrsilva07/virtex7/skarab-virtex7-toolflow/fpgs/ethernet_one_gbe_skarab_control/ethernet_one_gbe_skarab_axi/myproj/myproj.srcs/sources_1/imports/sysgen/ethernet_one_gbe_skarab_axi_entity_declarations.vhd:930]
INFO: [Synth 8-256] done synthesizing module 'sysgen_relational_ff1b1caad0' (393#1) [/home/valmyrsilva07/virtex7/skarab-virtex7-toolflow/fpgs/ethernet_one_gbe_skarab_control/ethernet_one_gbe_skarab_axi/myproj/myproj.srcs/sources_1/imports/sysgen/ethernet_one_gbe_skarab_axi_entity_declarations.vhd:930]
INFO: [Synth 8-638] synthesizing module 'ethernet_one_gbe_skarab_axi_xlslice__parameterized29' [/home/valmyrsilva07/virtex7/skarab-virtex7-toolflow/fpgs/ethernet_one_gbe_skarab_control/ethernet_one_gbe_skarab_axi/myproj/myproj.srcs/sources_1/imports/sysgen/ethernet_one_gbe_skarab_axi_entity_declarations.vhd:973]
	Parameter new_msb bound to: 0 - type: integer 
	Parameter new_lsb bound to: 0 - type: integer 
	Parameter x_width bound to: 1 - type: integer 
	Parameter y_width bound to: 1 - type: integer 
INFO: [Synth 8-256] done synthesizing module 'ethernet_one_gbe_skarab_axi_xlslice__parameterized29' (393#1) [/home/valmyrsilva07/virtex7/skarab-virtex7-toolflow/fpgs/ethernet_one_gbe_skarab_control/ethernet_one_gbe_skarab_axi/myproj/myproj.srcs/sources_1/imports/sysgen/ethernet_one_gbe_skarab_axi_entity_declarations.vhd:973]
INFO: [Synth 8-638] synthesizing module 'ethernet_one_gbe_skarab_axi_xlslice__parameterized30' [/home/valmyrsilva07/virtex7/skarab-virtex7-toolflow/fpgs/ethernet_one_gbe_skarab_control/ethernet_one_gbe_skarab_axi/myproj/myproj.srcs/sources_1/imports/sysgen/ethernet_one_gbe_skarab_axi_entity_declarations.vhd:973]
	Parameter new_msb bound to: 7 - type: integer 
	Parameter new_lsb bound to: 0 - type: integer 
	Parameter x_width bound to: 32 - type: integer 
	Parameter y_width bound to: 8 - type: integer 
INFO: [Synth 8-256] done synthesizing module 'ethernet_one_gbe_skarab_axi_xlslice__parameterized30' (393#1) [/home/valmyrsilva07/virtex7/skarab-virtex7-toolflow/fpgs/ethernet_one_gbe_skarab_control/ethernet_one_gbe_skarab_axi/myproj/myproj.srcs/sources_1/imports/sysgen/ethernet_one_gbe_skarab_axi_entity_declarations.vhd:973]
INFO: [Synth 8-638] synthesizing module 'ethernet_one_gbe_skarab_axi_xlslice__parameterized31' [/home/valmyrsilva07/virtex7/skarab-virtex7-toolflow/fpgs/ethernet_one_gbe_skarab_control/ethernet_one_gbe_skarab_axi/myproj/myproj.srcs/sources_1/imports/sysgen/ethernet_one_gbe_skarab_axi_entity_declarations.vhd:973]
	Parameter new_msb bound to: 47 - type: integer 
	Parameter new_lsb bound to: 0 - type: integer 
	Parameter x_width bound to: 64 - type: integer 
	Parameter y_width bound to: 48 - type: integer 
INFO: [Synth 8-256] done synthesizing module 'ethernet_one_gbe_skarab_axi_xlslice__parameterized31' (393#1) [/home/valmyrsilva07/virtex7/skarab-virtex7-toolflow/fpgs/ethernet_one_gbe_skarab_control/ethernet_one_gbe_skarab_axi/myproj/myproj.srcs/sources_1/imports/sysgen/ethernet_one_gbe_skarab_axi_entity_declarations.vhd:973]
INFO: [Synth 8-638] synthesizing module 'ethernet_one_gbe_skarab_axi_xlslice__parameterized32' [/home/valmyrsilva07/virtex7/skarab-virtex7-toolflow/fpgs/ethernet_one_gbe_skarab_control/ethernet_one_gbe_skarab_axi/myproj/myproj.srcs/sources_1/imports/sysgen/ethernet_one_gbe_skarab_axi_entity_declarations.vhd:973]
	Parameter new_msb bound to: 31 - type: integer 
	Parameter new_lsb bound to: 0 - type: integer 
	Parameter x_width bound to: 33 - type: integer 
	Parameter y_width bound to: 32 - type: integer 
INFO: [Synth 8-256] done synthesizing module 'ethernet_one_gbe_skarab_axi_xlslice__parameterized32' (393#1) [/home/valmyrsilva07/virtex7/skarab-virtex7-toolflow/fpgs/ethernet_one_gbe_skarab_control/ethernet_one_gbe_skarab_axi/myproj/myproj.srcs/sources_1/imports/sysgen/ethernet_one_gbe_skarab_axi_entity_declarations.vhd:973]
INFO: [Synth 8-638] synthesizing module 'ethernet_one_gbe_skarab_axi_xlslice__parameterized33' [/home/valmyrsilva07/virtex7/skarab-virtex7-toolflow/fpgs/ethernet_one_gbe_skarab_control/ethernet_one_gbe_skarab_axi/myproj/myproj.srcs/sources_1/imports/sysgen/ethernet_one_gbe_skarab_axi_entity_declarations.vhd:973]
	Parameter new_msb bound to: 9 - type: integer 
	Parameter new_lsb bound to: 0 - type: integer 
	Parameter x_width bound to: 32 - type: integer 
	Parameter y_width bound to: 10 - type: integer 
INFO: [Synth 8-256] done synthesizing module 'ethernet_one_gbe_skarab_axi_xlslice__parameterized33' (393#1) [/home/valmyrsilva07/virtex7/skarab-virtex7-toolflow/fpgs/ethernet_one_gbe_skarab_control/ethernet_one_gbe_skarab_axi/myproj/myproj.srcs/sources_1/imports/sysgen/ethernet_one_gbe_skarab_axi_entity_declarations.vhd:973]
INFO: [Synth 8-638] synthesizing module 'control_axi_stream_gbe_wrapper' [/home/valmyrsilva07/virtex7/skarab-virtex7-toolflow/fpgs/ethernet_one_gbe_skarab_control/ethernet_one_gbe_skarab_axi/myproj/myproj.srcs/sources_1/imports/sysgen/ethernet_one_gbe_skarab_axi_entity_declarations.vhd:1011]
INFO: [Synth 8-6157] synthesizing module 'control_axi_stream_gbe' [/home/valmyrsilva07/virtex7/skarab-virtex7-toolflow/fpgs/ethernet_one_gbe_skarab_control/ethernet_one_gbe_skarab_axi/myproj/myproj.srcs/sources_1/imports/sysgen/control_axi_stream_gbe.v:147]
	Parameter CMD_SIZE bound to: 4'b1000 
	Parameter IDLE bound to: 2'b00 
	Parameter RX_DATA bound to: 2'b01 
	Parameter TX_DATA bound to: 2'b10 
	Parameter M_IDLE bound to: 2'b00 
	Parameter M_SEND bound to: 2'b01 
	Parameter S_IDLE bound to: 1'b1 
	Parameter S_REC bound to: 1'b0 
	Parameter INPUT_WIDTH bound to: 8 - type: integer 
	Parameter OUTPUT_WIDTH bound to: 8 - type: integer 
	Parameter NUM_ELEMENTS bound to: 8 - type: integer 
	Parameter COMMON bound to: 64 - type: integer 
INFO: [Synth 8-226] default block is never used [/home/valmyrsilva07/virtex7/skarab-virtex7-toolflow/fpgs/ethernet_one_gbe_skarab_control/ethernet_one_gbe_skarab_axi/myproj/myproj.srcs/sources_1/imports/sysgen/control_axi_stream_gbe.v:309]
INFO: [Synth 8-6157] synthesizing module 'cmd_sync_detector' [/home/valmyrsilva07/virtex7/skarab-virtex7-toolflow/fpgs/ethernet_one_gbe_skarab_control/ethernet_one_gbe_skarab_axi/myproj/myproj.srcs/sources_1/imports/sysgen/cmd_sync_detector.v:60]
	Parameter IDLE bound to: 4'b0001 
	Parameter CMD_S0 bound to: 4'b0010 
	Parameter CMD_S1 bound to: 4'b0100 
	Parameter CMD_EVENT bound to: 4'b1000 
INFO: [Synth 8-6155] done synthesizing module 'cmd_sync_detector' (394#1) [/home/valmyrsilva07/virtex7/skarab-virtex7-toolflow/fpgs/ethernet_one_gbe_skarab_control/ethernet_one_gbe_skarab_axi/myproj/myproj.srcs/sources_1/imports/sysgen/cmd_sync_detector.v:60]
INFO: [Synth 8-226] default block is never used [/home/valmyrsilva07/virtex7/skarab-virtex7-toolflow/fpgs/ethernet_one_gbe_skarab_control/ethernet_one_gbe_skarab_axi/myproj/myproj.srcs/sources_1/imports/sysgen/control_axi_stream_gbe.v:566]
INFO: [Synth 8-6157] synthesizing module 'serializer' [/home/valmyrsilva07/virtex7/skarab-virtex7-toolflow/fpgs/ethernet_one_gbe_skarab_control/ethernet_one_gbe_skarab_axi/myproj/myproj.srcs/sources_1/imports/sysgen/serializer.v:62]
	Parameter OUTPUT_WIDTH bound to: 8 - type: integer 
	Parameter NUM_ELEMENTS bound to: 8 - type: integer 
	Parameter INPUT_WIDTH bound to: 64 - type: integer 
	Parameter CNT_WIDTH bound to: 3 - type: integer 
INFO: [Synth 8-6155] done synthesizing module 'serializer' (395#1) [/home/valmyrsilva07/virtex7/skarab-virtex7-toolflow/fpgs/ethernet_one_gbe_skarab_control/ethernet_one_gbe_skarab_axi/myproj/myproj.srcs/sources_1/imports/sysgen/serializer.v:62]
INFO: [Synth 8-6157] synthesizing module 'deserializer' [/home/valmyrsilva07/virtex7/skarab-virtex7-toolflow/fpgs/ethernet_one_gbe_skarab_control/ethernet_one_gbe_skarab_axi/myproj/myproj.srcs/sources_1/imports/sysgen/deserializer.v:61]
	Parameter INPUT_WIDTH bound to: 8 - type: integer 
	Parameter NUM_ELEMENTS bound to: 8 - type: integer 
	Parameter OUTPUT_WIDTH bound to: 64 - type: integer 
INFO: [Synth 8-6155] done synthesizing module 'deserializer' (396#1) [/home/valmyrsilva07/virtex7/skarab-virtex7-toolflow/fpgs/ethernet_one_gbe_skarab_control/ethernet_one_gbe_skarab_axi/myproj/myproj.srcs/sources_1/imports/sysgen/deserializer.v:61]
WARNING: [Synth 8-6014] Unused sequential element reg_sync_rx_valid_reg was removed.  [/home/valmyrsilva07/virtex7/skarab-virtex7-toolflow/fpgs/ethernet_one_gbe_skarab_control/ethernet_one_gbe_skarab_axi/myproj/myproj.srcs/sources_1/imports/sysgen/control_axi_stream_gbe.v:239]
WARNING: [Synth 8-6014] Unused sequential element rx_data_ff1_reg was removed.  [/home/valmyrsilva07/virtex7/skarab-virtex7-toolflow/fpgs/ethernet_one_gbe_skarab_control/ethernet_one_gbe_skarab_axi/myproj/myproj.srcs/sources_1/imports/sysgen/control_axi_stream_gbe.v:241]
WARNING: [Synth 8-6014] Unused sequential element counter_tx_reg was removed.  [/home/valmyrsilva07/virtex7/skarab-virtex7-toolflow/fpgs/ethernet_one_gbe_skarab_control/ethernet_one_gbe_skarab_axi/myproj/myproj.srcs/sources_1/imports/sysgen/control_axi_stream_gbe.v:242]
WARNING: [Synth 8-6014] Unused sequential element current_state_tx_reg was removed.  [/home/valmyrsilva07/virtex7/skarab-virtex7-toolflow/fpgs/ethernet_one_gbe_skarab_control/ethernet_one_gbe_skarab_axi/myproj/myproj.srcs/sources_1/imports/sysgen/control_axi_stream_gbe.v:283]
WARNING: [Synth 8-6014] Unused sequential element addr_data_t_reg was removed.  [/home/valmyrsilva07/virtex7/skarab-virtex7-toolflow/fpgs/ethernet_one_gbe_skarab_control/ethernet_one_gbe_skarab_axi/myproj/myproj.srcs/sources_1/imports/sysgen/control_axi_stream_gbe.v:285]
WARNING: [Synth 8-6014] Unused sequential element sync_data_valid_tx_reg was removed.  [/home/valmyrsilva07/virtex7/skarab-virtex7-toolflow/fpgs/ethernet_one_gbe_skarab_control/ethernet_one_gbe_skarab_axi/myproj/myproj.srcs/sources_1/imports/sysgen/control_axi_stream_gbe.v:286]
WARNING: [Synth 8-6014] Unused sequential element sync_data_valid_tx0_reg was removed.  [/home/valmyrsilva07/virtex7/skarab-virtex7-toolflow/fpgs/ethernet_one_gbe_skarab_control/ethernet_one_gbe_skarab_axi/myproj/myproj.srcs/sources_1/imports/sysgen/control_axi_stream_gbe.v:287]
WARNING: [Synth 8-6014] Unused sequential element tx_ena_out_reg was removed.  [/home/valmyrsilva07/virtex7/skarab-virtex7-toolflow/fpgs/ethernet_one_gbe_skarab_control/ethernet_one_gbe_skarab_axi/myproj/myproj.srcs/sources_1/imports/sysgen/control_axi_stream_gbe.v:288]
WARNING: [Synth 8-6014] Unused sequential element sync_dec_reg was removed.  [/home/valmyrsilva07/virtex7/skarab-virtex7-toolflow/fpgs/ethernet_one_gbe_skarab_control/ethernet_one_gbe_skarab_axi/myproj/myproj.srcs/sources_1/imports/sysgen/control_axi_stream_gbe.v:289]
WARNING: [Synth 8-6014] Unused sequential element debug_local_data_reg was removed.  [/home/valmyrsilva07/virtex7/skarab-virtex7-toolflow/fpgs/ethernet_one_gbe_skarab_control/ethernet_one_gbe_skarab_axi/myproj/myproj.srcs/sources_1/imports/sysgen/control_axi_stream_gbe.v:290]
WARNING: [Synth 8-6014] Unused sequential element s_addr_data_delay_reg was removed.  [/home/valmyrsilva07/virtex7/skarab-virtex7-toolflow/fpgs/ethernet_one_gbe_skarab_control/ethernet_one_gbe_skarab_axi/myproj/myproj.srcs/sources_1/imports/sysgen/control_axi_stream_gbe.v:551]
WARNING: [Synth 8-6014] Unused sequential element handshake_ms_axis_reg was removed.  [/home/valmyrsilva07/virtex7/skarab-virtex7-toolflow/fpgs/ethernet_one_gbe_skarab_control/ethernet_one_gbe_skarab_axi/myproj/myproj.srcs/sources_1/imports/sysgen/control_axi_stream_gbe.v:552]
WARNING: [Synth 8-5788] Register mem_gbe_debug_reg in module control_axi_stream_gbe is has both Set and reset with same priority. This may cause simulation mismatches. Consider rewriting code 
WARNING: [Synth 8-5788] Register mem_tmp_reg in module control_axi_stream_gbe is has both Set and reset with same priority. This may cause simulation mismatches. Consider rewriting code 
WARNING: [Synth 8-4767] Trying to implement RAM 'mem_gbe_debug_reg' in registers. Block RAM or DRAM implementation is not possible; see log for reasons.
Reason is one or more of the following :
	1: RAM is sensitive to asynchronous reset signal. this RTL style is not supported. 
RAM "mem_gbe_debug_reg" dissolved into registers
WARNING: [Synth 8-4767] Trying to implement RAM 'mem_tmp_reg' in registers. Block RAM or DRAM implementation is not possible; see log for reasons.
Reason is one or more of the following :
	1: RAM is sensitive to asynchronous reset signal. this RTL style is not supported. 
RAM "mem_tmp_reg" dissolved into registers
INFO: [Synth 8-6155] done synthesizing module 'control_axi_stream_gbe' (397#1) [/home/valmyrsilva07/virtex7/skarab-virtex7-toolflow/fpgs/ethernet_one_gbe_skarab_control/ethernet_one_gbe_skarab_axi/myproj/myproj.srcs/sources_1/imports/sysgen/control_axi_stream_gbe.v:147]
ERROR: [Synth 8-549] port width mismatch for port 's_axis_tdata': port width = 64, actual width = 8 [/home/valmyrsilva07/virtex7/skarab-virtex7-toolflow/fpgs/ethernet_one_gbe_skarab_control/ethernet_one_gbe_skarab_axi/myproj/myproj.srcs/sources_1/imports/sysgen/ethernet_one_gbe_skarab_axi_entity_declarations.vhd:1086]
ERROR: [Synth 8-549] port width mismatch for port 'm_axis_tdata': port width = 64, actual width = 8 [/home/valmyrsilva07/virtex7/skarab-virtex7-toolflow/fpgs/ethernet_one_gbe_skarab_control/ethernet_one_gbe_skarab_axi/myproj/myproj.srcs/sources_1/imports/sysgen/ethernet_one_gbe_skarab_axi_entity_declarations.vhd:1054]
ERROR: [Synth 8-285] failed synthesizing module 'control_axi_stream_gbe_wrapper' [/home/valmyrsilva07/virtex7/skarab-virtex7-toolflow/fpgs/ethernet_one_gbe_skarab_control/ethernet_one_gbe_skarab_axi/myproj/myproj.srcs/sources_1/imports/sysgen/ethernet_one_gbe_skarab_axi_entity_declarations.vhd:1011]
ERROR: [Synth 8-285] failed synthesizing module 'ethernet_one_gbe_skarab_axi_struct' [/home/valmyrsilva07/virtex7/skarab-virtex7-toolflow/fpgs/ethernet_one_gbe_skarab_control/ethernet_one_gbe_skarab_axi/myproj/myproj.srcs/sources_1/imports/sysgen/ethernet_one_gbe_skarab_axi.vhd:12132]
ERROR: [Synth 8-285] failed synthesizing module 'ethernet_one_gbe_skarab_axi' [/home/valmyrsilva07/virtex7/skarab-virtex7-toolflow/fpgs/ethernet_one_gbe_skarab_control/ethernet_one_gbe_skarab_axi/myproj/myproj.srcs/sources_1/imports/sysgen/ethernet_one_gbe_skarab_axi.vhd:14251]
ERROR: [Synth 8-6156] failed synthesizing module 'top' [/home/valmyrsilva07/virtex7/skarab-virtex7-toolflow/fpgs/ethernet_one_gbe_skarab_control/ethernet_one_gbe_skarab_axi/myproj/myproj.srcs/sources_1/imports/ethernet_one_gbe_skarab_axi/top.v:7]
---------------------------------------------------------------------------------
Finished RTL Elaboration : Time (s): cpu = 00:00:49 ; elapsed = 00:00:57 . Memory (MB): peak = 2666.285 ; gain = 818.992 ; free physical = 13126 ; free virtual = 36095
---------------------------------------------------------------------------------
RTL Elaboration failed
INFO: [Common 17-83] Releasing license: Synthesis
1370 Infos, 111 Warnings, 0 Critical Warnings and 7 Errors encountered.
synth_design failed
ERROR: [Common 17-69] Command failed: Synthesis failed - please see the console or run log file for details
INFO: [Common 17-206] Exiting Vivado at Mon Aug 10 14:40:17 2026...
[Mon Aug 10 14:40:18 2026] synth_1 finished
wait_on_run: Time (s): cpu = 00:03:36 ; elapsed = 00:01:56 . Memory (MB): peak = 1935.656 ; gain = 0.000 ; free physical = 14129 ; free virtual = 37097
# open_run synth_1
ERROR: [Common 17-69] Command failed: Run 'synth_1' failed. Unable to open
INFO: [Common 17-206] Exiting Vivado at Mon Aug 10 14:40:18 2026...
