Copyright 1986-2019 Xilinx, Inc. All Rights Reserved.
---------------------------------------------------------------------------------------------------------------------------------------------------------------------------------
| Tool Version : Vivado v.2019.1 (lin64) Build 2552052 Fri May 24 14:47:09 MDT 2019
| Date         : Mon Jun  1 19:43:46 2026
| Host         : valmyrsilva07-B760M-AORUS-ELITE running 64-bit Ubuntu 20.04.6 LTS
| Command      : report_bus_skew -warn_on_violation -file top_bus_skew_postroute_physopted.rpt -pb top_bus_skew_postroute_physopted.pb -rpx top_bus_skew_postroute_physopted.rpx
| Design       : top
| Device       : 7vx690t-ffg1927
| Speed File   : -2  PRODUCTION 1.11 2014-09-11
---------------------------------------------------------------------------------------------------------------------------------------------------------------------------------

Bus Skew Report

Table of Contents
-----------------
1. Bus Skew Report Summary
2. Bus Skew Report Per Constraint

1. Bus Skew Report Summary
--------------------------

Id  Position  From                            To                              Corner  Requirement(ns)  Actual(ns)  Slack(ns)
--  --------  ------------------------------  ------------------------------  ------  ---------------  ----------  ---------
1   279       [get_cells [list {ethernet_one_gbe_skarab_tx_rx_tx_one_gbe/kat_ten_gb_eth_0/tge_rx_inst/rx_packet_ctrl_fifo_inst/U0/inst_fifo_gen/gconvfifo.rf/grf.rf/gntv_or_sync_fifo.gcx.clkx/rd_pntr_cdc_inst/src_gray_ff_reg[0]} {ethernet_one_gbe_skarab_tx_rx_tx_one_gbe/kat_ten_gb_eth_0/tge_rx_inst/rx_packet_ctrl_fifo_inst/U0/inst_fifo_gen/gconvfifo.rf/grf.rf/gntv_or_sync_fifo.gcx.clkx/rd_pntr_cdc_inst/src_gray_ff_reg[1]} {ethernet_one_gbe_skarab_tx_rx_tx_one_gbe/kat_ten_gb_eth_0/tge_rx_inst/rx_packet_ctrl_fifo_inst/U0/inst_fifo_gen/gconvfifo.rf/grf.rf/gntv_or_sync_fifo.gcx.clkx/rd_pntr_cdc_inst/src_gray_ff_reg[2]} {ethernet_one_gbe_skarab_tx_rx_tx_one_gbe/kat_ten_gb_eth_0/tge_rx_inst/rx_packet_ctrl_fifo_inst/U0/inst_fifo_gen/gconvfifo.rf/grf.rf/gntv_or_sync_fifo.gcx.clkx/rd_pntr_cdc_inst/src_gray_ff_reg[3]}]]
                                              [get_cells [list {ethernet_one_gbe_skarab_tx_rx_tx_one_gbe/kat_ten_gb_eth_0/tge_rx_inst/rx_packet_ctrl_fifo_inst/U0/inst_fifo_gen/gconvfifo.rf/grf.rf/gntv_or_sync_fifo.gcx.clkx/rd_pntr_cdc_inst/dest_graysync_ff_reg[0][0]} {ethernet_one_gbe_skarab_tx_rx_tx_one_gbe/kat_ten_gb_eth_0/tge_rx_inst/rx_packet_ctrl_fifo_inst/U0/inst_fifo_gen/gconvfifo.rf/grf.rf/gntv_or_sync_fifo.gcx.clkx/rd_pntr_cdc_inst/dest_graysync_ff_reg[0][1]} {ethernet_one_gbe_skarab_tx_rx_tx_one_gbe/kat_ten_gb_eth_0/tge_rx_inst/rx_packet_ctrl_fifo_inst/U0/inst_fifo_gen/gconvfifo.rf/grf.rf/gntv_or_sync_fifo.gcx.clkx/rd_pntr_cdc_inst/dest_graysync_ff_reg[0][2]} {ethernet_one_gbe_skarab_tx_rx_tx_one_gbe/kat_ten_gb_eth_0/tge_rx_inst/rx_packet_ctrl_fifo_inst/U0/inst_fifo_gen/gconvfifo.rf/grf.rf/gntv_or_sync_fifo.gcx.clkx/rd_pntr_cdc_inst/dest_graysync_ff_reg[0][3]}]]
                                                                              Slow              4.335       1.384      2.951
2   281       [get_cells [list {ethernet_one_gbe_skarab_tx_rx_tx_one_gbe/kat_ten_gb_eth_0/tge_rx_inst/rx_packet_ctrl_fifo_inst/U0/inst_fifo_gen/gconvfifo.rf/grf.rf/gntv_or_sync_fifo.gcx.clkx/wr_pntr_cdc_inst/src_gray_ff_reg[0]} {ethernet_one_gbe_skarab_tx_rx_tx_one_gbe/kat_ten_gb_eth_0/tge_rx_inst/rx_packet_ctrl_fifo_inst/U0/inst_fifo_gen/gconvfifo.rf/grf.rf/gntv_or_sync_fifo.gcx.clkx/wr_pntr_cdc_inst/src_gray_ff_reg[1]} {ethernet_one_gbe_skarab_tx_rx_tx_one_gbe/kat_ten_gb_eth_0/tge_rx_inst/rx_packet_ctrl_fifo_inst/U0/inst_fifo_gen/gconvfifo.rf/grf.rf/gntv_or_sync_fifo.gcx.clkx/wr_pntr_cdc_inst/src_gray_ff_reg[2]} {ethernet_one_gbe_skarab_tx_rx_tx_one_gbe/kat_ten_gb_eth_0/tge_rx_inst/rx_packet_ctrl_fifo_inst/U0/inst_fifo_gen/gconvfifo.rf/grf.rf/gntv_or_sync_fifo.gcx.clkx/wr_pntr_cdc_inst/src_gray_ff_reg[3]}]]
                                              [get_cells [list {ethernet_one_gbe_skarab_tx_rx_tx_one_gbe/kat_ten_gb_eth_0/tge_rx_inst/rx_packet_ctrl_fifo_inst/U0/inst_fifo_gen/gconvfifo.rf/grf.rf/gntv_or_sync_fifo.gcx.clkx/wr_pntr_cdc_inst/dest_graysync_ff_reg[0][0]} {ethernet_one_gbe_skarab_tx_rx_tx_one_gbe/kat_ten_gb_eth_0/tge_rx_inst/rx_packet_ctrl_fifo_inst/U0/inst_fifo_gen/gconvfifo.rf/grf.rf/gntv_or_sync_fifo.gcx.clkx/wr_pntr_cdc_inst/dest_graysync_ff_reg[0][1]} {ethernet_one_gbe_skarab_tx_rx_tx_one_gbe/kat_ten_gb_eth_0/tge_rx_inst/rx_packet_ctrl_fifo_inst/U0/inst_fifo_gen/gconvfifo.rf/grf.rf/gntv_or_sync_fifo.gcx.clkx/wr_pntr_cdc_inst/dest_graysync_ff_reg[0][2]} {ethernet_one_gbe_skarab_tx_rx_tx_one_gbe/kat_ten_gb_eth_0/tge_rx_inst/rx_packet_ctrl_fifo_inst/U0/inst_fifo_gen/gconvfifo.rf/grf.rf/gntv_or_sync_fifo.gcx.clkx/wr_pntr_cdc_inst/dest_graysync_ff_reg[0][3]}]]
                                                                              Slow              4.335       1.397      2.938
3   283       [get_cells [list {ethernet_one_gbe_skarab_tx_rx_tx_one_gbe/kat_ten_gb_eth_0/tge_rx_inst/use_bram.rx_packet_fifo_bram_inst/U0/inst_fifo_gen/gconvfifo.rf/grf.rf/gntv_or_sync_fifo.gcx.clkx/rd_pntr_cdc_inst/src_gray_ff_reg[0]} {ethernet_one_gbe_skarab_tx_rx_tx_one_gbe/kat_ten_gb_eth_0/tge_rx_inst/use_bram.rx_packet_fifo_bram_inst/U0/inst_fifo_gen/gconvfifo.rf/grf.rf/gntv_or_sync_fifo.gcx.clkx/rd_pntr_cdc_inst/src_gray_ff_reg[1]} {ethernet_one_gbe_skarab_tx_rx_tx_one_gbe/kat_ten_gb_eth_0/tge_rx_inst/use_bram.rx_packet_fifo_bram_inst/U0/inst_fifo_gen/gconvfifo.rf/grf.rf/gntv_or_sync_fifo.gcx.clkx/rd_pntr_cdc_inst/src_gray_ff_reg[2]} {ethernet_one_gbe_skarab_tx_rx_tx_one_gbe/kat_ten_gb_eth_0/tge_rx_inst/use_bram.rx_packet_fifo_bram_inst/U0/inst_fifo_gen/gconvfifo.rf/grf.rf/gntv_or_sync_fifo.gcx.clkx/rd_pntr_cdc_inst/src_gray_ff_reg[3]} {ethernet_one_gbe_skarab_tx_rx_tx_one_gbe/kat_ten_gb_eth_0/tge_rx_inst/use_bram.rx_packet_fifo_bram_inst/U0/inst_fifo_gen/gconvfifo.rf/grf.rf/gntv_or_sync_fifo.gcx.clkx/rd_pntr_cdc_inst/src_gray_ff_reg[4]} {ethernet_one_gbe_skarab_tx_rx_tx_one_gbe/kat_ten_gb_eth_0/tge_rx_inst/use_bram.rx_packet_fifo_bram_inst/U0/inst_fifo_gen/gconvfifo.rf/grf.rf/gntv_or_sync_fifo.gcx.clkx/rd_pntr_cdc_inst/src_gray_ff_reg[5]} {ethernet_one_gbe_skarab_tx_rx_tx_one_gbe/kat_ten_gb_eth_0/tge_rx_inst/use_bram.rx_packet_fifo_bram_inst/U0/inst_fifo_gen/gconvfifo.rf/grf.rf/gntv_or_sync_fifo.gcx.clkx/rd_pntr_cdc_inst/src_gray_ff_reg[6]} {ethernet_one_gbe_skarab_tx_rx_tx_one_gbe/kat_ten_gb_eth_0/tge_rx_inst/use_bram.rx_packet_fifo_bram_inst/U0/inst_fifo_gen/gconvfifo.rf/grf.rf/gntv_or_sync_fifo.gcx.clkx/rd_pntr_cdc_inst/src_gray_ff_reg[7]} {ethernet_one_gbe_skarab_tx_rx_tx_one_gbe/kat_ten_gb_eth_0/tge_rx_inst/use_bram.rx_packet_fifo_bram_inst/U0/inst_fifo_gen/gconvfifo.rf/grf.rf/gntv_or_sync_fifo.gcx.clkx/rd_pntr_cdc_inst/src_gray_ff_reg[8]} {ethernet_one_gbe_skarab_tx_rx_tx_one_gbe/kat_ten_gb_eth_0/tge_rx_inst/use_bram.rx_packet_fifo_bram_inst/U0/inst_fifo_gen/gconvfifo.rf/grf.rf/gntv_or_sync_fifo.gcx.clkx/rd_pntr_cdc_inst/src_gray_ff_reg[9]}]]
                                              [get_cells [list {ethernet_one_gbe_skarab_tx_rx_tx_one_gbe/kat_ten_gb_eth_0/tge_rx_inst/use_bram.rx_packet_fifo_bram_inst/U0/inst_fifo_gen/gconvfifo.rf/grf.rf/gntv_or_sync_fifo.gcx.clkx/rd_pntr_cdc_inst/dest_graysync_ff_reg[0][0]} {ethernet_one_gbe_skarab_tx_rx_tx_one_gbe/kat_ten_gb_eth_0/tge_rx_inst/use_bram.rx_packet_fifo_bram_inst/U0/inst_fifo_gen/gconvfifo.rf/grf.rf/gntv_or_sync_fifo.gcx.clkx/rd_pntr_cdc_inst/dest_graysync_ff_reg[0][1]} {ethernet_one_gbe_skarab_tx_rx_tx_one_gbe/kat_ten_gb_eth_0/tge_rx_inst/use_bram.rx_packet_fifo_bram_inst/U0/inst_fifo_gen/gconvfifo.rf/grf.rf/gntv_or_sync_fifo.gcx.clkx/rd_pntr_cdc_inst/dest_graysync_ff_reg[0][2]} {ethernet_one_gbe_skarab_tx_rx_tx_one_gbe/kat_ten_gb_eth_0/tge_rx_inst/use_bram.rx_packet_fifo_bram_inst/U0/inst_fifo_gen/gconvfifo.rf/grf.rf/gntv_or_sync_fifo.gcx.clkx/rd_pntr_cdc_inst/dest_graysync_ff_reg[0][3]} {ethernet_one_gbe_skarab_tx_rx_tx_one_gbe/kat_ten_gb_eth_0/tge_rx_inst/use_bram.rx_packet_fifo_bram_inst/U0/inst_fifo_gen/gconvfifo.rf/grf.rf/gntv_or_sync_fifo.gcx.clkx/rd_pntr_cdc_inst/dest_graysync_ff_reg[0][4]} {ethernet_one_gbe_skarab_tx_rx_tx_one_gbe/kat_ten_gb_eth_0/tge_rx_inst/use_bram.rx_packet_fifo_bram_inst/U0/inst_fifo_gen/gconvfifo.rf/grf.rf/gntv_or_sync_fifo.gcx.clkx/rd_pntr_cdc_inst/dest_graysync_ff_reg[0][5]} {ethernet_one_gbe_skarab_tx_rx_tx_one_gbe/kat_ten_gb_eth_0/tge_rx_inst/use_bram.rx_packet_fifo_bram_inst/U0/inst_fifo_gen/gconvfifo.rf/grf.rf/gntv_or_sync_fifo.gcx.clkx/rd_pntr_cdc_inst/dest_graysync_ff_reg[0][6]} {ethernet_one_gbe_skarab_tx_rx_tx_one_gbe/kat_ten_gb_eth_0/tge_rx_inst/use_bram.rx_packet_fifo_bram_inst/U0/inst_fifo_gen/gconvfifo.rf/grf.rf/gntv_or_sync_fifo.gcx.clkx/rd_pntr_cdc_inst/dest_graysync_ff_reg[0][7]} {ethernet_one_gbe_skarab_tx_rx_tx_one_gbe/kat_ten_gb_eth_0/tge_rx_inst/use_bram.rx_packet_fifo_bram_inst/U0/inst_fifo_gen/gconvfifo.rf/grf.rf/gntv_or_sync_fifo.gcx.clkx/rd_pntr_cdc_inst/dest_graysync_ff_reg[0][8]} {ethernet_one_gbe_skarab_tx_rx_tx_one_gbe/kat_ten_gb_eth_0/tge_rx_inst/use_bram.rx_packet_fifo_bram_inst/U0/inst_fifo_gen/gconvfifo.rf/grf.rf/gntv_or_sync_fifo.gcx.clkx/rd_pntr_cdc_inst/dest_graysync_ff_reg[0][9]}]]
                                                                              Slow              4.335       1.471      2.864
4   285       [get_cells [list {ethernet_one_gbe_skarab_tx_rx_tx_one_gbe/kat_ten_gb_eth_0/tge_rx_inst/use_bram.rx_packet_fifo_bram_inst/U0/inst_fifo_gen/gconvfifo.rf/grf.rf/gntv_or_sync_fifo.gcx.clkx/wr_pntr_cdc_inst/src_gray_ff_reg[0]} {ethernet_one_gbe_skarab_tx_rx_tx_one_gbe/kat_ten_gb_eth_0/tge_rx_inst/use_bram.rx_packet_fifo_bram_inst/U0/inst_fifo_gen/gconvfifo.rf/grf.rf/gntv_or_sync_fifo.gcx.clkx/wr_pntr_cdc_inst/src_gray_ff_reg[1]} {ethernet_one_gbe_skarab_tx_rx_tx_one_gbe/kat_ten_gb_eth_0/tge_rx_inst/use_bram.rx_packet_fifo_bram_inst/U0/inst_fifo_gen/gconvfifo.rf/grf.rf/gntv_or_sync_fifo.gcx.clkx/wr_pntr_cdc_inst/src_gray_ff_reg[2]} {ethernet_one_gbe_skarab_tx_rx_tx_one_gbe/kat_ten_gb_eth_0/tge_rx_inst/use_bram.rx_packet_fifo_bram_inst/U0/inst_fifo_gen/gconvfifo.rf/grf.rf/gntv_or_sync_fifo.gcx.clkx/wr_pntr_cdc_inst/src_gray_ff_reg[3]} {ethernet_one_gbe_skarab_tx_rx_tx_one_gbe/kat_ten_gb_eth_0/tge_rx_inst/use_bram.rx_packet_fifo_bram_inst/U0/inst_fifo_gen/gconvfifo.rf/grf.rf/gntv_or_sync_fifo.gcx.clkx/wr_pntr_cdc_inst/src_gray_ff_reg[4]} {ethernet_one_gbe_skarab_tx_rx_tx_one_gbe/kat_ten_gb_eth_0/tge_rx_inst/use_bram.rx_packet_fifo_bram_inst/U0/inst_fifo_gen/gconvfifo.rf/grf.rf/gntv_or_sync_fifo.gcx.clkx/wr_pntr_cdc_inst/src_gray_ff_reg[5]} {ethernet_one_gbe_skarab_tx_rx_tx_one_gbe/kat_ten_gb_eth_0/tge_rx_inst/use_bram.rx_packet_fifo_bram_inst/U0/inst_fifo_gen/gconvfifo.rf/grf.rf/gntv_or_sync_fifo.gcx.clkx/wr_pntr_cdc_inst/src_gray_ff_reg[6]} {ethernet_one_gbe_skarab_tx_rx_tx_one_gbe/kat_ten_gb_eth_0/tge_rx_inst/use_bram.rx_packet_fifo_bram_inst/U0/inst_fifo_gen/gconvfifo.rf/grf.rf/gntv_or_sync_fifo.gcx.clkx/wr_pntr_cdc_inst/src_gray_ff_reg[7]} {ethernet_one_gbe_skarab_tx_rx_tx_one_gbe/kat_ten_gb_eth_0/tge_rx_inst/use_bram.rx_packet_fifo_bram_inst/U0/inst_fifo_gen/gconvfifo.rf/grf.rf/gntv_or_sync_fifo.gcx.clkx/wr_pntr_cdc_inst/src_gray_ff_reg[8]} {ethernet_one_gbe_skarab_tx_rx_tx_one_gbe/kat_ten_gb_eth_0/tge_rx_inst/use_bram.rx_packet_fifo_bram_inst/U0/inst_fifo_gen/gconvfifo.rf/grf.rf/gntv_or_sync_fifo.gcx.clkx/wr_pntr_cdc_inst/src_gray_ff_reg[9]}]]
                                              [get_cells [list {ethernet_one_gbe_skarab_tx_rx_tx_one_gbe/kat_ten_gb_eth_0/tge_rx_inst/use_bram.rx_packet_fifo_bram_inst/U0/inst_fifo_gen/gconvfifo.rf/grf.rf/gntv_or_sync_fifo.gcx.clkx/wr_pntr_cdc_inst/dest_graysync_ff_reg[0][0]} {ethernet_one_gbe_skarab_tx_rx_tx_one_gbe/kat_ten_gb_eth_0/tge_rx_inst/use_bram.rx_packet_fifo_bram_inst/U0/inst_fifo_gen/gconvfifo.rf/grf.rf/gntv_or_sync_fifo.gcx.clkx/wr_pntr_cdc_inst/dest_graysync_ff_reg[0][1]} {ethernet_one_gbe_skarab_tx_rx_tx_one_gbe/kat_ten_gb_eth_0/tge_rx_inst/use_bram.rx_packet_fifo_bram_inst/U0/inst_fifo_gen/gconvfifo.rf/grf.rf/gntv_or_sync_fifo.gcx.clkx/wr_pntr_cdc_inst/dest_graysync_ff_reg[0][2]} {ethernet_one_gbe_skarab_tx_rx_tx_one_gbe/kat_ten_gb_eth_0/tge_rx_inst/use_bram.rx_packet_fifo_bram_inst/U0/inst_fifo_gen/gconvfifo.rf/grf.rf/gntv_or_sync_fifo.gcx.clkx/wr_pntr_cdc_inst/dest_graysync_ff_reg[0][3]} {ethernet_one_gbe_skarab_tx_rx_tx_one_gbe/kat_ten_gb_eth_0/tge_rx_inst/use_bram.rx_packet_fifo_bram_inst/U0/inst_fifo_gen/gconvfifo.rf/grf.rf/gntv_or_sync_fifo.gcx.clkx/wr_pntr_cdc_inst/dest_graysync_ff_reg[0][4]} {ethernet_one_gbe_skarab_tx_rx_tx_one_gbe/kat_ten_gb_eth_0/tge_rx_inst/use_bram.rx_packet_fifo_bram_inst/U0/inst_fifo_gen/gconvfifo.rf/grf.rf/gntv_or_sync_fifo.gcx.clkx/wr_pntr_cdc_inst/dest_graysync_ff_reg[0][5]} {ethernet_one_gbe_skarab_tx_rx_tx_one_gbe/kat_ten_gb_eth_0/tge_rx_inst/use_bram.rx_packet_fifo_bram_inst/U0/inst_fifo_gen/gconvfifo.rf/grf.rf/gntv_or_sync_fifo.gcx.clkx/wr_pntr_cdc_inst/dest_graysync_ff_reg[0][6]} {ethernet_one_gbe_skarab_tx_rx_tx_one_gbe/kat_ten_gb_eth_0/tge_rx_inst/use_bram.rx_packet_fifo_bram_inst/U0/inst_fifo_gen/gconvfifo.rf/grf.rf/gntv_or_sync_fifo.gcx.clkx/wr_pntr_cdc_inst/dest_graysync_ff_reg[0][7]} {ethernet_one_gbe_skarab_tx_rx_tx_one_gbe/kat_ten_gb_eth_0/tge_rx_inst/use_bram.rx_packet_fifo_bram_inst/U0/inst_fifo_gen/gconvfifo.rf/grf.rf/gntv_or_sync_fifo.gcx.clkx/wr_pntr_cdc_inst/dest_graysync_ff_reg[0][8]} {ethernet_one_gbe_skarab_tx_rx_tx_one_gbe/kat_ten_gb_eth_0/tge_rx_inst/use_bram.rx_packet_fifo_bram_inst/U0/inst_fifo_gen/gconvfifo.rf/grf.rf/gntv_or_sync_fifo.gcx.clkx/wr_pntr_cdc_inst/dest_graysync_ff_reg[0][9]}]]
                                                                              Slow              4.335       1.518      2.817
5   287       [get_cells [list {ethernet_one_gbe_skarab_tx_rx_tx_one_gbe/kat_ten_gb_eth_0/tge_tx_inst/tx_packet_ctrl_fifo_inst/U0/inst_fifo_gen/gconvfifo.rf/grf.rf/gntv_or_sync_fifo.gcx.clkx/rd_pntr_cdc_inst/src_gray_ff_reg[0]} {ethernet_one_gbe_skarab_tx_rx_tx_one_gbe/kat_ten_gb_eth_0/tge_tx_inst/tx_packet_ctrl_fifo_inst/U0/inst_fifo_gen/gconvfifo.rf/grf.rf/gntv_or_sync_fifo.gcx.clkx/rd_pntr_cdc_inst/src_gray_ff_reg[1]} {ethernet_one_gbe_skarab_tx_rx_tx_one_gbe/kat_ten_gb_eth_0/tge_tx_inst/tx_packet_ctrl_fifo_inst/U0/inst_fifo_gen/gconvfifo.rf/grf.rf/gntv_or_sync_fifo.gcx.clkx/rd_pntr_cdc_inst/src_gray_ff_reg[2]} {ethernet_one_gbe_skarab_tx_rx_tx_one_gbe/kat_ten_gb_eth_0/tge_tx_inst/tx_packet_ctrl_fifo_inst/U0/inst_fifo_gen/gconvfifo.rf/grf.rf/gntv_or_sync_fifo.gcx.clkx/rd_pntr_cdc_inst/src_gray_ff_reg[3]}]]
                                              [get_cells [list {ethernet_one_gbe_skarab_tx_rx_tx_one_gbe/kat_ten_gb_eth_0/tge_tx_inst/tx_packet_ctrl_fifo_inst/U0/inst_fifo_gen/gconvfifo.rf/grf.rf/gntv_or_sync_fifo.gcx.clkx/rd_pntr_cdc_inst/dest_graysync_ff_reg[0][0]} {ethernet_one_gbe_skarab_tx_rx_tx_one_gbe/kat_ten_gb_eth_0/tge_tx_inst/tx_packet_ctrl_fifo_inst/U0/inst_fifo_gen/gconvfifo.rf/grf.rf/gntv_or_sync_fifo.gcx.clkx/rd_pntr_cdc_inst/dest_graysync_ff_reg[0][1]} {ethernet_one_gbe_skarab_tx_rx_tx_one_gbe/kat_ten_gb_eth_0/tge_tx_inst/tx_packet_ctrl_fifo_inst/U0/inst_fifo_gen/gconvfifo.rf/grf.rf/gntv_or_sync_fifo.gcx.clkx/rd_pntr_cdc_inst/dest_graysync_ff_reg[0][2]} {ethernet_one_gbe_skarab_tx_rx_tx_one_gbe/kat_ten_gb_eth_0/tge_tx_inst/tx_packet_ctrl_fifo_inst/U0/inst_fifo_gen/gconvfifo.rf/grf.rf/gntv_or_sync_fifo.gcx.clkx/rd_pntr_cdc_inst/dest_graysync_ff_reg[0][3]}]]
                                                                              Slow              4.335       1.547      2.788
6   289       [get_cells [list {ethernet_one_gbe_skarab_tx_rx_tx_one_gbe/kat_ten_gb_eth_0/tge_tx_inst/tx_packet_ctrl_fifo_inst/U0/inst_fifo_gen/gconvfifo.rf/grf.rf/gntv_or_sync_fifo.gcx.clkx/wr_pntr_cdc_inst/src_gray_ff_reg[0]} {ethernet_one_gbe_skarab_tx_rx_tx_one_gbe/kat_ten_gb_eth_0/tge_tx_inst/tx_packet_ctrl_fifo_inst/U0/inst_fifo_gen/gconvfifo.rf/grf.rf/gntv_or_sync_fifo.gcx.clkx/wr_pntr_cdc_inst/src_gray_ff_reg[1]} {ethernet_one_gbe_skarab_tx_rx_tx_one_gbe/kat_ten_gb_eth_0/tge_tx_inst/tx_packet_ctrl_fifo_inst/U0/inst_fifo_gen/gconvfifo.rf/grf.rf/gntv_or_sync_fifo.gcx.clkx/wr_pntr_cdc_inst/src_gray_ff_reg[2]} {ethernet_one_gbe_skarab_tx_rx_tx_one_gbe/kat_ten_gb_eth_0/tge_tx_inst/tx_packet_ctrl_fifo_inst/U0/inst_fifo_gen/gconvfifo.rf/grf.rf/gntv_or_sync_fifo.gcx.clkx/wr_pntr_cdc_inst/src_gray_ff_reg[3]}]]
                                              [get_cells [list {ethernet_one_gbe_skarab_tx_rx_tx_one_gbe/kat_ten_gb_eth_0/tge_tx_inst/tx_packet_ctrl_fifo_inst/U0/inst_fifo_gen/gconvfifo.rf/grf.rf/gntv_or_sync_fifo.gcx.clkx/wr_pntr_cdc_inst/dest_graysync_ff_reg[0][0]} {ethernet_one_gbe_skarab_tx_rx_tx_one_gbe/kat_ten_gb_eth_0/tge_tx_inst/tx_packet_ctrl_fifo_inst/U0/inst_fifo_gen/gconvfifo.rf/grf.rf/gntv_or_sync_fifo.gcx.clkx/wr_pntr_cdc_inst/dest_graysync_ff_reg[0][1]} {ethernet_one_gbe_skarab_tx_rx_tx_one_gbe/kat_ten_gb_eth_0/tge_tx_inst/tx_packet_ctrl_fifo_inst/U0/inst_fifo_gen/gconvfifo.rf/grf.rf/gntv_or_sync_fifo.gcx.clkx/wr_pntr_cdc_inst/dest_graysync_ff_reg[0][2]} {ethernet_one_gbe_skarab_tx_rx_tx_one_gbe/kat_ten_gb_eth_0/tge_tx_inst/tx_packet_ctrl_fifo_inst/U0/inst_fifo_gen/gconvfifo.rf/grf.rf/gntv_or_sync_fifo.gcx.clkx/wr_pntr_cdc_inst/dest_graysync_ff_reg[0][3]}]]
                                                                              Slow              4.335       1.494      2.841
7   291       [get_cells [list {ethernet_one_gbe_skarab_tx_rx_tx_one_gbe/kat_ten_gb_eth_0/tge_tx_inst/tx_packet_fifo_inst/U0/inst_fifo_gen/gconvfifo.rf/grf.rf/gntv_or_sync_fifo.gcx.clkx/rd_pntr_cdc_inst/src_gray_ff_reg[0]} {ethernet_one_gbe_skarab_tx_rx_tx_one_gbe/kat_ten_gb_eth_0/tge_tx_inst/tx_packet_fifo_inst/U0/inst_fifo_gen/gconvfifo.rf/grf.rf/gntv_or_sync_fifo.gcx.clkx/rd_pntr_cdc_inst/src_gray_ff_reg[1]} {ethernet_one_gbe_skarab_tx_rx_tx_one_gbe/kat_ten_gb_eth_0/tge_tx_inst/tx_packet_fifo_inst/U0/inst_fifo_gen/gconvfifo.rf/grf.rf/gntv_or_sync_fifo.gcx.clkx/rd_pntr_cdc_inst/src_gray_ff_reg[2]} {ethernet_one_gbe_skarab_tx_rx_tx_one_gbe/kat_ten_gb_eth_0/tge_tx_inst/tx_packet_fifo_inst/U0/inst_fifo_gen/gconvfifo.rf/grf.rf/gntv_or_sync_fifo.gcx.clkx/rd_pntr_cdc_inst/src_gray_ff_reg[3]} {ethernet_one_gbe_skarab_tx_rx_tx_one_gbe/kat_ten_gb_eth_0/tge_tx_inst/tx_packet_fifo_inst/U0/inst_fifo_gen/gconvfifo.rf/grf.rf/gntv_or_sync_fifo.gcx.clkx/rd_pntr_cdc_inst/src_gray_ff_reg[4]} {ethernet_one_gbe_skarab_tx_rx_tx_one_gbe/kat_ten_gb_eth_0/tge_tx_inst/tx_packet_fifo_inst/U0/inst_fifo_gen/gconvfifo.rf/grf.rf/gntv_or_sync_fifo.gcx.clkx/rd_pntr_cdc_inst/src_gray_ff_reg[5]} {ethernet_one_gbe_skarab_tx_rx_tx_one_gbe/kat_ten_gb_eth_0/tge_tx_inst/tx_packet_fifo_inst/U0/inst_fifo_gen/gconvfifo.rf/grf.rf/gntv_or_sync_fifo.gcx.clkx/rd_pntr_cdc_inst/src_gray_ff_reg[6]} {ethernet_one_gbe_skarab_tx_rx_tx_one_gbe/kat_ten_gb_eth_0/tge_tx_inst/tx_packet_fifo_inst/U0/inst_fifo_gen/gconvfifo.rf/grf.rf/gntv_or_sync_fifo.gcx.clkx/rd_pntr_cdc_inst/src_gray_ff_reg[7]} {ethernet_one_gbe_skarab_tx_rx_tx_one_gbe/kat_ten_gb_eth_0/tge_tx_inst/tx_packet_fifo_inst/U0/inst_fifo_gen/gconvfifo.rf/grf.rf/gntv_or_sync_fifo.gcx.clkx/rd_pntr_cdc_inst/src_gray_ff_reg[8]} {ethernet_one_gbe_skarab_tx_rx_tx_one_gbe/kat_ten_gb_eth_0/tge_tx_inst/tx_packet_fifo_inst/U0/inst_fifo_gen/gconvfifo.rf/grf.rf/gntv_or_sync_fifo.gcx.clkx/rd_pntr_cdc_inst/src_gray_ff_reg[9]}]]
                                              [get_cells [list {ethernet_one_gbe_skarab_tx_rx_tx_one_gbe/kat_ten_gb_eth_0/tge_tx_inst/tx_packet_fifo_inst/U0/inst_fifo_gen/gconvfifo.rf/grf.rf/gntv_or_sync_fifo.gcx.clkx/rd_pntr_cdc_inst/dest_graysync_ff_reg[0][0]} {ethernet_one_gbe_skarab_tx_rx_tx_one_gbe/kat_ten_gb_eth_0/tge_tx_inst/tx_packet_fifo_inst/U0/inst_fifo_gen/gconvfifo.rf/grf.rf/gntv_or_sync_fifo.gcx.clkx/rd_pntr_cdc_inst/dest_graysync_ff_reg[0][1]} {ethernet_one_gbe_skarab_tx_rx_tx_one_gbe/kat_ten_gb_eth_0/tge_tx_inst/tx_packet_fifo_inst/U0/inst_fifo_gen/gconvfifo.rf/grf.rf/gntv_or_sync_fifo.gcx.clkx/rd_pntr_cdc_inst/dest_graysync_ff_reg[0][2]} {ethernet_one_gbe_skarab_tx_rx_tx_one_gbe/kat_ten_gb_eth_0/tge_tx_inst/tx_packet_fifo_inst/U0/inst_fifo_gen/gconvfifo.rf/grf.rf/gntv_or_sync_fifo.gcx.clkx/rd_pntr_cdc_inst/dest_graysync_ff_reg[0][3]} {ethernet_one_gbe_skarab_tx_rx_tx_one_gbe/kat_ten_gb_eth_0/tge_tx_inst/tx_packet_fifo_inst/U0/inst_fifo_gen/gconvfifo.rf/grf.rf/gntv_or_sync_fifo.gcx.clkx/rd_pntr_cdc_inst/dest_graysync_ff_reg[0][4]} {ethernet_one_gbe_skarab_tx_rx_tx_one_gbe/kat_ten_gb_eth_0/tge_tx_inst/tx_packet_fifo_inst/U0/inst_fifo_gen/gconvfifo.rf/grf.rf/gntv_or_sync_fifo.gcx.clkx/rd_pntr_cdc_inst/dest_graysync_ff_reg[0][5]} {ethernet_one_gbe_skarab_tx_rx_tx_one_gbe/kat_ten_gb_eth_0/tge_tx_inst/tx_packet_fifo_inst/U0/inst_fifo_gen/gconvfifo.rf/grf.rf/gntv_or_sync_fifo.gcx.clkx/rd_pntr_cdc_inst/dest_graysync_ff_reg[0][6]} {ethernet_one_gbe_skarab_tx_rx_tx_one_gbe/kat_ten_gb_eth_0/tge_tx_inst/tx_packet_fifo_inst/U0/inst_fifo_gen/gconvfifo.rf/grf.rf/gntv_or_sync_fifo.gcx.clkx/rd_pntr_cdc_inst/dest_graysync_ff_reg[0][7]} {ethernet_one_gbe_skarab_tx_rx_tx_one_gbe/kat_ten_gb_eth_0/tge_tx_inst/tx_packet_fifo_inst/U0/inst_fifo_gen/gconvfifo.rf/grf.rf/gntv_or_sync_fifo.gcx.clkx/rd_pntr_cdc_inst/dest_graysync_ff_reg[0][8]} {ethernet_one_gbe_skarab_tx_rx_tx_one_gbe/kat_ten_gb_eth_0/tge_tx_inst/tx_packet_fifo_inst/U0/inst_fifo_gen/gconvfifo.rf/grf.rf/gntv_or_sync_fifo.gcx.clkx/rd_pntr_cdc_inst/dest_graysync_ff_reg[0][9]}]]
                                                                              Slow              4.335       1.524      2.811
8   293       [get_cells [list {ethernet_one_gbe_skarab_tx_rx_tx_one_gbe/kat_ten_gb_eth_0/tge_tx_inst/tx_packet_fifo_inst/U0/inst_fifo_gen/gconvfifo.rf/grf.rf/gntv_or_sync_fifo.gcx.clkx/wr_pntr_cdc_inst/src_gray_ff_reg[0]} {ethernet_one_gbe_skarab_tx_rx_tx_one_gbe/kat_ten_gb_eth_0/tge_tx_inst/tx_packet_fifo_inst/U0/inst_fifo_gen/gconvfifo.rf/grf.rf/gntv_or_sync_fifo.gcx.clkx/wr_pntr_cdc_inst/src_gray_ff_reg[1]} {ethernet_one_gbe_skarab_tx_rx_tx_one_gbe/kat_ten_gb_eth_0/tge_tx_inst/tx_packet_fifo_inst/U0/inst_fifo_gen/gconvfifo.rf/grf.rf/gntv_or_sync_fifo.gcx.clkx/wr_pntr_cdc_inst/src_gray_ff_reg[2]} {ethernet_one_gbe_skarab_tx_rx_tx_one_gbe/kat_ten_gb_eth_0/tge_tx_inst/tx_packet_fifo_inst/U0/inst_fifo_gen/gconvfifo.rf/grf.rf/gntv_or_sync_fifo.gcx.clkx/wr_pntr_cdc_inst/src_gray_ff_reg[3]} {ethernet_one_gbe_skarab_tx_rx_tx_one_gbe/kat_ten_gb_eth_0/tge_tx_inst/tx_packet_fifo_inst/U0/inst_fifo_gen/gconvfifo.rf/grf.rf/gntv_or_sync_fifo.gcx.clkx/wr_pntr_cdc_inst/src_gray_ff_reg[4]} {ethernet_one_gbe_skarab_tx_rx_tx_one_gbe/kat_ten_gb_eth_0/tge_tx_inst/tx_packet_fifo_inst/U0/inst_fifo_gen/gconvfifo.rf/grf.rf/gntv_or_sync_fifo.gcx.clkx/wr_pntr_cdc_inst/src_gray_ff_reg[5]} {ethernet_one_gbe_skarab_tx_rx_tx_one_gbe/kat_ten_gb_eth_0/tge_tx_inst/tx_packet_fifo_inst/U0/inst_fifo_gen/gconvfifo.rf/grf.rf/gntv_or_sync_fifo.gcx.clkx/wr_pntr_cdc_inst/src_gray_ff_reg[6]} {ethernet_one_gbe_skarab_tx_rx_tx_one_gbe/kat_ten_gb_eth_0/tge_tx_inst/tx_packet_fifo_inst/U0/inst_fifo_gen/gconvfifo.rf/grf.rf/gntv_or_sync_fifo.gcx.clkx/wr_pntr_cdc_inst/src_gray_ff_reg[7]} {ethernet_one_gbe_skarab_tx_rx_tx_one_gbe/kat_ten_gb_eth_0/tge_tx_inst/tx_packet_fifo_inst/U0/inst_fifo_gen/gconvfifo.rf/grf.rf/gntv_or_sync_fifo.gcx.clkx/wr_pntr_cdc_inst/src_gray_ff_reg[8]} {ethernet_one_gbe_skarab_tx_rx_tx_one_gbe/kat_ten_gb_eth_0/tge_tx_inst/tx_packet_fifo_inst/U0/inst_fifo_gen/gconvfifo.rf/grf.rf/gntv_or_sync_fifo.gcx.clkx/wr_pntr_cdc_inst/src_gray_ff_reg[9]}]]
                                              [get_cells [list {ethernet_one_gbe_skarab_tx_rx_tx_one_gbe/kat_ten_gb_eth_0/tge_tx_inst/tx_packet_fifo_inst/U0/inst_fifo_gen/gconvfifo.rf/grf.rf/gntv_or_sync_fifo.gcx.clkx/wr_pntr_cdc_inst/dest_graysync_ff_reg[0][0]} {ethernet_one_gbe_skarab_tx_rx_tx_one_gbe/kat_ten_gb_eth_0/tge_tx_inst/tx_packet_fifo_inst/U0/inst_fifo_gen/gconvfifo.rf/grf.rf/gntv_or_sync_fifo.gcx.clkx/wr_pntr_cdc_inst/dest_graysync_ff_reg[0][1]} {ethernet_one_gbe_skarab_tx_rx_tx_one_gbe/kat_ten_gb_eth_0/tge_tx_inst/tx_packet_fifo_inst/U0/inst_fifo_gen/gconvfifo.rf/grf.rf/gntv_or_sync_fifo.gcx.clkx/wr_pntr_cdc_inst/dest_graysync_ff_reg[0][2]} {ethernet_one_gbe_skarab_tx_rx_tx_one_gbe/kat_ten_gb_eth_0/tge_tx_inst/tx_packet_fifo_inst/U0/inst_fifo_gen/gconvfifo.rf/grf.rf/gntv_or_sync_fifo.gcx.clkx/wr_pntr_cdc_inst/dest_graysync_ff_reg[0][3]} {ethernet_one_gbe_skarab_tx_rx_tx_one_gbe/kat_ten_gb_eth_0/tge_tx_inst/tx_packet_fifo_inst/U0/inst_fifo_gen/gconvfifo.rf/grf.rf/gntv_or_sync_fifo.gcx.clkx/wr_pntr_cdc_inst/dest_graysync_ff_reg[0][4]} {ethernet_one_gbe_skarab_tx_rx_tx_one_gbe/kat_ten_gb_eth_0/tge_tx_inst/tx_packet_fifo_inst/U0/inst_fifo_gen/gconvfifo.rf/grf.rf/gntv_or_sync_fifo.gcx.clkx/wr_pntr_cdc_inst/dest_graysync_ff_reg[0][5]} {ethernet_one_gbe_skarab_tx_rx_tx_one_gbe/kat_ten_gb_eth_0/tge_tx_inst/tx_packet_fifo_inst/U0/inst_fifo_gen/gconvfifo.rf/grf.rf/gntv_or_sync_fifo.gcx.clkx/wr_pntr_cdc_inst/dest_graysync_ff_reg[0][6]} {ethernet_one_gbe_skarab_tx_rx_tx_one_gbe/kat_ten_gb_eth_0/tge_tx_inst/tx_packet_fifo_inst/U0/inst_fifo_gen/gconvfifo.rf/grf.rf/gntv_or_sync_fifo.gcx.clkx/wr_pntr_cdc_inst/dest_graysync_ff_reg[0][7]} {ethernet_one_gbe_skarab_tx_rx_tx_one_gbe/kat_ten_gb_eth_0/tge_tx_inst/tx_packet_fifo_inst/U0/inst_fifo_gen/gconvfifo.rf/grf.rf/gntv_or_sync_fifo.gcx.clkx/wr_pntr_cdc_inst/dest_graysync_ff_reg[0][8]} {ethernet_one_gbe_skarab_tx_rx_tx_one_gbe/kat_ten_gb_eth_0/tge_tx_inst/tx_packet_fifo_inst/U0/inst_fifo_gen/gconvfifo.rf/grf.rf/gntv_or_sync_fifo.gcx.clkx/wr_pntr_cdc_inst/dest_graysync_ff_reg[0][9]}]]
                                                                              Slow              4.335       1.628      2.707


2. Bus Skew Report Per Constraint
---------------------------------

Id: 1
set_bus_skew -from [get_cells [list {ethernet_one_gbe_skarab_tx_rx_tx_one_gbe/kat_ten_gb_eth_0/tge_rx_inst/rx_packet_ctrl_fifo_inst/U0/inst_fifo_gen/gconvfifo.rf/grf.rf/gntv_or_sync_fifo.gcx.clkx/rd_pntr_cdc_inst/src_gray_ff_reg[0]} {ethernet_one_gbe_skarab_tx_rx_tx_one_gbe/kat_ten_gb_eth_0/tge_rx_inst/rx_packet_ctrl_fifo_inst/U0/inst_fifo_gen/gconvfifo.rf/grf.rf/gntv_or_sync_fifo.gcx.clkx/rd_pntr_cdc_inst/src_gray_ff_reg[1]} {ethernet_one_gbe_skarab_tx_rx_tx_one_gbe/kat_ten_gb_eth_0/tge_rx_inst/rx_packet_ctrl_fifo_inst/U0/inst_fifo_gen/gconvfifo.rf/grf.rf/gntv_or_sync_fifo.gcx.clkx/rd_pntr_cdc_inst/src_gray_ff_reg[2]} {ethernet_one_gbe_skarab_tx_rx_tx_one_gbe/kat_ten_gb_eth_0/tge_rx_inst/rx_packet_ctrl_fifo_inst/U0/inst_fifo_gen/gconvfifo.rf/grf.rf/gntv_or_sync_fifo.gcx.clkx/rd_pntr_cdc_inst/src_gray_ff_reg[3]}]] -to [get_cells [list {ethernet_one_gbe_skarab_tx_rx_tx_one_gbe/kat_ten_gb_eth_0/tge_rx_inst/rx_packet_ctrl_fifo_inst/U0/inst_fifo_gen/gconvfifo.rf/grf.rf/gntv_or_sync_fifo.gcx.clkx/rd_pntr_cdc_inst/dest_graysync_ff_reg[0][0]} {ethernet_one_gbe_skarab_tx_rx_tx_one_gbe/kat_ten_gb_eth_0/tge_rx_inst/rx_packet_ctrl_fifo_inst/U0/inst_fifo_gen/gconvfifo.rf/grf.rf/gntv_or_sync_fifo.gcx.clkx/rd_pntr_cdc_inst/dest_graysync_ff_reg[0][1]} {ethernet_one_gbe_skarab_tx_rx_tx_one_gbe/kat_ten_gb_eth_0/tge_rx_inst/rx_packet_ctrl_fifo_inst/U0/inst_fifo_gen/gconvfifo.rf/grf.rf/gntv_or_sync_fifo.gcx.clkx/rd_pntr_cdc_inst/dest_graysync_ff_reg[0][2]} {ethernet_one_gbe_skarab_tx_rx_tx_one_gbe/kat_ten_gb_eth_0/tge_rx_inst/rx_packet_ctrl_fifo_inst/U0/inst_fifo_gen/gconvfifo.rf/grf.rf/gntv_or_sync_fifo.gcx.clkx/rd_pntr_cdc_inst/dest_graysync_ff_reg[0][3]}]] 4.335
Requirement: 4.335ns
Endpoints: 4

From Clock            To Clock              Endpoint Pin                    Reference Pin                   Corner  Actual(ns)  Slack(ns)
--------------------  --------------------  ------------------------------  ------------------------------  ------  ----------  ---------
user_clk_mmcm         sys_clk_mmcm          ethernet_one_gbe_skarab_tx_rx_tx_one_gbe/kat_ten_gb_eth_0/tge_rx_inst/rx_packet_ctrl_fifo_inst/U0/inst_fifo_gen/gconvfifo.rf/grf.rf/gntv_or_sync_fifo.gcx.clkx/rd_pntr_cdc_inst/dest_graysync_ff_reg[0][3]/D
                                                                            ethernet_one_gbe_skarab_tx_rx_tx_one_gbe/kat_ten_gb_eth_0/tge_rx_inst/rx_packet_ctrl_fifo_inst/U0/inst_fifo_gen/gconvfifo.rf/grf.rf/gntv_or_sync_fifo.gcx.clkx/rd_pntr_cdc_inst/dest_graysync_ff_reg[0][1]/D
                                                                                                            Slow         1.384      2.951


Slack (MET) :             2.951ns  (requirement - actual skew)
  Endpoint Source:        ethernet_one_gbe_skarab_tx_rx_tx_one_gbe/kat_ten_gb_eth_0/tge_rx_inst/rx_packet_ctrl_fifo_inst/U0/inst_fifo_gen/gconvfifo.rf/grf.rf/gntv_or_sync_fifo.gcx.clkx/rd_pntr_cdc_inst/src_gray_ff_reg[3]/C
                            (rising edge-triggered cell FDRE clocked by user_clk_mmcm)
  Endpoint Destination:   ethernet_one_gbe_skarab_tx_rx_tx_one_gbe/kat_ten_gb_eth_0/tge_rx_inst/rx_packet_ctrl_fifo_inst/U0/inst_fifo_gen/gconvfifo.rf/grf.rf/gntv_or_sync_fifo.gcx.clkx/rd_pntr_cdc_inst/dest_graysync_ff_reg[0][3]/D
                            (rising edge-triggered cell FDRE clocked by sys_clk_mmcm)
  Reference Source:       ethernet_one_gbe_skarab_tx_rx_tx_one_gbe/kat_ten_gb_eth_0/tge_rx_inst/rx_packet_ctrl_fifo_inst/U0/inst_fifo_gen/gconvfifo.rf/grf.rf/gntv_or_sync_fifo.gcx.clkx/rd_pntr_cdc_inst/src_gray_ff_reg[1]/C
                            (rising edge-triggered cell FDRE clocked by user_clk_mmcm)
  Reference Destination:  ethernet_one_gbe_skarab_tx_rx_tx_one_gbe/kat_ten_gb_eth_0/tge_rx_inst/rx_packet_ctrl_fifo_inst/U0/inst_fifo_gen/gconvfifo.rf/grf.rf/gntv_or_sync_fifo.gcx.clkx/rd_pntr_cdc_inst/dest_graysync_ff_reg[0][1]/D
                            (rising edge-triggered cell FDRE clocked by sys_clk_mmcm)
  Path Type:              Bus Skew (Max at Slow Process Corner)
  Requirement:            4.335ns
  Endpoint Relative Delay:    1.009ns
  Reference Relative Delay:   0.019ns
  Relative CRPR:              0.653ns
  Uncertainty:                1.046ns
  Actual Bus Skew:            1.384ns  (Endpoint Relative Delay - Reference Relative Delay - Relative CRPR + Uncertainty)

Endpoint path:
    Location             Delay type                Incr(ns)  Path(ns)    Netlist Resource(s)
  -------------------------------------------------------------------    -------------------
                         (clock user_clk_mmcm rise edge)
                                                      0.000     0.000 r  
    AU15                                              0.000     0.000 r  FPGA_REFCLK_BUF0_P (IN)
                         net (fo=0)                   0.000     0.000    skarab_infr/FPGA_REFCLK_BUF0_P
    AU15                 IBUFDS (Prop_ibufds_I_O)     0.958     0.958 r  skarab_infr/refclk_0_ibufgds/O
                         net (fo=2, routed)           1.121     2.079    skarab_infr/refclk_0
    MMCME2_ADV_X1Y5      MMCME2_ADV (Prop_mmcme2_adv_CLKIN1_CLKOUT0)
                                                      0.077     2.156 r  skarab_infr/USER_CLK_MMCM_inst/CLKOUT0
                         net (fo=1, routed)           1.463     3.619    skarab_infr/user_clk_mmcm
    BUFGCTRL_X0Y19       BUFG (Prop_bufg_I_O)         0.093     3.712 r  skarab_infr/user_clk_BUFG_inst/O
                         net (fo=2907, routed)        1.400     5.112    ethernet_one_gbe_skarab_tx_rx_tx_one_gbe/kat_ten_gb_eth_0/tge_rx_inst/rx_packet_ctrl_fifo_inst/U0/inst_fifo_gen/gconvfifo.rf/grf.rf/gntv_or_sync_fifo.gcx.clkx/rd_pntr_cdc_inst/src_clk
    SLICE_X120Y183       FDRE                                         r  ethernet_one_gbe_skarab_tx_rx_tx_one_gbe/kat_ten_gb_eth_0/tge_rx_inst/rx_packet_ctrl_fifo_inst/U0/inst_fifo_gen/gconvfifo.rf/grf.rf/gntv_or_sync_fifo.gcx.clkx/rd_pntr_cdc_inst/src_gray_ff_reg[3]/C
  -------------------------------------------------------------------    -------------------
    SLICE_X120Y183       FDRE (Prop_fdre_C_Q)         0.236     5.348 r  ethernet_one_gbe_skarab_tx_rx_tx_one_gbe/kat_ten_gb_eth_0/tge_rx_inst/rx_packet_ctrl_fifo_inst/U0/inst_fifo_gen/gconvfifo.rf/grf.rf/gntv_or_sync_fifo.gcx.clkx/rd_pntr_cdc_inst/src_gray_ff_reg[3]/Q
                         net (fo=1, routed)           0.285     5.633    ethernet_one_gbe_skarab_tx_rx_tx_one_gbe/kat_ten_gb_eth_0/tge_rx_inst/rx_packet_ctrl_fifo_inst/U0/inst_fifo_gen/gconvfifo.rf/grf.rf/gntv_or_sync_fifo.gcx.clkx/rd_pntr_cdc_inst/async_path[3]
    SLICE_X119Y183       FDRE                                         r  ethernet_one_gbe_skarab_tx_rx_tx_one_gbe/kat_ten_gb_eth_0/tge_rx_inst/rx_packet_ctrl_fifo_inst/U0/inst_fifo_gen/gconvfifo.rf/grf.rf/gntv_or_sync_fifo.gcx.clkx/rd_pntr_cdc_inst/dest_graysync_ff_reg[0][3]/D
  -------------------------------------------------------------------    -------------------

                         (clock sys_clk_mmcm rise edge)
                                                      0.000     0.000 r  
    AU15                                              0.000     0.000 r  FPGA_REFCLK_BUF0_P (IN)
                         net (fo=0)                   0.000     0.000    skarab_infr/FPGA_REFCLK_BUF0_P
    AU15                 IBUFDS (Prop_ibufds_I_O)     0.855     0.855 r  skarab_infr/refclk_0_ibufgds/O
                         net (fo=2, routed)           0.986     1.841    skarab_infr/refclk_0
    MMCME2_ADV_X1Y4      MMCME2_ADV (Prop_mmcme2_adv_CLKIN1_CLKOUT0)
                                                      0.073     1.914 r  skarab_infr/SYS_CLK_MMCM_inst/CLKOUT0
                         net (fo=1, routed)           1.350     3.264    skarab_infr/sys_clk_mmcm
    BUFGCTRL_X0Y0        BUFG (Prop_bufg_I_O)         0.083     3.347 r  skarab_infr/sys_clk_BUFG_inst/O
                         net (fo=2840, routed)        1.263     4.610    ethernet_one_gbe_skarab_tx_rx_tx_one_gbe/kat_ten_gb_eth_0/tge_rx_inst/rx_packet_ctrl_fifo_inst/U0/inst_fifo_gen/gconvfifo.rf/grf.rf/gntv_or_sync_fifo.gcx.clkx/rd_pntr_cdc_inst/dest_clk
    SLICE_X119Y183       FDRE                                         r  ethernet_one_gbe_skarab_tx_rx_tx_one_gbe/kat_ten_gb_eth_0/tge_rx_inst/rx_packet_ctrl_fifo_inst/U0/inst_fifo_gen/gconvfifo.rf/grf.rf/gntv_or_sync_fifo.gcx.clkx/rd_pntr_cdc_inst/dest_graysync_ff_reg[0][3]/C
                         clock pessimism              0.103     4.713    
    SLICE_X119Y183       FDRE (Setup_fdre_C_D)       -0.089     4.624    ethernet_one_gbe_skarab_tx_rx_tx_one_gbe/kat_ten_gb_eth_0/tge_rx_inst/rx_packet_ctrl_fifo_inst/U0/inst_fifo_gen/gconvfifo.rf/grf.rf/gntv_or_sync_fifo.gcx.clkx/rd_pntr_cdc_inst/dest_graysync_ff_reg[0][3]
  -------------------------------------------------------------------
                         data arrival                           5.633    
                         clock arrival                          4.624    
  -------------------------------------------------------------------
                         relative delay                         1.009    

Reference path:
    Location             Delay type                Incr(ns)  Path(ns)    Netlist Resource(s)
  -------------------------------------------------------------------    -------------------
                         (clock user_clk_mmcm rise edge)
                                                      0.000     0.000 r  
    AU15                                              0.000     0.000 r  FPGA_REFCLK_BUF0_P (IN)
                         net (fo=0)                   0.000     0.000    skarab_infr/FPGA_REFCLK_BUF0_P
    AU15                 IBUFDS (Prop_ibufds_I_O)     0.855     0.855 r  skarab_infr/refclk_0_ibufgds/O
                         net (fo=2, routed)           1.018     1.873    skarab_infr/refclk_0
    MMCME2_ADV_X1Y5      MMCME2_ADV (Prop_mmcme2_adv_CLKIN1_CLKOUT0)
                                                      0.073     1.946 r  skarab_infr/USER_CLK_MMCM_inst/CLKOUT0
                         net (fo=1, routed)           1.350     3.296    skarab_infr/user_clk_mmcm
    BUFGCTRL_X0Y19       BUFG (Prop_bufg_I_O)         0.083     3.379 r  skarab_infr/user_clk_BUFG_inst/O
                         net (fo=2907, routed)        1.266     4.645    ethernet_one_gbe_skarab_tx_rx_tx_one_gbe/kat_ten_gb_eth_0/tge_rx_inst/rx_packet_ctrl_fifo_inst/U0/inst_fifo_gen/gconvfifo.rf/grf.rf/gntv_or_sync_fifo.gcx.clkx/rd_pntr_cdc_inst/src_clk
    SLICE_X121Y183       FDRE                                         r  ethernet_one_gbe_skarab_tx_rx_tx_one_gbe/kat_ten_gb_eth_0/tge_rx_inst/rx_packet_ctrl_fifo_inst/U0/inst_fifo_gen/gconvfifo.rf/grf.rf/gntv_or_sync_fifo.gcx.clkx/rd_pntr_cdc_inst/src_gray_ff_reg[1]/C
  -------------------------------------------------------------------    -------------------
    SLICE_X121Y183       FDRE (Prop_fdre_C_Q)         0.162     4.807 r  ethernet_one_gbe_skarab_tx_rx_tx_one_gbe/kat_ten_gb_eth_0/tge_rx_inst/rx_packet_ctrl_fifo_inst/U0/inst_fifo_gen/gconvfifo.rf/grf.rf/gntv_or_sync_fifo.gcx.clkx/rd_pntr_cdc_inst/src_gray_ff_reg[1]/Q
                         net (fo=1, routed)           0.231     5.038    ethernet_one_gbe_skarab_tx_rx_tx_one_gbe/kat_ten_gb_eth_0/tge_rx_inst/rx_packet_ctrl_fifo_inst/U0/inst_fifo_gen/gconvfifo.rf/grf.rf/gntv_or_sync_fifo.gcx.clkx/rd_pntr_cdc_inst/async_path[1]
    SLICE_X121Y184       FDRE                                         r  ethernet_one_gbe_skarab_tx_rx_tx_one_gbe/kat_ten_gb_eth_0/tge_rx_inst/rx_packet_ctrl_fifo_inst/U0/inst_fifo_gen/gconvfifo.rf/grf.rf/gntv_or_sync_fifo.gcx.clkx/rd_pntr_cdc_inst/dest_graysync_ff_reg[0][1]/D
  -------------------------------------------------------------------    -------------------

                         (clock sys_clk_mmcm rise edge)
                                                      0.000     0.000 r  
    AU15                                              0.000     0.000 r  FPGA_REFCLK_BUF0_P (IN)
                         net (fo=0)                   0.000     0.000    skarab_infr/FPGA_REFCLK_BUF0_P
    AU15                 IBUFDS (Prop_ibufds_I_O)     0.958     0.958 r  skarab_infr/refclk_0_ibufgds/O
                         net (fo=2, routed)           1.081     2.039    skarab_infr/refclk_0
    MMCME2_ADV_X1Y4      MMCME2_ADV (Prop_mmcme2_adv_CLKIN1_CLKOUT0)
                                                      0.077     2.116 r  skarab_infr/SYS_CLK_MMCM_inst/CLKOUT0
                         net (fo=1, routed)           1.463     3.579    skarab_infr/sys_clk_mmcm
    BUFGCTRL_X0Y0        BUFG (Prop_bufg_I_O)         0.093     3.672 r  skarab_infr/sys_clk_BUFG_inst/O
                         net (fo=2840, routed)        1.399     5.071    ethernet_one_gbe_skarab_tx_rx_tx_one_gbe/kat_ten_gb_eth_0/tge_rx_inst/rx_packet_ctrl_fifo_inst/U0/inst_fifo_gen/gconvfifo.rf/grf.rf/gntv_or_sync_fifo.gcx.clkx/rd_pntr_cdc_inst/dest_clk
    SLICE_X121Y184       FDRE                                         r  ethernet_one_gbe_skarab_tx_rx_tx_one_gbe/kat_ten_gb_eth_0/tge_rx_inst/rx_packet_ctrl_fifo_inst/U0/inst_fifo_gen/gconvfifo.rf/grf.rf/gntv_or_sync_fifo.gcx.clkx/rd_pntr_cdc_inst/dest_graysync_ff_reg[0][1]/C
                         clock pessimism             -0.103     4.968    
    SLICE_X121Y184       FDRE (Hold_fdre_C_D)         0.051     5.019    ethernet_one_gbe_skarab_tx_rx_tx_one_gbe/kat_ten_gb_eth_0/tge_rx_inst/rx_packet_ctrl_fifo_inst/U0/inst_fifo_gen/gconvfifo.rf/grf.rf/gntv_or_sync_fifo.gcx.clkx/rd_pntr_cdc_inst/dest_graysync_ff_reg[0][1]
  -------------------------------------------------------------------
                         data arrival                           5.038    
                         clock arrival                          5.019    
  -------------------------------------------------------------------
                         relative delay                         0.019    



Id: 2
set_bus_skew -from [get_cells [list {ethernet_one_gbe_skarab_tx_rx_tx_one_gbe/kat_ten_gb_eth_0/tge_rx_inst/rx_packet_ctrl_fifo_inst/U0/inst_fifo_gen/gconvfifo.rf/grf.rf/gntv_or_sync_fifo.gcx.clkx/wr_pntr_cdc_inst/src_gray_ff_reg[0]} {ethernet_one_gbe_skarab_tx_rx_tx_one_gbe/kat_ten_gb_eth_0/tge_rx_inst/rx_packet_ctrl_fifo_inst/U0/inst_fifo_gen/gconvfifo.rf/grf.rf/gntv_or_sync_fifo.gcx.clkx/wr_pntr_cdc_inst/src_gray_ff_reg[1]} {ethernet_one_gbe_skarab_tx_rx_tx_one_gbe/kat_ten_gb_eth_0/tge_rx_inst/rx_packet_ctrl_fifo_inst/U0/inst_fifo_gen/gconvfifo.rf/grf.rf/gntv_or_sync_fifo.gcx.clkx/wr_pntr_cdc_inst/src_gray_ff_reg[2]} {ethernet_one_gbe_skarab_tx_rx_tx_one_gbe/kat_ten_gb_eth_0/tge_rx_inst/rx_packet_ctrl_fifo_inst/U0/inst_fifo_gen/gconvfifo.rf/grf.rf/gntv_or_sync_fifo.gcx.clkx/wr_pntr_cdc_inst/src_gray_ff_reg[3]}]] -to [get_cells [list {ethernet_one_gbe_skarab_tx_rx_tx_one_gbe/kat_ten_gb_eth_0/tge_rx_inst/rx_packet_ctrl_fifo_inst/U0/inst_fifo_gen/gconvfifo.rf/grf.rf/gntv_or_sync_fifo.gcx.clkx/wr_pntr_cdc_inst/dest_graysync_ff_reg[0][0]} {ethernet_one_gbe_skarab_tx_rx_tx_one_gbe/kat_ten_gb_eth_0/tge_rx_inst/rx_packet_ctrl_fifo_inst/U0/inst_fifo_gen/gconvfifo.rf/grf.rf/gntv_or_sync_fifo.gcx.clkx/wr_pntr_cdc_inst/dest_graysync_ff_reg[0][1]} {ethernet_one_gbe_skarab_tx_rx_tx_one_gbe/kat_ten_gb_eth_0/tge_rx_inst/rx_packet_ctrl_fifo_inst/U0/inst_fifo_gen/gconvfifo.rf/grf.rf/gntv_or_sync_fifo.gcx.clkx/wr_pntr_cdc_inst/dest_graysync_ff_reg[0][2]} {ethernet_one_gbe_skarab_tx_rx_tx_one_gbe/kat_ten_gb_eth_0/tge_rx_inst/rx_packet_ctrl_fifo_inst/U0/inst_fifo_gen/gconvfifo.rf/grf.rf/gntv_or_sync_fifo.gcx.clkx/wr_pntr_cdc_inst/dest_graysync_ff_reg[0][3]}]] 4.335
Requirement: 4.335ns
Endpoints: 4

From Clock            To Clock              Endpoint Pin                    Reference Pin                   Corner  Actual(ns)  Slack(ns)
--------------------  --------------------  ------------------------------  ------------------------------  ------  ----------  ---------
sys_clk_mmcm          user_clk_mmcm         ethernet_one_gbe_skarab_tx_rx_tx_one_gbe/kat_ten_gb_eth_0/tge_rx_inst/rx_packet_ctrl_fifo_inst/U0/inst_fifo_gen/gconvfifo.rf/grf.rf/gntv_or_sync_fifo.gcx.clkx/wr_pntr_cdc_inst/dest_graysync_ff_reg[0][1]/D
                                                                            ethernet_one_gbe_skarab_tx_rx_tx_one_gbe/kat_ten_gb_eth_0/tge_rx_inst/rx_packet_ctrl_fifo_inst/U0/inst_fifo_gen/gconvfifo.rf/grf.rf/gntv_or_sync_fifo.gcx.clkx/wr_pntr_cdc_inst/dest_graysync_ff_reg[0][3]/D
                                                                                                            Slow         1.397      2.938


Slack (MET) :             2.938ns  (requirement - actual skew)
  Endpoint Source:        ethernet_one_gbe_skarab_tx_rx_tx_one_gbe/kat_ten_gb_eth_0/tge_rx_inst/rx_packet_ctrl_fifo_inst/U0/inst_fifo_gen/gconvfifo.rf/grf.rf/gntv_or_sync_fifo.gcx.clkx/wr_pntr_cdc_inst/src_gray_ff_reg[1]/C
                            (rising edge-triggered cell FDRE clocked by sys_clk_mmcm)
  Endpoint Destination:   ethernet_one_gbe_skarab_tx_rx_tx_one_gbe/kat_ten_gb_eth_0/tge_rx_inst/rx_packet_ctrl_fifo_inst/U0/inst_fifo_gen/gconvfifo.rf/grf.rf/gntv_or_sync_fifo.gcx.clkx/wr_pntr_cdc_inst/dest_graysync_ff_reg[0][1]/D
                            (rising edge-triggered cell FDRE clocked by user_clk_mmcm)
  Reference Source:       ethernet_one_gbe_skarab_tx_rx_tx_one_gbe/kat_ten_gb_eth_0/tge_rx_inst/rx_packet_ctrl_fifo_inst/U0/inst_fifo_gen/gconvfifo.rf/grf.rf/gntv_or_sync_fifo.gcx.clkx/wr_pntr_cdc_inst/src_gray_ff_reg[3]/C
                            (rising edge-triggered cell FDRE clocked by sys_clk_mmcm)
  Reference Destination:  ethernet_one_gbe_skarab_tx_rx_tx_one_gbe/kat_ten_gb_eth_0/tge_rx_inst/rx_packet_ctrl_fifo_inst/U0/inst_fifo_gen/gconvfifo.rf/grf.rf/gntv_or_sync_fifo.gcx.clkx/wr_pntr_cdc_inst/dest_graysync_ff_reg[0][3]/D
                            (rising edge-triggered cell FDRE clocked by user_clk_mmcm)
  Path Type:              Bus Skew (Max at Slow Process Corner)
  Requirement:            4.335ns
  Endpoint Relative Delay:    0.933ns
  Reference Relative Delay:  -0.046ns
  Relative CRPR:              0.628ns
  Uncertainty:                1.046ns
  Actual Bus Skew:            1.397ns  (Endpoint Relative Delay - Reference Relative Delay - Relative CRPR + Uncertainty)

Endpoint path:
    Location             Delay type                Incr(ns)  Path(ns)    Netlist Resource(s)
  -------------------------------------------------------------------    -------------------
                         (clock sys_clk_mmcm rise edge)
                                                      0.000     0.000 r  
    AU15                                              0.000     0.000 r  FPGA_REFCLK_BUF0_P (IN)
                         net (fo=0)                   0.000     0.000    skarab_infr/FPGA_REFCLK_BUF0_P
    AU15                 IBUFDS (Prop_ibufds_I_O)     0.958     0.958 r  skarab_infr/refclk_0_ibufgds/O
                         net (fo=2, routed)           1.081     2.039    skarab_infr/refclk_0
    MMCME2_ADV_X1Y4      MMCME2_ADV (Prop_mmcme2_adv_CLKIN1_CLKOUT0)
                                                      0.077     2.116 r  skarab_infr/SYS_CLK_MMCM_inst/CLKOUT0
                         net (fo=1, routed)           1.463     3.579    skarab_infr/sys_clk_mmcm
    BUFGCTRL_X0Y0        BUFG (Prop_bufg_I_O)         0.093     3.672 r  skarab_infr/sys_clk_BUFG_inst/O
                         net (fo=2840, routed)        1.398     5.070    ethernet_one_gbe_skarab_tx_rx_tx_one_gbe/kat_ten_gb_eth_0/tge_rx_inst/rx_packet_ctrl_fifo_inst/U0/inst_fifo_gen/gconvfifo.rf/grf.rf/gntv_or_sync_fifo.gcx.clkx/wr_pntr_cdc_inst/src_clk
    SLICE_X122Y183       FDRE                                         r  ethernet_one_gbe_skarab_tx_rx_tx_one_gbe/kat_ten_gb_eth_0/tge_rx_inst/rx_packet_ctrl_fifo_inst/U0/inst_fifo_gen/gconvfifo.rf/grf.rf/gntv_or_sync_fifo.gcx.clkx/wr_pntr_cdc_inst/src_gray_ff_reg[1]/C
  -------------------------------------------------------------------    -------------------
    SLICE_X122Y183       FDRE (Prop_fdre_C_Q)         0.236     5.306 r  ethernet_one_gbe_skarab_tx_rx_tx_one_gbe/kat_ten_gb_eth_0/tge_rx_inst/rx_packet_ctrl_fifo_inst/U0/inst_fifo_gen/gconvfifo.rf/grf.rf/gntv_or_sync_fifo.gcx.clkx/wr_pntr_cdc_inst/src_gray_ff_reg[1]/Q
                         net (fo=1, routed)           0.286     5.592    ethernet_one_gbe_skarab_tx_rx_tx_one_gbe/kat_ten_gb_eth_0/tge_rx_inst/rx_packet_ctrl_fifo_inst/U0/inst_fifo_gen/gconvfifo.rf/grf.rf/gntv_or_sync_fifo.gcx.clkx/wr_pntr_cdc_inst/async_path[1]
    SLICE_X121Y183       FDRE                                         r  ethernet_one_gbe_skarab_tx_rx_tx_one_gbe/kat_ten_gb_eth_0/tge_rx_inst/rx_packet_ctrl_fifo_inst/U0/inst_fifo_gen/gconvfifo.rf/grf.rf/gntv_or_sync_fifo.gcx.clkx/wr_pntr_cdc_inst/dest_graysync_ff_reg[0][1]/D
  -------------------------------------------------------------------    -------------------

                         (clock user_clk_mmcm rise edge)
                                                      0.000     0.000 r  
    AU15                                              0.000     0.000 r  FPGA_REFCLK_BUF0_P (IN)
                         net (fo=0)                   0.000     0.000    skarab_infr/FPGA_REFCLK_BUF0_P
    AU15                 IBUFDS (Prop_ibufds_I_O)     0.855     0.855 r  skarab_infr/refclk_0_ibufgds/O
                         net (fo=2, routed)           1.018     1.873    skarab_infr/refclk_0
    MMCME2_ADV_X1Y5      MMCME2_ADV (Prop_mmcme2_adv_CLKIN1_CLKOUT0)
                                                      0.073     1.946 r  skarab_infr/USER_CLK_MMCM_inst/CLKOUT0
                         net (fo=1, routed)           1.350     3.296    skarab_infr/user_clk_mmcm
    BUFGCTRL_X0Y19       BUFG (Prop_bufg_I_O)         0.083     3.379 r  skarab_infr/user_clk_BUFG_inst/O
                         net (fo=2907, routed)        1.266     4.645    ethernet_one_gbe_skarab_tx_rx_tx_one_gbe/kat_ten_gb_eth_0/tge_rx_inst/rx_packet_ctrl_fifo_inst/U0/inst_fifo_gen/gconvfifo.rf/grf.rf/gntv_or_sync_fifo.gcx.clkx/wr_pntr_cdc_inst/dest_clk
    SLICE_X121Y183       FDRE                                         r  ethernet_one_gbe_skarab_tx_rx_tx_one_gbe/kat_ten_gb_eth_0/tge_rx_inst/rx_packet_ctrl_fifo_inst/U0/inst_fifo_gen/gconvfifo.rf/grf.rf/gntv_or_sync_fifo.gcx.clkx/wr_pntr_cdc_inst/dest_graysync_ff_reg[0][1]/C
                         clock pessimism              0.103     4.748    
    SLICE_X121Y183       FDRE (Setup_fdre_C_D)       -0.089     4.659    ethernet_one_gbe_skarab_tx_rx_tx_one_gbe/kat_ten_gb_eth_0/tge_rx_inst/rx_packet_ctrl_fifo_inst/U0/inst_fifo_gen/gconvfifo.rf/grf.rf/gntv_or_sync_fifo.gcx.clkx/wr_pntr_cdc_inst/dest_graysync_ff_reg[0][1]
  -------------------------------------------------------------------
                         data arrival                           5.592    
                         clock arrival                          4.659    
  -------------------------------------------------------------------
                         relative delay                         0.933    

Reference path:
    Location             Delay type                Incr(ns)  Path(ns)    Netlist Resource(s)
  -------------------------------------------------------------------    -------------------
                         (clock sys_clk_mmcm rise edge)
                                                      0.000     0.000 r  
    AU15                                              0.000     0.000 r  FPGA_REFCLK_BUF0_P (IN)
                         net (fo=0)                   0.000     0.000    skarab_infr/FPGA_REFCLK_BUF0_P
    AU15                 IBUFDS (Prop_ibufds_I_O)     0.855     0.855 r  skarab_infr/refclk_0_ibufgds/O
                         net (fo=2, routed)           0.986     1.841    skarab_infr/refclk_0
    MMCME2_ADV_X1Y4      MMCME2_ADV (Prop_mmcme2_adv_CLKIN1_CLKOUT0)
                                                      0.073     1.914 r  skarab_infr/SYS_CLK_MMCM_inst/CLKOUT0
                         net (fo=1, routed)           1.350     3.264    skarab_infr/sys_clk_mmcm
    BUFGCTRL_X0Y0        BUFG (Prop_bufg_I_O)         0.083     3.347 r  skarab_infr/sys_clk_BUFG_inst/O
                         net (fo=2840, routed)        1.263     4.610    ethernet_one_gbe_skarab_tx_rx_tx_one_gbe/kat_ten_gb_eth_0/tge_rx_inst/rx_packet_ctrl_fifo_inst/U0/inst_fifo_gen/gconvfifo.rf/grf.rf/gntv_or_sync_fifo.gcx.clkx/wr_pntr_cdc_inst/src_clk
    SLICE_X119Y183       FDRE                                         r  ethernet_one_gbe_skarab_tx_rx_tx_one_gbe/kat_ten_gb_eth_0/tge_rx_inst/rx_packet_ctrl_fifo_inst/U0/inst_fifo_gen/gconvfifo.rf/grf.rf/gntv_or_sync_fifo.gcx.clkx/wr_pntr_cdc_inst/src_gray_ff_reg[3]/C
  -------------------------------------------------------------------    -------------------
    SLICE_X119Y183       FDRE (Prop_fdre_C_Q)         0.178     4.788 r  ethernet_one_gbe_skarab_tx_rx_tx_one_gbe/kat_ten_gb_eth_0/tge_rx_inst/rx_packet_ctrl_fifo_inst/U0/inst_fifo_gen/gconvfifo.rf/grf.rf/gntv_or_sync_fifo.gcx.clkx/wr_pntr_cdc_inst/src_gray_ff_reg[3]/Q
                         net (fo=1, routed)           0.326     5.114    ethernet_one_gbe_skarab_tx_rx_tx_one_gbe/kat_ten_gb_eth_0/tge_rx_inst/rx_packet_ctrl_fifo_inst/U0/inst_fifo_gen/gconvfifo.rf/grf.rf/gntv_or_sync_fifo.gcx.clkx/wr_pntr_cdc_inst/async_path[3]
    SLICE_X118Y183       FDRE                                         r  ethernet_one_gbe_skarab_tx_rx_tx_one_gbe/kat_ten_gb_eth_0/tge_rx_inst/rx_packet_ctrl_fifo_inst/U0/inst_fifo_gen/gconvfifo.rf/grf.rf/gntv_or_sync_fifo.gcx.clkx/wr_pntr_cdc_inst/dest_graysync_ff_reg[0][3]/D
  -------------------------------------------------------------------    -------------------

                         (clock user_clk_mmcm rise edge)
                                                      0.000     0.000 r  
    AU15                                              0.000     0.000 r  FPGA_REFCLK_BUF0_P (IN)
                         net (fo=0)                   0.000     0.000    skarab_infr/FPGA_REFCLK_BUF0_P
    AU15                 IBUFDS (Prop_ibufds_I_O)     0.958     0.958 r  skarab_infr/refclk_0_ibufgds/O
                         net (fo=2, routed)           1.121     2.079    skarab_infr/refclk_0
    MMCME2_ADV_X1Y5      MMCME2_ADV (Prop_mmcme2_adv_CLKIN1_CLKOUT0)
                                                      0.077     2.156 r  skarab_infr/USER_CLK_MMCM_inst/CLKOUT0
                         net (fo=1, routed)           1.463     3.619    skarab_infr/user_clk_mmcm
    BUFGCTRL_X0Y19       BUFG (Prop_bufg_I_O)         0.093     3.712 r  skarab_infr/user_clk_BUFG_inst/O
                         net (fo=2907, routed)        1.399     5.111    ethernet_one_gbe_skarab_tx_rx_tx_one_gbe/kat_ten_gb_eth_0/tge_rx_inst/rx_packet_ctrl_fifo_inst/U0/inst_fifo_gen/gconvfifo.rf/grf.rf/gntv_or_sync_fifo.gcx.clkx/wr_pntr_cdc_inst/dest_clk
    SLICE_X118Y183       FDRE                                         r  ethernet_one_gbe_skarab_tx_rx_tx_one_gbe/kat_ten_gb_eth_0/tge_rx_inst/rx_packet_ctrl_fifo_inst/U0/inst_fifo_gen/gconvfifo.rf/grf.rf/gntv_or_sync_fifo.gcx.clkx/wr_pntr_cdc_inst/dest_graysync_ff_reg[0][3]/C
                         clock pessimism             -0.103     5.008    
    SLICE_X118Y183       FDRE (Hold_fdre_C_D)         0.152     5.160    ethernet_one_gbe_skarab_tx_rx_tx_one_gbe/kat_ten_gb_eth_0/tge_rx_inst/rx_packet_ctrl_fifo_inst/U0/inst_fifo_gen/gconvfifo.rf/grf.rf/gntv_or_sync_fifo.gcx.clkx/wr_pntr_cdc_inst/dest_graysync_ff_reg[0][3]
  -------------------------------------------------------------------
                         data arrival                           5.114    
                         clock arrival                          5.160    
  -------------------------------------------------------------------
                         relative delay                        -0.046    



Id: 3
set_bus_skew -from [get_cells [list {ethernet_one_gbe_skarab_tx_rx_tx_one_gbe/kat_ten_gb_eth_0/tge_rx_inst/use_bram.rx_packet_fifo_bram_inst/U0/inst_fifo_gen/gconvfifo.rf/grf.rf/gntv_or_sync_fifo.gcx.clkx/rd_pntr_cdc_inst/src_gray_ff_reg[0]} {ethernet_one_gbe_skarab_tx_rx_tx_one_gbe/kat_ten_gb_eth_0/tge_rx_inst/use_bram.rx_packet_fifo_bram_inst/U0/inst_fifo_gen/gconvfifo.rf/grf.rf/gntv_or_sync_fifo.gcx.clkx/rd_pntr_cdc_inst/src_gray_ff_reg[1]} {ethernet_one_gbe_skarab_tx_rx_tx_one_gbe/kat_ten_gb_eth_0/tge_rx_inst/use_bram.rx_packet_fifo_bram_inst/U0/inst_fifo_gen/gconvfifo.rf/grf.rf/gntv_or_sync_fifo.gcx.clkx/rd_pntr_cdc_inst/src_gray_ff_reg[2]} {ethernet_one_gbe_skarab_tx_rx_tx_one_gbe/kat_ten_gb_eth_0/tge_rx_inst/use_bram.rx_packet_fifo_bram_inst/U0/inst_fifo_gen/gconvfifo.rf/grf.rf/gntv_or_sync_fifo.gcx.clkx/rd_pntr_cdc_inst/src_gray_ff_reg[3]} {ethernet_one_gbe_skarab_tx_rx_tx_one_gbe/kat_ten_gb_eth_0/tge_rx_inst/use_bram.rx_packet_fifo_bram_inst/U0/inst_fifo_gen/gconvfifo.rf/grf.rf/gntv_or_sync_fifo.gcx.clkx/rd_pntr_cdc_inst/src_gray_ff_reg[4]} {ethernet_one_gbe_skarab_tx_rx_tx_one_gbe/kat_ten_gb_eth_0/tge_rx_inst/use_bram.rx_packet_fifo_bram_inst/U0/inst_fifo_gen/gconvfifo.rf/grf.rf/gntv_or_sync_fifo.gcx.clkx/rd_pntr_cdc_inst/src_gray_ff_reg[5]} {ethernet_one_gbe_skarab_tx_rx_tx_one_gbe/kat_ten_gb_eth_0/tge_rx_inst/use_bram.rx_packet_fifo_bram_inst/U0/inst_fifo_gen/gconvfifo.rf/grf.rf/gntv_or_sync_fifo.gcx.clkx/rd_pntr_cdc_inst/src_gray_ff_reg[6]} {ethernet_one_gbe_skarab_tx_rx_tx_one_gbe/kat_ten_gb_eth_0/tge_rx_inst/use_bram.rx_packet_fifo_bram_inst/U0/inst_fifo_gen/gconvfifo.rf/grf.rf/gntv_or_sync_fifo.gcx.clkx/rd_pntr_cdc_inst/src_gray_ff_reg[7]} {ethernet_one_gbe_skarab_tx_rx_tx_one_gbe/kat_ten_gb_eth_0/tge_rx_inst/use_bram.rx_packet_fifo_bram_inst/U0/inst_fifo_gen/gconvfifo.rf/grf.rf/gntv_or_sync_fifo.gcx.clkx/rd_pntr_cdc_inst/src_gray_ff_reg[8]} {ethernet_one_gbe_skarab_tx_rx_tx_one_gbe/kat_ten_gb_eth_0/tge_rx_inst/use_bram.rx_packet_fifo_bram_inst/U0/inst_fifo_gen/gconvfifo.rf/grf.rf/gntv_or_sync_fifo.gcx.clkx/rd_pntr_cdc_inst/src_gray_ff_reg[9]}]] -to [get_cells [list {ethernet_one_gbe_skarab_tx_rx_tx_one_gbe/kat_ten_gb_eth_0/tge_rx_inst/use_bram.rx_packet_fifo_bram_inst/U0/inst_fifo_gen/gconvfifo.rf/grf.rf/gntv_or_sync_fifo.gcx.clkx/rd_pntr_cdc_inst/dest_graysync_ff_reg[0][0]} {ethernet_one_gbe_skarab_tx_rx_tx_one_gbe/kat_ten_gb_eth_0/tge_rx_inst/use_bram.rx_packet_fifo_bram_inst/U0/inst_fifo_gen/gconvfifo.rf/grf.rf/gntv_or_sync_fifo.gcx.clkx/rd_pntr_cdc_inst/dest_graysync_ff_reg[0][1]} {ethernet_one_gbe_skarab_tx_rx_tx_one_gbe/kat_ten_gb_eth_0/tge_rx_inst/use_bram.rx_packet_fifo_bram_inst/U0/inst_fifo_gen/gconvfifo.rf/grf.rf/gntv_or_sync_fifo.gcx.clkx/rd_pntr_cdc_inst/dest_graysync_ff_reg[0][2]} {ethernet_one_gbe_skarab_tx_rx_tx_one_gbe/kat_ten_gb_eth_0/tge_rx_inst/use_bram.rx_packet_fifo_bram_inst/U0/inst_fifo_gen/gconvfifo.rf/grf.rf/gntv_or_sync_fifo.gcx.clkx/rd_pntr_cdc_inst/dest_graysync_ff_reg[0][3]} {ethernet_one_gbe_skarab_tx_rx_tx_one_gbe/kat_ten_gb_eth_0/tge_rx_inst/use_bram.rx_packet_fifo_bram_inst/U0/inst_fifo_gen/gconvfifo.rf/grf.rf/gntv_or_sync_fifo.gcx.clkx/rd_pntr_cdc_inst/dest_graysync_ff_reg[0][4]} {ethernet_one_gbe_skarab_tx_rx_tx_one_gbe/kat_ten_gb_eth_0/tge_rx_inst/use_bram.rx_packet_fifo_bram_inst/U0/inst_fifo_gen/gconvfifo.rf/grf.rf/gntv_or_sync_fifo.gcx.clkx/rd_pntr_cdc_inst/dest_graysync_ff_reg[0][5]} {ethernet_one_gbe_skarab_tx_rx_tx_one_gbe/kat_ten_gb_eth_0/tge_rx_inst/use_bram.rx_packet_fifo_bram_inst/U0/inst_fifo_gen/gconvfifo.rf/grf.rf/gntv_or_sync_fifo.gcx.clkx/rd_pntr_cdc_inst/dest_graysync_ff_reg[0][6]} {ethernet_one_gbe_skarab_tx_rx_tx_one_gbe/kat_ten_gb_eth_0/tge_rx_inst/use_bram.rx_packet_fifo_bram_inst/U0/inst_fifo_gen/gconvfifo.rf/grf.rf/gntv_or_sync_fifo.gcx.clkx/rd_pntr_cdc_inst/dest_graysync_ff_reg[0][7]} {ethernet_one_gbe_skarab_tx_rx_tx_one_gbe/kat_ten_gb_eth_0/tge_rx_inst/use_bram.rx_packet_fifo_bram_inst/U0/inst_fifo_gen/gconvfifo.rf/grf.rf/gntv_or_sync_fifo.gcx.clkx/rd_pntr_cdc_inst/dest_graysync_ff_reg[0][8]} {ethernet_one_gbe_skarab_tx_rx_tx_one_gbe/kat_ten_gb_eth_0/tge_rx_inst/use_bram.rx_packet_fifo_bram_inst/U0/inst_fifo_gen/gconvfifo.rf/grf.rf/gntv_or_sync_fifo.gcx.clkx/rd_pntr_cdc_inst/dest_graysync_ff_reg[0][9]}]] 4.335
Requirement: 4.335ns
Endpoints: 10

From Clock            To Clock              Endpoint Pin                    Reference Pin                   Corner  Actual(ns)  Slack(ns)
--------------------  --------------------  ------------------------------  ------------------------------  ------  ----------  ---------
user_clk_mmcm         sys_clk_mmcm          ethernet_one_gbe_skarab_tx_rx_tx_one_gbe/kat_ten_gb_eth_0/tge_rx_inst/use_bram.rx_packet_fifo_bram_inst/U0/inst_fifo_gen/gconvfifo.rf/grf.rf/gntv_or_sync_fifo.gcx.clkx/rd_pntr_cdc_inst/dest_graysync_ff_reg[0][9]/D
                                                                            ethernet_one_gbe_skarab_tx_rx_tx_one_gbe/kat_ten_gb_eth_0/tge_rx_inst/use_bram.rx_packet_fifo_bram_inst/U0/inst_fifo_gen/gconvfifo.rf/grf.rf/gntv_or_sync_fifo.gcx.clkx/rd_pntr_cdc_inst/dest_graysync_ff_reg[0][6]/D
                                                                                                            Slow         1.471      2.864


Slack (MET) :             2.864ns  (requirement - actual skew)
  Endpoint Source:        ethernet_one_gbe_skarab_tx_rx_tx_one_gbe/kat_ten_gb_eth_0/tge_rx_inst/use_bram.rx_packet_fifo_bram_inst/U0/inst_fifo_gen/gconvfifo.rf/grf.rf/gntv_or_sync_fifo.gcx.clkx/rd_pntr_cdc_inst/src_gray_ff_reg[9]/C
                            (rising edge-triggered cell FDRE clocked by user_clk_mmcm)
  Endpoint Destination:   ethernet_one_gbe_skarab_tx_rx_tx_one_gbe/kat_ten_gb_eth_0/tge_rx_inst/use_bram.rx_packet_fifo_bram_inst/U0/inst_fifo_gen/gconvfifo.rf/grf.rf/gntv_or_sync_fifo.gcx.clkx/rd_pntr_cdc_inst/dest_graysync_ff_reg[0][9]/D
                            (rising edge-triggered cell FDRE clocked by sys_clk_mmcm)
  Reference Source:       ethernet_one_gbe_skarab_tx_rx_tx_one_gbe/kat_ten_gb_eth_0/tge_rx_inst/use_bram.rx_packet_fifo_bram_inst/U0/inst_fifo_gen/gconvfifo.rf/grf.rf/gntv_or_sync_fifo.gcx.clkx/rd_pntr_cdc_inst/src_gray_ff_reg[6]/C
                            (rising edge-triggered cell FDRE clocked by user_clk_mmcm)
  Reference Destination:  ethernet_one_gbe_skarab_tx_rx_tx_one_gbe/kat_ten_gb_eth_0/tge_rx_inst/use_bram.rx_packet_fifo_bram_inst/U0/inst_fifo_gen/gconvfifo.rf/grf.rf/gntv_or_sync_fifo.gcx.clkx/rd_pntr_cdc_inst/dest_graysync_ff_reg[0][6]/D
                            (rising edge-triggered cell FDRE clocked by sys_clk_mmcm)
  Path Type:              Bus Skew (Max at Slow Process Corner)
  Requirement:            4.335ns
  Endpoint Relative Delay:    1.025ns
  Reference Relative Delay:  -0.050ns
  Relative CRPR:              0.650ns
  Uncertainty:                1.046ns
  Actual Bus Skew:            1.471ns  (Endpoint Relative Delay - Reference Relative Delay - Relative CRPR + Uncertainty)

Endpoint path:
    Location             Delay type                Incr(ns)  Path(ns)    Netlist Resource(s)
  -------------------------------------------------------------------    -------------------
                         (clock user_clk_mmcm rise edge)
                                                      0.000     0.000 r  
    AU15                                              0.000     0.000 r  FPGA_REFCLK_BUF0_P (IN)
                         net (fo=0)                   0.000     0.000    skarab_infr/FPGA_REFCLK_BUF0_P
    AU15                 IBUFDS (Prop_ibufds_I_O)     0.958     0.958 r  skarab_infr/refclk_0_ibufgds/O
                         net (fo=2, routed)           1.121     2.079    skarab_infr/refclk_0
    MMCME2_ADV_X1Y5      MMCME2_ADV (Prop_mmcme2_adv_CLKIN1_CLKOUT0)
                                                      0.077     2.156 r  skarab_infr/USER_CLK_MMCM_inst/CLKOUT0
                         net (fo=1, routed)           1.463     3.619    skarab_infr/user_clk_mmcm
    BUFGCTRL_X0Y19       BUFG (Prop_bufg_I_O)         0.093     3.712 r  skarab_infr/user_clk_BUFG_inst/O
                         net (fo=2907, routed)        1.394     5.106    ethernet_one_gbe_skarab_tx_rx_tx_one_gbe/kat_ten_gb_eth_0/tge_rx_inst/use_bram.rx_packet_fifo_bram_inst/U0/inst_fifo_gen/gconvfifo.rf/grf.rf/gntv_or_sync_fifo.gcx.clkx/rd_pntr_cdc_inst/src_clk
    SLICE_X112Y183       FDRE                                         r  ethernet_one_gbe_skarab_tx_rx_tx_one_gbe/kat_ten_gb_eth_0/tge_rx_inst/use_bram.rx_packet_fifo_bram_inst/U0/inst_fifo_gen/gconvfifo.rf/grf.rf/gntv_or_sync_fifo.gcx.clkx/rd_pntr_cdc_inst/src_gray_ff_reg[9]/C
  -------------------------------------------------------------------    -------------------
    SLICE_X112Y183       FDRE (Prop_fdre_C_Q)         0.236     5.342 r  ethernet_one_gbe_skarab_tx_rx_tx_one_gbe/kat_ten_gb_eth_0/tge_rx_inst/use_bram.rx_packet_fifo_bram_inst/U0/inst_fifo_gen/gconvfifo.rf/grf.rf/gntv_or_sync_fifo.gcx.clkx/rd_pntr_cdc_inst/src_gray_ff_reg[9]/Q
                         net (fo=1, routed)           0.301     5.643    ethernet_one_gbe_skarab_tx_rx_tx_one_gbe/kat_ten_gb_eth_0/tge_rx_inst/use_bram.rx_packet_fifo_bram_inst/U0/inst_fifo_gen/gconvfifo.rf/grf.rf/gntv_or_sync_fifo.gcx.clkx/rd_pntr_cdc_inst/async_path[9]
    SLICE_X111Y183       FDRE                                         r  ethernet_one_gbe_skarab_tx_rx_tx_one_gbe/kat_ten_gb_eth_0/tge_rx_inst/use_bram.rx_packet_fifo_bram_inst/U0/inst_fifo_gen/gconvfifo.rf/grf.rf/gntv_or_sync_fifo.gcx.clkx/rd_pntr_cdc_inst/dest_graysync_ff_reg[0][9]/D
  -------------------------------------------------------------------    -------------------

                         (clock sys_clk_mmcm rise edge)
                                                      0.000     0.000 r  
    AU15                                              0.000     0.000 r  FPGA_REFCLK_BUF0_P (IN)
                         net (fo=0)                   0.000     0.000    skarab_infr/FPGA_REFCLK_BUF0_P
    AU15                 IBUFDS (Prop_ibufds_I_O)     0.855     0.855 r  skarab_infr/refclk_0_ibufgds/O
                         net (fo=2, routed)           0.986     1.841    skarab_infr/refclk_0
    MMCME2_ADV_X1Y4      MMCME2_ADV (Prop_mmcme2_adv_CLKIN1_CLKOUT0)
                                                      0.073     1.914 r  skarab_infr/SYS_CLK_MMCM_inst/CLKOUT0
                         net (fo=1, routed)           1.350     3.264    skarab_infr/sys_clk_mmcm
    BUFGCTRL_X0Y0        BUFG (Prop_bufg_I_O)         0.083     3.347 r  skarab_infr/sys_clk_BUFG_inst/O
                         net (fo=2840, routed)        1.258     4.605    ethernet_one_gbe_skarab_tx_rx_tx_one_gbe/kat_ten_gb_eth_0/tge_rx_inst/use_bram.rx_packet_fifo_bram_inst/U0/inst_fifo_gen/gconvfifo.rf/grf.rf/gntv_or_sync_fifo.gcx.clkx/rd_pntr_cdc_inst/dest_clk
    SLICE_X111Y183       FDRE                                         r  ethernet_one_gbe_skarab_tx_rx_tx_one_gbe/kat_ten_gb_eth_0/tge_rx_inst/use_bram.rx_packet_fifo_bram_inst/U0/inst_fifo_gen/gconvfifo.rf/grf.rf/gntv_or_sync_fifo.gcx.clkx/rd_pntr_cdc_inst/dest_graysync_ff_reg[0][9]/C
                         clock pessimism              0.103     4.708    
    SLICE_X111Y183       FDRE (Setup_fdre_C_D)       -0.090     4.618    ethernet_one_gbe_skarab_tx_rx_tx_one_gbe/kat_ten_gb_eth_0/tge_rx_inst/use_bram.rx_packet_fifo_bram_inst/U0/inst_fifo_gen/gconvfifo.rf/grf.rf/gntv_or_sync_fifo.gcx.clkx/rd_pntr_cdc_inst/dest_graysync_ff_reg[0][9]
  -------------------------------------------------------------------
                         data arrival                           5.643    
                         clock arrival                          4.618    
  -------------------------------------------------------------------
                         relative delay                         1.025    

Reference path:
    Location             Delay type                Incr(ns)  Path(ns)    Netlist Resource(s)
  -------------------------------------------------------------------    -------------------
                         (clock user_clk_mmcm rise edge)
                                                      0.000     0.000 r  
    AU15                                              0.000     0.000 r  FPGA_REFCLK_BUF0_P (IN)
                         net (fo=0)                   0.000     0.000    skarab_infr/FPGA_REFCLK_BUF0_P
    AU15                 IBUFDS (Prop_ibufds_I_O)     0.855     0.855 r  skarab_infr/refclk_0_ibufgds/O
                         net (fo=2, routed)           1.018     1.873    skarab_infr/refclk_0
    MMCME2_ADV_X1Y5      MMCME2_ADV (Prop_mmcme2_adv_CLKIN1_CLKOUT0)
                                                      0.073     1.946 r  skarab_infr/USER_CLK_MMCM_inst/CLKOUT0
                         net (fo=1, routed)           1.350     3.296    skarab_infr/user_clk_mmcm
    BUFGCTRL_X0Y19       BUFG (Prop_bufg_I_O)         0.083     3.379 r  skarab_infr/user_clk_BUFG_inst/O
                         net (fo=2907, routed)        1.262     4.641    ethernet_one_gbe_skarab_tx_rx_tx_one_gbe/kat_ten_gb_eth_0/tge_rx_inst/use_bram.rx_packet_fifo_bram_inst/U0/inst_fifo_gen/gconvfifo.rf/grf.rf/gntv_or_sync_fifo.gcx.clkx/rd_pntr_cdc_inst/src_clk
    SLICE_X113Y184       FDRE                                         r  ethernet_one_gbe_skarab_tx_rx_tx_one_gbe/kat_ten_gb_eth_0/tge_rx_inst/use_bram.rx_packet_fifo_bram_inst/U0/inst_fifo_gen/gconvfifo.rf/grf.rf/gntv_or_sync_fifo.gcx.clkx/rd_pntr_cdc_inst/src_gray_ff_reg[6]/C
  -------------------------------------------------------------------    -------------------
    SLICE_X113Y184       FDRE (Prop_fdre_C_Q)         0.178     4.819 r  ethernet_one_gbe_skarab_tx_rx_tx_one_gbe/kat_ten_gb_eth_0/tge_rx_inst/use_bram.rx_packet_fifo_bram_inst/U0/inst_fifo_gen/gconvfifo.rf/grf.rf/gntv_or_sync_fifo.gcx.clkx/rd_pntr_cdc_inst/src_gray_ff_reg[6]/Q
                         net (fo=1, routed)           0.246     5.065    ethernet_one_gbe_skarab_tx_rx_tx_one_gbe/kat_ten_gb_eth_0/tge_rx_inst/use_bram.rx_packet_fifo_bram_inst/U0/inst_fifo_gen/gconvfifo.rf/grf.rf/gntv_or_sync_fifo.gcx.clkx/rd_pntr_cdc_inst/async_path[6]
    SLICE_X112Y184       FDRE                                         r  ethernet_one_gbe_skarab_tx_rx_tx_one_gbe/kat_ten_gb_eth_0/tge_rx_inst/use_bram.rx_packet_fifo_bram_inst/U0/inst_fifo_gen/gconvfifo.rf/grf.rf/gntv_or_sync_fifo.gcx.clkx/rd_pntr_cdc_inst/dest_graysync_ff_reg[0][6]/D
  -------------------------------------------------------------------    -------------------

                         (clock sys_clk_mmcm rise edge)
                                                      0.000     0.000 r  
    AU15                                              0.000     0.000 r  FPGA_REFCLK_BUF0_P (IN)
                         net (fo=0)                   0.000     0.000    skarab_infr/FPGA_REFCLK_BUF0_P
    AU15                 IBUFDS (Prop_ibufds_I_O)     0.958     0.958 r  skarab_infr/refclk_0_ibufgds/O
                         net (fo=2, routed)           1.081     2.039    skarab_infr/refclk_0
    MMCME2_ADV_X1Y4      MMCME2_ADV (Prop_mmcme2_adv_CLKIN1_CLKOUT0)
                                                      0.077     2.116 r  skarab_infr/SYS_CLK_MMCM_inst/CLKOUT0
                         net (fo=1, routed)           1.463     3.579    skarab_infr/sys_clk_mmcm
    BUFGCTRL_X0Y0        BUFG (Prop_bufg_I_O)         0.093     3.672 r  skarab_infr/sys_clk_BUFG_inst/O
                         net (fo=2840, routed)        1.393     5.065    ethernet_one_gbe_skarab_tx_rx_tx_one_gbe/kat_ten_gb_eth_0/tge_rx_inst/use_bram.rx_packet_fifo_bram_inst/U0/inst_fifo_gen/gconvfifo.rf/grf.rf/gntv_or_sync_fifo.gcx.clkx/rd_pntr_cdc_inst/dest_clk
    SLICE_X112Y184       FDRE                                         r  ethernet_one_gbe_skarab_tx_rx_tx_one_gbe/kat_ten_gb_eth_0/tge_rx_inst/use_bram.rx_packet_fifo_bram_inst/U0/inst_fifo_gen/gconvfifo.rf/grf.rf/gntv_or_sync_fifo.gcx.clkx/rd_pntr_cdc_inst/dest_graysync_ff_reg[0][6]/C
                         clock pessimism             -0.103     4.962    
    SLICE_X112Y184       FDRE (Hold_fdre_C_D)         0.153     5.115    ethernet_one_gbe_skarab_tx_rx_tx_one_gbe/kat_ten_gb_eth_0/tge_rx_inst/use_bram.rx_packet_fifo_bram_inst/U0/inst_fifo_gen/gconvfifo.rf/grf.rf/gntv_or_sync_fifo.gcx.clkx/rd_pntr_cdc_inst/dest_graysync_ff_reg[0][6]
  -------------------------------------------------------------------
                         data arrival                           5.065    
                         clock arrival                          5.115    
  -------------------------------------------------------------------
                         relative delay                        -0.050    



Id: 4
set_bus_skew -from [get_cells [list {ethernet_one_gbe_skarab_tx_rx_tx_one_gbe/kat_ten_gb_eth_0/tge_rx_inst/use_bram.rx_packet_fifo_bram_inst/U0/inst_fifo_gen/gconvfifo.rf/grf.rf/gntv_or_sync_fifo.gcx.clkx/wr_pntr_cdc_inst/src_gray_ff_reg[0]} {ethernet_one_gbe_skarab_tx_rx_tx_one_gbe/kat_ten_gb_eth_0/tge_rx_inst/use_bram.rx_packet_fifo_bram_inst/U0/inst_fifo_gen/gconvfifo.rf/grf.rf/gntv_or_sync_fifo.gcx.clkx/wr_pntr_cdc_inst/src_gray_ff_reg[1]} {ethernet_one_gbe_skarab_tx_rx_tx_one_gbe/kat_ten_gb_eth_0/tge_rx_inst/use_bram.rx_packet_fifo_bram_inst/U0/inst_fifo_gen/gconvfifo.rf/grf.rf/gntv_or_sync_fifo.gcx.clkx/wr_pntr_cdc_inst/src_gray_ff_reg[2]} {ethernet_one_gbe_skarab_tx_rx_tx_one_gbe/kat_ten_gb_eth_0/tge_rx_inst/use_bram.rx_packet_fifo_bram_inst/U0/inst_fifo_gen/gconvfifo.rf/grf.rf/gntv_or_sync_fifo.gcx.clkx/wr_pntr_cdc_inst/src_gray_ff_reg[3]} {ethernet_one_gbe_skarab_tx_rx_tx_one_gbe/kat_ten_gb_eth_0/tge_rx_inst/use_bram.rx_packet_fifo_bram_inst/U0/inst_fifo_gen/gconvfifo.rf/grf.rf/gntv_or_sync_fifo.gcx.clkx/wr_pntr_cdc_inst/src_gray_ff_reg[4]} {ethernet_one_gbe_skarab_tx_rx_tx_one_gbe/kat_ten_gb_eth_0/tge_rx_inst/use_bram.rx_packet_fifo_bram_inst/U0/inst_fifo_gen/gconvfifo.rf/grf.rf/gntv_or_sync_fifo.gcx.clkx/wr_pntr_cdc_inst/src_gray_ff_reg[5]} {ethernet_one_gbe_skarab_tx_rx_tx_one_gbe/kat_ten_gb_eth_0/tge_rx_inst/use_bram.rx_packet_fifo_bram_inst/U0/inst_fifo_gen/gconvfifo.rf/grf.rf/gntv_or_sync_fifo.gcx.clkx/wr_pntr_cdc_inst/src_gray_ff_reg[6]} {ethernet_one_gbe_skarab_tx_rx_tx_one_gbe/kat_ten_gb_eth_0/tge_rx_inst/use_bram.rx_packet_fifo_bram_inst/U0/inst_fifo_gen/gconvfifo.rf/grf.rf/gntv_or_sync_fifo.gcx.clkx/wr_pntr_cdc_inst/src_gray_ff_reg[7]} {ethernet_one_gbe_skarab_tx_rx_tx_one_gbe/kat_ten_gb_eth_0/tge_rx_inst/use_bram.rx_packet_fifo_bram_inst/U0/inst_fifo_gen/gconvfifo.rf/grf.rf/gntv_or_sync_fifo.gcx.clkx/wr_pntr_cdc_inst/src_gray_ff_reg[8]} {ethernet_one_gbe_skarab_tx_rx_tx_one_gbe/kat_ten_gb_eth_0/tge_rx_inst/use_bram.rx_packet_fifo_bram_inst/U0/inst_fifo_gen/gconvfifo.rf/grf.rf/gntv_or_sync_fifo.gcx.clkx/wr_pntr_cdc_inst/src_gray_ff_reg[9]}]] -to [get_cells [list {ethernet_one_gbe_skarab_tx_rx_tx_one_gbe/kat_ten_gb_eth_0/tge_rx_inst/use_bram.rx_packet_fifo_bram_inst/U0/inst_fifo_gen/gconvfifo.rf/grf.rf/gntv_or_sync_fifo.gcx.clkx/wr_pntr_cdc_inst/dest_graysync_ff_reg[0][0]} {ethernet_one_gbe_skarab_tx_rx_tx_one_gbe/kat_ten_gb_eth_0/tge_rx_inst/use_bram.rx_packet_fifo_bram_inst/U0/inst_fifo_gen/gconvfifo.rf/grf.rf/gntv_or_sync_fifo.gcx.clkx/wr_pntr_cdc_inst/dest_graysync_ff_reg[0][1]} {ethernet_one_gbe_skarab_tx_rx_tx_one_gbe/kat_ten_gb_eth_0/tge_rx_inst/use_bram.rx_packet_fifo_bram_inst/U0/inst_fifo_gen/gconvfifo.rf/grf.rf/gntv_or_sync_fifo.gcx.clkx/wr_pntr_cdc_inst/dest_graysync_ff_reg[0][2]} {ethernet_one_gbe_skarab_tx_rx_tx_one_gbe/kat_ten_gb_eth_0/tge_rx_inst/use_bram.rx_packet_fifo_bram_inst/U0/inst_fifo_gen/gconvfifo.rf/grf.rf/gntv_or_sync_fifo.gcx.clkx/wr_pntr_cdc_inst/dest_graysync_ff_reg[0][3]} {ethernet_one_gbe_skarab_tx_rx_tx_one_gbe/kat_ten_gb_eth_0/tge_rx_inst/use_bram.rx_packet_fifo_bram_inst/U0/inst_fifo_gen/gconvfifo.rf/grf.rf/gntv_or_sync_fifo.gcx.clkx/wr_pntr_cdc_inst/dest_graysync_ff_reg[0][4]} {ethernet_one_gbe_skarab_tx_rx_tx_one_gbe/kat_ten_gb_eth_0/tge_rx_inst/use_bram.rx_packet_fifo_bram_inst/U0/inst_fifo_gen/gconvfifo.rf/grf.rf/gntv_or_sync_fifo.gcx.clkx/wr_pntr_cdc_inst/dest_graysync_ff_reg[0][5]} {ethernet_one_gbe_skarab_tx_rx_tx_one_gbe/kat_ten_gb_eth_0/tge_rx_inst/use_bram.rx_packet_fifo_bram_inst/U0/inst_fifo_gen/gconvfifo.rf/grf.rf/gntv_or_sync_fifo.gcx.clkx/wr_pntr_cdc_inst/dest_graysync_ff_reg[0][6]} {ethernet_one_gbe_skarab_tx_rx_tx_one_gbe/kat_ten_gb_eth_0/tge_rx_inst/use_bram.rx_packet_fifo_bram_inst/U0/inst_fifo_gen/gconvfifo.rf/grf.rf/gntv_or_sync_fifo.gcx.clkx/wr_pntr_cdc_inst/dest_graysync_ff_reg[0][7]} {ethernet_one_gbe_skarab_tx_rx_tx_one_gbe/kat_ten_gb_eth_0/tge_rx_inst/use_bram.rx_packet_fifo_bram_inst/U0/inst_fifo_gen/gconvfifo.rf/grf.rf/gntv_or_sync_fifo.gcx.clkx/wr_pntr_cdc_inst/dest_graysync_ff_reg[0][8]} {ethernet_one_gbe_skarab_tx_rx_tx_one_gbe/kat_ten_gb_eth_0/tge_rx_inst/use_bram.rx_packet_fifo_bram_inst/U0/inst_fifo_gen/gconvfifo.rf/grf.rf/gntv_or_sync_fifo.gcx.clkx/wr_pntr_cdc_inst/dest_graysync_ff_reg[0][9]}]] 4.335
Requirement: 4.335ns
Endpoints: 10

From Clock            To Clock              Endpoint Pin                    Reference Pin                   Corner  Actual(ns)  Slack(ns)
--------------------  --------------------  ------------------------------  ------------------------------  ------  ----------  ---------
sys_clk_mmcm          user_clk_mmcm         ethernet_one_gbe_skarab_tx_rx_tx_one_gbe/kat_ten_gb_eth_0/tge_rx_inst/use_bram.rx_packet_fifo_bram_inst/U0/inst_fifo_gen/gconvfifo.rf/grf.rf/gntv_or_sync_fifo.gcx.clkx/wr_pntr_cdc_inst/dest_graysync_ff_reg[0][0]/D
                                                                            ethernet_one_gbe_skarab_tx_rx_tx_one_gbe/kat_ten_gb_eth_0/tge_rx_inst/use_bram.rx_packet_fifo_bram_inst/U0/inst_fifo_gen/gconvfifo.rf/grf.rf/gntv_or_sync_fifo.gcx.clkx/wr_pntr_cdc_inst/dest_graysync_ff_reg[0][4]/D
                                                                                                            Slow         1.518      2.817


Slack (MET) :             2.817ns  (requirement - actual skew)
  Endpoint Source:        ethernet_one_gbe_skarab_tx_rx_tx_one_gbe/kat_ten_gb_eth_0/tge_rx_inst/use_bram.rx_packet_fifo_bram_inst/U0/inst_fifo_gen/gconvfifo.rf/grf.rf/gntv_or_sync_fifo.gcx.clkx/wr_pntr_cdc_inst/src_gray_ff_reg[0]/C
                            (rising edge-triggered cell FDRE clocked by sys_clk_mmcm)
  Endpoint Destination:   ethernet_one_gbe_skarab_tx_rx_tx_one_gbe/kat_ten_gb_eth_0/tge_rx_inst/use_bram.rx_packet_fifo_bram_inst/U0/inst_fifo_gen/gconvfifo.rf/grf.rf/gntv_or_sync_fifo.gcx.clkx/wr_pntr_cdc_inst/dest_graysync_ff_reg[0][0]/D
                            (rising edge-triggered cell FDRE clocked by user_clk_mmcm)
  Reference Source:       ethernet_one_gbe_skarab_tx_rx_tx_one_gbe/kat_ten_gb_eth_0/tge_rx_inst/use_bram.rx_packet_fifo_bram_inst/U0/inst_fifo_gen/gconvfifo.rf/grf.rf/gntv_or_sync_fifo.gcx.clkx/wr_pntr_cdc_inst/src_gray_ff_reg[4]/C
                            (rising edge-triggered cell FDRE clocked by sys_clk_mmcm)
  Reference Destination:  ethernet_one_gbe_skarab_tx_rx_tx_one_gbe/kat_ten_gb_eth_0/tge_rx_inst/use_bram.rx_packet_fifo_bram_inst/U0/inst_fifo_gen/gconvfifo.rf/grf.rf/gntv_or_sync_fifo.gcx.clkx/wr_pntr_cdc_inst/dest_graysync_ff_reg[0][4]/D
                            (rising edge-triggered cell FDRE clocked by user_clk_mmcm)
  Path Type:              Bus Skew (Max at Slow Process Corner)
  Requirement:            4.335ns
  Endpoint Relative Delay:    0.963ns
  Reference Relative Delay:  -0.136ns
  Relative CRPR:              0.628ns
  Uncertainty:                1.046ns
  Actual Bus Skew:            1.518ns  (Endpoint Relative Delay - Reference Relative Delay - Relative CRPR + Uncertainty)

Endpoint path:
    Location             Delay type                Incr(ns)  Path(ns)    Netlist Resource(s)
  -------------------------------------------------------------------    -------------------
                         (clock sys_clk_mmcm rise edge)
                                                      0.000     0.000 r  
    AU15                                              0.000     0.000 r  FPGA_REFCLK_BUF0_P (IN)
                         net (fo=0)                   0.000     0.000    skarab_infr/FPGA_REFCLK_BUF0_P
    AU15                 IBUFDS (Prop_ibufds_I_O)     0.958     0.958 r  skarab_infr/refclk_0_ibufgds/O
                         net (fo=2, routed)           1.081     2.039    skarab_infr/refclk_0
    MMCME2_ADV_X1Y4      MMCME2_ADV (Prop_mmcme2_adv_CLKIN1_CLKOUT0)
                                                      0.077     2.116 r  skarab_infr/SYS_CLK_MMCM_inst/CLKOUT0
                         net (fo=1, routed)           1.463     3.579    skarab_infr/sys_clk_mmcm
    BUFGCTRL_X0Y0        BUFG (Prop_bufg_I_O)         0.093     3.672 r  skarab_infr/sys_clk_BUFG_inst/O
                         net (fo=2840, routed)        1.398     5.070    ethernet_one_gbe_skarab_tx_rx_tx_one_gbe/kat_ten_gb_eth_0/tge_rx_inst/use_bram.rx_packet_fifo_bram_inst/U0/inst_fifo_gen/gconvfifo.rf/grf.rf/gntv_or_sync_fifo.gcx.clkx/wr_pntr_cdc_inst/src_clk
    SLICE_X119Y184       FDRE                                         r  ethernet_one_gbe_skarab_tx_rx_tx_one_gbe/kat_ten_gb_eth_0/tge_rx_inst/use_bram.rx_packet_fifo_bram_inst/U0/inst_fifo_gen/gconvfifo.rf/grf.rf/gntv_or_sync_fifo.gcx.clkx/wr_pntr_cdc_inst/src_gray_ff_reg[0]/C
  -------------------------------------------------------------------    -------------------
    SLICE_X119Y184       FDRE (Prop_fdre_C_Q)         0.223     5.293 r  ethernet_one_gbe_skarab_tx_rx_tx_one_gbe/kat_ten_gb_eth_0/tge_rx_inst/use_bram.rx_packet_fifo_bram_inst/U0/inst_fifo_gen/gconvfifo.rf/grf.rf/gntv_or_sync_fifo.gcx.clkx/wr_pntr_cdc_inst/src_gray_ff_reg[0]/Q
                         net (fo=1, routed)           0.405     5.698    ethernet_one_gbe_skarab_tx_rx_tx_one_gbe/kat_ten_gb_eth_0/tge_rx_inst/use_bram.rx_packet_fifo_bram_inst/U0/inst_fifo_gen/gconvfifo.rf/grf.rf/gntv_or_sync_fifo.gcx.clkx/wr_pntr_cdc_inst/async_path[0]
    SLICE_X117Y181       FDRE                                         r  ethernet_one_gbe_skarab_tx_rx_tx_one_gbe/kat_ten_gb_eth_0/tge_rx_inst/use_bram.rx_packet_fifo_bram_inst/U0/inst_fifo_gen/gconvfifo.rf/grf.rf/gntv_or_sync_fifo.gcx.clkx/wr_pntr_cdc_inst/dest_graysync_ff_reg[0][0]/D
  -------------------------------------------------------------------    -------------------

                         (clock user_clk_mmcm rise edge)
                                                      0.000     0.000 r  
    AU15                                              0.000     0.000 r  FPGA_REFCLK_BUF0_P (IN)
                         net (fo=0)                   0.000     0.000    skarab_infr/FPGA_REFCLK_BUF0_P
    AU15                 IBUFDS (Prop_ibufds_I_O)     0.855     0.855 r  skarab_infr/refclk_0_ibufgds/O
                         net (fo=2, routed)           1.018     1.873    skarab_infr/refclk_0
    MMCME2_ADV_X1Y5      MMCME2_ADV (Prop_mmcme2_adv_CLKIN1_CLKOUT0)
                                                      0.073     1.946 r  skarab_infr/USER_CLK_MMCM_inst/CLKOUT0
                         net (fo=1, routed)           1.350     3.296    skarab_infr/user_clk_mmcm
    BUFGCTRL_X0Y19       BUFG (Prop_bufg_I_O)         0.083     3.379 r  skarab_infr/user_clk_BUFG_inst/O
                         net (fo=2907, routed)        1.262     4.641    ethernet_one_gbe_skarab_tx_rx_tx_one_gbe/kat_ten_gb_eth_0/tge_rx_inst/use_bram.rx_packet_fifo_bram_inst/U0/inst_fifo_gen/gconvfifo.rf/grf.rf/gntv_or_sync_fifo.gcx.clkx/wr_pntr_cdc_inst/dest_clk
    SLICE_X117Y181       FDRE                                         r  ethernet_one_gbe_skarab_tx_rx_tx_one_gbe/kat_ten_gb_eth_0/tge_rx_inst/use_bram.rx_packet_fifo_bram_inst/U0/inst_fifo_gen/gconvfifo.rf/grf.rf/gntv_or_sync_fifo.gcx.clkx/wr_pntr_cdc_inst/dest_graysync_ff_reg[0][0]/C
                         clock pessimism              0.103     4.744    
    SLICE_X117Y181       FDRE (Setup_fdre_C_D)       -0.009     4.735    ethernet_one_gbe_skarab_tx_rx_tx_one_gbe/kat_ten_gb_eth_0/tge_rx_inst/use_bram.rx_packet_fifo_bram_inst/U0/inst_fifo_gen/gconvfifo.rf/grf.rf/gntv_or_sync_fifo.gcx.clkx/wr_pntr_cdc_inst/dest_graysync_ff_reg[0][0]
  -------------------------------------------------------------------
                         data arrival                           5.698    
                         clock arrival                          4.735    
  -------------------------------------------------------------------
                         relative delay                         0.963    

Reference path:
    Location             Delay type                Incr(ns)  Path(ns)    Netlist Resource(s)
  -------------------------------------------------------------------    -------------------
                         (clock sys_clk_mmcm rise edge)
                                                      0.000     0.000 r  
    AU15                                              0.000     0.000 r  FPGA_REFCLK_BUF0_P (IN)
                         net (fo=0)                   0.000     0.000    skarab_infr/FPGA_REFCLK_BUF0_P
    AU15                 IBUFDS (Prop_ibufds_I_O)     0.855     0.855 r  skarab_infr/refclk_0_ibufgds/O
                         net (fo=2, routed)           0.986     1.841    skarab_infr/refclk_0
    MMCME2_ADV_X1Y4      MMCME2_ADV (Prop_mmcme2_adv_CLKIN1_CLKOUT0)
                                                      0.073     1.914 r  skarab_infr/SYS_CLK_MMCM_inst/CLKOUT0
                         net (fo=1, routed)           1.350     3.264    skarab_infr/sys_clk_mmcm
    BUFGCTRL_X0Y0        BUFG (Prop_bufg_I_O)         0.083     3.347 r  skarab_infr/sys_clk_BUFG_inst/O
                         net (fo=2840, routed)        1.265     4.612    ethernet_one_gbe_skarab_tx_rx_tx_one_gbe/kat_ten_gb_eth_0/tge_rx_inst/use_bram.rx_packet_fifo_bram_inst/U0/inst_fifo_gen/gconvfifo.rf/grf.rf/gntv_or_sync_fifo.gcx.clkx/wr_pntr_cdc_inst/src_clk
    SLICE_X117Y186       FDRE                                         r  ethernet_one_gbe_skarab_tx_rx_tx_one_gbe/kat_ten_gb_eth_0/tge_rx_inst/use_bram.rx_packet_fifo_bram_inst/U0/inst_fifo_gen/gconvfifo.rf/grf.rf/gntv_or_sync_fifo.gcx.clkx/wr_pntr_cdc_inst/src_gray_ff_reg[4]/C
  -------------------------------------------------------------------    -------------------
    SLICE_X117Y186       FDRE (Prop_fdre_C_Q)         0.178     4.790 r  ethernet_one_gbe_skarab_tx_rx_tx_one_gbe/kat_ten_gb_eth_0/tge_rx_inst/use_bram.rx_packet_fifo_bram_inst/U0/inst_fifo_gen/gconvfifo.rf/grf.rf/gntv_or_sync_fifo.gcx.clkx/wr_pntr_cdc_inst/src_gray_ff_reg[4]/Q
                         net (fo=1, routed)           0.236     5.026    ethernet_one_gbe_skarab_tx_rx_tx_one_gbe/kat_ten_gb_eth_0/tge_rx_inst/use_bram.rx_packet_fifo_bram_inst/U0/inst_fifo_gen/gconvfifo.rf/grf.rf/gntv_or_sync_fifo.gcx.clkx/wr_pntr_cdc_inst/async_path[4]
    SLICE_X118Y185       FDRE                                         r  ethernet_one_gbe_skarab_tx_rx_tx_one_gbe/kat_ten_gb_eth_0/tge_rx_inst/use_bram.rx_packet_fifo_bram_inst/U0/inst_fifo_gen/gconvfifo.rf/grf.rf/gntv_or_sync_fifo.gcx.clkx/wr_pntr_cdc_inst/dest_graysync_ff_reg[0][4]/D
  -------------------------------------------------------------------    -------------------

                         (clock user_clk_mmcm rise edge)
                                                      0.000     0.000 r  
    AU15                                              0.000     0.000 r  FPGA_REFCLK_BUF0_P (IN)
                         net (fo=0)                   0.000     0.000    skarab_infr/FPGA_REFCLK_BUF0_P
    AU15                 IBUFDS (Prop_ibufds_I_O)     0.958     0.958 r  skarab_infr/refclk_0_ibufgds/O
                         net (fo=2, routed)           1.121     2.079    skarab_infr/refclk_0
    MMCME2_ADV_X1Y5      MMCME2_ADV (Prop_mmcme2_adv_CLKIN1_CLKOUT0)
                                                      0.077     2.156 r  skarab_infr/USER_CLK_MMCM_inst/CLKOUT0
                         net (fo=1, routed)           1.463     3.619    skarab_infr/user_clk_mmcm
    BUFGCTRL_X0Y19       BUFG (Prop_bufg_I_O)         0.093     3.712 r  skarab_infr/user_clk_BUFG_inst/O
                         net (fo=2907, routed)        1.401     5.113    ethernet_one_gbe_skarab_tx_rx_tx_one_gbe/kat_ten_gb_eth_0/tge_rx_inst/use_bram.rx_packet_fifo_bram_inst/U0/inst_fifo_gen/gconvfifo.rf/grf.rf/gntv_or_sync_fifo.gcx.clkx/wr_pntr_cdc_inst/dest_clk
    SLICE_X118Y185       FDRE                                         r  ethernet_one_gbe_skarab_tx_rx_tx_one_gbe/kat_ten_gb_eth_0/tge_rx_inst/use_bram.rx_packet_fifo_bram_inst/U0/inst_fifo_gen/gconvfifo.rf/grf.rf/gntv_or_sync_fifo.gcx.clkx/wr_pntr_cdc_inst/dest_graysync_ff_reg[0][4]/C
                         clock pessimism             -0.103     5.010    
    SLICE_X118Y185       FDRE (Hold_fdre_C_D)         0.152     5.162    ethernet_one_gbe_skarab_tx_rx_tx_one_gbe/kat_ten_gb_eth_0/tge_rx_inst/use_bram.rx_packet_fifo_bram_inst/U0/inst_fifo_gen/gconvfifo.rf/grf.rf/gntv_or_sync_fifo.gcx.clkx/wr_pntr_cdc_inst/dest_graysync_ff_reg[0][4]
  -------------------------------------------------------------------
                         data arrival                           5.026    
                         clock arrival                          5.162    
  -------------------------------------------------------------------
                         relative delay                        -0.136    



Id: 5
set_bus_skew -from [get_cells [list {ethernet_one_gbe_skarab_tx_rx_tx_one_gbe/kat_ten_gb_eth_0/tge_tx_inst/tx_packet_ctrl_fifo_inst/U0/inst_fifo_gen/gconvfifo.rf/grf.rf/gntv_or_sync_fifo.gcx.clkx/rd_pntr_cdc_inst/src_gray_ff_reg[0]} {ethernet_one_gbe_skarab_tx_rx_tx_one_gbe/kat_ten_gb_eth_0/tge_tx_inst/tx_packet_ctrl_fifo_inst/U0/inst_fifo_gen/gconvfifo.rf/grf.rf/gntv_or_sync_fifo.gcx.clkx/rd_pntr_cdc_inst/src_gray_ff_reg[1]} {ethernet_one_gbe_skarab_tx_rx_tx_one_gbe/kat_ten_gb_eth_0/tge_tx_inst/tx_packet_ctrl_fifo_inst/U0/inst_fifo_gen/gconvfifo.rf/grf.rf/gntv_or_sync_fifo.gcx.clkx/rd_pntr_cdc_inst/src_gray_ff_reg[2]} {ethernet_one_gbe_skarab_tx_rx_tx_one_gbe/kat_ten_gb_eth_0/tge_tx_inst/tx_packet_ctrl_fifo_inst/U0/inst_fifo_gen/gconvfifo.rf/grf.rf/gntv_or_sync_fifo.gcx.clkx/rd_pntr_cdc_inst/src_gray_ff_reg[3]}]] -to [get_cells [list {ethernet_one_gbe_skarab_tx_rx_tx_one_gbe/kat_ten_gb_eth_0/tge_tx_inst/tx_packet_ctrl_fifo_inst/U0/inst_fifo_gen/gconvfifo.rf/grf.rf/gntv_or_sync_fifo.gcx.clkx/rd_pntr_cdc_inst/dest_graysync_ff_reg[0][0]} {ethernet_one_gbe_skarab_tx_rx_tx_one_gbe/kat_ten_gb_eth_0/tge_tx_inst/tx_packet_ctrl_fifo_inst/U0/inst_fifo_gen/gconvfifo.rf/grf.rf/gntv_or_sync_fifo.gcx.clkx/rd_pntr_cdc_inst/dest_graysync_ff_reg[0][1]} {ethernet_one_gbe_skarab_tx_rx_tx_one_gbe/kat_ten_gb_eth_0/tge_tx_inst/tx_packet_ctrl_fifo_inst/U0/inst_fifo_gen/gconvfifo.rf/grf.rf/gntv_or_sync_fifo.gcx.clkx/rd_pntr_cdc_inst/dest_graysync_ff_reg[0][2]} {ethernet_one_gbe_skarab_tx_rx_tx_one_gbe/kat_ten_gb_eth_0/tge_tx_inst/tx_packet_ctrl_fifo_inst/U0/inst_fifo_gen/gconvfifo.rf/grf.rf/gntv_or_sync_fifo.gcx.clkx/rd_pntr_cdc_inst/dest_graysync_ff_reg[0][3]}]] 4.335
Requirement: 4.335ns
Endpoints: 4

From Clock            To Clock              Endpoint Pin                    Reference Pin                   Corner  Actual(ns)  Slack(ns)
--------------------  --------------------  ------------------------------  ------------------------------  ------  ----------  ---------
sys_clk_mmcm          user_clk_mmcm         ethernet_one_gbe_skarab_tx_rx_tx_one_gbe/kat_ten_gb_eth_0/tge_tx_inst/tx_packet_ctrl_fifo_inst/U0/inst_fifo_gen/gconvfifo.rf/grf.rf/gntv_or_sync_fifo.gcx.clkx/rd_pntr_cdc_inst/dest_graysync_ff_reg[0][3]/D
                                                                            ethernet_one_gbe_skarab_tx_rx_tx_one_gbe/kat_ten_gb_eth_0/tge_tx_inst/tx_packet_ctrl_fifo_inst/U0/inst_fifo_gen/gconvfifo.rf/grf.rf/gntv_or_sync_fifo.gcx.clkx/rd_pntr_cdc_inst/dest_graysync_ff_reg[0][2]/D
                                                                                                            Slow         1.547      2.788


Slack (MET) :             2.788ns  (requirement - actual skew)
  Endpoint Source:        ethernet_one_gbe_skarab_tx_rx_tx_one_gbe/kat_ten_gb_eth_0/tge_tx_inst/tx_packet_ctrl_fifo_inst/U0/inst_fifo_gen/gconvfifo.rf/grf.rf/gntv_or_sync_fifo.gcx.clkx/rd_pntr_cdc_inst/src_gray_ff_reg[3]/C
                            (rising edge-triggered cell FDRE clocked by sys_clk_mmcm)
  Endpoint Destination:   ethernet_one_gbe_skarab_tx_rx_tx_one_gbe/kat_ten_gb_eth_0/tge_tx_inst/tx_packet_ctrl_fifo_inst/U0/inst_fifo_gen/gconvfifo.rf/grf.rf/gntv_or_sync_fifo.gcx.clkx/rd_pntr_cdc_inst/dest_graysync_ff_reg[0][3]/D
                            (rising edge-triggered cell FDRE clocked by user_clk_mmcm)
  Reference Source:       ethernet_one_gbe_skarab_tx_rx_tx_one_gbe/kat_ten_gb_eth_0/tge_tx_inst/tx_packet_ctrl_fifo_inst/U0/inst_fifo_gen/gconvfifo.rf/grf.rf/gntv_or_sync_fifo.gcx.clkx/rd_pntr_cdc_inst/src_gray_ff_reg[2]/C
                            (rising edge-triggered cell FDRE clocked by sys_clk_mmcm)
  Reference Destination:  ethernet_one_gbe_skarab_tx_rx_tx_one_gbe/kat_ten_gb_eth_0/tge_tx_inst/tx_packet_ctrl_fifo_inst/U0/inst_fifo_gen/gconvfifo.rf/grf.rf/gntv_or_sync_fifo.gcx.clkx/rd_pntr_cdc_inst/dest_graysync_ff_reg[0][2]/D
                            (rising edge-triggered cell FDRE clocked by user_clk_mmcm)
  Path Type:              Bus Skew (Max at Slow Process Corner)
  Requirement:            4.335ns
  Endpoint Relative Delay:    1.057ns
  Reference Relative Delay:  -0.072ns
  Relative CRPR:              0.628ns
  Uncertainty:                1.046ns
  Actual Bus Skew:            1.547ns  (Endpoint Relative Delay - Reference Relative Delay - Relative CRPR + Uncertainty)

Endpoint path:
    Location             Delay type                Incr(ns)  Path(ns)    Netlist Resource(s)
  -------------------------------------------------------------------    -------------------
                         (clock sys_clk_mmcm rise edge)
                                                      0.000     0.000 r  
    AU15                                              0.000     0.000 r  FPGA_REFCLK_BUF0_P (IN)
                         net (fo=0)                   0.000     0.000    skarab_infr/FPGA_REFCLK_BUF0_P
    AU15                 IBUFDS (Prop_ibufds_I_O)     0.958     0.958 r  skarab_infr/refclk_0_ibufgds/O
                         net (fo=2, routed)           1.081     2.039    skarab_infr/refclk_0
    MMCME2_ADV_X1Y4      MMCME2_ADV (Prop_mmcme2_adv_CLKIN1_CLKOUT0)
                                                      0.077     2.116 r  skarab_infr/SYS_CLK_MMCM_inst/CLKOUT0
                         net (fo=1, routed)           1.463     3.579    skarab_infr/sys_clk_mmcm
    BUFGCTRL_X0Y0        BUFG (Prop_bufg_I_O)         0.093     3.672 r  skarab_infr/sys_clk_BUFG_inst/O
                         net (fo=2840, routed)        1.464     5.136    ethernet_one_gbe_skarab_tx_rx_tx_one_gbe/kat_ten_gb_eth_0/tge_tx_inst/tx_packet_ctrl_fifo_inst/U0/inst_fifo_gen/gconvfifo.rf/grf.rf/gntv_or_sync_fifo.gcx.clkx/rd_pntr_cdc_inst/src_clk
    SLICE_X130Y196       FDRE                                         r  ethernet_one_gbe_skarab_tx_rx_tx_one_gbe/kat_ten_gb_eth_0/tge_tx_inst/tx_packet_ctrl_fifo_inst/U0/inst_fifo_gen/gconvfifo.rf/grf.rf/gntv_or_sync_fifo.gcx.clkx/rd_pntr_cdc_inst/src_gray_ff_reg[3]/C
  -------------------------------------------------------------------    -------------------
    SLICE_X130Y196       FDRE (Prop_fdre_C_Q)         0.259     5.395 r  ethernet_one_gbe_skarab_tx_rx_tx_one_gbe/kat_ten_gb_eth_0/tge_tx_inst/tx_packet_ctrl_fifo_inst/U0/inst_fifo_gen/gconvfifo.rf/grf.rf/gntv_or_sync_fifo.gcx.clkx/rd_pntr_cdc_inst/src_gray_ff_reg[3]/Q
                         net (fo=1, routed)           0.464     5.859    ethernet_one_gbe_skarab_tx_rx_tx_one_gbe/kat_ten_gb_eth_0/tge_tx_inst/tx_packet_ctrl_fifo_inst/U0/inst_fifo_gen/gconvfifo.rf/grf.rf/gntv_or_sync_fifo.gcx.clkx/rd_pntr_cdc_inst/async_path[3]
    SLICE_X131Y196       FDRE                                         r  ethernet_one_gbe_skarab_tx_rx_tx_one_gbe/kat_ten_gb_eth_0/tge_tx_inst/tx_packet_ctrl_fifo_inst/U0/inst_fifo_gen/gconvfifo.rf/grf.rf/gntv_or_sync_fifo.gcx.clkx/rd_pntr_cdc_inst/dest_graysync_ff_reg[0][3]/D
  -------------------------------------------------------------------    -------------------

                         (clock user_clk_mmcm rise edge)
                                                      0.000     0.000 r  
    AU15                                              0.000     0.000 r  FPGA_REFCLK_BUF0_P (IN)
                         net (fo=0)                   0.000     0.000    skarab_infr/FPGA_REFCLK_BUF0_P
    AU15                 IBUFDS (Prop_ibufds_I_O)     0.855     0.855 r  skarab_infr/refclk_0_ibufgds/O
                         net (fo=2, routed)           1.018     1.873    skarab_infr/refclk_0
    MMCME2_ADV_X1Y5      MMCME2_ADV (Prop_mmcme2_adv_CLKIN1_CLKOUT0)
                                                      0.073     1.946 r  skarab_infr/USER_CLK_MMCM_inst/CLKOUT0
                         net (fo=1, routed)           1.350     3.296    skarab_infr/user_clk_mmcm
    BUFGCTRL_X0Y19       BUFG (Prop_bufg_I_O)         0.083     3.379 r  skarab_infr/user_clk_BUFG_inst/O
                         net (fo=2907, routed)        1.329     4.708    ethernet_one_gbe_skarab_tx_rx_tx_one_gbe/kat_ten_gb_eth_0/tge_tx_inst/tx_packet_ctrl_fifo_inst/U0/inst_fifo_gen/gconvfifo.rf/grf.rf/gntv_or_sync_fifo.gcx.clkx/rd_pntr_cdc_inst/dest_clk
    SLICE_X131Y196       FDRE                                         r  ethernet_one_gbe_skarab_tx_rx_tx_one_gbe/kat_ten_gb_eth_0/tge_tx_inst/tx_packet_ctrl_fifo_inst/U0/inst_fifo_gen/gconvfifo.rf/grf.rf/gntv_or_sync_fifo.gcx.clkx/rd_pntr_cdc_inst/dest_graysync_ff_reg[0][3]/C
                         clock pessimism              0.103     4.811    
    SLICE_X131Y196       FDRE (Setup_fdre_C_D)       -0.009     4.802    ethernet_one_gbe_skarab_tx_rx_tx_one_gbe/kat_ten_gb_eth_0/tge_tx_inst/tx_packet_ctrl_fifo_inst/U0/inst_fifo_gen/gconvfifo.rf/grf.rf/gntv_or_sync_fifo.gcx.clkx/rd_pntr_cdc_inst/dest_graysync_ff_reg[0][3]
  -------------------------------------------------------------------
                         data arrival                           5.859    
                         clock arrival                          4.802    
  -------------------------------------------------------------------
                         relative delay                         1.057    

Reference path:
    Location             Delay type                Incr(ns)  Path(ns)    Netlist Resource(s)
  -------------------------------------------------------------------    -------------------
                         (clock sys_clk_mmcm rise edge)
                                                      0.000     0.000 r  
    AU15                                              0.000     0.000 r  FPGA_REFCLK_BUF0_P (IN)
                         net (fo=0)                   0.000     0.000    skarab_infr/FPGA_REFCLK_BUF0_P
    AU15                 IBUFDS (Prop_ibufds_I_O)     0.855     0.855 r  skarab_infr/refclk_0_ibufgds/O
                         net (fo=2, routed)           0.986     1.841    skarab_infr/refclk_0
    MMCME2_ADV_X1Y4      MMCME2_ADV (Prop_mmcme2_adv_CLKIN1_CLKOUT0)
                                                      0.073     1.914 r  skarab_infr/SYS_CLK_MMCM_inst/CLKOUT0
                         net (fo=1, routed)           1.350     3.264    skarab_infr/sys_clk_mmcm
    BUFGCTRL_X0Y0        BUFG (Prop_bufg_I_O)         0.083     3.347 r  skarab_infr/sys_clk_BUFG_inst/O
                         net (fo=2840, routed)        1.272     4.619    ethernet_one_gbe_skarab_tx_rx_tx_one_gbe/kat_ten_gb_eth_0/tge_tx_inst/tx_packet_ctrl_fifo_inst/U0/inst_fifo_gen/gconvfifo.rf/grf.rf/gntv_or_sync_fifo.gcx.clkx/rd_pntr_cdc_inst/src_clk
    SLICE_X127Y196       FDRE                                         r  ethernet_one_gbe_skarab_tx_rx_tx_one_gbe/kat_ten_gb_eth_0/tge_tx_inst/tx_packet_ctrl_fifo_inst/U0/inst_fifo_gen/gconvfifo.rf/grf.rf/gntv_or_sync_fifo.gcx.clkx/rd_pntr_cdc_inst/src_gray_ff_reg[2]/C
  -------------------------------------------------------------------    -------------------
    SLICE_X127Y196       FDRE (Prop_fdre_C_Q)         0.178     4.797 r  ethernet_one_gbe_skarab_tx_rx_tx_one_gbe/kat_ten_gb_eth_0/tge_tx_inst/tx_packet_ctrl_fifo_inst/U0/inst_fifo_gen/gconvfifo.rf/grf.rf/gntv_or_sync_fifo.gcx.clkx/rd_pntr_cdc_inst/src_gray_ff_reg[2]/Q
                         net (fo=1, routed)           0.268     5.066    ethernet_one_gbe_skarab_tx_rx_tx_one_gbe/kat_ten_gb_eth_0/tge_tx_inst/tx_packet_ctrl_fifo_inst/U0/inst_fifo_gen/gconvfifo.rf/grf.rf/gntv_or_sync_fifo.gcx.clkx/rd_pntr_cdc_inst/async_path[2]
    SLICE_X127Y195       FDRE                                         r  ethernet_one_gbe_skarab_tx_rx_tx_one_gbe/kat_ten_gb_eth_0/tge_tx_inst/tx_packet_ctrl_fifo_inst/U0/inst_fifo_gen/gconvfifo.rf/grf.rf/gntv_or_sync_fifo.gcx.clkx/rd_pntr_cdc_inst/dest_graysync_ff_reg[0][2]/D
  -------------------------------------------------------------------    -------------------

                         (clock user_clk_mmcm rise edge)
                                                      0.000     0.000 r  
    AU15                                              0.000     0.000 r  FPGA_REFCLK_BUF0_P (IN)
                         net (fo=0)                   0.000     0.000    skarab_infr/FPGA_REFCLK_BUF0_P
    AU15                 IBUFDS (Prop_ibufds_I_O)     0.958     0.958 r  skarab_infr/refclk_0_ibufgds/O
                         net (fo=2, routed)           1.121     2.079    skarab_infr/refclk_0
    MMCME2_ADV_X1Y5      MMCME2_ADV (Prop_mmcme2_adv_CLKIN1_CLKOUT0)
                                                      0.077     2.156 r  skarab_infr/USER_CLK_MMCM_inst/CLKOUT0
                         net (fo=1, routed)           1.463     3.619    skarab_infr/user_clk_mmcm
    BUFGCTRL_X0Y19       BUFG (Prop_bufg_I_O)         0.093     3.712 r  skarab_infr/user_clk_BUFG_inst/O
                         net (fo=2907, routed)        1.410     5.122    ethernet_one_gbe_skarab_tx_rx_tx_one_gbe/kat_ten_gb_eth_0/tge_tx_inst/tx_packet_ctrl_fifo_inst/U0/inst_fifo_gen/gconvfifo.rf/grf.rf/gntv_or_sync_fifo.gcx.clkx/rd_pntr_cdc_inst/dest_clk
    SLICE_X127Y195       FDRE                                         r  ethernet_one_gbe_skarab_tx_rx_tx_one_gbe/kat_ten_gb_eth_0/tge_tx_inst/tx_packet_ctrl_fifo_inst/U0/inst_fifo_gen/gconvfifo.rf/grf.rf/gntv_or_sync_fifo.gcx.clkx/rd_pntr_cdc_inst/dest_graysync_ff_reg[0][2]/C
                         clock pessimism             -0.103     5.019    
    SLICE_X127Y195       FDRE (Hold_fdre_C_D)         0.118     5.137    ethernet_one_gbe_skarab_tx_rx_tx_one_gbe/kat_ten_gb_eth_0/tge_tx_inst/tx_packet_ctrl_fifo_inst/U0/inst_fifo_gen/gconvfifo.rf/grf.rf/gntv_or_sync_fifo.gcx.clkx/rd_pntr_cdc_inst/dest_graysync_ff_reg[0][2]
  -------------------------------------------------------------------
                         data arrival                           5.066    
                         clock arrival                          5.137    
  -------------------------------------------------------------------
                         relative delay                        -0.072    



Id: 6
set_bus_skew -from [get_cells [list {ethernet_one_gbe_skarab_tx_rx_tx_one_gbe/kat_ten_gb_eth_0/tge_tx_inst/tx_packet_ctrl_fifo_inst/U0/inst_fifo_gen/gconvfifo.rf/grf.rf/gntv_or_sync_fifo.gcx.clkx/wr_pntr_cdc_inst/src_gray_ff_reg[0]} {ethernet_one_gbe_skarab_tx_rx_tx_one_gbe/kat_ten_gb_eth_0/tge_tx_inst/tx_packet_ctrl_fifo_inst/U0/inst_fifo_gen/gconvfifo.rf/grf.rf/gntv_or_sync_fifo.gcx.clkx/wr_pntr_cdc_inst/src_gray_ff_reg[1]} {ethernet_one_gbe_skarab_tx_rx_tx_one_gbe/kat_ten_gb_eth_0/tge_tx_inst/tx_packet_ctrl_fifo_inst/U0/inst_fifo_gen/gconvfifo.rf/grf.rf/gntv_or_sync_fifo.gcx.clkx/wr_pntr_cdc_inst/src_gray_ff_reg[2]} {ethernet_one_gbe_skarab_tx_rx_tx_one_gbe/kat_ten_gb_eth_0/tge_tx_inst/tx_packet_ctrl_fifo_inst/U0/inst_fifo_gen/gconvfifo.rf/grf.rf/gntv_or_sync_fifo.gcx.clkx/wr_pntr_cdc_inst/src_gray_ff_reg[3]}]] -to [get_cells [list {ethernet_one_gbe_skarab_tx_rx_tx_one_gbe/kat_ten_gb_eth_0/tge_tx_inst/tx_packet_ctrl_fifo_inst/U0/inst_fifo_gen/gconvfifo.rf/grf.rf/gntv_or_sync_fifo.gcx.clkx/wr_pntr_cdc_inst/dest_graysync_ff_reg[0][0]} {ethernet_one_gbe_skarab_tx_rx_tx_one_gbe/kat_ten_gb_eth_0/tge_tx_inst/tx_packet_ctrl_fifo_inst/U0/inst_fifo_gen/gconvfifo.rf/grf.rf/gntv_or_sync_fifo.gcx.clkx/wr_pntr_cdc_inst/dest_graysync_ff_reg[0][1]} {ethernet_one_gbe_skarab_tx_rx_tx_one_gbe/kat_ten_gb_eth_0/tge_tx_inst/tx_packet_ctrl_fifo_inst/U0/inst_fifo_gen/gconvfifo.rf/grf.rf/gntv_or_sync_fifo.gcx.clkx/wr_pntr_cdc_inst/dest_graysync_ff_reg[0][2]} {ethernet_one_gbe_skarab_tx_rx_tx_one_gbe/kat_ten_gb_eth_0/tge_tx_inst/tx_packet_ctrl_fifo_inst/U0/inst_fifo_gen/gconvfifo.rf/grf.rf/gntv_or_sync_fifo.gcx.clkx/wr_pntr_cdc_inst/dest_graysync_ff_reg[0][3]}]] 4.335
Requirement: 4.335ns
Endpoints: 4

From Clock            To Clock              Endpoint Pin                    Reference Pin                   Corner  Actual(ns)  Slack(ns)
--------------------  --------------------  ------------------------------  ------------------------------  ------  ----------  ---------
user_clk_mmcm         sys_clk_mmcm          ethernet_one_gbe_skarab_tx_rx_tx_one_gbe/kat_ten_gb_eth_0/tge_tx_inst/tx_packet_ctrl_fifo_inst/U0/inst_fifo_gen/gconvfifo.rf/grf.rf/gntv_or_sync_fifo.gcx.clkx/wr_pntr_cdc_inst/dest_graysync_ff_reg[0][1]/D
                                                                            ethernet_one_gbe_skarab_tx_rx_tx_one_gbe/kat_ten_gb_eth_0/tge_tx_inst/tx_packet_ctrl_fifo_inst/U0/inst_fifo_gen/gconvfifo.rf/grf.rf/gntv_or_sync_fifo.gcx.clkx/wr_pntr_cdc_inst/dest_graysync_ff_reg[0][2]/D
                                                                                                            Slow         1.494      2.841


Slack (MET) :             2.841ns  (requirement - actual skew)
  Endpoint Source:        ethernet_one_gbe_skarab_tx_rx_tx_one_gbe/kat_ten_gb_eth_0/tge_tx_inst/tx_packet_ctrl_fifo_inst/U0/inst_fifo_gen/gconvfifo.rf/grf.rf/gntv_or_sync_fifo.gcx.clkx/wr_pntr_cdc_inst/src_gray_ff_reg[1]/C
                            (rising edge-triggered cell FDRE clocked by user_clk_mmcm)
  Endpoint Destination:   ethernet_one_gbe_skarab_tx_rx_tx_one_gbe/kat_ten_gb_eth_0/tge_tx_inst/tx_packet_ctrl_fifo_inst/U0/inst_fifo_gen/gconvfifo.rf/grf.rf/gntv_or_sync_fifo.gcx.clkx/wr_pntr_cdc_inst/dest_graysync_ff_reg[0][1]/D
                            (rising edge-triggered cell FDRE clocked by sys_clk_mmcm)
  Reference Source:       ethernet_one_gbe_skarab_tx_rx_tx_one_gbe/kat_ten_gb_eth_0/tge_tx_inst/tx_packet_ctrl_fifo_inst/U0/inst_fifo_gen/gconvfifo.rf/grf.rf/gntv_or_sync_fifo.gcx.clkx/wr_pntr_cdc_inst/src_gray_ff_reg[2]/C
                            (rising edge-triggered cell FDRE clocked by user_clk_mmcm)
  Reference Destination:  ethernet_one_gbe_skarab_tx_rx_tx_one_gbe/kat_ten_gb_eth_0/tge_tx_inst/tx_packet_ctrl_fifo_inst/U0/inst_fifo_gen/gconvfifo.rf/grf.rf/gntv_or_sync_fifo.gcx.clkx/wr_pntr_cdc_inst/dest_graysync_ff_reg[0][2]/D
                            (rising edge-triggered cell FDRE clocked by sys_clk_mmcm)
  Path Type:              Bus Skew (Max at Slow Process Corner)
  Requirement:            4.335ns
  Endpoint Relative Delay:    1.246ns
  Reference Relative Delay:   0.170ns
  Relative CRPR:              0.628ns
  Uncertainty:                1.046ns
  Actual Bus Skew:            1.494ns  (Endpoint Relative Delay - Reference Relative Delay - Relative CRPR + Uncertainty)

Endpoint path:
    Location             Delay type                Incr(ns)  Path(ns)    Netlist Resource(s)
  -------------------------------------------------------------------    -------------------
                         (clock user_clk_mmcm rise edge)
                                                      0.000     0.000 r  
    AU15                                              0.000     0.000 r  FPGA_REFCLK_BUF0_P (IN)
                         net (fo=0)                   0.000     0.000    skarab_infr/FPGA_REFCLK_BUF0_P
    AU15                 IBUFDS (Prop_ibufds_I_O)     0.958     0.958 r  skarab_infr/refclk_0_ibufgds/O
                         net (fo=2, routed)           1.121     2.079    skarab_infr/refclk_0
    MMCME2_ADV_X1Y5      MMCME2_ADV (Prop_mmcme2_adv_CLKIN1_CLKOUT0)
                                                      0.077     2.156 r  skarab_infr/USER_CLK_MMCM_inst/CLKOUT0
                         net (fo=1, routed)           1.463     3.619    skarab_infr/user_clk_mmcm
    BUFGCTRL_X0Y19       BUFG (Prop_bufg_I_O)         0.093     3.712 r  skarab_infr/user_clk_BUFG_inst/O
                         net (fo=2907, routed)        1.469     5.181    ethernet_one_gbe_skarab_tx_rx_tx_one_gbe/kat_ten_gb_eth_0/tge_tx_inst/tx_packet_ctrl_fifo_inst/U0/inst_fifo_gen/gconvfifo.rf/grf.rf/gntv_or_sync_fifo.gcx.clkx/wr_pntr_cdc_inst/src_clk
    SLICE_X132Y195       FDRE                                         r  ethernet_one_gbe_skarab_tx_rx_tx_one_gbe/kat_ten_gb_eth_0/tge_tx_inst/tx_packet_ctrl_fifo_inst/U0/inst_fifo_gen/gconvfifo.rf/grf.rf/gntv_or_sync_fifo.gcx.clkx/wr_pntr_cdc_inst/src_gray_ff_reg[1]/C
  -------------------------------------------------------------------    -------------------
    SLICE_X132Y195       FDRE (Prop_fdre_C_Q)         0.236     5.417 r  ethernet_one_gbe_skarab_tx_rx_tx_one_gbe/kat_ten_gb_eth_0/tge_tx_inst/tx_packet_ctrl_fifo_inst/U0/inst_fifo_gen/gconvfifo.rf/grf.rf/gntv_or_sync_fifo.gcx.clkx/wr_pntr_cdc_inst/src_gray_ff_reg[1]/Q
                         net (fo=1, routed)           0.461     5.878    ethernet_one_gbe_skarab_tx_rx_tx_one_gbe/kat_ten_gb_eth_0/tge_tx_inst/tx_packet_ctrl_fifo_inst/U0/inst_fifo_gen/gconvfifo.rf/grf.rf/gntv_or_sync_fifo.gcx.clkx/wr_pntr_cdc_inst/async_path[1]
    SLICE_X123Y194       FDRE                                         r  ethernet_one_gbe_skarab_tx_rx_tx_one_gbe/kat_ten_gb_eth_0/tge_tx_inst/tx_packet_ctrl_fifo_inst/U0/inst_fifo_gen/gconvfifo.rf/grf.rf/gntv_or_sync_fifo.gcx.clkx/wr_pntr_cdc_inst/dest_graysync_ff_reg[0][1]/D
  -------------------------------------------------------------------    -------------------

                         (clock sys_clk_mmcm rise edge)
                                                      0.000     0.000 r  
    AU15                                              0.000     0.000 r  FPGA_REFCLK_BUF0_P (IN)
                         net (fo=0)                   0.000     0.000    skarab_infr/FPGA_REFCLK_BUF0_P
    AU15                 IBUFDS (Prop_ibufds_I_O)     0.855     0.855 r  skarab_infr/refclk_0_ibufgds/O
                         net (fo=2, routed)           0.986     1.841    skarab_infr/refclk_0
    MMCME2_ADV_X1Y4      MMCME2_ADV (Prop_mmcme2_adv_CLKIN1_CLKOUT0)
                                                      0.073     1.914 r  skarab_infr/SYS_CLK_MMCM_inst/CLKOUT0
                         net (fo=1, routed)           1.350     3.264    skarab_infr/sys_clk_mmcm
    BUFGCTRL_X0Y0        BUFG (Prop_bufg_I_O)         0.083     3.347 r  skarab_infr/sys_clk_BUFG_inst/O
                         net (fo=2840, routed)        1.271     4.618    ethernet_one_gbe_skarab_tx_rx_tx_one_gbe/kat_ten_gb_eth_0/tge_tx_inst/tx_packet_ctrl_fifo_inst/U0/inst_fifo_gen/gconvfifo.rf/grf.rf/gntv_or_sync_fifo.gcx.clkx/wr_pntr_cdc_inst/dest_clk
    SLICE_X123Y194       FDRE                                         r  ethernet_one_gbe_skarab_tx_rx_tx_one_gbe/kat_ten_gb_eth_0/tge_tx_inst/tx_packet_ctrl_fifo_inst/U0/inst_fifo_gen/gconvfifo.rf/grf.rf/gntv_or_sync_fifo.gcx.clkx/wr_pntr_cdc_inst/dest_graysync_ff_reg[0][1]/C
                         clock pessimism              0.103     4.721    
    SLICE_X123Y194       FDRE (Setup_fdre_C_D)       -0.089     4.632    ethernet_one_gbe_skarab_tx_rx_tx_one_gbe/kat_ten_gb_eth_0/tge_tx_inst/tx_packet_ctrl_fifo_inst/U0/inst_fifo_gen/gconvfifo.rf/grf.rf/gntv_or_sync_fifo.gcx.clkx/wr_pntr_cdc_inst/dest_graysync_ff_reg[0][1]
  -------------------------------------------------------------------
                         data arrival                           5.878    
                         clock arrival                          4.632    
  -------------------------------------------------------------------
                         relative delay                         1.246    

Reference path:
    Location             Delay type                Incr(ns)  Path(ns)    Netlist Resource(s)
  -------------------------------------------------------------------    -------------------
                         (clock user_clk_mmcm rise edge)
                                                      0.000     0.000 r  
    AU15                                              0.000     0.000 r  FPGA_REFCLK_BUF0_P (IN)
                         net (fo=0)                   0.000     0.000    skarab_infr/FPGA_REFCLK_BUF0_P
    AU15                 IBUFDS (Prop_ibufds_I_O)     0.855     0.855 r  skarab_infr/refclk_0_ibufgds/O
                         net (fo=2, routed)           1.018     1.873    skarab_infr/refclk_0
    MMCME2_ADV_X1Y5      MMCME2_ADV (Prop_mmcme2_adv_CLKIN1_CLKOUT0)
                                                      0.073     1.946 r  skarab_infr/USER_CLK_MMCM_inst/CLKOUT0
                         net (fo=1, routed)           1.350     3.296    skarab_infr/user_clk_mmcm
    BUFGCTRL_X0Y19       BUFG (Prop_bufg_I_O)         0.083     3.379 r  skarab_infr/user_clk_BUFG_inst/O
                         net (fo=2907, routed)        1.274     4.653    ethernet_one_gbe_skarab_tx_rx_tx_one_gbe/kat_ten_gb_eth_0/tge_tx_inst/tx_packet_ctrl_fifo_inst/U0/inst_fifo_gen/gconvfifo.rf/grf.rf/gntv_or_sync_fifo.gcx.clkx/wr_pntr_cdc_inst/src_clk
    SLICE_X124Y195       FDRE                                         r  ethernet_one_gbe_skarab_tx_rx_tx_one_gbe/kat_ten_gb_eth_0/tge_tx_inst/tx_packet_ctrl_fifo_inst/U0/inst_fifo_gen/gconvfifo.rf/grf.rf/gntv_or_sync_fifo.gcx.clkx/wr_pntr_cdc_inst/src_gray_ff_reg[2]/C
  -------------------------------------------------------------------    -------------------
    SLICE_X124Y195       FDRE (Prop_fdre_C_Q)         0.206     4.859 r  ethernet_one_gbe_skarab_tx_rx_tx_one_gbe/kat_ten_gb_eth_0/tge_tx_inst/tx_packet_ctrl_fifo_inst/U0/inst_fifo_gen/gconvfifo.rf/grf.rf/gntv_or_sync_fifo.gcx.clkx/wr_pntr_cdc_inst/src_gray_ff_reg[2]/Q
                         net (fo=1, routed)           0.441     5.301    ethernet_one_gbe_skarab_tx_rx_tx_one_gbe/kat_ten_gb_eth_0/tge_tx_inst/tx_packet_ctrl_fifo_inst/U0/inst_fifo_gen/gconvfifo.rf/grf.rf/gntv_or_sync_fifo.gcx.clkx/wr_pntr_cdc_inst/async_path[2]
    SLICE_X124Y196       FDRE                                         r  ethernet_one_gbe_skarab_tx_rx_tx_one_gbe/kat_ten_gb_eth_0/tge_tx_inst/tx_packet_ctrl_fifo_inst/U0/inst_fifo_gen/gconvfifo.rf/grf.rf/gntv_or_sync_fifo.gcx.clkx/wr_pntr_cdc_inst/dest_graysync_ff_reg[0][2]/D
  -------------------------------------------------------------------    -------------------

                         (clock sys_clk_mmcm rise edge)
                                                      0.000     0.000 r  
    AU15                                              0.000     0.000 r  FPGA_REFCLK_BUF0_P (IN)
                         net (fo=0)                   0.000     0.000    skarab_infr/FPGA_REFCLK_BUF0_P
    AU15                 IBUFDS (Prop_ibufds_I_O)     0.958     0.958 r  skarab_infr/refclk_0_ibufgds/O
                         net (fo=2, routed)           1.081     2.039    skarab_infr/refclk_0
    MMCME2_ADV_X1Y4      MMCME2_ADV (Prop_mmcme2_adv_CLKIN1_CLKOUT0)
                                                      0.077     2.116 r  skarab_infr/SYS_CLK_MMCM_inst/CLKOUT0
                         net (fo=1, routed)           1.463     3.579    skarab_infr/sys_clk_mmcm
    BUFGCTRL_X0Y0        BUFG (Prop_bufg_I_O)         0.093     3.672 r  skarab_infr/sys_clk_BUFG_inst/O
                         net (fo=2840, routed)        1.407     5.079    ethernet_one_gbe_skarab_tx_rx_tx_one_gbe/kat_ten_gb_eth_0/tge_tx_inst/tx_packet_ctrl_fifo_inst/U0/inst_fifo_gen/gconvfifo.rf/grf.rf/gntv_or_sync_fifo.gcx.clkx/wr_pntr_cdc_inst/dest_clk
    SLICE_X124Y196       FDRE                                         r  ethernet_one_gbe_skarab_tx_rx_tx_one_gbe/kat_ten_gb_eth_0/tge_tx_inst/tx_packet_ctrl_fifo_inst/U0/inst_fifo_gen/gconvfifo.rf/grf.rf/gntv_or_sync_fifo.gcx.clkx/wr_pntr_cdc_inst/dest_graysync_ff_reg[0][2]/C
                         clock pessimism             -0.103     4.976    
    SLICE_X124Y196       FDRE (Hold_fdre_C_D)         0.154     5.130    ethernet_one_gbe_skarab_tx_rx_tx_one_gbe/kat_ten_gb_eth_0/tge_tx_inst/tx_packet_ctrl_fifo_inst/U0/inst_fifo_gen/gconvfifo.rf/grf.rf/gntv_or_sync_fifo.gcx.clkx/wr_pntr_cdc_inst/dest_graysync_ff_reg[0][2]
  -------------------------------------------------------------------
                         data arrival                           5.301    
                         clock arrival                          5.130    
  -------------------------------------------------------------------
                         relative delay                         0.170    



Id: 7
set_bus_skew -from [get_cells [list {ethernet_one_gbe_skarab_tx_rx_tx_one_gbe/kat_ten_gb_eth_0/tge_tx_inst/tx_packet_fifo_inst/U0/inst_fifo_gen/gconvfifo.rf/grf.rf/gntv_or_sync_fifo.gcx.clkx/rd_pntr_cdc_inst/src_gray_ff_reg[0]} {ethernet_one_gbe_skarab_tx_rx_tx_one_gbe/kat_ten_gb_eth_0/tge_tx_inst/tx_packet_fifo_inst/U0/inst_fifo_gen/gconvfifo.rf/grf.rf/gntv_or_sync_fifo.gcx.clkx/rd_pntr_cdc_inst/src_gray_ff_reg[1]} {ethernet_one_gbe_skarab_tx_rx_tx_one_gbe/kat_ten_gb_eth_0/tge_tx_inst/tx_packet_fifo_inst/U0/inst_fifo_gen/gconvfifo.rf/grf.rf/gntv_or_sync_fifo.gcx.clkx/rd_pntr_cdc_inst/src_gray_ff_reg[2]} {ethernet_one_gbe_skarab_tx_rx_tx_one_gbe/kat_ten_gb_eth_0/tge_tx_inst/tx_packet_fifo_inst/U0/inst_fifo_gen/gconvfifo.rf/grf.rf/gntv_or_sync_fifo.gcx.clkx/rd_pntr_cdc_inst/src_gray_ff_reg[3]} {ethernet_one_gbe_skarab_tx_rx_tx_one_gbe/kat_ten_gb_eth_0/tge_tx_inst/tx_packet_fifo_inst/U0/inst_fifo_gen/gconvfifo.rf/grf.rf/gntv_or_sync_fifo.gcx.clkx/rd_pntr_cdc_inst/src_gray_ff_reg[4]} {ethernet_one_gbe_skarab_tx_rx_tx_one_gbe/kat_ten_gb_eth_0/tge_tx_inst/tx_packet_fifo_inst/U0/inst_fifo_gen/gconvfifo.rf/grf.rf/gntv_or_sync_fifo.gcx.clkx/rd_pntr_cdc_inst/src_gray_ff_reg[5]} {ethernet_one_gbe_skarab_tx_rx_tx_one_gbe/kat_ten_gb_eth_0/tge_tx_inst/tx_packet_fifo_inst/U0/inst_fifo_gen/gconvfifo.rf/grf.rf/gntv_or_sync_fifo.gcx.clkx/rd_pntr_cdc_inst/src_gray_ff_reg[6]} {ethernet_one_gbe_skarab_tx_rx_tx_one_gbe/kat_ten_gb_eth_0/tge_tx_inst/tx_packet_fifo_inst/U0/inst_fifo_gen/gconvfifo.rf/grf.rf/gntv_or_sync_fifo.gcx.clkx/rd_pntr_cdc_inst/src_gray_ff_reg[7]} {ethernet_one_gbe_skarab_tx_rx_tx_one_gbe/kat_ten_gb_eth_0/tge_tx_inst/tx_packet_fifo_inst/U0/inst_fifo_gen/gconvfifo.rf/grf.rf/gntv_or_sync_fifo.gcx.clkx/rd_pntr_cdc_inst/src_gray_ff_reg[8]} {ethernet_one_gbe_skarab_tx_rx_tx_one_gbe/kat_ten_gb_eth_0/tge_tx_inst/tx_packet_fifo_inst/U0/inst_fifo_gen/gconvfifo.rf/grf.rf/gntv_or_sync_fifo.gcx.clkx/rd_pntr_cdc_inst/src_gray_ff_reg[9]}]] -to [get_cells [list {ethernet_one_gbe_skarab_tx_rx_tx_one_gbe/kat_ten_gb_eth_0/tge_tx_inst/tx_packet_fifo_inst/U0/inst_fifo_gen/gconvfifo.rf/grf.rf/gntv_or_sync_fifo.gcx.clkx/rd_pntr_cdc_inst/dest_graysync_ff_reg[0][0]} {ethernet_one_gbe_skarab_tx_rx_tx_one_gbe/kat_ten_gb_eth_0/tge_tx_inst/tx_packet_fifo_inst/U0/inst_fifo_gen/gconvfifo.rf/grf.rf/gntv_or_sync_fifo.gcx.clkx/rd_pntr_cdc_inst/dest_graysync_ff_reg[0][1]} {ethernet_one_gbe_skarab_tx_rx_tx_one_gbe/kat_ten_gb_eth_0/tge_tx_inst/tx_packet_fifo_inst/U0/inst_fifo_gen/gconvfifo.rf/grf.rf/gntv_or_sync_fifo.gcx.clkx/rd_pntr_cdc_inst/dest_graysync_ff_reg[0][2]} {ethernet_one_gbe_skarab_tx_rx_tx_one_gbe/kat_ten_gb_eth_0/tge_tx_inst/tx_packet_fifo_inst/U0/inst_fifo_gen/gconvfifo.rf/grf.rf/gntv_or_sync_fifo.gcx.clkx/rd_pntr_cdc_inst/dest_graysync_ff_reg[0][3]} {ethernet_one_gbe_skarab_tx_rx_tx_one_gbe/kat_ten_gb_eth_0/tge_tx_inst/tx_packet_fifo_inst/U0/inst_fifo_gen/gconvfifo.rf/grf.rf/gntv_or_sync_fifo.gcx.clkx/rd_pntr_cdc_inst/dest_graysync_ff_reg[0][4]} {ethernet_one_gbe_skarab_tx_rx_tx_one_gbe/kat_ten_gb_eth_0/tge_tx_inst/tx_packet_fifo_inst/U0/inst_fifo_gen/gconvfifo.rf/grf.rf/gntv_or_sync_fifo.gcx.clkx/rd_pntr_cdc_inst/dest_graysync_ff_reg[0][5]} {ethernet_one_gbe_skarab_tx_rx_tx_one_gbe/kat_ten_gb_eth_0/tge_tx_inst/tx_packet_fifo_inst/U0/inst_fifo_gen/gconvfifo.rf/grf.rf/gntv_or_sync_fifo.gcx.clkx/rd_pntr_cdc_inst/dest_graysync_ff_reg[0][6]} {ethernet_one_gbe_skarab_tx_rx_tx_one_gbe/kat_ten_gb_eth_0/tge_tx_inst/tx_packet_fifo_inst/U0/inst_fifo_gen/gconvfifo.rf/grf.rf/gntv_or_sync_fifo.gcx.clkx/rd_pntr_cdc_inst/dest_graysync_ff_reg[0][7]} {ethernet_one_gbe_skarab_tx_rx_tx_one_gbe/kat_ten_gb_eth_0/tge_tx_inst/tx_packet_fifo_inst/U0/inst_fifo_gen/gconvfifo.rf/grf.rf/gntv_or_sync_fifo.gcx.clkx/rd_pntr_cdc_inst/dest_graysync_ff_reg[0][8]} {ethernet_one_gbe_skarab_tx_rx_tx_one_gbe/kat_ten_gb_eth_0/tge_tx_inst/tx_packet_fifo_inst/U0/inst_fifo_gen/gconvfifo.rf/grf.rf/gntv_or_sync_fifo.gcx.clkx/rd_pntr_cdc_inst/dest_graysync_ff_reg[0][9]}]] 4.335
Requirement: 4.335ns
Endpoints: 10

From Clock            To Clock              Endpoint Pin                    Reference Pin                   Corner  Actual(ns)  Slack(ns)
--------------------  --------------------  ------------------------------  ------------------------------  ------  ----------  ---------
sys_clk_mmcm          user_clk_mmcm         ethernet_one_gbe_skarab_tx_rx_tx_one_gbe/kat_ten_gb_eth_0/tge_tx_inst/tx_packet_fifo_inst/U0/inst_fifo_gen/gconvfifo.rf/grf.rf/gntv_or_sync_fifo.gcx.clkx/rd_pntr_cdc_inst/dest_graysync_ff_reg[0][1]/D
                                                                            ethernet_one_gbe_skarab_tx_rx_tx_one_gbe/kat_ten_gb_eth_0/tge_tx_inst/tx_packet_fifo_inst/U0/inst_fifo_gen/gconvfifo.rf/grf.rf/gntv_or_sync_fifo.gcx.clkx/rd_pntr_cdc_inst/dest_graysync_ff_reg[0][4]/D
                                                                                                            Slow         1.524      2.811


Slack (MET) :             2.811ns  (requirement - actual skew)
  Endpoint Source:        ethernet_one_gbe_skarab_tx_rx_tx_one_gbe/kat_ten_gb_eth_0/tge_tx_inst/tx_packet_fifo_inst/U0/inst_fifo_gen/gconvfifo.rf/grf.rf/gntv_or_sync_fifo.gcx.clkx/rd_pntr_cdc_inst/src_gray_ff_reg[1]/C
                            (rising edge-triggered cell FDRE clocked by sys_clk_mmcm)
  Endpoint Destination:   ethernet_one_gbe_skarab_tx_rx_tx_one_gbe/kat_ten_gb_eth_0/tge_tx_inst/tx_packet_fifo_inst/U0/inst_fifo_gen/gconvfifo.rf/grf.rf/gntv_or_sync_fifo.gcx.clkx/rd_pntr_cdc_inst/dest_graysync_ff_reg[0][1]/D
                            (rising edge-triggered cell FDRE clocked by user_clk_mmcm)
  Reference Source:       ethernet_one_gbe_skarab_tx_rx_tx_one_gbe/kat_ten_gb_eth_0/tge_tx_inst/tx_packet_fifo_inst/U0/inst_fifo_gen/gconvfifo.rf/grf.rf/gntv_or_sync_fifo.gcx.clkx/rd_pntr_cdc_inst/src_gray_ff_reg[4]/C
                            (rising edge-triggered cell FDRE clocked by sys_clk_mmcm)
  Reference Destination:  ethernet_one_gbe_skarab_tx_rx_tx_one_gbe/kat_ten_gb_eth_0/tge_tx_inst/tx_packet_fifo_inst/U0/inst_fifo_gen/gconvfifo.rf/grf.rf/gntv_or_sync_fifo.gcx.clkx/rd_pntr_cdc_inst/dest_graysync_ff_reg[0][4]/D
                            (rising edge-triggered cell FDRE clocked by user_clk_mmcm)
  Path Type:              Bus Skew (Max at Slow Process Corner)
  Requirement:            4.335ns
  Endpoint Relative Delay:    0.998ns
  Reference Relative Delay:  -0.133ns
  Relative CRPR:              0.653ns
  Uncertainty:                1.046ns
  Actual Bus Skew:            1.524ns  (Endpoint Relative Delay - Reference Relative Delay - Relative CRPR + Uncertainty)

Endpoint path:
    Location             Delay type                Incr(ns)  Path(ns)    Netlist Resource(s)
  -------------------------------------------------------------------    -------------------
                         (clock sys_clk_mmcm rise edge)
                                                      0.000     0.000 r  
    AU15                                              0.000     0.000 r  FPGA_REFCLK_BUF0_P (IN)
                         net (fo=0)                   0.000     0.000    skarab_infr/FPGA_REFCLK_BUF0_P
    AU15                 IBUFDS (Prop_ibufds_I_O)     0.958     0.958 r  skarab_infr/refclk_0_ibufgds/O
                         net (fo=2, routed)           1.081     2.039    skarab_infr/refclk_0
    MMCME2_ADV_X1Y4      MMCME2_ADV (Prop_mmcme2_adv_CLKIN1_CLKOUT0)
                                                      0.077     2.116 r  skarab_infr/SYS_CLK_MMCM_inst/CLKOUT0
                         net (fo=1, routed)           1.463     3.579    skarab_infr/sys_clk_mmcm
    BUFGCTRL_X0Y0        BUFG (Prop_bufg_I_O)         0.093     3.672 r  skarab_infr/sys_clk_BUFG_inst/O
                         net (fo=2840, routed)        1.465     5.137    ethernet_one_gbe_skarab_tx_rx_tx_one_gbe/kat_ten_gb_eth_0/tge_tx_inst/tx_packet_fifo_inst/U0/inst_fifo_gen/gconvfifo.rf/grf.rf/gntv_or_sync_fifo.gcx.clkx/rd_pntr_cdc_inst/src_clk
    SLICE_X159Y177       FDRE                                         r  ethernet_one_gbe_skarab_tx_rx_tx_one_gbe/kat_ten_gb_eth_0/tge_tx_inst/tx_packet_fifo_inst/U0/inst_fifo_gen/gconvfifo.rf/grf.rf/gntv_or_sync_fifo.gcx.clkx/rd_pntr_cdc_inst/src_gray_ff_reg[1]/C
  -------------------------------------------------------------------    -------------------
    SLICE_X159Y177       FDRE (Prop_fdre_C_Q)         0.204     5.341 r  ethernet_one_gbe_skarab_tx_rx_tx_one_gbe/kat_ten_gb_eth_0/tge_tx_inst/tx_packet_fifo_inst/U0/inst_fifo_gen/gconvfifo.rf/grf.rf/gntv_or_sync_fifo.gcx.clkx/rd_pntr_cdc_inst/src_gray_ff_reg[1]/Q
                         net (fo=1, routed)           0.376     5.717    ethernet_one_gbe_skarab_tx_rx_tx_one_gbe/kat_ten_gb_eth_0/tge_tx_inst/tx_packet_fifo_inst/U0/inst_fifo_gen/gconvfifo.rf/grf.rf/gntv_or_sync_fifo.gcx.clkx/rd_pntr_cdc_inst/async_path[1]
    SLICE_X153Y176       FDRE                                         r  ethernet_one_gbe_skarab_tx_rx_tx_one_gbe/kat_ten_gb_eth_0/tge_tx_inst/tx_packet_fifo_inst/U0/inst_fifo_gen/gconvfifo.rf/grf.rf/gntv_or_sync_fifo.gcx.clkx/rd_pntr_cdc_inst/dest_graysync_ff_reg[0][1]/D
  -------------------------------------------------------------------    -------------------

                         (clock user_clk_mmcm rise edge)
                                                      0.000     0.000 r  
    AU15                                              0.000     0.000 r  FPGA_REFCLK_BUF0_P (IN)
                         net (fo=0)                   0.000     0.000    skarab_infr/FPGA_REFCLK_BUF0_P
    AU15                 IBUFDS (Prop_ibufds_I_O)     0.855     0.855 r  skarab_infr/refclk_0_ibufgds/O
                         net (fo=2, routed)           1.018     1.873    skarab_infr/refclk_0
    MMCME2_ADV_X1Y5      MMCME2_ADV (Prop_mmcme2_adv_CLKIN1_CLKOUT0)
                                                      0.073     1.946 r  skarab_infr/USER_CLK_MMCM_inst/CLKOUT0
                         net (fo=1, routed)           1.350     3.296    skarab_infr/user_clk_mmcm
    BUFGCTRL_X0Y19       BUFG (Prop_bufg_I_O)         0.083     3.379 r  skarab_infr/user_clk_BUFG_inst/O
                         net (fo=2907, routed)        1.330     4.709    ethernet_one_gbe_skarab_tx_rx_tx_one_gbe/kat_ten_gb_eth_0/tge_tx_inst/tx_packet_fifo_inst/U0/inst_fifo_gen/gconvfifo.rf/grf.rf/gntv_or_sync_fifo.gcx.clkx/rd_pntr_cdc_inst/dest_clk
    SLICE_X153Y176       FDRE                                         r  ethernet_one_gbe_skarab_tx_rx_tx_one_gbe/kat_ten_gb_eth_0/tge_tx_inst/tx_packet_fifo_inst/U0/inst_fifo_gen/gconvfifo.rf/grf.rf/gntv_or_sync_fifo.gcx.clkx/rd_pntr_cdc_inst/dest_graysync_ff_reg[0][1]/C
                         clock pessimism              0.103     4.812    
    SLICE_X153Y176       FDRE (Setup_fdre_C_D)       -0.093     4.719    ethernet_one_gbe_skarab_tx_rx_tx_one_gbe/kat_ten_gb_eth_0/tge_tx_inst/tx_packet_fifo_inst/U0/inst_fifo_gen/gconvfifo.rf/grf.rf/gntv_or_sync_fifo.gcx.clkx/rd_pntr_cdc_inst/dest_graysync_ff_reg[0][1]
  -------------------------------------------------------------------
                         data arrival                           5.717    
                         clock arrival                          4.719    
  -------------------------------------------------------------------
                         relative delay                         0.998    

Reference path:
    Location             Delay type                Incr(ns)  Path(ns)    Netlist Resource(s)
  -------------------------------------------------------------------    -------------------
                         (clock sys_clk_mmcm rise edge)
                                                      0.000     0.000 r  
    AU15                                              0.000     0.000 r  FPGA_REFCLK_BUF0_P (IN)
                         net (fo=0)                   0.000     0.000    skarab_infr/FPGA_REFCLK_BUF0_P
    AU15                 IBUFDS (Prop_ibufds_I_O)     0.855     0.855 r  skarab_infr/refclk_0_ibufgds/O
                         net (fo=2, routed)           0.986     1.841    skarab_infr/refclk_0
    MMCME2_ADV_X1Y4      MMCME2_ADV (Prop_mmcme2_adv_CLKIN1_CLKOUT0)
                                                      0.073     1.914 r  skarab_infr/SYS_CLK_MMCM_inst/CLKOUT0
                         net (fo=1, routed)           1.350     3.264    skarab_infr/sys_clk_mmcm
    BUFGCTRL_X0Y0        BUFG (Prop_bufg_I_O)         0.083     3.347 r  skarab_infr/sys_clk_BUFG_inst/O
                         net (fo=2840, routed)        1.329     4.676    ethernet_one_gbe_skarab_tx_rx_tx_one_gbe/kat_ten_gb_eth_0/tge_tx_inst/tx_packet_fifo_inst/U0/inst_fifo_gen/gconvfifo.rf/grf.rf/gntv_or_sync_fifo.gcx.clkx/rd_pntr_cdc_inst/src_clk
    SLICE_X157Y176       FDRE                                         r  ethernet_one_gbe_skarab_tx_rx_tx_one_gbe/kat_ten_gb_eth_0/tge_tx_inst/tx_packet_fifo_inst/U0/inst_fifo_gen/gconvfifo.rf/grf.rf/gntv_or_sync_fifo.gcx.clkx/rd_pntr_cdc_inst/src_gray_ff_reg[4]/C
  -------------------------------------------------------------------    -------------------
    SLICE_X157Y176       FDRE (Prop_fdre_C_Q)         0.178     4.854 r  ethernet_one_gbe_skarab_tx_rx_tx_one_gbe/kat_ten_gb_eth_0/tge_tx_inst/tx_packet_fifo_inst/U0/inst_fifo_gen/gconvfifo.rf/grf.rf/gntv_or_sync_fifo.gcx.clkx/rd_pntr_cdc_inst/src_gray_ff_reg[4]/Q
                         net (fo=1, routed)           0.238     5.093    ethernet_one_gbe_skarab_tx_rx_tx_one_gbe/kat_ten_gb_eth_0/tge_tx_inst/tx_packet_fifo_inst/U0/inst_fifo_gen/gconvfifo.rf/grf.rf/gntv_or_sync_fifo.gcx.clkx/rd_pntr_cdc_inst/async_path[4]
    SLICE_X154Y176       FDRE                                         r  ethernet_one_gbe_skarab_tx_rx_tx_one_gbe/kat_ten_gb_eth_0/tge_tx_inst/tx_packet_fifo_inst/U0/inst_fifo_gen/gconvfifo.rf/grf.rf/gntv_or_sync_fifo.gcx.clkx/rd_pntr_cdc_inst/dest_graysync_ff_reg[0][4]/D
  -------------------------------------------------------------------    -------------------

                         (clock user_clk_mmcm rise edge)
                                                      0.000     0.000 r  
    AU15                                              0.000     0.000 r  FPGA_REFCLK_BUF0_P (IN)
                         net (fo=0)                   0.000     0.000    skarab_infr/FPGA_REFCLK_BUF0_P
    AU15                 IBUFDS (Prop_ibufds_I_O)     0.958     0.958 r  skarab_infr/refclk_0_ibufgds/O
                         net (fo=2, routed)           1.121     2.079    skarab_infr/refclk_0
    MMCME2_ADV_X1Y5      MMCME2_ADV (Prop_mmcme2_adv_CLKIN1_CLKOUT0)
                                                      0.077     2.156 r  skarab_infr/USER_CLK_MMCM_inst/CLKOUT0
                         net (fo=1, routed)           1.463     3.619    skarab_infr/user_clk_mmcm
    BUFGCTRL_X0Y19       BUFG (Prop_bufg_I_O)         0.093     3.712 r  skarab_infr/user_clk_BUFG_inst/O
                         net (fo=2907, routed)        1.464     5.176    ethernet_one_gbe_skarab_tx_rx_tx_one_gbe/kat_ten_gb_eth_0/tge_tx_inst/tx_packet_fifo_inst/U0/inst_fifo_gen/gconvfifo.rf/grf.rf/gntv_or_sync_fifo.gcx.clkx/rd_pntr_cdc_inst/dest_clk
    SLICE_X154Y176       FDRE                                         r  ethernet_one_gbe_skarab_tx_rx_tx_one_gbe/kat_ten_gb_eth_0/tge_tx_inst/tx_packet_fifo_inst/U0/inst_fifo_gen/gconvfifo.rf/grf.rf/gntv_or_sync_fifo.gcx.clkx/rd_pntr_cdc_inst/dest_graysync_ff_reg[0][4]/C
                         clock pessimism             -0.103     5.073    
    SLICE_X154Y176       FDRE (Hold_fdre_C_D)         0.152     5.225    ethernet_one_gbe_skarab_tx_rx_tx_one_gbe/kat_ten_gb_eth_0/tge_tx_inst/tx_packet_fifo_inst/U0/inst_fifo_gen/gconvfifo.rf/grf.rf/gntv_or_sync_fifo.gcx.clkx/rd_pntr_cdc_inst/dest_graysync_ff_reg[0][4]
  -------------------------------------------------------------------
                         data arrival                           5.093    
                         clock arrival                          5.225    
  -------------------------------------------------------------------
                         relative delay                        -0.133    



Id: 8
set_bus_skew -from [get_cells [list {ethernet_one_gbe_skarab_tx_rx_tx_one_gbe/kat_ten_gb_eth_0/tge_tx_inst/tx_packet_fifo_inst/U0/inst_fifo_gen/gconvfifo.rf/grf.rf/gntv_or_sync_fifo.gcx.clkx/wr_pntr_cdc_inst/src_gray_ff_reg[0]} {ethernet_one_gbe_skarab_tx_rx_tx_one_gbe/kat_ten_gb_eth_0/tge_tx_inst/tx_packet_fifo_inst/U0/inst_fifo_gen/gconvfifo.rf/grf.rf/gntv_or_sync_fifo.gcx.clkx/wr_pntr_cdc_inst/src_gray_ff_reg[1]} {ethernet_one_gbe_skarab_tx_rx_tx_one_gbe/kat_ten_gb_eth_0/tge_tx_inst/tx_packet_fifo_inst/U0/inst_fifo_gen/gconvfifo.rf/grf.rf/gntv_or_sync_fifo.gcx.clkx/wr_pntr_cdc_inst/src_gray_ff_reg[2]} {ethernet_one_gbe_skarab_tx_rx_tx_one_gbe/kat_ten_gb_eth_0/tge_tx_inst/tx_packet_fifo_inst/U0/inst_fifo_gen/gconvfifo.rf/grf.rf/gntv_or_sync_fifo.gcx.clkx/wr_pntr_cdc_inst/src_gray_ff_reg[3]} {ethernet_one_gbe_skarab_tx_rx_tx_one_gbe/kat_ten_gb_eth_0/tge_tx_inst/tx_packet_fifo_inst/U0/inst_fifo_gen/gconvfifo.rf/grf.rf/gntv_or_sync_fifo.gcx.clkx/wr_pntr_cdc_inst/src_gray_ff_reg[4]} {ethernet_one_gbe_skarab_tx_rx_tx_one_gbe/kat_ten_gb_eth_0/tge_tx_inst/tx_packet_fifo_inst/U0/inst_fifo_gen/gconvfifo.rf/grf.rf/gntv_or_sync_fifo.gcx.clkx/wr_pntr_cdc_inst/src_gray_ff_reg[5]} {ethernet_one_gbe_skarab_tx_rx_tx_one_gbe/kat_ten_gb_eth_0/tge_tx_inst/tx_packet_fifo_inst/U0/inst_fifo_gen/gconvfifo.rf/grf.rf/gntv_or_sync_fifo.gcx.clkx/wr_pntr_cdc_inst/src_gray_ff_reg[6]} {ethernet_one_gbe_skarab_tx_rx_tx_one_gbe/kat_ten_gb_eth_0/tge_tx_inst/tx_packet_fifo_inst/U0/inst_fifo_gen/gconvfifo.rf/grf.rf/gntv_or_sync_fifo.gcx.clkx/wr_pntr_cdc_inst/src_gray_ff_reg[7]} {ethernet_one_gbe_skarab_tx_rx_tx_one_gbe/kat_ten_gb_eth_0/tge_tx_inst/tx_packet_fifo_inst/U0/inst_fifo_gen/gconvfifo.rf/grf.rf/gntv_or_sync_fifo.gcx.clkx/wr_pntr_cdc_inst/src_gray_ff_reg[8]} {ethernet_one_gbe_skarab_tx_rx_tx_one_gbe/kat_ten_gb_eth_0/tge_tx_inst/tx_packet_fifo_inst/U0/inst_fifo_gen/gconvfifo.rf/grf.rf/gntv_or_sync_fifo.gcx.clkx/wr_pntr_cdc_inst/src_gray_ff_reg[9]}]] -to [get_cells [list {ethernet_one_gbe_skarab_tx_rx_tx_one_gbe/kat_ten_gb_eth_0/tge_tx_inst/tx_packet_fifo_inst/U0/inst_fifo_gen/gconvfifo.rf/grf.rf/gntv_or_sync_fifo.gcx.clkx/wr_pntr_cdc_inst/dest_graysync_ff_reg[0][0]} {ethernet_one_gbe_skarab_tx_rx_tx_one_gbe/kat_ten_gb_eth_0/tge_tx_inst/tx_packet_fifo_inst/U0/inst_fifo_gen/gconvfifo.rf/grf.rf/gntv_or_sync_fifo.gcx.clkx/wr_pntr_cdc_inst/dest_graysync_ff_reg[0][1]} {ethernet_one_gbe_skarab_tx_rx_tx_one_gbe/kat_ten_gb_eth_0/tge_tx_inst/tx_packet_fifo_inst/U0/inst_fifo_gen/gconvfifo.rf/grf.rf/gntv_or_sync_fifo.gcx.clkx/wr_pntr_cdc_inst/dest_graysync_ff_reg[0][2]} {ethernet_one_gbe_skarab_tx_rx_tx_one_gbe/kat_ten_gb_eth_0/tge_tx_inst/tx_packet_fifo_inst/U0/inst_fifo_gen/gconvfifo.rf/grf.rf/gntv_or_sync_fifo.gcx.clkx/wr_pntr_cdc_inst/dest_graysync_ff_reg[0][3]} {ethernet_one_gbe_skarab_tx_rx_tx_one_gbe/kat_ten_gb_eth_0/tge_tx_inst/tx_packet_fifo_inst/U0/inst_fifo_gen/gconvfifo.rf/grf.rf/gntv_or_sync_fifo.gcx.clkx/wr_pntr_cdc_inst/dest_graysync_ff_reg[0][4]} {ethernet_one_gbe_skarab_tx_rx_tx_one_gbe/kat_ten_gb_eth_0/tge_tx_inst/tx_packet_fifo_inst/U0/inst_fifo_gen/gconvfifo.rf/grf.rf/gntv_or_sync_fifo.gcx.clkx/wr_pntr_cdc_inst/dest_graysync_ff_reg[0][5]} {ethernet_one_gbe_skarab_tx_rx_tx_one_gbe/kat_ten_gb_eth_0/tge_tx_inst/tx_packet_fifo_inst/U0/inst_fifo_gen/gconvfifo.rf/grf.rf/gntv_or_sync_fifo.gcx.clkx/wr_pntr_cdc_inst/dest_graysync_ff_reg[0][6]} {ethernet_one_gbe_skarab_tx_rx_tx_one_gbe/kat_ten_gb_eth_0/tge_tx_inst/tx_packet_fifo_inst/U0/inst_fifo_gen/gconvfifo.rf/grf.rf/gntv_or_sync_fifo.gcx.clkx/wr_pntr_cdc_inst/dest_graysync_ff_reg[0][7]} {ethernet_one_gbe_skarab_tx_rx_tx_one_gbe/kat_ten_gb_eth_0/tge_tx_inst/tx_packet_fifo_inst/U0/inst_fifo_gen/gconvfifo.rf/grf.rf/gntv_or_sync_fifo.gcx.clkx/wr_pntr_cdc_inst/dest_graysync_ff_reg[0][8]} {ethernet_one_gbe_skarab_tx_rx_tx_one_gbe/kat_ten_gb_eth_0/tge_tx_inst/tx_packet_fifo_inst/U0/inst_fifo_gen/gconvfifo.rf/grf.rf/gntv_or_sync_fifo.gcx.clkx/wr_pntr_cdc_inst/dest_graysync_ff_reg[0][9]}]] 4.335
Requirement: 4.335ns
Endpoints: 10

From Clock            To Clock              Endpoint Pin                    Reference Pin                   Corner  Actual(ns)  Slack(ns)
--------------------  --------------------  ------------------------------  ------------------------------  ------  ----------  ---------
user_clk_mmcm         sys_clk_mmcm          ethernet_one_gbe_skarab_tx_rx_tx_one_gbe/kat_ten_gb_eth_0/tge_tx_inst/tx_packet_fifo_inst/U0/inst_fifo_gen/gconvfifo.rf/grf.rf/gntv_or_sync_fifo.gcx.clkx/wr_pntr_cdc_inst/dest_graysync_ff_reg[0][1]/D
                                                                            ethernet_one_gbe_skarab_tx_rx_tx_one_gbe/kat_ten_gb_eth_0/tge_tx_inst/tx_packet_fifo_inst/U0/inst_fifo_gen/gconvfifo.rf/grf.rf/gntv_or_sync_fifo.gcx.clkx/wr_pntr_cdc_inst/dest_graysync_ff_reg[0][8]/D
                                                                                                            Slow         1.628      2.707


Slack (MET) :             2.707ns  (requirement - actual skew)
  Endpoint Source:        ethernet_one_gbe_skarab_tx_rx_tx_one_gbe/kat_ten_gb_eth_0/tge_tx_inst/tx_packet_fifo_inst/U0/inst_fifo_gen/gconvfifo.rf/grf.rf/gntv_or_sync_fifo.gcx.clkx/wr_pntr_cdc_inst/src_gray_ff_reg[1]/C
                            (rising edge-triggered cell FDRE clocked by user_clk_mmcm)
  Endpoint Destination:   ethernet_one_gbe_skarab_tx_rx_tx_one_gbe/kat_ten_gb_eth_0/tge_tx_inst/tx_packet_fifo_inst/U0/inst_fifo_gen/gconvfifo.rf/grf.rf/gntv_or_sync_fifo.gcx.clkx/wr_pntr_cdc_inst/dest_graysync_ff_reg[0][1]/D
                            (rising edge-triggered cell FDRE clocked by sys_clk_mmcm)
  Reference Source:       ethernet_one_gbe_skarab_tx_rx_tx_one_gbe/kat_ten_gb_eth_0/tge_tx_inst/tx_packet_fifo_inst/U0/inst_fifo_gen/gconvfifo.rf/grf.rf/gntv_or_sync_fifo.gcx.clkx/wr_pntr_cdc_inst/src_gray_ff_reg[8]/C
                            (rising edge-triggered cell FDRE clocked by user_clk_mmcm)
  Reference Destination:  ethernet_one_gbe_skarab_tx_rx_tx_one_gbe/kat_ten_gb_eth_0/tge_tx_inst/tx_packet_fifo_inst/U0/inst_fifo_gen/gconvfifo.rf/grf.rf/gntv_or_sync_fifo.gcx.clkx/wr_pntr_cdc_inst/dest_graysync_ff_reg[0][8]/D
                            (rising edge-triggered cell FDRE clocked by sys_clk_mmcm)
  Path Type:              Bus Skew (Max at Slow Process Corner)
  Requirement:            4.335ns
  Endpoint Relative Delay:    1.179ns
  Reference Relative Delay:  -0.031ns
  Relative CRPR:              0.628ns
  Uncertainty:                1.046ns
  Actual Bus Skew:            1.628ns  (Endpoint Relative Delay - Reference Relative Delay - Relative CRPR + Uncertainty)

Endpoint path:
    Location             Delay type                Incr(ns)  Path(ns)    Netlist Resource(s)
  -------------------------------------------------------------------    -------------------
                         (clock user_clk_mmcm rise edge)
                                                      0.000     0.000 r  
    AU15                                              0.000     0.000 r  FPGA_REFCLK_BUF0_P (IN)
                         net (fo=0)                   0.000     0.000    skarab_infr/FPGA_REFCLK_BUF0_P
    AU15                 IBUFDS (Prop_ibufds_I_O)     0.958     0.958 r  skarab_infr/refclk_0_ibufgds/O
                         net (fo=2, routed)           1.121     2.079    skarab_infr/refclk_0
    MMCME2_ADV_X1Y5      MMCME2_ADV (Prop_mmcme2_adv_CLKIN1_CLKOUT0)
                                                      0.077     2.156 r  skarab_infr/USER_CLK_MMCM_inst/CLKOUT0
                         net (fo=1, routed)           1.463     3.619    skarab_infr/user_clk_mmcm
    BUFGCTRL_X0Y19       BUFG (Prop_bufg_I_O)         0.093     3.712 r  skarab_infr/user_clk_BUFG_inst/O
                         net (fo=2907, routed)        1.521     5.233    ethernet_one_gbe_skarab_tx_rx_tx_one_gbe/kat_ten_gb_eth_0/tge_tx_inst/tx_packet_fifo_inst/U0/inst_fifo_gen/gconvfifo.rf/grf.rf/gntv_or_sync_fifo.gcx.clkx/wr_pntr_cdc_inst/src_clk
    SLICE_X162Y176       FDRE                                         r  ethernet_one_gbe_skarab_tx_rx_tx_one_gbe/kat_ten_gb_eth_0/tge_tx_inst/tx_packet_fifo_inst/U0/inst_fifo_gen/gconvfifo.rf/grf.rf/gntv_or_sync_fifo.gcx.clkx/wr_pntr_cdc_inst/src_gray_ff_reg[1]/C
  -------------------------------------------------------------------    -------------------
    SLICE_X162Y176       FDRE (Prop_fdre_C_Q)         0.236     5.469 r  ethernet_one_gbe_skarab_tx_rx_tx_one_gbe/kat_ten_gb_eth_0/tge_tx_inst/tx_packet_fifo_inst/U0/inst_fifo_gen/gconvfifo.rf/grf.rf/gntv_or_sync_fifo.gcx.clkx/wr_pntr_cdc_inst/src_gray_ff_reg[1]/Q
                         net (fo=1, routed)           0.455     5.924    ethernet_one_gbe_skarab_tx_rx_tx_one_gbe/kat_ten_gb_eth_0/tge_tx_inst/tx_packet_fifo_inst/U0/inst_fifo_gen/gconvfifo.rf/grf.rf/gntv_or_sync_fifo.gcx.clkx/wr_pntr_cdc_inst/async_path[1]
    SLICE_X163Y176       FDRE                                         r  ethernet_one_gbe_skarab_tx_rx_tx_one_gbe/kat_ten_gb_eth_0/tge_tx_inst/tx_packet_fifo_inst/U0/inst_fifo_gen/gconvfifo.rf/grf.rf/gntv_or_sync_fifo.gcx.clkx/wr_pntr_cdc_inst/dest_graysync_ff_reg[0][1]/D
  -------------------------------------------------------------------    -------------------

                         (clock sys_clk_mmcm rise edge)
                                                      0.000     0.000 r  
    AU15                                              0.000     0.000 r  FPGA_REFCLK_BUF0_P (IN)
                         net (fo=0)                   0.000     0.000    skarab_infr/FPGA_REFCLK_BUF0_P
    AU15                 IBUFDS (Prop_ibufds_I_O)     0.855     0.855 r  skarab_infr/refclk_0_ibufgds/O
                         net (fo=2, routed)           0.986     1.841    skarab_infr/refclk_0
    MMCME2_ADV_X1Y4      MMCME2_ADV (Prop_mmcme2_adv_CLKIN1_CLKOUT0)
                                                      0.073     1.914 r  skarab_infr/SYS_CLK_MMCM_inst/CLKOUT0
                         net (fo=1, routed)           1.350     3.264    skarab_infr/sys_clk_mmcm
    BUFGCTRL_X0Y0        BUFG (Prop_bufg_I_O)         0.083     3.347 r  skarab_infr/sys_clk_BUFG_inst/O
                         net (fo=2840, routed)        1.384     4.731    ethernet_one_gbe_skarab_tx_rx_tx_one_gbe/kat_ten_gb_eth_0/tge_tx_inst/tx_packet_fifo_inst/U0/inst_fifo_gen/gconvfifo.rf/grf.rf/gntv_or_sync_fifo.gcx.clkx/wr_pntr_cdc_inst/dest_clk
    SLICE_X163Y176       FDRE                                         r  ethernet_one_gbe_skarab_tx_rx_tx_one_gbe/kat_ten_gb_eth_0/tge_tx_inst/tx_packet_fifo_inst/U0/inst_fifo_gen/gconvfifo.rf/grf.rf/gntv_or_sync_fifo.gcx.clkx/wr_pntr_cdc_inst/dest_graysync_ff_reg[0][1]/C
                         clock pessimism              0.103     4.834    
    SLICE_X163Y176       FDRE (Setup_fdre_C_D)       -0.089     4.745    ethernet_one_gbe_skarab_tx_rx_tx_one_gbe/kat_ten_gb_eth_0/tge_tx_inst/tx_packet_fifo_inst/U0/inst_fifo_gen/gconvfifo.rf/grf.rf/gntv_or_sync_fifo.gcx.clkx/wr_pntr_cdc_inst/dest_graysync_ff_reg[0][1]
  -------------------------------------------------------------------
                         data arrival                           5.924    
                         clock arrival                          4.745    
  -------------------------------------------------------------------
                         relative delay                         1.179    

Reference path:
    Location             Delay type                Incr(ns)  Path(ns)    Netlist Resource(s)
  -------------------------------------------------------------------    -------------------
                         (clock user_clk_mmcm rise edge)
                                                      0.000     0.000 r  
    AU15                                              0.000     0.000 r  FPGA_REFCLK_BUF0_P (IN)
                         net (fo=0)                   0.000     0.000    skarab_infr/FPGA_REFCLK_BUF0_P
    AU15                 IBUFDS (Prop_ibufds_I_O)     0.855     0.855 r  skarab_infr/refclk_0_ibufgds/O
                         net (fo=2, routed)           1.018     1.873    skarab_infr/refclk_0
    MMCME2_ADV_X1Y5      MMCME2_ADV (Prop_mmcme2_adv_CLKIN1_CLKOUT0)
                                                      0.073     1.946 r  skarab_infr/USER_CLK_MMCM_inst/CLKOUT0
                         net (fo=1, routed)           1.350     3.296    skarab_infr/user_clk_mmcm
    BUFGCTRL_X0Y19       BUFG (Prop_bufg_I_O)         0.083     3.379 r  skarab_infr/user_clk_BUFG_inst/O
                         net (fo=2907, routed)        1.331     4.710    ethernet_one_gbe_skarab_tx_rx_tx_one_gbe/kat_ten_gb_eth_0/tge_tx_inst/tx_packet_fifo_inst/U0/inst_fifo_gen/gconvfifo.rf/grf.rf/gntv_or_sync_fifo.gcx.clkx/wr_pntr_cdc_inst/src_clk
    SLICE_X161Y176       FDRE                                         r  ethernet_one_gbe_skarab_tx_rx_tx_one_gbe/kat_ten_gb_eth_0/tge_tx_inst/tx_packet_fifo_inst/U0/inst_fifo_gen/gconvfifo.rf/grf.rf/gntv_or_sync_fifo.gcx.clkx/wr_pntr_cdc_inst/src_gray_ff_reg[8]/C
  -------------------------------------------------------------------    -------------------
    SLICE_X161Y176       FDRE (Prop_fdre_C_Q)         0.178     4.888 r  ethernet_one_gbe_skarab_tx_rx_tx_one_gbe/kat_ten_gb_eth_0/tge_tx_inst/tx_packet_fifo_inst/U0/inst_fifo_gen/gconvfifo.rf/grf.rf/gntv_or_sync_fifo.gcx.clkx/wr_pntr_cdc_inst/src_gray_ff_reg[8]/Q
                         net (fo=1, routed)           0.233     5.121    ethernet_one_gbe_skarab_tx_rx_tx_one_gbe/kat_ten_gb_eth_0/tge_tx_inst/tx_packet_fifo_inst/U0/inst_fifo_gen/gconvfifo.rf/grf.rf/gntv_or_sync_fifo.gcx.clkx/wr_pntr_cdc_inst/async_path[8]
    SLICE_X161Y178       FDRE                                         r  ethernet_one_gbe_skarab_tx_rx_tx_one_gbe/kat_ten_gb_eth_0/tge_tx_inst/tx_packet_fifo_inst/U0/inst_fifo_gen/gconvfifo.rf/grf.rf/gntv_or_sync_fifo.gcx.clkx/wr_pntr_cdc_inst/dest_graysync_ff_reg[0][8]/D
  -------------------------------------------------------------------    -------------------

                         (clock sys_clk_mmcm rise edge)
                                                      0.000     0.000 r  
    AU15                                              0.000     0.000 r  FPGA_REFCLK_BUF0_P (IN)
                         net (fo=0)                   0.000     0.000    skarab_infr/FPGA_REFCLK_BUF0_P
    AU15                 IBUFDS (Prop_ibufds_I_O)     0.958     0.958 r  skarab_infr/refclk_0_ibufgds/O
                         net (fo=2, routed)           1.081     2.039    skarab_infr/refclk_0
    MMCME2_ADV_X1Y4      MMCME2_ADV (Prop_mmcme2_adv_CLKIN1_CLKOUT0)
                                                      0.077     2.116 r  skarab_infr/SYS_CLK_MMCM_inst/CLKOUT0
                         net (fo=1, routed)           1.463     3.579    skarab_infr/sys_clk_mmcm
    BUFGCTRL_X0Y0        BUFG (Prop_bufg_I_O)         0.093     3.672 r  skarab_infr/sys_clk_BUFG_inst/O
                         net (fo=2840, routed)        1.466     5.138    ethernet_one_gbe_skarab_tx_rx_tx_one_gbe/kat_ten_gb_eth_0/tge_tx_inst/tx_packet_fifo_inst/U0/inst_fifo_gen/gconvfifo.rf/grf.rf/gntv_or_sync_fifo.gcx.clkx/wr_pntr_cdc_inst/dest_clk
    SLICE_X161Y178       FDRE                                         r  ethernet_one_gbe_skarab_tx_rx_tx_one_gbe/kat_ten_gb_eth_0/tge_tx_inst/tx_packet_fifo_inst/U0/inst_fifo_gen/gconvfifo.rf/grf.rf/gntv_or_sync_fifo.gcx.clkx/wr_pntr_cdc_inst/dest_graysync_ff_reg[0][8]/C
                         clock pessimism             -0.103     5.035    
    SLICE_X161Y178       FDRE (Hold_fdre_C_D)         0.117     5.152    ethernet_one_gbe_skarab_tx_rx_tx_one_gbe/kat_ten_gb_eth_0/tge_tx_inst/tx_packet_fifo_inst/U0/inst_fifo_gen/gconvfifo.rf/grf.rf/gntv_or_sync_fifo.gcx.clkx/wr_pntr_cdc_inst/dest_graysync_ff_reg[0][8]
  -------------------------------------------------------------------
                         data arrival                           5.121    
                         clock arrival                          5.152    
  -------------------------------------------------------------------
                         relative delay                        -0.031    



